VTX,IDX,in_POSITION0.x,in_POSITION0.y,in_POSITION0.z,in_NORMAL0.x,in_NORMAL0.y,in_NORMAL0.z,in_TEXCOORD0.x,in_TEXCOORD0.y
0,0,-2.257251739501953,1.00032639503479,0.982621431350708,1.804460883140564,-2.388509750366211,2.6531057357788086,0.163818359375,0.953125
1,1,-2.2554759979248047,0.9804949760437012,0.9645020961761475,1.804460883140564,-2.388509511947632,2.6531057357788086,0.102783203125,0.953125
2,2,-2.213383913040161,0.9494397640228271,0.9069738388061523,1.8296473026275635,-2.466136932373047,2.5633151531219482,0.102783203125,0.93408203125
3,0,-2.257251739501953,1.00032639503479,0.982621431350708,1.804460883140564,-2.388509750366211,2.6531057357788086,0.163818359375,0.953125
4,2,-2.213383913040161,0.9494397640228271,0.9069738388061523,1.8296473026275635,-2.466136932373047,2.5633151531219482,0.102783203125,0.93408203125
5,3,-2.138364315032959,1.0417978763580322,0.9400397539138794,1.8519431352615356,-2.537546396255493,2.4761250019073486,0.163818359375,0.93408203125
6,3,-2.138364315032959,1.0417978763580322,0.9400397539138794,1.8519431352615356,-2.537546396255493,2.4761250019073486,0.163818359375,0.93408203125
7,2,-2.213383913040161,0.9494397640228271,0.9069738388061523,1.8296473026275635,-2.466136932373047,2.5633151531219482,0.102783203125,0.93408203125
8,4,-2.159963369369507,0.9722902774810791,0.8822929263114929,1.7879585027694702,-2.618521213531494,2.438560962677002,0.102783203125,0.9150390625
9,3,-2.138364315032959,1.0417978763580322,0.9400397539138794,1.8519431352615356,-2.537546396255493,2.4761250019073486,0.163818359375,0.93408203125
10,4,-2.159963369369507,0.9722902774810791,0.8822929263114929,1.7879585027694702,-2.618521213531494,2.438560962677002,0.102783203125,0.9150390625
11,5,-2.0578598976135254,1.0628132820129395,0.9081671833992004,1.601881742477417,-2.689445972442627,2.4901576042175293,0.163818359375,0.9150390625
12,6,-1.9984564781188965,1.0557498931884766,0.8756164312362671,0.8037498593330383,-2.342231512069702,3.1413326263427734,0.163818359375,0.88525390625
13,5,-2.0578598976135254,1.0628132820129395,0.9081671833992004,1.601881742477417,-2.689445972442627,2.4901576042175293,0.163818359375,0.9150390625
14,4,-2.159963369369507,0.9722902774810791,0.8822929263114929,1.7879585027694702,-2.618521213531494,2.438560962677002,0.102783203125,0.9150390625
15,6,-1.9984564781188965,1.0557498931884766,0.8756164312362671,0.8037498593330383,-2.342231512069702,3.1413326263427734,0.163818359375,0.88525390625
16,4,-2.159963369369507,0.9722902774810791,0.8822929263114929,1.7879585027694702,-2.618521213531494,2.438560962677002,0.102783203125,0.9150390625
17,7,-2.0789361000061035,0.9968185424804688,0.8493635654449463,1.1205646991729736,-2.527663230895996,2.8905510902404785,0.102783203125,0.88525390625
18,8,-1.898726463317871,0.9848928451538086,0.8163794279098511,0.4616793990135193,-2.043830394744873,3.407292604446411,0.163818359375,0.85498046875
19,6,-1.9984564781188965,1.0557498931884766,0.8756164312362671,0.8037498593330383,-2.342231512069702,3.1413326263427734,0.163818359375,0.88525390625
20,7,-2.0789361000061035,0.9968185424804688,0.8493635654449463,1.1205646991729736,-2.527663230895996,2.8905510902404785,0.102783203125,0.88525390625
21,8,-1.898726463317871,0.9848928451538086,0.8163794279098511,0.4616793990135193,-2.043830394744873,3.407292604446411,0.163818359375,0.85498046875
22,7,-2.0789361000061035,0.9968185424804688,0.8493635654449463,1.1205646991729736,-2.527663230895996,2.8905510902404785,0.102783203125,0.88525390625
23,9,-2.0011208057403564,0.9662630558013916,0.819307804107666,0.46838414669036865,-2.090094804763794,3.378187894821167,0.102783203125,0.873046875
24,8,-1.898726463317871,0.9848928451538086,0.8163794279098511,0.4616793990135193,-2.043830394744873,3.407292604446411,0.163818359375,0.85498046875
25,9,-2.0011208057403564,0.9662630558013916,0.819307804107666,0.46838414669036865,-2.090094804763794,3.378187894821167,0.102783203125,0.873046875
26,10,-1.9470384120941162,0.9321644306182861,0.798031210899353,0.40045663714408875,-1.6303126811981201,3.6306679248809814,0.102783203125,0.85498046875
27,11,-1.7541265487670898,1.251354694366455,1.397437572479248,-2.000476360321045,-1.585142970085144,-3.079845428466797,0.281005859375,0.433349609375
28,12,-1.7005205154418945,1.2836742401123047,1.35933518409729,-1.7554161548614502,-1.1162307262420654,-3.4165148735046387,0.2318115234375,0.306640625
29,13,-1.7476263046264648,1.2395834922790527,1.397943139076233,-2.0222690105438232,-1.629870891571045,-3.0420358180999756,0.349853515625,0.433349609375
30,14,-1.798072338104248,1.2210490703582764,1.444205641746521,-1.5919122695922852,-1.70857572555542,-3.2475554943084717,0.2890625,0.498046875
31,11,-1.7541265487670898,1.251354694366455,1.397437572479248,-2.000476360321045,-1.585142970085144,-3.079845428466797,0.281005859375,0.433349609375
32,13,-1.7476263046264648,1.2395834922790527,1.397943139076233,-2.0222690105438232,-1.629870891571045,-3.0420358180999756,0.349853515625,0.433349609375
33,14,-1.798072338104248,1.2210490703582764,1.444205641746521,-1.5919122695922852,-1.70857572555542,-3.2475554943084717,0.2890625,0.498046875
34,13,-1.7476263046264648,1.2395834922790527,1.397943139076233,-2.0222690105438232,-1.629870891571045,-3.0420358180999756,0.349853515625,0.433349609375
35,15,-1.7817654609680176,1.193187952041626,1.450951099395752,-1.3682379722595215,-1.687337875366211,-3.3586974143981934,0.358642578125,0.498046875
36,16,-1.8379449844360352,1.1786811351776123,1.4754421710968018,-0.6641942262649536,-1.4844673871994019,-3.654482126235962,0.2880859375,0.55224609375
37,14,-1.798072338104248,1.2210490703582764,1.444205641746521,-1.5919122695922852,-1.70857572555542,-3.2475554943084717,0.2890625,0.498046875
38,15,-1.7817654609680176,1.193187952041626,1.450951099395752,-1.3682379722595215,-1.687337875366211,-3.3586974143981934,0.358642578125,0.498046875
39,16,-1.8379449844360352,1.1786811351776123,1.4754421710968018,-0.6641942262649536,-1.4844673871994019,-3.654482126235962,0.2880859375,0.55224609375
40,15,-1.7817654609680176,1.193187952041626,1.450951099395752,-1.3682379722595215,-1.687337875366211,-3.3586974143981934,0.358642578125,0.498046875
41,17,-1.816002368927002,1.1423258781433105,1.4872448444366455,-0.48017507791519165,-1.40603768825531,-3.7138290405273438,0.359375,0.55224609375
42,18,-1.884953498840332,1.147322177886963,1.488335371017456,0.30888956785202026,-0.8800214529037476,-3.889753818511963,0.283447265625,0.60595703125
43,16,-1.8379449844360352,1.1786811351776123,1.4754421710968018,-0.6641942262649536,-1.4844673871994019,-3.654482126235962,0.2880859375,0.55224609375
44,17,-1.816002368927002,1.1423258781433105,1.4872448444366455,-0.48017507791519165,-1.40603768825531,-3.7138290405273438,0.359375,0.55224609375
45,18,-1.884953498840332,1.147322177886963,1.488335371017456,0.30888956785202026,-0.8800214529037476,-3.889753818511963,0.283447265625,0.60595703125
46,17,-1.816002368927002,1.1423258781433105,1.4872448444366455,-0.48017507791519165,-1.40603768825531,-3.7138290405273438,0.359375,0.55224609375
47,19,-1.8575358390808105,1.106464147567749,1.5001635551452637,0.28253233432769775,-0.9023648500442505,-3.8866372108459473,0.3525390625,0.60595703125
48,20,-1.9415946006774902,1.1277871131896973,1.4831141233444214,0.9185696840286255,-0.5588607788085938,-3.852783441543579,0.2734375,0.6708984375
49,18,-1.884953498840332,1.147322177886963,1.488335371017456,0.30888956785202026,-0.8800214529037476,-3.889753818511963,0.283447265625,0.60595703125
50,19,-1.8575358390808105,1.106464147567749,1.5001635551452637,0.28253233432769775,-0.9023648500442505,-3.8866372108459473,0.3525390625,0.60595703125
51,20,-1.9415946006774902,1.1277871131896973,1.4831141233444214,0.9185696840286255,-0.5588607788085938,-3.852783441543579,0.2734375,0.6708984375
52,19,-1.8575358390808105,1.106464147567749,1.5001635551452637,0.28253233432769775,-0.9023648500442505,-3.8866372108459473,0.3525390625,0.60595703125
53,21,-1.9140806198120117,1.0802640914916992,1.493678331375122,0.830776572227478,-0.569107174873352,-3.8711705207824707,0.3427734375,0.6708984375
54,22,-1.992680549621582,1.1150333881378174,1.465151309967041,1.5273493528366089,-0.515957236289978,-3.660740852355957,0.258056640625,0.7568359375
55,20,-1.9415946006774902,1.1277871131896973,1.4831141233444214,0.9185696840286255,-0.5588607788085938,-3.852783441543579,0.2734375,0.6708984375
56,21,-1.9140806198120117,1.0802640914916992,1.493678331375122,0.830776572227478,-0.569107174873352,-3.8711705207824707,0.3427734375,0.6708984375
57,22,-1.992680549621582,1.1150333881378174,1.465151309967041,1.5273493528366089,-0.515957236289978,-3.660740852355957,0.258056640625,0.7568359375
58,21,-1.9140806198120117,1.0802640914916992,1.493678331375122,0.830776572227478,-0.569107174873352,-3.8711705207824707,0.3427734375,0.6708984375
59,23,-1.971273422241211,1.0731709003448486,1.4818207025527954,1.411207914352417,-0.5211745500564575,-3.7063329219818115,0.32421875,0.7568359375
60,24,-2.0728390216827393,1.085158109664917,1.4313554763793945,1.350236177444458,-1.0491949319839478,-3.6160874366760254,0.2509765625,0.84619140625
61,22,-1.992680549621582,1.1150333881378174,1.465151309967041,1.5273493528366089,-0.515957236289978,-3.660740852355957,0.258056640625,0.7568359375
62,23,-1.971273422241211,1.0731709003448486,1.4818207025527954,1.411207914352417,-0.5211745500564575,-3.7063329219818115,0.32421875,0.7568359375
63,24,-2.0728390216827393,1.085158109664917,1.4313554763793945,1.350236177444458,-1.0491949319839478,-3.6160874366760254,0.2509765625,0.84619140625
64,23,-1.971273422241211,1.0731709003448486,1.4818207025527954,1.411207914352417,-0.5211745500564575,-3.7063329219818115,0.32421875,0.7568359375
65,25,-2.0518858432769775,1.0543851852416992,1.4453048706054688,1.4309684038162231,-0.9366855621337891,-3.615933895111084,0.313232421875,0.84619140625
66,25,-2.0518858432769775,1.0543851852416992,1.4453048706054688,1.4309684038162231,-0.9366855621337891,-3.615933895111084,0.313232421875,0.84619140625
67,26,-2.213639736175537,0.997769832611084,1.4128752946853638,1.172107219696045,-1.2856335639953613,-3.6018526554107666,0.252685546875,0.93896484375
68,24,-2.0728390216827393,1.085158109664917,1.4313554763793945,1.350236177444458,-1.0491949319839478,-3.6160874366760254,0.2509765625,0.84619140625
69,25,-2.0518858432769775,1.0543851852416992,1.4453048706054688,1.4309684038162231,-0.9366855621337891,-3.615933895111084,0.313232421875,0.84619140625
70,27,-2.1907434463500977,0.9735562801361084,1.4328218698501587,1.172107458114624,-1.2856333255767822,-3.6018521785736084,0.312744140625,0.93896484375
71,26,-2.213639736175537,0.997769832611084,1.4128752946853638,1.172107219696045,-1.2856335639953613,-3.6018526554107666,0.252685546875,0.93896484375
72,28,-2.081134080886841,1.0758471488952637,1.4409384727478027,1.6271049976348877,-1.523976445198059,-3.3211522102355957,0.28564453125,0.84619140625
73,29,-2.2250096797943115,0.9968509674072266,1.4229456186294556,1.5702916383743286,-1.880457878112793,-3.161975383758545,0.287109375,0.93896484375
74,30,-2.246047019958496,1.0145347118377686,1.3955024480819702,1.5702916383743286,-1.8804582357406616,-3.161975145339966,0.25390625,0.93896484375
75,28,-2.081134080886841,1.0758471488952637,1.4409384727478027,1.6271049976348877,-1.523976445198059,-3.3211522102355957,0.28564453125,0.84619140625
76,30,-2.246047019958496,1.0145347118377686,1.3955024480819702,1.5702916383743286,-1.8804582357406616,-3.161975145339966,0.25390625,0.93896484375
77,31,-2.103372097015381,1.103227138519287,1.420089602470398,1.6089609861373901,-1.6508409976959229,-3.2689437866210938,0.250244140625,0.84619140625
78,31,-2.103372097015381,1.103227138519287,1.420089602470398,1.6089609861373901,-1.6508409976959229,-3.2689437866210938,0.250244140625,0.84619140625
79,32,-1.9924607276916504,1.1130354404449463,1.4705034494400024,1.559840202331543,-1.2081812620162964,-3.479543685913086,0.292724609375,0.7568359375
80,28,-2.081134080886841,1.0758471488952637,1.4409384727478027,1.6271049976348877,-1.523976445198059,-3.3211522102355957,0.28564453125,0.84619140625
81,31,-2.103372097015381,1.103227138519287,1.420089602470398,1.6089609861373901,-1.6508409976959229,-3.2689437866210938,0.250244140625,0.84619140625
82,33,-2.017322540283203,1.1460256576538086,1.448897361755371,1.6049654483795166,-1.1753157377243042,-3.470266103744507,0.25341796875,0.7568359375
83,32,-1.9924607276916504,1.1130354404449463,1.4705034494400024,1.559840202331543,-1.2081812620162964,-3.479543685913086,0.292724609375,0.7568359375
84,33,-2.017322540283203,1.1460256576538086,1.448897361755371,1.6049654483795166,-1.1753157377243042,-3.470266103744507,0.25341796875,0.7568359375
85,34,-1.9374916553497314,1.1334812641143799,1.4866626262664795,1.1708086729049683,-1.488548994064331,-3.5232741832733154,0.30810546875,0.6708984375
86,32,-1.9924607276916504,1.1130354404449463,1.4705034494400024,1.559840202331543,-1.2081812620162964,-3.479543685913086,0.292724609375,0.7568359375
87,33,-2.017322540283203,1.1460256576538086,1.448897361755371,1.6049654483795166,-1.1753157377243042,-3.470266103744507,0.25341796875,0.7568359375
88,35,-1.96258544921875,1.1682391166687012,1.4626532793045044,1.258007526397705,-1.4272884130477905,-3.518564462661743,0.265869140625,0.6708984375
89,34,-1.9374916553497314,1.1334812641143799,1.4866626262664795,1.1708086729049683,-1.488548994064331,-3.5232741832733154,0.30810546875,0.6708984375
90,35,-1.96258544921875,1.1682391166687012,1.4626532793045044,1.258007526397705,-1.4272884130477905,-3.518564462661743,0.265869140625,0.6708984375
91,36,-1.8849549293518066,1.1552913188934326,1.4901232719421387,0.34550946950912476,-1.889586091041565,-3.508578062057495,0.318115234375,0.60595703125
92,34,-1.9374916553497314,1.1334812641143799,1.4866626262664795,1.1708086729049683,-1.488548994064331,-3.5232741832733154,0.30810546875,0.6708984375
93,35,-1.96258544921875,1.1682391166687012,1.4626532793045044,1.258007526397705,-1.4272884130477905,-3.518564462661743,0.265869140625,0.6708984375
94,37,-1.910191297531128,1.191303014755249,1.467677116394043,0.4445415139198303,-1.8510997295379639,-3.517932176589966,0.276123046875,0.60595703125
95,36,-1.8849549293518066,1.1552913188934326,1.4901232719421387,0.34550946950912476,-1.889586091041565,-3.508578062057495,0.318115234375,0.60595703125
96,37,-1.910191297531128,1.191303014755249,1.467677116394043,0.4445415139198303,-1.8510997295379639,-3.517932176589966,0.276123046875,0.60595703125
97,38,-1.840345859527588,1.175508737564087,1.4719793796539307,-0.7492908239364624,-2.196988821029663,-3.2575814723968506,0.32275390625,0.55224609375
98,36,-1.8849549293518066,1.1552913188934326,1.4901232719421387,0.34550946950912476,-1.889586091041565,-3.508578062057495,0.318115234375,0.60595703125
99,37,-1.910191297531128,1.191303014755249,1.467677116394043,0.4445415139198303,-1.8510997295379639,-3.517932176589966,0.276123046875,0.60595703125
100,39,-1.8638806343078613,1.2110381126403809,1.4540976285934448,-0.778409481048584,-2.2020084857940674,-3.2473480701446533,0.2783203125,0.55224609375
101,38,-1.840345859527588,1.175508737564087,1.4719793796539307,-0.7492908239364624,-2.196988821029663,-3.2575814723968506,0.32275390625,0.55224609375
102,39,-1.8638806343078613,1.2110381126403809,1.4540976285934448,-0.778409481048584,-2.2020084857940674,-3.2473480701446533,0.2783203125,0.55224609375
103,40,-1.805215835571289,1.1957132816314697,1.4388000965118408,-1.7579855918884277,-2.1264569759368896,-2.8961524963378906,0.32373046875,0.498046875
104,38,-1.840345859527588,1.175508737564087,1.4719793796539307,-0.7492908239364624,-2.196988821029663,-3.2575814723968506,0.32275390625,0.55224609375
105,39,-1.8638806343078613,1.2110381126403809,1.4540976285934448,-0.778409481048584,-2.2020084857940674,-3.2473480701446533,0.2783203125,0.55224609375
106,41,-1.8218274116516113,1.225318431854248,1.4255415201187134,-1.81966233253479,-2.099461555480957,-2.8776936531066895,0.28076171875,0.498046875
107,40,-1.805215835571289,1.1957132816314697,1.4388000965118408,-1.7579855918884277,-2.1264569759368896,-2.8961524963378906,0.32373046875,0.498046875
108,41,-1.8218274116516113,1.225318431854248,1.4255415201187134,-1.81966233253479,-2.099461555480957,-2.8776936531066895,0.28076171875,0.498046875
109,42,-1.7560222148895264,1.2156391143798828,1.3790258169174194,-2.2943015098571777,-1.782813549041748,-2.74914288520813,0.315673828125,0.433349609375
110,40,-1.805215835571289,1.1957132816314697,1.4388000965118408,-1.7579855918884277,-2.1264569759368896,-2.8961524963378906,0.32373046875,0.498046875
111,41,-1.8218274116516113,1.225318431854248,1.4255415201187134,-1.81966233253479,-2.099461555480957,-2.8776936531066895,0.28076171875,0.498046875
112,43,-1.755953311920166,1.2351715564727783,1.3714289665222168,-2.3711459636688232,-1.6605589389801025,-2.7604787349700928,0.273681640625,0.433349609375
113,42,-1.7560222148895264,1.2156391143798828,1.3790258169174194,-2.2943015098571777,-1.782813549041748,-2.74914288520813,0.315673828125,0.433349609375
114,43,-1.755953311920166,1.2351715564727783,1.3714289665222168,-2.3711459636688232,-1.6605589389801025,-2.7604787349700928,0.273681640625,0.433349609375
115,44,-1.704881191253662,1.224377155303955,1.3259844779968262,-2.6861019134521484,-1.066167950630188,-2.7655324935913086,0.266357421875,0.306640625
116,42,-1.7560222148895264,1.2156391143798828,1.3790258169174194,-2.2943015098571777,-1.782813549041748,-2.74914288520813,0.315673828125,0.433349609375
117,45,-1.8432064056396484,1.1666326522827148,1.4598877429962158,-0.6399672627449036,-2.0035104751586914,-3.402414083480835,0.27294921875,0.498046875
118,46,-1.81489896774292,1.184751033782959,1.4355425834655762,-1.1333425045013428,-2.3270251750946045,-3.049675703048706,0.265869140625,0.433349609375
119,47,-1.8148994445800781,1.184751272201538,1.4355425834655762,-1.1333425045013428,-2.3270251750946045,-3.049675703048706,0.283203125,0.369873046875
120,45,-1.8432064056396484,1.1666326522827148,1.4598877429962158,-0.6399672627449036,-2.0035104751586914,-3.402414083480835,0.27294921875,0.498046875
121,47,-1.8148994445800781,1.184751272201538,1.4355425834655762,-1.1333425045013428,-2.3270251750946045,-3.049675703048706,0.283203125,0.369873046875
122,48,-1.835986614227295,1.1561861038208008,1.4651753902435303,-0.638085663318634,-2.0021884441375732,-3.403545618057251,0.31591796875,0.498046875
123,49,-1.9004814624786377,1.1649961471557617,1.4696855545043945,-0.10843527317047119,-1.7577977180480957,-3.5914371013641357,0.271728515625,0.52490234375
124,45,-1.8432064056396484,1.1666326522827148,1.4598877429962158,-0.6399672627449036,-2.0035104751586914,-3.402414083480835,0.27294921875,0.498046875
125,48,-1.835986614227295,1.1561861038208008,1.4651753902435303,-0.638085663318634,-2.0021884441375732,-3.403545618057251,0.31591796875,0.498046875
126,49,-1.9004814624786377,1.1649961471557617,1.4696855545043945,-0.10843527317047119,-1.7577977180480957,-3.5914371013641357,0.271728515625,0.52490234375
127,48,-1.835986614227295,1.1561861038208008,1.4651753902435303,-0.638085663318634,-2.0021884441375732,-3.403545618057251,0.31591796875,0.498046875
128,50,-1.889242172241211,1.1483242511749268,1.476579189300537,-0.3824261426925659,-1.8628430366516113,-3.519033908843994,0.3154296875,0.52490234375
129,51,-1.9550693035125732,1.190248966217041,1.4556132555007935,0.7988404631614685,-1.3146779537200928,-3.6923577785491943,0.2705078125,0.55224609375
130,49,-1.9004814624786377,1.1649961471557617,1.4696855545043945,-0.10843527317047119,-1.7577977180480957,-3.5914371013641357,0.271728515625,0.52490234375
131,50,-1.889242172241211,1.1483242511749268,1.476579189300537,-0.3824261426925659,-1.8628430366516113,-3.519033908843994,0.3154296875,0.52490234375
132,51,-1.9550693035125732,1.190248966217041,1.4556132555007935,0.7988404631614685,-1.3146779537200928,-3.6923577785491943,0.2705078125,0.55224609375
133,50,-1.889242172241211,1.1483242511749268,1.476579189300537,-0.3824261426925659,-1.8628430366516113,-3.519033908843994,0.3154296875,0.52490234375
134,52,-1.9440903663635254,1.1712992191314697,1.4657073020935059,0.31341010332107544,-1.5692508220672607,-3.665959596633911,0.31494140625,0.55224609375
135,53,-1.9896769523620605,1.1910598278045654,1.4466608762741089,1.5500115156173706,-0.7467203140258789,-3.6110806465148926,0.269287109375,0.5791015625
136,51,-1.9550693035125732,1.190248966217041,1.4556132555007935,0.7988404631614685,-1.3146779537200928,-3.6923577785491943,0.2705078125,0.55224609375
137,52,-1.9440903663635254,1.1712992191314697,1.4657073020935059,0.31341010332107544,-1.5692508220672607,-3.665959596633911,0.31494140625,0.55224609375
138,53,-1.9896769523620605,1.1910598278045654,1.4466608762741089,1.5500115156173706,-0.7467203140258789,-3.6110806465148926,0.269287109375,0.5791015625
139,52,-1.9440903663635254,1.1712992191314697,1.4657073020935059,0.31341010332107544,-1.5692508220672607,-3.665959596633911,0.31494140625,0.55224609375
140,54,-1.9809091091156006,1.1743698120117188,1.453536868095398,1.3040707111358643,-0.959309458732605,-3.657752513885498,0.3125,0.5791015625
141,55,-2.0184807777404785,1.1830060482025146,1.4327346086502075,1.8050181865692139,-0.6070101261138916,-3.5175952911376953,0.268310546875,0.60595703125
142,53,-1.9896769523620605,1.1910598278045654,1.4466608762741089,1.5500115156173706,-0.7467203140258789,-3.6110806465148926,0.269287109375,0.5791015625
143,54,-1.9809091091156006,1.1743698120117188,1.453536868095398,1.3040707111358643,-0.959309458732605,-3.657752513885498,0.3125,0.5791015625
144,55,-2.0184807777404785,1.1830060482025146,1.4327346086502075,1.8050181865692139,-0.6070101261138916,-3.5175952911376953,0.268310546875,0.60595703125
145,54,-1.9809091091156006,1.1743698120117188,1.453536868095398,1.3040707111358643,-0.959309458732605,-3.657752513885498,0.3125,0.5791015625
146,56,-2.010852336883545,1.1674919128417969,1.4387956857681274,1.81026029586792,-0.5875916481018066,-3.5181987285614014,0.310302734375,0.60595703125
147,57,-2.0526156425476074,1.1622276306152344,1.4186125993728638,1.3592004776000977,-1.0810284614562988,-3.6033289432525635,0.2568359375,0.681640625
148,55,-2.0184807777404785,1.1830060482025146,1.4327346086502075,1.8050181865692139,-0.6070101261138916,-3.5175952911376953,0.268310546875,0.60595703125
149,56,-2.010852336883545,1.1674919128417969,1.4387956857681274,1.81026029586792,-0.5875916481018066,-3.5181987285614014,0.310302734375,0.60595703125
150,57,-2.0526156425476074,1.1622276306152344,1.4186125993728638,1.3592004776000977,-1.0810284614562988,-3.6033289432525635,0.2568359375,0.681640625
151,56,-2.010852336883545,1.1674919128417969,1.4387956857681274,1.81026029586792,-0.5875916481018066,-3.5181987285614014,0.310302734375,0.60595703125
152,58,-2.0422654151916504,1.1450369358062744,1.4280229806900024,1.3517563343048096,-1.0875792503356934,-3.6041581630706787,0.297607421875,0.681640625
153,58,-2.0422654151916504,1.1450369358062744,1.4280229806900024,1.3517563343048096,-1.0875792503356934,-3.6041581630706787,0.297607421875,0.681640625
154,59,-2.143571615219116,1.0876741409301758,1.4115111827850342,1.3758522272109985,-1.4234299659729004,-3.475759983062744,0.2425537109375,0.84619140625
155,57,-2.0526156425476074,1.1622276306152344,1.4186125993728638,1.3592004776000977,-1.0810284614562988,-3.6033289432525635,0.2568359375,0.681640625
156,58,-2.0422654151916504,1.1450369358062744,1.4280229806900024,1.3517563343048096,-1.0875792503356934,-3.6041581630706787,0.297607421875,0.681640625
157,60,-2.1201744079589844,1.0634019374847412,1.4272676706314087,1.356783390045166,-1.3839714527130127,-3.499112606048584,0.27783203125,0.84619140625
158,59,-2.143571615219116,1.0876741409301758,1.4115111827850342,1.3758522272109985,-1.4234299659729004,-3.475759983062744,0.2425537109375,0.84619140625
159,60,-2.1201744079589844,1.0634019374847412,1.4272676706314087,1.356783390045166,-1.3839714527130127,-3.499112606048584,0.27783203125,0.84619140625
160,61,-2.2407419681549072,1.025635004043579,1.3929924964904785,1.4562814235687256,-1.5924136638641357,-3.3680102825164795,0.24609375,0.93896484375
161,59,-2.143571615219116,1.0876741409301758,1.4115111827850342,1.3758522272109985,-1.4234299659729004,-3.475759983062744,0.2425537109375,0.84619140625
162,60,-2.1201744079589844,1.0634019374847412,1.4272676706314087,1.356783390045166,-1.3839714527130127,-3.499112606048584,0.27783203125,0.84619140625
163,62,-2.217747688293457,1.0091352462768555,1.416572093963623,1.4562814235687256,-1.5924134254455566,-3.3680102825164795,0.279296875,0.93896484375
164,61,-2.2407419681549072,1.025635004043579,1.3929924964904785,1.4562814235687256,-1.5924136638641357,-3.3680102825164795,0.24609375,0.93896484375
165,63,-1.8706889152526855,1.274099588394165,0.84288090467453,0.17496290802955627,-0.7429643869400024,3.9265029430389404,0.28076171875,0.487060546875
166,64,-1.8364989757537842,1.323263168334961,0.8137060403823853,2.1170899868011475,0.5179760456085205,3.354050397872925,0.280517578125,0.42236328125
167,65,-1.836498498916626,1.323263168334961,0.8137061595916748,2.1170899868011475,0.5179761052131653,3.354050397872925,0.28466796875,0.317138671875
168,63,-1.8706889152526855,1.274099588394165,0.84288090467453,0.17496290802955627,-0.7429643869400024,3.9265029430389404,0.28076171875,0.487060546875
169,65,-1.836498498916626,1.323263168334961,0.8137061595916748,2.1170899868011475,0.5179761052131653,3.354050397872925,0.28466796875,0.317138671875
170,66,-1.8758811950683594,1.2825701236724854,0.8448494672775269,0.19898727536201477,-0.7292003631591797,3.927938938140869,0.32080078125,0.4775390625
171,67,-1.9680423736572266,1.2289083003997803,0.8288242816925049,-0.721767008304596,-1.3430461883544922,3.698014974594116,0.279296875,0.53857421875
172,63,-1.8706889152526855,1.274099588394165,0.84288090467453,0.17496290802955627,-0.7429643869400024,3.9265029430389404,0.28076171875,0.487060546875
173,66,-1.8758811950683594,1.2825701236724854,0.8448494672775269,0.19898727536201477,-0.7292003631591797,3.927938938140869,0.32080078125,0.4775390625
174,67,-1.9680423736572266,1.2289083003997803,0.8288242816925049,-0.721767008304596,-1.3430461883544922,3.698014974594116,0.279296875,0.53857421875
175,66,-1.8758811950683594,1.2825701236724854,0.8448494672775269,0.19898727536201477,-0.7292003631591797,3.927938938140869,0.32080078125,0.4775390625
176,68,-1.97727632522583,1.2496247291564941,0.8332363367080688,-0.8014355897903442,-1.3987762928009033,3.660759925842285,0.322998046875,0.53857421875
177,69,-2.0562286376953125,1.2177636623382568,0.7915646433830261,-0.11974897980690002,-1.6303904056549072,3.6506879329681396,0.278076171875,0.56591796875
178,67,-1.9680423736572266,1.2289083003997803,0.8288242816925049,-0.721767008304596,-1.3430461883544922,3.698014974594116,0.279296875,0.53857421875
179,68,-1.97727632522583,1.2496247291564941,0.8332363367080688,-0.8014355897903442,-1.3987762928009033,3.660759925842285,0.322998046875,0.53857421875
180,69,-2.0562286376953125,1.2177636623382568,0.7915646433830261,-0.11974897980690002,-1.6303904056549072,3.6506879329681396,0.278076171875,0.56591796875
181,68,-1.97727632522583,1.2496247291564941,0.8332363367080688,-0.8014355897903442,-1.3987762928009033,3.660759925842285,0.322998046875,0.53857421875
182,70,-2.0618696212768555,1.2459547519683838,0.805402398109436,-0.18356800079345703,-1.6344592571258545,3.646214723587036,0.322509765625,0.56591796875
183,71,-2.1310043334960938,1.1926040649414062,0.7969023585319519,2.1149911880493164,-1.1016803979873657,3.2114083766937256,0.27685546875,0.5927734375
184,69,-2.0562286376953125,1.2177636623382568,0.7915646433830261,-0.11974897980690002,-1.6303904056549072,3.6506879329681396,0.278076171875,0.56591796875
185,70,-2.0618696212768555,1.2459547519683838,0.805402398109436,-0.18356800079345703,-1.6344592571258545,3.646214723587036,0.322509765625,0.56591796875
186,71,-2.1310043334960938,1.1926040649414062,0.7969023585319519,2.1149911880493164,-1.1016803979873657,3.2114083766937256,0.27685546875,0.5927734375
187,70,-2.0618696212768555,1.2459547519683838,0.805402398109436,-0.18356800079345703,-1.6344592571258545,3.646214723587036,0.322509765625,0.56591796875
188,72,-2.1354362964630127,1.227464199066162,0.8118635416030884,1.7861319780349731,-1.2293965816497803,3.3613011837005615,0.3203125,0.5927734375
189,73,-2.1847314834594727,1.138227939605713,0.8420787453651428,3.3700804710388184,-0.37624144554138184,2.1215600967407227,0.27587890625,0.61962890625
190,71,-2.1310043334960938,1.1926040649414062,0.7969023585319519,2.1149911880493164,-1.1016803979873657,3.2114083766937256,0.27685546875,0.5927734375
191,72,-2.1354362964630127,1.227464199066162,0.8118635416030884,1.7861319780349731,-1.2293965816497803,3.3613011837005615,0.3203125,0.5927734375
192,73,-2.1847314834594727,1.138227939605713,0.8420787453651428,3.3700804710388184,-0.37624144554138184,2.1215600967407227,0.27587890625,0.61962890625
193,72,-2.1354362964630127,1.227464199066162,0.8118635416030884,1.7861319780349731,-1.2293965816497803,3.3613011837005615,0.3203125,0.5927734375
194,74,-2.1874117851257324,1.1692886352539062,0.8523936867713928,3.208254337310791,-0.5033936500549316,2.335319995880127,0.31787109375,0.61962890625
195,75,-2.211754083633423,1.0954720973968506,0.9016809463500977,3.536604642868042,-0.020006179809570312,1.8687013387680054,0.2646484375,0.6953125
196,73,-2.1847314834594727,1.138227939605713,0.8420787453651428,3.3700804710388184,-0.37624144554138184,2.1215600967407227,0.27587890625,0.61962890625
197,74,-2.1874117851257324,1.1692886352539062,0.8523936867713928,3.208254337310791,-0.5033936500549316,2.335319995880127,0.31787109375,0.61962890625
198,75,-2.211754083633423,1.0954720973968506,0.9016809463500977,3.536604642868042,-0.020006179809570312,1.8687013387680054,0.2646484375,0.6953125
199,74,-2.1874117851257324,1.1692886352539062,0.8523936867713928,3.208254337310791,-0.5033936500549316,2.335319995880127,0.31787109375,0.61962890625
200,76,-2.2154905796051025,1.1265771389007568,0.9096435308456421,3.5749881267547607,-0.04888772964477539,1.7936233282089233,0.30517578125,0.6953125
201,76,-2.2154905796051025,1.1265771389007568,0.9096435308456421,3.5749881267547607,-0.04888772964477539,1.7936233282089233,0.30517578125,0.6953125
202,77,-2.2462282180786133,1.0391950607299805,0.9644198417663574,3.089200258255005,0.07929551601409912,2.5397987365722656,0.25830078125,0.85986328125
203,75,-2.211754083633423,1.0954720973968506,0.9016809463500977,3.536604642868042,-0.020006179809570312,1.8687013387680054,0.2646484375,0.6953125
204,76,-2.2154905796051025,1.1265771389007568,0.9096435308456421,3.5749881267547607,-0.04888772964477539,1.7936233282089233,0.30517578125,0.6953125
205,78,-2.2511539459228516,1.0747649669647217,0.9706157445907593,3.2616515159606934,0.05767637491226196,2.314804792404175,0.293701171875,0.85986328125
206,77,-2.2462282180786133,1.0391950607299805,0.9644198417663574,3.089200258255005,0.07929551601409912,2.5397987365722656,0.25830078125,0.85986328125
207,78,-2.2511539459228516,1.0747649669647217,0.9706157445907593,3.2616515159606934,0.05767637491226196,2.314804792404175,0.293701171875,0.85986328125
208,79,-2.288590908050537,0.9854395389556885,1.0122339725494385,2.858078718185425,0.10508561134338379,2.7964909076690674,0.262939453125,0.95263671875
209,77,-2.2462282180786133,1.0391950607299805,0.9644198417663574,3.089200258255005,0.07929551601409912,2.5397987365722656,0.25830078125,0.85986328125
210,78,-2.2511539459228516,1.0747649669647217,0.9706157445907593,3.2616515159606934,0.05767637491226196,2.314804792404175,0.293701171875,0.85986328125
211,80,-2.29833984375,1.0257105827331543,1.0181858539581299,2.858079433441162,0.10508543252944946,2.7964913845062256,0.296142578125,0.95263671875
212,79,-2.288590908050537,0.9854395389556885,1.0122339725494385,2.858078718185425,0.10508561134338379,2.7964909076690674,0.262939453125,0.95263671875
213,81,-2.0441970825195312,1.192664384841919,0.7634384632110596,-0.19829708337783813,-2.5112972259521484,3.1071057319641113,0.282958984375,0.43896484375
214,82,-1.9855995178222656,1.1751132011413574,0.7555519342422485,-0.3407846689224243,-2.5236878395080566,3.0846238136291504,0.283203125,0.41357421875
215,83,-1.9855995178222656,1.1751132011413574,0.755551815032959,-0.34078437089920044,-2.5236876010894775,3.0846238136291504,0.2646484375,0.267333984375
216,81,-2.0441970825195312,1.192664384841919,0.7634384632110596,-0.19829708337783813,-2.5112972259521484,3.1071057319641113,0.282958984375,0.43896484375
217,83,-1.9855995178222656,1.1751132011413574,0.755551815032959,-0.34078437089920044,-2.5236876010894775,3.0846238136291504,0.2646484375,0.267333984375
218,84,-2.0438246726989746,1.1985938549041748,0.768330454826355,-0.18616783618927002,-2.5100913047790527,3.1088290214538574,0.33154296875,0.40625
219,85,-2.0814311504364014,1.1861960887908936,0.75670325756073,1.0886534452438354,-2.338899612426758,3.05686354637146,0.284912109375,0.53857421875
220,81,-2.0441970825195312,1.192664384841919,0.7634384632110596,-0.19829708337783813,-2.5112972259521484,3.1071057319641113,0.282958984375,0.43896484375
221,84,-2.0438246726989746,1.1985938549041748,0.768330454826355,-0.18616783618927002,-2.5100913047790527,3.1088290214538574,0.33154296875,0.40625
222,85,-2.0814311504364014,1.1861960887908936,0.75670325756073,1.0886534452438354,-2.338899612426758,3.05686354637146,0.284912109375,0.53857421875
223,84,-2.0438246726989746,1.1985938549041748,0.768330454826355,-0.18616783618927002,-2.5100913047790527,3.1088290214538574,0.33154296875,0.40625
224,86,-2.079111337661743,1.2030155658721924,0.7702215909957886,0.7938246130943298,-2.4012703895568848,3.0989959239959717,0.336181640625,0.50634765625
225,87,-2.116975784301758,1.1555068492889404,0.7520226836204529,2.287846088409424,-1.454402208328247,2.941174030303955,0.28369140625,0.56591796875
226,85,-2.0814311504364014,1.1861960887908936,0.75670325756073,1.0886534452438354,-2.338899612426758,3.05686354637146,0.284912109375,0.53857421875
227,86,-2.079111337661743,1.2030155658721924,0.7702215909957886,0.7938246130943298,-2.4012703895568848,3.0989959239959717,0.336181640625,0.50634765625
228,87,-2.116975784301758,1.1555068492889404,0.7520226836204529,2.287846088409424,-1.454402208328247,2.941174030303955,0.28369140625,0.56591796875
229,86,-2.079111337661743,1.2030155658721924,0.7702215909957886,0.7938246130943298,-2.4012703895568848,3.0989959239959717,0.336181640625,0.50634765625
230,88,-2.1171443462371826,1.1838440895080566,0.7715698480606079,1.995255708694458,-1.75431227684021,2.99021315574646,0.328125,0.56591796875
231,89,-2.1486082077026367,1.118396282196045,0.7722705006599426,2.803388833999634,-0.2489461898803711,2.8423688411712646,0.282470703125,0.5927734375
232,87,-2.116975784301758,1.1555068492889404,0.7520226836204529,2.287846088409424,-1.454402208328247,2.941174030303955,0.28369140625,0.56591796875
233,88,-2.1171443462371826,1.1838440895080566,0.7715698480606079,1.995255708694458,-1.75431227684021,2.99021315574646,0.328125,0.56591796875
234,89,-2.1486082077026367,1.118396282196045,0.7722705006599426,2.803388833999634,-0.2489461898803711,2.8423688411712646,0.282470703125,0.5927734375
235,88,-2.1171443462371826,1.1838440895080566,0.7715698480606079,1.995255708694458,-1.75431227684021,2.99021315574646,0.328125,0.56591796875
236,90,-2.155712127685547,1.1525723934173584,0.784815788269043,2.7404351234436035,-0.5143198370933533,2.868015766143799,0.32568359375,0.5927734375
237,91,-2.1784744262695312,1.085780382156372,0.8151131868362427,3.0773189067840576,1.0040305852890015,2.3499042987823486,0.281494140625,0.61962890625
238,89,-2.1486082077026367,1.118396282196045,0.7722705006599426,2.803388833999634,-0.2489461898803711,2.8423688411712646,0.282470703125,0.5927734375
239,90,-2.155712127685547,1.1525723934173584,0.784815788269043,2.7404351234436035,-0.5143198370933533,2.868015766143799,0.32568359375,0.5927734375
240,91,-2.1784744262695312,1.085780382156372,0.8151131868362427,3.0773189067840576,1.0040305852890015,2.3499042987823486,0.281494140625,0.61962890625
241,90,-2.155712127685547,1.1525723934173584,0.784815788269043,2.7404351234436035,-0.5143198370933533,2.868015766143799,0.32568359375,0.5927734375
242,92,-2.1904561519622803,1.1216189861297607,0.8158165812492371,3.034583330154419,0.7832878232002258,2.485515832901001,0.323486328125,0.61962890625
243,93,-2.2006845474243164,1.0564801692962646,0.8745213150978088,2.8891756534576416,1.5762771368026733,2.273331880569458,0.255615234375,0.73095703125
244,91,-2.1784744262695312,1.085780382156372,0.8151131868362427,3.0773189067840576,1.0040305852890015,2.3499042987823486,0.281494140625,0.61962890625
245,92,-2.1904561519622803,1.1216189861297607,0.8158165812492371,3.034583330154419,0.7832878232002258,2.485515832901001,0.323486328125,0.61962890625
246,93,-2.2006845474243164,1.0564801692962646,0.8745213150978088,2.8891756534576416,1.5762771368026733,2.273331880569458,0.255615234375,0.73095703125
247,92,-2.1904561519622803,1.1216189861297607,0.8158165812492371,3.034583330154419,0.7832878232002258,2.485515832901001,0.323486328125,0.61962890625
248,94,-2.2180683612823486,1.0909390449523926,0.8710004091262817,2.9536936283111572,1.5265742540359497,2.2238001823425293,0.29638671875,0.73095703125
249,94,-2.2180683612823486,1.0909390449523926,0.8710004091262817,2.9536936283111572,1.5265742540359497,2.2238001823425293,0.29638671875,0.73095703125
250,95,-2.2348835468292236,1.026926040649414,0.9356300830841064,2.638751268386841,1.7058156728744507,2.475320339202881,0.25341796875,0.84326171875
251,93,-2.2006845474243164,1.0564801692962646,0.8745213150978088,2.8891756534576416,1.5762771368026733,2.273331880569458,0.255615234375,0.73095703125
252,94,-2.2180683612823486,1.0909390449523926,0.8710004091262817,2.9536936283111572,1.5265742540359497,2.2238001823425293,0.29638671875,0.73095703125
253,96,-2.252448558807373,1.0617012977600098,0.9302073121070862,2.6618142127990723,1.7016605138778687,2.45339035987854,0.288818359375,0.84326171875
254,95,-2.2348835468292236,1.026926040649414,0.9356300830841064,2.638751268386841,1.7058156728744507,2.475320339202881,0.25341796875,0.84326171875
255,96,-2.252448558807373,1.0617012977600098,0.9302073121070862,2.6618142127990723,1.7016605138778687,2.45339035987854,0.288818359375,0.84326171875
256,97,-2.283249855041504,0.9914712905883789,1.0092799663543701,2.58074688911438,1.71565842628479,2.5290884971618652,0.252685546875,0.9482421875
257,95,-2.2348835468292236,1.026926040649414,0.9356300830841064,2.638751268386841,1.7058156728744507,2.475320339202881,0.25341796875,0.84326171875
258,96,-2.252448558807373,1.0617012977600098,0.9302073121070862,2.6618142127990723,1.7016605138778687,2.45339035987854,0.288818359375,0.84326171875
259,98,-2.2992749214172363,1.0251097679138184,1.002568244934082,2.580747127532959,1.71565842628479,2.5290884971618652,0.285888671875,0.9482421875
260,97,-2.283249855041504,0.9914712905883789,1.0092799663543701,2.58074688911438,1.71565842628479,2.5290884971618652,0.252685546875,0.9482421875
261,99,-0.7848658561706543,0.8915421962738037,1.3592967987060547,-1.7507731914520264,3.3679263591766357,-1.261702299118042,0.52197265625,0.8818359375
262,100,-0.6583049297332764,0.9986262321472168,1.3195799589157104,-2.6467504501342773,2.5319085121154785,-1.607536792755127,0.34619140625,0.8427734375
263,101,-0.7763195037841797,0.8773195743560791,1.3228254318237305,-1.7085856199264526,3.396024465560913,-1.2440986633300781,0.529296875,0.8369140625
264,102,-0.9084563255310059,0.8358826637268066,1.35019850730896,-1.2102549076080322,3.667332649230957,-1.0421082973480225,0.6240234375,0.890625
265,99,-0.7848658561706543,0.8915421962738037,1.3592967987060547,-1.7507731914520264,3.3679263591766357,-1.261702299118042,0.52197265625,0.8818359375
266,101,-0.7763195037841797,0.8773195743560791,1.3228254318237305,-1.7085856199264526,3.396024465560913,-1.2440986633300781,0.529296875,0.8369140625
267,102,-0.9084563255310059,0.8358826637268066,1.35019850730896,-1.2102549076080322,3.667332649230957,-1.0421082973480225,0.6240234375,0.890625
268,101,-0.7763195037841797,0.8773195743560791,1.3228254318237305,-1.7085856199264526,3.396024465560913,-1.2440986633300781,0.529296875,0.8369140625
269,103,-0.8840341567993164,0.8275554180145264,1.2715213298797607,-1.1780743598937988,3.681028366088867,-1.0306315422058105,0.63330078125,0.845703125
270,104,-0.9531469345092773,0.8239636421203613,1.3265010118484497,-0.6715675592422485,3.7801432609558105,-1.1222946643829346,0.64111328125,0.890625
271,102,-0.9084563255310059,0.8358826637268066,1.35019850730896,-1.2102549076080322,3.667332649230957,-1.0421082973480225,0.6240234375,0.890625
272,103,-0.8840341567993164,0.8275554180145264,1.2715213298797607,-1.1780743598937988,3.681028366088867,-1.0306315422058105,0.63330078125,0.845703125
273,104,-0.9531469345092773,0.8239636421203613,1.3265010118484497,-0.6715675592422485,3.7801432609558105,-1.1222946643829346,0.64111328125,0.890625
274,103,-0.8840341567993164,0.8275554180145264,1.2715213298797607,-1.1780743598937988,3.681028366088867,-1.0306315422058105,0.63330078125,0.845703125
275,105,-0.9294033050537109,0.8028275966644287,1.239767074584961,-0.5439472198486328,3.7771413326263428,-1.1988999843597412,0.646484375,0.845703125
276,106,-0.9995126724243164,0.8185243606567383,1.2998900413513184,-0.18361079692840576,3.670837879180908,-1.5783755779266357,0.65869140625,0.890625
277,104,-0.9531469345092773,0.8239636421203613,1.3265010118484497,-0.6715675592422485,3.7801432609558105,-1.1222946643829346,0.64111328125,0.890625
278,105,-0.9294033050537109,0.8028275966644287,1.239767074584961,-0.5439472198486328,3.7771413326263428,-1.1988999843597412,0.646484375,0.845703125
279,106,-0.9995126724243164,0.8185243606567383,1.2998900413513184,-0.18361079692840576,3.670837879180908,-1.5783755779266357,0.65869140625,0.890625
280,105,-0.9294033050537109,0.8028275966644287,1.239767074584961,-0.5439472198486328,3.7771413326263428,-1.1988999843597412,0.646484375,0.845703125
281,107,-0.9800028800964355,0.7815489768981934,1.2133948802947998,-0.1561044454574585,3.648695707321167,-1.631773829460144,0.6591796875,0.845703125
282,108,-1.0579581260681152,0.8169474601745605,1.2859691381454468,-0.07083499431610107,3.4786763191223145,-1.9732787609100342,0.67626953125,0.890625
283,106,-0.9995126724243164,0.8185243606567383,1.2998900413513184,-0.18361079692840576,3.670837879180908,-1.5783755779266357,0.65869140625,0.890625
284,107,-0.9800028800964355,0.7815489768981934,1.2133948802947998,-0.1561044454574585,3.648695707321167,-1.631773829460144,0.6591796875,0.845703125
285,108,-1.0579581260681152,0.8169474601745605,1.2859691381454468,-0.07083499431610107,3.4786763191223145,-1.9732787609100342,0.67626953125,0.890625
286,107,-0.9800028800964355,0.7815489768981934,1.2133948802947998,-0.1561044454574585,3.648695707321167,-1.631773829460144,0.6591796875,0.845703125
287,109,-1.049835205078125,0.7684316635131836,1.2028210163116455,-0.07073366641998291,3.4799485206604004,-1.9710381031036377,0.67236328125,0.845703125
288,110,-1.1182103157043457,0.8206288814544678,1.288185477256775,-0.11763834953308105,3.3405823707580566,-2.196976900100708,0.69384765625,0.890625
289,108,-1.0579581260681152,0.8169474601745605,1.2859691381454468,-0.07083499431610107,3.4786763191223145,-1.9732787609100342,0.67626953125,0.890625
290,109,-1.049835205078125,0.7684316635131836,1.2028210163116455,-0.07073366641998291,3.4799485206604004,-1.9710381031036377,0.67236328125,0.845703125
291,110,-1.1182103157043457,0.8206288814544678,1.288185477256775,-0.11763834953308105,3.3405823707580566,-2.196976900100708,0.69384765625,0.890625
292,109,-1.049835205078125,0.7684316635131836,1.2028210163116455,-0.07073366641998291,3.4799485206604004,-1.9710381031036377,0.67236328125,0.845703125
293,111,-1.1226816177368164,0.7676196098327637,1.2100306749343872,-0.11112034320831299,3.3478095531463623,-2.186288356781006,0.68603515625,0.845703125
294,112,-1.1839113235473633,0.8310468196868896,1.3074101209640503,-0.12638425827026367,3.308431625366211,-2.2446250915527344,0.716796875,0.890625
295,110,-1.1182103157043457,0.8206288814544678,1.288185477256775,-0.11763834953308105,3.3405823707580566,-2.196976900100708,0.69384765625,0.890625
296,111,-1.1226816177368164,0.7676196098327637,1.2100306749343872,-0.11112034320831299,3.3478095531463623,-2.186288356781006,0.68603515625,0.845703125
297,112,-1.1839113235473633,0.8310468196868896,1.3074101209640503,-0.12638425827026367,3.308431625366211,-2.2446250915527344,0.716796875,0.890625
298,111,-1.1226816177368164,0.7676196098327637,1.2100306749343872,-0.11112034320831299,3.3478095531463623,-2.186288356781006,0.68603515625,0.845703125
299,113,-1.2011795043945312,0.779263973236084,1.2327795028686523,-0.13118910789489746,3.307947874069214,-2.2450623512268066,0.70556640625,0.845703125
300,114,-1.2574677467346191,0.8513901233673096,1.3420089483261108,-0.14495104551315308,3.2764246463775635,-2.289992094039917,0.73974609375,0.890625
301,112,-1.1839113235473633,0.8310468196868896,1.3074101209640503,-0.12638425827026367,3.308431625366211,-2.2446250915527344,0.716796875,0.890625
302,113,-1.2011795043945312,0.779263973236084,1.2327795028686523,-0.13118910789489746,3.307947874069214,-2.2450623512268066,0.70556640625,0.845703125
303,114,-1.2574677467346191,0.8513901233673096,1.3420089483261108,-0.14495104551315308,3.2764246463775635,-2.289992094039917,0.73974609375,0.890625
304,113,-1.2011795043945312,0.779263973236084,1.2327795028686523,-0.13118910789489746,3.307947874069214,-2.2450623512268066,0.70556640625,0.845703125
305,115,-1.2862935066223145,0.8018081188201904,1.2693856954574585,-0.1385384202003479,3.283015251159668,-2.2809324264526367,0.7255859375,0.845703125
306,116,-1.3481974601745605,0.8823306560516357,1.3868564367294312,-0.31898409128189087,3.078566074371338,-2.5339128971099854,0.78466796875,0.890625
307,114,-1.2574677467346191,0.8513901233673096,1.3420089483261108,-0.14495104551315308,3.2764246463775635,-2.289992094039917,0.73974609375,0.890625
308,115,-1.2862935066223145,0.8018081188201904,1.2693856954574585,-0.1385384202003479,3.283015251159668,-2.2809324264526367,0.7255859375,0.845703125
309,116,-1.3481974601745605,0.8823306560516357,1.3868564367294312,-0.31898409128189087,3.078566074371338,-2.5339128971099854,0.78466796875,0.890625
310,115,-1.2862935066223145,0.8018081188201904,1.2693856954574585,-0.1385384202003479,3.283015251159668,-2.2809324264526367,0.7255859375,0.845703125
311,117,-1.3860464096069336,0.8296878337860107,1.3207019567489624,-0.32191985845565796,3.0749778747558594,-2.537895917892456,0.7734375,0.845703125
312,118,-1.4844977855682373,0.9027342796325684,1.4150819778442383,-0.5192584991455078,2.718528985977173,-2.887906551361084,0.81689453125,0.890625
313,116,-1.3481974601745605,0.8823306560516357,1.3868564367294312,-0.31898409128189087,3.078566074371338,-2.5339128971099854,0.78466796875,0.890625
314,117,-1.3860464096069336,0.8296878337860107,1.3207019567489624,-0.32191985845565796,3.0749778747558594,-2.537895917892456,0.7734375,0.845703125
315,118,-1.4844977855682373,0.9027342796325684,1.4150819778442383,-0.5192584991455078,2.718528985977173,-2.887906551361084,0.81689453125,0.890625
316,117,-1.3860464096069336,0.8296878337860107,1.3207019567489624,-0.32191985845565796,3.0749778747558594,-2.537895917892456,0.7734375,0.845703125
317,119,-1.4909992218017578,0.8344874382019043,1.3602066040039062,-0.5205857753753662,2.7142653465270996,-2.8916752338409424,0.8134765625,0.845703125
318,120,-1.5614738464355469,0.887516975402832,1.413802146911621,-0.7585499286651611,2.267760992050171,-3.2065391540527344,0.83740234375,0.890625
319,118,-1.4844977855682373,0.9027342796325684,1.4150819778442383,-0.5192584991455078,2.718528985977173,-2.887906551361084,0.81689453125,0.890625
320,119,-1.4909992218017578,0.8344874382019043,1.3602066040039062,-0.5205857753753662,2.7142653465270996,-2.8916752338409424,0.8134765625,0.845703125
321,120,-1.5614738464355469,0.887516975402832,1.413802146911621,-0.7585499286651611,2.267760992050171,-3.2065391540527344,0.83740234375,0.890625
322,119,-1.4909992218017578,0.8344874382019043,1.3602066040039062,-0.5205857753753662,2.7142653465270996,-2.8916752338409424,0.8134765625,0.845703125
323,121,-1.5656869411468506,0.8192830085754395,1.368327260017395,-0.7800756692886353,2.251166820526123,-3.2130610942840576,0.8388671875,0.845703125
324,122,-1.7793519496917725,0.8287267684936523,1.4297882318496704,-0.8307458162307739,2.2115540504455566,-3.2278356552124023,0.8623046875,0.890625
325,120,-1.5614738464355469,0.887516975402832,1.413802146911621,-0.7585499286651611,2.267760992050171,-3.2065391540527344,0.83740234375,0.890625
326,121,-1.5656869411468506,0.8192830085754395,1.368327260017395,-0.7800756692886353,2.251166820526123,-3.2130610942840576,0.8388671875,0.845703125
327,122,-1.7793519496917725,0.8287267684936523,1.4297882318496704,-0.8307458162307739,2.2115540504455566,-3.2278356552124023,0.8623046875,0.890625
328,121,-1.5656869411468506,0.8192830085754395,1.368327260017395,-0.7800756692886353,2.251166820526123,-3.2130610942840576,0.8388671875,0.845703125
329,123,-1.7821176052093506,0.7721185684204102,1.3915237188339233,-0.8307458162307739,2.2115542888641357,-3.2278358936309814,0.86376953125,0.845703125
330,124,-0.8474740982055664,0.908221960067749,1.319535732269287,-1.7372050285339355,3.092005729675293,-1.8497705459594727,0.09979248046875,0.4609375
331,125,-0.6661951541900635,0.9900991916656494,1.265939474105835,-1.8995885848999023,2.9958465099334717,-1.8483766317367554,0.1483154296875,0.259765625
332,126,-0.8550381660461426,0.881955623626709,1.2847373485565186,-1.671906590461731,3.1281421184539795,-1.8491857051849365,0.1436767578125,0.4609375
333,127,-0.9388213157653809,0.8725185394287109,1.3390262126922607,-1.272428035736084,3.308037757873535,-1.8541433811187744,0.10015869140625,0.53662109375
334,124,-0.8474740982055664,0.908221960067749,1.319535732269287,-1.7372050285339355,3.092005729675293,-1.8497705459594727,0.09979248046875,0.4609375
335,126,-0.8550381660461426,0.881955623626709,1.2847373485565186,-1.671906590461731,3.1281421184539795,-1.8491857051849365,0.1436767578125,0.4609375
336,127,-0.9388213157653809,0.8725185394287109,1.3390262126922607,-1.272428035736084,3.308037757873535,-1.8541433811187744,0.10015869140625,0.53662109375
337,126,-0.8550381660461426,0.881955623626709,1.2847373485565186,-1.671906590461731,3.1281421184539795,-1.8491857051849365,0.1436767578125,0.4609375
338,128,-0.9473004341125488,0.8383255004882812,1.2829294204711914,-1.195493221282959,3.336522102355957,-1.8543062210083008,0.14404296875,0.53662109375
339,129,-1.0205693244934082,0.855492115020752,1.353078842163086,-0.8846234679222107,3.4308011531829834,-1.8566298484802246,0.10028076171875,0.55908203125
340,127,-0.9388213157653809,0.8725185394287109,1.3390262126922607,-1.272428035736084,3.308037757873535,-1.8541433811187744,0.10015869140625,0.53662109375
341,128,-0.9473004341125488,0.8383255004882812,1.2829294204711914,-1.195493221282959,3.336522102355957,-1.8543062210083008,0.14404296875,0.53662109375
342,129,-1.0205693244934082,0.855492115020752,1.353078842163086,-0.8846234679222107,3.4308011531829834,-1.8566298484802246,0.10028076171875,0.55908203125
343,128,-0.9473004341125488,0.8383255004882812,1.2829294204711914,-1.195493221282959,3.336522102355957,-1.8543062210083008,0.14404296875,0.53662109375
344,130,-1.0272274017333984,0.8181562423706055,1.2853134870529175,-0.8843822479248047,3.4308552742004395,-1.8566453456878662,0.144287109375,0.55908203125
345,131,-1.09141206741333,0.8516438007354736,1.3749250173568726,-0.6972512006759644,3.425091028213501,-1.9448976516723633,0.10040283203125,0.58203125
346,129,-1.0205693244934082,0.855492115020752,1.353078842163086,-0.8846234679222107,3.4308011531829834,-1.8566298484802246,0.10028076171875,0.55908203125
347,130,-1.0272274017333984,0.8181562423706055,1.2853134870529175,-0.8843822479248047,3.4308552742004395,-1.8566453456878662,0.144287109375,0.55908203125
348,131,-1.09141206741333,0.8516438007354736,1.3749250173568726,-0.6972512006759644,3.425091028213501,-1.9448976516723633,0.10040283203125,0.58203125
349,130,-1.0272274017333984,0.8181562423706055,1.2853134870529175,-0.8843822479248047,3.4308552742004395,-1.8566453456878662,0.144287109375,0.55908203125
350,132,-1.0950241088867188,0.8104534149169922,1.3016254901885986,-0.7274248600006104,3.4324748516082764,-1.9206780195236206,0.1444091796875,0.58203125
351,133,-1.1533703804016113,0.8602678775787354,1.4041566848754883,0.4560948610305786,3.312112331390381,-2.1958882808685303,0.10052490234375,0.60205078125
352,131,-1.09141206741333,0.8516438007354736,1.3749250173568726,-0.6972512006759644,3.425091028213501,-1.9448976516723633,0.10040283203125,0.58203125
353,132,-1.0950241088867188,0.8104534149169922,1.3016254901885986,-0.7274248600006104,3.4324748516082764,-1.9206780195236206,0.1444091796875,0.58203125
354,133,-1.1533703804016113,0.8602678775787354,1.4041566848754883,0.4560948610305786,3.312112331390381,-2.1958882808685303,0.10052490234375,0.60205078125
355,132,-1.0950241088867188,0.8104534149169922,1.3016254901885986,-0.7274248600006104,3.4324748516082764,-1.9206780195236206,0.1444091796875,0.58203125
356,134,-1.1537575721740723,0.8129487037658691,1.328507423400879,-0.01445925235748291,3.383937358856201,-2.1327905654907227,0.1444091796875,0.60205078125
357,135,-1.229734182357788,0.9093756675720215,1.4373540878295898,0.9727550148963928,3.027092933654785,-2.4270331859588623,0.10064697265625,0.6220703125
358,133,-1.1533703804016113,0.8602678775787354,1.4041566848754883,0.4560948610305786,3.312112331390381,-2.1958882808685303,0.10052490234375,0.60205078125
359,134,-1.1537575721740723,0.8129487037658691,1.328507423400879,-0.01445925235748291,3.383937358856201,-2.1327905654907227,0.1444091796875,0.60205078125
360,135,-1.229734182357788,0.9093756675720215,1.4373540878295898,0.9727550148963928,3.027092933654785,-2.4270331859588623,0.10064697265625,0.6220703125
361,134,-1.1537575721740723,0.8129487037658691,1.328507423400879,-0.01445925235748291,3.383937358856201,-2.1327905654907227,0.1444091796875,0.60205078125
362,136,-1.225572109222412,0.8496007919311523,1.3602821826934814,0.9226281642913818,3.125399589538574,-2.3196277618408203,0.14453125,0.6220703125
363,137,-1.3088462352752686,0.9627048969268799,1.4603378772735596,0.2500024437904358,2.7511959075927734,-2.8928277492523193,0.1009521484375,0.68505859375
364,135,-1.229734182357788,0.9093756675720215,1.4373540878295898,0.9727550148963928,3.027092933654785,-2.4270331859588623,0.10064697265625,0.6220703125
365,136,-1.225572109222412,0.8496007919311523,1.3602821826934814,0.9226281642913818,3.125399589538574,-2.3196277618408203,0.14453125,0.6220703125
366,137,-1.3088462352752686,0.9627048969268799,1.4603378772735596,0.2500024437904358,2.7511959075927734,-2.8928277492523193,0.1009521484375,0.68505859375
367,136,-1.225572109222412,0.8496007919311523,1.3602821826934814,0.9226281642913818,3.125399589538574,-2.3196277618408203,0.14453125,0.6220703125
368,138,-1.2996530532836914,0.8896584510803223,1.3859012126922607,0.569628119468689,2.852776527404785,-2.7454006671905518,0.1448974609375,0.68505859375
369,139,-1.4217240810394287,0.9905211925506592,1.475608229637146,-0.2303868532180786,2.439676284790039,-3.1614763736724854,0.10107421875,0.70751953125
370,137,-1.3088462352752686,0.9627048969268799,1.4603378772735596,0.2500024437904358,2.7511959075927734,-2.8928277492523193,0.1009521484375,0.68505859375
371,138,-1.2996530532836914,0.8896584510803223,1.3859012126922607,0.569628119468689,2.852776527404785,-2.7454006671905518,0.1448974609375,0.68505859375
372,139,-1.4217240810394287,0.9905211925506592,1.475608229637146,-0.2303868532180786,2.439676284790039,-3.1614763736724854,0.10107421875,0.70751953125
373,138,-1.2996530532836914,0.8896584510803223,1.3859012126922607,0.569628119468689,2.852776527404785,-2.7454006671905518,0.1448974609375,0.68505859375
374,140,-1.396040439605713,0.9034218788146973,1.4080164432525635,-0.1600765585899353,2.509276866912842,-3.1109390258789062,0.14501953125,0.70751953125
375,141,-1.5119938850402832,0.9791417121887207,1.4745876789093018,-0.42763882875442505,2.1986639499664307,-3.3140664100646973,0.101318359375,0.75146484375
376,139,-1.4217240810394287,0.9905211925506592,1.475608229637146,-0.2303868532180786,2.439676284790039,-3.1614763736724854,0.10107421875,0.70751953125
377,140,-1.396040439605713,0.9034218788146973,1.4080164432525635,-0.1600765585899353,2.509276866912842,-3.1109390258789062,0.14501953125,0.70751953125
378,141,-1.5119938850402832,0.9791417121887207,1.4745876789093018,-0.42763882875442505,2.1986639499664307,-3.3140664100646973,0.101318359375,0.75146484375
379,140,-1.396040439605713,0.9034218788146973,1.4080164432525635,-0.1600765585899353,2.509276866912842,-3.1109390258789062,0.14501953125,0.70751953125
380,142,-1.4878559112548828,0.8857700824737549,1.4094452857971191,-0.4292457699775696,2.1958770751953125,-3.315706253051758,0.145263671875,0.75146484375
381,143,-1.6159300804138184,0.9480197429656982,1.46677827835083,-0.6693127751350403,1.9309176206588745,-3.4385483264923096,0.10150146484375,0.79443359375
382,141,-1.5119938850402832,0.9791417121887207,1.4745876789093018,-0.42763882875442505,2.1986639499664307,-3.3140664100646973,0.101318359375,0.75146484375
383,142,-1.4878559112548828,0.8857700824737549,1.4094452857971191,-0.4292457699775696,2.1958770751953125,-3.315706253051758,0.145263671875,0.75146484375
384,143,-1.6159300804138184,0.9480197429656982,1.46677827835083,-0.6693127751350403,1.9309176206588745,-3.4385483264923096,0.10150146484375,0.79443359375
385,142,-1.4878559112548828,0.8857700824737549,1.4094452857971191,-0.4292457699775696,2.1958770751953125,-3.315706253051758,0.145263671875,0.75146484375
386,144,-1.586122751235962,0.8408217430114746,1.39742112159729,-0.6848539113998413,1.915256381034851,-3.444242000579834,0.1453857421875,0.79443359375
387,144,-1.586122751235962,0.8408217430114746,1.39742112159729,-0.6848539113998413,1.915256381034851,-3.444242000579834,0.1453857421875,0.79443359375
388,145,-1.7383530139923096,0.9137992858886719,1.4705488681793213,-0.7262700796127319,1.6380069255828857,-3.5762407779693604,0.10162353515625,0.83544921875
389,143,-1.6159300804138184,0.9480197429656982,1.46677827835083,-0.6693127751350403,1.9309176206588745,-3.4385483264923096,0.10150146484375,0.79443359375
390,144,-1.586122751235962,0.8408217430114746,1.39742112159729,-0.6848539113998413,1.915256381034851,-3.444242000579834,0.1453857421875,0.79443359375
391,146,-1.692608118057251,0.7990543842315674,1.4100548028945923,-0.7402020692825317,1.653784990310669,-3.5661089420318604,0.1456298828125,0.83544921875
392,145,-1.7383530139923096,0.9137992858886719,1.4705488681793213,-0.7262700796127319,1.6380069255828857,-3.5762407779693604,0.10162353515625,0.83544921875
393,146,-1.692608118057251,0.7990543842315674,1.4100548028945923,-0.7402020692825317,1.653784990310669,-3.5661089420318604,0.1456298828125,0.83544921875
394,147,-1.8662948608398438,0.8810203075408936,1.4751501083374023,-0.4319649338722229,1.241852045059204,-3.7777304649353027,0.10174560546875,0.888671875
395,145,-1.7383530139923096,0.9137992858886719,1.4705488681793213,-0.7262700796127319,1.6380069255828857,-3.5762407779693604,0.10162353515625,0.83544921875
396,146,-1.692608118057251,0.7990543842315674,1.4100548028945923,-0.7402020692825317,1.653784990310669,-3.5661089420318604,0.1456298828125,0.83544921875
397,148,-1.8109567165374756,0.7675073146820068,1.4214558601379395,-0.4776189625263214,1.307852029800415,-3.7498581409454346,0.1456298828125,0.888671875
398,147,-1.8662948608398438,0.8810203075408936,1.4751501083374023,-0.4319649338722229,1.241852045059204,-3.7777304649353027,0.10174560546875,0.888671875
399,149,-2.023865222930908,0.845759391784668,1.4581620693206787,-0.286234974861145,1.0293408632278442,-3.8546805381774902,0.10174560546875,0.95654296875
400,147,-1.8662948608398438,0.8810203075408936,1.4751501083374023,-0.4319649338722229,1.241852045059204,-3.7777304649353027,0.10174560546875,0.888671875
401,148,-1.8109567165374756,0.7675073146820068,1.4214558601379395,-0.4776189625263214,1.307852029800415,-3.7498581409454346,0.1456298828125,0.888671875
402,149,-2.023865222930908,0.845759391784668,1.4581620693206787,-0.286234974861145,1.0293408632278442,-3.8546805381774902,0.10174560546875,0.95654296875
403,148,-1.8109567165374756,0.7675073146820068,1.4214558601379395,-0.4776189625263214,1.307852029800415,-3.7498581409454346,0.1456298828125,0.888671875
404,150,-1.939995288848877,0.7317984104156494,1.4407751560211182,-0.28623491525650024,1.0293407440185547,-3.8546805381774902,0.145751953125,0.95654296875
405,151,-1.3405849933624268,1.1467561721801758,1.4259357452392578,1.3436155319213867,-1.9589966535568237,-3.2182376384735107,0.1143798828125,0.41357421875
406,152,-1.3077943325042725,1.205909252166748,1.3865251541137695,0.9226255416870117,-2.4993207454681396,-2.9836528301239014,0.1776123046875,0.273193359375
407,153,-1.3299651145935059,1.136354684829712,1.437932014465332,1.4956406354904175,-1.731302261352539,-3.281109094619751,0.1646728515625,0.427490234375
408,154,-1.3780086040496826,1.0717458724975586,1.4468555450439453,1.83843994140625,-1.025540828704834,-3.4012393951416016,0.1068115234375,0.55859375
409,151,-1.3405849933624268,1.1467561721801758,1.4259357452392578,1.3436155319213867,-1.9589966535568237,-3.2182376384735107,0.1143798828125,0.41357421875
410,153,-1.3299651145935059,1.136354684829712,1.437932014465332,1.4956406354904175,-1.731302261352539,-3.281109094619751,0.1646728515625,0.427490234375
411,154,-1.3780086040496826,1.0717458724975586,1.4468555450439453,1.83843994140625,-1.025540828704834,-3.4012393951416016,0.1068115234375,0.55859375
412,153,-1.3299651145935059,1.136354684829712,1.437932014465332,1.4956406354904175,-1.731302261352539,-3.281109094619751,0.1646728515625,0.427490234375
413,155,-1.3577899932861328,1.0544261932373047,1.4630520343780518,1.9867446422576904,-0.6308883428573608,-3.4139206409454346,0.1571044921875,0.56591796875
414,156,-1.3933205604553223,1.0139098167419434,1.441500186920166,1.7138197422027588,0.1404811143875122,-3.611525297164917,0.1068115234375,0.61865234375
415,154,-1.3780086040496826,1.0717458724975586,1.4468555450439453,1.83843994140625,-1.025540828704834,-3.4012393951416016,0.1068115234375,0.55859375
416,155,-1.3577899932861328,1.0544261932373047,1.4630520343780518,1.9867446422576904,-0.6308883428573608,-3.4139206409454346,0.1571044921875,0.56591796875
417,156,-1.3933205604553223,1.0139098167419434,1.441500186920166,1.7138197422027588,0.1404811143875122,-3.611525297164917,0.1068115234375,0.61865234375
418,155,-1.3577899932861328,1.0544261932373047,1.4630520343780518,1.9867446422576904,-0.6308883428573608,-3.4139206409454346,0.1571044921875,0.56591796875
419,157,-1.3646655082702637,0.9881572723388672,1.4576573371887207,1.562558650970459,0.21679294109344482,-3.6757912635803223,0.1571044921875,0.61767578125
420,158,-1.431368350982666,0.9587914943695068,1.4333205223083496,0.5961238741874695,1.0498433113098145,-3.813462972640991,0.1068115234375,0.66455078125
421,156,-1.3933205604553223,1.0139098167419434,1.441500186920166,1.7138197422027588,0.1404811143875122,-3.611525297164917,0.1068115234375,0.61865234375
422,157,-1.3646655082702637,0.9881572723388672,1.4576573371887207,1.562558650970459,0.21679294109344482,-3.6757912635803223,0.1571044921875,0.61767578125
423,158,-1.431368350982666,0.9587914943695068,1.4333205223083496,0.5961238741874695,1.0498433113098145,-3.813462972640991,0.1068115234375,0.66455078125
424,157,-1.3646655082702637,0.9881572723388672,1.4576573371887207,1.562558650970459,0.21679294109344482,-3.6757912635803223,0.1571044921875,0.61767578125
425,159,-1.4002842903137207,0.9379842281341553,1.431556224822998,0.6837408542633057,0.9607979655265808,-3.8222243785858154,0.1571044921875,0.6591796875
426,160,-1.4804823398590088,0.9152059555053711,1.4208106994628906,-0.2715660333633423,1.9544782638549805,-3.4794113636016846,0.1068115234375,0.70068359375
427,158,-1.431368350982666,0.9587914943695068,1.4333205223083496,0.5961238741874695,1.0498433113098145,-3.813462972640991,0.1068115234375,0.66455078125
428,159,-1.4002842903137207,0.9379842281341553,1.431556224822998,0.6837408542633057,0.9607979655265808,-3.8222243785858154,0.1571044921875,0.6591796875
429,160,-1.4804823398590088,0.9152059555053711,1.4208106994628906,-0.2715660333633423,1.9544782638549805,-3.4794113636016846,0.1068115234375,0.70068359375
430,159,-1.4002842903137207,0.9379842281341553,1.431556224822998,0.6837408542633057,0.9607979655265808,-3.8222243785858154,0.1571044921875,0.6591796875
431,161,-1.4480628967285156,0.8945512771606445,1.4056284427642822,-0.20001903176307678,1.8711096048355103,-3.5297279357910156,0.1571044921875,0.69775390625
432,162,-1.554901123046875,0.8784961700439453,1.4088935852050781,-0.6627572178840637,1.8831813335418701,-3.466181755065918,0.1068115234375,0.74462890625
433,160,-1.4804823398590088,0.9152059555053711,1.4208106994628906,-0.2715660333633423,1.9544782638549805,-3.4794113636016846,0.1068115234375,0.70068359375
434,161,-1.4480628967285156,0.8945512771606445,1.4056284427642822,-0.20001903176307678,1.8711096048355103,-3.5297279357910156,0.1571044921875,0.69775390625
435,162,-1.554901123046875,0.8784961700439453,1.4088935852050781,-0.6627572178840637,1.8831813335418701,-3.466181755065918,0.1068115234375,0.74462890625
436,161,-1.4480628967285156,0.8945512771606445,1.4056284427642822,-0.20001903176307678,1.8711096048355103,-3.5297279357910156,0.1571044921875,0.69775390625
437,163,-1.5184121131896973,0.8506946563720703,1.3848040103912354,-0.5937915444374084,1.9545302391052246,-3.439077854156494,0.1571044921875,0.74267578125
438,164,-1.6534922122955322,0.854069709777832,1.415352463722229,-0.7574611306190491,1.849640130996704,-3.4648404121398926,0.1068115234375,0.7880859375
439,162,-1.554901123046875,0.8784961700439453,1.4088935852050781,-0.6627572178840637,1.8831813335418701,-3.466181755065918,0.1068115234375,0.74462890625
440,163,-1.5184121131896973,0.8506946563720703,1.3848040103912354,-0.5937915444374084,1.9545302391052246,-3.439077854156494,0.1571044921875,0.74267578125
441,164,-1.6534922122955322,0.854069709777832,1.415352463722229,-0.7574611306190491,1.849640130996704,-3.4648404121398926,0.1068115234375,0.7880859375
442,163,-1.5184121131896973,0.8506946563720703,1.3848040103912354,-0.5937915444374084,1.9545302391052246,-3.439077854156494,0.1571044921875,0.74267578125
443,165,-1.6090445518493652,0.8017005920410156,1.3810126781463623,-0.7539705038070679,1.8332746028900146,-3.474285840988159,0.1571044921875,0.78125
444,166,-1.7761690616607666,0.8186614513397217,1.4270704984664917,-0.7950891852378845,1.8655214309692383,-3.4478538036346436,0.1068115234375,0.83740234375
445,164,-1.6534922122955322,0.854069709777832,1.415352463722229,-0.7574611306190491,1.849640130996704,-3.4648404121398926,0.1068115234375,0.7880859375
446,165,-1.6090445518493652,0.8017005920410156,1.3810126781463623,-0.7539705038070679,1.8332746028900146,-3.474285840988159,0.1571044921875,0.78125
447,166,-1.7761690616607666,0.8186614513397217,1.4270704984664917,-0.7950891852378845,1.8655214309692383,-3.4478538036346436,0.1068115234375,0.83740234375
448,165,-1.6090445518493652,0.8017005920410156,1.3810126781463623,-0.7539705038070679,1.8332746028900146,-3.474285840988159,0.1571044921875,0.78125
449,167,-1.7264180183410645,0.7669427394866943,1.3842558860778809,-0.7796492576599121,1.8676270246505737,-3.450239419937134,0.1571044921875,0.818359375
450,168,-1.8991761207580566,0.788780927658081,1.4368407726287842,-0.6249769330024719,1.6766979694366455,-3.577446460723877,0.1068115234375,0.90771484375
451,166,-1.7761690616607666,0.8186614513397217,1.4270704984664917,-0.7950891852378845,1.8655214309692383,-3.4478538036346436,0.1068115234375,0.83740234375
452,167,-1.7264180183410645,0.7669427394866943,1.3842558860778809,-0.7796492576599121,1.8676270246505737,-3.450239419937134,0.1571044921875,0.818359375
453,168,-1.8991761207580566,0.788780927658081,1.4368407726287842,-0.6249769330024719,1.6766979694366455,-3.577446460723877,0.1068115234375,0.90771484375
454,167,-1.7264180183410645,0.7669427394866943,1.3842558860778809,-0.7796492576599121,1.8676270246505737,-3.450239419937134,0.1571044921875,0.818359375
455,169,-1.8446907997131348,0.736682653427124,1.3989094495773315,-0.7270427942276001,1.778511643409729,-3.508324146270752,0.1571044921875,0.8740234375
456,170,-2.0198426246643066,0.772305965423584,1.439578890800476,-0.5246665477752686,1.57502019405365,-3.6392407417297363,0.1068115234375,0.98193359375
457,168,-1.8991761207580566,0.788780927658081,1.4368407726287842,-0.6249769330024719,1.6766979694366455,-3.577446460723877,0.1068115234375,0.90771484375
458,169,-1.8446907997131348,0.736682653427124,1.3989094495773315,-0.7270427942276001,1.778511643409729,-3.508324146270752,0.1571044921875,0.8740234375
459,170,-2.0198426246643066,0.772305965423584,1.439578890800476,-0.5246665477752686,1.57502019405365,-3.6392407417297363,0.1068115234375,0.98193359375
460,169,-1.8446907997131348,0.736682653427124,1.3989094495773315,-0.7270427942276001,1.778511643409729,-3.508324146270752,0.1571044921875,0.8740234375
461,171,-1.9428622722625732,0.7125334739685059,1.410139799118042,-0.5246664881706238,1.5750200748443604,-3.6392405033111572,0.1571044921875,0.9365234375
462,172,-1.6535532474517822,1.2875666618347168,1.328536033630371,-0.6154133677482605,2.907261848449707,-2.6775224208831787,0.4287109375,0.89794921875
463,173,-1.5945298671722412,1.2939457893371582,1.347039818763733,0.29133129119873047,3.3924801349639893,-2.0991051197052,0.36181640625,0.87109375
464,174,-1.655775547027588,1.282256841659546,1.3196468353271484,-0.9551504254341125,2.6493678092956543,-2.840522527694702,0.4287109375,0.84423828125
465,175,-1.7047362327575684,1.2711787223815918,1.3291746377944946,-2.1987175941467285,1.1693944931030273,-3.1302053928375244,0.477783203125,0.89794921875
466,172,-1.6535532474517822,1.2875666618347168,1.328536033630371,-0.6154133677482605,2.907261848449707,-2.6775224208831787,0.4287109375,0.89794921875
467,174,-1.655775547027588,1.282256841659546,1.3196468353271484,-0.9551504254341125,2.6493678092956543,-2.840522527694702,0.4287109375,0.84423828125
468,175,-1.7047362327575684,1.2711787223815918,1.3291746377944946,-2.1987175941467285,1.1693944931030273,-3.1302053928375244,0.477783203125,0.89794921875
469,174,-1.655775547027588,1.282256841659546,1.3196468353271484,-0.9551504254341125,2.6493678092956543,-2.840522527694702,0.4287109375,0.84423828125
470,176,-1.7025065422058105,1.2521429061889648,1.3171875476837158,-2.3917386531829834,0.8251665830612183,-3.0981786251068115,0.477783203125,0.84423828125
471,177,-1.7433269023895264,1.244746208190918,1.3524134159088135,-2.927321672439575,-0.6905137896537781,-2.6370444297790527,0.53271484375,0.89794921875
472,175,-1.7047362327575684,1.2711787223815918,1.3291746377944946,-2.1987175941467285,1.1693944931030273,-3.1302053928375244,0.477783203125,0.89794921875
473,176,-1.7025065422058105,1.2521429061889648,1.3171875476837158,-2.3917386531829834,0.8251665830612183,-3.0981786251068115,0.477783203125,0.84423828125
474,177,-1.7433269023895264,1.244746208190918,1.3524134159088135,-2.927321672439575,-0.6905137896537781,-2.6370444297790527,0.53271484375,0.89794921875
475,176,-1.7025065422058105,1.2521429061889648,1.3171875476837158,-2.3917386531829834,0.8251665830612183,-3.0981786251068115,0.477783203125,0.84423828125
476,178,-1.7284479141235352,1.2057983875274658,1.3436176776885986,-2.9795191287994385,-1.0357023477554321,-2.4596362113952637,0.53271484375,0.84423828125
477,178,-1.7284479141235352,1.2057983875274658,1.3436176776885986,-2.9795191287994385,-1.0357023477554321,-2.4596362113952637,0.53271484375,0.84423828125
478,179,-1.7653148174285889,1.209482192993164,1.3904471397399902,-2.8481149673461914,-1.6802208423614502,-2.2505831718444824,0.56298828125,0.89794921875
479,177,-1.7433269023895264,1.244746208190918,1.3524134159088135,-2.927321672439575,-0.6905137896537781,-2.6370444297790527,0.53271484375,0.89794921875
480,178,-1.7284479141235352,1.2057983875274658,1.3436176776885986,-2.9795191287994385,-1.0357023477554321,-2.4596362113952637,0.53271484375,0.84423828125
481,180,-1.7286005020141602,1.1502585411071777,1.3903857469558716,-2.733351469039917,-1.8765472173690796,-2.2377185821533203,0.56298828125,0.84423828125
482,179,-1.7653148174285889,1.209482192993164,1.3904471397399902,-2.8481149673461914,-1.6802208423614502,-2.2505831718444824,0.56298828125,0.89794921875
483,181,-1.781360149383545,1.1724841594696045,1.4330615997314453,-2.35732364654541,-2.0582141876220703,-2.491347074508667,0.59423828125,0.89794921875
484,179,-1.7653148174285889,1.209482192993164,1.3904471397399902,-2.8481149673461914,-1.6802208423614502,-2.2505831718444824,0.56298828125,0.89794921875
485,180,-1.7286005020141602,1.1502585411071777,1.3903857469558716,-2.733351469039917,-1.8765472173690796,-2.2377185821533203,0.56298828125,0.84423828125
486,181,-1.781360149383545,1.1724841594696045,1.4330615997314453,-2.35732364654541,-2.0582141876220703,-2.491347074508667,0.59423828125,0.89794921875
487,180,-1.7286005020141602,1.1502585411071777,1.3903857469558716,-2.733351469039917,-1.8765472173690796,-2.2377185821533203,0.56298828125,0.84423828125
488,182,-1.7313032150268555,1.103262186050415,1.4460581541061401,-2.1512556076049805,-2.0778403282165527,-2.656069755554199,0.59423828125,0.84423828125
489,183,-1.8082261085510254,1.1416051387786865,1.470328450202942,-1.4223389625549316,-1.9553682804107666,-3.1864588260650635,0.63525390625,0.89794921875
490,181,-1.781360149383545,1.1724841594696045,1.4330615997314453,-2.35732364654541,-2.0582141876220703,-2.491347074508667,0.59423828125,0.89794921875
491,182,-1.7313032150268555,1.103262186050415,1.4460581541061401,-2.1512556076049805,-2.0778403282165527,-2.656069755554199,0.59423828125,0.84423828125
492,183,-1.8082261085510254,1.1416051387786865,1.470328450202942,-1.4223389625549316,-1.9553682804107666,-3.1864588260650635,0.63525390625,0.89794921875
493,182,-1.7313032150268555,1.103262186050415,1.4460581541061401,-2.1512556076049805,-2.0778403282165527,-2.656069755554199,0.59423828125,0.84423828125
494,184,-1.7567152976989746,1.06758451461792,1.4940311908721924,-1.2521121501922607,-1.9019664525985718,-3.2885823249816895,0.63525390625,0.84423828125
495,185,-1.8505449295043945,1.1164140701293945,1.4908192157745361,-0.10890167951583862,-1.4269319772720337,-3.735243082046509,0.677734375,0.89794921875
496,183,-1.8082261085510254,1.1416051387786865,1.470328450202942,-1.4223389625549316,-1.9553682804107666,-3.1864588260650635,0.63525390625,0.89794921875
497,184,-1.7567152976989746,1.06758451461792,1.4940311908721924,-1.2521121501922607,-1.9019664525985718,-3.2885823249816895,0.63525390625,0.84423828125
498,185,-1.8505449295043945,1.1164140701293945,1.4908192157745361,-0.10890167951583862,-1.4269319772720337,-3.735243082046509,0.677734375,0.89794921875
499,184,-1.7567152976989746,1.06758451461792,1.4940311908721924,-1.2521121501922607,-1.9019664525985718,-3.2885823249816895,0.63525390625,0.84423828125
500,186,-1.8028879165649414,1.0373046398162842,1.5205824375152588,-0.1064789891242981,-1.4257310628890991,-3.7357711791992188,0.677734375,0.84423828125
501,187,-1.9025063514709473,1.0942270755767822,1.4903098344802856,0.9340115785598755,-0.8001238107681274,-3.806239366531372,0.72900390625,0.89794921875
502,185,-1.8505449295043945,1.1164140701293945,1.4908192157745361,-0.10890167951583862,-1.4269319772720337,-3.735243082046509,0.677734375,0.89794921875
503,186,-1.8028879165649414,1.0373046398162842,1.5205824375152588,-0.1064789891242981,-1.4257310628890991,-3.7357711791992188,0.677734375,0.84423828125
504,187,-1.9025063514709473,1.0942270755767822,1.4903098344802856,0.9340115785598755,-0.8001238107681274,-3.806239366531372,0.72900390625,0.89794921875
505,186,-1.8028879165649414,1.0373046398162842,1.5205824375152588,-0.1064789891242981,-1.4257310628890991,-3.7357711791992188,0.677734375,0.84423828125
506,188,-1.8577301502227783,1.0137526988983154,1.5189228057861328,0.8513786196708679,-0.8610536456108093,-3.8123183250427246,0.72900390625,0.84423828125
507,189,-1.9575104713439941,1.0755186080932617,1.4767404794692993,1.2353556156158447,-0.3887749910354614,-3.784545660018921,0.79736328125,0.89794921875
508,187,-1.9025063514709473,1.0942270755767822,1.4903098344802856,0.9340115785598755,-0.8001238107681274,-3.806239366531372,0.72900390625,0.89794921875
509,188,-1.8577301502227783,1.0137526988983154,1.5189228057861328,0.8513786196708679,-0.8610536456108093,-3.8123183250427246,0.72900390625,0.84423828125
510,189,-1.9575104713439941,1.0755186080932617,1.4767404794692993,1.2353556156158447,-0.3887749910354614,-3.784545660018921,0.79736328125,0.89794921875
511,188,-1.8577301502227783,1.0137526988983154,1.5189228057861328,0.8513786196708679,-0.8610536456108093,-3.8123183250427246,0.72900390625,0.84423828125
512,190,-1.916240930557251,0.9961297512054443,1.5005468130111694,1.2365809679031372,-0.43138182163238525,-3.7795255184173584,0.79736328125,0.84423828125
513,191,-2.0460619926452637,1.0502910614013672,1.4541504383087158,0.9130399823188782,-0.613024890422821,-3.845853567123413,0.8974609375,0.89794921875
514,189,-1.9575104713439941,1.0755186080932617,1.4767404794692993,1.2353556156158447,-0.3887749910354614,-3.784545660018921,0.79736328125,0.89794921875
515,190,-1.916240930557251,0.9961297512054443,1.5005468130111694,1.2365809679031372,-0.43138182163238525,-3.7795255184173584,0.79736328125,0.84423828125
516,191,-2.0460619926452637,1.0502910614013672,1.4541504383087158,0.9130399823188782,-0.613024890422821,-3.845853567123413,0.8974609375,0.89794921875
517,190,-1.916240930557251,0.9961297512054443,1.5005468130111694,1.2365809679031372,-0.43138182163238525,-3.7795255184173584,0.79736328125,0.84423828125
518,192,-2.0037755966186523,0.9752993583679199,1.4695446491241455,0.9867560267448425,-0.5416156053543091,-3.8383586406707764,0.8974609375,0.84423828125
519,192,-2.0037755966186523,0.9752993583679199,1.4695446491241455,0.9867560267448425,-0.5416156053543091,-3.8383586406707764,0.8974609375,0.84423828125
520,193,-2.206685781478882,0.9910249710083008,1.4262350797653198,0.763961136341095,-0.7544697523117065,-3.853203058242798,0.9755859375,0.89794921875
521,191,-2.0460619926452637,1.0502910614013672,1.4541504383087158,0.9130399823188782,-0.613024890422821,-3.845853567123413,0.8974609375,0.89794921875
522,192,-2.0037755966186523,0.9752993583679199,1.4695446491241455,0.9867560267448425,-0.5416156053543091,-3.8383586406707764,0.8974609375,0.84423828125
523,194,-2.159665584564209,0.9324288368225098,1.4547045230865479,0.7639611959457397,-0.7544696927070618,-3.853203058242798,0.9755859375,0.84423828125
524,193,-2.206685781478882,0.9910249710083008,1.4262350797653198,0.763961136341095,-0.7544697523117065,-3.853203058242798,0.9755859375,0.89794921875
525,195,-1.6404190063476562,1.2657451629638672,1.3775051832199097,1.928705096244812,-2.5440313816070557,-2.4099838733673096,0.09197998046875,0.420654296875
526,196,-1.5704007148742676,1.279982089996338,1.400025725364685,1.3532124757766724,-2.9430723190307617,-2.3467345237731934,0.1766357421875,0.294677734375
527,197,-1.634796380996704,1.253441333770752,1.3961777687072754,1.7309527397155762,-2.6949429512023926,-2.3960602283477783,0.16357421875,0.420654296875
528,198,-1.674919605255127,1.2580230236053467,1.355257511138916,2.5601346492767334,-1.5756633281707764,-2.6387524604797363,0.09197998046875,0.488037109375
529,195,-1.6404190063476562,1.2657451629638672,1.3775051832199097,1.928705096244812,-2.5440313816070557,-2.4099838733673096,0.09197998046875,0.420654296875
530,197,-1.634796380996704,1.253441333770752,1.3961777687072754,1.7309527397155762,-2.6949429512023926,-2.3960602283477783,0.16357421875,0.420654296875
531,198,-1.674919605255127,1.2580230236053467,1.355257511138916,2.5601346492767334,-1.5756633281707764,-2.6387524604797363,0.09197998046875,0.488037109375
532,197,-1.634796380996704,1.253441333770752,1.3961777687072754,1.7309527397155762,-2.6949429512023926,-2.3960602283477783,0.16357421875,0.420654296875
533,199,-1.6652755737304688,1.2419819831848145,1.3776345252990723,2.4158973693847656,-1.9065706729888916,-2.5550827980041504,0.16357421875,0.488037109375
534,200,-1.7062935829162598,1.2415885925292969,1.337130069732666,2.1495938301086426,-0.9867477416992188,-3.225770950317383,0.09197998046875,0.51513671875
535,198,-1.674919605255127,1.2580230236053467,1.355257511138916,2.5601346492767334,-1.5756633281707764,-2.6387524604797363,0.09197998046875,0.488037109375
536,199,-1.6652755737304688,1.2419819831848145,1.3776345252990723,2.4158973693847656,-1.9065706729888916,-2.5550827980041504,0.16357421875,0.488037109375
537,200,-1.7062935829162598,1.2415885925292969,1.337130069732666,2.1495938301086426,-0.9867477416992188,-3.225770950317383,0.09197998046875,0.51513671875
538,199,-1.6652755737304688,1.2419819831848145,1.3776345252990723,2.4158973693847656,-1.9065706729888916,-2.5550827980041504,0.16357421875,0.488037109375
539,201,-1.6907329559326172,1.2232093811035156,1.3557888269424438,2.1495251655578613,-0.9867132902145386,-3.22582745552063,0.16357421875,0.51513671875
540,202,-1.7263951301574707,1.194631576538086,1.3449136018753052,0.6367778182029724,-1.1411762237548828,-3.780510902404785,0.09197998046875,0.54345703125
541,200,-1.7062935829162598,1.2415885925292969,1.337130069732666,2.1495938301086426,-0.9867477416992188,-3.225770950317383,0.09197998046875,0.51513671875
542,201,-1.6907329559326172,1.2232093811035156,1.3557888269424438,2.1495251655578613,-0.9867132902145386,-3.22582745552063,0.16357421875,0.51513671875
543,202,-1.7263951301574707,1.194631576538086,1.3449136018753052,0.6367778182029724,-1.1411762237548828,-3.780510902404785,0.09197998046875,0.54345703125
544,201,-1.6907329559326172,1.2232093811035156,1.3557888269424438,2.1495251655578613,-0.9867132902145386,-3.22582745552063,0.16357421875,0.51513671875
545,203,-1.706115961074829,1.173443078994751,1.3516379594802856,-0.8644970655441284,-1.519305944442749,-3.597830295562744,0.16357421875,0.54345703125
546,204,-1.729567050933838,1.14577317237854,1.379528522491455,-2.6931281089782715,-1.7491772174835205,-2.3848414421081543,0.09197998046875,0.60302734375
547,202,-1.7263951301574707,1.194631576538086,1.3449136018753052,0.6367778182029724,-1.1411762237548828,-3.780510902404785,0.09197998046875,0.54345703125
548,203,-1.706115961074829,1.173443078994751,1.3516379594802856,-0.8644970655441284,-1.519305944442749,-3.597830295562744,0.16357421875,0.54345703125
549,204,-1.729567050933838,1.14577317237854,1.379528522491455,-2.6931281089782715,-1.7491772174835205,-2.3848414421081543,0.09197998046875,0.60302734375
550,203,-1.706115961074829,1.173443078994751,1.3516379594802856,-0.8644970655441284,-1.519305944442749,-3.597830295562744,0.16357421875,0.54345703125
551,205,-1.7059648036956787,1.117213249206543,1.3734924793243408,-3.0305185317993164,-1.7453672885894775,-1.9415647983551025,0.16357421875,0.60302734375
552,206,-1.731980800628662,1.0991251468658447,1.4422084093093872,-3.17840576171875,-1.3824691772460938,-1.9966315031051636,0.09197998046875,0.6337890625
553,204,-1.729567050933838,1.14577317237854,1.379528522491455,-2.6931281089782715,-1.7491772174835205,-2.3848414421081543,0.09197998046875,0.60302734375
554,205,-1.7059648036956787,1.117213249206543,1.3734924793243408,-3.0305185317993164,-1.7453672885894775,-1.9415647983551025,0.16357421875,0.60302734375
555,206,-1.731980800628662,1.0991251468658447,1.4422084093093872,-3.17840576171875,-1.3824691772460938,-1.9966315031051636,0.09197998046875,0.6337890625
556,205,-1.7059648036956787,1.117213249206543,1.3734924793243408,-3.0305185317993164,-1.7453672885894775,-1.9415647983551025,0.16357421875,0.60302734375
557,207,-1.707062005996704,1.055185079574585,1.4302327632904053,-3.1605684757232666,-1.2594553232192993,-2.1034743785858154,0.16357421875,0.6337890625
558,208,-1.7590136528015137,1.0637214183807373,1.4967424869537354,-2.542262077331543,-0.5929926633834839,-3.0307252407073975,0.09197998046875,0.67333984375
559,206,-1.731980800628662,1.0991251468658447,1.4422084093093872,-3.17840576171875,-1.3824691772460938,-1.9966315031051636,0.09197998046875,0.6337890625
560,207,-1.707062005996704,1.055185079574585,1.4302327632904053,-3.1605684757232666,-1.2594553232192993,-2.1034743785858154,0.16357421875,0.6337890625
561,208,-1.7590136528015137,1.0637214183807373,1.4967424869537354,-2.542262077331543,-0.5929926633834839,-3.0307252407073975,0.09197998046875,0.67333984375
562,207,-1.707062005996704,1.055185079574585,1.4302327632904053,-3.1605684757232666,-1.2594553232192993,-2.1034743785858154,0.16357421875,0.6337890625
563,209,-1.7327237129211426,1.0080575942993164,1.483443021774292,-2.4110701084136963,-0.5053070187568665,-3.1514182090759277,0.16357421875,0.67333984375
564,210,-1.8062987327575684,1.037412405014038,1.518359661102295,-0.956138014793396,0.19592738151550293,-3.8791041374206543,0.09197998046875,0.71337890625
565,208,-1.7590136528015137,1.0637214183807373,1.4967424869537354,-2.542262077331543,-0.5929926633834839,-3.0307252407073975,0.09197998046875,0.67333984375
566,209,-1.7327237129211426,1.0080575942993164,1.483443021774292,-2.4110701084136963,-0.5053070187568665,-3.1514182090759277,0.16357421875,0.67333984375
567,210,-1.8062987327575684,1.037412405014038,1.518359661102295,-0.956138014793396,0.19592738151550293,-3.8791041374206543,0.09197998046875,0.71337890625
568,209,-1.7327237129211426,1.0080575942993164,1.483443021774292,-2.4110701084136963,-0.5053070187568665,-3.1514182090759277,0.16357421875,0.67333984375
569,211,-1.773252010345459,0.9698004722595215,1.5061150789260864,-0.9180580973625183,0.2092825323343277,-3.887596607208252,0.16357421875,0.71337890625
570,212,-1.864952564239502,1.0137765407562256,1.5178806781768799,0.37617459893226624,0.6072969436645508,-3.9356987476348877,0.09197998046875,0.7490234375
571,210,-1.8062987327575684,1.037412405014038,1.518359661102295,-0.956138014793396,0.19592738151550293,-3.8791041374206543,0.09197998046875,0.71337890625
572,211,-1.773252010345459,0.9698004722595215,1.5061150789260864,-0.9180580973625183,0.2092825323343277,-3.887596607208252,0.16357421875,0.71337890625
573,212,-1.864952564239502,1.0137765407562256,1.5178806781768799,0.37617459893226624,0.6072969436645508,-3.9356987476348877,0.09197998046875,0.7490234375
574,211,-1.773252010345459,0.9698004722595215,1.5061150789260864,-0.9180580973625183,0.2092825323343277,-3.887596607208252,0.16357421875,0.71337890625
575,213,-1.82908296585083,0.9406571388244629,1.5100102424621582,0.3138587474822998,0.590511679649353,-3.9437074661254883,0.16357421875,0.7490234375
576,214,-1.927556037902832,0.9995594024658203,1.4987367391586304,1.0075429677963257,0.7618743777275085,-3.795318126678467,0.09197998046875,0.79248046875
577,212,-1.864952564239502,1.0137765407562256,1.5178806781768799,0.37617459893226624,0.6072969436645508,-3.9356987476348877,0.09197998046875,0.7490234375
578,213,-1.82908296585083,0.9406571388244629,1.5100102424621582,0.3138587474822998,0.590511679649353,-3.9437074661254883,0.16357421875,0.7490234375
579,214,-1.927556037902832,0.9995594024658203,1.4987367391586304,1.0075429677963257,0.7618743777275085,-3.795318126678467,0.09197998046875,0.79248046875
580,213,-1.82908296585083,0.9406571388244629,1.5100102424621582,0.3138587474822998,0.590511679649353,-3.9437074661254883,0.16357421875,0.7490234375
581,215,-1.8906974792480469,0.9188740253448486,1.4936869144439697,0.9889183044433594,0.7584301829338074,-3.8009021282196045,0.16357421875,0.79248046875
582,216,-2.0151312351226807,0.9813351631164551,1.4709997177124023,0.5435730814933777,0.3169788122177124,-3.9502010345458984,0.099365234375,0.90283203125
583,214,-1.927556037902832,0.9995594024658203,1.4987367391586304,1.0075429677963257,0.7618743777275085,-3.795318126678467,0.09197998046875,0.79248046875
584,215,-1.8906974792480469,0.9188740253448486,1.4936869144439697,0.9889183044433594,0.7584301829338074,-3.8009021282196045,0.16357421875,0.79248046875
585,216,-2.0151312351226807,0.9813351631164551,1.4709997177124023,0.5435730814933777,0.3169788122177124,-3.9502010345458984,0.099365234375,0.90283203125
586,215,-1.8906974792480469,0.9188740253448486,1.4936869144439697,0.9889183044433594,0.7584301829338074,-3.8009021282196045,0.16357421875,0.79248046875
587,217,-1.9738636016845703,0.8991611003875732,1.4649155139923096,0.6611801385879517,0.41747617721557617,-3.9228291511535645,0.16357421875,0.90283203125
588,217,-1.9738636016845703,0.8991611003875732,1.4649155139923096,0.6611801385879517,0.41747617721557617,-3.9228291511535645,0.16357421875,0.90283203125
589,218,-2.168560028076172,0.9303288459777832,1.4532108306884766,0.2508150041103363,0.06777960062026978,-3.9915573596954346,0.1170654296875,0.98193359375
590,216,-2.0151312351226807,0.9813351631164551,1.4709997177124023,0.5435730814933777,0.3169788122177124,-3.9502010345458984,0.099365234375,0.90283203125
591,217,-1.9738636016845703,0.8991611003875732,1.4649155139923096,0.6611801385879517,0.41747617721557617,-3.9228291511535645,0.16357421875,0.90283203125
592,219,-2.1260571479797363,0.876206636428833,1.4622441530227661,0.2508150637149811,0.06777966022491455,-3.9915575981140137,0.16357421875,0.98193359375
593,218,-2.168560028076172,0.9303288459777832,1.4532108306884766,0.2508150041103363,0.06777960062026978,-3.9915573596954346,0.1170654296875,0.98193359375
594,220,-1.4324288368225098,1.3421518802642822,1.241084098815918,2.5805110931396484,-2.9694173336029053,-0.7235611081123352,0.1146240234375,0.35791015625
595,221,-1.3986091613769531,1.3664183616638184,1.2824065685272217,2.8167479038238525,-2.7557148933410645,-0.6870067715644836,0.1719970703125,0.29931640625
596,222,-1.4261436462402344,1.342998743057251,1.2634570598602295,2.6510798931121826,-2.9091005325317383,-0.7133868932723999,0.166748046875,0.35791015625
597,223,-1.4548912048339844,1.3243787288665771,1.2394664287567139,1.8502986431121826,-3.46966552734375,-0.7333731055259705,0.110107421875,0.39208984375
598,220,-1.4324288368225098,1.3421518802642822,1.241084098815918,2.5805110931396484,-2.9694173336029053,-0.7235611081123352,0.1146240234375,0.35791015625
599,222,-1.4261436462402344,1.342998743057251,1.2634570598602295,2.6510798931121826,-2.9091005325317383,-0.7133868932723999,0.166748046875,0.35791015625
600,223,-1.4548912048339844,1.3243787288665771,1.2394664287567139,1.8502986431121826,-3.46966552734375,-0.7333731055259705,0.110107421875,0.39208984375
601,222,-1.4261436462402344,1.342998743057251,1.2634570598602295,2.6510798931121826,-2.9091005325317383,-0.7133868932723999,0.166748046875,0.35791015625
602,224,-1.4453225135803223,1.323441743850708,1.272956371307373,1.7736177444458008,-3.509754180908203,-0.732070803642273,0.162109375,0.392822265625
603,225,-1.4954042434692383,1.3035690784454346,1.2641962766647339,0.9811450839042664,-3.8073976039886475,-0.7355990409851074,0.1080322265625,0.4296875
604,223,-1.4548912048339844,1.3243787288665771,1.2394664287567139,1.8502986431121826,-3.46966552734375,-0.7333731055259705,0.110107421875,0.39208984375
605,224,-1.4453225135803223,1.323441743850708,1.272956371307373,1.7736177444458008,-3.509754180908203,-0.732070803642273,0.162109375,0.392822265625
606,225,-1.4954042434692383,1.3035690784454346,1.2641962766647339,0.9811450839042664,-3.8073976039886475,-0.7355990409851074,0.1080322265625,0.4296875
607,224,-1.4453225135803223,1.323441743850708,1.272956371307373,1.7736177444458008,-3.509754180908203,-0.732070803642273,0.162109375,0.392822265625
608,226,-1.4774699211120605,1.299966812133789,1.312293291091919,0.7392216920852661,-3.861917495727539,-0.7342842221260071,0.1600341796875,0.4365234375
609,227,-1.5481750965118408,1.292151689529419,1.3060636520385742,0.7303712368011475,-3.786785125732422,-1.0615296363830566,0.1080322265625,0.45849609375
610,225,-1.4954042434692383,1.3035690784454346,1.2641962766647339,0.9811450839042664,-3.8073976039886475,-0.7355990409851074,0.1080322265625,0.4296875
611,226,-1.4774699211120605,1.299966812133789,1.312293291091919,0.7392216920852661,-3.861917495727539,-0.7342842221260071,0.1600341796875,0.4365234375
612,227,-1.5481750965118408,1.292151689529419,1.3060636520385742,0.7303712368011475,-3.786785125732422,-1.0615296363830566,0.1080322265625,0.45849609375
613,226,-1.4774699211120605,1.299966812133789,1.312293291091919,0.7392216920852661,-3.861917495727539,-0.7342842221260071,0.1600341796875,0.4365234375
614,228,-1.5205204486846924,1.2815258502960205,1.3649276494979858,0.8184221982955933,-3.731529712677002,-1.1857059001922607,0.1600341796875,0.46728515625
615,229,-1.601813554763794,1.2699179649353027,1.3383938074111938,1.7527801990509033,-2.882938861846924,-2.148591995239258,0.1080322265625,0.498291015625
616,227,-1.5481750965118408,1.292151689529419,1.3060636520385742,0.7303712368011475,-3.786785125732422,-1.0615296363830566,0.1080322265625,0.45849609375
617,228,-1.5205204486846924,1.2815258502960205,1.3649276494979858,0.8184221982955933,-3.731529712677002,-1.1857059001922607,0.1600341796875,0.46728515625
618,229,-1.601813554763794,1.2699179649353027,1.3383938074111938,1.7527801990509033,-2.882938861846924,-2.148591995239258,0.1080322265625,0.498291015625
619,228,-1.5205204486846924,1.2815258502960205,1.3649276494979858,0.8184221982955933,-3.731529712677002,-1.1857059001922607,0.1600341796875,0.46728515625
620,230,-1.5652475357055664,1.2514317035675049,1.3988451957702637,1.77337646484375,-2.856095790863037,-2.1674578189849854,0.1600341796875,0.499755859375
621,231,-1.6583833694458008,1.2131409645080566,1.3491350412368774,1.948621153831482,-1.8118581771850586,-2.9866480827331543,0.1080322265625,0.53466796875
622,229,-1.601813554763794,1.2699179649353027,1.3383938074111938,1.7527801990509033,-2.882938861846924,-2.148591995239258,0.1080322265625,0.498291015625
623,230,-1.5652475357055664,1.2514317035675049,1.3988451957702637,1.77337646484375,-2.856095790863037,-2.1674578189849854,0.1600341796875,0.499755859375
624,231,-1.6583833694458008,1.2131409645080566,1.3491350412368774,1.948621153831482,-1.8118581771850586,-2.9866480827331543,0.1080322265625,0.53466796875
625,230,-1.5652475357055664,1.2514317035675049,1.3988451957702637,1.77337646484375,-2.856095790863037,-2.1674578189849854,0.1600341796875,0.499755859375
626,232,-1.6150445938110352,1.1857635974884033,1.3954147100448608,1.881937026977539,-1.746189832687378,-3.067434787750244,0.1600341796875,0.5400390625
627,233,-1.6875274181365967,1.1287178993225098,1.3865315914154053,0.7472751140594482,-1.4623483419418335,-3.647348165512085,0.1080322265625,0.5771484375
628,231,-1.6583833694458008,1.2131409645080566,1.3491350412368774,1.948621153831482,-1.8118581771850586,-2.9866480827331543,0.1080322265625,0.53466796875
629,232,-1.6150445938110352,1.1857635974884033,1.3954147100448608,1.881937026977539,-1.746189832687378,-3.067434787750244,0.1600341796875,0.5400390625
630,233,-1.6875274181365967,1.1287178993225098,1.3865315914154053,0.7472751140594482,-1.4623483419418335,-3.647348165512085,0.1080322265625,0.5771484375
631,232,-1.6150445938110352,1.1857635974884033,1.3954147100448608,1.881937026977539,-1.746189832687378,-3.067434787750244,0.1600341796875,0.5400390625
632,234,-1.6444871425628662,1.0906169414520264,1.4042614698410034,-0.12357819080352783,-1.4899351596832275,-3.710101842880249,0.1600341796875,0.59814453125
633,235,-1.7068986892700195,1.0477313995361328,1.4417715072631836,-1.6308351755142212,-1.283734679222107,-3.419420003890991,0.1080322265625,0.640625
634,233,-1.6875274181365967,1.1287178993225098,1.3865315914154053,0.7472751140594482,-1.4623483419418335,-3.647348165512085,0.1080322265625,0.5771484375
635,234,-1.6444871425628662,1.0906169414520264,1.4042614698410034,-0.12357819080352783,-1.4899351596832275,-3.710101842880249,0.1600341796875,0.59814453125
636,235,-1.7068986892700195,1.0477313995361328,1.4417715072631836,-1.6308351755142212,-1.283734679222107,-3.419420003890991,0.1080322265625,0.640625
637,234,-1.6444871425628662,1.0906169414520264,1.4042614698410034,-0.12357819080352783,-1.4899351596832275,-3.710101842880249,0.1600341796875,0.59814453125
638,236,-1.670710563659668,1.0018353462219238,1.4321303367614746,-1.9117333889007568,-1.1830166578292847,-3.308440685272217,0.1600341796875,0.66748046875
639,237,-1.731177806854248,1.009345531463623,1.47977876663208,-2.206245183944702,-0.46983766555786133,-3.3032963275909424,0.1080322265625,0.70849609375
640,235,-1.7068986892700195,1.0477313995361328,1.4417715072631836,-1.6308351755142212,-1.283734679222107,-3.419420003890991,0.1080322265625,0.640625
641,236,-1.670710563659668,1.0018353462219238,1.4321303367614746,-1.9117333889007568,-1.1830166578292847,-3.308440685272217,0.1600341796875,0.66748046875
642,237,-1.731177806854248,1.009345531463623,1.47977876663208,-2.206245183944702,-0.46983766555786133,-3.3032963275909424,0.1080322265625,0.70849609375
643,236,-1.670710563659668,1.0018353462219238,1.4321303367614746,-1.9117333889007568,-1.1830166578292847,-3.308440685272217,0.1600341796875,0.66748046875
644,238,-1.699803352355957,0.9592258930206299,1.4636509418487549,-2.1590285301208496,-0.39551153779029846,-3.3439791202545166,0.1600341796875,0.71484375
645,239,-1.7709698677062988,0.9742410182952881,1.5007703304290771,-1.3484561443328857,0.3906708359718323,-3.7455413341522217,0.1080322265625,0.75439453125
646,237,-1.731177806854248,1.009345531463623,1.47977876663208,-2.206245183944702,-0.46983766555786133,-3.3032963275909424,0.1080322265625,0.70849609375
647,238,-1.699803352355957,0.9592258930206299,1.4636509418487549,-2.1590285301208496,-0.39551153779029846,-3.3439791202545166,0.1600341796875,0.71484375
648,239,-1.7709698677062988,0.9742410182952881,1.5007703304290771,-1.3484561443328857,0.3906708359718323,-3.7455413341522217,0.1080322265625,0.75439453125
649,238,-1.699803352355957,0.9592258930206299,1.4636509418487549,-2.1590285301208496,-0.39551153779029846,-3.3439791202545166,0.1600341796875,0.71484375
650,240,-1.7417950630187988,0.9225046634674072,1.4835484027862549,-1.3240082263946533,0.40590155124664307,-3.752635955810547,0.1600341796875,0.755859375
651,241,-1.8225603103637695,0.9445300102233887,1.5049364566802979,0.22176437079906464,0.7237821221351624,-3.9277217388153076,0.1080322265625,0.79345703125
652,239,-1.7709698677062988,0.9742410182952881,1.5007703304290771,-1.3484561443328857,0.3906708359718323,-3.7455413341522217,0.1080322265625,0.75439453125
653,240,-1.7417950630187988,0.9225046634674072,1.4835484027862549,-1.3240082263946533,0.40590155124664307,-3.752635955810547,0.1600341796875,0.755859375
654,241,-1.8225603103637695,0.9445300102233887,1.5049364566802979,0.22176437079906464,0.7237821221351624,-3.9277217388153076,0.1080322265625,0.79345703125
655,240,-1.7417950630187988,0.9225046634674072,1.4835484027862549,-1.3240082263946533,0.40590155124664307,-3.752635955810547,0.1600341796875,0.755859375
656,242,-1.794424057006836,0.8914334774017334,1.4907433986663818,0.1771320402622223,0.7238280773162842,-3.929978609085083,0.1600341796875,0.79345703125
657,242,-1.794424057006836,0.8914334774017334,1.4907433986663818,0.1771320402622223,0.7238280773162842,-3.929978609085083,0.1600341796875,0.79345703125
658,243,-1.967475414276123,0.9063653945922852,1.467496395111084,0.2876475155353546,0.17817270755767822,-3.985668420791626,0.1080322265625,0.91455078125
659,241,-1.8225603103637695,0.9445300102233887,1.5049364566802979,0.22176437079906464,0.7237821221351624,-3.9277217388153076,0.1080322265625,0.79345703125
660,242,-1.794424057006836,0.8914334774017334,1.4907433986663818,0.1771320402622223,0.7238280773162842,-3.929978609085083,0.1600341796875,0.79345703125
661,244,-1.9369313716888428,0.8437647819519043,1.4690998792648315,0.3472983241081238,0.2862628102302551,-3.9746038913726807,0.1600341796875,0.91455078125
662,243,-1.967475414276123,0.9063653945922852,1.467496395111084,0.2876475155353546,0.17817270755767822,-3.985668420791626,0.1080322265625,0.91455078125
663,244,-1.9369313716888428,0.8437647819519043,1.4690998792648315,0.3472983241081238,0.2862628102302551,-3.9746038913726807,0.1600341796875,0.91455078125
664,245,-2.1159133911132812,0.8803198337554932,1.4632936716079712,0.09524455666542053,-0.168260395526886,-3.995328426361084,0.1080322265625,0.97705078125
665,243,-1.967475414276123,0.9063653945922852,1.467496395111084,0.2876475155353546,0.17817270755767822,-3.985668420791626,0.1080322265625,0.91455078125
666,244,-1.9369313716888428,0.8437647819519043,1.4690998792648315,0.3472983241081238,0.2862628102302551,-3.9746038913726807,0.1600341796875,0.91455078125
667,246,-2.08056378364563,0.8010754585266113,1.469234585762024,0.0952443778514862,-0.16826045513153076,-3.995328426361084,0.1600341796875,0.97705078125
668,245,-2.1159133911132812,0.8803198337554932,1.4632936716079712,0.09524455666542053,-0.168260395526886,-3.995328426361084,0.1080322265625,0.97705078125
669,247,-1.5378623008728027,1.2152512073516846,1.2917675971984863,1.6165828704833984,-2.8090198040008545,-2.344374656677246,0.52197265625,0.89208984375
670,248,-1.5081515312194824,1.3042526245117188,1.261876106262207,2.751061201095581,-1.7072550058364868,-2.348820686340332,0.4599609375,0.86865234375
671,249,-1.5226030349731445,1.2137336730957031,1.310741901397705,1.4938597679138184,-2.892138957977295,-2.3246374130249023,0.52197265625,0.84521484375
672,250,-1.6053695678710938,1.1601688861846924,1.3398792743682861,1.0160276889801025,-2.826517105102539,-2.641688108444214,0.56884765625,0.89208984375
673,247,-1.5378623008728027,1.2152512073516846,1.2917675971984863,1.6165828704833984,-2.8090198040008545,-2.344374656677246,0.52197265625,0.89208984375
674,249,-1.5226030349731445,1.2137336730957031,1.310741901397705,1.4938597679138184,-2.892138957977295,-2.3246374130249023,0.52197265625,0.84521484375
675,250,-1.6053695678710938,1.1601688861846924,1.3398792743682861,1.0160276889801025,-2.826517105102539,-2.641688108444214,0.56884765625,0.89208984375
676,249,-1.5226030349731445,1.2137336730957031,1.310741901397705,1.4938597679138184,-2.892138957977295,-2.3246374130249023,0.52197265625,0.84521484375
677,251,-1.5713706016540527,1.1406123638153076,1.3754552602767944,0.9877341389656067,-2.784970283508301,-2.6959872245788574,0.56884765625,0.84521484375
678,252,-1.674884557723999,1.1081876754760742,1.3734211921691895,0.9081990718841553,-2.2065396308898926,-3.210355758666992,0.63623046875,0.89208984375
679,250,-1.6053695678710938,1.1601688861846924,1.3398792743682861,1.0160276889801025,-2.826517105102539,-2.641688108444214,0.56884765625,0.89208984375
680,251,-1.5713706016540527,1.1406123638153076,1.3754552602767944,0.9877341389656067,-2.784970283508301,-2.6959872245788574,0.56884765625,0.84521484375
681,252,-1.674884557723999,1.1081876754760742,1.3734211921691895,0.9081990718841553,-2.2065396308898926,-3.210355758666992,0.63623046875,0.89208984375
682,251,-1.5713706016540527,1.1406123638153076,1.3754552602767944,0.9877341389656067,-2.784970283508301,-2.6959872245788574,0.56884765625,0.84521484375
683,253,-1.626889705657959,1.0768816471099854,1.4087016582489014,0.9134814739227295,-2.1007142066955566,-3.2791125774383545,0.63623046875,0.84521484375
684,254,-1.7027764320373535,1.0415685176849365,1.4043382406234741,0.3712238073348999,-1.5592658519744873,-3.664820671081543,0.75634765625,0.89208984375
685,252,-1.674884557723999,1.1081876754760742,1.3734211921691895,0.9081990718841553,-2.2065396308898926,-3.210355758666992,0.63623046875,0.89208984375
686,253,-1.626889705657959,1.0768816471099854,1.4087016582489014,0.9134814739227295,-2.1007142066955566,-3.2791125774383545,0.63623046875,0.84521484375
687,254,-1.7027764320373535,1.0415685176849365,1.4043382406234741,0.3712238073348999,-1.5592658519744873,-3.664820671081543,0.75634765625,0.89208984375
688,253,-1.626889705657959,1.0768816471099854,1.4087016582489014,0.9134814739227295,-2.1007142066955566,-3.2791125774383545,0.63623046875,0.84521484375
689,255,-1.6563217639923096,1.0072999000549316,1.4220211505889893,-0.08244305849075317,-1.5448724031448364,-3.688713312149048,0.75634765625,0.84521484375
690,256,-1.714691400527954,0.9767539501190186,1.4493987560272217,-1.4822793006896973,-0.6111243963241577,-3.6646158695220947,0.81884765625,0.89208984375
691,254,-1.7027764320373535,1.0415685176849365,1.4043382406234741,0.3712238073348999,-1.5592658519744873,-3.664820671081543,0.75634765625,0.89208984375
692,255,-1.6563217639923096,1.0072999000549316,1.4220211505889893,-0.08244305849075317,-1.5448724031448364,-3.688713312149048,0.75634765625,0.84521484375
693,256,-1.714691400527954,0.9767539501190186,1.4493987560272217,-1.4822793006896973,-0.6111243963241577,-3.6646158695220947,0.81884765625,0.89208984375
694,255,-1.6563217639923096,1.0072999000549316,1.4220211505889893,-0.08244305849075317,-1.5448724031448364,-3.688713312149048,0.75634765625,0.84521484375
695,257,-1.6809687614440918,0.9373135566711426,1.4410942792892456,-1.6724114418029785,-0.2698676586151123,-3.623567819595337,0.81884765625,0.84521484375
696,258,-1.7529394626617432,0.9330272674560547,1.4839777946472168,-1.5146613121032715,1.5701463222503662,-3.3526816368103027,0.841796875,0.89208984375
697,256,-1.714691400527954,0.9767539501190186,1.4493987560272217,-1.4822793006896973,-0.6111243963241577,-3.6646158695220947,0.81884765625,0.89208984375
698,257,-1.6809687614440918,0.9373135566711426,1.4410942792892456,-1.6724114418029785,-0.2698676586151123,-3.623567819595337,0.81884765625,0.84521484375
699,258,-1.7529394626617432,0.9330272674560547,1.4839777946472168,-1.5146613121032715,1.5701463222503662,-3.3526816368103027,0.841796875,0.89208984375
700,257,-1.6809687614440918,0.9373135566711426,1.4410942792892456,-1.6724114418029785,-0.2698676586151123,-3.623567819595337,0.81884765625,0.84521484375
701,259,-1.7328662872314453,0.8848109245300293,1.4458714723587036,-1.4556894302368164,1.6633174419403076,-3.333822727203369,0.841796875,0.84521484375
702,260,-1.8138213157653809,0.9035747051239014,1.484774112701416,-0.44082027673721313,2.260826349258423,-3.270226001739502,0.87548828125,0.89208984375
703,258,-1.7529394626617432,0.9330272674560547,1.4839777946472168,-1.5146613121032715,1.5701463222503662,-3.3526816368103027,0.841796875,0.89208984375
704,259,-1.7328662872314453,0.8848109245300293,1.4458714723587036,-1.4556894302368164,1.6633174419403076,-3.333822727203369,0.841796875,0.84521484375
705,260,-1.8138213157653809,0.9035747051239014,1.484774112701416,-0.44082027673721313,2.260826349258423,-3.270226001739502,0.87548828125,0.89208984375
706,259,-1.7328662872314453,0.8848109245300293,1.4458714723587036,-1.4556894302368164,1.6633174419403076,-3.333822727203369,0.841796875,0.84521484375
707,261,-1.8049898147583008,0.8601605892181396,1.4434361457824707,-0.327664315700531,2.2283740043640137,-3.3056044578552246,0.88134765625,0.84521484375
708,261,-1.8049898147583008,0.8601605892181396,1.4434361457824707,-0.327664315700531,2.2283740043640137,-3.3056044578552246,0.88134765625,0.84521484375
709,262,-1.9146909713745117,0.8769130706787109,1.452163577079773,0.05092829465866089,2.105269193649292,-3.4007771015167236,0.923828125,0.89208984375
710,260,-1.8138213157653809,0.9035747051239014,1.484774112701416,-0.44082027673721313,2.260826349258423,-3.270226001739502,0.87548828125,0.89208984375
711,261,-1.8049898147583008,0.8601605892181396,1.4434361457824707,-0.327664315700531,2.2283740043640137,-3.3056044578552246,0.88134765625,0.84521484375
712,263,-1.8963990211486816,0.8242294788360596,1.434418797492981,0.05092811584472656,2.105269193649292,-3.4007771015167236,0.93408203125,0.84521484375
713,262,-1.9146909713745117,0.8769130706787109,1.452163577079773,0.05092829465866089,2.105269193649292,-3.4007771015167236,0.923828125,0.89208984375
714,264,-1.656585454940796,1.1984000205993652,0.7248213291168213,3.5748250484466553,-0.44293010234832764,1.7390968799591064,0.49072265625,0.84619140625
715,265,-1.6511693000793457,1.1850347518920898,0.7106583118438721,3.6107754707336426,-0.3586404323577881,1.6833581924438477,0.4775390625,0.88818359375
716,266,-1.6334362030029297,1.219162940979004,0.6672691106796265,3.71767520904541,-0.056398868560791016,1.4750351905822754,0.317626953125,0.8671875
717,264,-1.656585454940796,1.1984000205993652,0.7248213291168213,3.5748250484466553,-0.44293010234832764,1.7390968799591064,0.49072265625,0.84619140625
718,267,-1.6769628524780273,1.1556196212768555,0.7531299591064453,3.278066635131836,-0.8879998922348022,2.1132330894470215,0.53857421875,0.88818359375
719,265,-1.6511693000793457,1.1850347518920898,0.7106583118438721,3.6107754707336426,-0.3586404323577881,1.6833581924438477,0.4775390625,0.88818359375
720,264,-1.656585454940796,1.1984000205993652,0.7248213291168213,3.5748250484466553,-0.44293010234832764,1.7390968799591064,0.49072265625,0.84619140625
721,268,-1.6862683296203613,1.1816608905792236,0.7795054912567139,3.1089816093444824,-1.0824544429779053,2.272123336791992,0.560546875,0.84619140625
722,267,-1.6769628524780273,1.1556196212768555,0.7531299591064453,3.278066635131836,-0.8879998922348022,2.1132330894470215,0.53857421875,0.88818359375
723,268,-1.6862683296203613,1.1816608905792236,0.7795054912567139,3.1089816093444824,-1.0824544429779053,2.272123336791992,0.560546875,0.84619140625
724,269,-1.71388578414917,1.1340057849884033,0.7882344722747803,2.3058226108551025,-1.6527982950210571,2.8198347091674805,0.58056640625,0.88818359375
725,267,-1.6769628524780273,1.1556196212768555,0.7531299591064453,3.278066635131836,-0.8879998922348022,2.1132330894470215,0.53857421875,0.88818359375
726,268,-1.6862683296203613,1.1816608905792236,0.7795054912567139,3.1089816093444824,-1.0824544429779053,2.272123336791992,0.560546875,0.84619140625
727,270,-1.7269377708435059,1.1714932918548584,0.8222911357879639,1.8809984922409058,-1.8526992797851562,3.004892349243164,0.603515625,0.84619140625
728,269,-1.71388578414917,1.1340057849884033,0.7882344722747803,2.3058226108551025,-1.6527982950210571,2.8198347091674805,0.58056640625,0.88818359375
729,270,-1.7269377708435059,1.1714932918548584,0.8222911357879639,1.8809984922409058,-1.8526992797851562,3.004892349243164,0.603515625,0.84619140625
730,271,-1.7904853820800781,1.1289753913879395,0.8231584429740906,0.4602299928665161,-1.9948790073394775,3.4363763332366943,0.630859375,0.88818359375
731,269,-1.71388578414917,1.1340057849884033,0.7882344722747803,2.3058226108551025,-1.6527982950210571,2.8198347091674805,0.58056640625,0.88818359375
732,270,-1.7269377708435059,1.1714932918548584,0.8222911357879639,1.8809984922409058,-1.8526992797851562,3.004892349243164,0.603515625,0.84619140625
733,272,-1.8002655506134033,1.1575024127960205,0.8418653011322021,0.04052528738975525,-1.941255807876587,3.4971299171447754,0.6513671875,0.84619140625
734,271,-1.7904853820800781,1.1289753913879395,0.8231584429740906,0.4602299928665161,-1.9948790073394775,3.4363763332366943,0.630859375,0.88818359375
735,272,-1.8002655506134033,1.1575024127960205,0.8418653011322021,0.04052528738975525,-1.941255807876587,3.4971299171447754,0.6513671875,0.84619140625
736,273,-1.908710241317749,1.1387662887573242,0.8065259456634521,-0.8800563216209412,-1.5505858659744263,3.5806729793548584,0.6884765625,0.88818359375
737,271,-1.7904853820800781,1.1289753913879395,0.8231584429740906,0.4602299928665161,-1.9948790073394775,3.4363763332366943,0.630859375,0.88818359375
738,272,-1.8002655506134033,1.1575024127960205,0.8418653011322021,0.04052528738975525,-1.941255807876587,3.4971299171447754,0.6513671875,0.84619140625
739,274,-1.9206132888793945,1.1677064895629883,0.8115456104278564,-0.9128835797309875,-1.3866583108901978,3.6392111778259277,0.70654296875,0.84619140625
740,273,-1.908710241317749,1.1387662887573242,0.8065259456634521,-0.8800563216209412,-1.5505858659744263,3.5806729793548584,0.6884765625,0.88818359375
741,274,-1.9206132888793945,1.1677064895629883,0.8115456104278564,-0.9128835797309875,-1.3866583108901978,3.6392111778259277,0.70654296875,0.84619140625
742,275,-1.9991636276245117,1.1412129402160645,0.7832971811294556,0.13393235206604004,-1.0490574836730957,3.8576643466949463,0.75732421875,0.88818359375
743,273,-1.908710241317749,1.1387662887573242,0.8065259456634521,-0.8800563216209412,-1.5505858659744263,3.5806729793548584,0.6884765625,0.88818359375
744,274,-1.9206132888793945,1.1677064895629883,0.8115456104278564,-0.9128835797309875,-1.3866583108901978,3.6392111778259277,0.70654296875,0.84619140625
745,276,-2.012986421585083,1.176389455795288,0.7907735109329224,0.4298965036869049,-1.0183309316635132,3.844245672225952,0.76708984375,0.84619140625
746,275,-1.9991636276245117,1.1412129402160645,0.7832971811294556,0.13393235206604004,-1.0490574836730957,3.8576643466949463,0.75732421875,0.88818359375
747,276,-2.012986421585083,1.176389455795288,0.7907735109329224,0.4298965036869049,-1.0183309316635132,3.844245672225952,0.76708984375,0.84619140625
748,277,-2.0755367279052734,1.1076562404632568,0.795859694480896,2.22108793258667,-0.9744635224342346,3.1807570457458496,0.796875,0.88818359375
749,275,-1.9991636276245117,1.1412129402160645,0.7832971811294556,0.13393235206604004,-1.0490574836730957,3.8576643466949463,0.75732421875,0.88818359375
750,276,-2.012986421585083,1.176389455795288,0.7907735109329224,0.4298965036869049,-1.0183309316635132,3.844245672225952,0.76708984375,0.84619140625
751,278,-2.087036609649658,1.1474330425262451,0.8154451251029968,2.1999125480651855,-0.9733519554138184,3.1957778930664062,0.80029296875,0.84619140625
752,277,-2.0755367279052734,1.1076562404632568,0.795859694480896,2.22108793258667,-0.9744635224342346,3.1807570457458496,0.796875,0.88818359375
753,278,-2.087036609649658,1.1474330425262451,0.8154451251029968,2.1999125480651855,-0.9733519554138184,3.1957778930664062,0.80029296875,0.84619140625
754,279,-2.1447949409484863,1.057403802871704,0.8416157960891724,2.9171881675720215,-1.0058149099349976,2.545264482498169,0.86376953125,0.88818359375
755,277,-2.0755367279052734,1.1076562404632568,0.795859694480896,2.22108793258667,-0.9744635224342346,3.1807570457458496,0.796875,0.88818359375
756,278,-2.087036609649658,1.1474330425262451,0.8154451251029968,2.1999125480651855,-0.9733519554138184,3.1957778930664062,0.80029296875,0.84619140625
757,280,-2.152606964111328,1.0988554954528809,0.8713813424110413,2.9297237396240234,-1.007163405418396,2.5302886962890625,0.8671875,0.84619140625
758,279,-2.1447949409484863,1.057403802871704,0.8416157960891724,2.9171881675720215,-1.0058149099349976,2.545264482498169,0.86376953125,0.88818359375
759,280,-2.152606964111328,1.0988554954528809,0.8713813424110413,2.9297237396240234,-1.007163405418396,2.5302886962890625,0.8671875,0.84619140625
760,281,-2.213132619857788,1.0130503177642822,0.9117923974990845,3.0495402812957764,-0.9113851189613342,2.422746419906616,0.9248046875,0.88818359375
761,279,-2.1447949409484863,1.057403802871704,0.8416157960891724,2.9171881675720215,-1.0058149099349976,2.545264482498169,0.86376953125,0.88818359375
762,280,-2.152606964111328,1.0988554954528809,0.8713813424110413,2.9297237396240234,-1.007163405418396,2.5302886962890625,0.8671875,0.84619140625
763,282,-2.226905345916748,1.0545322895050049,0.9447822570800781,3.0517935752868652,-0.8797135353088379,2.431600332260132,0.9326171875,0.84619140625
764,281,-2.213132619857788,1.0130503177642822,0.9117923974990845,3.0495402812957764,-0.9113851189613342,2.422746419906616,0.9248046875,0.88818359375
765,281,-2.213132619857788,1.0130503177642822,0.9117923974990845,3.0495402812957764,-0.9113851189613342,2.422746419906616,0.9248046875,0.88818359375
766,282,-2.226905345916748,1.0545322895050049,0.9447822570800781,3.0517935752868652,-0.8797135353088379,2.431600332260132,0.9326171875,0.84619140625
767,283,-2.2852962017059326,1.0067195892333984,0.999390721321106,3.0587453842163086,-0.7521395087242126,2.465437889099121,0.96337890625,0.84619140625
768,281,-2.213132619857788,1.0130503177642822,0.9117923974990845,3.0495402812957764,-0.9113851189613342,2.422746419906616,0.9248046875,0.88818359375
769,283,-2.2852962017059326,1.0067195892333984,0.999390721321106,3.0587453842163086,-0.7521395087242126,2.465437889099121,0.96337890625,0.84619140625
770,284,-2.2637932300567627,0.9681704044342041,0.9642000198364258,3.0587449073791504,-0.7521396279335022,2.465437650680542,0.94970703125,0.88818359375
771,285,-1.7273049354553223,1.3477494716644287,0.6173461675643921,2.3126657009124756,2.909198522567749,1.479246735572815,0.163330078125,0.3115234375
772,286,-1.7034826278686523,1.3066511154174805,0.6609262228012085,2.400529623031616,2.905796527862549,1.3393398523330688,0.1695556640625,0.342529296875
773,287,-1.68251371383667,1.301823377609253,0.6376358270645142,2.400885581970215,2.9057717323303223,1.3387551307678223,0.134765625,0.341552734375
774,286,-1.7034826278686523,1.3066511154174805,0.6609262228012085,2.400529623031616,2.905796527862549,1.3393398523330688,0.1695556640625,0.342529296875
775,288,-1.6458837985992432,1.2536437511444092,0.6719643473625183,2.7311418056488037,2.442065954208374,1.6053681373596191,0.11419677734375,0.447265625
776,287,-1.68251371383667,1.301823377609253,0.6376358270645142,2.400885581970215,2.9057717323303223,1.3387551307678223,0.134765625,0.341552734375
777,286,-1.7034826278686523,1.3066511154174805,0.6609262228012085,2.400529623031616,2.905796527862549,1.3393398523330688,0.1695556640625,0.342529296875
778,289,-1.6841440200805664,1.2705488204956055,0.7104359269142151,2.802306652069092,2.3074283599853516,1.6801424026489258,0.1590576171875,0.450439453125
779,288,-1.6458837985992432,1.2536437511444092,0.6719643473625183,2.7311418056488037,2.442065954208374,1.6053681373596191,0.11419677734375,0.447265625
780,290,-1.694760799407959,1.2367517948150635,0.7678539752960205,2.9321765899658203,1.4163002967834473,2.3230278491973877,0.157470703125,0.56298828125
781,288,-1.6458837985992432,1.2536437511444092,0.6719643473625183,2.7311418056488037,2.442065954208374,1.6053681373596191,0.11419677734375,0.447265625
782,289,-1.6841440200805664,1.2705488204956055,0.7104359269142151,2.802306652069092,2.3074283599853516,1.6801424026489258,0.1590576171875,0.450439453125
783,290,-1.694760799407959,1.2367517948150635,0.7678539752960205,2.9321765899658203,1.4163002967834473,2.3230278491973877,0.157470703125,0.56298828125
784,291,-1.6538891792297363,1.211383581161499,0.7246744632720947,2.9576406478881836,1.7316243648529053,2.062490224838257,0.11260986328125,0.5400390625
785,288,-1.6458837985992432,1.2536437511444092,0.6719643473625183,2.7311418056488037,2.442065954208374,1.6053681373596191,0.11419677734375,0.447265625
786,290,-1.694760799407959,1.2367517948150635,0.7678539752960205,2.9321765899658203,1.4163002967834473,2.3230278491973877,0.157470703125,0.56298828125
787,292,-1.684220314025879,1.1828360557556152,0.7799238562583923,2.6787338256835938,1.0980433225631714,2.7602012157440186,0.11260986328125,0.580078125
788,291,-1.6538891792297363,1.211383581161499,0.7246744632720947,2.9576406478881836,1.7316243648529053,2.062490224838257,0.11260986328125,0.5400390625
789,290,-1.694760799407959,1.2367517948150635,0.7678539752960205,2.9321765899658203,1.4163002967834473,2.3230278491973877,0.157470703125,0.56298828125
790,293,-1.732762098312378,1.2166686058044434,0.8122710585594177,2.386995553970337,1.0463005304336548,3.034391403198242,0.157470703125,0.611328125
791,292,-1.684220314025879,1.1828360557556152,0.7799238562583923,2.6787338256835938,1.0980433225631714,2.7602012157440186,0.11260986328125,0.580078125
792,293,-1.732762098312378,1.2166686058044434,0.8122710585594177,2.386995553970337,1.0463005304336548,3.034391403198242,0.157470703125,0.611328125
793,294,-1.7300360202789307,1.1594805717468262,0.8285659551620483,2.1091318130493164,0.9707745909690857,3.257173776626587,0.11260986328125,0.62548828125
794,292,-1.684220314025879,1.1828360557556152,0.7799238562583923,2.6787338256835938,1.0980433225631714,2.7602012157440186,0.11260986328125,0.580078125
795,293,-1.732762098312378,1.2166686058044434,0.8122710585594177,2.386995553970337,1.0463005304336548,3.034391403198242,0.157470703125,0.611328125
796,295,-1.7906837463378906,1.1994609832763672,0.8484827876091003,1.5800039768218994,0.8734073638916016,3.569422721862793,0.157470703125,0.66015625
797,294,-1.7300360202789307,1.1594805717468262,0.8285659551620483,2.1091318130493164,0.9707745909690857,3.257173776626587,0.11260986328125,0.62548828125
798,295,-1.7906837463378906,1.1994609832763672,0.8484827876091003,1.5800039768218994,0.8734073638916016,3.569422721862793,0.157470703125,0.66015625
799,296,-1.7832286357879639,1.135127305984497,0.8593282699584961,0.9375938177108765,0.5503535270690918,3.8494231700897217,0.11260986328125,0.6669921875
800,294,-1.7300360202789307,1.1594805717468262,0.8285659551620483,2.1091318130493164,0.9707745909690857,3.257173776626587,0.11260986328125,0.62548828125
801,295,-1.7906837463378906,1.1994609832763672,0.8484827876091003,1.5800039768218994,0.8734073638916016,3.569422721862793,0.157470703125,0.66015625
802,297,-1.8490731716156006,1.1869416236877441,0.8621149659156799,-0.47039392590522766,-0.05846703052520752,3.9718191623687744,0.157470703125,0.6962890625
803,296,-1.7832286357879639,1.135127305984497,0.8593282699584961,0.9375938177108765,0.5503535270690918,3.8494231700897217,0.11260986328125,0.6669921875
804,297,-1.8490731716156006,1.1869416236877441,0.8621149659156799,-0.47039392590522766,-0.05846703052520752,3.9718191623687744,0.157470703125,0.6962890625
805,298,-1.836099624633789,1.1075539588928223,0.8647828102111816,-0.6529562473297119,-0.1960906982421875,3.9414758682250977,0.11260986328125,0.7021484375
806,296,-1.7832286357879639,1.135127305984497,0.8593282699584961,0.9375938177108765,0.5503535270690918,3.8494231700897217,0.11260986328125,0.6669921875
807,299,-1.915071725845337,1.165217638015747,0.8502244353294373,-1.1993155479431152,-0.5773555636405945,3.7720468044281006,0.157470703125,0.734375
808,298,-1.836099624633789,1.1075539588928223,0.8647828102111816,-0.6529562473297119,-0.1960906982421875,3.9414758682250977,0.11260986328125,0.7021484375
809,297,-1.8490731716156006,1.1869416236877441,0.8621149659156799,-0.47039392590522766,-0.05846703052520752,3.9718191623687744,0.157470703125,0.6962890625
810,299,-1.915071725845337,1.165217638015747,0.8502244353294373,-1.1993155479431152,-0.5773555636405945,3.7720468044281006,0.157470703125,0.734375
811,300,-1.8800761699676514,1.0854971408843994,0.8464586734771729,-1.1944100856781006,-0.572227954864502,3.774383783340454,0.11260986328125,0.7314453125
812,298,-1.836099624633789,1.1075539588928223,0.8647828102111816,-0.6529562473297119,-0.1960906982421875,3.9414758682250977,0.11260986328125,0.7021484375
813,301,-1.9574246406555176,1.1469039916992188,0.8296956419944763,-1.2557891607284546,-0.9301238656044006,3.682105541229248,0.157470703125,0.76220703125
814,300,-1.8800761699676514,1.0854971408843994,0.8464586734771729,-1.1944100856781006,-0.572227954864502,3.774383783340454,0.11260986328125,0.7314453125
815,299,-1.915071725845337,1.165217638015747,0.8502244353294373,-1.1993155479431152,-0.5773555636405945,3.7720468044281006,0.157470703125,0.734375
816,301,-1.9574246406555176,1.1469039916992188,0.8296956419944763,-1.2557891607284546,-0.9301238656044006,3.682105541229248,0.157470703125,0.76220703125
817,302,-1.9238505363464355,1.0698812007904053,0.8238638639450073,-1.2575496435165405,-0.9296073913574219,3.6816344261169434,0.11260986328125,0.7607421875
818,300,-1.8800761699676514,1.0854971408843994,0.8464586734771729,-1.1944100856781006,-0.572227954864502,3.774383783340454,0.11260986328125,0.7314453125
819,301,-1.9574246406555176,1.1469039916992188,0.8296956419944763,-1.2557891607284546,-0.9301238656044006,3.682105541229248,0.157470703125,0.76220703125
820,303,-1.9535479545593262,1.0607187747955322,0.8076626658439636,-0.4089387357234955,-0.8349063396453857,3.890467643737793,0.11260986328125,0.7822265625
821,302,-1.9238505363464355,1.0698812007904053,0.8238638639450073,-1.2575496435165405,-0.9296073913574219,3.6816344261169434,0.11260986328125,0.7607421875
822,301,-1.9574246406555176,1.1469039916992188,0.8296956419944763,-1.2557891607284546,-0.9301238656044006,3.682105541229248,0.157470703125,0.76220703125
823,304,-2.0124497413635254,1.120744228363037,0.8137355446815491,-0.12251181155443192,-0.7481979727745056,3.9274964332580566,0.157470703125,0.80029296875
824,303,-1.9535479545593262,1.0607187747955322,0.8076626658439636,-0.4089387357234955,-0.8349063396453857,3.890467643737793,0.11260986328125,0.7822265625
825,304,-2.0124497413635254,1.120744228363037,0.8137355446815491,-0.12251181155443192,-0.7481979727745056,3.9274964332580566,0.157470703125,0.80029296875
826,305,-2.0087318420410156,1.0344958305358887,0.8008484840393066,1.2436264753341675,-0.22114238142967224,3.7953288555145264,0.11260986328125,0.82177734375
827,303,-1.9535479545593262,1.0607187747955322,0.8076626658439636,-0.4089387357234955,-0.8349063396453857,3.890467643737793,0.11260986328125,0.7822265625
828,304,-2.0124497413635254,1.120744228363037,0.8137355446815491,-0.12251181155443192,-0.7481979727745056,3.9274964332580566,0.157470703125,0.80029296875
829,306,-2.0573172569274902,1.0931053161621094,0.8236870169639587,1.4369010925292969,-0.13249365985393524,3.730656147003174,0.157470703125,0.833984375
830,305,-2.0087318420410156,1.0344958305358887,0.8008484840393066,1.2436264753341675,-0.22114238142967224,3.7953288555145264,0.11260986328125,0.82177734375
831,306,-2.0573172569274902,1.0931053161621094,0.8236870169639587,1.4369010925292969,-0.13249365985393524,3.730656147003174,0.157470703125,0.833984375
832,307,-2.0736961364746094,0.9921178817749023,0.836230993270874,2.2993831634521484,0.39616459608078003,3.2489876747131348,0.11260986328125,0.875
833,305,-2.0087318420410156,1.0344958305358887,0.8008484840393066,1.2436264753341675,-0.22114238142967224,3.7953288555145264,0.11260986328125,0.82177734375
834,306,-2.0573172569274902,1.0931053161621094,0.8236870169639587,1.4369010925292969,-0.13249365985393524,3.730656147003174,0.157470703125,0.833984375
835,308,-2.1139304637908936,1.0533099174499512,0.8590743541717529,2.341212511062622,0.4315037429332733,3.2144293785095215,0.157470703125,0.88134765625
836,307,-2.0736961364746094,0.9921178817749023,0.836230993270874,2.2993831634521484,0.39616459608078003,3.2489876747131348,0.11260986328125,0.875
837,308,-2.1139304637908936,1.0533099174499512,0.8590743541717529,2.341212511062622,0.4315037429332733,3.2144293785095215,0.157470703125,0.88134765625
838,309,-2.2036256790161133,0.9069736003875732,0.9560494422912598,2.4684767723083496,0.5416538715362549,3.1005256175994873,0.11260986328125,0.9853515625
839,307,-2.0736961364746094,0.9921178817749023,0.836230993270874,2.2993831634521484,0.39616459608078003,3.2489876747131348,0.11260986328125,0.875
840,308,-2.1139304637908936,1.0533099174499512,0.8590743541717529,2.341212511062622,0.4315037429332733,3.2144293785095215,0.157470703125,0.88134765625
841,310,-2.2357237339019775,0.9779648780822754,0.9677014350891113,2.4684765338897705,0.5416538715362549,3.1005258560180664,0.157470703125,0.982421875
842,309,-2.2036256790161133,0.9069736003875732,0.9560494422912598,2.4684767723083496,0.5416538715362549,3.1005256175994873,0.11260986328125,0.9853515625
843,311,-1.5296015739440918,1.3612298965454102,0.5868160128593445,3.7792325019836426,-1.2890533208847046,0.23613965511322021,0.1658935546875,0.340087890625
844,312,-1.5338420867919922,1.3489789962768555,0.5747319459915161,3.774394989013672,-1.2986183166503906,0.25990915298461914,0.10858154296875,0.347412109375
845,313,-1.5241408348083496,1.3930332660675049,0.5336437225341797,3.8427910804748535,-1.0813767910003662,-0.25218451023101807,0.1873779296875,0.2432861328125
846,314,-1.5532841682434082,1.2999842166900635,0.6007399559020996,3.3521008491516113,-2.000950336456299,0.8715702295303345,0.1021728515625,0.39306640625
847,312,-1.5338420867919922,1.3489789962768555,0.5747319459915161,3.774394989013672,-1.2986183166503906,0.25990915298461914,0.10858154296875,0.347412109375
848,311,-1.5296015739440918,1.3612298965454102,0.5868160128593445,3.7792325019836426,-1.2890533208847046,0.23613965511322021,0.1658935546875,0.340087890625
849,314,-1.5532841682434082,1.2999842166900635,0.6007399559020996,3.3521008491516113,-2.000950336456299,0.8715702295303345,0.1021728515625,0.39306640625
850,311,-1.5296015739440918,1.3612298965454102,0.5868160128593445,3.7792325019836426,-1.2890533208847046,0.23613965511322021,0.1658935546875,0.340087890625
851,315,-1.5510821342468262,1.3169832229614258,0.6271806359291077,3.465397357940674,-1.8483057022094727,0.758160412311554,0.1611328125,0.38232421875
852,316,-1.5813701152801514,1.2599802017211914,0.5921576023101807,2.7213282585144043,-2.7588353157043457,0.9915764331817627,0.1021728515625,0.427001953125
853,314,-1.5532841682434082,1.2999842166900635,0.6007399559020996,3.3521008491516113,-2.000950336456299,0.8715702295303345,0.1021728515625,0.39306640625
854,315,-1.5510821342468262,1.3169832229614258,0.6271806359291077,3.465397357940674,-1.8483057022094727,0.758160412311554,0.1611328125,0.38232421875
855,316,-1.5813701152801514,1.2599802017211914,0.5921576023101807,2.7213282585144043,-2.7588353157043457,0.9915764331817627,0.1021728515625,0.427001953125
856,315,-1.5510821342468262,1.3169832229614258,0.6271806359291077,3.465397357940674,-1.8483057022094727,0.758160412311554,0.1611328125,0.38232421875
857,317,-1.5859951972961426,1.2709128856658936,0.6306239366531372,2.8809916973114014,-2.570183753967285,1.0459753274917603,0.1611328125,0.402099609375
858,318,-1.6054308414459229,1.2324182987213135,0.5601212978363037,2.4794108867645264,-3.0467278957366943,0.7549802660942078,0.1021728515625,0.466552734375
859,316,-1.5813701152801514,1.2599802017211914,0.5921576023101807,2.7213282585144043,-2.7588353157043457,0.9915764331817627,0.1021728515625,0.427001953125
860,317,-1.5859951972961426,1.2709128856658936,0.6306239366531372,2.8809916973114014,-2.570183753967285,1.0459753274917603,0.1611328125,0.402099609375
861,318,-1.6054308414459229,1.2324182987213135,0.5601212978363037,2.4794108867645264,-3.0467278957366943,0.7549802660942078,0.1021728515625,0.466552734375
862,317,-1.5859951972961426,1.2709128856658936,0.6306239366531372,2.8809916973114014,-2.570183753967285,1.0459753274917603,0.1611328125,0.402099609375
863,319,-1.6157970428466797,1.234931468963623,0.6057654619216919,2.5025346279144287,-3.0041747093200684,0.8439647555351257,0.1611328125,0.44921875
864,320,-1.6283001899719238,1.2055504322052002,0.5195040106773376,2.153750419616699,-3.2294094562530518,0.9655557870864868,0.1021728515625,0.51708984375
865,318,-1.6054308414459229,1.2324182987213135,0.5601212978363037,2.4794108867645264,-3.0467278957366943,0.7549802660942078,0.1021728515625,0.466552734375
866,319,-1.6157970428466797,1.234931468963623,0.6057654619216919,2.5025346279144287,-3.0041747093200684,0.8439647555351257,0.1611328125,0.44921875
867,320,-1.6283001899719238,1.2055504322052002,0.5195040106773376,2.153750419616699,-3.2294094562530518,0.9655557870864868,0.1021728515625,0.51708984375
868,319,-1.6157970428466797,1.234931468963623,0.6057654619216919,2.5025346279144287,-3.0041747093200684,0.8439647555351257,0.1611328125,0.44921875
869,321,-1.6404759883880615,1.206160068511963,0.5680897235870361,2.2558789253234863,-3.1842703819274902,0.8783255219459534,0.1611328125,0.50732421875
870,322,-1.6837522983551025,1.1543421745300293,0.4912557005882263,2.10650372505188,-3.0321643352508545,1.5390421152114868,0.1021728515625,0.55810546875
871,320,-1.6283001899719238,1.2055504322052002,0.5195040106773376,2.153750419616699,-3.2294094562530518,0.9655557870864868,0.1021728515625,0.51708984375
872,321,-1.6404759883880615,1.206160068511963,0.5680897235870361,2.2558789253234863,-3.1842703819274902,0.8783255219459534,0.1611328125,0.50732421875
873,322,-1.6837522983551025,1.1543421745300293,0.4912557005882263,2.10650372505188,-3.0321643352508545,1.5390421152114868,0.1021728515625,0.55810546875
874,321,-1.6404759883880615,1.206160068511963,0.5680897235870361,2.2558789253234863,-3.1842703819274902,0.8783255219459534,0.1611328125,0.50732421875
875,323,-1.6945180892944336,1.1703550815582275,0.5403715968132019,2.105194091796875,-3.0462067127227783,1.512879729270935,0.1611328125,0.57421875
876,324,-1.7381110191345215,1.115272045135498,0.5103082656860352,2.5828700065612793,-2.257416248321533,2.0573959350585938,0.1021728515625,0.599609375
877,322,-1.6837522983551025,1.1543421745300293,0.4912557005882263,2.10650372505188,-3.0321643352508545,1.5390421152114868,0.1021728515625,0.55810546875
878,323,-1.6945180892944336,1.1703550815582275,0.5403715968132019,2.105194091796875,-3.0462067127227783,1.512879729270935,0.1611328125,0.57421875
879,324,-1.7381110191345215,1.115272045135498,0.5103082656860352,2.5828700065612793,-2.257416248321533,2.0573959350585938,0.1021728515625,0.599609375
880,323,-1.6945180892944336,1.1703550815582275,0.5403715968132019,2.105194091796875,-3.0462067127227783,1.512879729270935,0.1611328125,0.57421875
881,325,-1.7457585334777832,1.1541719436645508,0.5568242073059082,2.8649866580963135,-1.873476266860962,2.0692903995513916,0.1611328125,0.61181640625
882,326,-1.7710354328155518,1.1042280197143555,0.5664781332015991,3.346648693084717,-0.6539267301559448,2.0910146236419678,0.1021728515625,0.63525390625
883,324,-1.7381110191345215,1.115272045135498,0.5103082656860352,2.5828700065612793,-2.257416248321533,2.0573959350585938,0.1021728515625,0.599609375
884,325,-1.7457585334777832,1.1541719436645508,0.5568242073059082,2.8649866580963135,-1.873476266860962,2.0692903995513916,0.1611328125,0.61181640625
885,326,-1.7710354328155518,1.1042280197143555,0.5664781332015991,3.346648693084717,-0.6539267301559448,2.0910146236419678,0.1021728515625,0.63525390625
886,325,-1.7457585334777832,1.1541719436645508,0.5568242073059082,2.8649866580963135,-1.873476266860962,2.0692903995513916,0.1611328125,0.61181640625
887,327,-1.7834720611572266,1.1566450595855713,0.60735023021698,3.395832061767578,-0.18645548820495605,2.105607032775879,0.1611328125,0.6611328125
888,328,-1.8095512390136719,1.0922231674194336,0.6517109870910645,3.0892696380615234,0.522420346736908,2.486666679382324,0.1021728515625,0.69775390625
889,326,-1.7710354328155518,1.1042280197143555,0.5664781332015991,3.346648693084717,-0.6539267301559448,2.0910146236419678,0.1021728515625,0.63525390625
890,327,-1.7834720611572266,1.1566450595855713,0.60735023021698,3.395832061767578,-0.18645548820495605,2.105607032775879,0.1611328125,0.6611328125
891,328,-1.8095512390136719,1.0922231674194336,0.6517109870910645,3.0892696380615234,0.522420346736908,2.486666679382324,0.1021728515625,0.69775390625
892,327,-1.7834720611572266,1.1566450595855713,0.60735023021698,3.395832061767578,-0.18645548820495605,2.105607032775879,0.1611328125,0.6611328125
893,329,-1.8381280899047852,1.1584651470184326,0.6733387112617493,2.9217512607574463,0.7192085981369019,2.6355512142181396,0.1611328125,0.70751953125
894,329,-1.8381280899047852,1.1584651470184326,0.6733387112617493,2.9217512607574463,0.7192085981369019,2.6355512142181396,0.1611328125,0.70751953125
895,330,-1.8590822219848633,1.0659782886505127,0.7254716753959656,1.2113146781921387,1.3333470821380615,3.5714046955108643,0.1021728515625,0.7431640625
896,328,-1.8095512390136719,1.0922231674194336,0.6517109870910645,3.0892696380615234,0.522420346736908,2.486666679382324,0.1021728515625,0.69775390625
897,329,-1.8381280899047852,1.1584651470184326,0.6733387112617493,2.9217512607574463,0.7192085981369019,2.6355512142181396,0.1611328125,0.70751953125
898,331,-1.9034395217895508,1.148648738861084,0.7207661271095276,1.1098668575286865,1.3479331731796265,3.5987913608551025,0.1611328125,0.7548828125
899,330,-1.8590822219848633,1.0659782886505127,0.7254716753959656,1.2113146781921387,1.3333470821380615,3.5714046955108643,0.1021728515625,0.7431640625
900,331,-1.9034395217895508,1.148648738861084,0.7207661271095276,1.1098668575286865,1.3479331731796265,3.5987913608551025,0.1611328125,0.7548828125
901,332,-1.9336447715759277,1.023982048034668,0.7702994346618652,-0.3015049695968628,1.7455182075500488,3.5864038467407227,0.1021728515625,0.78955078125
902,330,-1.8590822219848633,1.0659782886505127,0.7254716753959656,1.2113146781921387,1.3333470821380615,3.5714046955108643,0.1021728515625,0.7431640625
903,331,-1.9034395217895508,1.148648738861084,0.7207661271095276,1.1098668575286865,1.3479331731796265,3.5987913608551025,0.1611328125,0.7548828125
904,333,-2.0099353790283203,1.1004393100738525,0.7201164960861206,-0.37670832872390747,1.7895240783691406,3.5574893951416016,0.1611328125,0.7939453125
905,332,-1.9336447715759277,1.023982048034668,0.7702994346618652,-0.3015049695968628,1.7455182075500488,3.5864038467407227,0.1021728515625,0.78955078125
906,334,-2.01647686958313,0.970930814743042,0.7960467338562012,-0.27861297130584717,2.2695233821868896,3.2820215225219727,0.1021728515625,0.85546875
907,332,-1.9336447715759277,1.023982048034668,0.7702994346618652,-0.3015049695968628,1.7455182075500488,3.5864038467407227,0.1021728515625,0.78955078125
908,333,-2.0099353790283203,1.1004393100738525,0.7201164960861206,-0.37670832872390747,1.7895240783691406,3.5574893951416016,0.1611328125,0.7939453125
909,334,-2.01647686958313,0.970930814743042,0.7960467338562012,-0.27861297130584717,2.2695233821868896,3.2820215225219727,0.1021728515625,0.85546875
910,333,-2.0099353790283203,1.1004393100738525,0.7201164960861206,-0.37670832872390747,1.7895240783691406,3.5574893951416016,0.1611328125,0.7939453125
911,335,-2.0829784870147705,1.0352885723114014,0.7287549376487732,-0.3467121124267578,2.237870454788208,3.2972350120544434,0.1611328125,0.85302734375
912,335,-2.0829784870147705,1.0352885723114014,0.7287549376487732,-0.3467121124267578,2.237870454788208,3.2972350120544434,0.1611328125,0.85302734375
913,336,-2.102492570877075,0.9031798839569092,0.8339742422103882,1.2589571475982666,2.0711848735809326,3.1820192337036133,0.1021728515625,0.90625
914,334,-2.01647686958313,0.970930814743042,0.7960467338562012,-0.27861297130584717,2.2695233821868896,3.2820215225219727,0.1021728515625,0.85546875
915,335,-2.0829784870147705,1.0352885723114014,0.7287549376487732,-0.3467121124267578,2.237870454788208,3.2972350120544434,0.1611328125,0.85302734375
916,337,-2.1560635566711426,0.9676172733306885,0.8078584671020508,1.0791664123535156,2.1541569232940674,3.192967414855957,0.1611328125,0.90087890625
917,336,-2.102492570877075,0.9031798839569092,0.8339742422103882,1.2589571475982666,2.0711848735809326,3.1820192337036133,0.1021728515625,0.90625
918,337,-2.1560635566711426,0.9676172733306885,0.8078584671020508,1.0791664123535156,2.1541569232940674,3.192967414855957,0.1611328125,0.90087890625
919,338,-2.1964271068573,0.8406832218170166,0.9025498628616333,2.161534309387207,1.543727993965149,2.990769863128662,0.1021728515625,0.9833984375
920,336,-2.102492570877075,0.9031798839569092,0.8339742422103882,1.2589571475982666,2.0711848735809326,3.1820192337036133,0.1021728515625,0.90625
921,337,-2.1560635566711426,0.9676172733306885,0.8078584671020508,1.0791664123535156,2.1541569232940674,3.192967414855957,0.1611328125,0.90087890625
922,339,-2.233031749725342,0.9119315147399902,0.9238016605377197,2.161534070968628,1.5437278747558594,2.990769624710083,0.1611328125,0.9775390625
923,338,-2.1964271068573,0.8406832218170166,0.9025498628616333,2.161534309387207,1.543727993965149,2.990769863128662,0.1021728515625,0.9833984375
924,340,-1.7661900520324707,1.2966892719268799,0.716421365737915,3.498593807220459,-1.7123768329620361,0.909738302230835,0.469482421875,0.70361328125
925,341,-1.7776761054992676,1.2807152271270752,0.7044063210487366,3.500378370285034,-1.7355360984802246,0.857485830783844,0.463623046875,0.77197265625
926,342,-1.7618932723999023,1.3117125034332275,0.6638486981391907,3.353090286254883,-2.154111862182617,-0.3414727747440338,0.386962890625,0.73779296875
927,343,-1.7953977584838867,1.2910406589508057,0.7642902135848999,3.2075867652893066,-0.8813783526420593,2.221391201019287,0.5302734375,0.70361328125
928,341,-1.7776761054992676,1.2807152271270752,0.7044063210487366,3.500378370285034,-1.7355360984802246,0.857485830783844,0.463623046875,0.77197265625
929,340,-1.7661900520324707,1.2966892719268799,0.716421365737915,3.498593807220459,-1.7123768329620361,0.909738302230835,0.469482421875,0.70361328125
930,343,-1.7953977584838867,1.2910406589508057,0.7642902135848999,3.2075867652893066,-0.8813783526420593,2.221391201019287,0.5302734375,0.70361328125
931,344,-1.7946758270263672,1.2601053714752197,0.7495095729827881,3.2451882362365723,-0.9492512941360474,2.137216567993164,0.52587890625,0.77197265625
932,341,-1.7776761054992676,1.2807152271270752,0.7044063210487366,3.500378370285034,-1.7355360984802246,0.857485830783844,0.463623046875,0.77197265625
933,345,-1.8379302024841309,1.284022569656372,0.8049851655960083,2.050635814666748,-0.5632981061935425,3.3878629207611084,0.568359375,0.70361328125
934,344,-1.7946758270263672,1.2601053714752197,0.7495095729827881,3.2451882362365723,-0.9492512941360474,2.137216567993164,0.52587890625,0.77197265625
935,343,-1.7953977584838867,1.2910406589508057,0.7642902135848999,3.2075867652893066,-0.8813783526420593,2.221391201019287,0.5302734375,0.70361328125
936,345,-1.8379302024841309,1.284022569656372,0.8049851655960083,2.050635814666748,-0.5632981061935425,3.3878629207611084,0.568359375,0.70361328125
937,346,-1.824188232421875,1.237663984298706,0.7861418128013611,2.0930075645446777,-0.564302384853363,3.361682891845703,0.56787109375,0.77197265625
938,344,-1.7946758270263672,1.2601053714752197,0.7495095729827881,3.2451882362365723,-0.9492512941360474,2.137216567993164,0.52587890625,0.77197265625
939,347,-1.8922841548919678,1.2623586654663086,0.8156675100326538,0.15079516172409058,-0.8229774236679077,3.911522388458252,0.599609375,0.70361328125
940,346,-1.824188232421875,1.237663984298706,0.7861418128013611,2.0930075645446777,-0.564302384853363,3.361682891845703,0.56787109375,0.77197265625
941,345,-1.8379302024841309,1.284022569656372,0.8049851655960083,2.050635814666748,-0.5632981061935425,3.3878629207611084,0.568359375,0.70361328125
942,347,-1.8922841548919678,1.2623586654663086,0.8156675100326538,0.15079516172409058,-0.8229774236679077,3.911522388458252,0.599609375,0.70361328125
943,348,-1.8619592189788818,1.206167459487915,0.8027986288070679,0.07227034866809845,-0.8376520872116089,3.9106454849243164,0.59912109375,0.77197265625
944,346,-1.824188232421875,1.237663984298706,0.7861418128013611,2.0930075645446777,-0.564302384853363,3.361682891845703,0.56787109375,0.77197265625
945,349,-1.9594001770019531,1.2233266830444336,0.7932689189910889,-1.30207359790802,-1.176819086074829,3.594403028488159,0.64111328125,0.70361328125
946,348,-1.8619592189788818,1.206167459487915,0.8027986288070679,0.07227034866809845,-0.8376520872116089,3.9106454849243164,0.59912109375,0.77197265625
947,347,-1.8922841548919678,1.2623586654663086,0.8156675100326538,0.15079516172409058,-0.8229774236679077,3.911522388458252,0.599609375,0.70361328125
948,349,-1.9594001770019531,1.2233266830444336,0.7932689189910889,-1.30207359790802,-1.176819086074829,3.594403028488159,0.64111328125,0.70361328125
949,350,-1.9213621616363525,1.156900405883789,0.7858033180236816,-1.4214584827423096,-1.2106915712356567,3.537473440170288,0.64013671875,0.77197265625
950,348,-1.8619592189788818,1.206167459487915,0.8027986288070679,0.07227034866809845,-0.8376520872116089,3.9106454849243164,0.59912109375,0.77197265625
951,351,-2.0243303775787354,1.1727235317230225,0.7321655750274658,-1.8187154531478882,-1.2563891410827637,3.333735466003418,0.69189453125,0.70361328125
952,350,-1.9213621616363525,1.156900405883789,0.7858033180236816,-1.4214584827423096,-1.2106915712356567,3.537473440170288,0.64013671875,0.77197265625
953,349,-1.9594001770019531,1.2233266830444336,0.7932689189910889,-1.30207359790802,-1.176819086074829,3.594403028488159,0.64111328125,0.70361328125
954,351,-2.0243303775787354,1.1727235317230225,0.7321655750274658,-1.8187154531478882,-1.2563891410827637,3.333735466003418,0.69189453125,0.70361328125
955,352,-1.9865984916687012,1.1077096462249756,0.7299147248268127,-1.8074859380722046,-1.245519757270813,3.3439059257507324,0.6904296875,0.77197265625
956,350,-1.9213621616363525,1.156900405883789,0.7858033180236816,-1.4214584827423096,-1.2106915712356567,3.537473440170288,0.64013671875,0.77197265625
957,353,-2.070903778076172,1.1402623653411865,0.6999644637107849,-0.9548660516738892,-0.7388465404510498,3.813445806503296,0.7275390625,0.70361328125
958,352,-1.9865984916687012,1.1077096462249756,0.7299147248268127,-1.8074859380722046,-1.245519757270813,3.3439059257507324,0.6904296875,0.77197265625
959,351,-2.0243303775787354,1.1727235317230225,0.7321655750274658,-1.8187154531478882,-1.2563891410827637,3.333735466003418,0.69189453125,0.70361328125
960,353,-2.070903778076172,1.1402623653411865,0.6999644637107849,-0.9548660516738892,-0.7388465404510498,3.813445806503296,0.7275390625,0.70361328125
961,354,-2.035449504852295,1.0818254947662354,0.697982907295227,-0.92548668384552,-0.7234389185905457,3.8236300945281982,0.728515625,0.77197265625
962,352,-1.9865984916687012,1.1077096462249756,0.7299147248268127,-1.8074859380722046,-1.245519757270813,3.3439059257507324,0.6904296875,0.77197265625
963,353,-2.070903778076172,1.1402623653411865,0.6999644637107849,-0.9548660516738892,-0.7388465404510498,3.813445806503296,0.7275390625,0.70361328125
964,355,-2.0816116333007812,1.0557973384857178,0.6975586414337158,1.145723581314087,0.3635571300983429,3.81512451171875,0.765625,0.77197265625
965,354,-2.035449504852295,1.0818254947662354,0.697982907295227,-0.92548668384552,-0.7234389185905457,3.8236300945281982,0.728515625,0.77197265625
966,353,-2.070903778076172,1.1402623653411865,0.6999644637107849,-0.9548660516738892,-0.7388465404510498,3.813445806503296,0.7275390625,0.70361328125
967,356,-2.1141865253448486,1.1077027320861816,0.7022593021392822,1.096912145614624,0.33809801936149597,3.831775665283203,0.76318359375,0.70361328125
968,355,-2.0816116333007812,1.0557973384857178,0.6975586414337158,1.145723581314087,0.3635571300983429,3.81512451171875,0.765625,0.77197265625
969,356,-2.1141865253448486,1.1077027320861816,0.7022593021392822,1.096912145614624,0.33809801936149597,3.831775665283203,0.76318359375,0.70361328125
970,357,-2.1178977489471436,1.0295774936676025,0.7257762551307678,2.946608304977417,1.3056180477142334,2.369152069091797,0.802734375,0.77197265625
971,355,-2.0816116333007812,1.0557973384857178,0.6975586414337158,1.145723581314087,0.3635571300983429,3.81512451171875,0.765625,0.77197265625
972,356,-2.1141865253448486,1.1077027320861816,0.7022593021392822,1.096912145614624,0.33809801936149597,3.831775665283203,0.76318359375,0.70361328125
973,358,-2.147427558898926,1.0774273872375488,0.7343857288360596,2.9604575634002686,1.312913417816162,2.3477590084075928,0.8017578125,0.70361328125
974,357,-2.1178977489471436,1.0295774936676025,0.7257762551307678,2.946608304977417,1.3056180477142334,2.369152069091797,0.802734375,0.77197265625
975,359,-2.1518354415893555,0.9992282390594482,0.8105326294898987,3.2776973247528076,1.236762285232544,1.9305787086486816,0.85888671875,0.77197265625
976,357,-2.1178977489471436,1.0295774936676025,0.7257762551307678,2.946608304977417,1.3056180477142334,2.369152069091797,0.802734375,0.77197265625
977,358,-2.147427558898926,1.0774273872375488,0.7343857288360596,2.9604575634002686,1.312913417816162,2.3477590084075928,0.8017578125,0.70361328125
978,359,-2.1518354415893555,0.9992282390594482,0.8105326294898987,3.2776973247528076,1.236762285232544,1.9305787086486816,0.85888671875,0.77197265625
979,358,-2.147427558898926,1.0774273872375488,0.7343857288360596,2.9604575634002686,1.312913417816162,2.3477590084075928,0.8017578125,0.70361328125
980,360,-2.1790549755096436,1.0505850315093994,0.8244728446006775,3.274610757827759,1.203390121459961,1.9567310810089111,0.86083984375,0.70361328125
981,359,-2.1518354415893555,0.9992282390594482,0.8105326294898987,3.2776973247528076,1.236762285232544,1.9305787086486816,0.85888671875,0.77197265625
982,360,-2.1790549755096436,1.0505850315093994,0.8244728446006775,3.274610757827759,1.203390121459961,1.9567310810089111,0.86083984375,0.70361328125
983,361,-2.219573497772217,1.0177478790283203,0.9043864011764526,3.0976827144622803,0.4887329936027527,2.483046770095825,0.91845703125,0.70361328125
984,359,-2.1518354415893555,0.9992282390594482,0.8105326294898987,3.2776973247528076,1.236762285232544,1.9305787086486816,0.85888671875,0.77197265625
985,361,-2.219573497772217,1.0177478790283203,0.9043864011764526,3.0976827144622803,0.4887329936027527,2.483046770095825,0.91845703125,0.70361328125
986,362,-2.191746234893799,0.9657557010650635,0.8806629180908203,3.1327433586120605,0.5849957466125488,2.4173786640167236,0.91162109375,0.77197265625
987,363,-2.248328447341919,0.9261908531188965,0.9421103000640869,2.9641880989074707,0.17335748672485352,2.6802163124084473,0.94091796875,0.77197265625
988,362,-2.191746234893799,0.9657557010650635,0.8806629180908203,3.1327433586120605,0.5849957466125488,2.4173786640167236,0.91162109375,0.77197265625
989,361,-2.219573497772217,1.0177478790283203,0.9043864011764526,3.0976827144622803,0.4887329936027527,2.483046770095825,0.91845703125,0.70361328125
990,363,-2.248328447341919,0.9261908531188965,0.9421103000640869,2.9641880989074707,0.17335748672485352,2.6802163124084473,0.94091796875,0.77197265625
991,361,-2.219573497772217,1.0177478790283203,0.9043864011764526,3.0976827144622803,0.4887329936027527,2.483046770095825,0.91845703125,0.70361328125
992,364,-2.277214527130127,0.9803743362426758,0.9742404222488403,2.9641876220703125,0.1733573079109192,2.6802163124084473,0.95166015625,0.70361328125
993,365,-1.7427446842193604,1.3192124366760254,0.7289021611213684,3.6911673545837402,-0.8788496255874634,1.2660672664642334,0.158447265625,0.417724609375
994,366,-1.7468080520629883,1.300741195678711,0.7209377288818359,3.6857399940490723,-0.8785277605056763,1.2820013761520386,0.11199951171875,0.4248046875
995,367,-1.7419185638427734,1.3234241008758545,0.6750283241271973,3.9071550369262695,-0.8567980527877808,-0.007190287113189697,0.1824951171875,0.24658203125
996,368,-1.7744722366333008,1.2977802753448486,0.7828160524368286,3.035061836242676,-0.9581237435340881,2.4228954315185547,0.1600341796875,0.49072265625
997,366,-1.7468080520629883,1.300741195678711,0.7209377288818359,3.6857399940490723,-0.8785277605056763,1.2820013761520386,0.11199951171875,0.4248046875
998,365,-1.7427446842193604,1.3192124366760254,0.7289021611213684,3.6911673545837402,-0.8788496255874634,1.2660672664642334,0.158447265625,0.417724609375
999,368,-1.7744722366333008,1.2977802753448486,0.7828160524368286,3.035061836242676,-0.9581237435340881,2.4228954315185547,0.1600341796875,0.49072265625
1000,369,-1.7698602676391602,1.2659194469451904,0.761419415473938,3.0490124225616455,-0.9568846225738525,2.405809164047241,0.10980224609375,0.49951171875
1001,366,-1.7468080520629883,1.300741195678711,0.7209377288818359,3.6857399940490723,-0.8785277605056763,1.2820013761520386,0.11199951171875,0.4248046875
1002,370,-1.828481674194336,1.2710886001586914,0.821370542049408,1.9224696159362793,-1.1028443574905396,3.329845905303955,0.1600341796875,0.5458984375
1003,369,-1.7698602676391602,1.2659194469451904,0.761419415473938,3.0490124225616455,-0.9568846225738525,2.405809164047241,0.10980224609375,0.49951171875
1004,368,-1.7744722366333008,1.2977802753448486,0.7828160524368286,3.035061836242676,-0.9581237435340881,2.4228954315185547,0.1600341796875,0.49072265625
1005,370,-1.828481674194336,1.2710886001586914,0.821370542049408,1.9224696159362793,-1.1028443574905396,3.329845905303955,0.1600341796875,0.5458984375
1006,371,-1.8104345798492432,1.2246184349060059,0.792521059513092,1.9305593967437744,-1.1019892692565918,3.3254451751708984,0.10980224609375,0.5537109375
1007,369,-1.7698602676391602,1.2659194469451904,0.761419415473938,3.0490124225616455,-0.9568846225738525,2.405809164047241,0.10980224609375,0.49951171875
1008,372,-1.8917226791381836,1.2452106475830078,0.8297247886657715,0.49439215660095215,-1.2322887182235718,3.773204803466797,0.1600341796875,0.60546875
1009,371,-1.8104345798492432,1.2246184349060059,0.792521059513092,1.9305593967437744,-1.1019892692565918,3.3254451751708984,0.10980224609375,0.5537109375
1010,370,-1.828481674194336,1.2710886001586914,0.821370542049408,1.9224696159362793,-1.1028443574905396,3.329845905303955,0.1600341796875,0.5458984375
1011,372,-1.8917226791381836,1.2452106475830078,0.8297247886657715,0.49439215660095215,-1.2322887182235718,3.773204803466797,0.1600341796875,0.60546875
1012,373,-1.8613319396972656,1.183570146560669,0.8057532906532288,0.43917179107666016,-1.2356958389282227,3.7789175510406494,0.10980224609375,0.611328125
1013,371,-1.8104345798492432,1.2246184349060059,0.792521059513092,1.9305593967437744,-1.1019892692565918,3.3254451751708984,0.10980224609375,0.5537109375
1014,374,-1.9546823501586914,1.2189574241638184,0.8131272792816162,-0.6428143978118896,-1.276534080505371,3.735944986343384,0.1600341796875,0.65478515625
1015,373,-1.8613319396972656,1.183570146560669,0.8057532906532288,0.43917179107666016,-1.2356958389282227,3.7789175510406494,0.10980224609375,0.611328125
1016,372,-1.8917226791381836,1.2452106475830078,0.8297247886657715,0.49439215660095215,-1.2322887182235718,3.773204803466797,0.1600341796875,0.60546875
1017,374,-1.9546823501586914,1.2189574241638184,0.8131272792816162,-0.6428143978118896,-1.276534080505371,3.735944986343384,0.1600341796875,0.65478515625
1018,375,-1.9166622161865234,1.1456432342529297,0.7955564856529236,-0.7172093987464905,-1.2779815196990967,3.7218828201293945,0.10980224609375,0.658203125
1019,373,-1.8613319396972656,1.183570146560669,0.8057532906532288,0.43917179107666016,-1.2356958389282227,3.7789175510406494,0.10980224609375,0.611328125
1020,376,-2.0066885948181152,1.185908555984497,0.7818421125411987,-1.035812497138977,-1.1937530040740967,3.6745173931121826,0.1600341796875,0.7001953125
1021,375,-1.9166622161865234,1.1456432342529297,0.7955564856529236,-0.7172093987464905,-1.2779815196990967,3.7218828201293945,0.10980224609375,0.658203125
1022,374,-1.9546823501586914,1.2189574241638184,0.8131272792816162,-0.6428143978118896,-1.276534080505371,3.735944986343384,0.1600341796875,0.65478515625
1023,376,-2.0066885948181152,1.185908555984497,0.7818421125411987,-1.035812497138977,-1.1937530040740967,3.6745173931121826,0.1600341796875,0.7001953125
1024,377,-1.966245174407959,1.1111223697662354,0.7714822292327881,-1.0079728364944458,-1.1668918132781982,3.6908514499664307,0.10980224609375,0.701171875
1025,375,-1.9166622161865234,1.1456432342529297,0.7955564856529236,-0.7172093987464905,-1.2779815196990967,3.7218828201293945,0.10980224609375,0.658203125
1026,378,-2.0496039390563965,1.1432361602783203,0.7605100870132446,-0.19037474691867828,-0.8109554052352905,3.912306547164917,0.1600341796875,0.7431640625
1027,377,-1.966245174407959,1.1111223697662354,0.7714822292327881,-1.0079728364944458,-1.1668918132781982,3.6908514499664307,0.10980224609375,0.701171875
1028,376,-2.0066885948181152,1.185908555984497,0.7818421125411987,-1.035812497138977,-1.1937530040740967,3.6745173931121826,0.1600341796875,0.7001953125
1029,378,-2.0496039390563965,1.1432361602783203,0.7605100870132446,-0.19037474691867828,-0.8109554052352905,3.912306547164917,0.1600341796875,0.7431640625
1030,379,-2.012631893157959,1.0743770599365234,0.7486676573753357,0.2508414685726166,-0.6391750574111938,3.9406304359436035,0.10980224609375,0.7451171875
1031,377,-1.966245174407959,1.1111223697662354,0.7714822292327881,-1.0079728364944458,-1.1668918132781982,3.6908514499664307,0.10980224609375,0.701171875
1032,380,-2.0828301906585693,1.0960705280303955,0.77367103099823,1.8265023231506348,-0.12612111866474152,3.556403875350952,0.1600341796875,0.78369140625
1033,379,-2.012631893157959,1.0743770599365234,0.7486676573753357,0.2508414685726166,-0.6391750574111938,3.9406304359436035,0.10980224609375,0.7451171875
1034,378,-2.0496039390563965,1.1432361602783203,0.7605100870132446,-0.19037474691867828,-0.8109554052352905,3.912306547164917,0.1600341796875,0.7431640625
1035,380,-2.0828301906585693,1.0960705280303955,0.77367103099823,1.8265023231506348,-0.12612111866474152,3.556403875350952,0.1600341796875,0.78369140625
1036,381,-2.0515575408935547,1.0347676277160645,0.7556288242340088,2.0498929023742676,-0.09584593772888184,3.4334793090820312,0.10980224609375,0.78564453125
1037,379,-2.012631893157959,1.0743770599365234,0.7486676573753357,0.2508414685726166,-0.6391750574111938,3.9406304359436035,0.10980224609375,0.7451171875
1038,380,-2.0828301906585693,1.0960705280303955,0.77367103099823,1.8265023231506348,-0.12612111866474152,3.556403875350952,0.1600341796875,0.78369140625
1039,382,-2.0905163288116455,0.9945011138916016,0.7791403532028198,2.810946464538574,-0.15357953310012817,2.8416569232940674,0.10980224609375,0.8291015625
1040,381,-2.0515575408935547,1.0347676277160645,0.7556288242340088,2.0498929023742676,-0.09584593772888184,3.4334793090820312,0.10980224609375,0.78564453125
1041,380,-2.0828301906585693,1.0960705280303955,0.77367103099823,1.8265023231506348,-0.12612111866474152,3.556403875350952,0.1600341796875,0.78369140625
1042,383,-2.114907741546631,1.0500810146331787,0.8075276017189026,2.793508529663086,-0.14519834518432617,2.8592398166656494,0.1600341796875,0.828125
1043,382,-2.0905163288116455,0.9945011138916016,0.7791403532028198,2.810946464538574,-0.15357953310012817,2.8416569232940674,0.10980224609375,0.8291015625
1044,383,-2.114907741546631,1.0500810146331787,0.8075276017189026,2.793508529663086,-0.14519834518432617,2.8592398166656494,0.1600341796875,0.828125
1045,384,-2.1382293701171875,0.9514238834381104,0.824826717376709,2.9876339435577393,-0.26856744289398193,2.6461167335510254,0.10980224609375,0.87548828125
1046,382,-2.0905163288116455,0.9945011138916016,0.7791403532028198,2.810946464538574,-0.15357953310012817,2.8416569232940674,0.10980224609375,0.8291015625
1047,383,-2.114907741546631,1.0500810146331787,0.8075276017189026,2.793508529663086,-0.14519834518432617,2.8592398166656494,0.1600341796875,0.828125
1048,385,-2.1601576805114746,1.011401653289795,0.8594057559967041,2.9872679710388184,-0.2720422148704529,2.6461758613586426,0.1600341796875,0.875
1049,384,-2.1382293701171875,0.9514238834381104,0.824826717376709,2.9876339435577393,-0.26856744289398193,2.6461167335510254,0.10980224609375,0.87548828125
1050,386,-2.2127726078033447,0.9808988571166992,0.912177562713623,2.9062864780426025,-0.19985634088516235,2.7410905361175537,0.1600341796875,0.92236328125
1051,384,-2.1382293701171875,0.9514238834381104,0.824826717376709,2.9876339435577393,-0.26856744289398193,2.6461167335510254,0.10980224609375,0.87548828125
1052,385,-2.1601576805114746,1.011401653289795,0.8594057559967041,2.9872679710388184,-0.2720422148704529,2.6461758613586426,0.1600341796875,0.875
1053,386,-2.2127726078033447,0.9808988571166992,0.912177562713623,2.9062864780426025,-0.19985634088516235,2.7410905361175537,0.1600341796875,0.92236328125
1054,387,-2.188676357269287,0.9152121543884277,0.8808766603469849,2.921966075897217,-0.2182990312576294,2.722954511642456,0.10980224609375,0.9248046875
1055,384,-2.1382293701171875,0.9514238834381104,0.824826717376709,2.9876339435577393,-0.26856744289398193,2.6461167335510254,0.10980224609375,0.87548828125
1056,388,-2.241732120513916,0.890589714050293,0.9374977350234985,2.835878849029541,-0.11919701099395752,2.8184409141540527,0.10980224609375,0.97216796875
1057,387,-2.188676357269287,0.9152121543884277,0.8808766603469849,2.921966075897217,-0.2182990312576294,2.722954511642456,0.10980224609375,0.9248046875
1058,386,-2.2127726078033447,0.9808988571166992,0.912177562713623,2.9062864780426025,-0.19985634088516235,2.7410905361175537,0.1600341796875,0.92236328125
1059,388,-2.241732120513916,0.890589714050293,0.9374977350234985,2.835878849029541,-0.11919701099395752,2.8184409141540527,0.10980224609375,0.97216796875
1060,386,-2.2127726078033447,0.9808988571166992,0.912177562713623,2.9062864780426025,-0.19985634088516235,2.7410905361175537,0.1600341796875,0.92236328125
1061,389,-2.2664735317230225,0.9538962841033936,0.9607913494110107,2.835878610610962,-0.1191970705986023,2.8184409141540527,0.1600341796875,0.96875
1062,390,-2.1900601387023926,0.8144776821136475,0.8727768659591675,1.3082425594329834,1.4530341625213623,3.4895880222320557,0.95166015625,0.8447265625
1063,391,-2.0946898460388184,0.7126865386962891,0.8579710721969604,1.3082427978515625,1.4530340433120728,3.4895880222320557,0.9443359375,0.90478515625
1064,392,-2.0129313468933105,0.7598698139190674,0.8291096687316895,1.2176233530044556,1.8605811595916748,3.3250060081481934,0.9033203125,0.90478515625
1065,390,-2.1900601387023926,0.8144776821136475,0.8727768659591675,1.3082425594329834,1.4530341625213623,3.4895880222320557,0.95166015625,0.8447265625
1066,392,-2.0129313468933105,0.7598698139190674,0.8291096687316895,1.2176233530044556,1.8605811595916748,3.3250060081481934,0.9033203125,0.90478515625
1067,393,-2.103649139404297,0.8678531646728516,0.7967197895050049,1.2292826175689697,1.8130143880844116,3.3469202518463135,0.91064453125,0.8447265625
1068,394,-1.9940485954284668,0.9063560962677002,0.7243344783782959,1.2019063234329224,2.2381911277770996,3.0896522998809814,0.8466796875,0.8447265625
1069,393,-2.103649139404297,0.8678531646728516,0.7967197895050049,1.2292826175689697,1.8130143880844116,3.3469202518463135,0.91064453125,0.8447265625
1070,392,-2.0129313468933105,0.7598698139190674,0.8291096687316895,1.2176233530044556,1.8605811595916748,3.3250060081481934,0.9033203125,0.90478515625
1071,394,-1.9940485954284668,0.9063560962677002,0.7243344783782959,1.2019063234329224,2.2381911277770996,3.0896522998809814,0.8466796875,0.8447265625
1072,392,-2.0129313468933105,0.7598698139190674,0.8291096687316895,1.2176233530044556,1.8605811595916748,3.3250060081481934,0.9033203125,0.90478515625
1073,395,-1.9112319946289062,0.7975428104400635,0.7745656371116638,1.2057275772094727,2.2454538345336914,3.0828864574432373,0.83935546875,0.90478515625
1074,396,-1.8219950199127197,0.8346688747406006,0.7080187797546387,1.083376169204712,2.332441806793213,3.0636656284332275,0.77734375,0.90478515625
1075,394,-1.9940485954284668,0.9063560962677002,0.7243344783782959,1.2019063234329224,2.2381911277770996,3.0896522998809814,0.8466796875,0.8447265625
1076,395,-1.9112319946289062,0.7975428104400635,0.7745656371116638,1.2057275772094727,2.2454538345336914,3.0828864574432373,0.83935546875,0.90478515625
1077,396,-1.8219950199127197,0.8346688747406006,0.7080187797546387,1.083376169204712,2.332441806793213,3.0636656284332275,0.77734375,0.90478515625
1078,397,-1.8927464485168457,0.9419617652893066,0.6524001359939575,1.0474070310592651,2.327180862426758,3.080129861831665,0.78515625,0.8447265625
1079,394,-1.9940485954284668,0.9063560962677002,0.7243344783782959,1.2019063234329224,2.2381911277770996,3.0896522998809814,0.8466796875,0.8447265625
1080,397,-1.8927464485168457,0.9419617652893066,0.6524001359939575,1.0474070310592651,2.327180862426758,3.080129861831665,0.78515625,0.8447265625
1081,396,-1.8219950199127197,0.8346688747406006,0.7080187797546387,1.083376169204712,2.332441806793213,3.0636656284332275,0.77734375,0.90478515625
1082,398,-1.7399847507476807,0.8935725688934326,0.6469619870185852,1.0957119464874268,2.430985927581787,2.9815690517425537,0.71484375,0.90478515625
1083,397,-1.8927464485168457,0.9419617652893066,0.6524001359939575,1.0474070310592651,2.327180862426758,3.080129861831665,0.78515625,0.8447265625
1084,398,-1.7399847507476807,0.8935725688934326,0.6469619870185852,1.0957119464874268,2.430985927581787,2.9815690517425537,0.71484375,0.90478515625
1085,399,-1.7977116107940674,0.9970862865447998,0.5840821266174316,1.2063803672790527,2.486288547515869,2.8918936252593994,0.72216796875,0.8447265625
1086,399,-1.7977116107940674,0.9970862865447998,0.5840821266174316,1.2063803672790527,2.486288547515869,2.8918936252593994,0.72216796875,0.8447265625
1087,398,-1.7399847507476807,0.8935725688934326,0.6469619870185852,1.0957119464874268,2.430985927581787,2.9815690517425537,0.71484375,0.90478515625
1088,400,-1.6772582530975342,0.9211037158966064,0.5886629819869995,1.8737859725952148,2.7584829330444336,2.2090113162994385,0.6552734375,0.90478515625
1089,399,-1.7977116107940674,0.9970862865447998,0.5840821266174316,1.2063803672790527,2.486288547515869,2.8918936252593994,0.72216796875,0.8447265625
1090,400,-1.6772582530975342,0.9211037158966064,0.5886629819869995,1.8737859725952148,2.7584829330444336,2.2090113162994385,0.6552734375,0.90478515625
1091,401,-1.7792060375213623,1.0428473949432373,0.5317662954330444,2.686877727508545,1.339140772819519,1.3893412351608276,0.66162109375,0.8447265625
1092,401,-1.7792060375213623,1.0428473949432373,0.5317662954330444,2.686877727508545,1.339140772819519,1.3893412351608276,0.66162109375,0.8447265625
1093,400,-1.6772582530975342,0.9211037158966064,0.5886629819869995,1.8737859725952148,2.7584829330444336,2.2090113162994385,0.6552734375,0.90478515625
1094,402,-1.6144037246704102,0.9179260730743408,0.5256576538085938,2.5097882747650146,2.821742534637451,1.3186200857162476,0.599609375,0.90478515625
1095,401,-1.7792060375213623,1.0428473949432373,0.5317662954330444,2.686877727508545,1.339140772819519,1.3893412351608276,0.66162109375,0.8447265625
1096,402,-1.6144037246704102,0.9179260730743408,0.5256576538085938,2.5097882747650146,2.821742534637451,1.3186200857162476,0.599609375,0.90478515625
1097,403,-1.7911791801452637,1.0055217742919922,0.4751938581466675,3.1451985836029053,0.44536590576171875,0.28760215640068054,0.6044921875,0.8447265625
1098,403,-1.7911791801452637,1.0055217742919922,0.4751938581466675,3.1451985836029053,0.44536590576171875,0.28760215640068054,0.6044921875,0.8447265625
1099,402,-1.6144037246704102,0.9179260730743408,0.5256576538085938,2.5097882747650146,2.821742534637451,1.3186200857162476,0.599609375,0.90478515625
1100,404,-1.554450511932373,0.8775804042816162,0.47014638781547546,2.4816184043884277,2.977384567260742,0.9883261322975159,0.55224609375,0.90478515625
1101,403,-1.7911791801452637,1.0055217742919922,0.4751938581466675,3.1451985836029053,0.44536590576171875,0.28760215640068054,0.6044921875,0.8447265625
1102,404,-1.554450511932373,0.8775804042816162,0.47014638781547546,2.4816184043884277,2.977384567260742,0.9883261322975159,0.55224609375,0.90478515625
1103,405,-1.788487434387207,0.9306958913803101,0.4412691593170166,3.1188161373138428,0.4891016483306885,-0.08464701473712921,0.55810546875,0.8447265625
1104,405,-1.788487434387207,0.9306958913803101,0.4412691593170166,3.1188161373138428,0.4891016483306885,-0.08464701473712921,0.55810546875,0.8447265625
1105,404,-1.554450511932373,0.8775804042816162,0.47014638781547546,2.4816184043884277,2.977384567260742,0.9883261322975159,0.55224609375,0.90478515625
1106,406,-1.4888331890106201,0.8575396537780762,0.43443822860717773,0.5302771329879761,3.555778980255127,1.7536473274230957,0.50048828125,0.90478515625
1107,405,-1.788487434387207,0.9306958913803101,0.4412691593170166,3.1188161373138428,0.4891016483306885,-0.08464701473712921,0.55810546875,0.8447265625
1108,406,-1.4888331890106201,0.8575396537780762,0.43443822860717773,0.5302771329879761,3.555778980255127,1.7536473274230957,0.50048828125,0.90478515625
1109,407,-1.5182740688323975,0.8889355659484863,0.37695297598838806,1.204315185546875,3.5001163482666016,1.5161960124969482,0.50439453125,0.8447265625
1110,407,-1.5182740688323975,0.8889355659484863,0.37695297598838806,1.204315185546875,3.5001163482666016,1.5161960124969482,0.50439453125,0.8447265625
1111,406,-1.4888331890106201,0.8575396537780762,0.43443822860717773,0.5302771329879761,3.555778980255127,1.7536473274230957,0.50048828125,0.90478515625
1112,408,-1.400508165359497,0.8802213668823242,0.44251585006713867,-0.4361377954483032,3.540355682373047,1.8098900318145752,0.458740234375,0.90478515625
1113,407,-1.5182740688323975,0.8889355659484863,0.37695297598838806,1.204315185546875,3.5001163482666016,1.5161960124969482,0.50439453125,0.8447265625
1114,408,-1.400508165359497,0.8802213668823242,0.44251585006713867,-0.4361377954483032,3.540355682373047,1.8098900318145752,0.458740234375,0.90478515625
1115,409,-1.4187943935394287,0.8964395523071289,0.4026782512664795,-0.7100865840911865,3.413111686706543,1.961244821548462,0.462646484375,0.8447265625
1116,409,-1.4187943935394287,0.8964395523071289,0.4026782512664795,-0.7100865840911865,3.413111686706543,1.961244821548462,0.462646484375,0.8447265625
1117,408,-1.400508165359497,0.8802213668823242,0.44251585006713867,-0.4361377954483032,3.540355682373047,1.8098900318145752,0.458740234375,0.90478515625
1118,410,-1.2847936153411865,0.8813059329986572,0.42723000049591064,0.156000018119812,3.7264418601989746,1.4454519748687744,0.31494140625,0.87451171875
1119,411,-2.035247325897217,0.6849234104156494,0.8620107173919678,0.7121419310569763,2.0310301780700684,3.371617317199707,0.8505859375,0.525390625
1120,412,-1.874864101409912,0.7626290321350098,0.783353328704834,0.5751278400421143,2.4386117458343506,3.118081569671631,0.86181640625,0.464599609375
1121,413,-2.1400394439697266,0.8304874897003174,0.883002758026123,1.5190606117248535,0.5662316679954529,3.656756639480591,0.916015625,0.54443359375
1122,414,-1.9720065593719482,0.6040635108947754,0.9417215585708618,-0.27834248542785645,3.312299966812134,2.2251343727111816,0.802734375,0.51416015625
1123,412,-1.874864101409912,0.7626290321350098,0.783353328704834,0.5751278400421143,2.4386117458343506,3.118081569671631,0.86181640625,0.464599609375
1124,411,-2.035247325897217,0.6849234104156494,0.8620107173919678,0.7121419310569763,2.0310301780700684,3.371617317199707,0.8505859375,0.525390625
1125,414,-1.9720065593719482,0.6040635108947754,0.9417215585708618,-0.27834248542785645,3.312299966812134,2.2251343727111816,0.802734375,0.51416015625
1126,415,-1.7922799587249756,0.6643288135528564,0.8718051910400391,-0.4545915126800537,3.3189258575439453,2.18588924407959,0.81005859375,0.452392578125
1127,412,-1.874864101409912,0.7626290321350098,0.783353328704834,0.5751278400421143,2.4386117458343506,3.118081569671631,0.86181640625,0.464599609375
1128,415,-1.7922799587249756,0.6643288135528564,0.8718051910400391,-0.4545915126800537,3.3189258575439453,2.18588924407959,0.81005859375,0.452392578125
1129,416,-1.6659557819366455,0.848675012588501,0.6712827682495117,0.7710657119750977,2.757349729537964,2.7932980060577393,0.87158203125,0.372802734375
1130,412,-1.874864101409912,0.7626290321350098,0.783353328704834,0.5751278400421143,2.4386117458343506,3.118081569671631,0.86181640625,0.464599609375
1131,417,-1.8870370388031006,0.547142744064331,1.0949199199676514,-0.9656939506530762,3.8119473457336426,0.7324761152267456,0.7548828125,0.5107421875
1132,415,-1.7922799587249756,0.6643288135528564,0.8718051910400391,-0.4545915126800537,3.3189258575439453,2.18588924407959,0.81005859375,0.452392578125
1133,414,-1.9720065593719482,0.6040635108947754,0.9417215585708618,-0.27834248542785645,3.312299966812134,2.2251343727111816,0.802734375,0.51416015625
1134,416,-1.6659557819366455,0.848675012588501,0.6712827682495117,0.7710657119750977,2.757349729537964,2.7932980060577393,0.87158203125,0.372802734375
1135,418,-1.9400768280029297,0.8718397617340088,0.749944806098938,1.6617846488952637,1.0899604558944702,3.471381187438965,0.8955078125,0.485595703125
1136,412,-1.874864101409912,0.7626290321350098,0.783353328704834,0.5751278400421143,2.4386117458343506,3.118081569671631,0.86181640625,0.464599609375
1137,419,-2.1400394439697266,0.8304874897003174,0.883002758026123,1.834244728088379,1.4999217987060547,3.222702741622925,0.916015625,0.54443359375
1138,412,-1.874864101409912,0.7626290321350098,0.783353328704834,0.5751278400421143,2.4386117458343506,3.118081569671631,0.86181640625,0.464599609375
1139,418,-1.9400768280029297,0.8718397617340088,0.749944806098938,1.6617846488952637,1.0899604558944702,3.471381187438965,0.8955078125,0.485595703125
1140,420,-1.9722602367401123,0.9286563396453857,0.773835301399231,2.1050777435302734,-0.23600457608699799,3.3930773735046387,0.91796875,0.49658203125
1141,419,-2.1400394439697266,0.8304874897003174,0.883002758026123,1.834244728088379,1.4999217987060547,3.222702741622925,0.916015625,0.54443359375
1142,418,-1.9400768280029297,0.8718397617340088,0.749944806098938,1.6617846488952637,1.0899604558944702,3.471381187438965,0.8955078125,0.485595703125
1143,418,-1.9400768280029297,0.8718397617340088,0.749944806098938,1.6617846488952637,1.0899604558944702,3.471381187438965,0.8955078125,0.485595703125
1144,421,-1.799532413482666,1.0479736328125,0.6801742315292358,2.506242275238037,0.5129122734069824,3.0750112533569336,0.93408203125,0.424072265625
1145,420,-1.9722602367401123,0.9286563396453857,0.773835301399231,2.1050777435302734,-0.23600457608699799,3.3930773735046387,0.91796875,0.49658203125
1146,418,-1.9400768280029297,0.8718397617340088,0.749944806098938,1.6617846488952637,1.0899604558944702,3.471381187438965,0.8955078125,0.485595703125
1147,422,-1.7450168132781982,0.9563395977020264,0.6399760246276855,1.921068549156189,1.5035628080368042,3.169987916946411,0.9033203125,0.395751953125
1148,421,-1.799532413482666,1.0479736328125,0.6801742315292358,2.506242275238037,0.5129122734069824,3.0750112533569336,0.93408203125,0.424072265625
1149,416,-1.6659557819366455,0.848675012588501,0.6712827682495117,0.7710657119750977,2.757349729537964,2.7932980060577393,0.87158203125,0.372802734375
1150,422,-1.7450168132781982,0.9563395977020264,0.6399760246276855,1.921068549156189,1.5035628080368042,3.169987916946411,0.9033203125,0.395751953125
1151,418,-1.9400768280029297,0.8718397617340088,0.749944806098938,1.6617846488952637,1.0899604558944702,3.471381187438965,0.8955078125,0.485595703125
1152,421,-1.799532413482666,1.0479736328125,0.6801742315292358,2.506242275238037,0.5129122734069824,3.0750112533569336,0.93408203125,0.424072265625
1153,422,-1.7450168132781982,0.9563395977020264,0.6399760246276855,1.921068549156189,1.5035628080368042,3.169987916946411,0.9033203125,0.395751953125
1154,423,-1.605715274810791,1.0382671356201172,0.4876730442047119,2.377239465713501,2.317542552947998,2.2310893535614014,0.9365234375,0.302734375
1155,423,-1.605715274810791,1.0382671356201172,0.4876730442047119,2.377239465713501,2.317542552947998,2.2310893535614014,0.9365234375,0.302734375
1156,422,-1.7450168132781982,0.9563395977020264,0.6399760246276855,1.921068549156189,1.5035628080368042,3.169987916946411,0.9033203125,0.395751953125
1157,416,-1.6659557819366455,0.848675012588501,0.6712827682495117,0.7710657119750977,2.757349729537964,2.7932980060577393,0.87158203125,0.372802734375
1158,421,-1.799532413482666,1.0479736328125,0.6801742315292358,2.506242275238037,0.5129122734069824,3.0750112533569336,0.93408203125,0.424072265625
1159,423,-1.605715274810791,1.0382671356201172,0.4876730442047119,2.377239465713501,2.317542552947998,2.2310893535614014,0.9365234375,0.302734375
1160,424,-1.698753833770752,1.1734752655029297,0.5074151158332825,2.852799892425537,1.210823893547058,2.5289251804351807,0.98974609375,0.325439453125
1161,423,-1.605715274810791,1.0382671356201172,0.4876730442047119,2.377239465713501,2.317542552947998,2.2310893535614014,0.9365234375,0.302734375
1162,425,-1.582132339477539,1.0421571731567383,0.3657021224498749,2.5522141456604004,3.0229568481445312,0.589888334274292,0.9931640625,0.28662109375
1163,424,-1.698753833770752,1.1734752655029297,0.5074151158332825,2.852799892425537,1.210823893547058,2.5289251804351807,0.98974609375,0.325439453125
1164,423,-1.605715274810791,1.0382671356201172,0.4876730442047119,2.377239465713501,2.317542552947998,2.2310893535614014,0.9365234375,0.302734375
1165,426,-1.4329109191894531,0.9476640224456787,0.33668285608291626,1.6780599355697632,3.2955474853515625,1.5243096351623535,0.97119140625,0.2288818359375
1166,425,-1.582132339477539,1.0421571731567383,0.3657021224498749,2.5522141456604004,3.0229568481445312,0.589888334274292,0.9931640625,0.28662109375
1167,423,-1.605715274810791,1.0382671356201172,0.4876730442047119,2.377239465713501,2.317542552947998,2.2310893535614014,0.9365234375,0.302734375
1168,416,-1.6659557819366455,0.848675012588501,0.6712827682495117,0.7710657119750977,2.757349729537964,2.7932980060577393,0.87158203125,0.372802734375
1169,427,-1.4894766807556152,0.8824925422668457,0.5600557923316956,1.3265007734298706,3.2615323066711426,1.8981149196624756,0.87646484375,0.28076171875
1170,427,-1.4894766807556152,0.8824925422668457,0.5600557923316956,1.3265007734298706,3.2615323066711426,1.8981149196624756,0.87646484375,0.28076171875
1171,426,-1.4329109191894531,0.9476640224456787,0.33668285608291626,1.6780599355697632,3.2955474853515625,1.5243096351623535,0.97119140625,0.2288818359375
1172,423,-1.605715274810791,1.0382671356201172,0.4876730442047119,2.377239465713501,2.317542552947998,2.2310893535614014,0.9365234375,0.302734375
1173,417,-1.8870370388031006,0.547142744064331,1.0949199199676514,-0.9656939506530762,3.8119473457336426,0.7324761152267456,0.7548828125,0.5107421875
1174,428,-1.7058076858520508,0.6048870086669922,1.033665657043457,-1.2519795894622803,3.725168466567993,0.7454487681388855,0.755859375,0.44775390625
1175,415,-1.7922799587249756,0.6643288135528564,0.8718051910400391,-0.4545915126800537,3.3189258575439453,2.18588924407959,0.81005859375,0.452392578125
1176,415,-1.7922799587249756,0.6643288135528564,0.8718051910400391,-0.4545915126800537,3.3189258575439453,2.18588924407959,0.81005859375,0.452392578125
1177,429,-1.5688276290893555,0.7575891017913818,0.7907707691192627,-0.2394651174545288,3.5274817943573,1.8707115650177002,0.814453125,0.3583984375
1178,416,-1.6659557819366455,0.848675012588501,0.6712827682495117,0.7710657119750977,2.757349729537964,2.7932980060577393,0.87158203125,0.372802734375
1179,428,-1.7058076858520508,0.6048870086669922,1.033665657043457,-1.2519795894622803,3.725168466567993,0.7454487681388855,0.755859375,0.44775390625
1180,429,-1.5688276290893555,0.7575891017913818,0.7907707691192627,-0.2394651174545288,3.5274817943573,1.8707115650177002,0.814453125,0.3583984375
1181,415,-1.7922799587249756,0.6643288135528564,0.8718051910400391,-0.4545915126800537,3.3189258575439453,2.18588924407959,0.81005859375,0.452392578125
1182,416,-1.6659557819366455,0.848675012588501,0.6712827682495117,0.7710657119750977,2.757349729537964,2.7932980060577393,0.87158203125,0.372802734375
1183,430,-1.368318796157837,0.7916924953460693,0.7104380130767822,0.339327335357666,3.7754478454589844,1.2770624160766602,0.81591796875,0.269287109375
1184,427,-1.4894766807556152,0.8824925422668457,0.5600557923316956,1.3265007734298706,3.2615323066711426,1.8981149196624756,0.87646484375,0.28076171875
1185,416,-1.6659557819366455,0.848675012588501,0.6712827682495117,0.7710657119750977,2.757349729537964,2.7932980060577393,0.87158203125,0.372802734375
1186,429,-1.5688276290893555,0.7575891017913818,0.7907707691192627,-0.2394651174545288,3.5274817943573,1.8707115650177002,0.814453125,0.3583984375
1187,430,-1.368318796157837,0.7916924953460693,0.7104380130767822,0.339327335357666,3.7754478454589844,1.2770624160766602,0.81591796875,0.269287109375
1188,427,-1.4894766807556152,0.8824925422668457,0.5600557923316956,1.3265007734298706,3.2615323066711426,1.8981149196624756,0.87646484375,0.28076171875
1189,431,-1.3343007564544678,0.860173225402832,0.46511930227279663,0.7607415914535522,3.6136679649353027,1.5371137857437134,0.87841796875,0.22412109375
1190,426,-1.4329109191894531,0.9476640224456787,0.33668285608291626,1.6780599355697632,3.2955474853515625,1.5243096351623535,0.97119140625,0.2288818359375
1191,431,-1.3343007564544678,0.860173225402832,0.46511930227279663,0.7607415914535522,3.6136679649353027,1.5371137857437134,0.87841796875,0.22412109375
1192,427,-1.4894766807556152,0.8824925422668457,0.5600557923316956,1.3265007734298706,3.2615323066711426,1.8981149196624756,0.87646484375,0.28076171875
1193,430,-1.368318796157837,0.7916924953460693,0.7104380130767822,0.339327335357666,3.7754478454589844,1.2770624160766602,0.81591796875,0.269287109375
1194,426,-1.4329109191894531,0.9476640224456787,0.33668285608291626,1.6780599355697632,3.2955474853515625,1.5243096351623535,0.97119140625,0.2288818359375
1195,431,-1.3343007564544678,0.860173225402832,0.46511930227279663,0.7607415914535522,3.6136679649353027,1.5371137857437134,0.87841796875,0.22412109375
1196,432,-1.188359260559082,0.9051065444946289,0.4008064270019531,-0.7646085023880005,3.4052555561065674,1.9543907642364502,0.88037109375,0.173095703125
1197,426,-1.4329109191894531,0.9476640224456787,0.33668285608291626,1.6780599355697632,3.2955474853515625,1.5243096351623535,0.97119140625,0.2288818359375
1198,432,-1.188359260559082,0.9051065444946289,0.4008064270019531,-0.7646085023880005,3.4052555561065674,1.9543907642364502,0.88037109375,0.173095703125
1199,433,-1.250786304473877,0.9316444396972656,0.3191537857055664,-0.1794757843017578,3.516361713409424,1.8981631994247437,0.974609375,0.1695556640625
1200,434,-1.0436992645263672,1.0292890071868896,0.3065442442893982,-1.225074052810669,3.1801347732543945,2.0942702293395996,0.9296875,0.10919189453125
1201,433,-1.250786304473877,0.9316444396972656,0.3191537857055664,-0.1794757843017578,3.516361713409424,1.8981631994247437,0.974609375,0.1695556640625
1202,432,-1.188359260559082,0.9051065444946289,0.4008064270019531,-0.7646085023880005,3.4052555561065674,1.9543907642364502,0.88037109375,0.173095703125
1203,431,-1.3343007564544678,0.860173225402832,0.46511930227279663,0.7607415914535522,3.6136679649353027,1.5371137857437134,0.87841796875,0.22412109375
1204,430,-1.368318796157837,0.7916924953460693,0.7104380130767822,0.339327335357666,3.7754478454589844,1.2770624160766602,0.81591796875,0.269287109375
1205,435,-1.2150957584381104,0.7913346290588379,0.6404695510864258,-0.016780972480773926,3.8037686347961426,1.237374186515808,0.81884765625,0.21484375
1206,432,-1.188359260559082,0.9051065444946289,0.4008064270019531,-0.7646085023880005,3.4052555561065674,1.9543907642364502,0.88037109375,0.173095703125
1207,431,-1.3343007564544678,0.860173225402832,0.46511930227279663,0.7607415914535522,3.6136679649353027,1.5371137857437134,0.87841796875,0.22412109375
1208,435,-1.2150957584381104,0.7913346290588379,0.6404695510864258,-0.016780972480773926,3.8037686347961426,1.237374186515808,0.81884765625,0.21484375
1209,429,-1.5688276290893555,0.7575891017913818,0.7907707691192627,-0.2394651174545288,3.5274817943573,1.8707115650177002,0.814453125,0.3583984375
1210,436,-1.2975375652313232,0.7453932762145996,0.8979864120483398,-0.2258307933807373,3.980246067047119,0.3266114890575409,0.7607421875,0.265869140625
1211,430,-1.368318796157837,0.7916924953460693,0.7104380130767822,0.339327335357666,3.7754478454589844,1.2770624160766602,0.81591796875,0.269287109375
1212,435,-1.2150957584381104,0.7913346290588379,0.6404695510864258,-0.016780972480773926,3.8037686347961426,1.237374186515808,0.81884765625,0.21484375
1213,430,-1.368318796157837,0.7916924953460693,0.7104380130767822,0.339327335357666,3.7754478454589844,1.2770624160766602,0.81591796875,0.269287109375
1214,436,-1.2975375652313232,0.7453932762145996,0.8979864120483398,-0.2258307933807373,3.980246067047119,0.3266114890575409,0.7607421875,0.265869140625
1215,432,-1.188359260559082,0.9051065444946289,0.4008064270019531,-0.7646085023880005,3.4052555561065674,1.9543907642364502,0.88037109375,0.173095703125
1216,437,-0.8791074752807617,0.943716287612915,0.5147848129272461,-1.481329321861267,3.279034376144409,1.7474629878997803,0.8291015625,0.093994140625
1217,434,-1.0436992645263672,1.0292890071868896,0.3065442442893982,-1.225074052810669,3.1801347732543945,2.0942702293395996,0.9296875,0.10919189453125
1218,437,-0.8791074752807617,0.943716287612915,0.5147848129272461,-1.481329321861267,3.279034376144409,1.7474629878997803,0.8291015625,0.093994140625
1219,438,-0.8050732612609863,1.1094648838043213,0.3044729232788086,-1.2746238708496094,3.1830923557281494,2.059924364089966,0.90625,0.055389404296875
1220,434,-1.0436992645263672,1.0292890071868896,0.3065442442893982,-1.225074052810669,3.1801347732543945,2.0942702293395996,0.9296875,0.10919189453125
1221,437,-0.8791074752807617,0.943716287612915,0.5147848129272461,-1.481329321861267,3.279034376144409,1.7474629878997803,0.8291015625,0.093994140625
1222,439,-0.6867399215698242,1.074190378189087,0.45803821086883545,-1.6352061033248901,3.2392144203186035,1.6833351850509644,0.84375,0.025177001953125
1223,438,-0.8050732612609863,1.1094648838043213,0.3044729232788086,-1.2746238708496094,3.1830923557281494,2.059924364089966,0.90625,0.055389404296875
1224,432,-1.188359260559082,0.9051065444946289,0.4008064270019531,-0.7646085023880005,3.4052555561065674,1.9543907642364502,0.88037109375,0.173095703125
1225,435,-1.2150957584381104,0.7913346290588379,0.6404695510864258,-0.016780972480773926,3.8037686347961426,1.237374186515808,0.81884765625,0.21484375
1226,440,-1.0665216445922852,0.8389875888824463,0.5790484547615051,-1.051220178604126,3.4872608184814453,1.6534748077392578,0.8212890625,0.1658935546875
1227,432,-1.188359260559082,0.9051065444946289,0.4008064270019531,-0.7646085023880005,3.4052555561065674,1.9543907642364502,0.88037109375,0.173095703125
1228,440,-1.0665216445922852,0.8389875888824463,0.5790484547615051,-1.051220178604126,3.4872608184814453,1.6534748077392578,0.8212890625,0.1658935546875
1229,437,-0.8791074752807617,0.943716287612915,0.5147848129272461,-1.481329321861267,3.279034376144409,1.7474629878997803,0.8291015625,0.093994140625
1230,441,-0.7862410545349121,0.9104981422424316,0.7118759155273438,-1.8837090730667114,3.384084701538086,0.9998179078102112,0.76611328125,0.0926513671875
1231,439,-0.6867399215698242,1.074190378189087,0.45803821086883545,-1.6352061033248901,3.2392144203186035,1.6833351850509644,0.84375,0.025177001953125
1232,437,-0.8791074752807617,0.943716287612915,0.5147848129272461,-1.481329321861267,3.279034376144409,1.7474629878997803,0.8291015625,0.093994140625
1233,441,-0.7862410545349121,0.9104981422424316,0.7118759155273438,-1.8837090730667114,3.384084701538086,0.9998179078102112,0.76611328125,0.0926513671875
1234,442,-0.5960798263549805,1.0537490844726562,0.654511570930481,-2.0420072078704834,3.277064323425293,1.0445491075515747,0.76806640625,0.03997802734375
1235,439,-0.6867399215698242,1.074190378189087,0.45803821086883545,-1.6352061033248901,3.2392144203186035,1.6833351850509644,0.84375,0.025177001953125
1236,441,-0.7862410545349121,0.9104981422424316,0.7118759155273438,-1.8837090730667114,3.384084701538086,0.9998179078102112,0.76611328125,0.0926513671875
1237,443,-0.5318939685821533,1.0388150215148926,0.8743143081665039,-2.183894157409668,3.339719295501709,0.27732086181640625,0.70556640625,0.05181884765625
1238,442,-0.5960798263549805,1.0537490844726562,0.654511570930481,-2.0420072078704834,3.277064323425293,1.0445491075515747,0.76806640625,0.03997802734375
1239,440,-1.0665216445922852,0.8389875888824463,0.5790484547615051,-1.051220178604126,3.4872608184814453,1.6534748077392578,0.8212890625,0.1658935546875
1240,435,-1.2150957584381104,0.7913346290588379,0.6404695510864258,-0.016780972480773926,3.8037686347961426,1.237374186515808,0.81884765625,0.21484375
1241,444,-1.1320521831512451,0.7458682060241699,0.8321406841278076,-0.41407310962677,3.951939344406128,0.4590824246406555,0.7626953125,0.2122802734375
1242,435,-1.2150957584381104,0.7913346290588379,0.6404695510864258,-0.016780972480773926,3.8037686347961426,1.237374186515808,0.81884765625,0.21484375
1243,436,-1.2975375652313232,0.7453932762145996,0.8979864120483398,-0.2258307933807373,3.980246067047119,0.3266114890575409,0.7607421875,0.265869140625
1244,444,-1.1320521831512451,0.7458682060241699,0.8321406841278076,-0.41407310962677,3.951939344406128,0.4590824246406555,0.7626953125,0.2122802734375
1245,445,-0.9754490852355957,0.7964138984680176,0.7739287614822388,-1.3885979652404785,3.6580445766448975,0.8309847116470337,0.76513671875,0.164306640625
1246,437,-0.8791074752807617,0.943716287612915,0.5147848129272461,-1.481329321861267,3.279034376144409,1.7474629878997803,0.8291015625,0.093994140625
1247,440,-1.0665216445922852,0.8389875888824463,0.5790484547615051,-1.051220178604126,3.4872608184814453,1.6534748077392578,0.8212890625,0.1658935546875
1248,445,-0.9754490852355957,0.7964138984680176,0.7739287614822388,-1.3885979652404785,3.6580445766448975,0.8309847116470337,0.76513671875,0.164306640625
1249,441,-0.7862410545349121,0.9104981422424316,0.7118759155273438,-1.8837090730667114,3.384084701538086,0.9998179078102112,0.76611328125,0.0926513671875
1250,437,-0.8791074752807617,0.943716287612915,0.5147848129272461,-1.481329321861267,3.279034376144409,1.7474629878997803,0.8291015625,0.093994140625
1251,440,-1.0665216445922852,0.8389875888824463,0.5790484547615051,-1.051220178604126,3.4872608184814453,1.6534748077392578,0.8212890625,0.1658935546875
1252,444,-1.1320521831512451,0.7458682060241699,0.8321406841278076,-0.41407310962677,3.951939344406128,0.4590824246406555,0.7626953125,0.2122802734375
1253,445,-0.9754490852355957,0.7964138984680176,0.7739287614822388,-1.3885979652404785,3.6580445766448975,0.8309847116470337,0.76513671875,0.164306640625
1254,441,-0.7862410545349121,0.9104981422424316,0.7118759155273438,-1.8837090730667114,3.384084701538086,0.9998179078102112,0.76611328125,0.0926513671875
1255,446,-0.7277421951293945,0.9049978256225586,0.9272266030311584,-2.048833131790161,3.4333345890045166,0.12049275636672974,0.70556640625,0.095703125
1256,443,-0.5318939685821533,1.0388150215148926,0.8743143081665039,-2.183894157409668,3.339719295501709,0.27732086181640625,0.70556640625,0.05181884765625
1257,445,-0.9754490852355957,0.7964138984680176,0.7739287614822388,-1.3885979652404785,3.6580445766448975,0.8309847116470337,0.76513671875,0.164306640625
1258,446,-0.7277421951293945,0.9049978256225586,0.9272266030311584,-2.048833131790161,3.4333345890045166,0.12049275636672974,0.70556640625,0.095703125
1259,441,-0.7862410545349121,0.9104981422424316,0.7118759155273438,-1.8837090730667114,3.384084701538086,0.9998179078102112,0.76611328125,0.0926513671875
1260,446,-0.7277421951293945,0.9049978256225586,0.9272266030311584,-2.048833131790161,3.4333345890045166,0.12049275636672974,0.70556640625,0.095703125
1261,447,-0.5270631313323975,1.0518128871917725,1.1057913303375244,-2.1244685649871826,3.3611342906951904,-0.43524277210235596,0.64599609375,0.058074951171875
1262,443,-0.5318939685821533,1.0388150215148926,0.8743143081665039,-2.183894157409668,3.339719295501709,0.27732086181640625,0.70556640625,0.05181884765625
1263,448,-0.9224348068237305,0.8012795448303223,0.9824138283729553,-1.5796704292297363,3.6710147857666016,-0.16828089952468872,0.70703125,0.166748046875
1264,445,-0.9754490852355957,0.7964138984680176,0.7739287614822388,-1.3885979652404785,3.6580445766448975,0.8309847116470337,0.76513671875,0.164306640625
1265,444,-1.1320521831512451,0.7458682060241699,0.8321406841278076,-0.41407310962677,3.951939344406128,0.4590824246406555,0.7626953125,0.2122802734375
1266,445,-0.9754490852355957,0.7964138984680176,0.7739287614822388,-1.3885979652404785,3.6580445766448975,0.8309847116470337,0.76513671875,0.164306640625
1267,448,-0.9224348068237305,0.8012795448303223,0.9824138283729553,-1.5796704292297363,3.6710147857666016,-0.16828089952468872,0.70703125,0.166748046875
1268,446,-0.7277421951293945,0.9049978256225586,0.9272266030311584,-2.048833131790161,3.4333345890045166,0.12049275636672974,0.70556640625,0.095703125
1269,446,-0.7277421951293945,0.9049978256225586,0.9272266030311584,-2.048833131790161,3.4333345890045166,0.12049275636672974,0.70556640625,0.095703125
1270,449,-0.7256155014038086,0.9353721141815186,1.1541352272033691,-1.9518370628356934,3.4426841735839844,-0.5816211104393005,0.64697265625,0.1043701171875
1271,447,-0.5270631313323975,1.0518128871917725,1.1057913303375244,-2.1244685649871826,3.3611342906951904,-0.43524277210235596,0.64599609375,0.058074951171875
1272,448,-0.9224348068237305,0.8012795448303223,0.9824138283729553,-1.5796704292297363,3.6710147857666016,-0.16828089952468872,0.70703125,0.166748046875
1273,449,-0.7256155014038086,0.9353721141815186,1.1541352272033691,-1.9518370628356934,3.4426841735839844,-0.5816211104393005,0.64697265625,0.1043701171875
1274,446,-0.7277421951293945,0.9049978256225586,0.9272266030311584,-2.048833131790161,3.4333345890045166,0.12049275636672974,0.70556640625,0.095703125
1275,449,-0.7256155014038086,0.9353721141815186,1.1541352272033691,-1.9518370628356934,3.4426841735839844,-0.5816211104393005,0.64697265625,0.1043701171875
1276,450,-0.54803466796875,1.0768752098083496,1.340653657913208,-2.036612033843994,3.3847861289978027,-0.6288567185401917,0.568359375,0.0787353515625
1277,447,-0.5270631313323975,1.0518128871917725,1.1057913303375244,-2.1244685649871826,3.3611342906951904,-0.43524277210235596,0.64599609375,0.058074951171875
1278,449,-0.7256155014038086,0.9353721141815186,1.1541352272033691,-1.9518370628356934,3.4426841735839844,-0.5816211104393005,0.64697265625,0.1043701171875
1279,451,-0.7392721176147461,0.9801967144012451,1.4075872898101807,-1.8342840671539307,3.474114418029785,-0.7523040771484375,0.56103515625,0.1298828125
1280,450,-0.54803466796875,1.0768752098083496,1.340653657913208,-2.036612033843994,3.3847861289978027,-0.6288567185401917,0.568359375,0.0787353515625
1281,448,-0.9224348068237305,0.8012795448303223,0.9824138283729553,-1.5796704292297363,3.6710147857666016,-0.16828089952468872,0.70703125,0.166748046875
1282,444,-1.1320521831512451,0.7458682060241699,0.8321406841278076,-0.41407310962677,3.951939344406128,0.4590824246406555,0.7626953125,0.2122802734375
1283,452,-1.0817761421203613,0.7595596313476562,1.0324697494506836,-0.6070822477340698,3.9123635292053223,-0.5699954032897949,0.7060546875,0.2154541015625
1284,452,-1.0817761421203613,0.7595596313476562,1.0324697494506836,-0.6070822477340698,3.9123635292053223,-0.5699954032897949,0.7060546875,0.2154541015625
1285,444,-1.1320521831512451,0.7458682060241699,0.8321406841278076,-0.41407310962677,3.951939344406128,0.4590824246406555,0.7626953125,0.2122802734375
1286,436,-1.2975375652313232,0.7453932762145996,0.8979864120483398,-0.2258307933807373,3.980246067047119,0.3266114890575409,0.7607421875,0.265869140625
1287,448,-0.9224348068237305,0.8012795448303223,0.9824138283729553,-1.5796704292297363,3.6710147857666016,-0.16828089952468872,0.70703125,0.166748046875
1288,453,-0.9232325553894043,0.8428311347961426,1.1915278434753418,-1.4198756217956543,3.6443307399749756,-0.8383538722991943,0.65380859375,0.1768798828125
1289,449,-0.7256155014038086,0.9353721141815186,1.1541352272033691,-1.9518370628356934,3.4426841735839844,-0.5816211104393005,0.64697265625,0.1043701171875
1290,453,-0.9232325553894043,0.8428311347961426,1.1915278434753418,-1.4198756217956543,3.6443307399749756,-0.8383538722991943,0.65380859375,0.1768798828125
1291,451,-0.7392721176147461,0.9801967144012451,1.4075872898101807,-1.8342840671539307,3.474114418029785,-0.7523040771484375,0.56103515625,0.1298828125
1292,449,-0.7256155014038086,0.9353721141815186,1.1541352272033691,-1.9518370628356934,3.4426841735839844,-0.5816211104393005,0.64697265625,0.1043701171875
1293,453,-0.9232325553894043,0.8428311347961426,1.1915278434753418,-1.4198756217956543,3.6443307399749756,-0.8383538722991943,0.65380859375,0.1768798828125
1294,448,-0.9224348068237305,0.8012795448303223,0.9824138283729553,-1.5796704292297363,3.6710147857666016,-0.16828089952468872,0.70703125,0.166748046875
1295,452,-1.0817761421203613,0.7595596313476562,1.0324697494506836,-0.6070822477340698,3.9123635292053223,-0.5699954032897949,0.7060546875,0.2154541015625
1296,453,-0.9232325553894043,0.8428311347961426,1.1915278434753418,-1.4198756217956543,3.6443307399749756,-0.8383538722991943,0.65380859375,0.1768798828125
1297,454,-0.9453873634338379,0.8937575817108154,1.4161677360534668,-1.1895960569381714,3.67464017868042,-1.0401496887207031,0.6044921875,0.194580078125
1298,451,-0.7392721176147461,0.9801967144012451,1.4075872898101807,-1.8342840671539307,3.474114418029785,-0.7523040771484375,0.56103515625,0.1298828125
1299,454,-0.9453873634338379,0.8937575817108154,1.4161677360534668,-1.1895960569381714,3.67464017868042,-1.0401496887207031,0.6044921875,0.194580078125
1300,455,-0.9570856094360352,0.917121410369873,1.4591124057769775,-0.7872552871704102,3.7080256938934326,-1.277030348777771,0.55810546875,0.192626953125
1301,451,-0.7392721176147461,0.9801967144012451,1.4075872898101807,-1.8342840671539307,3.474114418029785,-0.7523040771484375,0.56103515625,0.1298828125
1302,454,-0.9453873634338379,0.8937575817108154,1.4161677360534668,-1.1895960569381714,3.67464017868042,-1.0401496887207031,0.6044921875,0.194580078125
1303,456,-1.1240291595458984,0.8924078941345215,1.5158915519714355,0.7811089754104614,3.7101149559020996,-1.274735927581787,0.55419921875,0.251220703125
1304,455,-0.9570856094360352,0.917121410369873,1.4591124057769775,-0.7872552871704102,3.7080256938934326,-1.277030348777771,0.55810546875,0.192626953125
1305,453,-0.9232325553894043,0.8428311347961426,1.1915278434753418,-1.4198756217956543,3.6443307399749756,-0.8383538722991943,0.65380859375,0.1768798828125
1306,452,-1.0817761421203613,0.7595596313476562,1.0324697494506836,-0.6070822477340698,3.9123635292053223,-0.5699954032897949,0.7060546875,0.2154541015625
1307,457,-1.0829925537109375,0.8121228218078613,1.2163000106811523,-0.3381713628768921,3.7971034049987793,-1.2114787101745605,0.65576171875,0.225830078125
1308,454,-0.9453873634338379,0.8937575817108154,1.4161677360534668,-1.1895960569381714,3.67464017868042,-1.0401496887207031,0.6044921875,0.194580078125
1309,453,-0.9232325553894043,0.8428311347961426,1.1915278434753418,-1.4198756217956543,3.6443307399749756,-0.8383538722991943,0.65380859375,0.1768798828125
1310,457,-1.0829925537109375,0.8121228218078613,1.2163000106811523,-0.3381713628768921,3.7971034049987793,-1.2114787101745605,0.65576171875,0.225830078125
1311,452,-1.0817761421203613,0.7595596313476562,1.0324697494506836,-0.6070822477340698,3.9123635292053223,-0.5699954032897949,0.7060546875,0.2154541015625
1312,436,-1.2975375652313232,0.7453932762145996,0.8979864120483398,-0.2258307933807373,3.980246067047119,0.3266114890575409,0.7607421875,0.265869140625
1313,458,-1.2485260963439941,0.7678864002227783,1.0893605947494507,-0.4509596824645996,3.868509292602539,-0.9117586016654968,0.705078125,0.27001953125
1314,457,-1.0829925537109375,0.8121228218078613,1.2163000106811523,-0.3381713628768921,3.7971034049987793,-1.2114787101745605,0.65576171875,0.225830078125
1315,452,-1.0817761421203613,0.7595596313476562,1.0324697494506836,-0.6070822477340698,3.9123635292053223,-0.5699954032897949,0.7060546875,0.2154541015625
1316,458,-1.2485260963439941,0.7678864002227783,1.0893605947494507,-0.4509596824645996,3.868509292602539,-0.9117586016654968,0.705078125,0.27001953125
1317,454,-0.9453873634338379,0.8937575817108154,1.4161677360534668,-1.1895960569381714,3.67464017868042,-1.0401496887207031,0.6044921875,0.194580078125
1318,459,-1.1055376529693604,0.8783063888549805,1.4033052921295166,0.16927814483642578,3.7783203125,-1.3021814823150635,0.607421875,0.24365234375
1319,456,-1.1240291595458984,0.8924078941345215,1.5158915519714355,0.7811089754104614,3.7101149559020996,-1.274735927581787,0.55419921875,0.251220703125
1320,454,-0.9453873634338379,0.8937575817108154,1.4161677360534668,-1.1895960569381714,3.67464017868042,-1.0401496887207031,0.6044921875,0.194580078125
1321,457,-1.0829925537109375,0.8121228218078613,1.2163000106811523,-0.3381713628768921,3.7971034049987793,-1.2114787101745605,0.65576171875,0.225830078125
1322,459,-1.1055376529693604,0.8783063888549805,1.4033052921295166,0.16927814483642578,3.7783203125,-1.3021814823150635,0.607421875,0.24365234375
1323,456,-1.1240291595458984,0.8924078941345215,1.5158915519714355,0.7811089754104614,3.7101149559020996,-1.274735927581787,0.55419921875,0.251220703125
1324,459,-1.1055376529693604,0.8783063888549805,1.4033052921295166,0.16927814483642578,3.7783203125,-1.3021814823150635,0.607421875,0.24365234375
1325,460,-1.2920589447021484,0.9088611602783203,1.3839497566223145,0.3807194232940674,3.4636616706848145,-1.9642133712768555,0.60986328125,0.29833984375
1326,456,-1.1240291595458984,0.8924078941345215,1.5158915519714355,0.7811089754104614,3.7101149559020996,-1.274735927581787,0.55419921875,0.251220703125
1327,460,-1.2920589447021484,0.9088611602783203,1.3839497566223145,0.3807194232940674,3.4636616706848145,-1.9642133712768555,0.60986328125,0.29833984375
1328,461,-1.360814094543457,0.9891746044158936,1.4290802478790283,0.3502347469329834,2.694181442260742,-2.935772657394409,0.57275390625,0.322509765625
1329,459,-1.1055376529693604,0.8783063888549805,1.4033052921295166,0.16927814483642578,3.7783203125,-1.3021814823150635,0.607421875,0.24365234375
1330,457,-1.0829925537109375,0.8121228218078613,1.2163000106811523,-0.3381713628768921,3.7971034049987793,-1.2114787101745605,0.65576171875,0.225830078125
1331,462,-1.2489430904388428,0.8345787525177002,1.244757890701294,-0.19631385803222656,3.6148271560668945,-1.7013294696807861,0.6572265625,0.280517578125
1332,457,-1.0829925537109375,0.8121228218078613,1.2163000106811523,-0.3381713628768921,3.7971034049987793,-1.2114787101745605,0.65576171875,0.225830078125
1333,458,-1.2485260963439941,0.7678864002227783,1.0893605947494507,-0.4509596824645996,3.868509292602539,-0.9117586016654968,0.705078125,0.27001953125
1334,462,-1.2489430904388428,0.8345787525177002,1.244757890701294,-0.19631385803222656,3.6148271560668945,-1.7013294696807861,0.6572265625,0.280517578125
1335,459,-1.1055376529693604,0.8783063888549805,1.4033052921295166,0.16927814483642578,3.7783203125,-1.3021814823150635,0.607421875,0.24365234375
1336,462,-1.2489430904388428,0.8345787525177002,1.244757890701294,-0.19631385803222656,3.6148271560668945,-1.7013294696807861,0.6572265625,0.280517578125
1337,460,-1.2920589447021484,0.9088611602783203,1.3839497566223145,0.3807194232940674,3.4636616706848145,-1.9642133712768555,0.60986328125,0.29833984375
1338,463,-1.5081119537353516,0.7036833763122559,0.9728571772575378,-1.0279529094696045,3.820451259613037,0.589486837387085,0.7587890625,0.354736328125
1339,458,-1.2485260963439941,0.7678864002227783,1.0893605947494507,-0.4509596824645996,3.868509292602539,-0.9117586016654968,0.705078125,0.27001953125
1340,436,-1.2975375652313232,0.7453932762145996,0.8979864120483398,-0.2258307933807373,3.980246067047119,0.3266114890575409,0.7607421875,0.265869140625
1341,429,-1.5688276290893555,0.7575891017913818,0.7907707691192627,-0.2394651174545288,3.5274817943573,1.8707115650177002,0.814453125,0.3583984375
1342,463,-1.5081119537353516,0.7036833763122559,0.9728571772575378,-1.0279529094696045,3.820451259613037,0.589486837387085,0.7587890625,0.354736328125
1343,436,-1.2975375652313232,0.7453932762145996,0.8979864120483398,-0.2258307933807373,3.980246067047119,0.3266114890575409,0.7607421875,0.265869140625
1344,428,-1.7058076858520508,0.6048870086669922,1.033665657043457,-1.2519795894622803,3.725168466567993,0.7454487681388855,0.755859375,0.44775390625
1345,463,-1.5081119537353516,0.7036833763122559,0.9728571772575378,-1.0279529094696045,3.820451259613037,0.589486837387085,0.7587890625,0.354736328125
1346,429,-1.5688276290893555,0.7575891017913818,0.7907707691192627,-0.2394651174545288,3.5274817943573,1.8707115650177002,0.814453125,0.3583984375
1347,463,-1.5081119537353516,0.7036833763122559,0.9728571772575378,-1.0279529094696045,3.820451259613037,0.589486837387085,0.7587890625,0.354736328125
1348,464,-1.4604597091674805,0.7352559566497803,1.157307505607605,-1.3537328243255615,3.595215082168579,-1.1143898963928223,0.705078125,0.360595703125
1349,458,-1.2485260963439941,0.7678864002227783,1.0893605947494507,-0.4509596824645996,3.868509292602539,-0.9117586016654968,0.705078125,0.27001953125
1350,464,-1.4604597091674805,0.7352559566497803,1.157307505607605,-1.3537328243255615,3.595215082168579,-1.1143898963928223,0.705078125,0.360595703125
1351,462,-1.2489430904388428,0.8345787525177002,1.244757890701294,-0.19631385803222656,3.6148271560668945,-1.7013294696807861,0.6572265625,0.280517578125
1352,458,-1.2485260963439941,0.7678864002227783,1.0893605947494507,-0.4509596824645996,3.868509292602539,-0.9117586016654968,0.705078125,0.27001953125
1353,428,-1.7058076858520508,0.6048870086669922,1.033665657043457,-1.2519795894622803,3.725168466567993,0.7454487681388855,0.755859375,0.44775390625
1354,464,-1.4604597091674805,0.7352559566497803,1.157307505607605,-1.3537328243255615,3.595215082168579,-1.1143898963928223,0.705078125,0.360595703125
1355,463,-1.5081119537353516,0.7036833763122559,0.9728571772575378,-1.0279529094696045,3.820451259613037,0.589486837387085,0.7587890625,0.354736328125
1356,461,-1.360814094543457,0.9891746044158936,1.4290802478790283,0.3502347469329834,2.694181442260742,-2.935772657394409,0.57275390625,0.322509765625
1357,460,-1.2920589447021484,0.9088611602783203,1.3839497566223145,0.3807194232940674,3.4636616706848145,-1.9642133712768555,0.60986328125,0.29833984375
1358,465,-1.488560438156128,0.9007360935211182,1.3941726684570312,-0.7220547199249268,2.433612108230591,-3.0913116931915283,0.619140625,0.391845703125
1359,461,-1.360814094543457,0.9891746044158936,1.4290802478790283,0.3502347469329834,2.694181442260742,-2.935772657394409,0.57275390625,0.322509765625
1360,465,-1.488560438156128,0.9007360935211182,1.3941726684570312,-0.7220547199249268,2.433612108230591,-3.0913116931915283,0.619140625,0.391845703125
1361,466,-1.519798755645752,0.9597513675689697,1.4315214157104492,-0.4161379933357239,1.8788602352142334,-3.506671905517578,0.5849609375,0.417724609375
1362,467,-1.7208952903747559,0.9097685813903809,1.4358670711517334,-0.6704670190811157,1.554600715637207,-3.6240479946136475,0.60546875,0.490966796875
1363,466,-1.519798755645752,0.9597513675689697,1.4315214157104492,-0.4161379933357239,1.8788602352142334,-3.506671905517578,0.5849609375,0.417724609375
1364,465,-1.488560438156128,0.9007360935211182,1.3941726684570312,-0.7220547199249268,2.433612108230591,-3.0913116931915283,0.619140625,0.391845703125
1365,468,-1.4599733352661133,0.8185591697692871,1.2918553352355957,-1.0856242179870605,3.021224021911621,-2.3861382007598877,0.65966796875,0.37353515625
1366,460,-1.2920589447021484,0.9088611602783203,1.3839497566223145,0.3807194232940674,3.4636616706848145,-1.9642133712768555,0.60986328125,0.29833984375
1367,462,-1.2489430904388428,0.8345787525177002,1.244757890701294,-0.19631385803222656,3.6148271560668945,-1.7013294696807861,0.6572265625,0.280517578125
1368,468,-1.4599733352661133,0.8185591697692871,1.2918553352355957,-1.0856242179870605,3.021224021911621,-2.3861382007598877,0.65966796875,0.37353515625
1369,465,-1.488560438156128,0.9007360935211182,1.3941726684570312,-0.7220547199249268,2.433612108230591,-3.0913116931915283,0.619140625,0.391845703125
1370,460,-1.2920589447021484,0.9088611602783203,1.3839497566223145,0.3807194232940674,3.4636616706848145,-1.9642133712768555,0.60986328125,0.29833984375
1371,464,-1.4604597091674805,0.7352559566497803,1.157307505607605,-1.3537328243255615,3.595215082168579,-1.1143898963928223,0.705078125,0.360595703125
1372,468,-1.4599733352661133,0.8185591697692871,1.2918553352355957,-1.0856242179870605,3.021224021911621,-2.3861382007598877,0.65966796875,0.37353515625
1373,462,-1.2489430904388428,0.8345787525177002,1.244757890701294,-0.19631385803222656,3.6148271560668945,-1.7013294696807861,0.6572265625,0.280517578125
1374,467,-1.7208952903747559,0.9097685813903809,1.4358670711517334,-0.6704670190811157,1.554600715637207,-3.6240479946136475,0.60546875,0.490966796875
1375,465,-1.488560438156128,0.9007360935211182,1.3941726684570312,-0.7220547199249268,2.433612108230591,-3.0913116931915283,0.619140625,0.391845703125
1376,468,-1.4599733352661133,0.8185591697692871,1.2918553352355957,-1.0856242179870605,3.021224021911621,-2.3861382007598877,0.65966796875,0.37353515625
1377,428,-1.7058076858520508,0.6048870086669922,1.033665657043457,-1.2519795894622803,3.725168466567993,0.7454487681388855,0.755859375,0.44775390625
1378,469,-1.665149211883545,0.6371243000030518,1.2149308919906616,-1.5892435312271118,3.3659934997558594,-1.4643851518630981,0.7060546875,0.45166015625
1379,464,-1.4604597091674805,0.7352559566497803,1.157307505607605,-1.3537328243255615,3.595215082168579,-1.1143898963928223,0.705078125,0.360595703125
1380,469,-1.665149211883545,0.6371243000030518,1.2149308919906616,-1.5892435312271118,3.3659934997558594,-1.4643851518630981,0.7060546875,0.45166015625
1381,468,-1.4599733352661133,0.8185591697692871,1.2918553352355957,-1.0856242179870605,3.021224021911621,-2.3861382007598877,0.65966796875,0.37353515625
1382,464,-1.4604597091674805,0.7352559566497803,1.157307505607605,-1.3537328243255615,3.595215082168579,-1.1143898963928223,0.705078125,0.360595703125
1383,417,-1.8870370388031006,0.547142744064331,1.0949199199676514,-0.9656939506530762,3.8119473457336426,0.7324761152267456,0.7548828125,0.5107421875
1384,469,-1.665149211883545,0.6371243000030518,1.2149308919906616,-1.5892435312271118,3.3659934997558594,-1.4643851518630981,0.7060546875,0.45166015625
1385,428,-1.7058076858520508,0.6048870086669922,1.033665657043457,-1.2519795894622803,3.725168466567993,0.7454487681388855,0.755859375,0.44775390625
1386,417,-1.8870370388031006,0.547142744064331,1.0949199199676514,-0.9656939506530762,3.8119473457336426,0.7324761152267456,0.7548828125,0.5107421875
1387,470,-1.8421330451965332,0.5779054164886475,1.2559245824813843,-1.282475471496582,3.2537293434143066,-1.9412705898284912,0.7080078125,0.51416015625
1388,469,-1.665149211883545,0.6371243000030518,1.2149308919906616,-1.5892435312271118,3.3659934997558594,-1.4643851518630981,0.7060546875,0.45166015625
1389,467,-1.7208952903747559,0.9097685813903809,1.4358670711517334,-0.6704670190811157,1.554600715637207,-3.6240479946136475,0.60546875,0.490966796875
1390,468,-1.4599733352661133,0.8185591697692871,1.2918553352355957,-1.0856242179870605,3.021224021911621,-2.3861382007598877,0.65966796875,0.37353515625
1391,471,-1.6746013164520264,0.7454040050506592,1.3462661504745483,-1.093630313873291,2.2570412158966064,-3.1160507202148438,0.6640625,0.460693359375
1392,469,-1.665149211883545,0.6371243000030518,1.2149308919906616,-1.5892435312271118,3.3659934997558594,-1.4643851518630981,0.7060546875,0.45166015625
1393,471,-1.6746013164520264,0.7454040050506592,1.3462661504745483,-1.093630313873291,2.2570412158966064,-3.1160507202148438,0.6640625,0.460693359375
1394,468,-1.4599733352661133,0.8185591697692871,1.2918553352355957,-1.0856242179870605,3.021224021911621,-2.3861382007598877,0.65966796875,0.37353515625
1395,470,-1.8421330451965332,0.5779054164886475,1.2559245824813843,-1.282475471496582,3.2537293434143066,-1.9412705898284912,0.7080078125,0.51416015625
1396,471,-1.6746013164520264,0.7454040050506592,1.3462661504745483,-1.093630313873291,2.2570412158966064,-3.1160507202148438,0.6640625,0.460693359375
1397,469,-1.665149211883545,0.6371243000030518,1.2149308919906616,-1.5892435312271118,3.3659934997558594,-1.4643851518630981,0.7060546875,0.45166015625
1398,471,-1.6746013164520264,0.7454040050506592,1.3462661504745483,-1.093630313873291,2.2570412158966064,-3.1160507202148438,0.6640625,0.460693359375
1399,472,-2.0150489807128906,0.9116413593292236,1.451075792312622,-0.5328308939933777,1.2753714323043823,-3.753605604171753,0.62451171875,0.57568359375
1400,467,-1.7208952903747559,0.9097685813903809,1.4358670711517334,-0.6704670190811157,1.554600715637207,-3.6240479946136475,0.60546875,0.490966796875
1401,470,-1.8421330451965332,0.5779054164886475,1.2559245824813843,-1.282475471496582,3.2537293434143066,-1.9412705898284912,0.7080078125,0.51416015625
1402,473,-1.9657294750213623,0.7032194137573242,1.4004420042037964,-0.7287799119949341,1.7188224792480469,-3.537593126296997,0.67333984375,0.55419921875
1403,471,-1.6746013164520264,0.7454040050506592,1.3462661504745483,-1.093630313873291,2.2570412158966064,-3.1160507202148438,0.6640625,0.460693359375
1404,471,-1.6746013164520264,0.7454040050506592,1.3462661504745483,-1.093630313873291,2.2570412158966064,-3.1160507202148438,0.6640625,0.460693359375
1405,473,-1.9657294750213623,0.7032194137573242,1.4004420042037964,-0.7287799119949341,1.7188224792480469,-3.537593126296997,0.67333984375,0.55419921875
1406,472,-2.0150489807128906,0.9116413593292236,1.451075792312622,-0.5328308939933777,1.2753714323043823,-3.753605604171753,0.62451171875,0.57568359375
1407,474,-0.5995450019836426,1.3134758472442627,0.48158711194992065,-2.6356942653656006,2.5714449882507324,1.5623087882995605,0.44091796875,0.20263671875
1408,475,-0.6977095603942871,1.2918448448181152,0.32954317331314087,-2.2597053050994873,2.7181334495544434,1.872300148010254,0.4267578125,0.2423095703125
1409,476,-0.9687933921813965,1.1933138370513916,0.21038204431533813,-1.7961446046829224,2.8418946266174316,2.1673784255981445,0.371337890625,0.269287109375
1410,474,-0.5995450019836426,1.3134758472442627,0.48158711194992065,-2.6356942653656006,2.5714449882507324,1.5623087882995605,0.44091796875,0.20263671875
1411,476,-0.9687933921813965,1.1933138370513916,0.21038204431533813,-1.7961446046829224,2.8418946266174316,2.1673784255981445,0.371337890625,0.269287109375
1412,477,-0.7797293663024902,1.1611049175262451,0.42035555839538574,-2.3347606658935547,2.7182400226593018,1.7776633501052856,0.387939453125,0.2059326171875
1413,478,-0.5346202850341797,1.3198492527008057,0.615088701248169,-2.9045522212982178,2.510652542114258,1.122596263885498,0.43359375,0.1536865234375
1414,474,-0.5995450019836426,1.3134758472442627,0.48158711194992065,-2.6356942653656006,2.5714449882507324,1.5623087882995605,0.44091796875,0.20263671875
1415,477,-0.7797293663024902,1.1611049175262451,0.42035555839538574,-2.3347606658935547,2.7182400226593018,1.7776633501052856,0.387939453125,0.2059326171875
1416,476,-0.9687933921813965,1.1933138370513916,0.21038204431533813,-1.7961446046829224,2.8418946266174316,2.1673784255981445,0.371337890625,0.269287109375
1417,479,-1.0992836952209473,1.0131728649139404,0.34626537561416626,-0.8790866732597351,3.0646486282348633,2.41560959815979,0.324462890625,0.2490234375
1418,477,-0.7797293663024902,1.1611049175262451,0.42035555839538574,-2.3347606658935547,2.7182400226593018,1.7776633501052856,0.387939453125,0.2059326171875
1419,476,-0.9687933921813965,1.1933138370513916,0.21038204431533813,-1.7961446046829224,2.8418946266174316,2.1673784255981445,0.371337890625,0.269287109375
1420,480,-1.2049427032470703,1.0848307609558105,0.2719774544239044,-0.4627213478088379,2.944697141647339,2.6673362255096436,0.326416015625,0.2783203125
1421,479,-1.0992836952209473,1.0131728649139404,0.34626537561416626,-0.8790866732597351,3.0646486282348633,2.41560959815979,0.324462890625,0.2490234375
1422,478,-0.5346202850341797,1.3198492527008057,0.615088701248169,-2.9045522212982178,2.510652542114258,1.122596263885498,0.43359375,0.1536865234375
1423,477,-0.7797293663024902,1.1611049175262451,0.42035555839538574,-2.3347606658935547,2.7182400226593018,1.7776633501052856,0.387939453125,0.2059326171875
1424,481,-0.6459088325500488,1.1630747318267822,0.6543147563934326,-2.811204433441162,2.6282947063446045,1.090512752532959,0.399658203125,0.1590576171875
1425,482,-0.5123169422149658,1.293398380279541,0.7617374658584595,-2.889711856842041,2.679579734802246,0.6851539611816406,0.422119140625,0.1134033203125
1426,478,-0.5346202850341797,1.3198492527008057,0.615088701248169,-2.9045522212982178,2.510652542114258,1.122596263885498,0.43359375,0.1536865234375
1427,481,-0.6459088325500488,1.1630747318267822,0.6543147563934326,-2.811204433441162,2.6282947063446045,1.090512752532959,0.399658203125,0.1590576171875
1428,480,-1.2049427032470703,1.0848307609558105,0.2719774544239044,-0.4627213478088379,2.944697141647339,2.6673362255096436,0.326416015625,0.2783203125
1429,483,-1.29325270652771,0.9290115833282471,0.4479125142097473,-0.005158662796020508,3.416721820831299,2.079909563064575,0.287109375,0.248779296875
1430,479,-1.0992836952209473,1.0131728649139404,0.34626537561416626,-0.8790866732597351,3.0646486282348633,2.41560959815979,0.324462890625,0.2490234375
1431,480,-1.2049427032470703,1.0848307609558105,0.2719774544239044,-0.4627213478088379,2.944697141647339,2.6673362255096436,0.326416015625,0.2783203125
1432,484,-1.375476360321045,0.9680860042572021,0.34766173362731934,0.29768967628479004,3.3561172485351562,2.155898094177246,0.29150390625,0.27880859375
1433,483,-1.29325270652771,0.9290115833282471,0.4479125142097473,-0.005158662796020508,3.416721820831299,2.079909563064575,0.287109375,0.248779296875
1434,477,-0.7797293663024902,1.1611049175262451,0.42035555839538574,-2.3347606658935547,2.7182400226593018,1.7776633501052856,0.387939453125,0.2059326171875
1435,479,-1.0992836952209473,1.0131728649139404,0.34626537561416626,-0.8790866732597351,3.0646486282348633,2.41560959815979,0.324462890625,0.2490234375
1436,485,-0.9664983749389648,0.949901819229126,0.4981626868247986,-1.5605270862579346,3.1988062858581543,1.8254921436309814,0.327392578125,0.1973876953125
1437,477,-0.7797293663024902,1.1611049175262451,0.42035555839538574,-2.3347606658935547,2.7182400226593018,1.7776633501052856,0.387939453125,0.2059326171875
1438,485,-0.9664983749389648,0.949901819229126,0.4981626868247986,-1.5605270862579346,3.1988062858581543,1.8254921436309814,0.327392578125,0.1973876953125
1439,481,-0.6459088325500488,1.1630747318267822,0.6543147563934326,-2.811204433441162,2.6282947063446045,1.090512752532959,0.399658203125,0.1590576171875
1440,484,-1.375476360321045,0.9680860042572021,0.34766173362731934,0.29768967628479004,3.3561172485351562,2.155898094177246,0.29150390625,0.27880859375
1441,486,-1.4408433437347412,0.8749265670776367,0.5648890733718872,0.7998756170272827,3.5504117012023926,1.6597628593444824,0.251708984375,0.248779296875
1442,483,-1.29325270652771,0.9290115833282471,0.4479125142097473,-0.005158662796020508,3.416721820831299,2.079909563064575,0.287109375,0.248779296875
1443,484,-1.375476360321045,0.9680860042572021,0.34766173362731934,0.29768967628479004,3.3561172485351562,2.155898094177246,0.29150390625,0.27880859375
1444,487,-1.7272899150848389,0.9559847116470337,0.5000449419021606,2.797175407409668,1.2915056943893433,0.9317019581794739,0.2509765625,0.278564453125
1445,486,-1.4408433437347412,0.8749265670776367,0.5648890733718872,0.7998756170272827,3.5504117012023926,1.6597628593444824,0.251708984375,0.248779296875
1446,479,-1.0992836952209473,1.0131728649139404,0.34626537561416626,-0.8790866732597351,3.0646486282348633,2.41560959815979,0.324462890625,0.2490234375
1447,483,-1.29325270652771,0.9290115833282471,0.4479125142097473,-0.005158662796020508,3.416721820831299,2.079909563064575,0.287109375,0.248779296875
1448,488,-1.1864078044891357,0.8179292678833008,0.6184366345405579,-0.5755668878555298,3.6479222774505615,1.5366917848587036,0.285888671875,0.194580078125
1449,479,-1.0992836952209473,1.0131728649139404,0.34626537561416626,-0.8790866732597351,3.0646486282348633,2.41560959815979,0.324462890625,0.2490234375
1450,488,-1.1864078044891357,0.8179292678833008,0.6184366345405579,-0.5755668878555298,3.6479222774505615,1.5366917848587036,0.285888671875,0.194580078125
1451,485,-0.9664983749389648,0.949901819229126,0.4981626868247986,-1.5605270862579346,3.1988062858581543,1.8254921436309814,0.327392578125,0.1973876953125
1452,486,-1.4408433437347412,0.8749265670776367,0.5648890733718872,0.7998756170272827,3.5504117012023926,1.6597628593444824,0.251708984375,0.248779296875
1453,488,-1.1864078044891357,0.8179292678833008,0.6184366345405579,-0.5755668878555298,3.6479222774505615,1.5366917848587036,0.285888671875,0.194580078125
1454,483,-1.29325270652771,0.9290115833282471,0.4479125142097473,-0.005158662796020508,3.416721820831299,2.079909563064575,0.287109375,0.248779296875
1455,487,-1.7272899150848389,0.9559847116470337,0.5000449419021606,2.797175407409668,1.2915056943893433,0.9317019581794739,0.2509765625,0.278564453125
1456,489,-1.5840888023376465,0.8616781234741211,0.6593443155288696,0.797569751739502,3.301934242248535,2.112143039703369,0.2122802734375,0.2340087890625
1457,486,-1.4408433437347412,0.8749265670776367,0.5648890733718872,0.7998756170272827,3.5504117012023926,1.6597628593444824,0.251708984375,0.248779296875
1458,487,-1.7272899150848389,0.9559847116470337,0.5000449419021606,2.797175407409668,1.2915056943893433,0.9317019581794739,0.2509765625,0.278564453125
1459,490,-1.657458782196045,0.9796552658081055,0.5779932141304016,1.427499532699585,2.6054325103759766,2.6784322261810303,0.2122802734375,0.25439453125
1460,489,-1.5840888023376465,0.8616781234741211,0.6593443155288696,0.797569751739502,3.301934242248535,2.112143039703369,0.2122802734375,0.2340087890625
1461,486,-1.4408433437347412,0.8749265670776367,0.5648890733718872,0.7998756170272827,3.5504117012023926,1.6597628593444824,0.251708984375,0.248779296875
1462,491,-1.3602960109710693,0.8261690139770508,0.7031934261322021,0.4615364074707031,3.794834613800049,1.1773929595947266,0.25,0.1982421875
1463,488,-1.1864078044891357,0.8179292678833008,0.6184366345405579,-0.5755668878555298,3.6479222774505615,1.5366917848587036,0.285888671875,0.194580078125
1464,489,-1.5840888023376465,0.8616781234741211,0.6593443155288696,0.797569751739502,3.301934242248535,2.112143039703369,0.2122802734375,0.2340087890625
1465,491,-1.3602960109710693,0.8261690139770508,0.7031934261322021,0.4615364074707031,3.794834613800049,1.1773929595947266,0.25,0.1982421875
1466,486,-1.4408433437347412,0.8749265670776367,0.5648890733718872,0.7998756170272827,3.5504117012023926,1.6597628593444824,0.251708984375,0.248779296875
1467,490,-1.657458782196045,0.9796552658081055,0.5779932141304016,1.427499532699585,2.6054325103759766,2.6784322261810303,0.2122802734375,0.25439453125
1468,492,-1.7531712055206299,0.8188817501068115,0.7438669204711914,0.5721911191940308,2.886925220489502,2.708928108215332,0.17626953125,0.223876953125
1469,489,-1.5840888023376465,0.8616781234741211,0.6593443155288696,0.797569751739502,3.301934242248535,2.112143039703369,0.2122802734375,0.2340087890625
1470,490,-1.657458782196045,0.9796552658081055,0.5779932141304016,1.427499532699585,2.6054325103759766,2.6784322261810303,0.2122802734375,0.25439453125
1471,493,-1.8368690013885498,0.9526822566986084,0.6996089816093445,1.1777068376541138,2.14904522895813,3.161430597305298,0.174072265625,0.25341796875
1472,492,-1.7531712055206299,0.8188817501068115,0.7438669204711914,0.5721911191940308,2.886925220489502,2.708928108215332,0.17626953125,0.223876953125
1473,489,-1.5840888023376465,0.8616781234741211,0.6593443155288696,0.797569751739502,3.301934242248535,2.112143039703369,0.2122802734375,0.2340087890625
1474,494,-1.525486707687378,0.8262057304382324,0.784740686416626,0.0024280548095703125,3.8153555393218994,1.201287031173706,0.2135009765625,0.197509765625
1475,491,-1.3602960109710693,0.8261690139770508,0.7031934261322021,0.4615364074707031,3.794834613800049,1.1773929595947266,0.25,0.1982421875
1476,492,-1.7531712055206299,0.8188817501068115,0.7438669204711914,0.5721911191940308,2.886925220489502,2.708928108215332,0.17626953125,0.223876953125
1477,494,-1.525486707687378,0.8262057304382324,0.784740686416626,0.0024280548095703125,3.8153555393218994,1.201287031173706,0.2135009765625,0.197509765625
1478,489,-1.5840888023376465,0.8616781234741211,0.6593443155288696,0.797569751739502,3.301934242248535,2.112143039703369,0.2122802734375,0.2340087890625
1479,495,-1.2787737846374512,0.7604701519012451,0.8517394065856934,0.21593546867370605,3.9707417488098145,0.4319937229156494,0.251708984375,0.1622314453125
1480,488,-1.1864078044891357,0.8179292678833008,0.6184366345405579,-0.5755668878555298,3.6479222774505615,1.5366917848587036,0.285888671875,0.194580078125
1481,491,-1.3602960109710693,0.8261690139770508,0.7031934261322021,0.4615364074707031,3.794834613800049,1.1773929595947266,0.25,0.1982421875
1482,494,-1.525486707687378,0.8262057304382324,0.784740686416626,0.0024280548095703125,3.8153555393218994,1.201287031173706,0.2135009765625,0.197509765625
1483,495,-1.2787737846374512,0.7604701519012451,0.8517394065856934,0.21593546867370605,3.9707417488098145,0.4319937229156494,0.251708984375,0.1622314453125
1484,491,-1.3602960109710693,0.8261690139770508,0.7031934261322021,0.4615364074707031,3.794834613800049,1.1773929595947266,0.25,0.1982421875
1485,485,-0.9664983749389648,0.949901819229126,0.4981626868247986,-1.5605270862579346,3.1988062858581543,1.8254921436309814,0.327392578125,0.1973876953125
1486,488,-1.1864078044891357,0.8179292678833008,0.6184366345405579,-0.5755668878555298,3.6479222774505615,1.5366917848587036,0.285888671875,0.194580078125
1487,496,-1.1137011051177979,0.7890372276306152,0.802200436592102,-1.1014630794525146,3.772629499435425,0.7443646192550659,0.2861328125,0.160400390625
1488,495,-1.2787737846374512,0.7604701519012451,0.8517394065856934,0.21593546867370605,3.9707417488098145,0.4319937229156494,0.251708984375,0.1622314453125
1489,496,-1.1137011051177979,0.7890372276306152,0.802200436592102,-1.1014630794525146,3.772629499435425,0.7443646192550659,0.2861328125,0.160400390625
1490,488,-1.1864078044891357,0.8179292678833008,0.6184366345405579,-0.5755668878555298,3.6479222774505615,1.5366917848587036,0.285888671875,0.194580078125
1491,493,-1.8368690013885498,0.9526822566986084,0.6996089816093445,1.1777068376541138,2.14904522895813,3.161430597305298,0.174072265625,0.25341796875
1492,497,-1.9645228385925293,0.7936680316925049,0.8283413648605347,0.631449818611145,2.5655574798583984,3.003201723098755,0.0672607421875,0.2193603515625
1493,492,-1.7531712055206299,0.8188817501068115,0.7438669204711914,0.5721911191940308,2.886925220489502,2.708928108215332,0.17626953125,0.223876953125
1494,493,-1.8368690013885498,0.9526822566986084,0.6996089816093445,1.1777068376541138,2.14904522895813,3.161430597305298,0.174072265625,0.25341796875
1495,498,-1.9895591735839844,0.8494324684143066,0.7964812517166138,0.9970002770423889,1.9223108291625977,3.363144874572754,0.0672607421875,0.25341796875
1496,497,-1.9645228385925293,0.7936680316925049,0.8283413648605347,0.631449818611145,2.5655574798583984,3.003201723098755,0.0672607421875,0.2193603515625
1497,497,-1.9645228385925293,0.7936680316925049,0.8283413648605347,0.631449818611145,2.5655574798583984,3.003201723098755,0.0672607421875,0.2193603515625
1498,499,-1.7118887901306152,0.7635617256164551,0.8421661853790283,-0.5498228073120117,3.504591464996338,1.8481242656707764,0.177001953125,0.1953125
1499,492,-1.7531712055206299,0.8188817501068115,0.7438669204711914,0.5721911191940308,2.886925220489502,2.708928108215332,0.17626953125,0.223876953125
1500,492,-1.7531712055206299,0.8188817501068115,0.7438669204711914,0.5721911191940308,2.886925220489502,2.708928108215332,0.17626953125,0.223876953125
1501,499,-1.7118887901306152,0.7635617256164551,0.8421661853790283,-0.5498228073120117,3.504591464996338,1.8481242656707764,0.177001953125,0.1953125
1502,494,-1.525486707687378,0.8262057304382324,0.784740686416626,0.0024280548095703125,3.8153555393218994,1.201287031173706,0.2135009765625,0.197509765625
1503,500,-1.6604745388031006,0.728363037109375,0.9830678701400757,-1.3818877935409546,3.6438024044036865,0.9017324447631836,0.177001953125,0.16064453125
1504,494,-1.525486707687378,0.8262057304382324,0.784740686416626,0.0024280548095703125,3.8153555393218994,1.201287031173706,0.2135009765625,0.197509765625
1505,499,-1.7118887901306152,0.7635617256164551,0.8421661853790283,-0.5498228073120117,3.504591464996338,1.8481242656707764,0.177001953125,0.1953125
1506,497,-1.9645228385925293,0.7936680316925049,0.8283413648605347,0.631449818611145,2.5655574798583984,3.003201723098755,0.0672607421875,0.2193603515625
1507,501,-1.884437084197998,0.6902029514312744,0.9155088663101196,-0.5095046758651733,3.3088278770446777,2.1890854835510254,0.0672607421875,0.1920166015625
1508,499,-1.7118887901306152,0.7635617256164551,0.8421661853790283,-0.5498228073120117,3.504591464996338,1.8481242656707764,0.177001953125,0.1953125
1509,501,-1.884437084197998,0.6902029514312744,0.9155088663101196,-0.5095046758651733,3.3088278770446777,2.1890854835510254,0.0672607421875,0.1920166015625
1510,500,-1.6604745388031006,0.728363037109375,0.9830678701400757,-1.3818877935409546,3.6438024044036865,0.9017324447631836,0.177001953125,0.16064453125
1511,499,-1.7118887901306152,0.7635617256164551,0.8421661853790283,-0.5498228073120117,3.504591464996338,1.8481242656707764,0.177001953125,0.1953125
1512,501,-1.884437084197998,0.6902029514312744,0.9155088663101196,-0.5095046758651733,3.3088278770446777,2.1890854835510254,0.0672607421875,0.1920166015625
1513,502,-1.833690881729126,0.6180148124694824,1.0337929725646973,-1.6442053318023682,3.4862375259399414,1.0690009593963623,0.0672607421875,0.158203125
1514,500,-1.6604745388031006,0.728363037109375,0.9830678701400757,-1.3818877935409546,3.6438024044036865,0.9017324447631836,0.177001953125,0.16064453125
1515,500,-1.6604745388031006,0.728363037109375,0.9830678701400757,-1.3818877935409546,3.6438024044036865,0.9017324447631836,0.177001953125,0.16064453125
1516,502,-1.833690881729126,0.6180148124694824,1.0337929725646973,-1.6442053318023682,3.4862375259399414,1.0690009593963623,0.0672607421875,0.158203125
1517,503,-1.792473554611206,0.632843017578125,1.1742902994155884,-2.0541183948516846,3.3330090045928955,-0.8195575475692749,0.0672607421875,0.12646484375
1518,485,-0.9664983749389648,0.949901819229126,0.4981626868247986,-1.5605270862579346,3.1988062858581543,1.8254921436309814,0.327392578125,0.1973876953125
1519,496,-1.1137011051177979,0.7890372276306152,0.802200436592102,-1.1014630794525146,3.772629499435425,0.7443646192550659,0.2861328125,0.160400390625
1520,504,-0.8872480392456055,0.9055953025817871,0.7291443347930908,-2.035541534423828,3.303962230682373,0.9697574377059937,0.327880859375,0.1595458984375
1521,485,-0.9664983749389648,0.949901819229126,0.4981626868247986,-1.5605270862579346,3.1988062858581543,1.8254921436309814,0.327392578125,0.1973876953125
1522,504,-0.8872480392456055,0.9055953025817871,0.7291443347930908,-2.035541534423828,3.303962230682373,0.9697574377059937,0.327880859375,0.1595458984375
1523,481,-0.6459088325500488,1.1630747318267822,0.6543147563934326,-2.811204433441162,2.6282947063446045,1.090512752532959,0.399658203125,0.1590576171875
1524,494,-1.525486707687378,0.8262057304382324,0.784740686416626,0.0024280548095703125,3.8153555393218994,1.201287031173706,0.2135009765625,0.197509765625
1525,505,-1.47855806350708,0.7939743995666504,0.9249345064163208,-0.1553516387939453,3.968062400817871,0.47997912764549255,0.21337890625,0.1619873046875
1526,495,-1.2787737846374512,0.7604701519012451,0.8517394065856934,0.21593546867370605,3.9707417488098145,0.4319937229156494,0.251708984375,0.1622314453125
1527,500,-1.6604745388031006,0.728363037109375,0.9830678701400757,-1.3818877935409546,3.6438024044036865,0.9017324447631836,0.177001953125,0.16064453125
1528,505,-1.47855806350708,0.7939743995666504,0.9249345064163208,-0.1553516387939453,3.968062400817871,0.47997912764549255,0.21337890625,0.1619873046875
1529,494,-1.525486707687378,0.8262057304382324,0.784740686416626,0.0024280548095703125,3.8153555393218994,1.201287031173706,0.2135009765625,0.197509765625
1530,495,-1.2787737846374512,0.7604701519012451,0.8517394065856934,0.21593546867370605,3.9707417488098145,0.4319937229156494,0.251708984375,0.1622314453125
1531,505,-1.47855806350708,0.7939743995666504,0.9249345064163208,-0.1553516387939453,3.968062400817871,0.47997912764549255,0.21337890625,0.1619873046875
1532,506,-1.4481234550476074,0.8001370429992676,1.078134298324585,-0.37629079818725586,3.887364387512207,-0.8641988039016724,0.2127685546875,0.1275634765625
1533,506,-1.4481234550476074,0.8001370429992676,1.078134298324585,-0.37629079818725586,3.887364387512207,-0.8641988039016724,0.2127685546875,0.1275634765625
1534,505,-1.47855806350708,0.7939743995666504,0.9249345064163208,-0.1553516387939453,3.968062400817871,0.47997912764549255,0.21337890625,0.1619873046875
1535,500,-1.6604745388031006,0.728363037109375,0.9830678701400757,-1.3818877935409546,3.6438024044036865,0.9017324447631836,0.177001953125,0.16064453125
1536,500,-1.6604745388031006,0.728363037109375,0.9830678701400757,-1.3818877935409546,3.6438024044036865,0.9017324447631836,0.177001953125,0.16064453125
1537,503,-1.792473554611206,0.632843017578125,1.1742902994155884,-2.0541183948516846,3.3330090045928955,-0.8195575475692749,0.0672607421875,0.12646484375
1538,507,-1.6240098476409912,0.7350342273712158,1.1236228942871094,-1.7929065227508545,3.488032817840576,-0.7868579626083374,0.1763916015625,0.12744140625
1539,506,-1.4481234550476074,0.8001370429992676,1.078134298324585,-0.37629079818725586,3.887364387512207,-0.8641988039016724,0.2127685546875,0.1275634765625
1540,500,-1.6604745388031006,0.728363037109375,0.9830678701400757,-1.3818877935409546,3.6438024044036865,0.9017324447631836,0.177001953125,0.16064453125
1541,507,-1.6240098476409912,0.7350342273712158,1.1236228942871094,-1.7929065227508545,3.488032817840576,-0.7868579626083374,0.1763916015625,0.12744140625
1542,496,-1.1137011051177979,0.7890372276306152,0.802200436592102,-1.1014630794525146,3.772629499435425,0.7443646192550659,0.2861328125,0.160400390625
1543,495,-1.2787737846374512,0.7604701519012451,0.8517394065856934,0.21593546867370605,3.9707417488098145,0.4319937229156494,0.251708984375,0.1622314453125
1544,508,-1.237401008605957,0.7703719139099121,1.0377779006958008,0.06148374080657959,3.9369678497314453,-0.7046533823013306,0.251220703125,0.1251220703125
1545,495,-1.2787737846374512,0.7604701519012451,0.8517394065856934,0.21593546867370605,3.9707417488098145,0.4319937229156494,0.251708984375,0.1622314453125
1546,506,-1.4481234550476074,0.8001370429992676,1.078134298324585,-0.37629079818725586,3.887364387512207,-0.8641988039016724,0.2127685546875,0.1275634765625
1547,508,-1.237401008605957,0.7703719139099121,1.0377779006958008,0.06148374080657959,3.9369678497314453,-0.7046533823013306,0.251220703125,0.1251220703125
1548,504,-0.8872480392456055,0.9055953025817871,0.7291443347930908,-2.035541534423828,3.303962230682373,0.9697574377059937,0.327880859375,0.1595458984375
1549,496,-1.1137011051177979,0.7890372276306152,0.802200436592102,-1.1014630794525146,3.772629499435425,0.7443646192550659,0.2861328125,0.160400390625
1550,509,-1.064455509185791,0.7817223072052002,1.0189778804779053,-1.167956829071045,3.821157217025757,-0.18617993593215942,0.28466796875,0.12188720703125
1551,496,-1.1137011051177979,0.7890372276306152,0.802200436592102,-1.1014630794525146,3.772629499435425,0.7443646192550659,0.2861328125,0.160400390625
1552,508,-1.237401008605957,0.7703719139099121,1.0377779006958008,0.06148374080657959,3.9369678497314453,-0.7046533823013306,0.251220703125,0.1251220703125
1553,509,-1.064455509185791,0.7817223072052002,1.0189778804779053,-1.167956829071045,3.821157217025757,-0.18617993593215942,0.28466796875,0.12188720703125
1554,481,-0.6459088325500488,1.1630747318267822,0.6543147563934326,-2.811204433441162,2.6282947063446045,1.090512752532959,0.399658203125,0.1590576171875
1555,504,-0.8872480392456055,0.9055953025817871,0.7291443347930908,-2.035541534423828,3.303962230682373,0.9697574377059937,0.327880859375,0.1595458984375
1556,510,-0.8166799545288086,0.8996670246124268,0.9750630259513855,-2.266414165496826,3.2937750816345215,0.12015652656555176,0.3251953125,0.1197509765625
1557,504,-0.8872480392456055,0.9055953025817871,0.7291443347930908,-2.035541534423828,3.303962230682373,0.9697574377059937,0.327880859375,0.1595458984375
1558,509,-1.064455509185791,0.7817223072052002,1.0189778804779053,-1.167956829071045,3.821157217025757,-0.18617993593215942,0.28466796875,0.12188720703125
1559,510,-0.8166799545288086,0.8996670246124268,0.9750630259513855,-2.266414165496826,3.2937750816345215,0.12015652656555176,0.3251953125,0.1197509765625
1560,511,-1.6170799732208252,0.8070673942565918,1.2870804071426392,-1.7258189916610718,3.1918442249298096,-1.6833605766296387,0.1766357421875,0.0946044921875
1561,507,-1.6240098476409912,0.7350342273712158,1.1236228942871094,-1.7929065227508545,3.488032817840576,-0.7868579626083374,0.1763916015625,0.12744140625
1562,503,-1.792473554611206,0.632843017578125,1.1742902994155884,-2.0541183948516846,3.3330090045928955,-0.8195575475692749,0.0672607421875,0.12646484375
1563,511,-1.6170799732208252,0.8070673942565918,1.2870804071426392,-1.7258189916610718,3.1918442249298096,-1.6833605766296387,0.1766357421875,0.0946044921875
1564,503,-1.792473554611206,0.632843017578125,1.1742902994155884,-2.0541183948516846,3.3330090045928955,-0.8195575475692749,0.0672607421875,0.12646484375
1565,512,-1.8082077503204346,0.7334208488464355,1.3309154510498047,-1.7842075824737549,3.1129796504974365,-1.7680463790893555,0.0672607421875,0.0985107421875
1566,513,-1.7972471714019775,0.7957658767700195,1.4149630069732666,-1.5256402492523193,3.1914515495300293,-1.8673747777938843,0.0672607421875,0.06475830078125
1567,511,-1.6170799732208252,0.8070673942565918,1.2870804071426392,-1.7258189916610718,3.1918442249298096,-1.6833605766296387,0.1766357421875,0.0946044921875
1568,512,-1.8082077503204346,0.7334208488464355,1.3309154510498047,-1.7842075824737549,3.1129796504974365,-1.7680463790893555,0.0672607421875,0.0985107421875
1569,513,-1.7972471714019775,0.7957658767700195,1.4149630069732666,-1.5256402492523193,3.1914515495300293,-1.8673747777938843,0.0672607421875,0.06475830078125
1570,514,-1.5877020359039307,0.8747262954711914,1.392261266708374,-1.6927988529205322,3.096369981765747,-1.883335828781128,0.174072265625,0.06475830078125
1571,511,-1.6170799732208252,0.8070673942565918,1.2870804071426392,-1.7258189916610718,3.1918442249298096,-1.6833605766296387,0.1766357421875,0.0946044921875
1572,515,-1.448960781097412,0.8802914619445801,1.2697783708572388,-0.4979628324508667,3.534449577331543,-1.8054735660552979,0.2119140625,0.08538818359375
1573,507,-1.6240098476409912,0.7350342273712158,1.1236228942871094,-1.7929065227508545,3.488032817840576,-0.7868579626083374,0.1763916015625,0.12744140625
1574,511,-1.6170799732208252,0.8070673942565918,1.2870804071426392,-1.7258189916610718,3.1918442249298096,-1.6833605766296387,0.1766357421875,0.0946044921875
1575,514,-1.5877020359039307,0.8747262954711914,1.392261266708374,-1.6927988529205322,3.096369981765747,-1.883335828781128,0.174072265625,0.06475830078125
1576,515,-1.448960781097412,0.8802914619445801,1.2697783708572388,-0.4979628324508667,3.534449577331543,-1.8054735660552979,0.2119140625,0.08538818359375
1577,511,-1.6170799732208252,0.8070673942565918,1.2870804071426392,-1.7258189916610718,3.1918442249298096,-1.6833605766296387,0.1766357421875,0.0946044921875
1578,515,-1.448960781097412,0.8802914619445801,1.2697783708572388,-0.4979628324508667,3.534449577331543,-1.8054735660552979,0.2119140625,0.08538818359375
1579,506,-1.4481234550476074,0.8001370429992676,1.078134298324585,-0.37629079818725586,3.887364387512207,-0.8641988039016724,0.2127685546875,0.1275634765625
1580,507,-1.6240098476409912,0.7350342273712158,1.1236228942871094,-1.7929065227508545,3.488032817840576,-0.7868579626083374,0.1763916015625,0.12744140625
1581,514,-1.5877020359039307,0.8747262954711914,1.392261266708374,-1.6927988529205322,3.096369981765747,-1.883335828781128,0.174072265625,0.06475830078125
1582,516,-1.4419748783111572,0.9794507026672363,1.3980090618133545,-0.1775749921798706,3.336699962615967,-2.1988484859466553,0.21240234375,0.051727294921875
1583,515,-1.448960781097412,0.8802914619445801,1.2697783708572388,-0.4979628324508667,3.534449577331543,-1.8054735660552979,0.2119140625,0.08538818359375
1584,517,-1.2357730865478516,0.8362014293670654,1.2387285232543945,0.36709141731262207,3.6956722736358643,-1.4856935739517212,0.251708984375,0.0850830078125
1585,508,-1.237401008605957,0.7703719139099121,1.0377779006958008,0.06148374080657959,3.9369678497314453,-0.7046533823013306,0.251220703125,0.1251220703125
1586,506,-1.4481234550476074,0.8001370429992676,1.078134298324585,-0.37629079818725586,3.887364387512207,-0.8641988039016724,0.2127685546875,0.1275634765625
1587,517,-1.2357730865478516,0.8362014293670654,1.2387285232543945,0.36709141731262207,3.6956722736358643,-1.4856935739517212,0.251708984375,0.0850830078125
1588,506,-1.4481234550476074,0.8001370429992676,1.078134298324585,-0.37629079818725586,3.887364387512207,-0.8641988039016724,0.2127685546875,0.1275634765625
1589,515,-1.448960781097412,0.8802914619445801,1.2697783708572388,-0.4979628324508667,3.534449577331543,-1.8054735660552979,0.2119140625,0.08538818359375
1590,516,-1.4419748783111572,0.9794507026672363,1.3980090618133545,-0.1775749921798706,3.336699962615967,-2.1988484859466553,0.21240234375,0.051727294921875
1591,517,-1.2357730865478516,0.8362014293670654,1.2387285232543945,0.36709141731262207,3.6956722736358643,-1.4856935739517212,0.251708984375,0.0850830078125
1592,515,-1.448960781097412,0.8802914619445801,1.2697783708572388,-0.4979628324508667,3.534449577331543,-1.8054735660552979,0.2119140625,0.08538818359375
1593,509,-1.064455509185791,0.7817223072052002,1.0189778804779053,-1.167956829071045,3.821157217025757,-0.18617993593215942,0.28466796875,0.12188720703125
1594,508,-1.237401008605957,0.7703719139099121,1.0377779006958008,0.06148374080657959,3.9369678497314453,-0.7046533823013306,0.251220703125,0.1251220703125
1595,517,-1.2357730865478516,0.8362014293670654,1.2387285232543945,0.36709141731262207,3.6956722736358643,-1.4856935739517212,0.251708984375,0.0850830078125
1596,516,-1.4419748783111572,0.9794507026672363,1.3980090618133545,-0.1775749921798706,3.336699962615967,-2.1988484859466553,0.21240234375,0.051727294921875
1597,518,-1.2945685386657715,0.9622933864593506,1.431192398071289,0.6132866144180298,3.4719386100769043,-1.889326810836792,0.248046875,0.03985595703125
1598,517,-1.2357730865478516,0.8362014293670654,1.2387285232543945,0.36709141731262207,3.6956722736358643,-1.4856935739517212,0.251708984375,0.0850830078125
1599,509,-1.064455509185791,0.7817223072052002,1.0189778804779053,-1.167956829071045,3.821157217025757,-0.18617993593215942,0.28466796875,0.12188720703125
1600,517,-1.2357730865478516,0.8362014293670654,1.2387285232543945,0.36709141731262207,3.6956722736358643,-1.4856935739517212,0.251708984375,0.0850830078125
1601,519,-1.0461864471435547,0.8365473747253418,1.2291285991668701,-0.788313627243042,3.7917871475219727,-1.0004712343215942,0.284423828125,0.083251953125
1602,518,-1.2945685386657715,0.9622933864593506,1.431192398071289,0.6132866144180298,3.4719386100769043,-1.889326810836792,0.248046875,0.03985595703125
1603,519,-1.0461864471435547,0.8365473747253418,1.2291285991668701,-0.788313627243042,3.7917871475219727,-1.0004712343215942,0.284423828125,0.083251953125
1604,517,-1.2357730865478516,0.8362014293670654,1.2387285232543945,0.36709141731262207,3.6956722736358643,-1.4856935739517212,0.251708984375,0.0850830078125
1605,510,-0.8166799545288086,0.8996670246124268,0.9750630259513855,-2.266414165496826,3.2937750816345215,0.12015652656555176,0.3251953125,0.1197509765625
1606,509,-1.064455509185791,0.7817223072052002,1.0189778804779053,-1.167956829071045,3.821157217025757,-0.18617993593215942,0.28466796875,0.12188720703125
1607,519,-1.0461864471435547,0.8365473747253418,1.2291285991668701,-0.788313627243042,3.7917871475219727,-1.0004712343215942,0.284423828125,0.083251953125
1608,518,-1.2945685386657715,0.9622933864593506,1.431192398071289,0.6132866144180298,3.4719386100769043,-1.889326810836792,0.248046875,0.03985595703125
1609,520,-1.117091178894043,0.8968095779418945,1.4428539276123047,-0.07527279853820801,3.7606468200683594,-1.3608472347259521,0.28369140625,0.0281219482421875
1610,519,-1.0461864471435547,0.8365473747253418,1.2291285991668701,-0.788313627243042,3.7917871475219727,-1.0004712343215942,0.284423828125,0.083251953125
1611,520,-1.117091178894043,0.8968095779418945,1.4428539276123047,-0.07527279853820801,3.7606468200683594,-1.3608472347259521,0.28369140625,0.0281219482421875
1612,521,-0.8445162773132324,0.9079751968383789,1.237985610961914,-1.9247335195541382,3.456385374069214,-0.5906169414520264,0.32275390625,0.073974609375
1613,519,-1.0461864471435547,0.8365473747253418,1.2291285991668701,-0.788313627243042,3.7917871475219727,-1.0004712343215942,0.284423828125,0.083251953125
1614,510,-0.8166799545288086,0.8996670246124268,0.9750630259513855,-2.266414165496826,3.2937750816345215,0.12015652656555176,0.3251953125,0.1197509765625
1615,519,-1.0461864471435547,0.8365473747253418,1.2291285991668701,-0.788313627243042,3.7917871475219727,-1.0004712343215942,0.284423828125,0.083251953125
1616,521,-0.8445162773132324,0.9079751968383789,1.237985610961914,-1.9247335195541382,3.456385374069214,-0.5906169414520264,0.32275390625,0.073974609375
1617,520,-1.117091178894043,0.8968095779418945,1.4428539276123047,-0.07527279853820801,3.7606468200683594,-1.3608472347259521,0.28369140625,0.0281219482421875
1618,522,-0.8670201301574707,0.9458296298980713,1.4218535423278809,-1.347428798675537,3.5995430946350098,-1.1080408096313477,0.32568359375,0.0259857177734375
1619,521,-0.8445162773132324,0.9079751968383789,1.237985610961914,-1.9247335195541382,3.456385374069214,-0.5906169414520264,0.32275390625,0.073974609375
1620,522,-0.8670201301574707,0.9458296298980713,1.4218535423278809,-1.347428798675537,3.5995430946350098,-1.1080408096313477,0.32568359375,0.0259857177734375
1621,523,-0.6597282886505127,1.0686063766479492,1.3257029056549072,-2.598905086517334,3.0380444526672363,0.1264970302581787,0.373046875,0.033111572265625
1622,521,-0.8445162773132324,0.9079751968383789,1.237985610961914,-1.9247335195541382,3.456385374069214,-0.5906169414520264,0.32275390625,0.073974609375
1623,524,-0.6149308681488037,1.1291110515594482,0.9238518476486206,-2.7418859004974365,2.871969223022461,0.48360878229141235,0.390380859375,0.11419677734375
1624,510,-0.8166799545288086,0.8996670246124268,0.9750630259513855,-2.266414165496826,3.2937750816345215,0.12015652656555176,0.3251953125,0.1197509765625
1625,521,-0.8445162773132324,0.9079751968383789,1.237985610961914,-1.9247335195541382,3.456385374069214,-0.5906169414520264,0.32275390625,0.073974609375
1626,523,-0.6597282886505127,1.0686063766479492,1.3257029056549072,-2.598905086517334,3.0380444526672363,0.1264970302581787,0.373046875,0.033111572265625
1627,524,-0.6149308681488037,1.1291110515594482,0.9238518476486206,-2.7418859004974365,2.871969223022461,0.48360878229141235,0.390380859375,0.11419677734375
1628,521,-0.8445162773132324,0.9079751968383789,1.237985610961914,-1.9247335195541382,3.456385374069214,-0.5906169414520264,0.32275390625,0.073974609375
1629,481,-0.6459088325500488,1.1630747318267822,0.6543147563934326,-2.811204433441162,2.6282947063446045,1.090512752532959,0.399658203125,0.1590576171875
1630,510,-0.8166799545288086,0.8996670246124268,0.9750630259513855,-2.266414165496826,3.2937750816345215,0.12015652656555176,0.3251953125,0.1197509765625
1631,524,-0.6149308681488037,1.1291110515594482,0.9238518476486206,-2.7418859004974365,2.871969223022461,0.48360878229141235,0.390380859375,0.11419677734375
1632,482,-0.5123169422149658,1.293398380279541,0.7617374658584595,-2.889711856842041,2.679579734802246,0.6851539611816406,0.422119140625,0.1134033203125
1633,481,-0.6459088325500488,1.1630747318267822,0.6543147563934326,-2.811204433441162,2.6282947063446045,1.090512752532959,0.399658203125,0.1590576171875
1634,524,-0.6149308681488037,1.1291110515594482,0.9238518476486206,-2.7418859004974365,2.871969223022461,0.48360878229141235,0.390380859375,0.11419677734375
1635,523,-0.6597282886505127,1.0686063766479492,1.3257029056549072,-2.598905086517334,3.0380444526672363,0.1264970302581787,0.373046875,0.033111572265625
1636,482,-0.5123169422149658,1.293398380279541,0.7617374658584595,-2.889711856842041,2.679579734802246,0.6851539611816406,0.422119140625,0.1134033203125
1637,524,-0.6149308681488037,1.1291110515594482,0.9238518476486206,-2.7418859004974365,2.871969223022461,0.48360878229141235,0.390380859375,0.11419677734375
1638,523,-0.6597282886505127,1.0686063766479492,1.3257029056549072,-2.598905086517334,3.0380444526672363,0.1264970302581787,0.373046875,0.033111572265625
1639,525,-0.4916222095489502,1.1997101306915283,1.10972261428833,-2.5521481037139893,3.032058000564575,0.541465163230896,0.41748046875,0.054779052734375
1640,482,-0.5123169422149658,1.293398380279541,0.7617374658584595,-2.889711856842041,2.679579734802246,0.6851539611816406,0.422119140625,0.1134033203125
1641,526,-2.2486631870269775,0.9082608222961426,0.9170839786529541,2.5882439613342285,0.9034792184829712,2.9128575325012207,0.163818359375,0.953125
1642,527,-2.177182197570801,0.7986586093902588,0.8825018405914307,2.5882439613342285,0.9034793376922607,2.9128577709198,0.102783203125,0.953125
1643,528,-2.1073625087738037,0.8582139015197754,0.8070529699325562,2.228736162185669,0.7846719026565552,3.2275454998016357,0.102783203125,0.9150390625
1644,526,-2.2486631870269775,0.9082608222961426,0.9170839786529541,2.5882439613342285,0.9034792184829712,2.9128575325012207,0.163818359375,0.953125
1645,528,-2.1073625087738037,0.8582139015197754,0.8070529699325562,2.228736162185669,0.7846719026565552,3.2275454998016357,0.102783203125,0.9150390625
1646,529,-2.136714458465576,0.9607617855072021,0.7962650060653687,2.112959146499634,0.7462666034698486,3.313384771347046,0.163818359375,0.9150390625
1647,530,-2.0407848358154297,0.9986715316772461,0.7582947015762329,1.5592548847198486,0.3032047748565674,3.671079158782959,0.163818359375,0.85498046875
1648,529,-2.136714458465576,0.9607617855072021,0.7962650060653687,2.112959146499634,0.7462666034698486,3.313384771347046,0.163818359375,0.9150390625
1649,528,-2.1073625087738037,0.8582139015197754,0.8070529699325562,2.228736162185669,0.7846719026565552,3.2275454998016357,0.102783203125,0.9150390625
1650,530,-2.0407848358154297,0.9986715316772461,0.7582947015762329,1.5592548847198486,0.3032047748565674,3.671079158782959,0.163818359375,0.85498046875
1651,528,-2.1073625087738037,0.8582139015197754,0.8070529699325562,2.228736162185669,0.7846719026565552,3.2275454998016357,0.102783203125,0.9150390625
1652,531,-2.008453130722046,0.8856081962585449,0.7542186379432678,1.5578334331512451,0.3131222128868103,3.6708502769470215,0.102783203125,0.85498046875
1653,532,-1.9196858406066895,0.9242892265319824,0.7066384553909302,1.2740949392318726,-0.3468172252178192,3.775768756866455,0.102783203125,0.79736328125
1654,530,-2.0407848358154297,0.9986715316772461,0.7582947015762329,1.5592548847198486,0.3032047748565674,3.671079158782959,0.163818359375,0.85498046875
1655,531,-2.008453130722046,0.8856081962585449,0.7542186379432678,1.5578334331512451,0.3131222128868103,3.6708502769470215,0.102783203125,0.85498046875
1656,532,-1.9196858406066895,0.9242892265319824,0.7066384553909302,1.2740949392318726,-0.3468172252178192,3.775768756866455,0.102783203125,0.79736328125
1657,533,-1.9430880546569824,1.023298978805542,0.7241506576538086,1.2422640323638916,-0.3842860460281372,3.7827420234680176,0.163818359375,0.79736328125
1658,530,-2.0407848358154297,0.9986715316772461,0.7582947015762329,1.5592548847198486,0.3032047748565674,3.671079158782959,0.163818359375,0.85498046875
1659,533,-1.9430880546569824,1.023298978805542,0.7241506576538086,1.2422640323638916,-0.3842860460281372,3.7827420234680176,0.163818359375,0.79736328125
1660,532,-1.9196858406066895,0.9242892265319824,0.7066384553909302,1.2740949392318726,-0.3468172252178192,3.775768756866455,0.102783203125,0.79736328125
1661,534,-1.8351712226867676,0.959907054901123,0.6865770816802979,1.341690182685852,-0.8168899416923523,3.6786673069000244,0.102783203125,0.7392578125
1662,533,-1.9430880546569824,1.023298978805542,0.7241506576538086,1.2422640323638916,-0.3842860460281372,3.7827420234680176,0.163818359375,0.79736328125
1663,534,-1.8351712226867676,0.959907054901123,0.6865770816802979,1.341690182685852,-0.8168899416923523,3.6786673069000244,0.102783203125,0.7392578125
1664,535,-1.8350112438201904,1.061802625656128,0.7181064486503601,1.590685248374939,-0.8019207119941711,3.581435203552246,0.163818359375,0.7392578125
1665,535,-1.8350112438201904,1.061802625656128,0.7181064486503601,1.590685248374939,-0.8019207119941711,3.581435203552246,0.163818359375,0.7392578125
1666,534,-1.8351712226867676,0.959907054901123,0.6865770816802979,1.341690182685852,-0.8168899416923523,3.6786673069000244,0.102783203125,0.7392578125
1667,536,-1.7803010940551758,0.9854583740234375,0.6593894958496094,3.0809812545776367,-0.42419248819351196,2.51547908782959,0.102783203125,0.68310546875
1668,535,-1.8350112438201904,1.061802625656128,0.7181064486503601,1.590685248374939,-0.8019207119941711,3.581435203552246,0.163818359375,0.7392578125
1669,536,-1.7803010940551758,0.9854583740234375,0.6593894958496094,3.0809812545776367,-0.42419248819351196,2.51547908782959,0.102783203125,0.68310546875
1670,537,-1.7840533256530762,1.0857114791870117,0.6772636771202087,3.2341887950897217,-0.3423917293548584,2.3286924362182617,0.163818359375,0.68310546875
1671,537,-1.7840533256530762,1.0857114791870117,0.6772636771202087,3.2341887950897217,-0.3423917293548584,2.3286924362182617,0.163818359375,0.68310546875
1672,536,-1.7803010940551758,0.9854583740234375,0.6593894958496094,3.0809812545776367,-0.42419248819351196,2.51547908782959,0.102783203125,0.68310546875
1673,538,-1.755528450012207,1.0099279880523682,0.5989013910293579,3.8751983642578125,0.22826862335205078,0.9647514820098877,0.102783203125,0.63037109375
1674,537,-1.7840533256530762,1.0857114791870117,0.6772636771202087,3.2341887950897217,-0.3423917293548584,2.3286924362182617,0.163818359375,0.68310546875
1675,538,-1.755528450012207,1.0099279880523682,0.5989013910293579,3.8751983642578125,0.22826862335205078,0.9647514820098877,0.102783203125,0.63037109375
1676,539,-1.7643952369689941,1.1168861389160156,0.6144366264343262,3.134960174560547,-1.0940353870391846,0.7268484830856323,0.163818359375,0.63037109375
1677,539,-1.7643952369689941,1.1168861389160156,0.6144366264343262,3.134960174560547,-1.0940353870391846,0.7268484830856323,0.163818359375,0.63037109375
1678,538,-1.755528450012207,1.0099279880523682,0.5989013910293579,3.8751983642578125,0.22826862335205078,0.9647514820098877,0.102783203125,0.63037109375
1679,540,-1.7486157417297363,1.0200035572052002,0.537758469581604,3.8154003620147705,0.49833738803863525,1.092883825302124,0.102783203125,0.58642578125
1680,539,-1.7643952369689941,1.1168861389160156,0.6144366264343262,3.134960174560547,-1.0940353870391846,0.7268484830856323,0.163818359375,0.63037109375
1681,540,-1.7486157417297363,1.0200035572052002,0.537758469581604,3.8154003620147705,0.49833738803863525,1.092883825302124,0.102783203125,0.58642578125
1682,541,-1.756643295288086,1.0894112586975098,0.541716456413269,3.8400182723999023,0.4885307550430298,1.0077745914459229,0.163818359375,0.58642578125
1683,541,-1.756643295288086,1.0894112586975098,0.541716456413269,3.8400182723999023,0.4885307550430298,1.0077745914459229,0.163818359375,0.58642578125
1684,540,-1.7486157417297363,1.0200035572052002,0.537758469581604,3.8154003620147705,0.49833738803863525,1.092883825302124,0.102783203125,0.58642578125
1685,542,-1.782827377319336,1.0545440912246704,0.5079833269119263,2.5285918712615967,-0.60001140832901,2.6859147548675537,0.10638427734375,0.53759765625
1686,541,-1.756643295288086,1.0894112586975098,0.541716456413269,3.8400182723999023,0.4885307550430298,1.0077745914459229,0.163818359375,0.58642578125
1687,542,-1.782827377319336,1.0545440912246704,0.5079833269119263,2.5285918712615967,-0.60001140832901,2.6859147548675537,0.10638427734375,0.53759765625
1688,543,-1.731914758682251,1.0779240131378174,0.4915387034416199,2.779705047607422,0.5979253053665161,2.813494920730591,0.1619873046875,0.53759765625
1689,543,-1.731914758682251,1.0779240131378174,0.4915387034416199,2.779705047607422,0.5979253053665161,2.813494920730591,0.1619873046875,0.53759765625
1690,542,-1.782827377319336,1.0545440912246704,0.5079833269119263,2.5285918712615967,-0.60001140832901,2.6859147548675537,0.10638427734375,0.53759765625
1691,544,-1.6407392024993896,1.028188943862915,0.4672390818595886,1.245579481124878,0.618123471736908,3.7505316734313965,0.10638427734375,0.49853515625
1692,543,-1.731914758682251,1.0779240131378174,0.4915387034416199,2.779705047607422,0.5979253053665161,2.813494920730591,0.1619873046875,0.53759765625
1693,544,-1.6407392024993896,1.028188943862915,0.4672390818595886,1.245579481124878,0.618123471736908,3.7505316734313965,0.10638427734375,0.49853515625
1694,545,-1.6501574516296387,1.0627102851867676,0.4630975127220154,1.2695043087005615,0.5585856437683105,3.7518491744995117,0.1619873046875,0.49853515625
1695,545,-1.6501574516296387,1.0627102851867676,0.4630975127220154,1.2695043087005615,0.5585856437683105,3.7518491744995117,0.1619873046875,0.49853515625
1696,544,-1.6407392024993896,1.028188943862915,0.4672390818595886,1.245579481124878,0.618123471736908,3.7505316734313965,0.10638427734375,0.49853515625
1697,546,-1.5528473854064941,1.0038294792175293,0.4444987177848816,1.182141661643982,0.7715418338775635,3.7426326274871826,0.1619873046875,0.47216796875
1698,547,-1.8392887115478516,0.880265474319458,0.6934337615966797,1.3206512928009033,1.8931273221969604,3.2668001651763916,0.49658203125,0.307373046875
1699,548,-1.9940624237060547,0.8511130809783936,0.7832207679748535,1.4039266109466553,1.7894130945205688,3.2904441356658936,0.487060546875,0.26611328125
1700,549,-2.002135992050171,0.7610859870910645,0.8277280330657959,1.4039268493652344,1.7894132137298584,3.2904443740844727,0.53173828125,0.26611328125
1701,547,-1.8392887115478516,0.880265474319458,0.6934337615966797,1.3206512928009033,1.8931273221969604,3.2668001651763916,0.49658203125,0.307373046875
1702,549,-2.002135992050171,0.7610859870910645,0.8277280330657959,1.4039268493652344,1.7894132137298584,3.2904443740844727,0.53173828125,0.26611328125
1703,550,-1.8324980735778809,0.7766013145446777,0.7548078298568726,1.3522565364837646,1.854238748550415,3.276160717010498,0.541015625,0.307373046875
1704,551,-1.7311325073242188,0.7962615489959717,0.7036673426628113,1.3309412002563477,1.9838289022445679,3.2082784175872803,0.5419921875,0.34765625
1705,547,-1.8392887115478516,0.880265474319458,0.6934337615966797,1.3206512928009033,1.8931273221969604,3.2668001651763916,0.49658203125,0.307373046875
1706,550,-1.8324980735778809,0.7766013145446777,0.7548078298568726,1.3522565364837646,1.854238748550415,3.276160717010498,0.541015625,0.307373046875
1707,551,-1.7311325073242188,0.7962615489959717,0.7036673426628113,1.3309412002563477,1.9838289022445679,3.2082784175872803,0.5419921875,0.34765625
1708,552,-1.7420504093170166,0.898719072341919,0.6452054381370544,1.3890197277069092,1.978930950164795,3.186610698699951,0.497314453125,0.34716796875
1709,547,-1.8392887115478516,0.880265474319458,0.6934337615966797,1.3206512928009033,1.8931273221969604,3.2668001651763916,0.49658203125,0.307373046875
1710,552,-1.7420504093170166,0.898719072341919,0.6452054381370544,1.3890197277069092,1.978930950164795,3.186610698699951,0.497314453125,0.34716796875
1711,551,-1.7311325073242188,0.7962615489959717,0.7036673426628113,1.3309412002563477,1.9838289022445679,3.2082784175872803,0.5419921875,0.34765625
1712,553,-1.6579852104187012,0.8174128532409668,0.6551616787910461,1.745575189590454,1.9750752449035645,3.008667469024658,0.5361328125,0.387939453125
1713,552,-1.7420504093170166,0.898719072341919,0.6452054381370544,1.3890197277069092,1.978930950164795,3.186610698699951,0.497314453125,0.34716796875
1714,553,-1.6579852104187012,0.8174128532409668,0.6551616787910461,1.745575189590454,1.9750752449035645,3.008667469024658,0.5361328125,0.387939453125
1715,554,-1.6698806285858154,0.910149335861206,0.6022475361824036,1.895751953125,1.9776740074157715,2.9146111011505127,0.4873046875,0.3876953125
1716,554,-1.6698806285858154,0.910149335861206,0.6022475361824036,1.895751953125,1.9776740074157715,2.9146111011505127,0.4873046875,0.3876953125
1717,553,-1.6579852104187012,0.8174128532409668,0.6551616787910461,1.745575189590454,1.9750752449035645,3.008667469024658,0.5361328125,0.387939453125
1718,555,-1.593797206878662,0.839963436126709,0.5924252867698669,2.4206278324127197,2.0127649307250977,2.467664957046509,0.52587890625,0.426513671875
1719,554,-1.6698806285858154,0.910149335861206,0.6022475361824036,1.895751953125,1.9776740074157715,2.9146111011505127,0.4873046875,0.3876953125
1720,555,-1.593797206878662,0.839963436126709,0.5924252867698669,2.4206278324127197,2.0127649307250977,2.467664957046509,0.52587890625,0.426513671875
1721,556,-1.6060242652893066,0.9147346019744873,0.5431696772575378,2.5191903114318848,2.0250132083892822,2.3564867973327637,0.477294921875,0.427001953125
1722,556,-1.6060242652893066,0.9147346019744873,0.5431696772575378,2.5191903114318848,2.0250132083892822,2.3564867973327637,0.477294921875,0.427001953125
1723,555,-1.593797206878662,0.839963436126709,0.5924252867698669,2.4206278324127197,2.0127649307250977,2.467664957046509,0.52587890625,0.426513671875
1724,557,-1.527696132659912,0.827268123626709,0.524621844291687,2.613788604736328,2.2739126682281494,1.9993654489517212,0.51318359375,0.46240234375
1725,556,-1.6060242652893066,0.9147346019744873,0.5431696772575378,2.5191903114318848,2.0250132083892822,2.3564867973327637,0.477294921875,0.427001953125
1726,557,-1.527696132659912,0.827268123626709,0.524621844291687,2.613788604736328,2.2739126682281494,1.9993654489517212,0.51318359375,0.46240234375
1727,558,-1.5441060066223145,0.8877558708190918,0.47730112075805664,2.602684736251831,2.2895541191101074,1.9959979057312012,0.468505859375,0.4638671875
1728,558,-1.5441060066223145,0.8877558708190918,0.47730112075805664,2.602684736251831,2.2895541191101074,1.9959979057312012,0.468505859375,0.4638671875
1729,557,-1.527696132659912,0.827268123626709,0.524621844291687,2.613788604736328,2.2739126682281494,1.9993654489517212,0.51318359375,0.46240234375
1730,559,-1.4462416172027588,0.8067965507507324,0.461916983127594,1.8958299160003662,2.852666139602661,2.065953254699707,0.52197265625,0.4931640625
1731,558,-1.5441060066223145,0.8877558708190918,0.47730112075805664,2.602684736251831,2.2895541191101074,1.9959979057312012,0.468505859375,0.4638671875
1732,559,-1.4462416172027588,0.8067965507507324,0.461916983127594,1.8958299160003662,2.852666139602661,2.065953254699707,0.52197265625,0.4931640625
1733,560,-1.469435453414917,0.8517754077911377,0.41978830099105835,2.0207202434539795,2.7856478691101074,2.038846254348755,0.4775390625,0.494140625
1734,560,-1.469435453414917,0.8517754077911377,0.41978830099105835,2.0207202434539795,2.7856478691101074,2.038846254348755,0.4775390625,0.494140625
1735,559,-1.4462416172027588,0.8067965507507324,0.461916983127594,1.8958299160003662,2.852666139602661,2.065953254699707,0.52197265625,0.4931640625
1736,561,-1.3571627140045166,0.800339937210083,0.43211209774017334,-0.26082921028137207,3.0215015411376953,2.608165979385376,0.54638671875,0.5263671875
1737,560,-1.469435453414917,0.8517754077911377,0.41978830099105835,2.0207202434539795,2.7856478691101074,2.038846254348755,0.4775390625,0.494140625
1738,561,-1.3571627140045166,0.800339937210083,0.43211209774017334,-0.26082921028137207,3.0215015411376953,2.608165979385376,0.54638671875,0.5263671875
1739,562,-1.385674238204956,0.8298277854919434,0.3948174715042114,0.5381699800491333,3.144608974456787,2.4128499031066895,0.501953125,0.52880859375
1740,562,-1.385674238204956,0.8298277854919434,0.3948174715042114,0.5381699800491333,3.144608974456787,2.4128499031066895,0.501953125,0.52880859375
1741,561,-1.3571627140045166,0.800339937210083,0.43211209774017334,-0.26082921028137207,3.0215015411376953,2.608165979385376,0.54638671875,0.5263671875
1742,563,-1.2617371082305908,0.8283956050872803,0.4566054940223694,-1.938117504119873,2.367231845855713,2.5768089294433594,0.54736328125,0.5537109375
1743,562,-1.385674238204956,0.8298277854919434,0.3948174715042114,0.5381699800491333,3.144608974456787,2.4128499031066895,0.501953125,0.52880859375
1744,563,-1.2617371082305908,0.8283956050872803,0.4566054940223694,-1.938117504119873,2.367231845855713,2.5768089294433594,0.54736328125,0.5537109375
1745,564,-1.2724125385284424,0.8462028503417969,0.42822694778442383,-1.5825762748718262,2.5407915115356445,2.6532740592956543,0.51171875,0.5556640625
1746,564,-1.2724125385284424,0.8462028503417969,0.42822694778442383,-1.5825762748718262,2.5407915115356445,2.6532740592956543,0.51171875,0.5556640625
1747,563,-1.2617371082305908,0.8283956050872803,0.4566054940223694,-1.938117504119873,2.367231845855713,2.5768089294433594,0.54736328125,0.5537109375
1748,565,-1.203613519668579,0.883732795715332,0.49565017223358154,-2.9724538326263428,1.6171956062316895,2.1328907012939453,0.50439453125,0.58837890625
1749,566,-0.9890356063842773,0.9036900997161865,1.3521562814712524,-0.5903805494308472,3.302824020385742,-2.1778056621551514,0.10174560546875,0.60009765625
1750,567,-0.8054690361022949,0.9610087871551514,1.30751371383667,-1.4622371196746826,3.197951316833496,-1.9065687656402588,0.12371826171875,0.489013671875
1751,568,-1.0009269714355469,0.8605368137359619,1.288893699645996,-0.35085785388946533,3.301361083984375,-2.2311320304870605,0.145751953125,0.60009765625
1752,569,-1.1388449668884277,0.9085690975189209,1.3504868745803833,-0.03219330310821533,3.19189715385437,-2.410557746887207,0.10174560546875,0.6357421875
1753,566,-0.9890356063842773,0.9036900997161865,1.3521562814712524,-0.5903805494308472,3.302824020385742,-2.1778056621551514,0.10174560546875,0.60009765625
1754,568,-1.0009269714355469,0.8605368137359619,1.288893699645996,-0.35085785388946533,3.301361083984375,-2.2311320304870605,0.145751953125,0.60009765625
1755,569,-1.1388449668884277,0.9085690975189209,1.3504868745803833,-0.03219330310821533,3.19189715385437,-2.410557746887207,0.10174560546875,0.6357421875
1756,568,-1.0009269714355469,0.8605368137359619,1.288893699645996,-0.35085785388946533,3.301361083984375,-2.2311320304870605,0.145751953125,0.60009765625
1757,570,-1.1405000686645508,0.8590419292449951,1.2820930480957031,0.022269129753112793,3.2214174270629883,-2.3710777759552,0.145751953125,0.6357421875
1758,571,-1.2431464195251465,0.9698367118835449,1.4271290302276611,0.15388500690460205,2.780426502227783,-2.8715124130249023,0.10174560546875,0.6669921875
1759,569,-1.1388449668884277,0.9085690975189209,1.3504868745803833,-0.03219330310821533,3.19189715385437,-2.410557746887207,0.10174560546875,0.6357421875
1760,570,-1.1405000686645508,0.8590419292449951,1.2820930480957031,0.022269129753112793,3.2214174270629883,-2.3710777759552,0.145751953125,0.6357421875
1761,571,-1.2431464195251465,0.9698367118835449,1.4271290302276611,0.15388500690460205,2.780426502227783,-2.8715124130249023,0.10174560546875,0.6669921875
1762,570,-1.1405000686645508,0.8590419292449951,1.2820930480957031,0.022269129753112793,3.2214174270629883,-2.3710777759552,0.145751953125,0.6357421875
1763,572,-1.239332914352417,0.9029991626739502,1.349524736404419,-0.030810415744781494,2.9979848861694336,-2.6478614807128906,0.145751953125,0.6669921875
1764,573,-1.358874797821045,1.02378511428833,1.444657802581787,0.402604877948761,1.6731972694396973,-3.6108665466308594,0.10174560546875,0.7158203125
1765,571,-1.2431464195251465,0.9698367118835449,1.4271290302276611,0.15388500690460205,2.780426502227783,-2.8715124130249023,0.10174560546875,0.6669921875
1766,572,-1.239332914352417,0.9029991626739502,1.349524736404419,-0.030810415744781494,2.9979848861694336,-2.6478614807128906,0.145751953125,0.6669921875
1767,573,-1.358874797821045,1.02378511428833,1.444657802581787,0.402604877948761,1.6731972694396973,-3.6108665466308594,0.10174560546875,0.7158203125
1768,572,-1.239332914352417,0.9029991626739502,1.349524736404419,-0.030810415744781494,2.9979848861694336,-2.6478614807128906,0.145751953125,0.6669921875
1769,574,-1.3557162284851074,0.964270830154419,1.4121155738830566,0.36312660574913025,2.000101089477539,-3.444963216781616,0.145751953125,0.7158203125
1770,575,-1.5013442039489746,1.0538239479064941,1.4194321632385254,0.43180039525032043,0.2940053343772888,-3.9657464027404785,0.10174560546875,0.73388671875
1771,573,-1.358874797821045,1.02378511428833,1.444657802581787,0.402604877948761,1.6731972694396973,-3.6108665466308594,0.10174560546875,0.7158203125
1772,574,-1.3557162284851074,0.964270830154419,1.4121155738830566,0.36312660574913025,2.000101089477539,-3.444963216781616,0.145751953125,0.7158203125
1773,575,-1.5013442039489746,1.0538239479064941,1.4194321632385254,0.43180039525032043,0.2940053343772888,-3.9657464027404785,0.10174560546875,0.73388671875
1774,574,-1.3557162284851074,0.964270830154419,1.4121155738830566,0.36312660574913025,2.000101089477539,-3.444963216781616,0.145751953125,0.7158203125
1775,576,-1.479353904724121,0.9600586891174316,1.4123120307922363,0.4369446039199829,0.3967687487602234,-3.95622181892395,0.145751953125,0.73388671875
1776,577,-1.6504871845245361,1.0282318592071533,1.3933078050613403,-0.36323317885398865,-0.15317702293395996,-3.9805314540863037,0.10174560546875,0.76953125
1777,575,-1.5013442039489746,1.0538239479064941,1.4194321632385254,0.43180039525032043,0.2940053343772888,-3.9657464027404785,0.10174560546875,0.73388671875
1778,576,-1.479353904724121,0.9600586891174316,1.4123120307922363,0.4369446039199829,0.3967687487602234,-3.95622181892395,0.145751953125,0.73388671875
1779,577,-1.6504871845245361,1.0282318592071533,1.3933078050613403,-0.36323317885398865,-0.15317702293395996,-3.9805314540863037,0.10174560546875,0.76953125
1780,576,-1.479353904724121,0.9600586891174316,1.4123120307922363,0.4369446039199829,0.3967687487602234,-3.95622181892395,0.145751953125,0.73388671875
1781,578,-1.6082062721252441,0.9135386943817139,1.411125659942627,-0.45002660155296326,-0.16138756275177002,-3.9713306427001953,0.145751953125,0.76953125
1782,579,-1.744049072265625,0.9556970596313477,1.4558327198028564,-0.8396759629249573,0.4429997205734253,-3.885708808898926,0.10174560546875,0.80517578125
1783,577,-1.6504871845245361,1.0282318592071533,1.3933078050613403,-0.36323317885398865,-0.15317702293395996,-3.9805314540863037,0.10174560546875,0.76953125
1784,578,-1.6082062721252441,0.9135386943817139,1.411125659942627,-0.45002660155296326,-0.16138756275177002,-3.9713306427001953,0.145751953125,0.76953125
1785,579,-1.744049072265625,0.9556970596313477,1.4558327198028564,-0.8396759629249573,0.4429997205734253,-3.885708808898926,0.10174560546875,0.80517578125
1786,578,-1.6082062721252441,0.9135386943817139,1.411125659942627,-0.45002660155296326,-0.16138756275177002,-3.9713306427001953,0.145751953125,0.76953125
1787,580,-1.7146542072296143,0.8552918434143066,1.4267029762268066,-0.7822370529174805,0.5208029747009277,-3.8880462646484375,0.145751953125,0.80517578125
1788,581,-1.9430162906646729,0.8755941390991211,1.455962896347046,-0.4031531810760498,1.0122265815734863,-3.8487534523010254,0.10174560546875,0.8896484375
1789,579,-1.744049072265625,0.9556970596313477,1.4558327198028564,-0.8396759629249573,0.4429997205734253,-3.885708808898926,0.10174560546875,0.80517578125
1790,580,-1.7146542072296143,0.8552918434143066,1.4267029762268066,-0.7822370529174805,0.5208029747009277,-3.8880462646484375,0.145751953125,0.80517578125
1791,581,-1.9430162906646729,0.8755941390991211,1.455962896347046,-0.4031531810760498,1.0122265815734863,-3.8487534523010254,0.10174560546875,0.8896484375
1792,580,-1.7146542072296143,0.8552918434143066,1.4267029762268066,-0.7822370529174805,0.5208029747009277,-3.8880462646484375,0.145751953125,0.80517578125
1793,582,-1.9149975776672363,0.8079972267150879,1.4348942041397095,-0.4031529128551483,1.0122264623641968,-3.8487534523010254,0.145751953125,0.8896484375
1794,583,-2.2570700645446777,1.0010509490966797,0.9818885326385498,-1.8070260286331177,2.3968887329101562,-2.643786668777466,0.163818359375,0.953125
1795,584,-2.2132761478424072,0.9502594470977783,0.9059070348739624,-1.8313348293304443,2.4730281829833984,-2.5554592609405518,0.102783203125,0.93408203125
1796,585,-2.2554149627685547,0.9812417030334473,0.9636262655258179,-1.8070261478424072,2.3968887329101562,-2.643786907196045,0.102783203125,0.953125
1797,583,-2.2570700645446777,1.0010509490966797,0.9818885326385498,-1.8070260286331177,2.3968887329101562,-2.643786668777466,0.163818359375,0.953125
1798,586,-2.1381797790527344,1.042579174041748,0.9391050338745117,-1.852778434753418,2.542846918106079,-2.4700546264648438,0.163818359375,0.93408203125
1799,584,-2.2132761478424072,0.9502594470977783,0.9059070348739624,-1.8313348293304443,2.4730281829833984,-2.5554592609405518,0.102783203125,0.93408203125
1800,586,-2.1381797790527344,1.042579174041748,0.9391050338745117,-1.852778434753418,2.542846918106079,-2.4700546264648438,0.163818359375,0.93408203125
1801,587,-2.159492254257202,0.9732367992401123,0.8810804486274719,-1.7881525754928589,2.6221742630004883,-2.4344892501831055,0.102783203125,0.9150390625
1802,584,-2.2132761478424072,0.9502594470977783,0.9059070348739624,-1.8313348293304443,2.4730281829833984,-2.5554592609405518,0.102783203125,0.93408203125
1803,586,-2.1381797790527344,1.042579174041748,0.9391050338745117,-1.852778434753418,2.542846918106079,-2.4700546264648438,0.163818359375,0.93408203125
1804,588,-2.057312250137329,1.0637304782867432,0.9070482850074768,-1.6008484363555908,2.692110300064087,-2.4879424571990967,0.163818359375,0.9150390625
1805,587,-2.159492254257202,0.9732367992401123,0.8810804486274719,-1.7881525754928589,2.6221742630004883,-2.4344892501831055,0.102783203125,0.9150390625
1806,589,-1.9977078437805176,1.0567588806152344,0.8744927644729614,-0.792533278465271,2.346041202545166,-3.1413393020629883,0.163818359375,0.88525390625
1807,587,-2.159492254257202,0.9732367992401123,0.8810804486274719,-1.7881525754928589,2.6221742630004883,-2.4344892501831055,0.102783203125,0.9150390625
1808,588,-2.057312250137329,1.0637304782867432,0.9070482850074768,-1.6008484363555908,2.692110300064087,-2.4879424571990967,0.163818359375,0.9150390625
1809,589,-1.9977078437805176,1.0567588806152344,0.8744927644729614,-0.792533278465271,2.346041202545166,-3.1413393020629883,0.163818359375,0.88525390625
1810,590,-2.0781755447387695,0.9978866577148438,0.8481760025024414,-1.1149585247039795,2.5318596363067627,-2.8890457153320312,0.102783203125,0.88525390625
1811,587,-2.159492254257202,0.9732367992401123,0.8810804486274719,-1.7881525754928589,2.6221742630004883,-2.4344892501831055,0.102783203125,0.9150390625
1812,591,-1.8969135284423828,0.9853534698486328,0.815406322479248,-0.44573110342025757,2.0437097549438477,-3.4094879627227783,0.163818359375,0.85498046875
1813,590,-2.0781755447387695,0.9978866577148438,0.8481760025024414,-1.1149585247039795,2.5318596363067627,-2.8890457153320312,0.102783203125,0.88525390625
1814,589,-1.9977078437805176,1.0567588806152344,0.8744927644729614,-0.792533278465271,2.346041202545166,-3.1413393020629883,0.163818359375,0.88525390625
1815,591,-1.8969135284423828,0.9853534698486328,0.815406322479248,-0.44573110342025757,2.0437097549438477,-3.4094879627227783,0.163818359375,0.85498046875
1816,592,-2.0004210472106934,0.9677071571350098,0.8183201551437378,-0.45354169607162476,2.093780755996704,-3.3779311180114746,0.102783203125,0.873046875
1817,590,-2.0781755447387695,0.9978866577148438,0.8481760025024414,-1.1149585247039795,2.5318596363067627,-2.8890457153320312,0.102783203125,0.88525390625
1818,591,-1.8969135284423828,0.9853534698486328,0.815406322479248,-0.44573110342025757,2.0437097549438477,-3.4094879627227783,0.163818359375,0.85498046875
1819,593,-1.9455409049987793,0.9329895973205566,0.7971674799919128,-0.378362774848938,1.6186141967773438,-3.6382639408111572,0.102783203125,0.85498046875
1820,592,-2.0004210472106934,0.9677071571350098,0.8183201551437378,-0.45354169607162476,2.093780755996704,-3.3779311180114746,0.102783203125,0.873046875
1821,594,-1.753221035003662,1.2520287036895752,1.398942232131958,2.0027923583984375,1.5866813659667969,3.0775468349456787,0.281005859375,0.433349609375
1822,595,-1.7467198371887207,1.240257740020752,1.3994481563568115,2.0240917205810547,1.6307308673858643,3.0403616428375244,0.349853515625,0.433349609375
1823,596,-1.6997437477111816,1.2841670513153076,1.3608431816101074,1.7598063945770264,1.118448257446289,3.413529872894287,0.2318115234375,0.306640625
1824,597,-1.7973055839538574,1.221869945526123,1.4457637071609497,1.5895456075668335,1.7085477113723755,3.2487292289733887,0.2890625,0.498046875
1825,595,-1.7467198371887207,1.240257740020752,1.3994481563568115,2.0240917205810547,1.6307308673858643,3.0403616428375244,0.349853515625,0.433349609375
1826,594,-1.753221035003662,1.2520287036895752,1.398942232131958,2.0027923583984375,1.5866813659667969,3.0775468349456787,0.281005859375,0.433349609375
1827,597,-1.7973055839538574,1.221869945526123,1.4457637071609497,1.5895456075668335,1.7085477113723755,3.2487292289733887,0.2890625,0.498046875
1828,598,-1.780998706817627,1.1940093040466309,1.4525092840194702,1.3679203987121582,1.687345266342163,3.358823299407959,0.358642578125,0.498046875
1829,595,-1.7467198371887207,1.240257740020752,1.3994481563568115,2.0240917205810547,1.6307308673858643,3.0403616428375244,0.349853515625,0.433349609375
1830,599,-1.837646484375,1.1793839931488037,1.4771966934204102,0.663307249546051,1.4840795993804932,3.6548001766204834,0.2880859375,0.55224609375
1831,598,-1.780998706817627,1.1940093040466309,1.4525092840194702,1.3679203987121582,1.687345266342163,3.358823299407959,0.358642578125,0.498046875
1832,597,-1.7973055839538574,1.221869945526123,1.4457637071609497,1.5895456075668335,1.7085477113723755,3.2487292289733887,0.2890625,0.498046875
1833,599,-1.837646484375,1.1793839931488037,1.4771966934204102,0.663307249546051,1.4840795993804932,3.6548001766204834,0.2880859375,0.55224609375
1834,600,-1.8157029151916504,1.1430284976959229,1.488999605178833,0.4809369444847107,1.4063639640808105,3.713606834411621,0.359375,0.55224609375
1835,598,-1.780998706817627,1.1940093040466309,1.4525092840194702,1.3679203987121582,1.687345266342163,3.358823299407959,0.358642578125,0.498046875
1836,601,-1.885073184967041,1.1477668285369873,1.4901903867721558,-0.310252845287323,0.8793418407440186,3.889798879623413,0.283447265625,0.60595703125
1837,600,-1.8157029151916504,1.1430284976959229,1.488999605178833,0.4809369444847107,1.4063639640808105,3.713606834411621,0.359375,0.55224609375
1838,599,-1.837646484375,1.1793839931488037,1.4771966934204102,0.663307249546051,1.4840795993804932,3.6548001766204834,0.2880859375,0.55224609375
1839,601,-1.885073184967041,1.1477668285369873,1.4901903867721558,-0.310252845287323,0.8793418407440186,3.889798879623413,0.283447265625,0.60595703125
1840,602,-1.8576555252075195,1.1069087982177734,1.5020184516906738,-0.283735454082489,0.9018007516860962,3.8866806030273438,0.3525390625,0.60595703125
1841,600,-1.8157029151916504,1.1430284976959229,1.488999605178833,0.4809369444847107,1.4063639640808105,3.713606834411621,0.359375,0.55224609375
1842,603,-1.9420061111450195,1.128044843673706,1.4848865270614624,-0.9193968176841736,0.5581518411636353,3.8526885509490967,0.2734375,0.6708984375
1843,602,-1.8576555252075195,1.1069087982177734,1.5020184516906738,-0.283735454082489,0.9018007516860962,3.8866806030273438,0.3525390625,0.60595703125
1844,601,-1.885073184967041,1.1477668285369873,1.4901903867721558,-0.310252845287323,0.8793418407440186,3.889798879623413,0.283447265625,0.60595703125
1845,603,-1.9420061111450195,1.128044843673706,1.4848865270614624,-0.9193968176841736,0.5581518411636353,3.8526885509490967,0.2734375,0.6708984375
1846,604,-1.914492130279541,1.080521583557129,1.495450735092163,-0.8324170708656311,0.5679105520248413,3.8709940910339355,0.3427734375,0.6708984375
1847,602,-1.8576555252075195,1.1069087982177734,1.5020184516906738,-0.283735454082489,0.9018007516860962,3.8866806030273438,0.3525390625,0.60595703125
1848,605,-1.993344783782959,1.115274429321289,1.4668635129928589,-1.5256925821304321,0.5168033838272095,3.6613121032714844,0.258056640625,0.7568359375
1849,604,-1.914492130279541,1.080521583557129,1.495450735092163,-0.8324170708656311,0.5679105520248413,3.8709940910339355,0.3427734375,0.6708984375
1850,603,-1.9420061111450195,1.128044843673706,1.4848865270614624,-0.9193968176841736,0.5581518411636353,3.8526885509490967,0.2734375,0.6708984375
1851,605,-1.993344783782959,1.115274429321289,1.4668635129928589,-1.5256925821304321,0.5168033838272095,3.6613121032714844,0.258056640625,0.7568359375
1852,606,-1.971937656402588,1.0734119415283203,1.4835329055786133,-1.4091176986694336,0.5219472646713257,3.7070188522338867,0.32421875,0.7568359375
1853,604,-1.914492130279541,1.080521583557129,1.495450735092163,-0.8324170708656311,0.5679105520248413,3.8709940910339355,0.3427734375,0.6708984375
1854,607,-2.0735301971435547,1.085585355758667,1.4330706596374512,-1.3511111736297607,1.048424243927002,3.615983247756958,0.2509765625,0.84619140625
1855,606,-1.971937656402588,1.0734119415283203,1.4835329055786133,-1.4091176986694336,0.5219472646713257,3.7070188522338867,0.32421875,0.7568359375
1856,605,-1.993344783782959,1.115274429321289,1.4668635129928589,-1.5256925821304321,0.5168033838272095,3.6613121032714844,0.258056640625,0.7568359375
1857,607,-2.0735301971435547,1.085585355758667,1.4330706596374512,-1.3511111736297607,1.048424243927002,3.615983247756958,0.2509765625,0.84619140625
1858,608,-2.052577018737793,1.054811954498291,1.4470200538635254,-1.4317141771316528,0.9357424974441528,3.6158833503723145,0.313232421875,0.84619140625
1859,606,-1.971937656402588,1.0734119415283203,1.4835329055786133,-1.4091176986694336,0.5219472646713257,3.7070188522338867,0.32421875,0.7568359375
1860,608,-2.052577018737793,1.054811954498291,1.4470200538635254,-1.4317141771316528,0.9357424974441528,3.6158833503723145,0.313232421875,0.84619140625
1861,607,-2.0735301971435547,1.085585355758667,1.4330706596374512,-1.3511111736297607,1.048424243927002,3.615983247756958,0.2509765625,0.84619140625
1862,609,-2.2141590118408203,0.9983363151550293,1.4144660234451294,-1.1743656396865845,1.2837961912155151,3.6017723083496094,0.252685546875,0.93896484375
1863,608,-2.052577018737793,1.054811954498291,1.4470200538635254,-1.4317141771316528,0.9357424974441528,3.6158833503723145,0.313232421875,0.84619140625
1864,609,-2.2141590118408203,0.9983363151550293,1.4144660234451294,-1.1743656396865845,1.2837961912155151,3.6017723083496094,0.252685546875,0.93896484375
1865,610,-2.1912617683410645,0.974123477935791,1.4344124794006348,-1.1743654012680054,1.2837963104248047,3.601771831512451,0.312744140625,0.93896484375
1866,611,-2.0818986892700195,1.0765576362609863,1.4425005912780762,-1.6270430088043213,1.5236084461212158,3.3213517665863037,0.28564453125,0.84619140625
1867,612,-2.2467422485351562,1.0153636932373047,1.3968991041183472,-1.5721666812896729,1.8787519931793213,3.1620583534240723,0.25390625,0.93896484375
1868,613,-2.2257046699523926,0.9976801872253418,1.424342155456543,-1.5721664428710938,1.8787516355514526,3.162058115005493,0.287109375,0.93896484375
1869,611,-2.0818986892700195,1.0765576362609863,1.4425005912780762,-1.6270430088043213,1.5236084461212158,3.3213517665863037,0.28564453125,0.84619140625
1870,614,-2.1041369438171387,1.1039373874664307,1.421651840209961,-1.6094990968704224,1.6504451036453247,3.2688794136047363,0.250244140625,0.84619140625
1871,612,-2.2467422485351562,1.0153636932373047,1.3968991041183472,-1.5721666812896729,1.8787519931793213,3.1620583534240723,0.25390625,0.93896484375
1872,614,-2.1041369438171387,1.1039373874664307,1.421651840209961,-1.6094990968704224,1.6504451036453247,3.2688794136047363,0.250244140625,0.84619140625
1873,611,-2.0818986892700195,1.0765576362609863,1.4425005912780762,-1.6270430088043213,1.5236084461212158,3.3213517665863037,0.28564453125,0.84619140625
1874,615,-1.9931650161743164,1.113579273223877,1.4720722436904907,-1.5596368312835693,1.2083208560943604,3.479586601257324,0.292724609375,0.7568359375
1875,614,-2.1041369438171387,1.1039373874664307,1.421651840209961,-1.6094990968704224,1.6504451036453247,3.2688794136047363,0.250244140625,0.84619140625
1876,615,-1.9931650161743164,1.113579273223877,1.4720722436904907,-1.5596368312835693,1.2083208560943604,3.479586601257324,0.292724609375,0.7568359375
1877,616,-2.0180273056030273,1.1465692520141602,1.450466275215149,-1.6039807796478271,1.1761581897735596,3.4704360961914062,0.25341796875,0.7568359375
1878,616,-2.0180273056030273,1.1465692520141602,1.450466275215149,-1.6039807796478271,1.1761581897735596,3.4704360961914062,0.25341796875,0.7568359375
1879,615,-1.9931650161743164,1.113579273223877,1.4720722436904907,-1.5596368312835693,1.2083208560943604,3.479586601257324,0.292724609375,0.7568359375
1880,617,-1.9380569458007812,1.1341521739959717,1.4882886409759521,-1.1740953922271729,1.486113429069519,3.5232086181640625,0.30810546875,0.6708984375
1881,616,-2.0180273056030273,1.1465692520141602,1.450466275215149,-1.6039807796478271,1.1761581897735596,3.4704360961914062,0.25341796875,0.7568359375
1882,617,-1.9380569458007812,1.1341521739959717,1.4882886409759521,-1.1740953922271729,1.486113429069519,3.5232086181640625,0.30810546875,0.6708984375
1883,618,-1.9631505012512207,1.1689097881317139,1.4642794132232666,-1.2605599164962769,1.4253082275390625,3.518453598022461,0.265869140625,0.6708984375
1884,618,-1.9631505012512207,1.1689097881317139,1.4642794132232666,-1.2605599164962769,1.4253082275390625,3.518453598022461,0.265869140625,0.6708984375
1885,617,-1.9380569458007812,1.1341521739959717,1.4882886409759521,-1.1740953922271729,1.486113429069519,3.5232086181640625,0.30810546875,0.6708984375
1886,619,-1.8851313591003418,1.1562092304229736,1.491835594177246,-0.3461035490036011,1.8889654874801636,3.5088539123535156,0.318115234375,0.60595703125
1887,618,-1.9631505012512207,1.1689097881317139,1.4642794132232666,-1.2605599164962769,1.4253082275390625,3.518453598022461,0.265869140625,0.6708984375
1888,619,-1.8851313591003418,1.1562092304229736,1.491835594177246,-0.3461035490036011,1.8889654874801636,3.5088539123535156,0.318115234375,0.60595703125
1889,620,-1.9103684425354004,1.1922211647033691,1.4693892002105713,-0.4460805654525757,1.850006103515625,3.518312692642212,0.276123046875,0.60595703125
1890,620,-1.9103684425354004,1.1922211647033691,1.4693892002105713,-0.4460805654525757,1.850006103515625,3.518312692642212,0.276123046875,0.60595703125
1891,619,-1.8851313591003418,1.1562092304229736,1.491835594177246,-0.3461035490036011,1.8889654874801636,3.5088539123535156,0.318115234375,0.60595703125
1892,621,-1.839944839477539,1.1765766143798828,1.4735379219055176,0.7512673139572144,2.19758677482605,3.2567224502563477,0.32275390625,0.55224609375
1893,620,-1.9103684425354004,1.1922211647033691,1.4693892002105713,-0.4460805654525757,1.850006103515625,3.518312692642212,0.276123046875,0.60595703125
1894,621,-1.839944839477539,1.1765766143798828,1.4735379219055176,0.7512673139572144,2.19758677482605,3.2567224502563477,0.32275390625,0.55224609375
1895,622,-1.863478660583496,1.2121062278747559,1.4556562900543213,0.7778811454772949,2.2021753787994385,3.247361421585083,0.2783203125,0.55224609375
1896,622,-1.863478660583496,1.2121062278747559,1.4556562900543213,0.7778811454772949,2.2021753787994385,3.247361421585083,0.2783203125,0.55224609375
1897,621,-1.839944839477539,1.1765766143798828,1.4735379219055176,0.7512673139572144,2.19758677482605,3.2567224502563477,0.32275390625,0.55224609375
1898,623,-1.8043584823608398,1.1967124938964844,1.4401671886444092,1.759080410003662,2.1265478134155273,2.895420789718628,0.32373046875,0.498046875
1899,622,-1.863478660583496,1.2121062278747559,1.4556562900543213,0.7778811454772949,2.2021753787994385,3.247361421585083,0.2783203125,0.55224609375
1900,623,-1.8043584823608398,1.1967124938964844,1.4401671886444092,1.759080410003662,2.1265478134155273,2.895420789718628,0.32373046875,0.498046875
1901,624,-1.820970058441162,1.2263174057006836,1.4269084930419922,1.818090796470642,2.100651502609253,2.8778188228607178,0.28076171875,0.498046875
1902,624,-1.820970058441162,1.2263174057006836,1.4269084930419922,1.818090796470642,2.100651502609253,2.8778188228607178,0.28076171875,0.498046875
1903,623,-1.8043584823608398,1.1967124938964844,1.4401671886444092,1.759080410003662,2.1265478134155273,2.895420789718628,0.32373046875,0.498046875
1904,625,-1.7548480033874512,1.2163500785827637,1.380340337753296,2.295295476913452,1.7823017835617065,2.7486443519592285,0.315673828125,0.433349609375
1905,624,-1.820970058441162,1.2263174057006836,1.4269084930419922,1.818090796470642,2.100651502609253,2.8778188228607178,0.28076171875,0.498046875
1906,625,-1.7548480033874512,1.2163500785827637,1.380340337753296,2.295295476913452,1.7823017835617065,2.7486443519592285,0.315673828125,0.433349609375
1907,626,-1.754779577255249,1.23588228225708,1.372743844985962,2.3720555305480957,1.6613078117370605,2.7592456340789795,0.273681640625,0.433349609375
1908,626,-1.754779577255249,1.23588228225708,1.372743844985962,2.3720555305480957,1.6613078117370605,2.7592456340789795,0.273681640625,0.433349609375
1909,625,-1.7548480033874512,1.2163500785827637,1.380340337753296,2.295295476913452,1.7823017835617065,2.7486443519592285,0.315673828125,0.433349609375
1910,627,-1.7036933898925781,1.2248468399047852,1.3272042274475098,2.6913013458251953,1.0644081830978394,2.7611515522003174,0.266357421875,0.306640625
1911,628,-1.8428163528442383,1.1676380634307861,1.461437702178955,0.6404922604560852,2.00370454788208,3.4022011756896973,0.27294921875,0.498046875
1912,629,-1.814394474029541,1.1857807636260986,1.4368866682052612,1.1421352624893188,2.3301005363464355,3.044041395187378,0.283203125,0.369873046875
1913,630,-1.814394474029541,1.1857807636260986,1.4368866682052612,1.1421353816986084,2.3301005363464355,3.044041872024536,0.265869140625,0.433349609375
1914,628,-1.8428163528442383,1.1676380634307861,1.461437702178955,0.6404922604560852,2.00370454788208,3.4022011756896973,0.27294921875,0.498046875
1915,631,-1.8355963230133057,1.1571924686431885,1.4667255878448486,0.6383726596832275,2.0022246837615967,3.403470516204834,0.31591796875,0.498046875
1916,629,-1.814394474029541,1.1857807636260986,1.4368866682052612,1.1421352624893188,2.3301005363464355,3.044041395187378,0.283203125,0.369873046875
1917,632,-1.900383472442627,1.165830373764038,1.4713408946990967,0.11092424392700195,1.758988857269287,3.590778112411499,0.271728515625,0.52490234375
1918,631,-1.8355963230133057,1.1571924686431885,1.4667255878448486,0.6383726596832275,2.0022246837615967,3.403470516204834,0.31591796875,0.498046875
1919,628,-1.8428163528442383,1.1676380634307861,1.461437702178955,0.6404922604560852,2.00370454788208,3.4022011756896973,0.27294921875,0.498046875
1920,632,-1.900383472442627,1.165830373764038,1.4713408946990967,0.11092424392700195,1.758988857269287,3.590778112411499,0.271728515625,0.52490234375
1921,633,-1.8891448974609375,1.149158239364624,1.4782342910766602,0.38054943084716797,1.8620548248291016,3.5196547508239746,0.3154296875,0.52490234375
1922,631,-1.8355963230133057,1.1571924686431885,1.4667255878448486,0.6383726596832275,2.0022246837615967,3.403470516204834,0.31591796875,0.498046875
1923,634,-1.9553368091583252,1.1909394264221191,1.4573774337768555,-0.7960690855979919,1.3162105083465576,3.692410707473755,0.2705078125,0.55224609375
1924,633,-1.8891448974609375,1.149158239364624,1.4782342910766602,0.38054943084716797,1.8620548248291016,3.5196547508239746,0.3154296875,0.52490234375
1925,632,-1.900383472442627,1.165830373764038,1.4713408946990967,0.11092424392700195,1.758988857269287,3.590778112411499,0.271728515625,0.52490234375
1926,634,-1.9553368091583252,1.1909394264221191,1.4573774337768555,-0.7960690855979919,1.3162105083465576,3.692410707473755,0.2705078125,0.55224609375
1927,635,-1.9443583488464355,1.171990156173706,1.4674711227416992,-0.3126540184020996,1.5697920322418213,3.665792465209961,0.31494140625,0.55224609375
1928,633,-1.8891448974609375,1.149158239364624,1.4782342910766602,0.38054943084716797,1.8620548248291016,3.5196547508239746,0.3154296875,0.52490234375
1929,636,-1.9903740882873535,1.1914608478546143,1.4484038352966309,-1.5528627634048462,0.7459816932678223,3.6100082397460938,0.269287109375,0.5791015625
1930,635,-1.9443583488464355,1.171990156173706,1.4674711227416992,-0.3126540184020996,1.5697920322418213,3.665792465209961,0.31494140625,0.55224609375
1931,634,-1.9553368091583252,1.1909394264221191,1.4573774337768555,-0.7960690855979919,1.3162105083465576,3.692410707473755,0.2705078125,0.55224609375
1932,636,-1.9903740882873535,1.1914608478546143,1.4484038352966309,-1.5528627634048462,0.7459816932678223,3.6100082397460938,0.269287109375,0.5791015625
1933,637,-1.981605052947998,1.1747708320617676,1.4552794694900513,-1.3066976070404053,0.957944393157959,3.6571731567382812,0.3125,0.5791015625
1934,635,-1.9443583488464355,1.171990156173706,1.4674711227416992,-0.3126540184020996,1.5697920322418213,3.665792465209961,0.31494140625,0.55224609375
1935,638,-2.0192971229553223,1.1832656860351562,1.4343156814575195,-1.806079626083374,0.6060456037521362,3.5172171592712402,0.268310546875,0.60595703125
1936,637,-1.981605052947998,1.1747708320617676,1.4552794694900513,-1.3066976070404053,0.957944393157959,3.6571731567382812,0.3125,0.5791015625
1937,636,-1.9903740882873535,1.1914608478546143,1.4484038352966309,-1.5528627634048462,0.7459816932678223,3.6100082397460938,0.269287109375,0.5791015625
1938,638,-2.0192971229553223,1.1832656860351562,1.4343156814575195,-1.806079626083374,0.6060456037521362,3.5172171592712402,0.268310546875,0.60595703125
1939,639,-2.0116686820983887,1.1677513122558594,1.440377116203308,-1.8127281665802002,0.5856812000274658,3.5172464847564697,0.310302734375,0.60595703125
1940,637,-1.981605052947998,1.1747708320617676,1.4552794694900513,-1.3066976070404053,0.957944393157959,3.6571731567382812,0.3125,0.5791015625
1941,640,-2.05332612991333,1.1626629829406738,1.4202831983566284,-1.358306884765625,1.0816268920898438,3.6034867763519287,0.2568359375,0.681640625
1942,639,-2.0116686820983887,1.1677513122558594,1.440377116203308,-1.8127281665802002,0.5856812000274658,3.5172464847564697,0.310302734375,0.60595703125
1943,638,-2.0192971229553223,1.1832656860351562,1.4343156814575195,-1.806079626083374,0.6060456037521362,3.5172171592712402,0.268310546875,0.60595703125
1944,640,-2.05332612991333,1.1626629829406738,1.4202831983566284,-1.358306884765625,1.0816268920898438,3.6034867763519287,0.2568359375,0.681640625
1945,641,-2.0429763793945312,1.1454722881317139,1.429693579673767,-1.3512314558029175,1.0878677368164062,3.6042675971984863,0.297607421875,0.681640625
1946,639,-2.0116686820983887,1.1677513122558594,1.440377116203308,-1.8127281665802002,0.5856812000274658,3.5172464847564697,0.310302734375,0.60595703125
1947,641,-2.0429763793945312,1.1454722881317139,1.429693579673767,-1.3512314558029175,1.0878677368164062,3.6042675971984863,0.297607421875,0.681640625
1948,640,-2.05332612991333,1.1626629829406738,1.4202831983566284,-1.358306884765625,1.0816268920898438,3.6034867763519287,0.2568359375,0.681640625
1949,642,-2.1441965103149414,1.0883114337921143,1.4131197929382324,-1.3772584199905396,1.422365427017212,3.4756383895874023,0.2425537109375,0.84619140625
1950,641,-2.0429763793945312,1.1454722881317139,1.429693579673767,-1.3512314558029175,1.0878677368164062,3.6042675971984863,0.297607421875,0.681640625
1951,642,-2.1441965103149414,1.0883114337921143,1.4131197929382324,-1.3772584199905396,1.422365427017212,3.4756383895874023,0.2425537109375,0.84619140625
1952,643,-2.1207993030548096,1.064039707183838,1.4288766384124756,-1.3579624891281128,1.3827811479568481,3.499126434326172,0.27783203125,0.84619140625
1953,643,-2.1207993030548096,1.064039707183838,1.4288766384124756,-1.3579624891281128,1.3827811479568481,3.499126434326172,0.27783203125,0.84619140625
1954,642,-2.1441965103149414,1.0883114337921143,1.4131197929382324,-1.3772584199905396,1.422365427017212,3.4756383895874023,0.2425537109375,0.84619140625
1955,644,-2.2413852214813232,1.0263376235961914,1.3944799900054932,-1.4580183029174805,1.5905402898788452,3.3681435585021973,0.24609375,0.93896484375
1956,643,-2.1207993030548096,1.064039707183838,1.4288766384124756,-1.3579624891281128,1.3827811479568481,3.499126434326172,0.27783203125,0.84619140625
1957,644,-2.2413852214813232,1.0263376235961914,1.3944799900054932,-1.4580183029174805,1.5905402898788452,3.3681435585021973,0.24609375,0.93896484375
1958,645,-2.2183918952941895,1.0098376274108887,1.4180595874786377,-1.458018183708191,1.5905404090881348,3.3681435585021973,0.279296875,0.93896484375
1959,646,-1.871246337890625,1.2742156982421875,0.8408268094062805,-0.17499980330467224,0.7431764006614685,-3.926461696624756,0.28076171875,0.487060546875
1960,647,-1.8374290466308594,1.3230383396148682,0.8122216463088989,-2.1070964336395264,-0.5099470615386963,-3.361565589904785,0.28466796875,0.317138671875
1961,648,-1.8374290466308594,1.3230383396148682,0.8122215270996094,-2.1070964336395264,-0.5099470019340515,-3.361565589904785,0.280517578125,0.42236328125
1962,646,-1.871246337890625,1.2742156982421875,0.8408268094062805,-0.17499980330467224,0.7431764006614685,-3.926461696624756,0.28076171875,0.487060546875
1963,649,-1.8764381408691406,1.282686471939087,0.8427954912185669,-0.1992284059524536,0.7292993664741516,-3.927908182144165,0.32080078125,0.4775390625
1964,647,-1.8374290466308594,1.3230383396148682,0.8122216463088989,-2.1070964336395264,-0.5099470615386963,-3.361565589904785,0.28466796875,0.317138671875
1965,650,-1.9677209854125977,1.229541301727295,0.8270090818405151,0.7240004539489746,1.3443703651428223,-3.697097063064575,0.279296875,0.53857421875
1966,649,-1.8764381408691406,1.282686471939087,0.8427954912185669,-0.1992284059524536,0.7292993664741516,-3.927908182144165,0.32080078125,0.4775390625
1967,646,-1.871246337890625,1.2742156982421875,0.8408268094062805,-0.17499980330467224,0.7431764006614685,-3.926461696624756,0.28076171875,0.487060546875
1968,650,-1.9677209854125977,1.229541301727295,0.8270090818405151,0.7240004539489746,1.3443703651428223,-3.697097063064575,0.279296875,0.53857421875
1969,651,-1.9769549369812012,1.2502577304840088,0.8314211964607239,0.8050872087478638,1.4009369611740112,-3.6591320037841797,0.322998046875,0.53857421875
1970,649,-1.8764381408691406,1.282686471939087,0.8427954912185669,-0.1992284059524536,0.7292993664741516,-3.927908182144165,0.32080078125,0.4775390625
1971,652,-2.0561180114746094,1.218592882156372,0.789718747138977,0.1166042685508728,1.630375623703003,-3.65079665184021,0.278076171875,0.56591796875
1972,651,-1.9769549369812012,1.2502577304840088,0.8314211964607239,0.8050872087478638,1.4009369611740112,-3.6591320037841797,0.322998046875,0.53857421875
1973,650,-1.9677209854125977,1.229541301727295,0.8270090818405151,0.7240004539489746,1.3443703651428223,-3.697097063064575,0.279296875,0.53857421875
1974,652,-2.0561180114746094,1.218592882156372,0.789718747138977,0.1166042685508728,1.630375623703003,-3.65079665184021,0.278076171875,0.56591796875
1975,653,-2.0617587566375732,1.2467842102050781,0.8035565614700317,0.1780918538570404,1.634331226348877,-3.6465439796447754,0.322509765625,0.56591796875
1976,651,-1.9769549369812012,1.2502577304840088,0.8314211964607239,0.8050872087478638,1.4009369611740112,-3.6591320037841797,0.322998046875,0.53857421875
1977,654,-2.132014751434326,1.1932251453399658,0.7951624989509583,-2.113236904144287,1.1025642156600952,-3.212258815765381,0.27685546875,0.5927734375
1978,653,-2.0617587566375732,1.2467842102050781,0.8035565614700317,0.1780918538570404,1.634331226348877,-3.6465439796447754,0.322509765625,0.56591796875
1979,652,-2.0561180114746094,1.218592882156372,0.789718747138977,0.1166042685508728,1.630375623703003,-3.65079665184021,0.278076171875,0.56591796875
1980,654,-2.132014751434326,1.1932251453399658,0.7951624989509583,-2.113236904144287,1.1025642156600952,-3.212258815765381,0.27685546875,0.5927734375
1981,655,-2.1364474296569824,1.2280848026275635,0.8101241588592529,-1.7871122360229492,1.2291486263275146,-3.3608713150024414,0.3203125,0.5927734375
1982,653,-2.0617587566375732,1.2467842102050781,0.8035565614700317,0.1780918538570404,1.634331226348877,-3.6465439796447754,0.322509765625,0.56591796875
1983,656,-2.186359405517578,1.1384296417236328,0.8410120010375977,-3.3706536293029785,0.3763779401779175,-2.1206252574920654,0.27587890625,0.61962890625
1984,655,-2.1364474296569824,1.2280848026275635,0.8101241588592529,-1.7871122360229492,1.2291486263275146,-3.3608713150024414,0.3203125,0.5927734375
1985,654,-2.132014751434326,1.1932251453399658,0.7951624989509583,-2.113236904144287,1.1025642156600952,-3.212258815765381,0.27685546875,0.5927734375
1986,656,-2.186359405517578,1.1384296417236328,0.8410120010375977,-3.3706536293029785,0.3763779401779175,-2.1206252574920654,0.27587890625,0.61962890625
1987,657,-2.1890411376953125,1.169490098953247,0.8513270616531372,-3.2094197273254395,0.5030233263969421,-2.3337976932525635,0.31787109375,0.61962890625
1988,655,-2.1364474296569824,1.2280848026275635,0.8101241588592529,-1.7871122360229492,1.2291486263275146,-3.3608713150024414,0.3203125,0.5927734375
1989,658,-2.2133798599243164,1.095489740371704,0.9008513689041138,-3.5367703437805176,0.02008843421936035,-1.8683867454528809,0.2646484375,0.6953125
1990,657,-2.1890411376953125,1.169490098953247,0.8513270616531372,-3.2094197273254395,0.5030233263969421,-2.3337976932525635,0.31787109375,0.61962890625
1991,656,-2.186359405517578,1.1384296417236328,0.8410120010375977,-3.3706536293029785,0.3763779401779175,-2.1206252574920654,0.27587890625,0.61962890625
1992,658,-2.2133798599243164,1.095489740371704,0.9008513689041138,-3.5367703437805176,0.02008843421936035,-1.8683867454528809,0.2646484375,0.6953125
1993,659,-2.2171168327331543,1.1265950202941895,0.9088140726089478,-3.5761802196502686,0.04857277870178223,-1.7912542819976807,0.30517578125,0.6953125
1994,657,-2.1890411376953125,1.169490098953247,0.8513270616531372,-3.2094197273254395,0.5030233263969421,-2.3337976932525635,0.31787109375,0.61962890625
1995,659,-2.2171168327331543,1.1265950202941895,0.9088140726089478,-3.5761802196502686,0.04857277870178223,-1.7912542819976807,0.30517578125,0.6953125
1996,658,-2.2133798599243164,1.095489740371704,0.9008513689041138,-3.5367703437805176,0.02008843421936035,-1.8683867454528809,0.2646484375,0.6953125
1997,660,-2.2477481365203857,1.0391623973846436,0.963270902633667,-3.090590476989746,-0.08010011911392212,-2.538081407546997,0.25830078125,0.85986328125
1998,659,-2.2171168327331543,1.1265950202941895,0.9088140726089478,-3.5761802196502686,0.04857277870178223,-1.7912542819976807,0.30517578125,0.6953125
1999,660,-2.2477481365203857,1.0391623973846436,0.963270902633667,-3.090590476989746,-0.08010011911392212,-2.538081407546997,0.25830078125,0.85986328125
2000,661,-2.252673625946045,1.0747325420379639,0.9694671034812927,-3.2621912956237793,-0.05770677328109741,-2.3140435218811035,0.293701171875,0.85986328125
2001,661,-2.252673625946045,1.0747325420379639,0.9694671034812927,-3.2621912956237793,-0.05770677328109741,-2.3140435218811035,0.293701171875,0.85986328125
2002,660,-2.2477481365203857,1.0391623973846436,0.963270902633667,-3.090590476989746,-0.08010011911392212,-2.538081407546997,0.25830078125,0.85986328125
2003,662,-2.2898552417755127,0.9853928089141846,1.0110008716583252,-2.8625025749206543,-0.1066315770149231,-2.7919046878814697,0.262939453125,0.95263671875
2004,661,-2.252673625946045,1.0747325420379639,0.9694671034812927,-3.2621912956237793,-0.05770677328109741,-2.3140435218811035,0.293701171875,0.85986328125
2005,662,-2.2898552417755127,0.9853928089141846,1.0110008716583252,-2.8625025749206543,-0.1066315770149231,-2.7919046878814697,0.262939453125,0.95263671875
2006,663,-2.29960298538208,1.0256638526916504,1.016952633857727,-2.862502336502075,-0.10663151741027832,-2.7919046878814697,0.296142578125,0.95263671875
2007,664,-2.044084072113037,1.1937918663024902,0.7620477676391602,0.21006840467453003,2.510044574737549,-3.1073431968688965,0.282958984375,0.43896484375
2008,665,-1.9854474067687988,1.1762280464172363,0.7541894912719727,0.3424931764602661,2.523580312728882,-3.084522247314453,0.2646484375,0.267333984375
2009,666,-1.985447883605957,1.1762280464172363,0.7541896104812622,0.3424932360649109,2.523580551147461,-3.084522247314453,0.283203125,0.41357421875
2010,664,-2.044084072113037,1.1937918663024902,0.7620477676391602,0.21006840467453003,2.510044574737549,-3.1073431968688965,0.282958984375,0.43896484375
2011,667,-2.0437135696411133,1.199721336364746,0.7669401168823242,0.19892430305480957,2.5087761878967285,-3.1091012954711914,0.33154296875,0.40625
2012,665,-1.9854474067687988,1.1762280464172363,0.7541894912719727,0.3424931764602661,2.523580312728882,-3.084522247314453,0.2646484375,0.267333984375
2013,668,-2.081744432449341,1.1873993873596191,0.7551597356796265,-1.0862698554992676,2.338998556137085,-3.057635545730591,0.284912109375,0.53857421875
2014,667,-2.0437135696411133,1.199721336364746,0.7669401168823242,0.19892430305480957,2.5087761878967285,-3.1091012954711914,0.33154296875,0.40625
2015,664,-2.044084072113037,1.1937918663024902,0.7620477676391602,0.21006840467453003,2.510044574737549,-3.1073431968688965,0.282958984375,0.43896484375
2016,668,-2.081744432449341,1.1873993873596191,0.7551597356796265,-1.0862698554992676,2.338998556137085,-3.057635545730591,0.284912109375,0.53857421875
2017,669,-2.079423666000366,1.204219102859497,0.768677830696106,-0.7894856333732605,2.40118670463562,-3.1001691818237305,0.336181640625,0.50634765625
2018,667,-2.0437135696411133,1.199721336364746,0.7669401168823242,0.19892430305480957,2.5087761878967285,-3.1091012954711914,0.33154296875,0.40625
2019,670,-2.117964744567871,1.156374454498291,0.750542163848877,-2.2863211631774902,1.4562937021255493,-2.941422939300537,0.28369140625,0.56591796875
2020,669,-2.079423666000366,1.204219102859497,0.768677830696106,-0.7894856333732605,2.40118670463562,-3.1001691818237305,0.336181640625,0.50634765625
2021,668,-2.081744432449341,1.1873993873596191,0.7551597356796265,-1.0862698554992676,2.338998556137085,-3.057635545730591,0.284912109375,0.53857421875
2022,670,-2.117964744567871,1.156374454498291,0.750542163848877,-2.2863211631774902,1.4562937021255493,-2.941422939300537,0.28369140625,0.56591796875
2023,671,-2.1181325912475586,1.1847119331359863,0.7700896859169006,-1.9923810958862305,1.757201075553894,-2.9904332160949707,0.328125,0.56591796875
2024,669,-2.079423666000366,1.204219102859497,0.768677830696106,-0.7894856333732605,2.40118670463562,-3.1001691818237305,0.336181640625,0.50634765625
2025,672,-2.1499667167663574,1.1186251640319824,0.7708591222763062,-2.8042402267456055,0.24738872051239014,-2.8416640758514404,0.282470703125,0.5927734375
2026,671,-2.1181325912475586,1.1847119331359863,0.7700896859169006,-1.9923810958862305,1.757201075553894,-2.9904332160949707,0.328125,0.56591796875
2027,670,-2.117964744567871,1.156374454498291,0.750542163848877,-2.2863211631774902,1.4562937021255493,-2.941422939300537,0.28369140625,0.56591796875
2028,672,-2.1499667167663574,1.1186251640319824,0.7708591222763062,-2.8042402267456055,0.24738872051239014,-2.8416640758514404,0.282470703125,0.5927734375
2029,673,-2.157069683074951,1.152801752090454,0.7834041118621826,-2.7398390769958496,0.5183357000350952,-2.8678619861602783,0.32568359375,0.5927734375
2030,671,-2.1181325912475586,1.1847119331359863,0.7700896859169006,-1.9923810958862305,1.757201075553894,-2.9904332160949707,0.328125,0.56591796875
2031,674,-2.179960250854492,1.085371494293213,0.8139188289642334,-3.0793492794036865,-1.005160927772522,-2.346759557723999,0.281494140625,0.61962890625
2032,673,-2.157069683074951,1.152801752090454,0.7834041118621826,-2.7398390769958496,0.5183357000350952,-2.8678619861602783,0.32568359375,0.5927734375
2033,672,-2.1499667167663574,1.1186251640319824,0.7708591222763062,-2.8042402267456055,0.24738872051239014,-2.8416640758514404,0.282470703125,0.5927734375
2034,674,-2.179960250854492,1.085371494293213,0.8139188289642334,-3.0793492794036865,-1.005160927772522,-2.346759557723999,0.281494140625,0.61962890625
2035,675,-2.1919422149658203,1.1212100982666016,0.8146222233772278,-3.035414695739746,-0.7803308963775635,-2.4854300022125244,0.323486328125,0.61962890625
2036,673,-2.157069683074951,1.152801752090454,0.7834041118621826,-2.7398390769958496,0.5183357000350952,-2.8678619861602783,0.32568359375,0.5927734375
2037,676,-2.2020397186279297,1.0557680130004883,0.8734892010688782,-2.890986204147339,-1.5769294500350952,-2.270576000213623,0.255615234375,0.73095703125
2038,675,-2.1919422149658203,1.1212100982666016,0.8146222233772278,-3.035414695739746,-0.7803308963775635,-2.4854300022125244,0.323486328125,0.61962890625
2039,674,-2.179960250854492,1.085371494293213,0.8139188289642334,-3.0793492794036865,-1.005160927772522,-2.346759557723999,0.281494140625,0.61962890625
2040,676,-2.2020397186279297,1.0557680130004883,0.8734892010688782,-2.890986204147339,-1.5769294500350952,-2.270576000213623,0.255615234375,0.73095703125
2041,677,-2.219423294067383,1.0902276039123535,0.869968056678772,-2.956425905227661,-1.5266971588134766,-2.2200822830200195,0.29638671875,0.73095703125
2042,675,-2.1919422149658203,1.1212100982666016,0.8146222233772278,-3.035414695739746,-0.7803308963775635,-2.4854300022125244,0.323486328125,0.61962890625
2043,677,-2.219423294067383,1.0902276039123535,0.869968056678772,-2.956425905227661,-1.5266971588134766,-2.2200822830200195,0.29638671875,0.73095703125
2044,676,-2.2020397186279297,1.0557680130004883,0.8734892010688782,-2.890986204147339,-1.5769294500350952,-2.270576000213623,0.255615234375,0.73095703125
2045,678,-2.236079454421997,1.026160478591919,0.9345275163650513,-2.639713764190674,-1.7061476707458496,-2.474064588546753,0.25341796875,0.84326171875
2046,677,-2.219423294067383,1.0902276039123535,0.869968056678772,-2.956425905227661,-1.5266971588134766,-2.2200822830200195,0.29638671875,0.73095703125
2047,678,-2.236079454421997,1.026160478591919,0.9345275163650513,-2.639713764190674,-1.7061476707458496,-2.474064588546753,0.25341796875,0.84326171875
2048,679,-2.253643274307251,1.060936450958252,0.9291045665740967,-2.6629714965820312,-1.702008605003357,-2.4518918991088867,0.288818359375,0.84326171875
2049,679,-2.253643274307251,1.060936450958252,0.9291045665740967,-2.6629714965820312,-1.702008605003357,-2.4518918991088867,0.288818359375,0.84326171875
2050,678,-2.236079454421997,1.026160478591919,0.9345275163650513,-2.639713764190674,-1.7061476707458496,-2.474064588546753,0.25341796875,0.84326171875
2051,680,-2.2843892574310303,0.9907138347625732,1.0081632137298584,-2.5815768241882324,-1.715883493423462,-2.5280885696411133,0.252685546875,0.9482421875
2052,679,-2.253643274307251,1.060936450958252,0.9291045665740967,-2.6629714965820312,-1.702008605003357,-2.4518918991088867,0.288818359375,0.84326171875
2053,680,-2.2843892574310303,0.9907138347625732,1.0081632137298584,-2.5815768241882324,-1.715883493423462,-2.5280885696411133,0.252685546875,0.9482421875
2054,681,-2.300414562225342,1.0243523120880127,1.0014516115188599,-2.5815770626068115,-1.7158833742141724,-2.5280885696411133,0.285888671875,0.9482421875
2055,682,-0.783836841583252,0.8899650573730469,1.3599913120269775,1.7493258714675903,-3.368847131729126,1.2612524032592773,0.52197265625,0.8818359375
2056,683,-0.7752909660339355,0.8757424354553223,1.3235197067260742,1.70643949508667,-3.397348403930664,1.2434303760528564,0.529296875,0.8369140625
2057,684,-0.657135009765625,0.9975094795227051,1.3202897310256958,2.650002956390381,-2.5288000106811523,1.6070706844329834,0.34619140625,0.8427734375
2058,685,-0.907928466796875,0.8341944217681885,1.3506660461425781,1.2086577415466309,-3.6679563522338867,1.041765570640564,0.6240234375,0.890625
2059,683,-0.7752909660339355,0.8757424354553223,1.3235197067260742,1.70643949508667,-3.397348403930664,1.2434303760528564,0.529296875,0.8369140625
2060,682,-0.783836841583252,0.8899650573730469,1.3599913120269775,1.7493258714675903,-3.368847131729126,1.2612524032592773,0.52197265625,0.8818359375
2061,685,-0.907928466796875,0.8341944217681885,1.3506660461425781,1.2086577415466309,-3.6679563522338867,1.041765570640564,0.6240234375,0.890625
2062,686,-0.8835058212280273,0.8258664608001709,1.271989107131958,1.1772671937942505,-3.681323289871216,1.0305014848709106,0.63330078125,0.845703125
2063,683,-0.7752909660339355,0.8757424354553223,1.3235197067260742,1.70643949508667,-3.397348403930664,1.2434303760528564,0.529296875,0.8369140625
2064,687,-0.9528512954711914,0.8221957683563232,1.3270375728607178,0.6716047525405884,-3.7799394130706787,1.1229580640792847,0.64111328125,0.890625
2065,686,-0.8835058212280273,0.8258664608001709,1.271989107131958,1.1772671937942505,-3.681323289871216,1.0305014848709106,0.63330078125,0.845703125
2066,685,-0.907928466796875,0.8341944217681885,1.3506660461425781,1.2086577415466309,-3.6679563522338867,1.041765570640564,0.6240234375,0.890625
2067,687,-0.9528512954711914,0.8221957683563232,1.3270375728607178,0.6716047525405884,-3.7799394130706787,1.1229580640792847,0.64111328125,0.890625
2068,688,-0.9291081428527832,0.8010594844818115,1.2403037548065186,0.5448583364486694,-3.7771737575531006,1.1983835697174072,0.646484375,0.845703125
2069,686,-0.8835058212280273,0.8258664608001709,1.271989107131958,1.1772671937942505,-3.681323289871216,1.0305014848709106,0.63330078125,0.845703125
2070,689,-0.9994292259216309,0.8168306350708008,1.3006170988082886,0.1819363832473755,-3.670908212661743,1.5784060955047607,0.65869140625,0.890625
2071,688,-0.9291081428527832,0.8010594844818115,1.2403037548065186,0.5448583364486694,-3.7771737575531006,1.1983835697174072,0.646484375,0.845703125
2072,687,-0.9528512954711914,0.8221957683563232,1.3270375728607178,0.6716047525405884,-3.7799394130706787,1.1229580640792847,0.64111328125,0.890625
2073,689,-0.9994292259216309,0.8168306350708008,1.3006170988082886,0.1819363832473755,-3.670908212661743,1.5784060955047607,0.65869140625,0.890625
2074,690,-0.97991943359375,0.7798550128936768,1.2141220569610596,0.15506088733673096,-3.6492574214935303,1.6306164264678955,0.6591796875,0.845703125
2075,688,-0.9291081428527832,0.8010594844818115,1.2403037548065186,0.5448583364486694,-3.7771737575531006,1.1983835697174072,0.646484375,0.845703125
2076,691,-1.0579257011413574,0.8153657913208008,1.286865472793579,0.06925618648529053,-3.4786438941955566,1.9733918905258179,0.67626953125,0.890625
2077,690,-0.97991943359375,0.7798550128936768,1.2141220569610596,0.15506088733673096,-3.6492574214935303,1.6306164264678955,0.6591796875,0.845703125
2078,689,-0.9994292259216309,0.8168306350708008,1.3006170988082886,0.1819363832473755,-3.670908212661743,1.5784060955047607,0.65869140625,0.890625
2079,691,-1.0579257011413574,0.8153657913208008,1.286865472793579,0.06925618648529053,-3.4786438941955566,1.9733918905258179,0.67626953125,0.890625
2080,692,-1.0498027801513672,0.7668502330780029,1.2037172317504883,0.06913399696350098,-3.4802069664001465,1.9706385135650635,0.67236328125,0.845703125
2081,690,-0.97991943359375,0.7798550128936768,1.2141220569610596,0.15506088733673096,-3.6492574214935303,1.6306164264678955,0.6591796875,0.845703125
2082,693,-1.1181597709655762,0.8191328048706055,1.289164423942566,0.11643338203430176,-3.340553045272827,2.197085380554199,0.69384765625,0.890625
2083,692,-1.0498027801513672,0.7668502330780029,1.2037172317504883,0.06913399696350098,-3.4802069664001465,1.9706385135650635,0.67236328125,0.845703125
2084,691,-1.0579257011413574,0.8153657913208008,1.286865472793579,0.06925618648529053,-3.4786438941955566,1.9733918905258179,0.67626953125,0.890625
2085,693,-1.1181597709655762,0.8191328048706055,1.289164423942566,0.11643338203430176,-3.340553045272827,2.197085380554199,0.69384765625,0.890625
2086,694,-1.1226320266723633,0.7661237716674805,1.2110097408294678,0.10979235172271729,-3.3478407859802246,2.186307907104492,0.68603515625,0.845703125
2087,692,-1.0498027801513672,0.7668502330780029,1.2037172317504883,0.06913399696350098,-3.4802069664001465,1.9706385135650635,0.67236328125,0.845703125
2088,695,-1.183854103088379,0.8295814990997314,1.3084043264389038,0.12630510330200195,-3.308455228805542,2.244595766067505,0.716796875,0.890625
2089,694,-1.1226320266723633,0.7661237716674805,1.2110097408294678,0.10979235172271729,-3.3478407859802246,2.186307907104492,0.68603515625,0.845703125
2090,693,-1.1181597709655762,0.8191328048706055,1.289164423942566,0.11643338203430176,-3.340553045272827,2.197085380554199,0.69384765625,0.890625
2091,695,-1.183854103088379,0.8295814990997314,1.3084043264389038,0.12630510330200195,-3.308455228805542,2.244595766067505,0.716796875,0.890625
2092,696,-1.2011218070983887,0.7777988910675049,1.2337737083435059,0.1309373378753662,-3.3079583644866943,2.2450613975524902,0.70556640625,0.845703125
2093,694,-1.1226320266723633,0.7661237716674805,1.2110097408294678,0.10979235172271729,-3.3478407859802246,2.186307907104492,0.68603515625,0.845703125
2094,697,-1.2574052810668945,0.8499276638031006,1.343024730682373,0.1465042233467102,-3.276700496673584,2.289499044418335,0.73974609375,0.890625
2095,696,-1.2011218070983887,0.7777988910675049,1.2337737083435059,0.1309373378753662,-3.3079583644866943,2.2450613975524902,0.70556640625,0.845703125
2096,695,-1.183854103088379,0.8295814990997314,1.3084043264389038,0.12630510330200195,-3.308455228805542,2.244595766067505,0.716796875,0.890625
2097,697,-1.2574052810668945,0.8499276638031006,1.343024730682373,0.1465042233467102,-3.276700496673584,2.289499044418335,0.73974609375,0.890625
2098,698,-1.2862317562103271,0.8003456592559814,1.2704017162322998,0.1398499608039856,-3.2832770347595215,2.2804758548736572,0.7255859375,0.845703125
2099,696,-1.2011218070983887,0.7777988910675049,1.2337737083435059,0.1309373378753662,-3.3079583644866943,2.2450613975524902,0.70556640625,0.845703125
2100,699,-1.3480503559112549,0.8809027671813965,1.388026475906372,0.32041531801223755,-3.0785470008850098,2.5337562561035156,0.78466796875,0.890625
2101,698,-1.2862317562103271,0.8003456592559814,1.2704017162322998,0.1398499608039856,-3.2832770347595215,2.2804758548736572,0.7255859375,0.845703125
2102,697,-1.2574052810668945,0.8499276638031006,1.343024730682373,0.1465042233467102,-3.276700496673584,2.289499044418335,0.73974609375,0.890625
2103,699,-1.3480503559112549,0.8809027671813965,1.388026475906372,0.32041531801223755,-3.0785470008850098,2.5337562561035156,0.78466796875,0.890625
2104,700,-1.385899543762207,0.8282599449157715,1.3218721151351929,0.32295989990234375,-3.0754122734069824,2.5372366905212402,0.7734375,0.845703125
2105,698,-1.2862317562103271,0.8003456592559814,1.2704017162322998,0.1398499608039856,-3.2832770347595215,2.2804758548736572,0.7255859375,0.845703125
2106,701,-1.4842462539672852,0.901503324508667,1.4164578914642334,0.5185805559158325,-2.718287229537964,2.888256788253784,0.81689453125,0.890625
2107,700,-1.385899543762207,0.8282599449157715,1.3218721151351929,0.32295989990234375,-3.0754122734069824,2.5372366905212402,0.7734375,0.845703125
2108,699,-1.3480503559112549,0.8809027671813965,1.388026475906372,0.32041531801223755,-3.0785470008850098,2.5337562561035156,0.78466796875,0.890625
2109,701,-1.4842462539672852,0.901503324508667,1.4164578914642334,0.5185805559158325,-2.718287229537964,2.888256788253784,0.81689453125,0.890625
2110,702,-1.4907474517822266,0.8332555294036865,1.3615825176239014,0.519661545753479,-2.714747428894043,2.8913893699645996,0.8134765625,0.845703125
2111,700,-1.385899543762207,0.8282599449157715,1.3218721151351929,0.32295989990234375,-3.0754122734069824,2.5372366905212402,0.7734375,0.845703125
2112,703,-1.5611481666564941,0.8864820003509521,1.4152445793151855,0.7572863698005676,-2.2677698135375977,3.206831693649292,0.83740234375,0.890625
2113,702,-1.4907474517822266,0.8332555294036865,1.3615825176239014,0.519661545753479,-2.714747428894043,2.8913893699645996,0.8134765625,0.845703125
2114,701,-1.4842462539672852,0.901503324508667,1.4164578914642334,0.5185805559158325,-2.718287229537964,2.888256788253784,0.81689453125,0.890625
2115,703,-1.5611481666564941,0.8864820003509521,1.4152445793151855,0.7572863698005676,-2.2677698135375977,3.206831693649292,0.83740234375,0.890625
2116,704,-1.5653612613677979,0.8182477951049805,1.3697699308395386,0.7788755893707275,-2.2512784004211426,3.2132744789123535,0.8388671875,0.845703125
2117,702,-1.4907474517822266,0.8332555294036865,1.3615825176239014,0.519661545753479,-2.714747428894043,2.8913893699645996,0.8134765625,0.845703125
2118,705,-1.7789862155914307,0.8277497291564941,1.4312142133712769,0.8300830721855164,-2.2116055488586426,3.227971315383911,0.8623046875,0.890625
2119,704,-1.5653612613677979,0.8182477951049805,1.3697699308395386,0.7788755893707275,-2.2512784004211426,3.2132744789123535,0.8388671875,0.845703125
2120,703,-1.5611481666564941,0.8864820003509521,1.4152445793151855,0.7572863698005676,-2.2677698135375977,3.206831693649292,0.83740234375,0.890625
2121,705,-1.7789862155914307,0.8277497291564941,1.4312142133712769,0.8300830721855164,-2.2116055488586426,3.227971315383911,0.8623046875,0.890625
2122,706,-1.7817511558532715,0.7711410522460938,1.3929494619369507,0.8300827741622925,-2.2116050720214844,3.227971076965332,0.86376953125,0.845703125
2123,704,-1.5653612613677979,0.8182477951049805,1.3697699308395386,0.7788755893707275,-2.2512784004211426,3.2132744789123535,0.8388671875,0.845703125
2124,707,-0.846684455871582,0.9068126678466797,1.3203775882720947,1.7380694150924683,-3.0917694568634033,1.8493527173995972,0.09979248046875,0.4609375
2125,708,-0.8542494773864746,0.8805465698242188,1.2855792045593262,1.67279052734375,-3.127915859222412,1.8487688302993774,0.1436767578125,0.4609375
2126,709,-0.6653554439544678,0.9887762069702148,1.2667555809020996,1.900485873222351,-2.995537281036377,1.8479557037353516,0.1483154296875,0.259765625
2127,710,-0.9382343292236328,0.8709845542907715,1.3398857116699219,1.2717974185943604,-3.3081929683685303,1.8542985916137695,0.10015869140625,0.53662109375
2128,708,-0.8542494773864746,0.8805465698242188,1.2855792045593262,1.67279052734375,-3.127915859222412,1.8487688302993774,0.1436767578125,0.4609375
2129,707,-0.846684455871582,0.9068126678466797,1.3203775882720947,1.7380694150924683,-3.0917694568634033,1.8493527173995972,0.09979248046875,0.4609375
2130,710,-0.9382343292236328,0.8709845542907715,1.3398857116699219,1.2717974185943604,-3.3081929683685303,1.8542985916137695,0.10015869140625,0.53662109375
2131,711,-0.9467124938964844,0.8367912769317627,1.2837889194488525,1.1942803859710693,-3.3367981910705566,1.854590892791748,0.14404296875,0.53662109375
2132,708,-0.8542494773864746,0.8805465698242188,1.2855792045593262,1.67279052734375,-3.127915859222412,1.8487688302993774,0.1436767578125,0.4609375
2133,712,-1.0201725959777832,0.8539562225341797,1.3539100885391235,0.8835610747337341,-3.4309449195861816,1.8568713665008545,0.10028076171875,0.55908203125
2134,711,-0.9467124938964844,0.8367912769317627,1.2837889194488525,1.1942803859710693,-3.3367981910705566,1.854590892791748,0.14404296875,0.53662109375
2135,710,-0.9382343292236328,0.8709845542907715,1.3398857116699219,1.2717974185943604,-3.3081929683685303,1.8542985916137695,0.10015869140625,0.53662109375
2136,712,-1.0201725959777832,0.8539562225341797,1.3539100885391235,0.8835610747337341,-3.4309449195861816,1.8568713665008545,0.10028076171875,0.55908203125
2137,713,-1.0268311500549316,0.8166203498840332,1.2861448526382446,0.8833210468292236,-3.4309983253479004,1.856886625289917,0.144287109375,0.55908203125
2138,711,-0.9467124938964844,0.8367912769317627,1.2837889194488525,1.1942803859710693,-3.3367981910705566,1.854590892791748,0.14404296875,0.53662109375
2139,714,-1.0910911560058594,0.8501021862030029,1.3757950067520142,0.7023979425430298,-3.4242782592773438,1.9444758892059326,0.10040283203125,0.58203125
2140,713,-1.0268311500549316,0.8166203498840332,1.2861448526382446,0.8833210468292236,-3.4309983253479004,1.856886625289917,0.144287109375,0.55908203125
2141,712,-1.0201725959777832,0.8539562225341797,1.3539100885391235,0.8835610747337341,-3.4309449195861816,1.8568713665008545,0.10028076171875,0.55908203125
2142,714,-1.0910911560058594,0.8501021862030029,1.3757950067520142,0.7023979425430298,-3.4242782592773438,1.9444758892059326,0.10040283203125,0.58203125
2143,715,-1.094703197479248,0.8089118003845215,1.3024953603744507,0.7310811281204224,-3.4318339824676514,1.9204342365264893,0.1444091796875,0.58203125
2144,713,-1.0268311500549316,0.8166203498840332,1.2861448526382446,0.8833210468292236,-3.4309983253479004,1.856886625289917,0.144287109375,0.55908203125
2145,716,-1.153435230255127,0.8586030006408691,1.4052225351333618,-0.45727241039276123,-3.3121867179870605,2.1955316066741943,0.10052490234375,0.60205078125
2146,715,-1.094703197479248,0.8089118003845215,1.3024953603744507,0.7310811281204224,-3.4318339824676514,1.9204342365264893,0.1444091796875,0.58203125
2147,714,-1.0910911560058594,0.8501021862030029,1.3757950067520142,0.7023979425430298,-3.4242782592773438,1.9444758892059326,0.10040283203125,0.58203125
2148,716,-1.153435230255127,0.8586030006408691,1.4052225351333618,-0.45727241039276123,-3.3121867179870605,2.1955316066741943,0.10052490234375,0.60205078125
2149,717,-1.153822898864746,0.811284065246582,1.329573392868042,0.017344236373901367,-3.3840246200561523,2.132629632949829,0.1444091796875,0.60205078125
2150,715,-1.094703197479248,0.8089118003845215,1.3024953603744507,0.7310811281204224,-3.4318339824676514,1.9204342365264893,0.1444091796875,0.58203125
2151,718,-1.2301645278930664,0.9079716205596924,1.4384315013885498,-0.9710646271705627,-3.027646541595459,2.42702054977417,0.10064697265625,0.6220703125
2152,717,-1.153822898864746,0.811284065246582,1.329573392868042,0.017344236373901367,-3.3840246200561523,2.132629632949829,0.1444091796875,0.60205078125
2153,716,-1.153435230255127,0.8586030006408691,1.4052225351333618,-0.45727241039276123,-3.3121867179870605,2.1955316066741943,0.10052490234375,0.60205078125
2154,718,-1.2301645278930664,0.9079716205596924,1.4384315013885498,-0.9710646271705627,-3.027646541595459,2.42702054977417,0.10064697265625,0.6220703125
2155,719,-1.2260017395019531,0.8481974601745605,1.3613593578338623,-0.9250808358192444,-3.1254477500915527,2.31858491897583,0.14453125,0.6220703125
2156,717,-1.153822898864746,0.811284065246582,1.329573392868042,0.017344236373901367,-3.3840246200561523,2.132629632949829,0.1444091796875,0.60205078125
2157,720,-1.3090901374816895,0.9613392353057861,1.4616758823394775,-0.2499975562095642,-2.7510788440704346,2.8929409980773926,0.1009521484375,0.68505859375
2158,719,-1.2260017395019531,0.8481974601745605,1.3613593578338623,-0.9250808358192444,-3.1254477500915527,2.31858491897583,0.14453125,0.6220703125
2159,718,-1.2301645278930664,0.9079716205596924,1.4384315013885498,-0.9710646271705627,-3.027646541595459,2.42702054977417,0.10064697265625,0.6220703125
2160,720,-1.3090901374816895,0.9613392353057861,1.4616758823394775,-0.2499975562095642,-2.7510788440704346,2.8929409980773926,0.1009521484375,0.68505859375
2161,721,-1.299896478652954,0.8882935047149658,1.3872390985488892,-0.5693092346191406,-2.8533005714416504,2.7449231147766113,0.1448974609375,0.68505859375
2162,719,-1.2260017395019531,0.8481974601745605,1.3613593578338623,-0.9250808358192444,-3.1254477500915527,2.31858491897583,0.14453125,0.6220703125
2163,722,-1.4216365814208984,0.9893765449523926,1.4770548343658447,0.22870075702667236,-2.4395956993103027,3.1616618633270264,0.10107421875,0.70751953125
2164,721,-1.299896478652954,0.8882935047149658,1.3872390985488892,-0.5693092346191406,-2.8533005714416504,2.7449231147766113,0.1448974609375,0.68505859375
2165,720,-1.3090901374816895,0.9613392353057861,1.4616758823394775,-0.2499975562095642,-2.7510788440704346,2.8929409980773926,0.1009521484375,0.68505859375
2166,722,-1.4216365814208984,0.9893765449523926,1.4770548343658447,0.22870075702667236,-2.4395956993103027,3.1616618633270264,0.10107421875,0.70751953125
2167,723,-1.3959527015686035,0.9022772312164307,1.4094630479812622,0.15774261951446533,-2.509685516357422,3.1107280254364014,0.14501953125,0.70751953125
2168,721,-1.299896478652954,0.8882935047149658,1.3872390985488892,-0.5693092346191406,-2.8533005714416504,2.7449231147766113,0.1448974609375,0.68505859375
2169,724,-1.5118043422698975,0.9781494140625,1.4760743379592896,0.42766571044921875,-2.1985931396484375,3.31411075592041,0.101318359375,0.75146484375
2170,723,-1.3959527015686035,0.9022772312164307,1.4094630479812622,0.15774261951446533,-2.509685516357422,3.1107280254364014,0.14501953125,0.70751953125
2171,722,-1.4216365814208984,0.9893765449523926,1.4770548343658447,0.22870075702667236,-2.4395956993103027,3.1616618633270264,0.10107421875,0.70751953125
2172,724,-1.5118043422698975,0.9781494140625,1.4760743379592896,0.42766571044921875,-2.1985931396484375,3.31411075592041,0.101318359375,0.75146484375
2173,725,-1.4876670837402344,0.8847777843475342,1.4109318256378174,0.4292569160461426,-2.195911407470703,3.3156816959381104,0.145263671875,0.75146484375
2174,723,-1.3959527015686035,0.9022772312164307,1.4094630479812622,0.15774261951446533,-2.509685516357422,3.1107280254364014,0.14501953125,0.70751953125
2175,726,-1.6156296730041504,0.9471232891082764,1.468358039855957,0.6696941256523132,-1.9307142496109009,3.4385886192321777,0.10150146484375,0.79443359375
2176,725,-1.4876670837402344,0.8847777843475342,1.4109318256378174,0.4292569160461426,-2.195911407470703,3.3156816959381104,0.145263671875,0.75146484375
2177,724,-1.5118043422698975,0.9781494140625,1.4760743379592896,0.42766571044921875,-2.1985931396484375,3.31411075592041,0.101318359375,0.75146484375
2178,726,-1.6156296730041504,0.9471232891082764,1.468358039855957,0.6696941256523132,-1.9307142496109009,3.4385886192321777,0.10150146484375,0.79443359375
2179,727,-1.5858230590820312,0.8399252891540527,1.399000644683838,0.6849223375320435,-1.9153015613555908,3.4442028999328613,0.1453857421875,0.79443359375
2180,725,-1.4876670837402344,0.8847777843475342,1.4109318256378174,0.4292569160461426,-2.195911407470703,3.3156816959381104,0.145263671875,0.75146484375
2181,727,-1.5858230590820312,0.8399252891540527,1.399000644683838,0.6849223375320435,-1.9153015613555908,3.4442028999328613,0.1453857421875,0.79443359375
2182,726,-1.6156296730041504,0.9471232891082764,1.468358039855957,0.6696941256523132,-1.9307142496109009,3.4385886192321777,0.10150146484375,0.79443359375
2183,728,-1.7380189895629883,0.9130513668060303,1.4721662998199463,0.7264280319213867,-1.6376999616622925,3.576349973678589,0.10162353515625,0.83544921875
2184,727,-1.5858230590820312,0.8399252891540527,1.399000644683838,0.6849223375320435,-1.9153015613555908,3.4442028999328613,0.1453857421875,0.79443359375
2185,728,-1.7380189895629883,0.9130513668060303,1.4721662998199463,0.7264280319213867,-1.6376999616622925,3.576349973678589,0.10162353515625,0.83544921875
2186,729,-1.6922752857208252,0.7983059883117676,1.4116723537445068,0.7403956651687622,-1.653734564781189,3.5660922527313232,0.1456298828125,0.83544921875
2187,729,-1.6922752857208252,0.7983059883117676,1.4116723537445068,0.7403956651687622,-1.653734564781189,3.5660922527313232,0.1456298828125,0.83544921875
2188,728,-1.7380189895629883,0.9130513668060303,1.4721662998199463,0.7264280319213867,-1.6376999616622925,3.576349973678589,0.10162353515625,0.83544921875
2189,730,-1.866079330444336,0.8804230690002441,1.4768953323364258,0.43111300468444824,-1.2421956062316895,3.777714729309082,0.10174560546875,0.888671875
2190,729,-1.6922752857208252,0.7983059883117676,1.4116723537445068,0.7403956651687622,-1.653734564781189,3.5660922527313232,0.1456298828125,0.83544921875
2191,730,-1.866079330444336,0.8804230690002441,1.4768953323364258,0.43111300468444824,-1.2421956062316895,3.777714729309082,0.10174560546875,0.888671875
2192,731,-1.8107411861419678,0.7669095993041992,1.4232012033462524,0.4774724543094635,-1.308383584022522,3.7496914863586426,0.1456298828125,0.888671875
2193,732,-2.0237410068511963,0.8453042507171631,1.4598643779754639,0.28417468070983887,-1.0305453538894653,3.8545114994049072,0.10174560546875,0.95654296875
2194,731,-1.8107411861419678,0.7669095993041992,1.4232012033462524,0.4774724543094635,-1.308383584022522,3.7496914863586426,0.1456298828125,0.888671875
2195,730,-1.866079330444336,0.8804230690002441,1.4768953323364258,0.43111300468444824,-1.2421956062316895,3.777714729309082,0.10174560546875,0.888671875
2196,732,-2.0237410068511963,0.8453042507171631,1.4598643779754639,0.28417468070983887,-1.0305453538894653,3.8545114994049072,0.10174560546875,0.95654296875
2197,733,-1.9398703575134277,0.7313430309295654,1.4424775838851929,0.28417468070983887,-1.0305453538894653,3.8545114994049072,0.145751953125,0.95654296875
2198,731,-1.8107411861419678,0.7669095993041992,1.4232012033462524,0.4774724543094635,-1.308383584022522,3.7496914863586426,0.1456298828125,0.888671875
2199,734,-1.3411874771118164,1.1477580070495605,1.4274632930755615,-1.3411191701889038,1.9607651233673096,3.2182021141052246,0.1143798828125,0.41357421875
2200,735,-1.3305668830871582,1.137357234954834,1.4394593238830566,-1.4937235116958618,1.7330965995788574,3.2810351848602295,0.1646728515625,0.427490234375
2201,736,-1.3082003593444824,1.2070143222808838,1.3878424167633057,-0.9161191582679749,2.5037622451782227,2.981934070587158,0.1776123046875,0.273193359375
2202,737,-1.3789525032043457,1.0721814632415771,1.4485533237457275,-1.837578296661377,1.0276304483413696,3.4010744094848633,0.1068115234375,0.55859375
2203,735,-1.3305668830871582,1.137357234954834,1.4394593238830566,-1.4937235116958618,1.7330965995788574,3.2810351848602295,0.1646728515625,0.427490234375
2204,734,-1.3411874771118164,1.1477580070495605,1.4274632930755615,-1.3411191701889038,1.9607651233673096,3.2182021141052246,0.1143798828125,0.41357421875
2205,737,-1.3789525032043457,1.0721814632415771,1.4485533237457275,-1.837578296661377,1.0276304483413696,3.4010744094848633,0.1068115234375,0.55859375
2206,738,-1.3587346076965332,1.0548617839813232,1.4647495746612549,-1.987241506576538,0.6306381225585938,3.4136769771575928,0.1571044921875,0.56591796875
2207,735,-1.3305668830871582,1.137357234954834,1.4394593238830566,-1.4937235116958618,1.7330965995788574,3.2810351848602295,0.1646728515625,0.427490234375
2208,739,-1.3941373825073242,1.013838768005371,1.4432392120361328,-1.7172939777374268,-0.13899624347686768,3.6099321842193604,0.1068115234375,0.61865234375
2209,738,-1.3587346076965332,1.0548617839813232,1.4647495746612549,-1.987241506576538,0.6306381225585938,3.4136769771575928,0.1571044921875,0.56591796875
2210,737,-1.3789525032043457,1.0721814632415771,1.4485533237457275,-1.837578296661377,1.0276304483413696,3.4010744094848633,0.1068115234375,0.55859375
2211,739,-1.3941373825073242,1.013838768005371,1.4432392120361328,-1.7172939777374268,-0.13899624347686768,3.6099321842193604,0.1068115234375,0.61865234375
2212,740,-1.3654823303222656,0.9880862236022949,1.4593966007232666,-1.5612757205963135,-0.2166668176651001,3.6763439178466797,0.1571044921875,0.61767578125
2213,738,-1.3587346076965332,1.0548617839813232,1.4647495746612549,-1.987241506576538,0.6306381225585938,3.4136769771575928,0.1571044921875,0.56591796875
2214,741,-1.4316902160644531,0.95829176902771,1.4352247714996338,-0.5997484922409058,-1.0480982065200806,3.8133742809295654,0.1068115234375,0.66455078125
2215,740,-1.3654823303222656,0.9880862236022949,1.4593966007232666,-1.5612757205963135,-0.2166668176651001,3.6763439178466797,0.1571044921875,0.61767578125
2216,739,-1.3941373825073242,1.013838768005371,1.4432392120361328,-1.7172939777374268,-0.13899624347686768,3.6099321842193604,0.1068115234375,0.61865234375
2217,741,-1.4316902160644531,0.95829176902771,1.4352247714996338,-0.5997484922409058,-1.0480982065200806,3.8133742809295654,0.1068115234375,0.66455078125
2218,742,-1.4006052017211914,0.9374845027923584,1.4334604740142822,-0.680233895778656,-0.9655820727348328,3.8216445446014404,0.1571044921875,0.6591796875
2219,740,-1.3654823303222656,0.9880862236022949,1.4593966007232666,-1.5612757205963135,-0.2166668176651001,3.6763439178466797,0.1571044921875,0.61767578125
2220,743,-1.4803953170776367,0.9143331050872803,1.422468662261963,0.26879364252090454,-1.9553320407867432,3.479146957397461,0.1068115234375,0.70068359375
2221,742,-1.4006052017211914,0.9374845027923584,1.4334604740142822,-0.680233895778656,-0.9655820727348328,3.8216445446014404,0.1571044921875,0.6591796875
2222,741,-1.4316902160644531,0.95829176902771,1.4352247714996338,-0.5997484922409058,-1.0480982065200806,3.8133742809295654,0.1068115234375,0.66455078125
2223,743,-1.4803953170776367,0.9143331050872803,1.422468662261963,0.26879364252090454,-1.9553320407867432,3.479146957397461,0.1068115234375,0.70068359375
2224,744,-1.4479751586914062,0.8936789035797119,1.4072864055633545,0.19848862290382385,-1.8740832805633545,3.528235912322998,0.1571044921875,0.69775390625
2225,742,-1.4006052017211914,0.9374845027923584,1.4334604740142822,-0.680233895778656,-0.9655820727348328,3.8216445446014404,0.1571044921875,0.6591796875
2226,745,-1.5546345710754395,0.8775951862335205,1.410468339920044,0.6611437797546387,-1.8846207857131958,3.465707302093506,0.1068115234375,0.74462890625
2227,744,-1.4479751586914062,0.8936789035797119,1.4072864055633545,0.19848862290382385,-1.8740832805633545,3.528235912322998,0.1571044921875,0.69775390625
2228,743,-1.4803953170776367,0.9143331050872803,1.422468662261963,0.26879364252090454,-1.9553320407867432,3.479146957397461,0.1068115234375,0.70068359375
2229,745,-1.5546345710754395,0.8775951862335205,1.410468339920044,0.6611437797546387,-1.8846207857131958,3.465707302093506,0.1068115234375,0.74462890625
2230,746,-1.5181446075439453,0.8497939109802246,1.3863787651062012,0.5924259424209595,-1.9557878971099854,3.4385979175567627,0.1571044921875,0.74267578125
2231,744,-1.4479751586914062,0.8936789035797119,1.4072864055633545,0.19848862290382385,-1.8740832805633545,3.528235912322998,0.1571044921875,0.69775390625
2232,747,-1.6531574726104736,0.8532543182373047,1.4168977737426758,0.7569162845611572,-1.8501121997833252,3.464707136154175,0.1068115234375,0.7880859375
2233,746,-1.5181446075439453,0.8497939109802246,1.3863787651062012,0.5924259424209595,-1.9557878971099854,3.4385979175567627,0.1571044921875,0.74267578125
2234,745,-1.5546345710754395,0.8775951862335205,1.410468339920044,0.6611437797546387,-1.8846207857131958,3.465707302093506,0.1068115234375,0.74462890625
2235,747,-1.6531574726104736,0.8532543182373047,1.4168977737426758,0.7569162845611572,-1.8501121997833252,3.464707136154175,0.1068115234375,0.7880859375
2236,748,-1.6087102890014648,0.8008847236633301,1.3825581073760986,0.7530938982963562,-1.8340271711349487,3.474079132080078,0.1571044921875,0.78125
2237,746,-1.5181446075439453,0.8497939109802246,1.3863787651062012,0.5924259424209595,-1.9557878971099854,3.4385979175567627,0.1571044921875,0.74267578125
2238,749,-1.7758190631866455,0.8178341388702393,1.4286000728607178,0.7959982752799988,-1.864758014678955,3.4480574131011963,0.1068115234375,0.83740234375
2239,748,-1.6087102890014648,0.8008847236633301,1.3825581073760986,0.7530938982963562,-1.8340271711349487,3.474079132080078,0.1571044921875,0.78125
2240,747,-1.6531574726104736,0.8532543182373047,1.4168977737426758,0.7569162845611572,-1.8501121997833252,3.464707136154175,0.1068115234375,0.7880859375
2241,749,-1.7758190631866455,0.8178341388702393,1.4286000728607178,0.7959982752799988,-1.864758014678955,3.4480574131011963,0.1068115234375,0.83740234375
2242,750,-1.7260677814483643,0.7661151885986328,1.3857855796813965,0.7800661325454712,-1.8672679662704468,3.4503393173217773,0.1571044921875,0.818359375
2243,748,-1.6087102890014648,0.8008847236633301,1.3825581073760986,0.7530938982963562,-1.8340271711349487,3.474079132080078,0.1571044921875,0.78125
2244,751,-1.8988699913024902,0.7879934310913086,1.4384633302688599,0.6241937875747681,-1.6774446964263916,3.577232599258423,0.1068115234375,0.90771484375
2245,750,-1.7260677814483643,0.7661151885986328,1.3857855796813965,0.7800661325454712,-1.8672679662704468,3.4503393173217773,0.1571044921875,0.818359375
2246,749,-1.7758190631866455,0.8178341388702393,1.4286000728607178,0.7959982752799988,-1.864758014678955,3.4480574131011963,0.1068115234375,0.83740234375
2247,751,-1.8988699913024902,0.7879934310913086,1.4384633302688599,0.6241937875747681,-1.6774446964263916,3.577232599258423,0.1068115234375,0.90771484375
2248,752,-1.844383716583252,0.7358946800231934,1.4005320072174072,0.7275756001472473,-1.778282642364502,3.5083296298980713,0.1571044921875,0.8740234375
2249,750,-1.7260677814483643,0.7661151885986328,1.3857855796813965,0.7800661325454712,-1.8672679662704468,3.4503393173217773,0.1571044921875,0.818359375
2250,753,-2.019613027572632,0.7716093063354492,1.4411861896514893,0.5227949619293213,-1.5769035816192627,3.6386940479278564,0.1068115234375,0.98193359375
2251,752,-1.844383716583252,0.7358946800231934,1.4005320072174072,0.7275756001472473,-1.778282642364502,3.5083296298980713,0.1571044921875,0.8740234375
2252,751,-1.8988699913024902,0.7879934310913086,1.4384633302688599,0.6241937875747681,-1.6774446964263916,3.577232599258423,0.1068115234375,0.90771484375
2253,753,-2.019613027572632,0.7716093063354492,1.4411861896514893,0.5227949619293213,-1.5769035816192627,3.6386940479278564,0.1068115234375,0.98193359375
2254,754,-1.9426321983337402,0.7118368148803711,1.4117470979690552,0.5227949023246765,-1.5769035816192627,3.6386938095092773,0.1571044921875,0.9365234375
2255,752,-1.844383716583252,0.7358946800231934,1.4005320072174072,0.7275756001472473,-1.778282642364502,3.5083296298980713,0.1571044921875,0.8740234375
2256,755,-1.6533310413360596,1.286036729812622,1.3298366069793701,0.6219269037246704,-2.907698154449463,2.6755435466766357,0.4287109375,0.89794921875
2257,756,-1.6555531024932861,1.2807271480560303,1.320947527885437,0.9569095969200134,-2.6511073112487793,2.8383069038391113,0.4287109375,0.84423828125
2258,757,-1.5946519374847412,1.2924470901489258,1.347965955734253,-0.27720069885253906,-3.3947978019714355,2.097271203994751,0.36181640625,0.87109375
2259,758,-1.7036738395690918,1.2703919410705566,1.3308385610580444,2.202714443206787,-1.1619435548782349,3.130169630050659,0.477783203125,0.89794921875
2260,756,-1.6555531024932861,1.2807271480560303,1.320947527885437,0.9569095969200134,-2.6511073112487793,2.8383069038391113,0.4287109375,0.84423828125
2261,755,-1.6533310413360596,1.286036729812622,1.3298366069793701,0.6219269037246704,-2.907698154449463,2.6755435466766357,0.4287109375,0.89794921875
2262,758,-1.7036738395690918,1.2703919410705566,1.3308385610580444,2.202714443206787,-1.1619435548782349,3.130169630050659,0.477783203125,0.89794921875
2263,759,-1.7014446258544922,1.2513561248779297,1.3188514709472656,2.3886728286743164,-0.8291863203048706,3.099470615386963,0.477783203125,0.84423828125
2264,756,-1.6555531024932861,1.2807271480560303,1.320947527885437,0.9569095969200134,-2.6511073112487793,2.8383069038391113,0.4287109375,0.84423828125
2265,760,-1.7418646812438965,1.2450249195098877,1.3537781238555908,2.925792932510376,0.6980295777320862,2.6367623805999756,0.53271484375,0.89794921875
2266,759,-1.7014446258544922,1.2513561248779297,1.3188514709472656,2.3886728286743164,-0.8291863203048706,3.099470615386963,0.477783203125,0.84423828125
2267,758,-1.7036738395690918,1.2703919410705566,1.3308385610580444,2.202714443206787,-1.1619435548782349,3.130169630050659,0.477783203125,0.89794921875
2268,760,-1.7418646812438965,1.2450249195098877,1.3537781238555908,2.925792932510376,0.6980295777320862,2.6367623805999756,0.53271484375,0.89794921875
2269,761,-1.7269861698150635,1.2060768604278564,1.344982624053955,2.976167917251587,1.034949779510498,2.4640069007873535,0.53271484375,0.84423828125
2270,759,-1.7014446258544922,1.2513561248779297,1.3188514709472656,2.3886728286743164,-0.8291863203048706,3.099470615386963,0.477783203125,0.84423828125
2271,761,-1.7269861698150635,1.2060768604278564,1.344982624053955,2.976167917251587,1.034949779510498,2.4640069007873535,0.53271484375,0.84423828125
2272,760,-1.7418646812438965,1.2450249195098877,1.3537781238555908,2.925792932510376,0.6980295777320862,2.6367623805999756,0.53271484375,0.89794921875
2273,762,-1.7639906406402588,1.2102761268615723,1.3914986848831177,2.8449974060058594,1.682066559791565,2.2531468868255615,0.56298828125,0.89794921875
2274,761,-1.7269861698150635,1.2060768604278564,1.344982624053955,2.976167917251587,1.034949779510498,2.4640069007873535,0.53271484375,0.84423828125
2275,762,-1.7639906406402588,1.2102761268615723,1.3914986848831177,2.8449974060058594,1.682066559791565,2.2531468868255615,0.56298828125,0.89794921875
2276,763,-1.727276086807251,1.1510519981384277,1.391437292098999,2.7328405380249023,1.8769125938415527,2.2380363941192627,0.56298828125,0.84423828125
2277,764,-1.7802677154541016,1.1734628677368164,1.4342623949050903,2.356384038925171,2.0591015815734863,2.4915027618408203,0.59423828125,0.89794921875
2278,763,-1.727276086807251,1.1510519981384277,1.391437292098999,2.7328405380249023,1.8769125938415527,2.2380363941192627,0.56298828125,0.84423828125
2279,762,-1.7639906406402588,1.2102761268615723,1.3914986848831177,2.8449974060058594,1.682066559791565,2.2531468868255615,0.56298828125,0.89794921875
2280,764,-1.7802677154541016,1.1734628677368164,1.4342623949050903,2.356384038925171,2.0591015815734863,2.4915027618408203,0.59423828125,0.89794921875
2281,765,-1.730210781097412,1.1042406558990479,1.4472589492797852,2.153183698654175,2.0786027908325195,2.6539103984832764,0.59423828125,0.84423828125
2282,763,-1.727276086807251,1.1510519981384277,1.391437292098999,2.7328405380249023,1.8769125938415527,2.2380363941192627,0.56298828125,0.84423828125
2283,766,-1.8075528144836426,1.1425549983978271,1.471901535987854,1.4218990802764893,1.955535650253296,3.1865525245666504,0.63525390625,0.89794921875
2284,765,-1.730210781097412,1.1042406558990479,1.4472589492797852,2.153183698654175,2.0786027908325195,2.6539103984832764,0.59423828125,0.84423828125
2285,764,-1.7802677154541016,1.1734628677368164,1.4342623949050903,2.356384038925171,2.0591015815734863,2.4915027618408203,0.59423828125,0.89794921875
2286,766,-1.8075528144836426,1.1425549983978271,1.471901535987854,1.4218990802764893,1.955535650253296,3.1865525245666504,0.63525390625,0.89794921875
2287,767,-1.7560417652130127,1.0685343742370605,1.4956042766571045,1.254202961921692,1.9028761386871338,3.2872586250305176,0.63525390625,0.84423828125
2288,765,-1.730210781097412,1.1042406558990479,1.4472589492797852,2.153183698654175,2.0786027908325195,2.6539103984832764,0.59423828125,0.84423828125
2289,768,-1.8504843711853027,1.1171212196350098,1.4926605224609375,0.10801994800567627,1.4264957904815674,3.7354350090026855,0.677734375,0.89794921875
2290,767,-1.7560417652130127,1.0685343742370605,1.4956042766571045,1.254202961921692,1.9028761386871338,3.2872586250305176,0.63525390625,0.84423828125
2291,766,-1.8075528144836426,1.1425549983978271,1.471901535987854,1.4218990802764893,1.955535650253296,3.1865525245666504,0.63525390625,0.89794921875
2292,768,-1.8504843711853027,1.1171212196350098,1.4926605224609375,0.10801994800567627,1.4264957904815674,3.7354350090026855,0.677734375,0.89794921875
2293,769,-1.8028273582458496,1.0380115509033203,1.5224237442016602,0.10587191581726074,1.4254313707351685,3.735903263092041,0.677734375,0.84423828125
2294,767,-1.7560417652130127,1.0685343742370605,1.4956042766571045,1.254202961921692,1.9028761386871338,3.2872586250305176,0.63525390625,0.84423828125
2295,770,-1.9029297828674316,1.0946168899536133,1.4921066761016846,-0.9365224838256836,0.7988388538360596,3.8058924674987793,0.72900390625,0.89794921875
2296,769,-1.8028273582458496,1.0380115509033203,1.5224237442016602,0.10587191581726074,1.4254313707351685,3.735903263092041,0.677734375,0.84423828125
2297,768,-1.8504843711853027,1.1171212196350098,1.4926605224609375,0.10801994800567627,1.4264957904815674,3.7354350090026855,0.677734375,0.89794921875
2298,770,-1.9029297828674316,1.0946168899536133,1.4921066761016846,-0.9365224838256836,0.7988388538360596,3.8058924674987793,0.72900390625,0.89794921875
2299,771,-1.8581547737121582,1.0141429901123047,1.5207196474075317,-0.8546637892723083,0.8592033386230469,3.8120012283325195,0.72900390625,0.84423828125
2300,769,-1.8028273582458496,1.0380115509033203,1.5224237442016602,0.10587191581726074,1.4254313707351685,3.735903263092041,0.677734375,0.84423828125
2301,772,-1.9580683708190918,1.0757129192352295,1.4784449338912964,-1.2355875968933105,0.3890269994735718,3.7844440937042236,0.79736328125,0.89794921875
2302,771,-1.8581547737121582,1.0141429901123047,1.5207196474075317,-0.8546637892723083,0.8592033386230469,3.8120012283325195,0.72900390625,0.84423828125
2303,770,-1.9029297828674316,1.0946168899536133,1.4921066761016846,-0.9365224838256836,0.7988388538360596,3.8058924674987793,0.72900390625,0.89794921875
2304,772,-1.9580683708190918,1.0757129192352295,1.4784449338912964,-1.2355875968933105,0.3890269994735718,3.7844440937042236,0.79736328125,0.89794921875
2305,773,-1.916799545288086,0.9963240623474121,1.5022512674331665,-1.2377214431762695,0.4309408664703369,3.7792022228240967,0.79736328125,0.84423828125
2306,771,-1.8581547737121582,1.0141429901123047,1.5207196474075317,-0.8546637892723083,0.8592033386230469,3.8120012283325195,0.72900390625,0.84423828125
2307,774,-2.046527624130249,1.0505361557006836,1.4559319019317627,-0.9135794639587402,0.6125829815864563,3.845796585083008,0.8974609375,0.89794921875
2308,773,-1.916799545288086,0.9963240623474121,1.5022512674331665,-1.2377214431762695,0.4309408664703369,3.7792022228240967,0.79736328125,0.84423828125
2309,772,-1.9580683708190918,1.0757129192352295,1.4784449338912964,-1.2355875968933105,0.3890269994735718,3.7844440937042236,0.79736328125,0.89794921875
2310,774,-2.046527624130249,1.0505361557006836,1.4559319019317627,-0.9135794639587402,0.6125829815864563,3.845796585083008,0.8974609375,0.89794921875
2311,775,-2.0042405128479004,0.9755439758300781,1.4713261127471924,-0.9868170022964478,0.5414566397666931,3.8383655548095703,0.8974609375,0.84423828125
2312,773,-1.916799545288086,0.9963240623474121,1.5022512674331665,-1.2377214431762695,0.4309408664703369,3.7792022228240967,0.79736328125,0.84423828125
2313,775,-2.0042405128479004,0.9755439758300781,1.4713261127471924,-0.9868170022964478,0.5414566397666931,3.8383655548095703,0.8974609375,0.84423828125
2314,774,-2.046527624130249,1.0505361557006836,1.4559319019317627,-0.9135794639587402,0.6125829815864563,3.845796585083008,0.8974609375,0.89794921875
2315,776,-2.2070248126983643,0.9913578033447266,1.4279367923736572,-0.7656955122947693,0.7532678842544556,3.8530936241149902,0.9755859375,0.89794921875
2316,775,-2.0042405128479004,0.9755439758300781,1.4713261127471924,-0.9868170022964478,0.5414566397666931,3.8383655548095703,0.8974609375,0.84423828125
2317,776,-2.2070248126983643,0.9913578033447266,1.4279367923736572,-0.7656955122947693,0.7532678842544556,3.8530936241149902,0.9755859375,0.89794921875
2318,777,-2.160003900527954,0.9327611923217773,1.4564064741134644,-0.7656955718994141,0.7532679438591003,3.8530936241149902,0.9755859375,0.84423828125
2319,778,-1.6412725448608398,1.267014503479004,1.3786531686782837,-1.926598072052002,2.5452842712402344,2.410346031188965,0.09197998046875,0.420654296875
2320,779,-1.635650873184204,1.2547106742858887,1.3973262310028076,-1.731113314628601,2.6942105293273926,2.3967690467834473,0.16357421875,0.420654296875
2321,780,-1.570995807647705,1.2812833786010742,1.40106201171875,-1.3464442491531372,2.946169376373291,2.3467421531677246,0.1766357421875,0.294677734375
2322,781,-1.676107406616211,1.258894681930542,1.3565046787261963,-2.556309223175049,1.5833897590637207,2.63783597946167,0.09197998046875,0.488037109375
2323,779,-1.635650873184204,1.2547106742858887,1.3973262310028076,-1.731113314628601,2.6942105293273926,2.3967690467834473,0.16357421875,0.420654296875
2324,778,-1.6412725448608398,1.267014503479004,1.3786531686782837,-1.926598072052002,2.5452842712402344,2.410346031188965,0.09197998046875,0.420654296875
2325,781,-1.676107406616211,1.258894681930542,1.3565046787261963,-2.556309223175049,1.5833897590637207,2.63783597946167,0.09197998046875,0.488037109375
2326,782,-1.666463851928711,1.2428536415100098,1.3788816928863525,-2.4152309894561768,1.9064791202545166,2.5557806491851807,0.16357421875,0.488037109375
2327,779,-1.635650873184204,1.2547106742858887,1.3973262310028076,-1.731113314628601,2.6942105293273926,2.3967690467834473,0.16357421875,0.420654296875
2328,783,-1.707376480102539,1.242089033126831,1.338683843612671,-2.1610708236694336,0.9975185394287109,3.214770793914795,0.09197998046875,0.51513671875
2329,782,-1.666463851928711,1.2428536415100098,1.3788816928863525,-2.4152309894561768,1.9064791202545166,2.5557806491851807,0.16357421875,0.488037109375
2330,781,-1.676107406616211,1.258894681930542,1.3565046787261963,-2.556309223175049,1.5833897590637207,2.63783597946167,0.09197998046875,0.488037109375
2331,783,-1.707376480102539,1.242089033126831,1.338683843612671,-2.1610708236694336,0.9975185394287109,3.214770793914795,0.09197998046875,0.51513671875
2332,784,-1.6918153762817383,1.2237098217010498,1.3573426008224487,-2.148876667022705,0.9913655519485474,3.224832773208618,0.16357421875,0.51513671875
2333,782,-1.666463851928711,1.2428536415100098,1.3788816928863525,-2.4152309894561768,1.9064791202545166,2.5557806491851807,0.16357421875,0.488037109375
2334,785,-1.726353406906128,1.1953880786895752,1.3470301628112793,-0.6701840162277222,1.1320793628692627,3.777470111846924,0.09197998046875,0.54345703125
2335,784,-1.6918153762817383,1.2237098217010498,1.3573426008224487,-2.148876667022705,0.9913655519485474,3.224832773208618,0.16357421875,0.51513671875
2336,783,-1.707376480102539,1.242089033126831,1.338683843612671,-2.1610708236694336,0.9975185394287109,3.214770793914795,0.09197998046875,0.51513671875
2337,785,-1.726353406906128,1.1953880786895752,1.3470301628112793,-0.6701840162277222,1.1320793628692627,3.777470111846924,0.09197998046875,0.54345703125
2338,786,-1.7060737609863281,1.1741993427276611,1.3537545204162598,0.8805753588676453,1.5221048593521118,3.592744827270508,0.16357421875,0.54345703125
2339,784,-1.6918153762817383,1.2237098217010498,1.3573426008224487,-2.148876667022705,0.9913655519485474,3.224832773208618,0.16357421875,0.51513671875
2340,787,-1.7282426357269287,1.1466634273529053,1.3808045387268066,2.695603847503662,1.7474958896636963,2.3832755088806152,0.09197998046875,0.60302734375
2341,786,-1.7060737609863281,1.1741993427276611,1.3537545204162598,0.8805753588676453,1.5221048593521118,3.592744827270508,0.16357421875,0.54345703125
2342,785,-1.726353406906128,1.1953880786895752,1.3470301628112793,-0.6701840162277222,1.1320793628692627,3.777470111846924,0.09197998046875,0.54345703125
2343,787,-1.7282426357269287,1.1466634273529053,1.3808045387268066,2.695603847503662,1.7474958896636963,2.3832755088806152,0.09197998046875,0.60302734375
2344,788,-1.7046403884887695,1.1181035041809082,1.3747684955596924,3.0378196239471436,1.742861032485962,1.932384729385376,0.16357421875,0.60302734375
2345,786,-1.7060737609863281,1.1741993427276611,1.3537545204162598,0.8805753588676453,1.5221048593521118,3.592744827270508,0.16357421875,0.54345703125
2346,789,-1.730473518371582,1.0997800827026367,1.4431558847427368,3.1782913208007812,1.3805668354034424,1.9981290102005005,0.09197998046875,0.6337890625
2347,788,-1.7046403884887695,1.1181035041809082,1.3747684955596924,3.0378196239471436,1.742861032485962,1.932384729385376,0.16357421875,0.60302734375
2348,787,-1.7282426357269287,1.1466634273529053,1.3808045387268066,2.695603847503662,1.7474958896636963,2.3832755088806152,0.09197998046875,0.60302734375
2349,789,-1.730473518371582,1.0997800827026367,1.4431558847427368,3.1782913208007812,1.3805668354034424,1.9981290102005005,0.09197998046875,0.6337890625
2350,790,-1.705554485321045,1.0558404922485352,1.4311802387237549,3.160904884338379,1.2573660612106323,2.1042182445526123,0.16357421875,0.6337890625
2351,788,-1.7046403884887695,1.1181035041809082,1.3747684955596924,3.0378196239471436,1.742861032485962,1.932384729385376,0.16357421875,0.60302734375
2352,791,-1.7577223777770996,1.0640168190002441,1.498309850692749,2.541168212890625,0.5923877358436584,3.0317606925964355,0.09197998046875,0.67333984375
2353,790,-1.705554485321045,1.0558404922485352,1.4311802387237549,3.160904884338379,1.2573660612106323,2.1042182445526123,0.16357421875,0.6337890625
2354,789,-1.730473518371582,1.0997800827026367,1.4431558847427368,3.1782913208007812,1.3805668354034424,1.9981290102005005,0.09197998046875,0.6337890625
2355,791,-1.7577223777770996,1.0640168190002441,1.498309850692749,2.541168212890625,0.5923877358436584,3.0317606925964355,0.09197998046875,0.67333984375
2356,792,-1.7314329147338867,1.0083529949188232,1.4850103855133057,2.4107861518859863,0.5052332282066345,3.151646852493286,0.16357421875,0.67333984375
2357,790,-1.705554485321045,1.0558404922485352,1.4311802387237549,3.160904884338379,1.2573660612106323,2.1042182445526123,0.16357421875,0.6337890625
2358,793,-1.805778980255127,1.0373315811157227,1.5202696323394775,0.9556859135627747,-0.1964114010334015,3.8791911602020264,0.09197998046875,0.71337890625
2359,792,-1.7314329147338867,1.0083529949188232,1.4850103855133057,2.4107861518859863,0.5052332282066345,3.151646852493286,0.16357421875,0.67333984375
2360,791,-1.7577223777770996,1.0640168190002441,1.498309850692749,2.541168212890625,0.5923877358436584,3.0317606925964355,0.09197998046875,0.67333984375
2361,793,-1.805778980255127,1.0373315811157227,1.5202696323394775,0.9556859135627747,-0.1964114010334015,3.8791911602020264,0.09197998046875,0.71337890625
2362,794,-1.7727336883544922,0.969719648361206,1.5080251693725586,0.9194707870483398,-0.2091098427772522,3.8872721195220947,0.16357421875,0.71337890625
2363,792,-1.7314329147338867,1.0083529949188232,1.4850103855133057,2.4107861518859863,0.5052332282066345,3.151646852493286,0.16357421875,0.67333984375
2364,795,-1.8650946617126465,1.0134928226470947,1.5197923183441162,-0.3790898621082306,-0.6089423894882202,3.935164451599121,0.09197998046875,0.7490234375
2365,794,-1.7727336883544922,0.969719648361206,1.5080251693725586,0.9194707870483398,-0.2091098427772522,3.8872721195220947,0.16357421875,0.71337890625
2366,793,-1.805778980255127,1.0373315811157227,1.5202696323394775,0.9556859135627747,-0.1964114010334015,3.8791911602020264,0.09197998046875,0.71337890625
2367,795,-1.8650946617126465,1.0134928226470947,1.5197923183441162,-0.3790898621082306,-0.6089423894882202,3.935164451599121,0.09197998046875,0.7490234375
2368,796,-1.8292241096496582,0.9403738975524902,1.5119221210479736,-0.31585559248924255,-0.5918660163879395,3.9433441162109375,0.16357421875,0.7490234375
2369,794,-1.7727336883544922,0.969719648361206,1.5080251693725586,0.9194707870483398,-0.2091098427772522,3.8872721195220947,0.16357421875,0.71337890625
2370,797,-1.9279963970184326,0.9992196559906006,1.5004427433013916,-1.0068485736846924,-0.7616119384765625,3.795555591583252,0.09197998046875,0.79248046875
2371,796,-1.8292241096496582,0.9403738975524902,1.5119221210479736,-0.31585559248924255,-0.5918660163879395,3.9433441162109375,0.16357421875,0.7490234375
2372,795,-1.8650946617126465,1.0134928226470947,1.5197923183441162,-0.3790898621082306,-0.6089423894882202,3.935164451599121,0.09197998046875,0.7490234375
2373,797,-1.9279963970184326,0.9992196559906006,1.5004427433013916,-1.0068485736846924,-0.7616119384765625,3.795555591583252,0.09197998046875,0.79248046875
2374,798,-1.8911375999450684,0.9185347557067871,1.4953930377960205,-0.9890925884246826,-0.7585897445678711,3.800825595855713,0.16357421875,0.79248046875
2375,796,-1.8292241096496582,0.9403738975524902,1.5119221210479736,-0.31585559248924255,-0.5918660163879395,3.9433441162109375,0.16357421875,0.7490234375
2376,799,-2.015451669692993,0.9811315536499023,1.4728798866271973,-0.5437026619911194,-0.3172098398208618,3.950164318084717,0.099365234375,0.90283203125
2377,798,-1.8911375999450684,0.9185347557067871,1.4953930377960205,-0.9890925884246826,-0.7585897445678711,3.800825595855713,0.16357421875,0.79248046875
2378,797,-1.9279963970184326,0.9992196559906006,1.5004427433013916,-1.0068485736846924,-0.7616119384765625,3.795555591583252,0.09197998046875,0.79248046875
2379,799,-2.015451669692993,0.9811315536499023,1.4728798866271973,-0.5437026619911194,-0.3172098398208618,3.950164318084717,0.099365234375,0.90283203125
2380,800,-1.9741847515106201,0.8989572525024414,1.4667956829071045,-0.6608152985572815,-0.41761916875839233,3.922875165939331,0.16357421875,0.90283203125
2381,798,-1.8911375999450684,0.9185347557067871,1.4953930377960205,-0.9890925884246826,-0.7585897445678711,3.800825595855713,0.16357421875,0.79248046875
2382,800,-1.9741847515106201,0.8989572525024414,1.4667956829071045,-0.6608152985572815,-0.41761916875839233,3.922875165939331,0.16357421875,0.90283203125
2383,799,-2.015451669692993,0.9811315536499023,1.4728798866271973,-0.5437026619911194,-0.3172098398208618,3.950164318084717,0.099365234375,0.90283203125
2384,801,-2.168671131134033,0.9302985668182373,1.4549733400344849,-0.2538415193557739,-0.06965416669845581,3.9913341999053955,0.1170654296875,0.98193359375
2385,800,-1.9741847515106201,0.8989572525024414,1.4667956829071045,-0.6608152985572815,-0.41761916875839233,3.922875165939331,0.16357421875,0.90283203125
2386,801,-2.168671131134033,0.9302985668182373,1.4549733400344849,-0.2538415193557739,-0.06965416669845581,3.9913341999053955,0.1170654296875,0.98193359375
2387,802,-2.126168966293335,0.8761763572692871,1.4640066623687744,-0.2538415491580963,-0.06965416669845581,3.9913341999053955,0.16357421875,0.98193359375
2388,803,-1.4336471557617188,1.3434631824493408,1.2414052486419678,-2.572256088256836,2.9771640300750732,0.7211160659790039,0.1146240234375,0.35791015625
2389,804,-1.4273614883422852,1.3443100452423096,1.2637784481048584,-2.6443634033203125,2.9157357215881348,0.7112252116203308,0.166748046875,0.35791015625
2390,805,-1.3998513221740723,1.3676371574401855,1.2827093601226807,-2.8125383853912354,2.7603511810302734,0.6856393814086914,0.1719970703125,0.29931640625
2391,806,-1.4558873176574707,1.3259880542755127,1.2398195266723633,-1.8480108976364136,3.4710474014282227,0.7326027154922485,0.110107421875,0.39208984375
2392,804,-1.4273614883422852,1.3443100452423096,1.2637784481048584,-2.6443634033203125,2.9157357215881348,0.7112252116203308,0.166748046875,0.35791015625
2393,803,-1.4336471557617188,1.3434631824493408,1.2414052486419678,-2.572256088256836,2.9771640300750732,0.7211160659790039,0.1146240234375,0.35791015625
2394,806,-1.4558873176574707,1.3259880542755127,1.2398195266723633,-1.8480108976364136,3.4710474014282227,0.7326027154922485,0.110107421875,0.39208984375
2395,807,-1.4463186264038086,1.3250508308410645,1.2733094692230225,-1.7703356742858887,3.5115296840667725,0.7314989566802979,0.162109375,0.392822265625
2396,804,-1.4273614883422852,1.3443100452423096,1.2637784481048584,-2.6443634033203125,2.9157357215881348,0.7112252116203308,0.166748046875,0.35791015625
2397,808,-1.4959030151367188,1.3053874969482422,1.2645492553710938,-0.980983316898346,3.807372570037842,0.7359421253204346,0.1080322265625,0.4296875
2398,807,-1.4463186264038086,1.3250508308410645,1.2733094692230225,-1.7703356742858887,3.5115296840667725,0.7314989566802979,0.162109375,0.392822265625
2399,806,-1.4558873176574707,1.3259880542755127,1.2398195266723633,-1.8480108976364136,3.4710474014282227,0.7326027154922485,0.110107421875,0.39208984375
2400,808,-1.4959030151367188,1.3053874969482422,1.2645492553710938,-0.980983316898346,3.807372570037842,0.7359421253204346,0.1080322265625,0.4296875
2401,809,-1.477968454360962,1.3017847537994385,1.3126463890075684,-0.737091064453125,3.862246513366699,0.7346932888031006,0.1600341796875,0.4365234375
2402,807,-1.4463186264038086,1.3250508308410645,1.2733094692230225,-1.7703356742858887,3.5115296840667725,0.7314989566802979,0.162109375,0.392822265625
2403,810,-1.548523187637329,1.2939352989196777,1.306570291519165,-0.7291077375411987,3.7869200706481934,1.061914086341858,0.1080322265625,0.45849609375
2404,809,-1.477968454360962,1.3017847537994385,1.3126463890075684,-0.737091064453125,3.862246513366699,0.7346932888031006,0.1600341796875,0.4365234375
2405,808,-1.4959030151367188,1.3053874969482422,1.2645492553710938,-0.980983316898346,3.807372570037842,0.7359421253204346,0.1080322265625,0.4296875
2406,810,-1.548523187637329,1.2939352989196777,1.306570291519165,-0.7291077375411987,3.7869200706481934,1.061914086341858,0.1080322265625,0.45849609375
2407,811,-1.5208685398101807,1.2833106517791748,1.3654344081878662,-0.8164790868759155,3.731703519821167,1.1864993572235107,0.1600341796875,0.46728515625
2408,809,-1.477968454360962,1.3017847537994385,1.3126463890075684,-0.737091064453125,3.862246513366699,0.7346932888031006,0.1600341796875,0.4365234375
2409,812,-1.6026828289031982,1.2714664936065674,1.3394725322723389,-1.7487226724624634,2.88763689994812,2.1455869674682617,0.1080322265625,0.498291015625
2410,811,-1.5208685398101807,1.2833106517791748,1.3654344081878662,-0.8164790868759155,3.731703519821167,1.1864993572235107,0.1600341796875,0.46728515625
2411,810,-1.548523187637329,1.2939352989196777,1.306570291519165,-0.7291077375411987,3.7869200706481934,1.061914086341858,0.1080322265625,0.45849609375
2412,812,-1.6026828289031982,1.2714664936065674,1.3394725322723389,-1.7487226724624634,2.88763689994812,2.1455869674682617,0.1080322265625,0.498291015625
2413,813,-1.566117286682129,1.2529809474945068,1.3999238014221191,-1.773188591003418,2.8558688163757324,2.167910575866699,0.1600341796875,0.499755859375
2414,811,-1.5208685398101807,1.2833106517791748,1.3654344081878662,-0.8164790868759155,3.731703519821167,1.1864993572235107,0.1600341796875,0.46728515625
2415,814,-1.659308910369873,1.2139997482299805,1.3506224155426025,-1.953366756439209,1.8160096406936646,2.9810218811035156,0.1080322265625,0.53466796875
2416,813,-1.566117286682129,1.2529809474945068,1.3999238014221191,-1.773188591003418,2.8558688163757324,2.167910575866699,0.1600341796875,0.499755859375
2417,812,-1.6026828289031982,1.2714664936065674,1.3394725322723389,-1.7487226724624634,2.88763689994812,2.1455869674682617,0.1080322265625,0.498291015625
2418,814,-1.659308910369873,1.2139997482299805,1.3506224155426025,-1.953366756439209,1.8160096406936646,2.9810218811035156,0.1080322265625,0.53466796875
2419,815,-1.6159701347351074,1.1866216659545898,1.396902084350586,-1.8823362588882446,1.7469887733459473,3.066734790802002,0.1600341796875,0.5400390625
2420,813,-1.566117286682129,1.2529809474945068,1.3999238014221191,-1.773188591003418,2.8558688163757324,2.167910575866699,0.1600341796875,0.499755859375
2421,816,-1.6876251697540283,1.1295084953308105,1.388500452041626,-0.756460964679718,1.462838053703308,3.6452574729919434,0.1080322265625,0.5771484375
2422,815,-1.6159701347351074,1.1866216659545898,1.396902084350586,-1.8823362588882446,1.7469887733459473,3.066734790802002,0.1600341796875,0.5400390625
2423,814,-1.659308910369873,1.2139997482299805,1.3506224155426025,-1.953366756439209,1.8160096406936646,2.9810218811035156,0.1080322265625,0.53466796875
2424,816,-1.6876251697540283,1.1295084953308105,1.388500452041626,-0.756460964679718,1.462838053703308,3.6452574729919434,0.1080322265625,0.5771484375
2425,817,-1.6445856094360352,1.0914077758789062,1.4062302112579346,0.12937885522842407,1.489550232887268,3.7100584506988525,0.1600341796875,0.59814453125
2426,815,-1.6159701347351074,1.1866216659545898,1.396902084350586,-1.8823362588882446,1.7469887733459473,3.066734790802002,0.1600341796875,0.5400390625
2427,818,-1.7059879302978516,1.048326015472412,1.4434189796447754,1.6295182704925537,1.282230257987976,3.4206125736236572,0.1080322265625,0.640625
2428,817,-1.6445856094360352,1.0914077758789062,1.4062302112579346,0.12937885522842407,1.489550232887268,3.7100584506988525,0.1600341796875,0.59814453125
2429,816,-1.6876251697540283,1.1295084953308105,1.388500452041626,-0.756460964679718,1.462838053703308,3.6452574729919434,0.1080322265625,0.5771484375
2430,818,-1.7059879302978516,1.048326015472412,1.4434189796447754,1.6295182704925537,1.282230257987976,3.4206125736236572,0.1080322265625,0.640625
2431,819,-1.6697986125946045,1.0024299621582031,1.4337775707244873,1.9184902906417847,1.1787972450256348,3.3060338497161865,0.1600341796875,0.66748046875
2432,817,-1.6445856094360352,1.0914077758789062,1.4062302112579346,0.12937885522842407,1.489550232887268,3.7100584506988525,0.1600341796875,0.59814453125
2433,820,-1.7301130294799805,1.0095596313476562,1.4813953638076782,2.2049527168273926,0.4681818187236786,3.304394006729126,0.1080322265625,0.70849609375
2434,819,-1.6697986125946045,1.0024299621582031,1.4337775707244873,1.9184902906417847,1.1787972450256348,3.3060338497161865,0.1600341796875,0.66748046875
2435,818,-1.7059879302978516,1.048326015472412,1.4434189796447754,1.6295182704925537,1.282230257987976,3.4206125736236572,0.1080322265625,0.640625
2436,820,-1.7301130294799805,1.0095596313476562,1.4813953638076782,2.2049527168273926,0.4681818187236786,3.304394006729126,0.1080322265625,0.70849609375
2437,821,-1.6987385749816895,0.9594392776489258,1.4652671813964844,2.1562795639038086,0.39162179827690125,3.346209764480591,0.1600341796875,0.71484375
2438,819,-1.6697986125946045,1.0024299621582031,1.4337775707244873,1.9184902906417847,1.1787972450256348,3.3060338497161865,0.1600341796875,0.66748046875
2439,822,-1.7703182697296143,0.9740514755249023,1.502582311630249,1.348460078239441,-0.3906823396682739,3.7455382347106934,0.1080322265625,0.75439453125
2440,821,-1.6987385749816895,0.9594392776489258,1.4652671813964844,2.1562795639038086,0.39162179827690125,3.346209764480591,0.1600341796875,0.71484375
2441,820,-1.7301130294799805,1.0095596313476562,1.4813953638076782,2.2049527168273926,0.4681818187236786,3.304394006729126,0.1080322265625,0.70849609375
2442,822,-1.7703182697296143,0.9740514755249023,1.502582311630249,1.348460078239441,-0.3906823396682739,3.7455382347106934,0.1080322265625,0.75439453125
2443,823,-1.741142988204956,0.9223155975341797,1.4853603839874268,1.3247342109680176,-0.4054637551307678,3.752427577972412,0.1600341796875,0.755859375
2444,821,-1.6987385749816895,0.9594392776489258,1.4652671813964844,2.1562795639038086,0.39162179827690125,3.346209764480591,0.1600341796875,0.71484375
2445,824,-1.8224987983703613,0.944176197052002,1.506864309310913,-0.22040307521820068,-0.7239880561828613,3.927760124206543,0.1080322265625,0.79345703125
2446,823,-1.741142988204956,0.9223155975341797,1.4853603839874268,1.3247342109680176,-0.4054637551307678,3.752427577972412,0.1600341796875,0.755859375
2447,822,-1.7703182697296143,0.9740514755249023,1.502582311630249,1.348460078239441,-0.3906823396682739,3.7455382347106934,0.1080322265625,0.75439453125
2448,824,-1.8224987983703613,0.944176197052002,1.506864309310913,-0.22040307521820068,-0.7239880561828613,3.927760124206543,0.1080322265625,0.79345703125
2449,825,-1.794363021850586,0.8910799026489258,1.492671012878418,-0.17391054332256317,-0.7239992618560791,3.930091619491577,0.1600341796875,0.79345703125
2450,823,-1.741142988204956,0.9223155975341797,1.4853603839874268,1.3247342109680176,-0.4054637551307678,3.752427577972412,0.1600341796875,0.755859375
2451,825,-1.794363021850586,0.8910799026489258,1.492671012878418,-0.17391054332256317,-0.7239992618560791,3.930091619491577,0.1600341796875,0.79345703125
2452,824,-1.8224987983703613,0.944176197052002,1.506864309310913,-0.22040307521820068,-0.7239880561828613,3.927760124206543,0.1080322265625,0.79345703125
2453,826,-1.9676408767700195,0.9062316417694092,1.469391942024231,-0.2898998558521271,-0.17925643920898438,3.9854562282562256,0.1080322265625,0.91455078125
2454,825,-1.794363021850586,0.8910799026489258,1.492671012878418,-0.17391054332256317,-0.7239992618560791,3.930091619491577,0.1600341796875,0.79345703125
2455,826,-1.9676408767700195,0.9062316417694092,1.469391942024231,-0.2898998558521271,-0.17925643920898438,3.9854562282562256,0.1080322265625,0.91455078125
2456,827,-1.9370970726013184,0.8436312675476074,1.470995306968689,-0.3497491180896759,-0.2880752682685852,3.974257707595825,0.1600341796875,0.91455078125
2457,827,-1.9370970726013184,0.8436312675476074,1.470995306968689,-0.3497491180896759,-0.2880752682685852,3.974257707595825,0.1600341796875,0.91455078125
2458,826,-1.9676408767700195,0.9062316417694092,1.469391942024231,-0.2898998558521271,-0.17925643920898438,3.9854562282562256,0.1080322265625,0.91455078125
2459,828,-2.115957260131836,0.8803935050964355,1.4650580883026123,-0.09833040833473206,0.16682136058807373,3.995314121246338,0.1080322265625,0.97705078125
2460,827,-1.9370970726013184,0.8436312675476074,1.470995306968689,-0.3497491180896759,-0.2880752682685852,3.974257707595825,0.1600341796875,0.91455078125
2461,828,-2.115957260131836,0.8803935050964355,1.4650580883026123,-0.09833040833473206,0.16682136058807373,3.995314121246338,0.1080322265625,0.97705078125
2462,829,-2.080608606338501,0.8011486530303955,1.4709993600845337,-0.09833064675331116,0.16682136058807373,3.995314359664917,0.1600341796875,0.97705078125
2463,830,-1.5389065742492676,1.2165186405181885,1.2929890155792236,-1.6185858249664307,2.807602882385254,2.34468936920166,0.52197265625,0.89208984375
2464,831,-1.5236473083496094,1.215001106262207,1.3119635581970215,-1.4940431118011475,2.8917605876922607,2.3249893188476562,0.52197265625,0.84521484375
2465,832,-1.5093655586242676,1.3050103187561035,1.2629125118255615,-2.747879981994629,1.7149896621704102,2.346909523010254,0.4599609375,0.86865234375
2466,833,-1.6058592796325684,1.1615164279937744,1.3410999774932861,-1.016268014907837,2.8258132934570312,2.642348527908325,0.56884765625,0.89208984375
2467,831,-1.5236473083496094,1.215001106262207,1.3119635581970215,-1.4940431118011475,2.8917605876922607,2.3249893188476562,0.52197265625,0.84521484375
2468,830,-1.5389065742492676,1.2165186405181885,1.2929890155792236,-1.6185858249664307,2.807602882385254,2.34468936920166,0.52197265625,0.89208984375
2469,833,-1.6058592796325684,1.1615164279937744,1.3410999774932861,-1.016268014907837,2.8258132934570312,2.642348527908325,0.56884765625,0.89208984375
2470,834,-1.57185959815979,1.1419587135314941,1.3766758441925049,-0.9868250489234924,2.783466339111328,2.6978724002838135,0.56884765625,0.84521484375
2471,831,-1.5236473083496094,1.215001106262207,1.3119635581970215,-1.4940431118011475,2.8917605876922607,2.3249893188476562,0.52197265625,0.84521484375
2472,835,-1.675325870513916,1.109212875366211,1.3750085830688477,-0.90654456615448,2.211277961730957,3.207561492919922,0.63623046875,0.89208984375
2473,834,-1.57185959815979,1.1419587135314941,1.3766758441925049,-0.9868250489234924,2.783466339111328,2.6978724002838135,0.56884765625,0.84521484375
2474,833,-1.6058592796325684,1.1615164279937744,1.3410999774932861,-1.016268014907837,2.8258132934570312,2.642348527908325,0.56884765625,0.89208984375
2475,835,-1.675325870513916,1.109212875366211,1.3750085830688477,-0.90654456615448,2.211277961730957,3.207561492919922,0.63623046875,0.89208984375
2476,836,-1.6273322105407715,1.0779063701629639,1.4102891683578491,-0.9120054244995117,2.101576328277588,3.278970956802368,0.63623046875,0.84521484375
2477,834,-1.57185959815979,1.1419587135314941,1.3766758441925049,-0.9868250489234924,2.783466339111328,2.6978724002838135,0.56884765625,0.84521484375
2478,837,-1.7027764320373535,1.042351245880127,1.4061994552612305,-0.37613821029663086,1.5610473155975342,3.6635611057281494,0.75634765625,0.89208984375
2479,836,-1.6273322105407715,1.0779063701629639,1.4102891683578491,-0.9120054244995117,2.101576328277588,3.278970956802368,0.63623046875,0.84521484375
2480,835,-1.675325870513916,1.109212875366211,1.3750085830688477,-0.90654456615448,2.211277961730957,3.207561492919922,0.63623046875,0.89208984375
2481,837,-1.7027764320373535,1.042351245880127,1.4061994552612305,-0.37613821029663086,1.5610473155975342,3.6635611057281494,0.75634765625,0.89208984375
2482,838,-1.6563220024108887,1.0080828666687012,1.423882246017456,0.08844035863876343,1.5460855960845947,3.688065767288208,0.75634765625,0.84521484375
2483,836,-1.6273322105407715,1.0779063701629639,1.4102891683578491,-0.9120054244995117,2.101576328277588,3.278970956802368,0.63623046875,0.84521484375
2484,839,-1.713883399963379,0.9770071506500244,1.4512970447540283,1.4822330474853516,0.6125161051750183,3.6644020080566406,0.81884765625,0.89208984375
2485,838,-1.6563220024108887,1.0080828666687012,1.423882246017456,0.08844035863876343,1.5460855960845947,3.688065767288208,0.75634765625,0.84521484375
2486,837,-1.7027764320373535,1.042351245880127,1.4061994552612305,-0.37613821029663086,1.5610473155975342,3.6635611057281494,0.75634765625,0.89208984375
2487,839,-1.713883399963379,0.9770071506500244,1.4512970447540283,1.4822330474853516,0.6125161051750183,3.6644020080566406,0.81884765625,0.89208984375
2488,840,-1.6801609992980957,0.9375660419464111,1.442992925643921,1.6799684762954712,0.25637802481651306,3.6210503578186035,0.81884765625,0.84521484375
2489,838,-1.6563220024108887,1.0080828666687012,1.423882246017456,0.08844035863876343,1.5460855960845947,3.688065767288208,0.75634765625,0.84521484375
2490,841,-1.7521421909332275,0.9322466850280762,1.4857118129730225,1.5147424936294556,-1.567225456237793,3.354011297225952,0.841796875,0.89208984375
2491,840,-1.6801609992980957,0.9375660419464111,1.442992925643921,1.6799684762954712,0.25637802481651306,3.6210503578186035,0.81884765625,0.84521484375
2492,839,-1.713883399963379,0.9770071506500244,1.4512970447540283,1.4822330474853516,0.6125161051750183,3.6644020080566406,0.81884765625,0.89208984375
2493,841,-1.7521421909332275,0.9322466850280762,1.4857118129730225,1.5147424936294556,-1.567225456237793,3.354011297225952,0.841796875,0.89208984375
2494,842,-1.7320687770843506,0.8840303421020508,1.4476054906845093,1.4503288269042969,-1.668678641319275,3.3334801197052,0.841796875,0.84521484375
2495,840,-1.6801609992980957,0.9375660419464111,1.442992925643921,1.6799684762954712,0.25637802481651306,3.6210503578186035,0.81884765625,0.84521484375
2496,843,-1.8136122226715088,0.9024925231933594,1.4863383769989014,0.4377363920211792,-2.2626070976257324,3.2694077491760254,0.87548828125,0.89208984375
2497,842,-1.7320687770843506,0.8840303421020508,1.4476054906845093,1.4503288269042969,-1.668678641319275,3.3334801197052,0.841796875,0.84521484375
2498,841,-1.7521421909332275,0.9322466850280762,1.4857118129730225,1.5147424936294556,-1.567225456237793,3.354011297225952,0.841796875,0.89208984375
2499,843,-1.8136122226715088,0.9024925231933594,1.4863383769989014,0.4377363920211792,-2.2626070976257324,3.2694077491760254,0.87548828125,0.89208984375
2500,844,-1.8047807216644287,0.8590779304504395,1.4450005292892456,0.3242536783218384,-2.230027198791504,3.304826021194458,0.88134765625,0.84521484375
2501,842,-1.7320687770843506,0.8840303421020508,1.4476054906845093,1.4503288269042969,-1.668678641319275,3.3334801197052,0.841796875,0.84521484375
2502,844,-1.8047807216644287,0.8590779304504395,1.4450005292892456,0.3242536783218384,-2.230027198791504,3.304826021194458,0.88134765625,0.84521484375
2503,843,-1.8136122226715088,0.9024925231933594,1.4863383769989014,0.4377363920211792,-2.2626070976257324,3.2694077491760254,0.87548828125,0.89208984375
2504,845,-1.91471529006958,0.8759832382202148,1.453665018081665,-0.055914878845214844,-2.1062233448028564,3.4001076221466064,0.923828125,0.89208984375
2505,844,-1.8047807216644287,0.8590779304504395,1.4450005292892456,0.3242536783218384,-2.230027198791504,3.304826021194458,0.88134765625,0.84521484375
2506,845,-1.91471529006958,0.8759832382202148,1.453665018081665,-0.055914878845214844,-2.1062233448028564,3.4001076221466064,0.923828125,0.89208984375
2507,846,-1.8964226245880127,0.8232998847961426,1.4359203577041626,-0.05591481924057007,-2.1062233448028564,3.4001078605651855,0.93408203125,0.84521484375
2508,847,-1.6582648754119873,1.198533296585083,0.7240660190582275,-3.5731446743011475,0.4462178945541382,-1.7417075634002686,0.49072265625,0.84619140625
2509,848,-1.635077953338623,1.2191898822784424,0.6666165590286255,-3.716360092163086,0.060431599617004395,-1.4781863689422607,0.317626953125,0.8671875
2510,849,-1.6528480052947998,1.1851675510406494,0.7099030017852783,-3.6094000339508057,0.361507773399353,-1.685692310333252,0.4775390625,0.88818359375
2511,847,-1.6582648754119873,1.198533296585083,0.7240660190582275,-3.5731446743011475,0.4462178945541382,-1.7417075634002686,0.49072265625,0.84619140625
2512,849,-1.6528480052947998,1.1851675510406494,0.7099030017852783,-3.6094000339508057,0.361507773399353,-1.685692310333252,0.4775390625,0.88818359375
2513,850,-1.6785368919372559,1.1560518741607666,0.7521092891693115,-3.2772269248962402,0.8893018960952759,-2.113988161087036,0.53857421875,0.88818359375
2514,847,-1.6582648754119873,1.198533296585083,0.7240660190582275,-3.5731446743011475,0.4462178945541382,-1.7417075634002686,0.49072265625,0.84619140625
2515,850,-1.6785368919372559,1.1560518741607666,0.7521092891693115,-3.2772269248962402,0.8893018960952759,-2.113988161087036,0.53857421875,0.88818359375
2516,851,-1.6878416538238525,1.1820921897888184,0.7784847617149353,-3.10648250579834,1.0853766202926636,-2.2741470336914062,0.560546875,0.84619140625
2517,851,-1.6878416538238525,1.1820921897888184,0.7784847617149353,-3.10648250579834,1.0853766202926636,-2.2741470336914062,0.560546875,0.84619140625
2518,850,-1.6785368919372559,1.1560518741607666,0.7521092891693115,-3.2772269248962402,0.8893018960952759,-2.113988161087036,0.53857421875,0.88818359375
2519,852,-1.7150111198425293,1.134861946105957,0.7867907285690308,-2.3040902614593506,1.6542229652404785,-2.8204152584075928,0.58056640625,0.88818359375
2520,851,-1.6878416538238525,1.1820921897888184,0.7784847617149353,-3.10648250579834,1.0853766202926636,-2.2741470336914062,0.560546875,0.84619140625
2521,852,-1.7150111198425293,1.134861946105957,0.7867907285690308,-2.3040902614593506,1.6542229652404785,-2.8204152584075928,0.58056640625,0.88818359375
2522,853,-1.7280631065368652,1.1723487377166748,0.8208472728729248,-1.8772528171539307,1.854616403579712,-3.006052017211914,0.603515625,0.84619140625
2523,853,-1.7280631065368652,1.1723487377166748,0.8208472728729248,-1.8772528171539307,1.854616403579712,-3.006052017211914,0.603515625,0.84619140625
2524,852,-1.7150111198425293,1.134861946105957,0.7867907285690308,-2.3040902614593506,1.6542229652404785,-2.8204152584075928,0.58056640625,0.88818359375
2525,854,-1.7906394004821777,1.1299998760223389,0.8213615417480469,-0.45581841468811035,1.9938151836395264,-3.4375813007354736,0.630859375,0.88818359375
2526,853,-1.7280631065368652,1.1723487377166748,0.8208472728729248,-1.8772528171539307,1.854616403579712,-3.006052017211914,0.603515625,0.84619140625
2527,854,-1.7906394004821777,1.1299998760223389,0.8213615417480469,-0.45581841468811035,1.9938151836395264,-3.4375813007354736,0.630859375,0.88818359375
2528,855,-1.8004188537597656,1.1585276126861572,0.840067982673645,-0.038712769746780396,1.9398713111877441,-3.4979188442230225,0.6513671875,0.84619140625
2529,855,-1.8004188537597656,1.1585276126861572,0.840067982673645,-0.038712769746780396,1.9398713111877441,-3.4979188442230225,0.6513671875,0.84619140625
2530,854,-1.7906394004821777,1.1299998760223389,0.8213615417480469,-0.45581841468811035,1.9938151836395264,-3.4375813007354736,0.630859375,0.88818359375
2531,856,-1.9082884788513184,1.1394376754760742,0.8048394918441772,0.8794209361076355,1.5485193729400635,-3.581723928451538,0.6884765625,0.88818359375
2532,855,-1.8004188537597656,1.1585276126861572,0.840067982673645,-0.038712769746780396,1.9398713111877441,-3.4979188442230225,0.6513671875,0.84619140625
2533,856,-1.9082884788513184,1.1394376754760742,0.8048394918441772,0.8794209361076355,1.5485193729400635,-3.581723928451538,0.6884765625,0.88818359375
2534,857,-1.9201924800872803,1.1683778762817383,0.8098592758178711,0.9145045280456543,1.3860323429107666,-3.639042615890503,0.70654296875,0.84619140625
2535,857,-1.9201924800872803,1.1683778762817383,0.8098592758178711,0.9145045280456543,1.3860323429107666,-3.639042615890503,0.70654296875,0.84619140625
2536,856,-1.9082884788513184,1.1394376754760742,0.8048394918441772,0.8794209361076355,1.5485193729400635,-3.581723928451538,0.6884765625,0.88818359375
2537,858,-1.9992494583129883,1.1417548656463623,0.7812982797622681,-0.1334725320339203,1.049856424331665,-3.8574628829956055,0.75732421875,0.88818359375
2538,857,-1.9201924800872803,1.1683778762817383,0.8098592758178711,0.9145045280456543,1.3860323429107666,-3.639042615890503,0.70654296875,0.84619140625
2539,858,-1.9992494583129883,1.1417548656463623,0.7812982797622681,-0.1334725320339203,1.049856424331665,-3.8574628829956055,0.75732421875,0.88818359375
2540,859,-2.0130724906921387,1.1769318580627441,0.788774847984314,-0.43130141496658325,1.018660068511963,-3.844001054763794,0.76708984375,0.84619140625
2541,859,-2.0130724906921387,1.1769318580627441,0.788774847984314,-0.43130141496658325,1.018660068511963,-3.844001054763794,0.76708984375,0.84619140625
2542,858,-1.9992494583129883,1.1417548656463623,0.7812982797622681,-0.1334725320339203,1.049856424331665,-3.8574628829956055,0.75732421875,0.88818359375
2543,860,-2.076582908630371,1.108140230178833,0.7942137718200684,-2.2200746536254883,0.9724603891372681,-3.182076930999756,0.796875,0.88818359375
2544,859,-2.0130724906921387,1.1769318580627441,0.788774847984314,-0.43130141496658325,1.018660068511963,-3.844001054763794,0.76708984375,0.84619140625
2545,860,-2.076582908630371,1.108140230178833,0.7942137718200684,-2.2200746536254883,0.9724603891372681,-3.182076930999756,0.796875,0.88818359375
2546,861,-2.088083028793335,1.1479170322418213,0.8137991428375244,-2.2020037174224854,0.971537709236145,-3.1948904991149902,0.80029296875,0.84619140625
2547,861,-2.088083028793335,1.1479170322418213,0.8137991428375244,-2.2020037174224854,0.971537709236145,-3.1948904991149902,0.80029296875,0.84619140625
2548,860,-2.076582908630371,1.108140230178833,0.7942137718200684,-2.2200746536254883,0.9724603891372681,-3.182076930999756,0.796875,0.88818359375
2549,862,-2.146122932434082,1.057861566543579,0.8404512405395508,-2.918774366378784,1.0042672157287598,-2.5440566539764404,0.86376953125,0.88818359375
2550,861,-2.088083028793335,1.1479170322418213,0.8137991428375244,-2.2020037174224854,0.971537709236145,-3.1948904991149902,0.80029296875,0.84619140625
2551,862,-2.146122932434082,1.057861566543579,0.8404512405395508,-2.918774366378784,1.0042672157287598,-2.5440566539764404,0.86376953125,0.88818359375
2552,863,-2.153935432434082,1.0993130207061768,0.8702170848846436,-2.9314045906066895,1.0057580471038818,-2.528900623321533,0.8671875,0.84619140625
2553,863,-2.153935432434082,1.0993130207061768,0.8702170848846436,-2.9314045906066895,1.0057580471038818,-2.528900623321533,0.8671875,0.84619140625
2554,862,-2.146122932434082,1.057861566543579,0.8404512405395508,-2.918774366378784,1.0042672157287598,-2.5440566539764404,0.86376953125,0.88818359375
2555,864,-2.2145092487335205,1.0134501457214355,0.9106957912445068,-3.050185203552246,0.9107098579406738,-2.4221885204315186,0.9248046875,0.88818359375
2556,863,-2.153935432434082,1.0993130207061768,0.8702170848846436,-2.9314045906066895,1.0057580471038818,-2.528900623321533,0.8671875,0.84619140625
2557,864,-2.2145092487335205,1.0134501457214355,0.9106957912445068,-3.050185203552246,0.9107098579406738,-2.4221885204315186,0.9248046875,0.88818359375
2558,865,-2.2282824516296387,1.0549321174621582,0.9436856508255005,-3.0524985790252686,0.8790075778961182,-2.4309706687927246,0.9326171875,0.84619140625
2559,864,-2.2145092487335205,1.0134501457214355,0.9106957912445068,-3.050185203552246,0.9107098579406738,-2.4221885204315186,0.9248046875,0.88818359375
2560,866,-2.286646842956543,1.0070512294769287,0.9983019828796387,-3.059704065322876,0.7509728670120239,-2.4646031856536865,0.96337890625,0.84619140625
2561,865,-2.2282824516296387,1.0549321174621582,0.9436856508255005,-3.0524985790252686,0.8790075778961182,-2.4309706687927246,0.9326171875,0.84619140625
2562,864,-2.2145092487335205,1.0134501457214355,0.9106957912445068,-3.050185203552246,0.9107098579406738,-2.4221885204315186,0.9248046875,0.88818359375
2563,867,-2.265143394470215,0.9685022830963135,0.963111400604248,-3.059703826904297,0.7509727478027344,-2.4646031856536865,0.94970703125,0.88818359375
2564,866,-2.286646842956543,1.0070512294769287,0.9983019828796387,-3.059704065322876,0.7509728670120239,-2.4646031856536865,0.96337890625,0.84619140625
2565,868,-1.7283270359039307,1.3464648723602295,0.6166926026344299,-2.313582181930542,-2.9079642295837402,-1.4802393913269043,0.163330078125,0.3115234375
2566,869,-1.6835784912109375,1.3005194664001465,0.6370100975036621,-2.4033451080322266,-2.9019200801849365,-1.3426916599273682,0.134765625,0.341552734375
2567,870,-1.7045478820800781,1.305347204208374,0.6603004932403564,-2.4030325412750244,-2.9019501209259033,-1.3431861400604248,0.1695556640625,0.342529296875
2568,870,-1.7045478820800781,1.305347204208374,0.6603004932403564,-2.4030325412750244,-2.9019501209259033,-1.3431861400604248,0.1695556640625,0.342529296875
2569,869,-1.6835784912109375,1.3005194664001465,0.6370100975036621,-2.4033451080322266,-2.9019200801849365,-1.3426916599273682,0.134765625,0.341552734375
2570,871,-1.647200584411621,1.252455711364746,0.6711926460266113,-2.7310597896575928,-2.4417834281921387,-1.6059359312057495,0.11419677734375,0.447265625
2571,870,-1.7045478820800781,1.305347204208374,0.6603004932403564,-2.4030325412750244,-2.9019501209259033,-1.3431861400604248,0.1695556640625,0.342529296875
2572,871,-1.647200584411621,1.252455711364746,0.6711926460266113,-2.7310597896575928,-2.4417834281921387,-1.6059359312057495,0.11419677734375,0.447265625
2573,872,-1.6854608058929443,1.2693610191345215,0.7096642851829529,-2.802769184112549,-2.3062472343444824,-1.6809910535812378,0.1590576171875,0.450439453125
2574,873,-1.6961708068847656,1.2360060214996338,0.7667962908744812,-2.932069778442383,-1.4159590005874634,-2.3233699798583984,0.157470703125,0.56298828125
2575,872,-1.6854608058929443,1.2693610191345215,0.7096642851829529,-2.802769184112549,-2.3062472343444824,-1.6809910535812378,0.1590576171875,0.450439453125
2576,871,-1.647200584411621,1.252455711364746,0.6711926460266113,-2.7310597896575928,-2.4417834281921387,-1.6059359312057495,0.11419677734375,0.447265625
2577,873,-1.6961708068847656,1.2360060214996338,0.7667962908744812,-2.932069778442383,-1.4159590005874634,-2.3233699798583984,0.157470703125,0.56298828125
2578,871,-1.647200584411621,1.252455711364746,0.6711926460266113,-2.7310597896575928,-2.4417834281921387,-1.6059359312057495,0.11419677734375,0.447265625
2579,874,-1.6552987098693848,1.2106375694274902,0.7236166000366211,-2.957592010498047,-1.732588291168213,-2.0617494583129883,0.11260986328125,0.5400390625
2580,873,-1.6961708068847656,1.2360060214996338,0.7667962908744812,-2.932069778442383,-1.4159590005874634,-2.3233699798583984,0.157470703125,0.56298828125
2581,874,-1.6552987098693848,1.2106375694274902,0.7236166000366211,-2.957592010498047,-1.732588291168213,-2.0617494583129883,0.11260986328125,0.5400390625
2582,875,-1.6854376792907715,1.182323932647705,0.7785603404045105,-2.6785712242126465,-1.0992387533187866,-2.759882926940918,0.11260986328125,0.580078125
2583,873,-1.6961708068847656,1.2360060214996338,0.7667962908744812,-2.932069778442383,-1.4159590005874634,-2.3233699798583984,0.157470703125,0.56298828125
2584,875,-1.6854376792907715,1.182323932647705,0.7785603404045105,-2.6785712242126465,-1.0992387533187866,-2.759882926940918,0.11260986328125,0.580078125
2585,876,-1.733978509902954,1.2161564826965332,0.8109074234962463,-2.386559009552002,-1.047961711883545,-3.0341615676879883,0.157470703125,0.611328125
2586,876,-1.733978509902954,1.2161564826965332,0.8109074234962463,-2.386559009552002,-1.047961711883545,-3.0341615676879883,0.157470703125,0.611328125
2587,875,-1.6854376792907715,1.182323932647705,0.7785603404045105,-2.6785712242126465,-1.0992387533187866,-2.759882926940918,0.11260986328125,0.580078125
2588,877,-1.730943202972412,1.1590588092803955,0.8269977569580078,-2.1083006858825684,-0.9727534055709839,-3.25712251663208,0.11260986328125,0.62548828125
2589,876,-1.733978509902954,1.2161564826965332,0.8109074234962463,-2.386559009552002,-1.047961711883545,-3.0341615676879883,0.157470703125,0.611328125
2590,877,-1.730943202972412,1.1590588092803955,0.8269977569580078,-2.1083006858825684,-0.9727534055709839,-3.25712251663208,0.11260986328125,0.62548828125
2591,878,-1.7914373874664307,1.199047327041626,0.8467612266540527,-1.5796972513198853,-0.8741073608398438,-3.5693869590759277,0.157470703125,0.66015625
2592,878,-1.7914373874664307,1.199047327041626,0.8467612266540527,-1.5796972513198853,-0.8741073608398438,-3.5693869590759277,0.157470703125,0.66015625
2593,877,-1.730943202972412,1.1590588092803955,0.8269977569580078,-2.1083006858825684,-0.9727534055709839,-3.25712251663208,0.11260986328125,0.62548828125
2594,879,-1.7836744785308838,1.134847640991211,0.8574721813201904,-0.9365060329437256,-0.550309419631958,-3.84969425201416,0.11260986328125,0.6669921875
2595,878,-1.7914373874664307,1.199047327041626,0.8467612266540527,-1.5796972513198853,-0.8741073608398438,-3.5693869590759277,0.157470703125,0.66015625
2596,879,-1.7836744785308838,1.134847640991211,0.8574721813201904,-0.9365060329437256,-0.550309419631958,-3.84969425201416,0.11260986328125,0.6669921875
2597,880,-1.8490915298461914,1.1868395805358887,0.8601521849632263,0.47216787934303284,0.06002604961395264,-3.971585273742676,0.157470703125,0.6962890625
2598,880,-1.8490915298461914,1.1868395805358887,0.8601521849632263,0.47216787934303284,0.06002604961395264,-3.971585273742676,0.157470703125,0.6962890625
2599,879,-1.7836744785308838,1.134847640991211,0.8574721813201904,-0.9365060329437256,-0.550309419631958,-3.84969425201416,0.11260986328125,0.6669921875
2600,881,-1.835944652557373,1.1075842380523682,0.8628377914428711,0.6511898040771484,0.19562923908233643,-3.941790819168091,0.11260986328125,0.7021484375
2601,882,-1.9145028591156006,1.1654949188232422,0.8484553694725037,1.19839608669281,0.578589916229248,-3.7721498012542725,0.157470703125,0.734375
2602,880,-1.8490915298461914,1.1868395805358887,0.8601521849632263,0.47216787934303284,0.06002604961395264,-3.971585273742676,0.157470703125,0.6962890625
2603,881,-1.835944652557373,1.1075842380523682,0.8628377914428711,0.6511898040771484,0.19562923908233643,-3.941790819168091,0.11260986328125,0.7021484375
2604,882,-1.9145028591156006,1.1654949188232422,0.8484553694725037,1.19839608669281,0.578589916229248,-3.7721498012542725,0.157470703125,0.734375
2605,881,-1.835944652557373,1.1075842380523682,0.8628377914428711,0.6511898040771484,0.19562923908233643,-3.941790819168091,0.11260986328125,0.7021484375
2606,883,-1.8795077800750732,1.085775375366211,0.8446894288063049,1.1927096843719482,0.5726571679115295,-3.7748563289642334,0.11260986328125,0.7314453125
2607,884,-1.9568545818328857,1.147334337234497,0.8280043601989746,1.2560479640960693,0.9320976734161377,-3.6815176010131836,0.157470703125,0.76220703125
2608,882,-1.9145028591156006,1.1654949188232422,0.8484553694725037,1.19839608669281,0.578589916229248,-3.7721498012542725,0.157470703125,0.734375
2609,883,-1.8795077800750732,1.085775375366211,0.8446894288063049,1.1927096843719482,0.5726571679115295,-3.7748563289642334,0.11260986328125,0.7314453125
2610,884,-1.9568545818328857,1.147334337234497,0.8280043601989746,1.2560479640960693,0.9320976734161377,-3.6815176010131836,0.157470703125,0.76220703125
2611,883,-1.8795077800750732,1.085775375366211,0.8446894288063049,1.1927096843719482,0.5726571679115295,-3.7748563289642334,0.11260986328125,0.7314453125
2612,885,-1.9232802391052246,1.0703113079071045,0.8221725225448608,1.2585409879684448,0.931322455406189,-3.6808621883392334,0.11260986328125,0.7607421875
2613,884,-1.9568545818328857,1.147334337234497,0.8280043601989746,1.2560479640960693,0.9320976734161377,-3.6815176010131836,0.157470703125,0.76220703125
2614,885,-1.9232802391052246,1.0703113079071045,0.8221725225448608,1.2585409879684448,0.931322455406189,-3.6808621883392334,0.11260986328125,0.7607421875
2615,886,-1.953402042388916,1.0611145496368408,0.8057342767715454,0.4127572178840637,0.8377991914749146,-3.889441967010498,0.11260986328125,0.7822265625
2616,884,-1.9568545818328857,1.147334337234497,0.8280043601989746,1.2560479640960693,0.9320976734161377,-3.6815176010131836,0.157470703125,0.76220703125
2617,886,-1.953402042388916,1.0611145496368408,0.8057342767715454,0.4127572178840637,0.8377991914749146,-3.889441967010498,0.11260986328125,0.7822265625
2618,887,-2.012303352355957,1.1211400032043457,0.8118070960044861,0.12320452928543091,0.7497607469558716,-3.9271767139434814,0.157470703125,0.80029296875
2619,887,-2.012303352355957,1.1211400032043457,0.8118070960044861,0.12320452928543091,0.7497607469558716,-3.9271767139434814,0.157470703125,0.80029296875
2620,886,-1.953402042388916,1.0611145496368408,0.8057342767715454,0.4127572178840637,0.8377991914749146,-3.889441967010498,0.11260986328125,0.7822265625
2621,888,-2.009343147277832,1.034611701965332,0.7989444732666016,-1.2420824766159058,0.22135663032531738,-3.7958221435546875,0.11260986328125,0.82177734375
2622,887,-2.012303352355957,1.1211400032043457,0.8118070960044861,0.12320452928543091,0.7497607469558716,-3.9271767139434814,0.157470703125,0.80029296875
2623,888,-2.009343147277832,1.034611701965332,0.7989444732666016,-1.2420824766159058,0.22135663032531738,-3.7958221435546875,0.11260986328125,0.82177734375
2624,889,-2.0579285621643066,1.0932214260101318,0.8217828273773193,-1.4372544288635254,0.13160556554794312,-3.730550765991211,0.157470703125,0.833984375
2625,889,-2.0579285621643066,1.0932214260101318,0.8217828273773193,-1.4372544288635254,0.13160556554794312,-3.730550765991211,0.157470703125,0.833984375
2626,888,-2.009343147277832,1.034611701965332,0.7989444732666016,-1.2420824766159058,0.22135663032531738,-3.7958221435546875,0.11260986328125,0.82177734375
2627,890,-2.074738025665283,0.9919614791870117,0.8346813321113586,-2.300468921661377,-0.3972257375717163,-3.248088836669922,0.11260986328125,0.875
2628,889,-2.0579285621643066,1.0932214260101318,0.8217828273773193,-1.4372544288635254,0.13160556554794312,-3.730550765991211,0.157470703125,0.833984375
2629,890,-2.074738025665283,0.9919614791870117,0.8346813321113586,-2.300468921661377,-0.3972257375717163,-3.248088836669922,0.11260986328125,0.875
2630,891,-2.1149721145629883,1.0531537532806396,0.8575246930122375,-2.3423349857330322,-0.43254804611206055,-3.213470458984375,0.157470703125,0.88134765625
2631,891,-2.1149721145629883,1.0531537532806396,0.8575246930122375,-2.3423349857330322,-0.43254804611206055,-3.213470458984375,0.157470703125,0.88134765625
2632,890,-2.074738025665283,0.9919614791870117,0.8346813321113586,-2.300468921661377,-0.3972257375717163,-3.248088836669922,0.11260986328125,0.875
2633,892,-2.204716682434082,0.906733512878418,0.9546808004379272,-2.469794273376465,-0.5427204370498657,-3.0992887020111084,0.11260986328125,0.9853515625
2634,891,-2.1149721145629883,1.0531537532806396,0.8575246930122375,-2.3423349857330322,-0.43254804611206055,-3.213470458984375,0.157470703125,0.88134765625
2635,892,-2.204716682434082,0.906733512878418,0.9546808004379272,-2.469794273376465,-0.5427204370498657,-3.0992887020111084,0.11260986328125,0.9853515625
2636,893,-2.2368149757385254,0.9777247905731201,0.9663327932357788,-2.469794273376465,-0.5427204370498657,-3.0992889404296875,0.157470703125,0.982421875
2637,894,-1.5313777923583984,1.3618013858795166,0.5867792367935181,-3.778028726577759,1.2921432256698608,-0.23849231004714966,0.1658935546875,0.340087890625
2638,895,-1.525838851928711,1.3935120105743408,0.5337533354759216,-3.841932773590088,1.0854387283325195,0.24778425693511963,0.1873779296875,0.2432861328125
2639,896,-1.5356183052062988,1.3495509624481201,0.5746951103210449,-3.7731027603149414,1.301830530166626,-0.2625772953033447,0.10858154296875,0.347412109375
2640,897,-1.5549721717834473,1.3008925914764404,0.6003649830818176,-3.3524508476257324,2.0002341270446777,-0.8718682527542114,0.1021728515625,0.39306640625
2641,894,-1.5313777923583984,1.3618013858795166,0.5867792367935181,-3.778028726577759,1.2921432256698608,-0.23849231004714966,0.1658935546875,0.340087890625
2642,896,-1.5356183052062988,1.3495509624481201,0.5746951103210449,-3.7731027603149414,1.301830530166626,-0.2625772953033447,0.10858154296875,0.347412109375
2643,897,-1.5549721717834473,1.3008925914764404,0.6003649830818176,-3.3524508476257324,2.0002341270446777,-0.8718682527542114,0.1021728515625,0.39306640625
2644,898,-1.5527701377868652,1.3178915977478027,0.6268056035041809,-3.465954542160034,1.8472734689712524,-0.7581283450126648,0.1611328125,0.38232421875
2645,894,-1.5313777923583984,1.3618013858795166,0.5867792367935181,-3.778028726577759,1.2921432256698608,-0.23849231004714966,0.1658935546875,0.340087890625
2646,899,-1.5827000141143799,1.2612299919128418,0.5916756391525269,-2.724431276321411,2.7560031414031982,-0.9909301996231079,0.1021728515625,0.427001953125
2647,898,-1.5527701377868652,1.3178915977478027,0.6268056035041809,-3.465954542160034,1.8472734689712524,-0.7581283450126648,0.1611328125,0.38232421875
2648,897,-1.5549721717834473,1.3008925914764404,0.6003649830818176,-3.3524508476257324,2.0002341270446777,-0.8718682527542114,0.1021728515625,0.39306640625
2649,899,-1.5827000141143799,1.2612299919128418,0.5916756391525269,-2.724431276321411,2.7560031414031982,-0.9909301996231079,0.1021728515625,0.427001953125
2650,900,-1.58732271194458,1.272162675857544,0.6301417350769043,-2.884018659591675,2.5671098232269287,-1.0451812744140625,0.1611328125,0.402099609375
2651,898,-1.5527701377868652,1.3178915977478027,0.6268056035041809,-3.465954542160034,1.8472734689712524,-0.7581283450126648,0.1611328125,0.38232421875
2652,901,-1.6065559387207031,1.233780860900879,0.5597571730613708,-2.4788832664489746,3.0473005771636963,-0.7544006705284119,0.1021728515625,0.466552734375
2653,900,-1.58732271194458,1.272162675857544,0.6301417350769043,-2.884018659591675,2.5671098232269287,-1.0451812744140625,0.1611328125,0.402099609375
2654,899,-1.5827000141143799,1.2612299919128418,0.5916756391525269,-2.724431276321411,2.7560031414031982,-0.9909301996231079,0.1021728515625,0.427001953125
2655,901,-1.6065559387207031,1.233780860900879,0.5597571730613708,-2.4788832664489746,3.0473005771636963,-0.7544006705284119,0.1021728515625,0.466552734375
2656,902,-1.616922378540039,1.2362937927246094,0.6054012775421143,-2.5050950050354004,3.00205135345459,-0.8439252972602844,0.1611328125,0.44921875
2657,900,-1.58732271194458,1.272162675857544,0.6301417350769043,-2.884018659591675,2.5671098232269287,-1.0451812744140625,0.1611328125,0.402099609375
2658,903,-1.629345417022705,1.207017421722412,0.5191041231155396,-2.150563955307007,3.231517791748047,-0.9656056761741638,0.1021728515625,0.51708984375
2659,902,-1.616922378540039,1.2362937927246094,0.6054012775421143,-2.5050950050354004,3.00205135345459,-0.8439252972602844,0.1611328125,0.44921875
2660,901,-1.6065559387207031,1.233780860900879,0.5597571730613708,-2.4788832664489746,3.0473005771636963,-0.7544006705284119,0.1021728515625,0.466552734375
2661,903,-1.629345417022705,1.207017421722412,0.5191041231155396,-2.150563955307007,3.231517791748047,-0.9656056761741638,0.1021728515625,0.51708984375
2662,904,-1.6415205001831055,1.2076270580291748,0.5676896572113037,-2.253347635269165,3.186218500137329,-0.8777583241462708,0.1611328125,0.50732421875
2663,902,-1.616922378540039,1.2362937927246094,0.6054012775421143,-2.5050950050354004,3.00205135345459,-0.8439252972602844,0.1611328125,0.44921875
2664,905,-1.6847584247589111,1.1557977199554443,0.4905238151550293,-2.1034767627716064,3.0322177410125732,-1.5430707931518555,0.1021728515625,0.55810546875
2665,904,-1.6415205001831055,1.2076270580291748,0.5676896572113037,-2.253347635269165,3.186218500137329,-0.8777583241462708,0.1611328125,0.50732421875
2666,903,-1.629345417022705,1.207017421722412,0.5191041231155396,-2.150563955307007,3.231517791748047,-0.9656056761741638,0.1021728515625,0.51708984375
2667,905,-1.6847584247589111,1.1557977199554443,0.4905238151550293,-2.1034767627716064,3.0322177410125732,-1.5430707931518555,0.1021728515625,0.55810546875
2668,906,-1.6955256462097168,1.1718106269836426,0.5396398305892944,-2.102031946182251,3.048194646835327,-1.5132737159729004,0.1611328125,0.57421875
2669,904,-1.6415205001831055,1.2076270580291748,0.5676896572113037,-2.253347635269165,3.186218500137329,-0.8777583241462708,0.1611328125,0.50732421875
2670,907,-1.7394986152648926,1.1163105964660645,0.50926274061203,-2.587533712387085,2.2514736652374268,-2.05804705619812,0.1021728515625,0.599609375
2671,906,-1.6955256462097168,1.1718106269836426,0.5396398305892944,-2.102031946182251,3.048194646835327,-1.5132737159729004,0.1611328125,0.57421875
2672,905,-1.6847584247589111,1.1557977199554443,0.4905238151550293,-2.1034767627716064,3.0322177410125732,-1.5430707931518555,0.1021728515625,0.55810546875
2673,907,-1.7394986152648926,1.1163105964660645,0.50926274061203,-2.587533712387085,2.2514736652374268,-2.05804705619812,0.1021728515625,0.599609375
2674,908,-1.747145175933838,1.155210256576538,0.5557786226272583,-2.863553047180176,1.8761606216430664,-2.0688421726226807,0.1611328125,0.61181640625
2675,906,-1.6955256462097168,1.1718106269836426,0.5396398305892944,-2.102031946182251,3.048194646835327,-1.5132737159729004,0.1611328125,0.57421875
2676,909,-1.7726705074310303,1.1045148372650146,0.5654588937759399,-3.347559690475464,0.6526319980621338,-2.0899605751037598,0.1021728515625,0.63525390625
2677,908,-1.747145175933838,1.155210256576538,0.5557786226272583,-2.863553047180176,1.8761606216430664,-2.0688421726226807,0.1611328125,0.61181640625
2678,907,-1.7394986152648926,1.1163105964660645,0.50926274061203,-2.587533712387085,2.2514736652374268,-2.05804705619812,0.1021728515625,0.599609375
2679,909,-1.7726705074310303,1.1045148372650146,0.5654588937759399,-3.347559690475464,0.6526319980621338,-2.0899605751037598,0.1021728515625,0.63525390625
2680,910,-1.7851066589355469,1.1569318771362305,0.606330931186676,-3.3957135677337646,0.19186270236968994,-2.105311870574951,0.1611328125,0.6611328125
2681,908,-1.747145175933838,1.155210256576538,0.5557786226272583,-2.863553047180176,1.8761606216430664,-2.0688421726226807,0.1611328125,0.61181640625
2682,911,-1.811056137084961,1.0919618606567383,0.6504895687103271,-3.0883874893188477,-0.5214658975601196,-2.4879629611968994,0.1021728515625,0.69775390625
2683,910,-1.7851066589355469,1.1569318771362305,0.606330931186676,-3.3957135677337646,0.19186270236968994,-2.105311870574951,0.1611328125,0.6611328125
2684,909,-1.7726705074310303,1.1045148372650146,0.5654588937759399,-3.347559690475464,0.6526319980621338,-2.0899605751037598,0.1021728515625,0.63525390625
2685,911,-1.811056137084961,1.0919618606567383,0.6504895687103271,-3.0883874893188477,-0.5214658975601196,-2.4879629611968994,0.1021728515625,0.69775390625
2686,912,-1.8396332263946533,1.1582043170928955,0.6721173524856567,-2.9234659671783447,-0.7146105170249939,-2.6349010467529297,0.1611328125,0.70751953125
2687,910,-1.7851066589355469,1.1569318771362305,0.606330931186676,-3.3957135677337646,0.19186270236968994,-2.105311870574951,0.1611328125,0.6611328125
2688,912,-1.8396332263946533,1.1582043170928955,0.6721173524856567,-2.9234659671783447,-0.7146105170249939,-2.6349010467529297,0.1611328125,0.70751953125
2689,911,-1.811056137084961,1.0919618606567383,0.6504895687103271,-3.0883874893188477,-0.5214658975601196,-2.4879629611968994,0.1021728515625,0.69775390625
2690,913,-1.8598885536193848,1.0652964115142822,0.7236273288726807,-1.205138087272644,-1.3347604274749756,-3.5729663372039795,0.1021728515625,0.7431640625
2691,912,-1.8396332263946533,1.1582043170928955,0.6721173524856567,-2.9234659671783447,-0.7146105170249939,-2.6349010467529297,0.1611328125,0.70751953125
2692,913,-1.8598885536193848,1.0652964115142822,0.7236273288726807,-1.205138087272644,-1.3347604274749756,-3.5729663372039795,0.1021728515625,0.7431640625
2693,914,-1.904245138168335,1.1479668617248535,0.7189217805862427,-1.1140573024749756,-1.3479981422424316,-3.5974719524383545,0.1611328125,0.7548828125
2694,914,-1.904245138168335,1.1479668617248535,0.7189217805862427,-1.1140573024749756,-1.3479981422424316,-3.5974719524383545,0.1611328125,0.7548828125
2695,913,-1.8598885536193848,1.0652964115142822,0.7236273288726807,-1.205138087272644,-1.3347604274749756,-3.5729663372039795,0.1021728515625,0.7431640625
2696,915,-1.933502197265625,1.0231399536132812,0.768567681312561,0.3035351634025574,-1.7487772703170776,-3.584644317626953,0.1021728515625,0.78955078125
2697,914,-1.904245138168335,1.1479668617248535,0.7189217805862427,-1.1140573024749756,-1.3479981422424316,-3.5974719524383545,0.1611328125,0.7548828125
2698,915,-1.933502197265625,1.0231399536132812,0.768567681312561,0.3035351634025574,-1.7487772703170776,-3.584644317626953,0.1021728515625,0.78955078125
2699,916,-2.0097928047180176,1.0995967388153076,0.7183846831321716,0.3760644197463989,-1.7909479141235352,-3.556839942932129,0.1611328125,0.7939453125
2700,917,-2.0163376331329346,0.9698445796966553,0.7944701313972473,0.2791941165924072,-2.269052028656006,-3.282299041748047,0.1021728515625,0.85546875
2701,916,-2.0097928047180176,1.0995967388153076,0.7183846831321716,0.3760644197463989,-1.7909479141235352,-3.556839942932129,0.1611328125,0.7939453125
2702,915,-1.933502197265625,1.0231399536132812,0.768567681312561,0.3035351634025574,-1.7487772703170776,-3.584644317626953,0.1021728515625,0.78955078125
2703,917,-2.0163376331329346,0.9698445796966553,0.7944701313972473,0.2791941165924072,-2.269052028656006,-3.282299041748047,0.1021728515625,0.85546875
2704,918,-2.082839012145996,1.0342023372650146,0.7271782159805298,0.3461087942123413,-2.2379841804504395,-3.2972216606140137,0.1611328125,0.85302734375
2705,916,-2.0097928047180176,1.0995967388153076,0.7183846831321716,0.3760644197463989,-1.7909479141235352,-3.556839942932129,0.1611328125,0.7939453125
2706,918,-2.082839012145996,1.0342023372650146,0.7271782159805298,0.3461087942123413,-2.2379841804504395,-3.2972216606140137,0.1611328125,0.85302734375
2707,917,-2.0163376331329346,0.9698445796966553,0.7944701313972473,0.2791941165924072,-2.269052028656006,-3.282299041748047,0.1021728515625,0.85546875
2708,919,-2.103127956390381,0.9021046161651611,0.8323343992233276,-1.2560501098632812,-2.0741631984710693,-3.1812288761138916,0.1021728515625,0.90625
2709,918,-2.082839012145996,1.0342023372650146,0.7271782159805298,0.3461087942123413,-2.2379841804504395,-3.2972216606140137,0.1611328125,0.85302734375
2710,919,-2.103127956390381,0.9021046161651611,0.8323343992233276,-1.2560501098632812,-2.0741631984710693,-3.1812288761138916,0.1021728515625,0.90625
2711,920,-2.15669846534729,0.9665422439575195,0.8062184453010559,-1.0806119441986084,-2.1544697284698486,-3.192267656326294,0.1611328125,0.90087890625
2712,920,-2.15669846534729,0.9665422439575195,0.8062184453010559,-1.0806119441986084,-2.1544697284698486,-3.192267656326294,0.1611328125,0.90087890625
2713,919,-2.103127956390381,0.9021046161651611,0.8323343992233276,-1.2560501098632812,-2.0741631984710693,-3.1812288761138916,0.1021728515625,0.90625
2714,921,-2.197382688522339,0.8400006294250488,0.9012308120727539,-2.165493965148926,-1.5462257862091064,-2.986612319946289,0.1021728515625,0.9833984375
2715,920,-2.15669846534729,0.9665422439575195,0.8062184453010559,-1.0806119441986084,-2.1544697284698486,-3.192267656326294,0.1611328125,0.90087890625
2716,921,-2.197382688522339,0.8400006294250488,0.9012308120727539,-2.165493965148926,-1.5462257862091064,-2.986612319946289,0.1021728515625,0.9833984375
2717,922,-2.233987331390381,0.9112491607666016,0.9224824905395508,-2.165493965148926,-1.546225905418396,-2.986611843109131,0.1611328125,0.9775390625
2718,923,-1.7679381370544434,1.2976369857788086,0.7161750793457031,-3.4974424839019775,1.7154892683029175,-0.9082981944084167,0.469482421875,0.70361328125
2719,924,-1.763371467590332,1.3126671314239502,0.663993775844574,-3.3499135971069336,2.1609432697296143,0.3292675018310547,0.386962890625,0.73779296875
2720,925,-1.7794241905212402,1.281662940979004,0.7041597962379456,-3.498840093612671,1.7357959747314453,-0.8632194995880127,0.463623046875,0.77197265625
2721,926,-1.7970478534698486,1.2915759086608887,0.7633017301559448,-3.208763599395752,0.8846591114997864,-2.2183854579925537,0.5302734375,0.70361328125
2722,923,-1.7679381370544434,1.2976369857788086,0.7161750793457031,-3.4974424839019775,1.7154892683029175,-0.9082981944084167,0.469482421875,0.70361328125
2723,925,-1.7794241905212402,1.281662940979004,0.7041597962379456,-3.498840093612671,1.7357959747314453,-0.8632194995880127,0.463623046875,0.77197265625
2724,926,-1.7970478534698486,1.2915759086608887,0.7633017301559448,-3.208763599395752,0.8846591114997864,-2.2183854579925537,0.5302734375,0.70361328125
2725,925,-1.7794241905212402,1.281662940979004,0.7041597962379456,-3.498840093612671,1.7357959747314453,-0.8632194995880127,0.463623046875,0.77197265625
2726,927,-1.79632568359375,1.2606396675109863,0.7485209703445435,-3.2431631088256836,0.9465861916542053,-2.1414690017700195,0.52587890625,0.77197265625
2727,928,-1.8390848636627197,1.2843117713928223,0.8033389449119568,-2.0553133487701416,0.5636674165725708,-3.384965658187866,0.568359375,0.70361328125
2728,926,-1.7970478534698486,1.2915759086608887,0.7633017301559448,-3.208763599395752,0.8846591114997864,-2.2183854579925537,0.5302734375,0.70361328125
2729,927,-1.79632568359375,1.2606396675109863,0.7485209703445435,-3.2431631088256836,0.9465861916542053,-2.1414690017700195,0.52587890625,0.77197265625
2730,928,-1.8390848636627197,1.2843117713928223,0.8033389449119568,-2.0553133487701416,0.5636674165725708,-3.384965658187866,0.568359375,0.70361328125
2731,927,-1.79632568359375,1.2606396675109863,0.7485209703445435,-3.2431631088256836,0.9465861916542053,-2.1414690017700195,0.52587890625,0.77197265625
2732,929,-1.8253426551818848,1.2379522323608398,0.7844958305358887,-2.0894994735717773,0.564484715461731,-3.363833427429199,0.56787109375,0.77197265625
2733,930,-1.892512321472168,1.2627482414245605,0.8136800527572632,-0.1514524519443512,0.8225117921829224,-3.9115941524505615,0.599609375,0.70361328125
2734,928,-1.8390848636627197,1.2843117713928223,0.8033389449119568,-2.0553133487701416,0.5636674165725708,-3.384965658187866,0.568359375,0.70361328125
2735,929,-1.8253426551818848,1.2379522323608398,0.7844958305358887,-2.0894994735717773,0.564484715461731,-3.363833427429199,0.56787109375,0.77197265625
2736,930,-1.892512321472168,1.2627482414245605,0.8136800527572632,-0.1514524519443512,0.8225117921829224,-3.9115941524505615,0.599609375,0.70361328125
2737,929,-1.8253426551818848,1.2379522323608398,0.7844958305358887,-2.0894994735717773,0.564484715461731,-3.363833427429199,0.56787109375,0.77197265625
2738,931,-1.8621876239776611,1.2065577507019043,0.8008110523223877,-0.06640946865081787,0.8383681178092957,-3.9105961322784424,0.59912109375,0.77197265625
2739,932,-1.9587864875793457,1.2238991260528564,0.7914798259735107,1.3010380268096924,1.1758679151535034,-3.595089912414551,0.64111328125,0.70361328125
2740,930,-1.892512321472168,1.2627482414245605,0.8136800527572632,-0.1514524519443512,0.8225117921829224,-3.9115941524505615,0.599609375,0.70361328125
2741,931,-1.8621876239776611,1.2065577507019043,0.8008110523223877,-0.06640946865081787,0.8383681178092957,-3.9105961322784424,0.59912109375,0.77197265625
2742,932,-1.9587864875793457,1.2238991260528564,0.7914798259735107,1.3010380268096924,1.1758679151535034,-3.595089912414551,0.64111328125,0.70361328125
2743,931,-1.8621876239776611,1.2065577507019043,0.8008110523223877,-0.06640946865081787,0.8383681178092957,-3.9105961322784424,0.59912109375,0.77197265625
2744,933,-1.9207491874694824,1.157472848892212,0.784014105796814,1.422460913658142,1.2102572917938232,-3.5372188091278076,0.64013671875,0.77197265625
2745,934,-2.0235178470611572,1.1732800006866455,0.7306338548660278,1.8182696104049683,1.2559894323349,-3.334129571914673,0.69189453125,0.70361328125
2746,932,-1.9587864875793457,1.2238991260528564,0.7914798259735107,1.3010380268096924,1.1758679151535034,-3.595089912414551,0.64111328125,0.70361328125
2747,933,-1.9207491874694824,1.157472848892212,0.784014105796814,1.422460913658142,1.2102572917938232,-3.5372188091278076,0.64013671875,0.77197265625
2748,934,-2.0235178470611572,1.1732800006866455,0.7306338548660278,1.8182696104049683,1.2559894323349,-3.334129571914673,0.69189453125,0.70361328125
2749,933,-1.9207491874694824,1.157472848892212,0.784014105796814,1.422460913658142,1.2102572917938232,-3.5372188091278076,0.64013671875,0.77197265625
2750,935,-1.985785961151123,1.1082653999328613,0.7283831834793091,1.8074424266815186,1.2452962398529053,-3.3440122604370117,0.6904296875,0.77197265625
2751,936,-2.070505142211914,1.1405940055847168,0.6979734301567078,0.9536893367767334,0.7385623455047607,-3.813795566558838,0.7275390625,0.70361328125
2752,934,-2.0235178470611572,1.1732800006866455,0.7306338548660278,1.8182696104049683,1.2559894323349,-3.334129571914673,0.69189453125,0.70361328125
2753,935,-1.985785961151123,1.1082653999328613,0.7283831834793091,1.8074424266815186,1.2452962398529053,-3.3440122604370117,0.6904296875,0.77197265625
2754,936,-2.070505142211914,1.1405940055847168,0.6979734301567078,0.9536893367767334,0.7385623455047607,-3.813795566558838,0.7275390625,0.70361328125
2755,935,-1.985785961151123,1.1082653999328613,0.7283831834793091,1.8074424266815186,1.2452962398529053,-3.3440122604370117,0.6904296875,0.77197265625
2756,937,-2.035050630569458,1.0821568965911865,0.695992112159729,0.9255071878433228,0.7237744927406311,-3.823561668395996,0.728515625,0.77197265625
2757,936,-2.070505142211914,1.1405940055847168,0.6979734301567078,0.9536893367767334,0.7385623455047607,-3.813795566558838,0.7275390625,0.70361328125
2758,937,-2.035050630569458,1.0821568965911865,0.695992112159729,0.9255071878433228,0.7237744927406311,-3.823561668395996,0.728515625,0.77197265625
2759,938,-2.082235813140869,1.0555939674377441,0.6955850124359131,-1.1443880796432495,-0.3628942668437958,-3.8155884742736816,0.765625,0.77197265625
2760,936,-2.070505142211914,1.1405940055847168,0.6979734301567078,0.9536893367767334,0.7385623455047607,-3.813795566558838,0.7275390625,0.70361328125
2761,938,-2.082235813140869,1.0555939674377441,0.6955850124359131,-1.1443880796432495,-0.3628942668437958,-3.8155884742736816,0.765625,0.77197265625
2762,939,-2.1148104667663574,1.1074988842010498,0.7002854347229004,-1.0990022420883179,-0.33921751379966736,-3.8310775756835938,0.76318359375,0.70361328125
2763,939,-2.1148104667663574,1.1074988842010498,0.7002854347229004,-1.0990022420883179,-0.33921751379966736,-3.8310775756835938,0.76318359375,0.70361328125
2764,938,-2.082235813140869,1.0555939674377441,0.6955850124359131,-1.1443880796432495,-0.3628942668437958,-3.8155884742736816,0.765625,0.77197265625
2765,940,-2.1193268299102783,1.0289499759674072,0.7244582772254944,-2.943199634552002,-1.3045198917388916,-2.3739893436431885,0.802734375,0.77197265625
2766,939,-2.1148104667663574,1.1074988842010498,0.7002854347229004,-1.0990022420883179,-0.33921751379966736,-3.8310775756835938,0.76318359375,0.70361328125
2767,940,-2.1193268299102783,1.0289499759674072,0.7244582772254944,-2.943199634552002,-1.3045198917388916,-2.3739893436431885,0.802734375,0.77197265625
2768,941,-2.1488568782806396,1.0767996311187744,0.7330676317214966,-2.9586596488952637,-1.3126734495162964,-2.350159168243408,0.8017578125,0.70361328125
2769,942,-2.1533641815185547,0.9986588954925537,0.8096275329589844,-3.2785511016845703,-1.2389092445373535,-1.9277516603469849,0.85888671875,0.77197265625
2770,941,-2.1488568782806396,1.0767996311187744,0.7330676317214966,-2.9586596488952637,-1.3126734495162964,-2.350159168243408,0.8017578125,0.70361328125
2771,940,-2.1193268299102783,1.0289499759674072,0.7244582772254944,-2.943199634552002,-1.3045198917388916,-2.3739893436431885,0.802734375,0.77197265625
2772,942,-2.1533641815185547,0.9986588954925537,0.8096275329589844,-3.2785511016845703,-1.2389092445373535,-1.9277516603469849,0.85888671875,0.77197265625
2773,943,-2.1805825233459473,1.0500156879425049,0.8235677480697632,-3.2752978801727295,-1.2047209739685059,-1.9547621011734009,0.86083984375,0.70361328125
2774,941,-2.1488568782806396,1.0767996311187744,0.7330676317214966,-2.9586596488952637,-1.3126734495162964,-2.350159168243408,0.8017578125,0.70361328125
2775,942,-2.1533641815185547,0.9986588954925537,0.8096275329589844,-3.2785511016845703,-1.2389092445373535,-1.9277516603469849,0.85888671875,0.77197265625
2776,944,-2.221057653427124,1.0174806118011475,0.9032310247421265,-3.098538637161255,-0.48954498767852783,-2.481818199157715,0.91845703125,0.70361328125
2777,943,-2.1805825233459473,1.0500156879425049,0.8235677480697632,-3.2752978801727295,-1.2047209739685059,-1.9547621011734009,0.86083984375,0.70361328125
2778,942,-2.1533641815185547,0.9986588954925537,0.8096275329589844,-3.2785511016845703,-1.2389092445373535,-1.9277516603469849,0.85888671875,0.77197265625
2779,945,-2.193230152130127,0.9654886722564697,0.8795074224472046,-3.133500099182129,-0.5861549377441406,-2.416116952896118,0.91162109375,0.77197265625
2780,944,-2.221057653427124,1.0174806118011475,0.9032310247421265,-3.098538637161255,-0.48954498767852783,-2.481818199157715,0.91845703125,0.70361328125
2781,946,-2.249638080596924,0.9261131286621094,0.9409279823303223,-2.9668641090393066,-0.1764419674873352,-2.6770517826080322,0.94091796875,0.77197265625
2782,944,-2.221057653427124,1.0174806118011475,0.9032310247421265,-3.098538637161255,-0.48954498767852783,-2.481818199157715,0.91845703125,0.70361328125
2783,945,-2.193230152130127,0.9654886722564697,0.8795074224472046,-3.133500099182129,-0.5861549377441406,-2.416116952896118,0.91162109375,0.77197265625
2784,946,-2.249638080596924,0.9261131286621094,0.9409279823303223,-2.9668641090393066,-0.1764419674873352,-2.6770517826080322,0.94091796875,0.77197265625
2785,947,-2.2785236835479736,0.9802968502044678,0.9730582237243652,-2.9668641090393066,-0.1764417290687561,-2.6770522594451904,0.95166015625,0.70361328125
2786,944,-2.221057653427124,1.0174806118011475,0.9032310247421265,-3.098538637161255,-0.48954498767852783,-2.481818199157715,0.91845703125,0.70361328125
2787,948,-1.744638204574585,1.319650650024414,0.7285066246986389,-3.6909067630767822,0.879393458366394,-1.2664484977722168,0.158447265625,0.417724609375
2788,949,-1.7436432838439941,1.3238050937652588,0.6750257015228271,-3.9060263633728027,0.8619407415390015,-0.005654871463775635,0.1824951171875,0.24658203125
2789,950,-1.748702049255371,1.3011786937713623,0.7205422520637512,-3.684852123260498,0.8789740800857544,-1.284245252609253,0.11199951171875,0.4248046875
2790,951,-1.7760508060455322,1.2982432842254639,0.7817362546920776,-3.0355913639068604,0.9582341313362122,-2.422187328338623,0.1600341796875,0.49072265625
2791,948,-1.744638204574585,1.319650650024414,0.7285066246986389,-3.6909067630767822,0.879393458366394,-1.2664484977722168,0.158447265625,0.417724609375
2792,950,-1.748702049255371,1.3011786937713623,0.7205422520637512,-3.684852123260498,0.8789740800857544,-1.284245252609253,0.11199951171875,0.4248046875
2793,951,-1.7760508060455322,1.2982432842254639,0.7817362546920776,-3.0355913639068604,0.9582341313362122,-2.422187328338623,0.1600341796875,0.49072265625
2794,950,-1.748702049255371,1.3011786937713623,0.7205422520637512,-3.684852123260498,0.8789740800857544,-1.284245252609253,0.11199951171875,0.4248046875
2795,952,-1.771439552307129,1.2663815021514893,0.760339617729187,-3.0468451976776123,0.9572282433509827,-2.408417224884033,0.10980224609375,0.49951171875
2796,953,-1.8295183181762695,1.2716271877288818,0.8197618126869202,-1.9242970943450928,1.1026597023010254,-3.3288509845733643,0.1600341796875,0.5458984375
2797,951,-1.7760508060455322,1.2982432842254639,0.7817362546920776,-3.0355913639068604,0.9582341313362122,-2.422187328338623,0.1600341796875,0.49072265625
2798,952,-1.771439552307129,1.2663815021514893,0.760339617729187,-3.0468451976776123,0.9572282433509827,-2.408417224884033,0.10980224609375,0.49951171875
2799,953,-1.8295183181762695,1.2716271877288818,0.8197618126869202,-1.9242970943450928,1.1026597023010254,-3.3288509845733643,0.1600341796875,0.5458984375
2800,952,-1.771439552307129,1.2663815021514893,0.760339617729187,-3.0468451976776123,0.9572282433509827,-2.408417224884033,0.10980224609375,0.49951171875
2801,954,-1.8114705085754395,1.2251574993133545,0.790912389755249,-1.9279872179031372,1.102271318435669,-3.3268439769744873,0.10980224609375,0.5537109375
2802,955,-1.892019271850586,1.2458157539367676,0.827865719795227,-0.49704256653785706,1.231324553489685,-3.7731711864471436,0.1600341796875,0.60546875
2803,953,-1.8295183181762695,1.2716271877288818,0.8197618126869202,-1.9242970943450928,1.1026597023010254,-3.3288509845733643,0.1600341796875,0.5458984375
2804,954,-1.8114705085754395,1.2251574993133545,0.790912389755249,-1.9279872179031372,1.102271318435669,-3.3268439769744873,0.10980224609375,0.5537109375
2805,955,-1.892019271850586,1.2458157539367676,0.827865719795227,-0.49704256653785706,1.231324553489685,-3.7731711864471436,0.1600341796875,0.60546875
2806,954,-1.8114705085754395,1.2251574993133545,0.790912389755249,-1.9279872179031372,1.102271318435669,-3.3268439769744873,0.10980224609375,0.5537109375
2807,956,-1.861628770828247,1.1841752529144287,0.80389404296875,-0.43739938735961914,1.2349634170532227,-3.779362916946411,0.10980224609375,0.611328125
2808,957,-1.9543733596801758,1.2195627689361572,0.8113539814949036,0.6400061249732971,1.2750173807144165,-3.736945390701294,0.1600341796875,0.65478515625
2809,955,-1.892019271850586,1.2458157539367676,0.827865719795227,-0.49704256653785706,1.231324553489685,-3.7731711864471436,0.1600341796875,0.60546875
2810,956,-1.861628770828247,1.1841752529144287,0.80389404296875,-0.43739938735961914,1.2349634170532227,-3.779362916946411,0.10980224609375,0.611328125
2811,957,-1.9543733596801758,1.2195627689361572,0.8113539814949036,0.6400061249732971,1.2750173807144165,-3.736945390701294,0.1600341796875,0.65478515625
2812,956,-1.861628770828247,1.1841752529144287,0.80389404296875,-0.43739938735961914,1.2349634170532227,-3.779362916946411,0.10980224609375,0.611328125
2813,958,-1.916353702545166,1.1462488174438477,0.7937831282615662,0.7162420749664307,1.2764604091644287,-3.722590446472168,0.10980224609375,0.658203125
2814,959,-2.0062270164489746,1.1864407062530518,0.7801740169525146,1.0367820262908936,1.1938718557357788,-3.674206018447876,0.1600341796875,0.7001953125
2815,957,-1.9543733596801758,1.2195627689361572,0.8113539814949036,0.6400061249732971,1.2750173807144165,-3.736945390701294,0.1600341796875,0.65478515625
2816,958,-1.916353702545166,1.1462488174438477,0.7937831282615662,0.7162420749664307,1.2764604091644287,-3.722590446472168,0.10980224609375,0.658203125
2817,959,-2.0062270164489746,1.1864407062530518,0.7801740169525146,1.0367820262908936,1.1938718557357788,-3.674206018447876,0.1600341796875,0.7001953125
2818,958,-1.916353702545166,1.1462488174438477,0.7937831282615662,0.7162420749664307,1.2764604091644287,-3.722590446472168,0.10980224609375,0.658203125
2819,960,-1.9657843112945557,1.11165452003479,0.769813597202301,1.0108133554458618,1.1679329872131348,-3.6897451877593994,0.10980224609375,0.701171875
2820,961,-2.0497069358825684,1.1435811519622803,0.7584538459777832,0.1880977302789688,0.8109534978866577,-3.912417411804199,0.1600341796875,0.7431640625
2821,959,-2.0062270164489746,1.1864407062530518,0.7801740169525146,1.0367820262908936,1.1938718557357788,-3.674206018447876,0.1600341796875,0.7001953125
2822,960,-1.9657843112945557,1.11165452003479,0.769813597202301,1.0108133554458618,1.1679329872131348,-3.6897451877593994,0.10980224609375,0.701171875
2823,961,-2.0497069358825684,1.1435811519622803,0.7584538459777832,0.1880977302789688,0.8109534978866577,-3.912417411804199,0.1600341796875,0.7431640625
2824,960,-1.9657843112945557,1.11165452003479,0.769813597202301,1.0108133554458618,1.1679329872131348,-3.6897451877593994,0.10980224609375,0.701171875
2825,962,-2.012734889984131,1.0747218132019043,0.7466117143630981,-0.24786269664764404,0.6408423781394958,-3.9405484199523926,0.10980224609375,0.7451171875
2826,963,-2.083784818649292,1.0961236953735352,0.7719565033912659,-1.829669713973999,0.12371997535228729,-3.5548605918884277,0.1600341796875,0.78369140625
2827,961,-2.0497069358825684,1.1435811519622803,0.7584538459777832,0.1880977302789688,0.8109534978866577,-3.912417411804199,0.1600341796875,0.7431640625
2828,962,-2.012734889984131,1.0747218132019043,0.7466117143630981,-0.24786269664764404,0.6408423781394958,-3.9405484199523926,0.10980224609375,0.7451171875
2829,963,-2.083784818649292,1.0961236953735352,0.7719565033912659,-1.829669713973999,0.12371997535228729,-3.5548605918884277,0.1600341796875,0.78369140625
2830,962,-2.012734889984131,1.0747218132019043,0.7466117143630981,-0.24786269664764404,0.6408423781394958,-3.9405484199523926,0.10980224609375,0.7451171875
2831,964,-2.052511215209961,1.034820795059204,0.753914475440979,-2.0475716590881348,0.09413410723209381,-3.4349114894866943,0.10980224609375,0.78564453125
2832,963,-2.083784818649292,1.0961236953735352,0.7719565033912659,-1.829669713973999,0.12371997535228729,-3.5548605918884277,0.1600341796875,0.78369140625
2833,964,-2.052511215209961,1.034820795059204,0.753914475440979,-2.0475716590881348,0.09413410723209381,-3.4349114894866943,0.10980224609375,0.78564453125
2834,965,-2.0918056964874268,0.9945626258850098,0.7778007388114929,-2.8124887943267822,0.15057945251464844,-2.8402915000915527,0.10980224609375,0.8291015625
2835,963,-2.083784818649292,1.0961236953735352,0.7719565033912659,-1.829669713973999,0.12371997535228729,-3.5548605918884277,0.1600341796875,0.78369140625
2836,965,-2.0918056964874268,0.9945626258850098,0.7778007388114929,-2.8124887943267822,0.15057945251464844,-2.8402915000915527,0.10980224609375,0.8291015625
2837,966,-2.1161978244781494,1.050142526626587,0.8061880469322205,-2.796082019805908,0.14266455173492432,-2.8568506240844727,0.1600341796875,0.828125
2838,966,-2.1161978244781494,1.050142526626587,0.8061880469322205,-2.796082019805908,0.14266455173492432,-2.8568506240844727,0.1600341796875,0.828125
2839,965,-2.0918056964874268,0.9945626258850098,0.7778007388114929,-2.8124887943267822,0.15057945251464844,-2.8402915000915527,0.10980224609375,0.8291015625
2840,967,-2.1395554542541504,0.9515423774719238,0.8236534595489502,-2.9883596897125244,0.2677996754646301,-2.6453752517700195,0.10980224609375,0.87548828125
2841,966,-2.1161978244781494,1.050142526626587,0.8061880469322205,-2.796082019805908,0.14266455173492432,-2.8568506240844727,0.1600341796875,0.828125
2842,967,-2.1395554542541504,0.9515423774719238,0.8236534595489502,-2.9883596897125244,0.2677996754646301,-2.6453752517700195,0.10980224609375,0.87548828125
2843,968,-2.1614830493927,1.0115203857421875,0.8582322597503662,-2.987771987915039,0.27150148153305054,-2.6456618309020996,0.1600341796875,0.875
2844,969,-2.21408748626709,0.9809925556182861,0.9109429121017456,-2.9065520763397217,0.1997179388999939,-2.740818977355957,0.1600341796875,0.92236328125
2845,968,-2.1614830493927,1.0115203857421875,0.8582322597503662,-2.987771987915039,0.27150148153305054,-2.6456618309020996,0.1600341796875,0.875
2846,967,-2.1395554542541504,0.9515423774719238,0.8236534595489502,-2.9883596897125244,0.2677996754646301,-2.6453752517700195,0.10980224609375,0.87548828125
2847,969,-2.21408748626709,0.9809925556182861,0.9109429121017456,-2.9065520763397217,0.1997179388999939,-2.740818977355957,0.1600341796875,0.92236328125
2848,967,-2.1395554542541504,0.9515423774719238,0.8236534595489502,-2.9883596897125244,0.2677996754646301,-2.6453752517700195,0.10980224609375,0.87548828125
2849,970,-2.189990997314453,0.9153056144714355,0.8796418905258179,-2.921948194503784,0.21827811002731323,-2.722975254058838,0.10980224609375,0.9248046875
2850,971,-2.2429850101470947,0.8906424045562744,0.9362533092498779,-2.8371169567108154,0.11820900440216064,-2.8172354698181152,0.10980224609375,0.97216796875
2851,969,-2.21408748626709,0.9809925556182861,0.9109429121017456,-2.9065520763397217,0.1997179388999939,-2.740818977355957,0.1600341796875,0.92236328125
2852,970,-2.189990997314453,0.9153056144714355,0.8796418905258179,-2.921948194503784,0.21827811002731323,-2.722975254058838,0.10980224609375,0.9248046875
2853,971,-2.2429850101470947,0.8906424045562744,0.9362533092498779,-2.8371169567108154,0.11820900440216064,-2.8172354698181152,0.10980224609375,0.97216796875
2854,972,-2.2677266597747803,0.9539487361907959,0.9595471620559692,-2.8371169567108154,0.11820924282073975,-2.8172354698181152,0.1600341796875,0.96875
2855,969,-2.21408748626709,0.9809925556182861,0.9109429121017456,-2.9065520763397217,0.1997179388999939,-2.740818977355957,0.1600341796875,0.92236328125
2856,973,-2.1906397342681885,0.8138351440429688,0.8712364435195923,-1.3106063604354858,-1.4549955129623413,-3.4878833293914795,0.95166015625,0.8447265625
2857,974,-2.0135087966918945,0.7590267658233643,0.8275411128997803,-1.217763900756836,-1.8612505197525024,-3.3245797157287598,0.9033203125,0.90478515625
2858,975,-2.095269203186035,0.7120437622070312,0.8564310073852539,-1.3106064796447754,-1.4549956321716309,-3.4878833293914795,0.9443359375,0.90478515625
2859,973,-2.1906397342681885,0.8138351440429688,0.8712364435195923,-1.3106063604354858,-1.4549955129623413,-3.4878833293914795,0.95166015625,0.8447265625
2860,976,-2.1042261123657227,0.8670110702514648,0.7951512336730957,-1.2298362255096436,-1.8132245540618896,-3.3466031551361084,0.91064453125,0.8447265625
2861,974,-2.0135087966918945,0.7590267658233643,0.8275411128997803,-1.217763900756836,-1.8612505197525024,-3.3245797157287598,0.9033203125,0.90478515625
2862,977,-1.9945945739746094,0.905339241027832,0.7229371070861816,-1.201490879058838,-2.2379467487335205,-3.0899910926818848,0.8466796875,0.8447265625
2863,974,-2.0135087966918945,0.7590267658233643,0.8275411128997803,-1.217763900756836,-1.8612505197525024,-3.3245797157287598,0.9033203125,0.90478515625
2864,976,-2.1042261123657227,0.8670110702514648,0.7951512336730957,-1.2298362255096436,-1.8132245540618896,-3.3466031551361084,0.91064453125,0.8447265625
2865,977,-1.9945945739746094,0.905339241027832,0.7229371070861816,-1.201490879058838,-2.2379467487335205,-3.0899910926818848,0.8466796875,0.8447265625
2866,978,-1.911778211593628,0.7965261936187744,0.7731682658195496,-1.2054529190063477,-2.2453982830047607,-3.0830342769622803,0.83935546875,0.90478515625
2867,974,-2.0135087966918945,0.7590267658233643,0.8275411128997803,-1.217763900756836,-1.8612505197525024,-3.3245797157287598,0.9033203125,0.90478515625
2868,979,-1.8224780559539795,0.8336021900177002,0.7066096067428589,-1.084497094154358,-2.332775115966797,-3.063014507293701,0.77734375,0.90478515625
2869,978,-1.911778211593628,0.7965261936187744,0.7731682658195496,-1.2054529190063477,-2.2453982830047607,-3.0830342769622803,0.83935546875,0.90478515625
2870,977,-1.9945945739746094,0.905339241027832,0.7229371070861816,-1.201490879058838,-2.2379467487335205,-3.0899910926818848,0.8466796875,0.8447265625
2871,979,-1.8224780559539795,0.8336021900177002,0.7066096067428589,-1.084497094154358,-2.332775115966797,-3.063014507293701,0.77734375,0.90478515625
2872,977,-1.9945945739746094,0.905339241027832,0.7229371070861816,-1.201490879058838,-2.2379467487335205,-3.0899910926818848,0.8466796875,0.8447265625
2873,980,-1.8932297229766846,0.9408950805664062,0.6509912610054016,-1.0487494468688965,-2.3275678157806396,-3.0793802738189697,0.78515625,0.8447265625
2874,980,-1.8932297229766846,0.9408950805664062,0.6509912610054016,-1.0487494468688965,-2.3275678157806396,-3.0793802738189697,0.78515625,0.8447265625
2875,981,-1.7405648231506348,0.8923850059509277,0.6455869078636169,-1.096327781677246,-2.4309802055358887,-2.9813475608825684,0.71484375,0.90478515625
2876,979,-1.8224780559539795,0.8336021900177002,0.7066096067428589,-1.084497094154358,-2.332775115966797,-3.063014507293701,0.77734375,0.90478515625
2877,980,-1.8932297229766846,0.9408950805664062,0.6509912610054016,-1.0487494468688965,-2.3275678157806396,-3.0793802738189697,0.78515625,0.8447265625
2878,982,-1.7982919216156006,0.9958980083465576,0.5827071666717529,-1.2065784931182861,-2.486107110977173,-2.8919665813446045,0.72216796875,0.8447265625
2879,981,-1.7405648231506348,0.8923850059509277,0.6455869078636169,-1.096327781677246,-2.4309802055358887,-2.9813475608825684,0.71484375,0.90478515625
2880,982,-1.7982919216156006,0.9958980083465576,0.5827071666717529,-1.2065784931182861,-2.486107110977173,-2.8919665813446045,0.72216796875,0.8447265625
2881,983,-1.6781861782073975,0.9197704792022705,0.5876375436782837,-1.8739415407180786,-2.7585504055023193,-2.2087948322296143,0.6552734375,0.90478515625
2882,981,-1.7405648231506348,0.8923850059509277,0.6455869078636169,-1.096327781677246,-2.4309802055358887,-2.9813475608825684,0.71484375,0.90478515625
2883,982,-1.7982919216156006,0.9958980083465576,0.5827071666717529,-1.2065784931182861,-2.486107110977173,-2.8919665813446045,0.72216796875,0.8447265625
2884,984,-1.780299186706543,1.0420894622802734,0.5310308933258057,-2.684091329574585,-1.3443169593811035,-1.3922433853149414,0.66162109375,0.8447265625
2885,983,-1.6781861782073975,0.9197704792022705,0.5876375436782837,-1.8739415407180786,-2.7585504055023193,-2.2087948322296143,0.6552734375,0.90478515625
2886,984,-1.780299186706543,1.0420894622802734,0.5310308933258057,-2.684091329574585,-1.3443169593811035,-1.3922433853149414,0.66162109375,0.8447265625
2887,985,-1.6156094074249268,0.9165875911712646,0.5250504016876221,-2.5105276107788086,-2.8216395378112793,-1.3174341917037964,0.599609375,0.90478515625
2888,983,-1.6781861782073975,0.9197704792022705,0.5876375436782837,-1.8739415407180786,-2.7585504055023193,-2.2087948322296143,0.6552734375,0.90478515625
2889,984,-1.780299186706543,1.0420894622802734,0.5310308933258057,-2.684091329574585,-1.3443169593811035,-1.3922433853149414,0.66162109375,0.8447265625
2890,986,-1.792384386062622,1.00528085231781,0.475017786026001,-3.1438331604003906,-0.45036590099334717,-0.2894865870475769,0.6044921875,0.8447265625
2891,985,-1.6156094074249268,0.9165875911712646,0.5250504016876221,-2.5105276107788086,-2.8216395378112793,-1.3174341917037964,0.599609375,0.90478515625
2892,986,-1.792384386062622,1.00528085231781,0.475017786026001,-3.1438331604003906,-0.45036590099334717,-0.2894865870475769,0.6044921875,0.8447265625
2893,987,-1.5555915832519531,0.8761334419250488,0.46966028213500977,-2.4804482460021973,-2.978475570678711,-0.9879754781723022,0.55224609375,0.90478515625
2894,985,-1.6156094074249268,0.9165875911712646,0.5250504016876221,-2.5105276107788086,-2.8216395378112793,-1.3174341917037964,0.599609375,0.90478515625
2895,986,-1.792384386062622,1.00528085231781,0.475017786026001,-3.1438331604003906,-0.45036590099334717,-0.2894865870475769,0.6044921875,0.8447265625
2896,988,-1.78956937789917,0.9303845167160034,0.4412088394165039,-3.117487907409668,-0.4948728680610657,0.08303435891866684,0.55810546875,0.8447265625
2897,987,-1.5555915832519531,0.8761334419250488,0.46966028213500977,-2.4804482460021973,-2.978475570678711,-0.9879754781723022,0.55224609375,0.90478515625
2898,988,-1.78956937789917,0.9303845167160034,0.4412088394165039,-3.117487907409668,-0.4948728680610657,0.08303435891866684,0.55810546875,0.8447265625
2899,989,-1.489145040512085,0.8556108474731445,0.4334942102432251,-0.5365006923675537,-3.5558061599731445,-1.7516987323760986,0.50048828125,0.90478515625
2900,987,-1.5555915832519531,0.8761334419250488,0.46966028213500977,-2.4804482460021973,-2.978475570678711,-0.9879754781723022,0.55224609375,0.90478515625
2901,988,-1.78956937789917,0.9303845167160034,0.4412088394165039,-3.117487907409668,-0.4948728680610657,0.08303435891866684,0.55810546875,0.8447265625
2902,990,-1.5185859203338623,0.8870069980621338,0.37600910663604736,-1.2105282545089722,-3.499209403991699,-1.5133376121520996,0.50439453125,0.8447265625
2903,989,-1.489145040512085,0.8556108474731445,0.4334942102432251,-0.5365006923675537,-3.5558061599731445,-1.7516987323760986,0.50048828125,0.90478515625
2904,990,-1.5185859203338623,0.8870069980621338,0.37600910663604736,-1.2105282545089722,-3.499209403991699,-1.5133376121520996,0.50439453125,0.8447265625
2905,991,-1.4003217220306396,0.8784897327423096,0.4416515827178955,0.4426020383834839,-3.538180351257324,-1.812572717666626,0.458740234375,0.90478515625
2906,989,-1.489145040512085,0.8556108474731445,0.4334942102432251,-0.5365006923675537,-3.5558061599731445,-1.7516987323760986,0.50048828125,0.90478515625
2907,990,-1.5185859203338623,0.8870069980621338,0.37600910663604736,-1.2105282545089722,-3.499209403991699,-1.5133376121520996,0.50439453125,0.8447265625
2908,992,-1.4186079502105713,0.8947083950042725,0.401813805103302,0.7156784534454346,-3.410763740539551,-1.9632956981658936,0.462646484375,0.8447265625
2909,991,-1.4003217220306396,0.8784897327423096,0.4416515827178955,0.4426020383834839,-3.538180351257324,-1.812572717666626,0.458740234375,0.90478515625
2910,992,-1.4186079502105713,0.8947083950042725,0.401813805103302,0.7156784534454346,-3.410763740539551,-1.9632956981658936,0.462646484375,0.8447265625
2911,993,-1.2848608493804932,0.8796603679656982,0.4265909194946289,-0.1510460376739502,-3.7258501052856445,-1.4475021362304688,0.31494140625,0.87451171875
2912,991,-1.4003217220306396,0.8784897327423096,0.4416515827178955,0.4426020383834839,-3.538180351257324,-1.812572717666626,0.458740234375,0.90478515625
2913,994,-2.0357131958007812,0.6839704513549805,0.8601573705673218,-0.7095580101013184,-2.032346487045288,-3.371368885040283,0.8505859375,0.525390625
2914,995,-2.1409685611724854,0.8300831317901611,0.8812739849090576,-1.5170625448226929,-0.5642008781433105,-3.6578996181488037,0.916015625,0.54443359375
2915,996,-1.8753349781036377,0.7615606784820557,0.7816752791404724,-0.5749646425247192,-2.438371419906616,-3.118299961090088,0.86181640625,0.464599609375
2916,997,-1.9718906879425049,0.6024417877197266,0.9405767917633057,0.27836763858795166,-3.31187105178833,-2.2257699966430664,0.802734375,0.51416015625
2917,994,-2.0357131958007812,0.6839704513549805,0.8601573705673218,-0.7095580101013184,-2.032346487045288,-3.371368885040283,0.8505859375,0.525390625
2918,996,-1.8753349781036377,0.7615606784820557,0.7816752791404724,-0.5749646425247192,-2.438371419906616,-3.118299961090088,0.86181640625,0.464599609375
2919,997,-1.9718906879425049,0.6024417877197266,0.9405767917633057,0.27836763858795166,-3.31187105178833,-2.2257699966430664,0.802734375,0.51416015625
2920,996,-1.8753349781036377,0.7615606784820557,0.7816752791404724,-0.5749646425247192,-2.438371419906616,-3.118299961090088,0.86181640625,0.464599609375
2921,998,-1.7920842170715332,0.6626980304718018,0.8706849813461304,0.45408034324645996,-3.318600654602051,-2.186488628387451,0.81005859375,0.452392578125
2922,998,-1.7920842170715332,0.6626980304718018,0.8706849813461304,0.45408034324645996,-3.318600654602051,-2.186488628387451,0.81005859375,0.452392578125
2923,996,-1.8753349781036377,0.7615606784820557,0.7816752791404724,-0.5749646425247192,-2.438371419906616,-3.118299961090088,0.86181640625,0.464599609375
2924,999,-1.6663601398468018,0.8472981452941895,0.6698344945907593,-0.770235538482666,-2.756941318511963,-2.7939302921295166,0.87158203125,0.372802734375
2925,1000,-1.8865272998809814,0.5451798439025879,1.0945765972137451,0.9661138653755188,-3.812011241912842,-0.7315897345542908,0.7548828125,0.5107421875
2926,997,-1.9718906879425049,0.6024417877197266,0.9405767917633057,0.27836763858795166,-3.31187105178833,-2.2257699966430664,0.802734375,0.51416015625
2927,998,-1.7920842170715332,0.6626980304718018,0.8706849813461304,0.45408034324645996,-3.318600654602051,-2.186488628387451,0.81005859375,0.452392578125
2928,999,-1.6663601398468018,0.8472981452941895,0.6698344945907593,-0.770235538482666,-2.756941318511963,-2.7939302921295166,0.87158203125,0.372802734375
2929,996,-1.8753349781036377,0.7615606784820557,0.7816752791404724,-0.5749646425247192,-2.438371419906616,-3.118299961090088,0.86181640625,0.464599609375
2930,1001,-1.941030502319336,0.8713974952697754,0.748160183429718,-1.662963628768921,-1.0887033939361572,-3.4712114334106445,0.8955078125,0.485595703125
2931,1002,-2.1409685611724854,0.8300831317901611,0.8812739849090576,-1.8371753692626953,-1.4948034286499023,-3.2234113216400146,0.916015625,0.54443359375
2932,1001,-1.941030502319336,0.8713974952697754,0.748160183429718,-1.662963628768921,-1.0887033939361572,-3.4712114334106445,0.8955078125,0.485595703125
2933,996,-1.8753349781036377,0.7615606784820557,0.7816752791404724,-0.5749646425247192,-2.438371419906616,-3.118299961090088,0.86181640625,0.464599609375
2934,1003,-1.9732270240783691,0.9287519454956055,0.7723170518875122,-2.106863498687744,0.241200789809227,-3.391603946685791,0.91796875,0.49658203125
2935,1001,-1.941030502319336,0.8713974952697754,0.748160183429718,-1.662963628768921,-1.0887033939361572,-3.4712114334106445,0.8955078125,0.485595703125
2936,1002,-2.1409685611724854,0.8300831317901611,0.8812739849090576,-1.8371753692626953,-1.4948034286499023,-3.2234113216400146,0.916015625,0.54443359375
2937,1001,-1.941030502319336,0.8713974952697754,0.748160183429718,-1.662963628768921,-1.0887033939361572,-3.4712114334106445,0.8955078125,0.485595703125
2938,1003,-1.9732270240783691,0.9287519454956055,0.7723170518875122,-2.106863498687744,0.241200789809227,-3.391603946685791,0.91796875,0.49658203125
2939,1004,-1.8007562160491943,1.0477728843688965,0.6786105632781982,-2.5058884620666504,-0.5099526643753052,-3.075791597366333,0.93408203125,0.424072265625
2940,1001,-1.941030502319336,0.8713974952697754,0.748160183429718,-1.662963628768921,-1.0887033939361572,-3.4712114334106445,0.8955078125,0.485595703125
2941,1004,-1.8007562160491943,1.0477728843688965,0.6786105632781982,-2.5058884620666504,-0.5099526643753052,-3.075791597366333,0.93408203125,0.424072265625
2942,1005,-1.746032476425171,0.955681562423706,0.6382896900177002,-1.919773817062378,-1.502662181854248,-3.171198844909668,0.9033203125,0.395751953125
2943,999,-1.6663601398468018,0.8472981452941895,0.6698344945907593,-0.770235538482666,-2.756941318511963,-2.7939302921295166,0.87158203125,0.372802734375
2944,1001,-1.941030502319336,0.8713974952697754,0.748160183429718,-1.662963628768921,-1.0887033939361572,-3.4712114334106445,0.8955078125,0.485595703125
2945,1005,-1.746032476425171,0.955681562423706,0.6382896900177002,-1.919773817062378,-1.502662181854248,-3.171198844909668,0.9033203125,0.395751953125
2946,1004,-1.8007562160491943,1.0477728843688965,0.6786105632781982,-2.5058884620666504,-0.5099526643753052,-3.075791597366333,0.93408203125,0.424072265625
2947,1006,-1.6070642471313477,1.0369219779968262,0.4867382049560547,-2.375035047531128,-2.318225383758545,-2.2327280044555664,0.9365234375,0.302734375
2948,1005,-1.746032476425171,0.955681562423706,0.6382896900177002,-1.919773817062378,-1.502662181854248,-3.171198844909668,0.9033203125,0.395751953125
2949,1006,-1.6070642471313477,1.0369219779968262,0.4867382049560547,-2.375035047531128,-2.318225383758545,-2.2327280044555664,0.9365234375,0.302734375
2950,999,-1.6663601398468018,0.8472981452941895,0.6698344945907593,-0.770235538482666,-2.756941318511963,-2.7939302921295166,0.87158203125,0.372802734375
2951,1005,-1.746032476425171,0.955681562423706,0.6382896900177002,-1.919773817062378,-1.502662181854248,-3.171198844909668,0.9033203125,0.395751953125
2952,1004,-1.8007562160491943,1.0477728843688965,0.6786105632781982,-2.5058884620666504,-0.5099526643753052,-3.075791597366333,0.93408203125,0.424072265625
2953,1007,-1.7003974914550781,1.172595500946045,0.5064846873283386,-2.851771116256714,-1.2097737789154053,-2.530587911605835,0.98974609375,0.325439453125
2954,1006,-1.6070642471313477,1.0369219779968262,0.4867382049560547,-2.375035047531128,-2.318225383758545,-2.2327280044555664,0.9365234375,0.302734375
2955,1006,-1.6070642471313477,1.0369219779968262,0.4867382049560547,-2.375035047531128,-2.318225383758545,-2.2327280044555664,0.9365234375,0.302734375
2956,1007,-1.7003974914550781,1.172595500946045,0.5064846873283386,-2.851771116256714,-1.2097737789154053,-2.530587911605835,0.98974609375,0.325439453125
2957,1008,-1.5835208892822266,1.0407745838165283,0.36538881063461304,-2.5533957481384277,-3.021679401397705,-0.5913194417953491,0.9931640625,0.28662109375
2958,1006,-1.6070642471313477,1.0369219779968262,0.4867382049560547,-2.375035047531128,-2.318225383758545,-2.2327280044555664,0.9365234375,0.302734375
2959,1008,-1.5835208892822266,1.0407745838165283,0.36538881063461304,-2.5533957481384277,-3.021679401397705,-0.5913194417953491,0.9931640625,0.28662109375
2960,1009,-1.4337046146392822,0.945899486541748,0.3360092043876648,-1.6757951974868774,-3.296436309814453,-1.5248799324035645,0.97119140625,0.2288818359375
2961,1006,-1.6070642471313477,1.0369219779968262,0.4867382049560547,-2.375035047531128,-2.318225383758545,-2.2327280044555664,0.9365234375,0.302734375
2962,1010,-1.490140438079834,0.8808248043060303,0.5590605139732361,-1.3255219459533691,-3.2627511024475098,-1.8967032432556152,0.87646484375,0.28076171875
2963,999,-1.6663601398468018,0.8472981452941895,0.6698344945907593,-0.770235538482666,-2.756941318511963,-2.7939302921295166,0.87158203125,0.372802734375
2964,1010,-1.490140438079834,0.8808248043060303,0.5590605139732361,-1.3255219459533691,-3.2627511024475098,-1.8967032432556152,0.87646484375,0.28076171875
2965,1006,-1.6070642471313477,1.0369219779968262,0.4867382049560547,-2.375035047531128,-2.318225383758545,-2.2327280044555664,0.9365234375,0.302734375
2966,1009,-1.4337046146392822,0.945899486541748,0.3360092043876648,-1.6757951974868774,-3.296436309814453,-1.5248799324035645,0.97119140625,0.2288818359375
2967,1000,-1.8865272998809814,0.5451798439025879,1.0945765972137451,0.9661138653755188,-3.812011241912842,-0.7315897345542908,0.7548828125,0.5107421875
2968,998,-1.7920842170715332,0.6626980304718018,0.8706849813461304,0.45408034324645996,-3.318600654602051,-2.186488628387451,0.81005859375,0.452392578125
2969,1011,-1.7051739692687988,0.602968692779541,1.0333057641983032,1.25199556350708,-3.7252135276794434,-0.7452004551887512,0.755859375,0.44775390625
2970,998,-1.7920842170715332,0.6626980304718018,0.8706849813461304,0.45408034324645996,-3.318600654602051,-2.186488628387451,0.81005859375,0.452392578125
2971,999,-1.6663601398468018,0.8472981452941895,0.6698344945907593,-0.770235538482666,-2.756941318511963,-2.7939302921295166,0.87158203125,0.372802734375
2972,1012,-1.5687057971954346,0.755840539932251,0.7898221015930176,0.24005532264709473,-3.5270631313323975,-1.8714251518249512,0.814453125,0.3583984375
2973,1011,-1.7051739692687988,0.602968692779541,1.0333057641983032,1.25199556350708,-3.7252135276794434,-0.7452004551887512,0.755859375,0.44775390625
2974,998,-1.7920842170715332,0.6626980304718018,0.8706849813461304,0.45408034324645996,-3.318600654602051,-2.186488628387451,0.81005859375,0.452392578125
2975,1012,-1.5687057971954346,0.755840539932251,0.7898221015930176,0.24005532264709473,-3.5270631313323975,-1.8714251518249512,0.814453125,0.3583984375
2976,999,-1.6663601398468018,0.8472981452941895,0.6698344945907593,-0.770235538482666,-2.756941318511963,-2.7939302921295166,0.87158203125,0.372802734375
2977,1010,-1.490140438079834,0.8808248043060303,0.5590605139732361,-1.3255219459533691,-3.2627511024475098,-1.8967032432556152,0.87646484375,0.28076171875
2978,1013,-1.368485689163208,0.7898662090301514,0.7098125219345093,-0.33915388584136963,-3.775675058364868,-1.2764365673065186,0.81591796875,0.269287109375
2979,999,-1.6663601398468018,0.8472981452941895,0.6698344945907593,-0.770235538482666,-2.756941318511963,-2.7939302921295166,0.87158203125,0.372802734375
2980,1013,-1.368485689163208,0.7898662090301514,0.7098125219345093,-0.33915388584136963,-3.775675058364868,-1.2764365673065186,0.81591796875,0.269287109375
2981,1012,-1.5687057971954346,0.755840539932251,0.7898221015930176,0.24005532264709473,-3.5270631313323975,-1.8714251518249512,0.814453125,0.3583984375
2982,1010,-1.490140438079834,0.8808248043060303,0.5590605139732361,-1.3255219459533691,-3.2627511024475098,-1.8967032432556152,0.87646484375,0.28076171875
2983,1009,-1.4337046146392822,0.945899486541748,0.3360092043876648,-1.6757951974868774,-3.296436309814453,-1.5248799324035645,0.97119140625,0.2288818359375
2984,1014,-1.334656000137329,0.858360767364502,0.4643288254737854,-0.7575143575668335,-3.6144707202911377,-1.5368189811706543,0.87841796875,0.22412109375
2985,1014,-1.334656000137329,0.858360767364502,0.4643288254737854,-0.7575143575668335,-3.6144707202911377,-1.5368189811706543,0.87841796875,0.22412109375
2986,1013,-1.368485689163208,0.7898662090301514,0.7098125219345093,-0.33915388584136963,-3.775675058364868,-1.2764365673065186,0.81591796875,0.269287109375
2987,1010,-1.490140438079834,0.8808248043060303,0.5590605139732361,-1.3255219459533691,-3.2627511024475098,-1.8967032432556152,0.87646484375,0.28076171875
2988,1009,-1.4337046146392822,0.945899486541748,0.3360092043876648,-1.6757951974868774,-3.296436309814453,-1.5248799324035645,0.97119140625,0.2288818359375
2989,1015,-1.1880121231079102,0.9034459590911865,0.3998616933822632,0.76454758644104,-3.4051127433776855,-1.954662799835205,0.88037109375,0.173095703125
2990,1014,-1.334656000137329,0.858360767364502,0.4643288254737854,-0.7575143575668335,-3.6144707202911377,-1.5368189811706543,0.87841796875,0.22412109375
2991,1009,-1.4337046146392822,0.945899486541748,0.3360092043876648,-1.6757951974868774,-3.296436309814453,-1.5248799324035645,0.97119140625,0.2288818359375
2992,1016,-1.2504768371582031,0.9299509525299072,0.3181718587875366,0.17941820621490479,-3.516118049621582,-1.8986201286315918,0.974609375,0.1695556640625
2993,1015,-1.1880121231079102,0.9034459590911865,0.3998616933822632,0.76454758644104,-3.4051127433776855,-1.954662799835205,0.88037109375,0.173095703125
2994,1017,-1.0431299209594727,1.0278735160827637,0.3056136965751648,1.2253596782684326,-3.1791906356811523,-2.095536231994629,0.9296875,0.10919189453125
2995,1015,-1.1880121231079102,0.9034459590911865,0.3998616933822632,0.76454758644104,-3.4051127433776855,-1.954662799835205,0.88037109375,0.173095703125
2996,1016,-1.2504768371582031,0.9299509525299072,0.3181718587875366,0.17941820621490479,-3.516118049621582,-1.8986201286315918,0.974609375,0.1695556640625
2997,1014,-1.334656000137329,0.858360767364502,0.4643288254737854,-0.7575143575668335,-3.6144707202911377,-1.5368189811706543,0.87841796875,0.22412109375
2998,1018,-1.2151052951812744,0.7894690036773682,0.6398694515228271,0.01782083511352539,-3.8037209510803223,-1.2375075817108154,0.81884765625,0.21484375
2999,1013,-1.368485689163208,0.7898662090301514,0.7098125219345093,-0.33915388584136963,-3.775675058364868,-1.2764365673065186,0.81591796875,0.269287109375
3000,1015,-1.1880121231079102,0.9034459590911865,0.3998616933822632,0.76454758644104,-3.4051127433776855,-1.954662799835205,0.88037109375,0.173095703125
3001,1018,-1.2151052951812744,0.7894690036773682,0.6398694515228271,0.01782083511352539,-3.8037209510803223,-1.2375075817108154,0.81884765625,0.21484375
3002,1014,-1.334656000137329,0.858360767364502,0.4643288254737854,-0.7575143575668335,-3.6144707202911377,-1.5368189811706543,0.87841796875,0.22412109375
3003,1012,-1.5687057971954346,0.755840539932251,0.7898221015930176,0.24005532264709473,-3.5270631313323975,-1.8714251518249512,0.814453125,0.3583984375
3004,1013,-1.368485689163208,0.7898662090301514,0.7098125219345093,-0.33915388584136963,-3.775675058364868,-1.2764365673065186,0.81591796875,0.269287109375
3005,1019,-1.2974398136138916,0.7434191703796387,0.8978309631347656,0.2258239984512329,-3.980243444442749,-0.3266553282737732,0.7607421875,0.265869140625
3006,1018,-1.2151052951812744,0.7894690036773682,0.6398694515228271,0.01782083511352539,-3.8037209510803223,-1.2375075817108154,0.81884765625,0.21484375
3007,1019,-1.2974398136138916,0.7434191703796387,0.8978309631347656,0.2258239984512329,-3.980243444442749,-0.3266553282737732,0.7607421875,0.265869140625
3008,1013,-1.368485689163208,0.7898662090301514,0.7098125219345093,-0.33915388584136963,-3.775675058364868,-1.2764365673065186,0.81591796875,0.269287109375
3009,1015,-1.1880121231079102,0.9034459590911865,0.3998616933822632,0.76454758644104,-3.4051127433776855,-1.954662799835205,0.88037109375,0.173095703125
3010,1017,-1.0431299209594727,1.0278735160827637,0.3056136965751648,1.2253596782684326,-3.1791906356811523,-2.095536231994629,0.9296875,0.10919189453125
3011,1020,-0.8784027099609375,0.9421608448028564,0.5139608979225159,1.4816445112228394,-3.2785885334014893,-1.7480319738388062,0.8291015625,0.093994140625
3012,1020,-0.8784027099609375,0.9421608448028564,0.5139608979225159,1.4816445112228394,-3.2785885334014893,-1.7480319738388062,0.8291015625,0.093994140625
3013,1017,-1.0431299209594727,1.0278735160827637,0.3056136965751648,1.2253596782684326,-3.1791906356811523,-2.095536231994629,0.9296875,0.10919189453125
3014,1021,-0.8045110702514648,1.1080596446990967,0.30356234312057495,1.2741248607635498,-3.182171583175659,-2.061654806137085,0.90625,0.055389404296875
3015,1020,-0.8784027099609375,0.9421608448028564,0.5139608979225159,1.4816445112228394,-3.2785885334014893,-1.7480319738388062,0.8291015625,0.093994140625
3016,1021,-0.8045110702514648,1.1080596446990967,0.30356234312057495,1.2741248607635498,-3.182171583175659,-2.061654806137085,0.90625,0.055389404296875
3017,1022,-0.6859750747680664,1.0726523399353027,0.45722419023513794,1.6354031562805176,-3.2388734817504883,-1.683800458908081,0.84375,0.025177001953125
3018,1015,-1.1880121231079102,0.9034459590911865,0.3998616933822632,0.76454758644104,-3.4051127433776855,-1.954662799835205,0.88037109375,0.173095703125
3019,1023,-1.066049575805664,0.8372864723205566,0.5782739520072937,1.0513736009597778,-3.4871251583099365,-1.6536626815795898,0.8212890625,0.1658935546875
3020,1018,-1.2151052951812744,0.7894690036773682,0.6398694515228271,0.01782083511352539,-3.8037209510803223,-1.2375075817108154,0.81884765625,0.21484375
3021,1015,-1.1880121231079102,0.9034459590911865,0.3998616933822632,0.76454758644104,-3.4051127433776855,-1.954662799835205,0.88037109375,0.173095703125
3022,1020,-0.8784027099609375,0.9421608448028564,0.5139608979225159,1.4816445112228394,-3.2785885334014893,-1.7480319738388062,0.8291015625,0.093994140625
3023,1023,-1.066049575805664,0.8372864723205566,0.5782739520072937,1.0513736009597778,-3.4871251583099365,-1.6536626815795898,0.8212890625,0.1658935546875
3024,1024,-0.7853565216064453,0.9088966846466064,0.7114042043685913,1.8839155435562134,-3.3839311599731445,-0.9999484419822693,0.76611328125,0.0926513671875
3025,1020,-0.8784027099609375,0.9421608448028564,0.5139608979225159,1.4816445112228394,-3.2785885334014893,-1.7480319738388062,0.8291015625,0.093994140625
3026,1022,-0.6859750747680664,1.0726523399353027,0.45722419023513794,1.6354031562805176,-3.2388734817504883,-1.683800458908081,0.84375,0.025177001953125
3027,1024,-0.7853565216064453,0.9088966846466064,0.7114042043685913,1.8839155435562134,-3.3839311599731445,-0.9999484419822693,0.76611328125,0.0926513671875
3028,1022,-0.6859750747680664,1.0726523399353027,0.45722419023513794,1.6354031562805176,-3.2388734817504883,-1.683800458908081,0.84375,0.025177001953125
3029,1025,-0.5951352119445801,1.0522310733795166,0.6540242433547974,2.042158365249634,-3.2769293785095215,-1.044675588607788,0.76806640625,0.03997802734375
3030,1024,-0.7853565216064453,0.9088966846466064,0.7114042043685913,1.8839155435562134,-3.3839311599731445,-0.9999484419822693,0.76611328125,0.0926513671875
3031,1025,-0.5951352119445801,1.0522310733795166,0.6540242433547974,2.042158365249634,-3.2769293785095215,-1.044675588607788,0.76806640625,0.03997802734375
3032,1026,-0.5308496952056885,1.0372185707092285,0.8741995096206665,2.184145450592041,-3.339562177658081,-0.2772328853607178,0.70556640625,0.05181884765625
3033,1023,-1.066049575805664,0.8372864723205566,0.5782739520072937,1.0513736009597778,-3.4871251583099365,-1.6536626815795898,0.8212890625,0.1658935546875
3034,1027,-1.1318581104278564,0.7438974380493164,0.8319196701049805,0.41475677490234375,-3.9518370628356934,-0.45934438705444336,0.7626953125,0.2122802734375
3035,1018,-1.2151052951812744,0.7894690036773682,0.6398694515228271,0.01782083511352539,-3.8037209510803223,-1.2375075817108154,0.81884765625,0.21484375
3036,1018,-1.2151052951812744,0.7894690036773682,0.6398694515228271,0.01782083511352539,-3.8037209510803223,-1.2375075817108154,0.81884765625,0.21484375
3037,1027,-1.1318581104278564,0.7438974380493164,0.8319196701049805,0.41475677490234375,-3.9518370628356934,-0.45934438705444336,0.7626953125,0.2122802734375
3038,1019,-1.2974398136138916,0.7434191703796387,0.8978309631347656,0.2258239984512329,-3.980243444442749,-0.3266553282737732,0.7607421875,0.265869140625
3039,1028,-0.9748029708862305,0.7946107387542725,0.7735365629196167,1.3886723518371582,-3.6580090522766113,-0.831015408039093,0.76513671875,0.164306640625
3040,1023,-1.066049575805664,0.8372864723205566,0.5782739520072937,1.0513736009597778,-3.4871251583099365,-1.6536626815795898,0.8212890625,0.1658935546875
3041,1020,-0.8784027099609375,0.9421608448028564,0.5139608979225159,1.4816445112228394,-3.2785885334014893,-1.7480319738388062,0.8291015625,0.093994140625
3042,1028,-0.9748029708862305,0.7946107387542725,0.7735365629196167,1.3886723518371582,-3.6580090522766113,-0.831015408039093,0.76513671875,0.164306640625
3043,1020,-0.8784027099609375,0.9421608448028564,0.5139608979225159,1.4816445112228394,-3.2785885334014893,-1.7480319738388062,0.8291015625,0.093994140625
3044,1024,-0.7853565216064453,0.9088966846466064,0.7114042043685913,1.8839155435562134,-3.3839311599731445,-0.9999484419822693,0.76611328125,0.0926513671875
3045,1023,-1.066049575805664,0.8372864723205566,0.5782739520072937,1.0513736009597778,-3.4871251583099365,-1.6536626815795898,0.8212890625,0.1658935546875
3046,1028,-0.9748029708862305,0.7946107387542725,0.7735365629196167,1.3886723518371582,-3.6580090522766113,-0.831015408039093,0.76513671875,0.164306640625
3047,1027,-1.1318581104278564,0.7438974380493164,0.8319196701049805,0.41475677490234375,-3.9518370628356934,-0.45934438705444336,0.7626953125,0.2122802734375
3048,1024,-0.7853565216064453,0.9088966846466064,0.7114042043685913,1.8839155435562134,-3.3839311599731445,-0.9999484419822693,0.76611328125,0.0926513671875
3049,1026,-0.5308496952056885,1.0372185707092285,0.8741995096206665,2.184145450592041,-3.339562177658081,-0.2772328853607178,0.70556640625,0.05181884765625
3050,1029,-0.7267656326293945,0.9033458232879639,0.9271785616874695,2.0491700172424316,-3.433143138885498,-0.12023329734802246,0.70556640625,0.095703125
3051,1028,-0.9748029708862305,0.7946107387542725,0.7735365629196167,1.3886723518371582,-3.6580090522766113,-0.831015408039093,0.76513671875,0.164306640625
3052,1024,-0.7853565216064453,0.9088966846466064,0.7114042043685913,1.8839155435562134,-3.3839311599731445,-0.9999484419822693,0.76611328125,0.0926513671875
3053,1029,-0.7267656326293945,0.9033458232879639,0.9271785616874695,2.0491700172424316,-3.433143138885498,-0.12023329734802246,0.70556640625,0.095703125
3054,1029,-0.7267656326293945,0.9033458232879639,0.9271785616874695,2.0491700172424316,-3.433143138885498,-0.12023329734802246,0.70556640625,0.095703125
3055,1026,-0.5308496952056885,1.0372185707092285,0.8741995096206665,2.184145450592041,-3.339562177658081,-0.2772328853607178,0.70556640625,0.05181884765625
3056,1030,-0.5261011123657227,1.0502824783325195,1.1059993505477905,2.1252400875091553,-3.36057710647583,0.4357790946960449,0.64599609375,0.058074951171875
3057,1031,-0.9217061996459961,0.7994723320007324,0.9825229048728943,1.5798780918121338,-3.6709113121032715,0.16858720779418945,0.70703125,0.166748046875
3058,1027,-1.1318581104278564,0.7438974380493164,0.8319196701049805,0.41475677490234375,-3.9518370628356934,-0.45934438705444336,0.7626953125,0.2122802734375
3059,1028,-0.9748029708862305,0.7946107387542725,0.7735365629196167,1.3886723518371582,-3.6580090522766113,-0.831015408039093,0.76513671875,0.164306640625
3060,1028,-0.9748029708862305,0.7946107387542725,0.7735365629196167,1.3886723518371582,-3.6580090522766113,-0.831015408039093,0.76513671875,0.164306640625
3061,1029,-0.7267656326293945,0.9033458232879639,0.9271785616874695,2.0491700172424316,-3.433143138885498,-0.12023329734802246,0.70556640625,0.095703125
3062,1031,-0.9217061996459961,0.7994723320007324,0.9825229048728943,1.5798780918121338,-3.6709113121032715,0.16858720779418945,0.70703125,0.166748046875
3063,1029,-0.7267656326293945,0.9033458232879639,0.9271785616874695,2.0491700172424316,-3.433143138885498,-0.12023329734802246,0.70556640625,0.095703125
3064,1030,-0.5261011123657227,1.0502824783325195,1.1059993505477905,2.1252400875091553,-3.36057710647583,0.4357790946960449,0.64599609375,0.058074951171875
3065,1032,-0.7247228622436523,0.9337918758392334,1.1544015407562256,1.9525197744369507,-3.442260980606079,0.5818369388580322,0.64697265625,0.1043701171875
3066,1031,-0.9217061996459961,0.7994723320007324,0.9825229048728943,1.5798780918121338,-3.6709113121032715,0.16858720779418945,0.70703125,0.166748046875
3067,1029,-0.7267656326293945,0.9033458232879639,0.9271785616874695,2.0491700172424316,-3.433143138885498,-0.12023329734802246,0.70556640625,0.095703125
3068,1032,-0.7247228622436523,0.9337918758392334,1.1544015407562256,1.9525197744369507,-3.442260980606079,0.5818369388580322,0.64697265625,0.1043701171875
3069,1032,-0.7247228622436523,0.9337918758392334,1.1544015407562256,1.9525197744369507,-3.442260980606079,0.5818369388580322,0.64697265625,0.1043701171875
3070,1030,-0.5261011123657227,1.0502824783325195,1.1059993505477905,2.1252400875091553,-3.36057710647583,0.4357790946960449,0.64599609375,0.058074951171875
3071,1033,-0.5471348762512207,1.075380563735962,1.3409312963485718,2.037888526916504,-3.384077548980713,0.6285353302955627,0.568359375,0.0787353515625
3072,1032,-0.7247228622436523,0.9337918758392334,1.1544015407562256,1.9525197744369507,-3.442260980606079,0.5818369388580322,0.64697265625,0.1043701171875
3073,1033,-0.5471348762512207,1.075380563735962,1.3409312963485718,2.037888526916504,-3.384077548980713,0.6285353302955627,0.568359375,0.0787353515625
3074,1034,-0.7384319305419922,0.978539228439331,1.4081707000732422,1.8348785638809204,-3.473926544189453,0.751719057559967,0.56103515625,0.1298828125
3075,1031,-0.9217061996459961,0.7994723320007324,0.9825229048728943,1.5798780918121338,-3.6709113121032715,0.16858720779418945,0.70703125,0.166748046875
3076,1035,-1.081502914428711,0.7576336860656738,1.0327821969985962,0.6079273223876953,-3.912263870239258,0.5697783827781677,0.7060546875,0.2154541015625
3077,1027,-1.1318581104278564,0.7438974380493164,0.8319196701049805,0.41475677490234375,-3.9518370628356934,-0.45934438705444336,0.7626953125,0.2122802734375
3078,1035,-1.081502914428711,0.7576336860656738,1.0327821969985962,0.6079273223876953,-3.912263870239258,0.5697783827781677,0.7060546875,0.2154541015625
3079,1019,-1.2974398136138916,0.7434191703796387,0.8978309631347656,0.2258239984512329,-3.980243444442749,-0.3266553282737732,0.7607421875,0.265869140625
3080,1027,-1.1318581104278564,0.7438974380493164,0.8319196701049805,0.41475677490234375,-3.9518370628356934,-0.45934438705444336,0.7626953125,0.2122802734375
3081,1031,-0.9217061996459961,0.7994723320007324,0.9825229048728943,1.5798780918121338,-3.6709113121032715,0.16858720779418945,0.70703125,0.166748046875
3082,1032,-0.7247228622436523,0.9337918758392334,1.1544015407562256,1.9525197744369507,-3.442260980606079,0.5818369388580322,0.64697265625,0.1043701171875
3083,1036,-0.9226064682006836,0.8410773277282715,1.1919426918029785,1.420137643814087,-3.6442391872406006,0.8383086323738098,0.65380859375,0.1768798828125
3084,1036,-0.9226064682006836,0.8410773277282715,1.1919426918029785,1.420137643814087,-3.6442391872406006,0.8383086323738098,0.65380859375,0.1768798828125
3085,1032,-0.7247228622436523,0.9337918758392334,1.1544015407562256,1.9525197744369507,-3.442260980606079,0.5818369388580322,0.64697265625,0.1043701171875
3086,1034,-0.7384319305419922,0.978539228439331,1.4081707000732422,1.8348785638809204,-3.473926544189453,0.751719057559967,0.56103515625,0.1298828125
3087,1036,-0.9226064682006836,0.8410773277282715,1.1919426918029785,1.420137643814087,-3.6442391872406006,0.8383086323738098,0.65380859375,0.1768798828125
3088,1035,-1.081502914428711,0.7576336860656738,1.0327821969985962,0.6079273223876953,-3.912263870239258,0.5697783827781677,0.7060546875,0.2154541015625
3089,1031,-0.9217061996459961,0.7994723320007324,0.9825229048728943,1.5798780918121338,-3.6709113121032715,0.16858720779418945,0.70703125,0.166748046875
3090,1036,-0.9226064682006836,0.8410773277282715,1.1919426918029785,1.420137643814087,-3.6442391872406006,0.8383086323738098,0.65380859375,0.1768798828125
3091,1034,-0.7384319305419922,0.978539228439331,1.4081707000732422,1.8348785638809204,-3.473926544189453,0.751719057559967,0.56103515625,0.1298828125
3092,1037,-0.9448575973510742,0.8919811248779297,1.4168009757995605,1.189526081085205,-3.6748976707458496,1.0393180847167969,0.6044921875,0.194580078125
3093,1037,-0.9448575973510742,0.8919811248779297,1.4168009757995605,1.189526081085205,-3.6748976707458496,1.0393180847167969,0.6044921875,0.194580078125
3094,1034,-0.7384319305419922,0.978539228439331,1.4081707000732422,1.8348785638809204,-3.473926544189453,0.751719057559967,0.56103515625,0.1298828125
3095,1038,-0.9565839767456055,0.91538405418396,1.4598920345306396,0.7877223491668701,-3.7083206176757812,1.2758872509002686,0.55810546875,0.192626953125
3096,1037,-0.9448575973510742,0.8919811248779297,1.4168009757995605,1.189526081085205,-3.6748976707458496,1.0393180847167969,0.6044921875,0.194580078125
3097,1038,-0.9565839767456055,0.91538405418396,1.4598920345306396,0.7877223491668701,-3.7083206176757812,1.2758872509002686,0.55810546875,0.192626953125
3098,1039,-1.1242356300354004,0.890472412109375,1.5165164470672607,-0.7788350582122803,-3.711294174194336,1.2726924419403076,0.55419921875,0.251220703125
3099,1036,-0.9226064682006836,0.8410773277282715,1.1919426918029785,1.420137643814087,-3.6442391872406006,0.8383086323738098,0.65380859375,0.1768798828125
3100,1040,-1.082855224609375,0.8102991580963135,1.2168902158737183,0.3397066593170166,-3.7972116470336914,1.2107090950012207,0.65576171875,0.225830078125
3101,1035,-1.081502914428711,0.7576336860656738,1.0327821969985962,0.6079273223876953,-3.912263870239258,0.5697783827781677,0.7060546875,0.2154541015625
3102,1037,-0.9448575973510742,0.8919811248779297,1.4168009757995605,1.189526081085205,-3.6748976707458496,1.0393180847167969,0.6044921875,0.194580078125
3103,1040,-1.082855224609375,0.8102991580963135,1.2168902158737183,0.3397066593170166,-3.7972116470336914,1.2107090950012207,0.65576171875,0.225830078125
3104,1036,-0.9226064682006836,0.8410773277282715,1.1919426918029785,1.420137643814087,-3.6442391872406006,0.8383086323738098,0.65380859375,0.1768798828125
3105,1035,-1.081502914428711,0.7576336860656738,1.0327821969985962,0.6079273223876953,-3.912263870239258,0.5697783827781677,0.7060546875,0.2154541015625
3106,1041,-1.2483100891113281,0.7659850120544434,1.089842438697815,0.45136749744415283,-3.868572473526001,0.9112871289253235,0.705078125,0.27001953125
3107,1019,-1.2974398136138916,0.7434191703796387,0.8978309631347656,0.2258239984512329,-3.980243444442749,-0.3266553282737732,0.7607421875,0.265869140625
3108,1040,-1.082855224609375,0.8102991580963135,1.2168902158737183,0.3397066593170166,-3.7972116470336914,1.2107090950012207,0.65576171875,0.225830078125
3109,1041,-1.2483100891113281,0.7659850120544434,1.089842438697815,0.45136749744415283,-3.868572473526001,0.9112871289253235,0.705078125,0.27001953125
3110,1035,-1.081502914428711,0.7576336860656738,1.0327821969985962,0.6079273223876953,-3.912263870239258,0.5697783827781677,0.7060546875,0.2154541015625
3111,1037,-0.9448575973510742,0.8919811248779297,1.4168009757995605,1.189526081085205,-3.6748976707458496,1.0393180847167969,0.6044921875,0.194580078125
3112,1039,-1.1242356300354004,0.890472412109375,1.5165164470672607,-0.7788350582122803,-3.711294174194336,1.2726924419403076,0.55419921875,0.251220703125
3113,1042,-1.1056280136108398,0.8764290809631348,1.4039379358291626,-0.16676783561706543,-3.7790496349334717,1.300388216972351,0.607421875,0.24365234375
3114,1037,-0.9448575973510742,0.8919811248779297,1.4168009757995605,1.189526081085205,-3.6748976707458496,1.0393180847167969,0.6044921875,0.194580078125
3115,1042,-1.1056280136108398,0.8764290809631348,1.4039379358291626,-0.16676783561706543,-3.7790496349334717,1.300388216972351,0.607421875,0.24365234375
3116,1040,-1.082855224609375,0.8102991580963135,1.2168902158737183,0.3397066593170166,-3.7972116470336914,1.2107090950012207,0.65576171875,0.225830078125
3117,1039,-1.1242356300354004,0.890472412109375,1.5165164470672607,-0.7788350582122803,-3.711294174194336,1.2726924419403076,0.55419921875,0.251220703125
3118,1043,-1.2922077178955078,0.907146692276001,1.3851475715637207,-0.3807574510574341,-3.464972972869873,1.9618922472000122,0.60986328125,0.29833984375
3119,1042,-1.1056280136108398,0.8764290809631348,1.4039379358291626,-0.16676783561706543,-3.7790496349334717,1.300388216972351,0.607421875,0.24365234375
3120,1039,-1.1242356300354004,0.890472412109375,1.5165164470672607,-0.7788350582122803,-3.711294174194336,1.2726924419403076,0.55419921875,0.251220703125
3121,1044,-1.3611342906951904,0.9875621795654297,1.4305391311645508,-0.34943199157714844,-2.6944336891174316,2.935635805130005,0.57275390625,0.322509765625
3122,1043,-1.2922077178955078,0.907146692276001,1.3851475715637207,-0.3807574510574341,-3.464972972869873,1.9618922472000122,0.60986328125,0.29833984375
3123,1042,-1.1056280136108398,0.8764290809631348,1.4039379358291626,-0.16676783561706543,-3.7790496349334717,1.300388216972351,0.607421875,0.24365234375
3124,1045,-1.2488350868225098,0.8328287601470947,1.2456048727035522,0.19685769081115723,-3.615251064300537,1.7003650665283203,0.6572265625,0.280517578125
3125,1040,-1.082855224609375,0.8102991580963135,1.2168902158737183,0.3397066593170166,-3.7972116470336914,1.2107090950012207,0.65576171875,0.225830078125
3126,1040,-1.082855224609375,0.8102991580963135,1.2168902158737183,0.3397066593170166,-3.7972116470336914,1.2107090950012207,0.65576171875,0.225830078125
3127,1045,-1.2488350868225098,0.8328287601470947,1.2456048727035522,0.19685769081115723,-3.615251064300537,1.7003650665283203,0.6572265625,0.280517578125
3128,1041,-1.2483100891113281,0.7659850120544434,1.089842438697815,0.45136749744415283,-3.868572473526001,0.9112871289253235,0.705078125,0.27001953125
3129,1042,-1.1056280136108398,0.8764290809631348,1.4039379358291626,-0.16676783561706543,-3.7790496349334717,1.300388216972351,0.607421875,0.24365234375
3130,1043,-1.2922077178955078,0.907146692276001,1.3851475715637207,-0.3807574510574341,-3.464972972869873,1.9618922472000122,0.60986328125,0.29833984375
3131,1045,-1.2488350868225098,0.8328287601470947,1.2456048727035522,0.19685769081115723,-3.615251064300537,1.7003650665283203,0.6572265625,0.280517578125
3132,1046,-1.5075922012329102,0.7017302513122559,0.9725664258003235,1.0288324356079102,-3.820167064666748,-0.5897919535636902,0.7587890625,0.354736328125
3133,1019,-1.2974398136138916,0.7434191703796387,0.8978309631347656,0.2258239984512329,-3.980243444442749,-0.3266553282737732,0.7607421875,0.265869140625
3134,1041,-1.2483100891113281,0.7659850120544434,1.089842438697815,0.45136749744415283,-3.868572473526001,0.9112871289253235,0.705078125,0.27001953125
3135,1012,-1.5687057971954346,0.755840539932251,0.7898221015930176,0.24005532264709473,-3.5270631313323975,-1.8714251518249512,0.814453125,0.3583984375
3136,1019,-1.2974398136138916,0.7434191703796387,0.8978309631347656,0.2258239984512329,-3.980243444442749,-0.3266553282737732,0.7607421875,0.265869140625
3137,1046,-1.5075922012329102,0.7017302513122559,0.9725664258003235,1.0288324356079102,-3.820167064666748,-0.5897919535636902,0.7587890625,0.354736328125
3138,1011,-1.7051739692687988,0.602968692779541,1.0333057641983032,1.25199556350708,-3.7252135276794434,-0.7452004551887512,0.755859375,0.44775390625
3139,1012,-1.5687057971954346,0.755840539932251,0.7898221015930176,0.24005532264709473,-3.5270631313323975,-1.8714251518249512,0.814453125,0.3583984375
3140,1046,-1.5075922012329102,0.7017302513122559,0.9725664258003235,1.0288324356079102,-3.820167064666748,-0.5897919535636902,0.7587890625,0.354736328125
3141,1046,-1.5075922012329102,0.7017302513122559,0.9725664258003235,1.0288324356079102,-3.820167064666748,-0.5897919535636902,0.7587890625,0.354736328125
3142,1041,-1.2483100891113281,0.7659850120544434,1.089842438697815,0.45136749744415283,-3.868572473526001,0.9112871289253235,0.705078125,0.27001953125
3143,1047,-1.4597649574279785,0.7334260940551758,1.157900094985962,1.3551138639450073,-3.594656229019165,1.1145143508911133,0.705078125,0.360595703125
3144,1047,-1.4597649574279785,0.7334260940551758,1.157900094985962,1.3551138639450073,-3.594656229019165,1.1145143508911133,0.705078125,0.360595703125
3145,1041,-1.2483100891113281,0.7659850120544434,1.089842438697815,0.45136749744415283,-3.868572473526001,0.9112871289253235,0.705078125,0.27001953125
3146,1045,-1.2488350868225098,0.8328287601470947,1.2456048727035522,0.19685769081115723,-3.615251064300537,1.7003650665283203,0.6572265625,0.280517578125
3147,1011,-1.7051739692687988,0.602968692779541,1.0333057641983032,1.25199556350708,-3.7252135276794434,-0.7452004551887512,0.755859375,0.44775390625
3148,1046,-1.5075922012329102,0.7017302513122559,0.9725664258003235,1.0288324356079102,-3.820167064666748,-0.5897919535636902,0.7587890625,0.354736328125
3149,1047,-1.4597649574279785,0.7334260940551758,1.157900094985962,1.3551138639450073,-3.594656229019165,1.1145143508911133,0.705078125,0.360595703125
3150,1044,-1.3611342906951904,0.9875621795654297,1.4305391311645508,-0.34943199157714844,-2.6944336891174316,2.935635805130005,0.57275390625,0.322509765625
3151,1048,-1.4882628917694092,0.899585485458374,1.395730972290039,0.7219551205635071,-2.432305097579956,3.092362880706787,0.619140625,0.391845703125
3152,1043,-1.2922077178955078,0.907146692276001,1.3851475715637207,-0.3807574510574341,-3.464972972869873,1.9618922472000122,0.60986328125,0.29833984375
3153,1044,-1.3611342906951904,0.9875621795654297,1.4305391311645508,-0.34943199157714844,-2.6944336891174316,2.935635805130005,0.57275390625,0.322509765625
3154,1049,-1.5196027755737305,0.9589056968688965,1.4330976009368896,0.41587305068969727,-1.8768254518508911,3.5077924728393555,0.5849609375,0.417724609375
3155,1048,-1.4882628917694092,0.899585485458374,1.395730972290039,0.7219551205635071,-2.432305097579956,3.092362880706787,0.619140625,0.391845703125
3156,1050,-1.720564365386963,0.9089186191558838,1.437522053718567,0.6701575517654419,-1.552657127380371,3.6249382495880127,0.60546875,0.490966796875
3157,1048,-1.4882628917694092,0.899585485458374,1.395730972290039,0.7219551205635071,-2.432305097579956,3.092362880706787,0.619140625,0.391845703125
3158,1049,-1.5196027755737305,0.9589056968688965,1.4330976009368896,0.41587305068969727,-1.8768254518508911,3.5077924728393555,0.5849609375,0.417724609375
3159,1051,-1.4594459533691406,0.8170592784881592,1.293049693107605,1.0867011547088623,-3.0206267833709717,2.386404275894165,0.65966796875,0.37353515625
3160,1045,-1.2488350868225098,0.8328287601470947,1.2456048727035522,0.19685769081115723,-3.615251064300537,1.7003650665283203,0.6572265625,0.280517578125
3161,1043,-1.2922077178955078,0.907146692276001,1.3851475715637207,-0.3807574510574341,-3.464972972869873,1.9618922472000122,0.60986328125,0.29833984375
3162,1051,-1.4594459533691406,0.8170592784881592,1.293049693107605,1.0867011547088623,-3.0206267833709717,2.386404275894165,0.65966796875,0.37353515625
3163,1043,-1.2922077178955078,0.907146692276001,1.3851475715637207,-0.3807574510574341,-3.464972972869873,1.9618922472000122,0.60986328125,0.29833984375
3164,1048,-1.4882628917694092,0.899585485458374,1.395730972290039,0.7219551205635071,-2.432305097579956,3.092362880706787,0.619140625,0.391845703125
3165,1047,-1.4597649574279785,0.7334260940551758,1.157900094985962,1.3551138639450073,-3.594656229019165,1.1145143508911133,0.705078125,0.360595703125
3166,1045,-1.2488350868225098,0.8328287601470947,1.2456048727035522,0.19685769081115723,-3.615251064300537,1.7003650665283203,0.6572265625,0.280517578125
3167,1051,-1.4594459533691406,0.8170592784881592,1.293049693107605,1.0867011547088623,-3.0206267833709717,2.386404275894165,0.65966796875,0.37353515625
3168,1050,-1.720564365386963,0.9089186191558838,1.437522053718567,0.6701575517654419,-1.552657127380371,3.6249382495880127,0.60546875,0.490966796875
3169,1051,-1.4594459533691406,0.8170592784881592,1.293049693107605,1.0867011547088623,-3.0206267833709717,2.386404275894165,0.65966796875,0.37353515625
3170,1048,-1.4882628917694092,0.899585485458374,1.395730972290039,0.7219551205635071,-2.432305097579956,3.092362880706787,0.619140625,0.391845703125
3171,1011,-1.7051739692687988,0.602968692779541,1.0333057641983032,1.25199556350708,-3.7252135276794434,-0.7452004551887512,0.755859375,0.44775390625
3172,1047,-1.4597649574279785,0.7334260940551758,1.157900094985962,1.3551138639450073,-3.594656229019165,1.1145143508911133,0.705078125,0.360595703125
3173,1052,-1.6643211841583252,0.635357141494751,1.2156832218170166,1.5893679857254028,-3.365894317626953,1.4644768238067627,0.7060546875,0.45166015625
3174,1052,-1.6643211841583252,0.635357141494751,1.2156832218170166,1.5893679857254028,-3.365894317626953,1.4644768238067627,0.7060546875,0.45166015625
3175,1047,-1.4597649574279785,0.7334260940551758,1.157900094985962,1.3551138639450073,-3.594656229019165,1.1145143508911133,0.705078125,0.360595703125
3176,1051,-1.4594459533691406,0.8170592784881592,1.293049693107605,1.0867011547088623,-3.0206267833709717,2.386404275894165,0.65966796875,0.37353515625
3177,1000,-1.8865272998809814,0.5451798439025879,1.0945765972137451,0.9661138653755188,-3.812011241912842,-0.7315897345542908,0.7548828125,0.5107421875
3178,1011,-1.7051739692687988,0.602968692779541,1.0333057641983032,1.25199556350708,-3.7252135276794434,-0.7452004551887512,0.755859375,0.44775390625
3179,1052,-1.6643211841583252,0.635357141494751,1.2156832218170166,1.5893679857254028,-3.365894317626953,1.4644768238067627,0.7060546875,0.45166015625
3180,1000,-1.8865272998809814,0.5451798439025879,1.0945765972137451,0.9661138653755188,-3.812011241912842,-0.7315897345542908,0.7548828125,0.5107421875
3181,1052,-1.6643211841583252,0.635357141494751,1.2156832218170166,1.5893679857254028,-3.365894317626953,1.4644768238067627,0.7060546875,0.45166015625
3182,1053,-1.841437578201294,0.5761024951934814,1.2568107843399048,1.282928705215454,-3.2539455890655518,1.9406087398529053,0.7080078125,0.51416015625
3183,1050,-1.720564365386963,0.9089186191558838,1.437522053718567,0.6701575517654419,-1.552657127380371,3.6249382495880127,0.60546875,0.490966796875
3184,1054,-1.6740384101867676,0.7442615032196045,1.347776174545288,1.094095230102539,-2.2569892406463623,3.115924835205078,0.6640625,0.460693359375
3185,1051,-1.4594459533691406,0.8170592784881592,1.293049693107605,1.0867011547088623,-3.0206267833709717,2.386404275894165,0.65966796875,0.37353515625
3186,1052,-1.6643211841583252,0.635357141494751,1.2156832218170166,1.5893679857254028,-3.365894317626953,1.4644768238067627,0.7060546875,0.45166015625
3187,1051,-1.4594459533691406,0.8170592784881592,1.293049693107605,1.0867011547088623,-3.0206267833709717,2.386404275894165,0.65966796875,0.37353515625
3188,1054,-1.6740384101867676,0.7442615032196045,1.347776174545288,1.094095230102539,-2.2569892406463623,3.115924835205078,0.6640625,0.460693359375
3189,1053,-1.841437578201294,0.5761024951934814,1.2568107843399048,1.282928705215454,-3.2539455890655518,1.9406087398529053,0.7080078125,0.51416015625
3190,1052,-1.6643211841583252,0.635357141494751,1.2156832218170166,1.5893679857254028,-3.365894317626953,1.4644768238067627,0.7060546875,0.45166015625
3191,1054,-1.6740384101867676,0.7442615032196045,1.347776174545288,1.094095230102539,-2.2569892406463623,3.115924835205078,0.6640625,0.460693359375
3192,1054,-1.6740384101867676,0.7442615032196045,1.347776174545288,1.094095230102539,-2.2569892406463623,3.115924835205078,0.6640625,0.460693359375
3193,1050,-1.720564365386963,0.9089186191558838,1.437522053718567,0.6701575517654419,-1.552657127380371,3.6249382495880127,0.60546875,0.490966796875
3194,1055,-2.0148136615753174,0.911078691482544,1.4527337551116943,0.5327929258346558,-1.2736632823944092,3.7541911602020264,0.62451171875,0.57568359375
3195,1053,-1.841437578201294,0.5761024951934814,1.2568107843399048,1.282928705215454,-3.2539455890655518,1.9406087398529053,0.7080078125,0.51416015625
3196,1054,-1.6740384101867676,0.7442615032196045,1.347776174545288,1.094095230102539,-2.2569892406463623,3.115924835205078,0.6640625,0.460693359375
3197,1056,-1.9652988910675049,0.7022111415863037,1.4021261930465698,0.7295895218849182,-1.7189892530441284,3.537344455718994,0.67333984375,0.55419921875
3198,1054,-1.6740384101867676,0.7442615032196045,1.347776174545288,1.094095230102539,-2.2569892406463623,3.115924835205078,0.6640625,0.460693359375
3199,1055,-2.0148136615753174,0.911078691482544,1.4527337551116943,0.5327929258346558,-1.2736632823944092,3.7541911602020264,0.62451171875,0.57568359375
3200,1056,-1.9652988910675049,0.7022111415863037,1.4021261930465698,0.7295895218849182,-1.7189892530441284,3.537344455718994,0.67333984375,0.55419921875
3201,1057,-0.5983691215515137,1.3122553825378418,0.4808122515678406,2.636406421661377,-2.5705502033233643,-1.5625802278518677,0.44091796875,0.20263671875
3202,1058,-0.9680256843566895,1.1919105052947998,0.2091820240020752,1.7961735725402832,-2.841718912124634,-2.1675853729248047,0.371337890625,0.269287109375
3203,1059,-0.6967110633850098,1.2906453609466553,0.32871562242507935,2.2611470222473145,-2.715810775756836,-1.8739299774169922,0.4267578125,0.2423095703125
3204,1057,-0.5983691215515137,1.3122553825378418,0.4808122515678406,2.636406421661377,-2.5705502033233643,-1.5625802278518677,0.44091796875,0.20263671875
3205,1060,-0.7786545753479004,1.1598138809204102,0.4194485545158386,2.335684299468994,-2.7170469760894775,-1.7782750129699707,0.387939453125,0.2059326171875
3206,1058,-0.9680256843566895,1.1919105052947998,0.2091820240020752,1.7961735725402832,-2.841718912124634,-2.1675853729248047,0.371337890625,0.269287109375
3207,1061,-0.5332586765289307,1.318676471710205,0.6145747900009155,2.904594898223877,-2.5104846954345703,-1.1228597164154053,0.43359375,0.1536865234375
3208,1060,-0.7786545753479004,1.1598138809204102,0.4194485545158386,2.335684299468994,-2.7170469760894775,-1.7782750129699707,0.387939453125,0.2059326171875
3209,1057,-0.5983691215515137,1.3122553825378418,0.4808122515678406,2.636406421661377,-2.5705502033233643,-1.5625802278518677,0.44091796875,0.20263671875
3210,1058,-0.9680256843566895,1.1919105052947998,0.2091820240020752,1.7961735725402832,-2.841718912124634,-2.1675853729248047,0.371337890625,0.269287109375
3211,1060,-0.7786545753479004,1.1598138809204102,0.4194485545158386,2.335684299468994,-2.7170469760894775,-1.7782750129699707,0.387939453125,0.2059326171875
3212,1062,-1.0987792015075684,1.0117244720458984,0.34501659870147705,0.8785944581031799,-3.064603805541992,-2.4158449172973633,0.324462890625,0.2490234375
3213,1058,-0.9680256843566895,1.1919105052947998,0.2091820240020752,1.7961735725402832,-2.841718912124634,-2.1675853729248047,0.371337890625,0.269287109375
3214,1062,-1.0987792015075684,1.0117244720458984,0.34501659870147705,0.8785944581031799,-3.064603805541992,-2.4158449172973633,0.324462890625,0.2490234375
3215,1063,-1.204735517501831,1.0835001468658447,0.27067744731903076,0.462263822555542,-2.944166898727417,-2.6680006980895996,0.326416015625,0.2783203125
3216,1061,-0.5332586765289307,1.318676471710205,0.6145747900009155,2.904594898223877,-2.5104846954345703,-1.1228597164154053,0.43359375,0.1536865234375
3217,1064,-0.6446161270141602,1.161815881729126,0.6538019180297852,2.8114538192749023,-2.627925395965576,-1.0907609462738037,0.399658203125,0.1590576171875
3218,1060,-0.7786545753479004,1.1598138809204102,0.4194485545158386,2.335684299468994,-2.7170469760894775,-1.7782750129699707,0.387939453125,0.2059326171875
3219,1065,-0.5110032558441162,1.2921013832092285,0.7614340782165527,2.890681028366089,-2.678528070449829,-0.6851816773414612,0.422119140625,0.1134033203125
3220,1064,-0.6446161270141602,1.161815881729126,0.6538019180297852,2.8114538192749023,-2.627925395965576,-1.0907609462738037,0.399658203125,0.1590576171875
3221,1061,-0.5332586765289307,1.318676471710205,0.6145747900009155,2.904594898223877,-2.5104846954345703,-1.1228597164154053,0.43359375,0.1536865234375
3222,1060,-0.7786545753479004,1.1598138809204102,0.4194485545158386,2.335684299468994,-2.7170469760894775,-1.7782750129699707,0.387939453125,0.2059326171875
3223,1066,-0.9655742645263672,0.9483447074890137,0.4972459673881531,1.560557246208191,-3.1988160610198975,-1.8254497051239014,0.327392578125,0.1973876953125
3224,1062,-1.0987792015075684,1.0117244720458984,0.34501659870147705,0.8785944581031799,-3.064603805541992,-2.4158449172973633,0.324462890625,0.2490234375
3225,1060,-0.7786545753479004,1.1598138809204102,0.4194485545158386,2.335684299468994,-2.7170469760894775,-1.7782750129699707,0.387939453125,0.2059326171875
3226,1064,-0.6446161270141602,1.161815881729126,0.6538019180297852,2.8114538192749023,-2.627925395965576,-1.0907609462738037,0.399658203125,0.1590576171875
3227,1066,-0.9655742645263672,0.9483447074890137,0.4972459673881531,1.560557246208191,-3.1988160610198975,-1.8254497051239014,0.327392578125,0.1973876953125
3228,1063,-1.204735517501831,1.0835001468658447,0.27067744731903076,0.462263822555542,-2.944166898727417,-2.6680006980895996,0.326416015625,0.2783203125
3229,1062,-1.0987792015075684,1.0117244720458984,0.34501659870147705,0.8785944581031799,-3.064603805541992,-2.4158449172973633,0.324462890625,0.2490234375
3230,1067,-1.293306589126587,0.9273173809051514,0.44690144062042236,0.0052176713943481445,-3.4167027473449707,-2.0799403190612793,0.287109375,0.248779296875
3231,1063,-1.204735517501831,1.0835001468658447,0.27067744731903076,0.462263822555542,-2.944166898727417,-2.6680006980895996,0.326416015625,0.2783203125
3232,1067,-1.293306589126587,0.9273173809051514,0.44690144062042236,0.0052176713943481445,-3.4167027473449707,-2.0799403190612793,0.287109375,0.248779296875
3233,1068,-1.375600814819336,0.9664175510406494,0.34657394886016846,-0.2979995012283325,-3.3557848930358887,-2.156372308731079,0.29150390625,0.27880859375
3234,1062,-1.0987792015075684,1.0117244720458984,0.34501659870147705,0.8785944581031799,-3.064603805541992,-2.4158449172973633,0.324462890625,0.2490234375
3235,1069,-1.1862318515777588,0.8160843849182129,0.6176690459251404,0.5750924348831177,-3.648008108139038,-1.536665439605713,0.285888671875,0.194580078125
3236,1067,-1.293306589126587,0.9273173809051514,0.44690144062042236,0.0052176713943481445,-3.4167027473449707,-2.0799403190612793,0.287109375,0.248779296875
3237,1062,-1.0987792015075684,1.0117244720458984,0.34501659870147705,0.8785944581031799,-3.064603805541992,-2.4158449172973633,0.324462890625,0.2490234375
3238,1066,-0.9655742645263672,0.9483447074890137,0.4972459673881531,1.560557246208191,-3.1988160610198975,-1.8254497051239014,0.327392578125,0.1973876953125
3239,1069,-1.1862318515777588,0.8160843849182129,0.6176690459251404,0.5750924348831177,-3.648008108139038,-1.536665439605713,0.285888671875,0.194580078125
3240,1068,-1.375600814819336,0.9664175510406494,0.34657394886016846,-0.2979995012283325,-3.3557848930358887,-2.156372308731079,0.29150390625,0.27880859375
3241,1067,-1.293306589126587,0.9273173809051514,0.44690144062042236,0.0052176713943481445,-3.4167027473449707,-2.0799403190612793,0.287109375,0.248779296875
3242,1070,-1.4412624835968018,0.8732259273529053,0.5640739798545837,-0.7993559837341309,-3.550644874572754,-1.6595149040222168,0.251708984375,0.248779296875
3243,1070,-1.4412624835968018,0.8732259273529053,0.5640739798545837,-0.7993559837341309,-3.550644874572754,-1.6595149040222168,0.251708984375,0.248779296875
3244,1067,-1.293306589126587,0.9273173809051514,0.44690144062042236,0.0052176713943481445,-3.4167027473449707,-2.0799403190612793,0.287109375,0.248779296875
3245,1069,-1.1862318515777588,0.8160843849182129,0.6176690459251404,0.5750924348831177,-3.648008108139038,-1.536665439605713,0.285888671875,0.194580078125
3246,1068,-1.375600814819336,0.9664175510406494,0.34657394886016846,-0.2979995012283325,-3.3557848930358887,-2.156372308731079,0.29150390625,0.27880859375
3247,1070,-1.4412624835968018,0.8732259273529053,0.5640739798545837,-0.7993559837341309,-3.550644874572754,-1.6595149040222168,0.251708984375,0.248779296875
3248,1071,-1.7282490730285645,0.9554353952407837,0.49956536293029785,-2.79378342628479,-1.2953087091445923,-0.9354482293128967,0.2509765625,0.278564453125
3249,1071,-1.7282490730285645,0.9554353952407837,0.49956536293029785,-2.79378342628479,-1.2953087091445923,-0.9354482293128967,0.2509765625,0.278564453125
3250,1070,-1.4412624835968018,0.8732259273529053,0.5640739798545837,-0.7993559837341309,-3.550644874572754,-1.6595149040222168,0.251708984375,0.248779296875
3251,1072,-1.5844805240631104,0.8599345684051514,0.6582565903663635,-0.7962445020675659,-3.301800012588501,-2.112852096557617,0.2122802734375,0.2340087890625
3252,1071,-1.7282490730285645,0.9554353952407837,0.49956536293029785,-2.79378342628479,-1.2953087091445923,-0.9354482293128967,0.2509765625,0.278564453125
3253,1072,-1.5844805240631104,0.8599345684051514,0.6582565903663635,-0.7962445020675659,-3.301800012588501,-2.112852096557617,0.2122802734375,0.2340087890625
3254,1073,-1.65814208984375,0.9784049987792969,0.5767340660095215,-1.4273829460144043,-2.6031365394592285,-2.6807260513305664,0.2122802734375,0.25439453125
3255,1070,-1.4412624835968018,0.8732259273529053,0.5640739798545837,-0.7993559837341309,-3.550644874572754,-1.6595149040222168,0.251708984375,0.248779296875
3256,1069,-1.1862318515777588,0.8160843849182129,0.6176690459251404,0.5750924348831177,-3.648008108139038,-1.536665439605713,0.285888671875,0.194580078125
3257,1074,-1.3605067729949951,0.8244047164916992,0.7026599645614624,-0.46121227741241455,-3.794753313064575,-1.177781343460083,0.25,0.1982421875
3258,1072,-1.5844805240631104,0.8599345684051514,0.6582565903663635,-0.7962445020675659,-3.301800012588501,-2.112852096557617,0.2122802734375,0.2340087890625
3259,1070,-1.4412624835968018,0.8732259273529053,0.5640739798545837,-0.7993559837341309,-3.550644874572754,-1.6595149040222168,0.251708984375,0.248779296875
3260,1074,-1.3605067729949951,0.8244047164916992,0.7026599645614624,-0.46121227741241455,-3.794753313064575,-1.177781343460083,0.25,0.1982421875
3261,1073,-1.65814208984375,0.9784049987792969,0.5767340660095215,-1.4273829460144043,-2.6031365394592285,-2.6807260513305664,0.2122802734375,0.25439453125
3262,1072,-1.5844805240631104,0.8599345684051514,0.6582565903663635,-0.7962445020675659,-3.301800012588501,-2.112852096557617,0.2122802734375,0.2340087890625
3263,1075,-1.753455638885498,0.8174214363098145,0.7424649000167847,-0.5732163190841675,-2.8861680030822754,-2.709517478942871,0.17626953125,0.223876953125
3264,1073,-1.65814208984375,0.9784049987792969,0.5767340660095215,-1.4273829460144043,-2.6031365394592285,-2.6807260513305664,0.2122802734375,0.25439453125
3265,1075,-1.753455638885498,0.8174214363098145,0.7424649000167847,-0.5732163190841675,-2.8861680030822754,-2.709517478942871,0.17626953125,0.223876953125
3266,1076,-1.8374054431915283,0.9517006874084473,0.6981320977210999,-1.1793665885925293,-2.1460208892822266,-3.1628663539886475,0.174072265625,0.25341796875
3267,1072,-1.5844805240631104,0.8599345684051514,0.6582565903663635,-0.7962445020675659,-3.301800012588501,-2.112852096557617,0.2122802734375,0.2340087890625
3268,1074,-1.3605067729949951,0.8244047164916992,0.7026599645614624,-0.46121227741241455,-3.794753313064575,-1.177781343460083,0.25,0.1982421875
3269,1077,-1.5254669189453125,0.8243429660797119,0.7841398119926453,-0.0022503137588500977,-3.81501841545105,-1.2023576498031616,0.2135009765625,0.197509765625
3270,1075,-1.753455638885498,0.8174214363098145,0.7424649000167847,-0.5732163190841675,-2.8861680030822754,-2.709517478942871,0.17626953125,0.223876953125
3271,1072,-1.5844805240631104,0.8599345684051514,0.6582565903663635,-0.7962445020675659,-3.301800012588501,-2.112852096557617,0.2122802734375,0.2340087890625
3272,1077,-1.5254669189453125,0.8243429660797119,0.7841398119926453,-0.0022503137588500977,-3.81501841545105,-1.2023576498031616,0.2135009765625,0.197509765625
3273,1078,-1.2788994312286377,0.758521318435669,0.851520299911499,-0.21549832820892334,-3.970705032348633,-0.43254828453063965,0.251708984375,0.1622314453125
3274,1074,-1.3605067729949951,0.8244047164916992,0.7026599645614624,-0.46121227741241455,-3.794753313064575,-1.177781343460083,0.25,0.1982421875
3275,1069,-1.1862318515777588,0.8160843849182129,0.6176690459251404,0.5750924348831177,-3.648008108139038,-1.536665439605713,0.285888671875,0.194580078125
3276,1077,-1.5254669189453125,0.8243429660797119,0.7841398119926453,-0.0022503137588500977,-3.81501841545105,-1.2023576498031616,0.2135009765625,0.197509765625
3277,1074,-1.3605067729949951,0.8244047164916992,0.7026599645614624,-0.46121227741241455,-3.794753313064575,-1.177781343460083,0.25,0.1982421875
3278,1078,-1.2788994312286377,0.758521318435669,0.851520299911499,-0.21549832820892334,-3.970705032348633,-0.43254828453063965,0.251708984375,0.1622314453125
3279,1066,-0.9655742645263672,0.9483447074890137,0.4972459673881531,1.560557246208191,-3.1988160610198975,-1.8254497051239014,0.327392578125,0.1973876953125
3280,1079,-1.1132657527923584,0.7871148586273193,0.8018426895141602,1.1009422540664673,-3.772803544998169,-0.7442509531974792,0.2861328125,0.160400390625
3281,1069,-1.1862318515777588,0.8160843849182129,0.6176690459251404,0.5750924348831177,-3.648008108139038,-1.536665439605713,0.285888671875,0.194580078125
3282,1078,-1.2788994312286377,0.758521318435669,0.851520299911499,-0.21549832820892334,-3.970705032348633,-0.43254828453063965,0.251708984375,0.1622314453125
3283,1069,-1.1862318515777588,0.8160843849182129,0.6176690459251404,0.5750924348831177,-3.648008108139038,-1.536665439605713,0.285888671875,0.194580078125
3284,1079,-1.1132657527923584,0.7871148586273193,0.8018426895141602,1.1009422540664673,-3.772803544998169,-0.7442509531974792,0.2861328125,0.160400390625
3285,1076,-1.8374054431915283,0.9517006874084473,0.6981320977210999,-1.1793665885925293,-2.1460208892822266,-3.1628663539886475,0.174072265625,0.25341796875
3286,1075,-1.753455638885498,0.8174214363098145,0.7424649000167847,-0.5732163190841675,-2.8861680030822754,-2.709517478942871,0.17626953125,0.223876953125
3287,1080,-1.9648358821868896,0.7923882007598877,0.8268465399742126,-0.6327534914016724,-2.56455135345459,-3.0037872791290283,0.0672607421875,0.2193603515625
3288,1076,-1.8374054431915283,0.9517006874084473,0.6981320977210999,-1.1793665885925293,-2.1460208892822266,-3.1628663539886475,0.174072265625,0.25341796875
3289,1080,-1.9648358821868896,0.7923882007598877,0.8268465399742126,-0.6327534914016724,-2.56455135345459,-3.0037872791290283,0.0672607421875,0.2193603515625
3290,1081,-1.989999771118164,0.848585844039917,0.7949953079223633,-0.9999139308929443,-1.9184750318527222,-3.3644704818725586,0.0672607421875,0.25341796875
3291,1080,-1.9648358821868896,0.7923882007598877,0.8268465399742126,-0.6327534914016724,-2.56455135345459,-3.0037872791290283,0.0672607421875,0.2193603515625
3292,1075,-1.753455638885498,0.8174214363098145,0.7424649000167847,-0.5732163190841675,-2.8861680030822754,-2.709517478942871,0.17626953125,0.223876953125
3293,1082,-1.7116146087646484,0.7618544101715088,0.8412743806838989,0.549598217010498,-3.5044217109680176,-1.848512887954712,0.177001953125,0.1953125
3294,1075,-1.753455638885498,0.8174214363098145,0.7424649000167847,-0.5732163190841675,-2.8861680030822754,-2.709517478942871,0.17626953125,0.223876953125
3295,1077,-1.5254669189453125,0.8243429660797119,0.7841398119926453,-0.0022503137588500977,-3.81501841545105,-1.2023576498031616,0.2135009765625,0.197509765625
3296,1082,-1.7116146087646484,0.7618544101715088,0.8412743806838989,0.549598217010498,-3.5044217109680176,-1.848512887954712,0.177001953125,0.1953125
3297,1083,-1.6597869396209717,0.7265522480010986,0.9826247692108154,1.3822575807571411,-3.6435251235961914,-0.9022852778434753,0.177001953125,0.16064453125
3298,1082,-1.7116146087646484,0.7618544101715088,0.8412743806838989,0.549598217010498,-3.5044217109680176,-1.848512887954712,0.177001953125,0.1953125
3299,1077,-1.5254669189453125,0.8243429660797119,0.7841398119926453,-0.0022503137588500977,-3.81501841545105,-1.2023576498031616,0.2135009765625,0.197509765625
3300,1080,-1.9648358821868896,0.7923882007598877,0.8268465399742126,-0.6327534914016724,-2.56455135345459,-3.0037872791290283,0.0672607421875,0.2193603515625
3301,1082,-1.7116146087646484,0.7618544101715088,0.8412743806838989,0.549598217010498,-3.5044217109680176,-1.848512887954712,0.177001953125,0.1953125
3302,1084,-1.8842101097106934,0.688572883605957,0.9144141674041748,0.5086166858673096,-3.3089590072631836,-2.189093589782715,0.0672607421875,0.1920166015625
3303,1084,-1.8842101097106934,0.688572883605957,0.9144141674041748,0.5086166858673096,-3.3089590072631836,-2.189093589782715,0.0672607421875,0.1920166015625
3304,1082,-1.7116146087646484,0.7618544101715088,0.8412743806838989,0.549598217010498,-3.5044217109680176,-1.848512887954712,0.177001953125,0.1953125
3305,1083,-1.6597869396209717,0.7265522480010986,0.9826247692108154,1.3822575807571411,-3.6435251235961914,-0.9022852778434753,0.177001953125,0.16064453125
3306,1084,-1.8842101097106934,0.688572883605957,0.9144141674041748,0.5086166858673096,-3.3089590072631836,-2.189093589782715,0.0672607421875,0.1920166015625
3307,1083,-1.6597869396209717,0.7265522480010986,0.9826247692108154,1.3822575807571411,-3.6435251235961914,-0.9022852778434753,0.177001953125,0.16064453125
3308,1085,-1.8328726291656494,0.6162633895874023,1.0332400798797607,1.6442406177520752,-3.4859650135040283,-1.0698355436325073,0.0672607421875,0.158203125
3309,1083,-1.6597869396209717,0.7265522480010986,0.9826247692108154,1.3822575807571411,-3.6435251235961914,-0.9022852778434753,0.177001953125,0.16064453125
3310,1086,-1.7914214134216309,0.6311302185058594,1.174660325050354,2.054547071456909,-3.3326573371887207,0.8199127912521362,0.0672607421875,0.12646484375
3311,1085,-1.8328726291656494,0.6162633895874023,1.0332400798797607,1.6442406177520752,-3.4859650135040283,-1.0698355436325073,0.0672607421875,0.158203125
3312,1066,-0.9655742645263672,0.9483447074890137,0.4972459673881531,1.560557246208191,-3.1988160610198975,-1.8254497051239014,0.327392578125,0.1973876953125
3313,1087,-0.8862004280090332,0.9040007591247559,0.728650689125061,2.035116195678711,-3.304241180419922,-0.9696995615959167,0.327880859375,0.1595458984375
3314,1079,-1.1132657527923584,0.7871148586273193,0.8018426895141602,1.1009422540664673,-3.772803544998169,-0.7442509531974792,0.2861328125,0.160400390625
3315,1066,-0.9655742645263672,0.9483447074890137,0.4972459673881531,1.560557246208191,-3.1988160610198975,-1.8254497051239014,0.327392578125,0.1973876953125
3316,1064,-0.6446161270141602,1.161815881729126,0.6538019180297852,2.8114538192749023,-2.627925395965576,-1.0907609462738037,0.399658203125,0.1590576171875
3317,1087,-0.8862004280090332,0.9040007591247559,0.728650689125061,2.035116195678711,-3.304241180419922,-0.9696995615959167,0.327880859375,0.1595458984375
3318,1077,-1.5254669189453125,0.8243429660797119,0.7841398119926453,-0.0022503137588500977,-3.81501841545105,-1.2023576498031616,0.2135009765625,0.197509765625
3319,1078,-1.2788994312286377,0.758521318435669,0.851520299911499,-0.21549832820892334,-3.970705032348633,-0.43254828453063965,0.251708984375,0.1622314453125
3320,1088,-1.4784281253814697,0.791935920715332,0.9246654510498047,0.15528273582458496,-3.967967987060547,-0.48078709840774536,0.21337890625,0.1619873046875
3321,1083,-1.6597869396209717,0.7265522480010986,0.9826247692108154,1.3822575807571411,-3.6435251235961914,-0.9022852778434753,0.177001953125,0.16064453125
3322,1077,-1.5254669189453125,0.8243429660797119,0.7841398119926453,-0.0022503137588500977,-3.81501841545105,-1.2023576498031616,0.2135009765625,0.197509765625
3323,1088,-1.4784281253814697,0.791935920715332,0.9246654510498047,0.15528273582458496,-3.967967987060547,-0.48078709840774536,0.21337890625,0.1619873046875
3324,1078,-1.2788994312286377,0.758521318435669,0.851520299911499,-0.21549832820892334,-3.970705032348633,-0.43254828453063965,0.251708984375,0.1622314453125
3325,1089,-1.4478483200073242,0.7981038093566895,1.0785410404205322,0.37628746032714844,-3.887479782104492,0.8636795282363892,0.2127685546875,0.1275634765625
3326,1088,-1.4784281253814697,0.791935920715332,0.9246654510498047,0.15528273582458496,-3.967967987060547,-0.48078709840774536,0.21337890625,0.1619873046875
3327,1089,-1.4478483200073242,0.7981038093566895,1.0785410404205322,0.37628746032714844,-3.887479782104492,0.8636795282363892,0.2127685546875,0.1275634765625
3328,1083,-1.6597869396209717,0.7265522480010986,0.9826247692108154,1.3822575807571411,-3.6435251235961914,-0.9022852778434753,0.177001953125,0.16064453125
3329,1088,-1.4784281253814697,0.791935920715332,0.9246654510498047,0.15528273582458496,-3.967967987060547,-0.48078709840774536,0.21337890625,0.1619873046875
3330,1083,-1.6597869396209717,0.7265522480010986,0.9826247692108154,1.3822575807571411,-3.6435251235961914,-0.9022852778434753,0.177001953125,0.16064453125
3331,1090,-1.6231029033660889,0.7332532405853271,1.1239728927612305,1.792999267578125,-3.488003969192505,0.7867727875709534,0.1763916015625,0.12744140625
3332,1086,-1.7914214134216309,0.6311302185058594,1.174660325050354,2.054547071456909,-3.3326573371887207,0.8199127912521362,0.0672607421875,0.12646484375
3333,1089,-1.4478483200073242,0.7981038093566895,1.0785410404205322,0.37628746032714844,-3.887479782104492,0.8636795282363892,0.2127685546875,0.1275634765625
3334,1090,-1.6231029033660889,0.7332532405853271,1.1239728927612305,1.792999267578125,-3.488003969192505,0.7867727875709534,0.1763916015625,0.12744140625
3335,1083,-1.6597869396209717,0.7265522480010986,0.9826247692108154,1.3822575807571411,-3.6435251235961914,-0.9022852778434753,0.177001953125,0.16064453125
3336,1079,-1.1132657527923584,0.7871148586273193,0.8018426895141602,1.1009422540664673,-3.772803544998169,-0.7442509531974792,0.2861328125,0.160400390625
3337,1091,-1.2374353408813477,0.768441915512085,1.0381176471710205,-0.06052243709564209,-3.937098979949951,0.7040048837661743,0.251220703125,0.1251220703125
3338,1078,-1.2788994312286377,0.758521318435669,0.851520299911499,-0.21549832820892334,-3.970705032348633,-0.43254828453063965,0.251708984375,0.1622314453125
3339,1078,-1.2788994312286377,0.758521318435669,0.851520299911499,-0.21549832820892334,-3.970705032348633,-0.43254828453063965,0.251708984375,0.1622314453125
3340,1091,-1.2374353408813477,0.768441915512085,1.0381176471710205,-0.06052243709564209,-3.937098979949951,0.7040048837661743,0.251220703125,0.1251220703125
3341,1089,-1.4478483200073242,0.7981038093566895,1.0785410404205322,0.37628746032714844,-3.887479782104492,0.8636795282363892,0.2127685546875,0.1275634765625
3342,1087,-0.8862004280090332,0.9040007591247559,0.728650689125061,2.035116195678711,-3.304241180419922,-0.9696995615959167,0.327880859375,0.1595458984375
3343,1092,-1.0639557838439941,0.7797865867614746,1.019110083580017,1.1676630973815918,-3.8212435245513916,0.18624591827392578,0.28466796875,0.12188720703125
3344,1079,-1.1132657527923584,0.7871148586273193,0.8018426895141602,1.1009422540664673,-3.772803544998169,-0.7442509531974792,0.2861328125,0.160400390625
3345,1079,-1.1132657527923584,0.7871148586273193,0.8018426895141602,1.1009422540664673,-3.772803544998169,-0.7442509531974792,0.2861328125,0.160400390625
3346,1092,-1.0639557838439941,0.7797865867614746,1.019110083580017,1.1676630973815918,-3.8212435245513916,0.18624591827392578,0.28466796875,0.12188720703125
3347,1091,-1.2374353408813477,0.768441915512085,1.0381176471710205,-0.06052243709564209,-3.937098979949951,0.7040048837661743,0.251220703125,0.1251220703125
3348,1064,-0.6446161270141602,1.161815881729126,0.6538019180297852,2.8114538192749023,-2.627925395965576,-1.0907609462738037,0.399658203125,0.1590576171875
3349,1093,-0.8154411315917969,0.8980712890625,0.9749448895454407,2.266061544418335,-3.294017791748047,-0.12013053894042969,0.3251953125,0.1197509765625
3350,1087,-0.8862004280090332,0.9040007591247559,0.728650689125061,2.035116195678711,-3.304241180419922,-0.9696995615959167,0.327880859375,0.1595458984375
3351,1087,-0.8862004280090332,0.9040007591247559,0.728650689125061,2.035116195678711,-3.304241180419922,-0.9696995615959167,0.327880859375,0.1595458984375
3352,1093,-0.8154411315917969,0.8980712890625,0.9749448895454407,2.266061544418335,-3.294017791748047,-0.12013053894042969,0.3251953125,0.1197509765625
3353,1092,-1.0639557838439941,0.7797865867614746,1.019110083580017,1.1676630973815918,-3.8212435245513916,0.18624591827392578,0.28466796875,0.12188720703125
3354,1094,-1.6162855625152588,0.8056066036224365,1.2878751754760742,1.7249300479888916,-3.191359758377075,1.6851893663406372,0.1766357421875,0.0946044921875
3355,1086,-1.7914214134216309,0.6311302185058594,1.174660325050354,2.054547071456909,-3.3326573371887207,0.8199127912521362,0.0672607421875,0.12646484375
3356,1090,-1.6231029033660889,0.7332532405853271,1.1239728927612305,1.792999267578125,-3.488003969192505,0.7867727875709534,0.1763916015625,0.12744140625
3357,1094,-1.6162855625152588,0.8056066036224365,1.2878751754760742,1.7249300479888916,-3.191359758377075,1.6851893663406372,0.1766357421875,0.0946044921875
3358,1095,-1.8074126243591309,0.7319881916046143,1.3317351341247559,1.7841308116912842,-3.111826181411743,1.7701525688171387,0.0672607421875,0.0985107421875
3359,1086,-1.7914214134216309,0.6311302185058594,1.174660325050354,2.054547071456909,-3.3326573371887207,0.8199127912521362,0.0672607421875,0.12646484375
3360,1096,-1.7965738773345947,0.7943565845489502,1.4157882928848267,1.52512788772583,-3.1907596588134766,1.8689744472503662,0.0672607421875,0.06475830078125
3361,1095,-1.8074126243591309,0.7319881916046143,1.3317351341247559,1.7841308116912842,-3.111826181411743,1.7701525688171387,0.0672607421875,0.0985107421875
3362,1094,-1.6162855625152588,0.8056066036224365,1.2878751754760742,1.7249300479888916,-3.191359758377075,1.6851893663406372,0.1766357421875,0.0946044921875
3363,1096,-1.7965738773345947,0.7943565845489502,1.4157882928848267,1.52512788772583,-3.1907596588134766,1.8689744472503662,0.0672607421875,0.06475830078125
3364,1094,-1.6162855625152588,0.8056066036224365,1.2878751754760742,1.7249300479888916,-3.191359758377075,1.6851893663406372,0.1766357421875,0.0946044921875
3365,1097,-1.5869519710540771,0.8733162879943848,1.3931124210357666,1.6902155876159668,-3.096818447113037,1.8849178552627563,0.174072265625,0.06475830078125
3366,1098,-1.4486315250396729,0.8784620761871338,1.270720362663269,0.49777382612228394,-3.534334182739258,1.8057506084442139,0.2119140625,0.08538818359375
3367,1094,-1.6162855625152588,0.8056066036224365,1.2878751754760742,1.7249300479888916,-3.191359758377075,1.6851893663406372,0.1766357421875,0.0946044921875
3368,1090,-1.6231029033660889,0.7332532405853271,1.1239728927612305,1.792999267578125,-3.488003969192505,0.7867727875709534,0.1763916015625,0.12744140625
3369,1097,-1.5869519710540771,0.8733162879943848,1.3931124210357666,1.6902155876159668,-3.096818447113037,1.8849178552627563,0.174072265625,0.06475830078125
3370,1094,-1.6162855625152588,0.8056066036224365,1.2878751754760742,1.7249300479888916,-3.191359758377075,1.6851893663406372,0.1766357421875,0.0946044921875
3371,1098,-1.4486315250396729,0.8784620761871338,1.270720362663269,0.49777382612228394,-3.534334182739258,1.8057506084442139,0.2119140625,0.08538818359375
3372,1098,-1.4486315250396729,0.8784620761871338,1.270720362663269,0.49777382612228394,-3.534334182739258,1.8057506084442139,0.2119140625,0.08538818359375
3373,1090,-1.6231029033660889,0.7332532405853271,1.1239728927612305,1.792999267578125,-3.488003969192505,0.7867727875709534,0.1763916015625,0.12744140625
3374,1089,-1.4478483200073242,0.7981038093566895,1.0785410404205322,0.37628746032714844,-3.887479782104492,0.8636795282363892,0.2127685546875,0.1275634765625
3375,1097,-1.5869519710540771,0.8733162879943848,1.3931124210357666,1.6902155876159668,-3.096818447113037,1.8849178552627563,0.174072265625,0.06475830078125
3376,1098,-1.4486315250396729,0.8784620761871338,1.270720362663269,0.49777382612228394,-3.534334182739258,1.8057506084442139,0.2119140625,0.08538818359375
3377,1099,-1.441640853881836,0.9777216911315918,1.3991329669952393,0.17782413959503174,-3.336500406265259,2.1991310119628906,0.21240234375,0.051727294921875
3378,1100,-1.2359445095062256,0.834458589553833,1.239471435546875,-0.36627960205078125,-3.69606876373291,1.4849073886871338,0.251708984375,0.0850830078125
3379,1089,-1.4478483200073242,0.7981038093566895,1.0785410404205322,0.37628746032714844,-3.887479782104492,0.8636795282363892,0.2127685546875,0.1275634765625
3380,1091,-1.2374353408813477,0.768441915512085,1.0381176471710205,-0.06052243709564209,-3.937098979949951,0.7040048837661743,0.251220703125,0.1251220703125
3381,1100,-1.2359445095062256,0.834458589553833,1.239471435546875,-0.36627960205078125,-3.69606876373291,1.4849073886871338,0.251708984375,0.0850830078125
3382,1098,-1.4486315250396729,0.8784620761871338,1.270720362663269,0.49777382612228394,-3.534334182739258,1.8057506084442139,0.2119140625,0.08538818359375
3383,1089,-1.4478483200073242,0.7981038093566895,1.0785410404205322,0.37628746032714844,-3.887479782104492,0.8636795282363892,0.2127685546875,0.1275634765625
3384,1099,-1.441640853881836,0.9777216911315918,1.3991329669952393,0.17782413959503174,-3.336500406265259,2.1991310119628906,0.21240234375,0.051727294921875
3385,1098,-1.4486315250396729,0.8784620761871338,1.270720362663269,0.49777382612228394,-3.534334182739258,1.8057506084442139,0.2119140625,0.08538818359375
3386,1100,-1.2359445095062256,0.834458589553833,1.239471435546875,-0.36627960205078125,-3.69606876373291,1.4849073886871338,0.251708984375,0.0850830078125
3387,1092,-1.0639557838439941,0.7797865867614746,1.019110083580017,1.1676630973815918,-3.8212435245513916,0.18624591827392578,0.28466796875,0.12188720703125
3388,1100,-1.2359445095062256,0.834458589553833,1.239471435546875,-0.36627960205078125,-3.69606876373291,1.4849073886871338,0.251708984375,0.0850830078125
3389,1091,-1.2374353408813477,0.768441915512085,1.0381176471710205,-0.06052243709564209,-3.937098979949951,0.7040048837661743,0.251220703125,0.1251220703125
3390,1099,-1.441640853881836,0.9777216911315918,1.3991329669952393,0.17782413959503174,-3.336500406265259,2.1991310119628906,0.21240234375,0.051727294921875
3391,1100,-1.2359445095062256,0.834458589553833,1.239471435546875,-0.36627960205078125,-3.69606876373291,1.4849073886871338,0.251708984375,0.0850830078125
3392,1101,-1.294858455657959,0.9606497287750244,1.4320640563964844,-0.6122951507568359,-3.4724841117858887,1.888647198677063,0.248046875,0.03985595703125
3393,1092,-1.0639557838439941,0.7797865867614746,1.019110083580017,1.1676630973815918,-3.8212435245513916,0.18624591827392578,0.28466796875,0.12188720703125
3394,1102,-1.0459136962890625,0.8346631526947021,1.2296688556671143,0.7886098623275757,-3.7917497158050537,1.000378966331482,0.284423828125,0.083251953125
3395,1100,-1.2359445095062256,0.834458589553833,1.239471435546875,-0.36627960205078125,-3.69606876373291,1.4849073886871338,0.251708984375,0.0850830078125
3396,1101,-1.294858455657959,0.9606497287750244,1.4320640563964844,-0.6122951507568359,-3.4724841117858887,1.888647198677063,0.248046875,0.03985595703125
3397,1100,-1.2359445095062256,0.834458589553833,1.239471435546875,-0.36627960205078125,-3.69606876373291,1.4849073886871338,0.251708984375,0.0850830078125
3398,1102,-1.0459136962890625,0.8346631526947021,1.2296688556671143,0.7886098623275757,-3.7917497158050537,1.000378966331482,0.284423828125,0.083251953125
3399,1093,-0.8154411315917969,0.8980712890625,0.9749448895454407,2.266061544418335,-3.294017791748047,-0.12013053894042969,0.3251953125,0.1197509765625
3400,1102,-1.0459136962890625,0.8346631526947021,1.2296688556671143,0.7886098623275757,-3.7917497158050537,1.000378966331482,0.284423828125,0.083251953125
3401,1092,-1.0639557838439941,0.7797865867614746,1.019110083580017,1.1676630973815918,-3.8212435245513916,0.18624591827392578,0.28466796875,0.12188720703125
3402,1101,-1.294858455657959,0.9606497287750244,1.4320640563964844,-0.6122951507568359,-3.4724841117858887,1.888647198677063,0.248046875,0.03985595703125
3403,1102,-1.0459136962890625,0.8346631526947021,1.2296688556671143,0.7886098623275757,-3.7917497158050537,1.000378966331482,0.284423828125,0.083251953125
3404,1103,-1.116999626159668,0.8949282169342041,1.44352388381958,0.07525074481964111,-3.7607877254486084,1.3604583740234375,0.28369140625,0.0281219482421875
3405,1103,-1.116999626159668,0.8949282169342041,1.44352388381958,0.07525074481964111,-3.7607877254486084,1.3604583740234375,0.28369140625,0.0281219482421875
3406,1102,-1.0459136962890625,0.8346631526947021,1.2296688556671143,0.7886098623275757,-3.7917497158050537,1.000378966331482,0.284423828125,0.083251953125
3407,1104,-0.8434238433837891,0.9063200950622559,1.2382795810699463,1.924347996711731,-3.4565072059631348,0.5911587476730347,0.32275390625,0.073974609375
3408,1093,-0.8154411315917969,0.8980712890625,0.9749448895454407,2.266061544418335,-3.294017791748047,-0.12013053894042969,0.3251953125,0.1197509765625
3409,1104,-0.8434238433837891,0.9063200950622559,1.2382795810699463,1.924347996711731,-3.4565072059631348,0.5911587476730347,0.32275390625,0.073974609375
3410,1102,-1.0459136962890625,0.8346631526947021,1.2296688556671143,0.7886098623275757,-3.7917497158050537,1.000378966331482,0.284423828125,0.083251953125
3411,1103,-1.116999626159668,0.8949282169342041,1.44352388381958,0.07525074481964111,-3.7607877254486084,1.3604583740234375,0.28369140625,0.0281219482421875
3412,1104,-0.8434238433837891,0.9063200950622559,1.2382795810699463,1.924347996711731,-3.4565072059631348,0.5911587476730347,0.32275390625,0.073974609375
3413,1105,-0.8661961555480957,0.9441287517547607,1.4223706722259521,1.347188949584961,-3.5995123386383057,1.108431339263916,0.32568359375,0.0259857177734375
3414,1105,-0.8661961555480957,0.9441287517547607,1.4223706722259521,1.347188949584961,-3.5995123386383057,1.108431339263916,0.32568359375,0.0259857177734375
3415,1104,-0.8434238433837891,0.9063200950622559,1.2382795810699463,1.924347996711731,-3.4565072059631348,0.5911587476730347,0.32275390625,0.073974609375
3416,1106,-0.6585049629211426,1.0671172142028809,1.325741171836853,2.5998611450195312,-3.0372629165649414,-0.1256183385848999,0.373046875,0.033111572265625
3417,1107,-0.6135737895965576,1.1277925968170166,0.9236880540847778,2.7432501316070557,-2.870727777481079,-0.4832393527030945,0.390380859375,0.11419677734375
3418,1104,-0.8434238433837891,0.9063200950622559,1.2382795810699463,1.924347996711731,-3.4565072059631348,0.5911587476730347,0.32275390625,0.073974609375
3419,1093,-0.8154411315917969,0.8980712890625,0.9749448895454407,2.266061544418335,-3.294017791748047,-0.12013053894042969,0.3251953125,0.1197509765625
3420,1106,-0.6585049629211426,1.0671172142028809,1.325741171836853,2.5998611450195312,-3.0372629165649414,-0.1256183385848999,0.373046875,0.033111572265625
3421,1104,-0.8434238433837891,0.9063200950622559,1.2382795810699463,1.924347996711731,-3.4565072059631348,0.5911587476730347,0.32275390625,0.073974609375
3422,1107,-0.6135737895965576,1.1277925968170166,0.9236880540847778,2.7432501316070557,-2.870727777481079,-0.4832393527030945,0.390380859375,0.11419677734375
3423,1064,-0.6446161270141602,1.161815881729126,0.6538019180297852,2.8114538192749023,-2.627925395965576,-1.0907609462738037,0.399658203125,0.1590576171875
3424,1107,-0.6135737895965576,1.1277925968170166,0.9236880540847778,2.7432501316070557,-2.870727777481079,-0.4832393527030945,0.390380859375,0.11419677734375
3425,1093,-0.8154411315917969,0.8980712890625,0.9749448895454407,2.266061544418335,-3.294017791748047,-0.12013053894042969,0.3251953125,0.1197509765625
3426,1065,-0.5110032558441162,1.2921013832092285,0.7614340782165527,2.890681028366089,-2.678528070449829,-0.6851816773414612,0.422119140625,0.1134033203125
3427,1107,-0.6135737895965576,1.1277925968170166,0.9236880540847778,2.7432501316070557,-2.870727777481079,-0.4832393527030945,0.390380859375,0.11419677734375
3428,1064,-0.6446161270141602,1.161815881729126,0.6538019180297852,2.8114538192749023,-2.627925395965576,-1.0907609462738037,0.399658203125,0.1590576171875
3429,1106,-0.6585049629211426,1.0671172142028809,1.325741171836853,2.5998611450195312,-3.0372629165649414,-0.1256183385848999,0.373046875,0.033111572265625
3430,1107,-0.6135737895965576,1.1277925968170166,0.9236880540847778,2.7432501316070557,-2.870727777481079,-0.4832393527030945,0.390380859375,0.11419677734375
3431,1065,-0.5110032558441162,1.2921013832092285,0.7614340782165527,2.890681028366089,-2.678528070449829,-0.6851816773414612,0.422119140625,0.1134033203125
3432,1106,-0.6585049629211426,1.0671172142028809,1.325741171836853,2.5998611450195312,-3.0372629165649414,-0.1256183385848999,0.373046875,0.033111572265625
3433,1065,-0.5110032558441162,1.2921013832092285,0.7614340782165527,2.890681028366089,-2.678528070449829,-0.6851816773414612,0.422119140625,0.1134033203125
3434,1108,-0.4904942512512207,1.1983718872070312,1.1094837188720703,2.554054021835327,-3.0305938720703125,-0.5406765341758728,0.41748046875,0.054779052734375
3435,1109,-2.249807834625244,0.9078614711761475,0.9157990217208862,-2.591007947921753,-0.9051138758659363,-2.9098918437957764,0.163818359375,0.953125
3436,1110,-2.1083807945251465,0.8578541278839111,0.805425763130188,-2.229671001434326,-0.7855172157287598,-3.2266945838928223,0.102783203125,0.9150390625
3437,1111,-2.17832612991333,0.7982592582702637,0.8812167644500732,-2.591007947921753,-0.9051138758659363,-2.9098918437957764,0.102783203125,0.953125
3438,1109,-2.249807834625244,0.9078614711761475,0.9157990217208862,-2.591007947921753,-0.9051138758659363,-2.9098918437957764,0.163818359375,0.953125
3439,1112,-2.137733221054077,0.9604012966156006,0.79463791847229,-2.113072633743286,-0.7467807531356812,-3.3131964206695557,0.163818359375,0.9150390625
3440,1110,-2.1083807945251465,0.8578541278839111,0.805425763130188,-2.229671001434326,-0.7855172157287598,-3.2266945838928223,0.102783203125,0.9150390625
3441,1113,-2.041501998901367,0.9985344409942627,0.7566084861755371,-1.558997392654419,-0.30296045541763306,-3.671208143234253,0.163818359375,0.85498046875
3442,1110,-2.1083807945251465,0.8578541278839111,0.805425763130188,-2.229671001434326,-0.7855172157287598,-3.2266945838928223,0.102783203125,0.9150390625
3443,1112,-2.137733221054077,0.9604012966156006,0.79463791847229,-2.113072633743286,-0.7467807531356812,-3.3131964206695557,0.163818359375,0.9150390625
3444,1113,-2.041501998901367,0.9985344409942627,0.7566084861755371,-1.558997392654419,-0.30296045541763306,-3.671208143234253,0.163818359375,0.85498046875
3445,1114,-2.0091700553894043,0.8854713439941406,0.7525322437286377,-1.5573804378509521,-0.3134407103061676,-3.6710147857666016,0.102783203125,0.85498046875
3446,1110,-2.1083807945251465,0.8578541278839111,0.805425763130188,-2.229671001434326,-0.7855172157287598,-3.2266945838928223,0.102783203125,0.9150390625
3447,1115,-1.9202795028686523,0.9244809150695801,0.7048147916793823,-1.2776557207107544,0.3446025550365448,-3.7747678756713867,0.102783203125,0.79736328125
3448,1114,-2.0091700553894043,0.8854713439941406,0.7525322437286377,-1.5573804378509521,-0.3134407103061676,-3.6710147857666016,0.102783203125,0.85498046875
3449,1113,-2.041501998901367,0.9985344409942627,0.7566084861755371,-1.558997392654419,-0.30296045541763306,-3.671208143234253,0.163818359375,0.85498046875
3450,1115,-1.9202795028686523,0.9244809150695801,0.7048147916793823,-1.2776557207107544,0.3446025550365448,-3.7747678756713867,0.102783203125,0.79736328125
3451,1113,-2.041501998901367,0.9985344409942627,0.7566084861755371,-1.558997392654419,-0.30296045541763306,-3.671208143234253,0.163818359375,0.85498046875
3452,1116,-1.943681240081787,1.0234911441802979,0.7223267555236816,-1.2446067333221436,0.38349536061286926,-3.7820520401000977,0.163818359375,0.79736328125
3453,1116,-1.943681240081787,1.0234911441802979,0.7223267555236816,-1.2446067333221436,0.38349536061286926,-3.7820520401000977,0.163818359375,0.79736328125
3454,1117,-1.8359878063201904,0.9603054523468018,0.6848015189170837,-1.33738374710083,0.8169038891792297,-3.6802315711975098,0.102783203125,0.7392578125
3455,1115,-1.9202795028686523,0.9244809150695801,0.7048147916793823,-1.2776557207107544,0.3446025550365448,-3.7747678756713867,0.102783203125,0.79736328125
3456,1116,-1.943681240081787,1.0234911441802979,0.7223267555236816,-1.2446067333221436,0.38349536061286926,-3.7820520401000977,0.163818359375,0.79736328125
3457,1118,-1.8358275890350342,1.0622014999389648,0.7163307666778564,-1.5882939100265503,0.8018887042999268,-3.582502841949463,0.163818359375,0.7392578125
3458,1117,-1.8359878063201904,0.9603054523468018,0.6848015189170837,-1.33738374710083,0.8169038891792297,-3.6802315711975098,0.102783203125,0.7392578125
3459,1118,-1.8358275890350342,1.0622014999389648,0.7163307666778564,-1.5882939100265503,0.8018887042999268,-3.582502841949463,0.163818359375,0.7392578125
3460,1119,-1.781989336013794,0.9856412410736084,0.6581616997718811,-3.080881118774414,0.4240638017654419,-2.5156233310699463,0.102783203125,0.68310546875
3461,1117,-1.8359878063201904,0.9603054523468018,0.6848015189170837,-1.33738374710083,0.8169038891792297,-3.6802315711975098,0.102783203125,0.7392578125
3462,1118,-1.8358275890350342,1.0622014999389648,0.7163307666778564,-1.5882939100265503,0.8018887042999268,-3.582502841949463,0.163818359375,0.7392578125
3463,1120,-1.7857420444488525,1.0858943462371826,0.6760358810424805,-3.233952045440674,0.3422069549560547,-2.3290483951568604,0.163818359375,0.68310546875
3464,1119,-1.781989336013794,0.9856412410736084,0.6581616997718811,-3.080881118774414,0.4240638017654419,-2.5156233310699463,0.102783203125,0.68310546875
3465,1120,-1.7857420444488525,1.0858943462371826,0.6760358810424805,-3.233952045440674,0.3422069549560547,-2.3290483951568604,0.163818359375,0.68310546875
3466,1121,-1.7573657035827637,1.0098106861114502,0.5984651446342468,-3.8754472732543945,-0.22927403450012207,-0.963513195514679,0.102783203125,0.63037109375
3467,1119,-1.781989336013794,0.9856412410736084,0.6581616997718811,-3.080881118774414,0.4240638017654419,-2.5156233310699463,0.102783203125,0.68310546875
3468,1120,-1.7857420444488525,1.0858943462371826,0.6760358810424805,-3.233952045440674,0.3422069549560547,-2.3290483951568604,0.163818359375,0.68310546875
3469,1122,-1.7660019397735596,1.116452693939209,0.6141794919967651,-3.1648919582366943,1.0404456853866577,-0.7383593320846558,0.163818359375,0.63037109375
3470,1121,-1.7573657035827637,1.0098106861114502,0.5984651446342468,-3.8754472732543945,-0.22927403450012207,-0.963513195514679,0.102783203125,0.63037109375
3471,1122,-1.7660019397735596,1.116452693939209,0.6141794919967651,-3.1648919582366943,1.0404456853866577,-0.7383593320846558,0.163818359375,0.63037109375
3472,1123,-1.7504749298095703,1.0197465419769287,0.537131130695343,-3.8142051696777344,-0.49971532821655273,-1.0964215993881226,0.102783203125,0.58642578125
3473,1121,-1.7573657035827637,1.0098106861114502,0.5984651446342468,-3.8754472732543945,-0.22927403450012207,-0.963513195514679,0.102783203125,0.63037109375
3474,1122,-1.7660019397735596,1.116452693939209,0.6141794919967651,-3.1648919582366943,1.0404456853866577,-0.7383593320846558,0.163818359375,0.63037109375
3475,1124,-1.75850248336792,1.0891544818878174,0.5410891771316528,-3.8392248153686523,-0.48978590965270996,-1.0101853609085083,0.163818359375,0.58642578125
3476,1123,-1.7504749298095703,1.0197465419769287,0.537131130695343,-3.8142051696777344,-0.49971532821655273,-1.0964215993881226,0.102783203125,0.58642578125
3477,1124,-1.75850248336792,1.0891544818878174,0.5410891771316528,-3.8392248153686523,-0.48978590965270996,-1.0101853609085083,0.163818359375,0.58642578125
3478,1125,-1.7842912673950195,1.0549269914627075,0.5066206455230713,-2.529731512069702,0.6027947664260864,-2.6838083267211914,0.10638427734375,0.53759765625
3479,1123,-1.7504749298095703,1.0197465419769287,0.537131130695343,-3.8142051696777344,-0.49971532821655273,-1.0964215993881226,0.102783203125,0.58642578125
3480,1124,-1.75850248336792,1.0891544818878174,0.5410891771316528,-3.8392248153686523,-0.48978590965270996,-1.0101853609085083,0.163818359375,0.58642578125
3481,1126,-1.7332589626312256,1.0776076316833496,0.4899013042449951,-2.7830393314361572,-0.5977289080619812,-2.8102376461029053,0.1619873046875,0.53759765625
3482,1125,-1.7842912673950195,1.0549269914627075,0.5066206455230713,-2.529731512069702,0.6027947664260864,-2.6838083267211914,0.10638427734375,0.53759765625
3483,1126,-1.7332589626312256,1.0776076316833496,0.4899013042449951,-2.7830393314361572,-0.5977289080619812,-2.8102376461029053,0.1619873046875,0.53759765625
3484,1127,-1.6412925720214844,1.0278983116149902,0.4655466079711914,-1.2393748760223389,-0.6158806085586548,-3.752955675125122,0.10638427734375,0.49853515625
3485,1125,-1.7842912673950195,1.0549269914627075,0.5066206455230713,-2.529731512069702,0.6027947664260864,-2.6838083267211914,0.10638427734375,0.53759765625
3486,1126,-1.7332589626312256,1.0776076316833496,0.4899013042449951,-2.7830393314361572,-0.5977289080619812,-2.8102376461029053,0.1619873046875,0.53759765625
3487,1128,-1.6507108211517334,1.0624198913574219,0.46140506863594055,-1.2613718509674072,-0.5560634732246399,-3.754965305328369,0.1619873046875,0.49853515625
3488,1127,-1.6412925720214844,1.0278983116149902,0.4655466079711914,-1.2393748760223389,-0.6158806085586548,-3.752955675125122,0.10638427734375,0.49853515625
3489,1128,-1.6507108211517334,1.0624198913574219,0.46140506863594055,-1.2613718509674072,-0.5560634732246399,-3.754965305328369,0.1619873046875,0.49853515625
3490,1129,-1.5533676147460938,1.0034897327423096,0.44284528493881226,-1.1805195808410645,-0.7711576223373413,-3.7432234287261963,0.1619873046875,0.47216796875
3491,1127,-1.6412925720214844,1.0278983116149902,0.4655466079711914,-1.2393748760223389,-0.6158806085586548,-3.752955675125122,0.10638427734375,0.49853515625
3492,1130,-1.8398857116699219,0.8794126510620117,0.6919608116149902,-1.321190595626831,-1.8930022716522217,-3.2666547298431396,0.49658203125,0.307373046875
3493,1131,-2.002755641937256,0.7602953910827637,0.8262747526168823,-1.404705286026001,-1.7892729043960571,-3.2901875972747803,0.53173828125,0.26611328125
3494,1132,-1.9946825504302979,0.8503224849700928,0.7817680835723877,-1.4047054052352905,-1.7892725467681885,-3.2901878356933594,0.487060546875,0.26611328125
3495,1130,-1.8398857116699219,0.8794126510620117,0.6919608116149902,-1.321190595626831,-1.8930022716522217,-3.2666547298431396,0.49658203125,0.307373046875
3496,1133,-1.8330950736999512,0.7757489681243896,0.7533347010612488,-1.3528666496276855,-1.8541333675384521,-3.2759690284729004,0.541015625,0.307373046875
3497,1131,-2.002755641937256,0.7602953910827637,0.8262747526168823,-1.404705286026001,-1.7892729043960571,-3.2901875972747803,0.53173828125,0.26611328125
3498,1134,-1.7317605018615723,0.7953653335571289,0.7022249102592468,-1.3316667079925537,-1.9837594032287598,-3.2080209255218506,0.5419921875,0.34765625
3499,1133,-1.8330950736999512,0.7757489681243896,0.7533347010612488,-1.3528666496276855,-1.8541333675384521,-3.2759690284729004,0.541015625,0.307373046875
3500,1130,-1.8398857116699219,0.8794126510620117,0.6919608116149902,-1.321190595626831,-1.8930022716522217,-3.2666547298431396,0.49658203125,0.307373046875
3501,1134,-1.7317605018615723,0.7953653335571289,0.7022249102592468,-1.3316667079925537,-1.9837594032287598,-3.2080209255218506,0.5419921875,0.34765625
3502,1130,-1.8398857116699219,0.8794126510620117,0.6919608116149902,-1.321190595626831,-1.8930022716522217,-3.2666547298431396,0.49658203125,0.307373046875
3503,1135,-1.7426791191101074,0.8978230953216553,0.6437628865242004,-1.3901805877685547,-1.9788129329681396,-3.186177968978882,0.497314453125,0.34716796875
3504,1135,-1.7426791191101074,0.8978230953216553,0.6437628865242004,-1.3901805877685547,-1.9788129329681396,-3.186177968978882,0.497314453125,0.34716796875
3505,1136,-1.6588549613952637,0.8164882659912109,0.6537866592407227,-1.7470064163208008,-1.9747765064239502,-3.0080323219299316,0.5361328125,0.387939453125
3506,1134,-1.7317605018615723,0.7953653335571289,0.7022249102592468,-1.3316667079925537,-1.9837594032287598,-3.2080209255218506,0.5419921875,0.34765625
3507,1135,-1.7426791191101074,0.8978230953216553,0.6437628865242004,-1.3901805877685547,-1.9788129329681396,-3.186177968978882,0.497314453125,0.34716796875
3508,1137,-1.6707508563995361,0.9092245101928711,0.600872814655304,-1.8969707489013672,-1.977409839630127,-2.9139976501464844,0.4873046875,0.3876953125
3509,1136,-1.6588549613952637,0.8164882659912109,0.6537866592407227,-1.7470064163208008,-1.9747765064239502,-3.0080323219299316,0.5361328125,0.387939453125
3510,1137,-1.6707508563995361,0.9092245101928711,0.600872814655304,-1.8969707489013672,-1.977409839630127,-2.9139976501464844,0.4873046875,0.3876953125
3511,1138,-1.5949721336364746,0.8390076160430908,0.5912919044494629,-2.421207904815674,-2.0128583908081055,-2.4670188426971436,0.52587890625,0.426513671875
3512,1136,-1.6588549613952637,0.8164882659912109,0.6537866592407227,-1.7470064163208008,-1.9747765064239502,-3.0080323219299316,0.5361328125,0.387939453125
3513,1137,-1.6707508563995361,0.9092245101928711,0.600872814655304,-1.8969707489013672,-1.977409839630127,-2.9139976501464844,0.4873046875,0.3876953125
3514,1139,-1.6071991920471191,0.91377854347229,0.5420361757278442,-2.5191805362701416,-2.025151014328003,-2.356379508972168,0.477294921875,0.427001953125
3515,1138,-1.5949721336364746,0.8390076160430908,0.5912919044494629,-2.421207904815674,-2.0128583908081055,-2.4670188426971436,0.52587890625,0.426513671875
3516,1139,-1.6071991920471191,0.91377854347229,0.5420361757278442,-2.5191805362701416,-2.025151014328003,-2.356379508972168,0.477294921875,0.427001953125
3517,1140,-1.5288987159729004,0.826202392578125,0.5236985683441162,-2.61354398727417,-2.2747278213500977,-1.998757243156433,0.51318359375,0.46240234375
3518,1138,-1.5949721336364746,0.8390076160430908,0.5912919044494629,-2.421207904815674,-2.0128583908081055,-2.4670188426971436,0.52587890625,0.426513671875
3519,1139,-1.6071991920471191,0.91377854347229,0.5420361757278442,-2.5191805362701416,-2.025151014328003,-2.356379508972168,0.477294921875,0.427001953125
3520,1141,-1.5453085899353027,0.8866903781890869,0.4763779044151306,-2.6030521392822266,-2.289602756500244,-1.9954626560211182,0.468505859375,0.4638671875
3521,1140,-1.5288987159729004,0.826202392578125,0.5236985683441162,-2.61354398727417,-2.2747278213500977,-1.998757243156433,0.51318359375,0.46240234375
3522,1141,-1.5453085899353027,0.8866903781890869,0.4763779044151306,-2.6030521392822266,-2.289602756500244,-1.9954626560211182,0.468505859375,0.4638671875
3523,1142,-1.4471371173858643,0.8053872585296631,0.46090245246887207,-1.8956246376037598,-2.853760242462158,-2.0646300315856934,0.52197265625,0.4931640625
3524,1140,-1.5288987159729004,0.826202392578125,0.5236985683441162,-2.61354398727417,-2.2747278213500977,-1.998757243156433,0.51318359375,0.46240234375
3525,1141,-1.5453085899353027,0.8866903781890869,0.4763779044151306,-2.6030521392822266,-2.289602756500244,-1.9954626560211182,0.468505859375,0.4638671875
3526,1143,-1.4703309535980225,0.8503665924072266,0.4187738299369812,-2.0215046405792236,-2.786172866821289,-2.037350654602051,0.4775390625,0.494140625
3527,1142,-1.4471371173858643,0.8053872585296631,0.46090245246887207,-1.8956246376037598,-2.853760242462158,-2.0646300315856934,0.52197265625,0.4931640625
3528,1143,-1.4703309535980225,0.8503665924072266,0.4187738299369812,-2.0215046405792236,-2.786172866821289,-2.037350654602051,0.4775390625,0.494140625
3529,1144,-1.3571326732635498,0.7987158298492432,0.43075132369995117,0.26042258739471436,-3.0217020511627197,-2.6079750061035156,0.54638671875,0.5263671875
3530,1142,-1.4471371173858643,0.8053872585296631,0.46090245246887207,-1.8956246376037598,-2.853760242462158,-2.0646300315856934,0.52197265625,0.4931640625
3531,1143,-1.4703309535980225,0.8503665924072266,0.4187738299369812,-2.0215046405792236,-2.786172866821289,-2.037350654602051,0.4775390625,0.494140625
3532,1145,-1.3856441974639893,0.8282034397125244,0.39345651865005493,-0.5375012159347534,-3.144819974899292,-2.4127237796783447,0.501953125,0.52880859375
3533,1144,-1.3571326732635498,0.7987158298492432,0.43075132369995117,0.26042258739471436,-3.0217020511627197,-2.6079750061035156,0.54638671875,0.5263671875
3534,1145,-1.3856441974639893,0.8282034397125244,0.39345651865005493,-0.5375012159347534,-3.144819974899292,-2.4127237796783447,0.501953125,0.52880859375
3535,1146,-1.2606027126312256,0.8272702693939209,0.45533066987991333,1.9377918243408203,-2.366668224334717,-2.577571392059326,0.54736328125,0.5537109375
3536,1144,-1.3571326732635498,0.7987158298492432,0.43075132369995117,0.26042258739471436,-3.0217020511627197,-2.6079750061035156,0.54638671875,0.5263671875
3537,1145,-1.3856441974639893,0.8282034397125244,0.39345651865005493,-0.5375012159347534,-3.144819974899292,-2.4127237796783447,0.501953125,0.52880859375
3538,1147,-1.2712771892547607,0.8450772762298584,0.4269521236419678,1.5837435722351074,-2.539829730987549,-2.653498411178589,0.51171875,0.5556640625
3539,1146,-1.2606027126312256,0.8272702693939209,0.45533066987991333,1.9377918243408203,-2.366668224334717,-2.577571392059326,0.54736328125,0.5537109375
3540,1147,-1.2712771892547607,0.8450772762298584,0.4269521236419678,1.5837435722351074,-2.539829730987549,-2.653498411178589,0.51171875,0.5556640625
3541,1148,-1.2022974491119385,0.8830227851867676,0.49470919370651245,2.9782252311706543,-1.6097686290740967,-2.130455732345581,0.50439453125,0.58837890625
3542,1146,-1.2606027126312256,0.8272702693939209,0.45533066987991333,1.9377918243408203,-2.366668224334717,-2.577571392059326,0.54736328125,0.5537109375
3543,1149,-0.9886913299560547,0.9020493030548096,1.353226661682129,0.5894213318824768,-3.3029282093048096,2.177907705307007,0.10174560546875,0.60009765625
3544,1150,-1.0005826950073242,0.858896017074585,1.289964199066162,0.3495435118675232,-3.3014469146728516,2.231210947036743,0.145751953125,0.60009765625
3545,1151,-0.8048219680786133,0.9595963954925537,1.3083550930023193,1.465624213218689,-3.1971137523651123,1.9053723812103271,0.12371826171875,0.489013671875
3546,1152,-1.1388354301452637,0.9071180820465088,1.3515774011611938,0.031653404235839844,-3.1918435096740723,2.4106359481811523,0.10174560546875,0.6357421875
3547,1150,-1.0005826950073242,0.858896017074585,1.289964199066162,0.3495435118675232,-3.3014469146728516,2.231210947036743,0.145751953125,0.60009765625
3548,1149,-0.9886913299560547,0.9020493030548096,1.353226661682129,0.5894213318824768,-3.3029282093048096,2.177907705307007,0.10174560546875,0.60009765625
3549,1152,-1.1388354301452637,0.9071180820465088,1.3515774011611938,0.031653404235839844,-3.1918435096740723,2.4106359481811523,0.10174560546875,0.6357421875
3550,1153,-1.1404905319213867,0.8575911521911621,1.2831836938858032,-0.0242539644241333,-3.221395492553711,2.3710882663726807,0.145751953125,0.6357421875
3551,1150,-1.0005826950073242,0.858896017074585,1.289964199066162,0.3495435118675232,-3.3014469146728516,2.231210947036743,0.145751953125,0.60009765625
3552,1154,-1.2431743144989014,0.9684760570526123,1.4284272193908691,-0.15133261680603027,-2.780015707015991,2.8720457553863525,0.10174560546875,0.6669921875
3553,1153,-1.1404905319213867,0.8575911521911621,1.2831836938858032,-0.0242539644241333,-3.221395492553711,2.3710882663726807,0.145751953125,0.6357421875
3554,1152,-1.1388354301452637,0.9071180820465088,1.3515774011611938,0.031653404235839844,-3.1918435096740723,2.4106359481811523,0.10174560546875,0.6357421875
3555,1154,-1.2431743144989014,0.9684760570526123,1.4284272193908691,-0.15133261680603027,-2.780015707015991,2.8720457553863525,0.10174560546875,0.6669921875
3556,1155,-1.23936128616333,0.9016385078430176,1.3508234024047852,0.03357744216918945,-2.9981942176818848,2.6475915908813477,0.145751953125,0.6669921875
3557,1153,-1.1404905319213867,0.8575911521911621,1.2831836938858032,-0.0242539644241333,-3.221395492553711,2.3710882663726807,0.145751953125,0.6357421875
3558,1156,-1.3590631484985352,1.0228328704833984,1.4464166164398193,-0.4026707112789154,-1.671757459640503,3.611525774002075,0.10174560546875,0.7158203125
3559,1155,-1.23936128616333,0.9016385078430176,1.3508234024047852,0.03357744216918945,-2.9981942176818848,2.6475915908813477,0.145751953125,0.6669921875
3560,1154,-1.2431743144989014,0.9684760570526123,1.4284272193908691,-0.15133261680603027,-2.780015707015991,2.8720457553863525,0.10174560546875,0.6669921875
3561,1156,-1.3590631484985352,1.0228328704833984,1.4464166164398193,-0.4026707112789154,-1.671757459640503,3.611525774002075,0.10174560546875,0.7158203125
3562,1157,-1.3559045791625977,0.9633188247680664,1.413874864578247,-0.361707866191864,-2.0027408599853516,3.4435791969299316,0.145751953125,0.7158203125
3563,1155,-1.23936128616333,0.9016385078430176,1.3508234024047852,0.03357744216918945,-2.9981942176818848,2.6475915908813477,0.145751953125,0.6669921875
3564,1158,-1.5015573501586914,1.0535831451416016,1.4213309288024902,-0.4313777983188629,-0.2932562232017517,3.965848207473755,0.10174560546875,0.73388671875
3565,1157,-1.3559045791625977,0.9633188247680664,1.413874864578247,-0.361707866191864,-2.0027408599853516,3.4435791969299316,0.145751953125,0.7158203125
3566,1156,-1.3590631484985352,1.0228328704833984,1.4464166164398193,-0.4026707112789154,-1.671757459640503,3.611525774002075,0.10174560546875,0.7158203125
3567,1158,-1.5015573501586914,1.0535831451416016,1.4213309288024902,-0.4313777983188629,-0.2932562232017517,3.965848207473755,0.10174560546875,0.73388671875
3568,1159,-1.4795680046081543,0.9598178863525391,1.4142111539840698,-0.4369118809700012,-0.3985803723335266,3.9560437202453613,0.145751953125,0.73388671875
3569,1157,-1.3559045791625977,0.9633188247680664,1.413874864578247,-0.361707866191864,-2.0027408599853516,3.4435791969299316,0.145751953125,0.7158203125
3570,1160,-1.6502552032470703,1.028313159942627,1.3952977657318115,0.364566445350647,0.1534244418144226,3.9804000854492188,0.10174560546875,0.76953125
3571,1159,-1.4795680046081543,0.9598178863525391,1.4142111539840698,-0.4369118809700012,-0.3985803723335266,3.9560437202453613,0.145751953125,0.73388671875
3572,1158,-1.5015573501586914,1.0535831451416016,1.4213309288024902,-0.4313777983188629,-0.2932562232017517,3.965848207473755,0.10174560546875,0.73388671875
3573,1160,-1.6502552032470703,1.028313159942627,1.3952977657318115,0.364566445350647,0.1534244418144226,3.9804000854492188,0.10174560546875,0.76953125
3574,1161,-1.6079740524291992,0.9136195182800293,1.4131149053573608,0.4520852863788605,0.16168183088302612,3.9710848331451416,0.145751953125,0.76953125
3575,1159,-1.4795680046081543,0.9598178863525391,1.4142111539840698,-0.4369118809700012,-0.3985803723335266,3.9560437202453613,0.145751953125,0.73388671875
3576,1162,-1.7436163425445557,0.9555020332336426,1.457754135131836,0.8376891016960144,-0.44382449984550476,3.886042833328247,0.10174560546875,0.80517578125
3577,1161,-1.6079740524291992,0.9136195182800293,1.4131149053573608,0.4520852863788605,0.16168183088302612,3.9710848331451416,0.145751953125,0.76953125
3578,1160,-1.6502552032470703,1.028313159942627,1.3952977657318115,0.364566445350647,0.1534244418144226,3.9804000854492188,0.10174560546875,0.76953125
3579,1162,-1.7436163425445557,0.9555020332336426,1.457754135131836,0.8376891016960144,-0.44382449984550476,3.886042833328247,0.10174560546875,0.80517578125
3580,1163,-1.714221477508545,0.8550968170166016,1.428624153137207,0.7789871096611023,-0.5231520533561707,3.888383388519287,0.145751953125,0.80517578125
3581,1161,-1.6079740524291992,0.9136195182800293,1.4131149053573608,0.4520852863788605,0.16168183088302612,3.9710848331451416,0.145751953125,0.76953125
3582,1164,-1.9428396224975586,0.8751461505889893,1.4576624631881714,0.39999526739120483,-1.0133157968521118,3.8487956523895264,0.10174560546875,0.8896484375
3583,1163,-1.714221477508545,0.8550968170166016,1.428624153137207,0.7789871096611023,-0.5231520533561707,3.888383388519287,0.145751953125,0.80517578125
3584,1162,-1.7436163425445557,0.9555020332336426,1.457754135131836,0.8376891016960144,-0.44382449984550476,3.886042833328247,0.10174560546875,0.80517578125
3585,1164,-1.9428396224975586,0.8751461505889893,1.4576624631881714,0.39999526739120483,-1.0133157968521118,3.8487956523895264,0.10174560546875,0.8896484375
3586,1165,-1.9148201942443848,0.8075501918792725,1.4365938901901245,0.3999953269958496,-1.0133157968521118,3.8487958908081055,0.145751953125,0.8896484375
3587,1163,-1.714221477508545,0.8550968170166016,1.428624153137207,0.7789871096611023,-0.5231520533561707,3.888383388519287,0.145751953125,0.80517578125
