VTX,IDX,in_POSITION0.x,in_POSITION0.y,in_POSITION0.z,in_NORMAL0.x,in_NORMAL0.y,in_NORMAL0.z,in_NORMAL0.w,in_TEXCOORD0.x,in_TEXCOORD0.y
0,0,-0.038907937705516815,0.1521635204553604,-0.17300495505332947,-0.931640625,0.07745361328125,0.35498046875,0.0,0.623046875,0.8779296875
1,1,-0.054336607456207275,0.0,-0.17934836447238922,-0.93212890625,0.077880859375,0.354248046875,0.0,0.634765625,0.8544921875
2,2,-0.005103913601487875,0.0,-0.05059179663658142,-0.93212890625,0.077880859375,0.354248046875,0.0,0.6123046875,0.8447265625
3,0,-0.038907937705516815,0.1521635204553604,-0.17300495505332947,-0.931640625,0.07745361328125,0.35498046875,0.0,0.623046875,0.8779296875
4,2,-0.005103913601487875,0.0,-0.05059179663658142,-0.93212890625,0.077880859375,0.354248046875,0.0,0.6123046875,0.8447265625
5,3,0.004437830299139023,0.1456431895494461,-0.05673743039369583,-0.931640625,0.07757568359375,0.354736328125,0.0,0.603515625,0.86865234375
6,4,-0.0063759945333004,0.335456907749176,-0.12754759192466736,-0.9306640625,0.07794189453125,0.357177734375,0.0,0.60302734375,0.90478515625
7,0,-0.038907937705516815,0.1521635204553604,-0.17300495505332947,-0.931640625,0.07745361328125,0.35498046875,0.0,0.623046875,0.8779296875
8,3,0.004437830299139023,0.1456431895494461,-0.05673743039369583,-0.931640625,0.07757568359375,0.354736328125,0.0,0.603515625,0.86865234375
9,4,-0.0063759945333004,0.335456907749176,-0.12754759192466736,-0.9306640625,0.07794189453125,0.357177734375,0.0,0.60302734375,0.90478515625
10,5,-0.04062318801879883,0.3195183575153351,-0.21238653361797333,-0.93017578125,0.07843017578125,0.358154296875,0.0,0.619140625,0.90771484375
11,0,-0.038907937705516815,0.1521635204553604,-0.17300495505332947,-0.931640625,0.07745361328125,0.35498046875,0.0,0.623046875,0.8779296875
12,5,-0.04062318801879883,0.3195183575153351,-0.21238653361797333,-0.93017578125,0.07843017578125,0.358154296875,0.0,0.619140625,0.90771484375
13,4,-0.0063759945333004,0.335456907749176,-0.12754759192466736,-0.9306640625,0.07794189453125,0.357177734375,0.0,0.60302734375,0.90478515625
14,6,-0.0988849401473999,0.6636462807655334,-0.4387281835079193,-0.9296875,0.07958984375,0.3603515625,0.0,0.63525390625,0.9794921875
15,4,-0.0063759945333004,0.335456907749176,-0.12754759192466736,-0.9306640625,0.07794189453125,0.357177734375,0.0,0.60302734375,0.90478515625
16,7,-0.058295685797929764,0.5535253286361694,-0.30967628955841064,-0.9296875,0.07958984375,0.360107421875,0.0,0.6201171875,0.95263671875
17,6,-0.0988849401473999,0.6636462807655334,-0.4387281835079193,-0.9296875,0.07958984375,0.3603515625,0.0,0.63525390625,0.9794921875
18,8,1.5069228410720825,1.0013035535812378,0.74803626537323,-0.93896484375,-0.0272979736328125,0.343505859375,0.0,0.1455078125,0.67529296875
19,9,1.4697377681732178,0.7359074950218201,0.625293493270874,-0.93896484375,-0.0272979736328125,0.343505859375,0.0,0.1650390625,0.62744140625
20,10,1.49175226688385,0.7302783727645874,0.6850208640098572,-0.93896484375,-0.0272979736328125,0.343505859375,0.0,0.1539306640625,0.626953125
21,9,1.4697377681732178,0.7359074950218201,0.625293493270874,-0.93896484375,-0.0272979736328125,0.343505859375,0.0,0.1650390625,0.62744140625
22,11,1.4909570217132568,0.4721716642379761,0.6623265147209167,-0.93896484375,-0.0272979736328125,0.343505859375,0.0,0.1549072265625,0.58154296875
23,10,1.49175226688385,0.7302783727645874,0.6850208640098572,-0.93896484375,-0.0272979736328125,0.343505859375,0.0,0.1539306640625,0.626953125
24,9,1.4697377681732178,0.7359074950218201,0.625293493270874,-0.93896484375,-0.0272979736328125,0.343505859375,0.0,0.1650390625,0.62744140625
25,12,1.458962321281433,0.48035314679145813,0.5755226612091064,-0.93896484375,-0.0272979736328125,0.343505859375,0.0,0.1712646484375,0.58203125
26,11,1.4909570217132568,0.4721716642379761,0.6623265147209167,-0.93896484375,-0.0272979736328125,0.343505859375,0.0,0.1549072265625,0.58154296875
27,13,1.4579998254776,0.2925918400287628,0.5579671263694763,-0.93896484375,-0.0273284912109375,0.343505859375,0.0,0.172119140625,0.54931640625
28,11,1.4909570217132568,0.4721716642379761,0.6623265147209167,-0.93896484375,-0.0272979736328125,0.343505859375,0.0,0.1549072265625,0.58154296875
29,12,1.458962321281433,0.48035314679145813,0.5755226612091064,-0.93896484375,-0.0272979736328125,0.343505859375,0.0,0.1712646484375,0.58203125
30,13,1.4579998254776,0.2925918400287628,0.5579671263694763,-0.93896484375,-0.0273284912109375,0.343505859375,0.0,0.172119140625,0.54931640625
31,14,1.4942110776901245,0.2833341360092163,0.656217634677887,-0.93896484375,-0.02734375,0.343505859375,0.0,0.1536865234375,0.548828125
32,11,1.4909570217132568,0.4721716642379761,0.6623265147209167,-0.93896484375,-0.0272979736328125,0.343505859375,0.0,0.1549072265625,0.58154296875
33,15,1.460588812828064,0.171055406332016,0.5553242564201355,-0.93896484375,-0.027313232421875,0.34326171875,0.0,0.171142578125,0.52783203125
34,14,1.4942110776901245,0.2833341360092163,0.656217634677887,-0.93896484375,-0.02734375,0.343505859375,0.0,0.1536865234375,0.548828125
35,13,1.4579998254776,0.2925918400287628,0.5579671263694763,-0.93896484375,-0.0273284912109375,0.343505859375,0.0,0.172119140625,0.54931640625
36,15,1.460588812828064,0.171055406332016,0.5553242564201355,-0.93896484375,-0.027313232421875,0.34326171875,0.0,0.171142578125,0.52783203125
37,16,1.4981451034545898,0.16135619580745697,0.6572685241699219,-0.93896484375,-0.0272979736328125,0.34326171875,0.0,0.152099609375,0.52734375
38,14,1.4942110776901245,0.2833341360092163,0.656217634677887,-0.93896484375,-0.02734375,0.343505859375,0.0,0.1536865234375,0.548828125
39,17,1.4651137590408325,0.0703522115945816,0.5597516298294067,-0.9384765625,-0.0264892578125,0.34375,0.0,0.1690673828125,0.51025390625
40,16,1.4981451034545898,0.16135619580745697,0.6572685241699219,-0.93896484375,-0.0272979736328125,0.34326171875,0.0,0.152099609375,0.52734375
41,15,1.460588812828064,0.171055406332016,0.5553242564201355,-0.93896484375,-0.027313232421875,0.34326171875,0.0,0.171142578125,0.52783203125
42,17,1.4651137590408325,0.0703522115945816,0.5597516298294067,-0.9384765625,-0.0264892578125,0.34375,0.0,0.1690673828125,0.51025390625
43,18,1.5042389631271362,0.060349490493535995,0.6658895611763,-0.9384765625,-0.0261993408203125,0.343994140625,0.0,0.149169921875,0.509765625
44,16,1.4981451034545898,0.16135619580745697,0.6572685241699219,-0.93896484375,-0.0272979736328125,0.34326171875,0.0,0.152099609375,0.52734375
45,18,1.5042389631271362,0.060349490493535995,0.6658895611763,-0.9384765625,-0.0261993408203125,0.343994140625,0.0,0.149169921875,0.509765625
46,17,1.4651137590408325,0.0703522115945816,0.5597516298294067,-0.9384765625,-0.0264892578125,0.34375,0.0,0.1690673828125,0.51025390625
47,19,1.4708728790283203,0.0,0.5706702470779419,-0.9384765625,-0.0250396728515625,0.3447265625,0.0,0.166259765625,0.498046875
48,18,1.5042389631271362,0.060349490493535995,0.6658895611763,-0.9384765625,-0.0261993408203125,0.343994140625,0.0,0.149169921875,0.509765625
49,19,1.4708728790283203,0.0,0.5706702470779419,-0.9384765625,-0.0250396728515625,0.3447265625,0.0,0.166259765625,0.498046875
50,20,1.5094375610351562,0.0,0.6753059029579163,-0.9384765625,-0.0250396728515625,0.3447265625,0.0,0.146728515625,0.499267578125
51,21,1.7110106945037842,0.5673505663871765,1.134549856185913,0.4013671875,0.07977294921875,-0.91259765625,0.0,0.52392578125,0.73193359375
52,22,1.6496416330337524,0.5983839631080627,1.1104322671890259,0.40185546875,0.07891845703125,-0.912109375,0.0,0.5107421875,0.7314453125
53,23,1.9156230688095093,0.7172192931175232,1.237697720527649,0.400146484375,0.0819091796875,-0.91259765625,0.0,0.54833984375,0.7783203125
54,24,1.6068238019943237,0.37812238931655884,1.0726407766342163,0.40380859375,0.0765380859375,-0.91162109375,0.0,0.51953125,0.69384765625
55,22,1.6496416330337524,0.5983839631080627,1.1104322671890259,0.40185546875,0.07891845703125,-0.912109375,0.0,0.5107421875,0.7314453125
56,21,1.7110106945037842,0.5673505663871765,1.134549856185913,0.4013671875,0.07977294921875,-0.91259765625,0.0,0.52392578125,0.73193359375
57,24,1.6068238019943237,0.37812238931655884,1.0726407766342163,0.40380859375,0.0765380859375,-0.91162109375,0.0,0.51953125,0.69384765625
58,25,1.5212732553482056,0.394774466753006,1.0360673666000366,0.404296875,0.07586669921875,-0.91162109375,0.0,0.50439453125,0.68896484375
59,22,1.6496416330337524,0.5983839631080627,1.1104322671890259,0.40185546875,0.07891845703125,-0.912109375,0.0,0.5107421875,0.7314453125
60,26,1.577405571937561,0.19722025096416473,1.0448983907699585,0.406005859375,0.06878662109375,-0.9111328125,0.0,0.52783203125,0.6640625
61,25,1.5212732553482056,0.394774466753006,1.0360673666000366,0.404296875,0.07586669921875,-0.91162109375,0.0,0.50439453125,0.68896484375
62,24,1.6068238019943237,0.37812238931655884,1.0726407766342163,0.40380859375,0.0765380859375,-0.91162109375,0.0,0.51953125,0.69384765625
63,26,1.577405571937561,0.19722025096416473,1.0448983907699585,0.406005859375,0.06878662109375,-0.9111328125,0.0,0.52783203125,0.6640625
64,27,1.4622156620025635,0.18965108692646027,0.9928579330444336,0.40625,0.06744384765625,-0.9111328125,0.0,0.5087890625,0.65234375
65,25,1.5212732553482056,0.394774466753006,1.0360673666000366,0.404296875,0.07586669921875,-0.91162109375,0.0,0.50439453125,0.68896484375
66,27,1.4622156620025635,0.18965108692646027,0.9928579330444336,0.40625,0.06744384765625,-0.9111328125,0.0,0.5087890625,0.65234375
67,26,1.577405571937561,0.19722025096416473,1.0448983907699585,0.406005859375,0.06878662109375,-0.9111328125,0.0,0.52783203125,0.6640625
68,28,1.593519687652588,0.0,1.0382522344589233,0.406494140625,0.06329345703125,-0.91162109375,0.0,0.54638671875,0.634765625
69,27,1.4622156620025635,0.18965108692646027,0.9928579330444336,0.40625,0.06744384765625,-0.9111328125,0.0,0.5087890625,0.65234375
70,28,1.593519687652588,0.0,1.0382522344589233,0.406494140625,0.06329345703125,-0.91162109375,0.0,0.54638671875,0.634765625
71,29,1.4650399684906006,0.0,0.981095552444458,0.406494140625,0.06329345703125,-0.91162109375,0.0,0.52392578125,0.6220703125
72,30,0.5565328001976013,0.965326189994812,-0.2802029252052307,0.19677734375,0.08770751953125,0.9765625,0.0,0.00197601318359375,0.625
73,31,0.4531606435775757,0.7142052054405212,-0.2368224710226059,0.223388671875,0.09747314453125,0.9697265625,0.0,0.0209197998046875,0.58056640625
74,32,0.49520719051361084,0.7155803442001343,-0.2454180121421814,0.216552734375,0.094970703125,0.9716796875,0.0,0.013397216796875,0.58056640625
75,31,0.4531606435775757,0.7142052054405212,-0.2368224710226059,0.223388671875,0.09747314453125,0.9697265625,0.0,0.0209197998046875,0.58056640625
76,33,0.4861428737640381,0.5822843313217163,-0.23095935583114624,0.266845703125,0.09002685546875,0.95947265625,0.0,0.01528167724609375,0.55712890625
77,32,0.49520719051361084,0.7155803442001343,-0.2454180121421814,0.216552734375,0.094970703125,0.9716796875,0.0,0.013397216796875,0.58056640625
78,31,0.4531606435775757,0.7142052054405212,-0.2368224710226059,0.223388671875,0.09747314453125,0.9697265625,0.0,0.0209197998046875,0.58056640625
79,34,0.42187613248825073,0.5777084231376648,-0.21308360993862152,0.27294921875,0.08770751953125,0.9580078125,0.0,0.0269622802734375,0.55615234375
80,33,0.4861428737640381,0.5822843313217163,-0.23095935583114624,0.266845703125,0.09002685546875,0.95947265625,0.0,0.01528167724609375,0.55712890625
81,34,0.42187613248825073,0.5777084231376648,-0.21308360993862152,0.27294921875,0.08770751953125,0.9580078125,0.0,0.0269622802734375,0.55615234375
82,35,0.48614194989204407,0.4236435890197754,-0.21935459971427917,0.28271484375,0.08001708984375,0.9560546875,0.0,0.0154266357421875,0.529296875
83,33,0.4861428737640381,0.5822843313217163,-0.23095935583114624,0.266845703125,0.09002685546875,0.95947265625,0.0,0.01528167724609375,0.55712890625
84,34,0.42187613248825073,0.5777084231376648,-0.21308360993862152,0.27294921875,0.08770751953125,0.9580078125,0.0,0.0269622802734375,0.55615234375
85,36,0.40502411127090454,0.41540229320526123,-0.19207526743412018,0.281982421875,0.0797119140625,0.9560546875,0.0,0.0303955078125,0.52783203125
86,35,0.48614194989204407,0.4236435890197754,-0.21935459971427917,0.28271484375,0.08001708984375,0.9560546875,0.0,0.0154266357421875,0.529296875
87,36,0.40502411127090454,0.41540229320526123,-0.19207526743412018,0.281982421875,0.0797119140625,0.9560546875,0.0,0.0303955078125,0.52783203125
88,37,0.5004878640174866,0.2252310961484909,-0.20418140292167664,0.26416015625,0.0794677734375,0.96142578125,0.0,0.0132293701171875,0.494384765625
89,35,0.48614194989204407,0.4236435890197754,-0.21935459971427917,0.28271484375,0.08001708984375,0.9560546875,0.0,0.0154266357421875,0.529296875
90,36,0.40502411127090454,0.41540229320526123,-0.19207526743412018,0.281982421875,0.0797119140625,0.9560546875,0.0,0.0303955078125,0.52783203125
91,38,0.4034578502178192,0.21901331841945648,-0.178507462143898,0.26416015625,0.0794677734375,0.9609375,0.0,0.0308074951171875,0.4931640625
92,37,0.5004878640174866,0.2252310961484909,-0.20418140292167664,0.26416015625,0.0794677734375,0.96142578125,0.0,0.0132293701171875,0.494384765625
93,39,0.4205690920352936,0.057314250618219376,-0.16950561106204987,0.250244140625,0.0802001953125,0.96484375,0.0,0.027923583984375,0.464599609375
94,37,0.5004878640174866,0.2252310961484909,-0.20418140292167664,0.26416015625,0.0794677734375,0.96142578125,0.0,0.0132293701171875,0.494384765625
95,38,0.4034578502178192,0.21901331841945648,-0.178507462143898,0.26416015625,0.0794677734375,0.9609375,0.0,0.0308074951171875,0.4931640625
96,39,0.4205690920352936,0.057314250618219376,-0.16950561106204987,0.250244140625,0.0802001953125,0.96484375,0.0,0.027923583984375,0.464599609375
97,40,0.5320562124252319,0.06446100771427155,-0.19900809228420258,0.250244140625,0.0802001953125,0.96484375,0.0,0.007724761962890625,0.46630859375
98,37,0.5004878640174866,0.2252310961484909,-0.20418140292167664,0.26416015625,0.0794677734375,0.96142578125,0.0,0.0132293701171875,0.494384765625
99,40,0.5320562124252319,0.06446100771427155,-0.19900809228420258,0.250244140625,0.0802001953125,0.96484375,0.0,0.007724761962890625,0.46630859375
100,39,0.4205690920352936,0.057314250618219376,-0.16950561106204987,0.250244140625,0.0802001953125,0.96484375,0.0,0.027923583984375,0.464599609375
101,41,0.4289465546607971,0.0,-0.16691625118255615,0.250244140625,0.08013916015625,0.96484375,0.0,0.0264892578125,0.45458984375
102,40,0.5320562124252319,0.06446100771427155,-0.19900809228420258,0.250244140625,0.0802001953125,0.96484375,0.0,0.007724761962890625,0.46630859375
103,41,0.4289465546607971,0.0,-0.16691625118255615,0.250244140625,0.08013916015625,0.96484375,0.0,0.0264892578125,0.45458984375
104,42,0.5468704104423523,0.0,-0.19749370217323303,0.250244140625,0.08013916015625,0.96484375,0.0,0.005126953125,0.454833984375
105,43,0.6087925434112549,0.0,0.5756063461303711,0.404296875,0.0736083984375,-0.91162109375,0.0,0.857421875,0.00670623779296875
106,44,0.6862533688545227,0.3281661570072174,0.6364731192588806,0.4033203125,0.07501220703125,-0.912109375,0.0,0.8681640625,0.066162109375
107,45,0.719386100769043,0.0,0.6251229643821716,0.404296875,0.0736083984375,-0.91162109375,0.0,0.87841796875,0.01016998291015625
108,43,0.6087925434112549,0.0,0.5756063461303711,0.404296875,0.0736083984375,-0.91162109375,0.0,0.857421875,0.00670623779296875
109,46,0.5870600342750549,0.3213539123535156,0.5923725366592407,0.403564453125,0.07489013671875,-0.912109375,0.0,0.84912109375,0.0628662109375
110,44,0.6862533688545227,0.3281661570072174,0.6364731192588806,0.4033203125,0.07501220703125,-0.912109375,0.0,0.8681640625,0.066162109375
111,47,0.6031206250190735,0.6839150786399841,0.6295694708824158,0.4033203125,0.07623291015625,-0.91162109375,0.0,0.84716796875,0.1268310546875
112,44,0.6862533688545227,0.3281661570072174,0.6364731192588806,0.4033203125,0.07501220703125,-0.912109375,0.0,0.8681640625,0.066162109375
113,46,0.5870600342750549,0.3213539123535156,0.5923725366592407,0.403564453125,0.07489013671875,-0.912109375,0.0,0.84912109375,0.0628662109375
114,47,0.6031206250190735,0.6839150786399841,0.6295694708824158,0.4033203125,0.07623291015625,-0.91162109375,0.0,0.84716796875,0.1268310546875
115,48,0.6894196271896362,0.6892136335372925,0.6683273315429688,0.403564453125,0.07623291015625,-0.91162109375,0.0,0.86376953125,0.129638671875
116,44,0.6862533688545227,0.3281661570072174,0.6364731192588806,0.4033203125,0.07501220703125,-0.912109375,0.0,0.8681640625,0.066162109375
117,48,0.6894196271896362,0.6892136335372925,0.6683273315429688,0.403564453125,0.07623291015625,-0.91162109375,0.0,0.86376953125,0.129638671875
118,47,0.6031206250190735,0.6839150786399841,0.6295694708824158,0.4033203125,0.07623291015625,-0.91162109375,0.0,0.84716796875,0.1268310546875
119,49,0.8211085200309753,1.4211479425430298,0.7879143357276917,0.406982421875,0.0751953125,-0.91015625,0.0,0.87890625,0.260986328125
120,47,0.6031206250190735,0.6839150786399841,0.6295694708824158,0.4033203125,0.07623291015625,-0.91162109375,0.0,0.84716796875,0.1268310546875
121,50,0.729684054851532,1.1910467147827148,0.7277331948280334,0.4169921875,0.07135009765625,-0.90625,0.0,0.86474609375,0.2186279296875
122,49,0.8211085200309753,1.4211479425430298,0.7879143357276917,0.406982421875,0.0751953125,-0.91015625,0.0,0.87890625,0.260986328125
123,51,1.5431686639785767,1.8861554861068726,-0.1282472163438797,0.4599609375,-0.048553466796875,0.88671875,0.0,0.1474609375,0.34765625
124,52,1.3554775714874268,1.443433165550232,-0.05514266714453697,0.4599609375,-0.04852294921875,0.88671875,0.0,0.1729736328125,0.266357421875
125,53,1.4085265398025513,1.4359413385391235,-0.08306678384542465,0.4599609375,-0.04852294921875,0.88671875,0.0,0.162353515625,0.266357421875
126,52,1.3554775714874268,1.443433165550232,-0.05514266714453697,0.4599609375,-0.04852294921875,0.88671875,0.0,0.1729736328125,0.266357421875
127,54,1.3682963848114014,1.1904078722000122,-0.07563834637403488,0.459716796875,-0.04852294921875,0.88671875,0.0,0.1639404296875,0.22265625
128,53,1.4085265398025513,1.4359413385391235,-0.08306678384542465,0.4599609375,-0.04852294921875,0.88671875,0.0,0.162353515625,0.266357421875
129,52,1.3554775714874268,1.443433165550232,-0.05514266714453697,0.4599609375,-0.04852294921875,0.88671875,0.0,0.1729736328125,0.266357421875
130,55,1.2999720573425293,1.200056791305542,-0.03967784717679024,0.459716796875,-0.04852294921875,0.88671875,0.0,0.1776123046875,0.2227783203125
131,54,1.3682963848114014,1.1904078722000122,-0.07563834637403488,0.459716796875,-0.04852294921875,0.88671875,0.0,0.1639404296875,0.22265625
132,55,1.2999720573425293,1.200056791305542,-0.03967784717679024,0.459716796875,-0.04852294921875,0.88671875,0.0,0.1776123046875,0.2227783203125
133,56,1.3238152265548706,0.8934721946716309,-0.06882224977016449,0.459716796875,-0.04852294921875,0.88671875,0.0,0.1651611328125,0.1700439453125
134,54,1.3682963848114014,1.1904078722000122,-0.07563834637403488,0.459716796875,-0.04852294921875,0.88671875,0.0,0.1639404296875,0.22265625
135,55,1.2999720573425293,1.200056791305542,-0.03967784717679024,0.459716796875,-0.04852294921875,0.88671875,0.0,0.1776123046875,0.2227783203125
136,57,1.2502686977386475,0.9038613438606262,-0.030113067477941513,0.459716796875,-0.04852294921875,0.88671875,0.0,0.1798095703125,0.1700439453125
137,56,1.3238152265548706,0.8934721946716309,-0.06882224977016449,0.459716796875,-0.04852294921875,0.88671875,0.0,0.1651611328125,0.1700439453125
138,58,1.1899765729904175,0.5359591245651245,-0.01898418366909027,0.459716796875,-0.04852294921875,0.88671875,0.0,0.1822509765625,0.104736328125
139,56,1.3238152265548706,0.8934721946716309,-0.06882224977016449,0.459716796875,-0.04852294921875,0.88671875,0.0,0.1651611328125,0.1700439453125
140,57,1.2502686977386475,0.9038613438606262,-0.030113067477941513,0.459716796875,-0.04852294921875,0.88671875,0.0,0.1798095703125,0.1700439453125
141,58,1.1899765729904175,0.5359591245651245,-0.01898418366909027,0.459716796875,-0.04852294921875,0.88671875,0.0,0.1822509765625,0.104736328125
142,59,1.296665906906128,0.5208837985992432,-0.07513553649187088,0.459716796875,-0.04852294921875,0.88671875,0.0,0.1610107421875,0.1046142578125
143,56,1.3238152265548706,0.8934721946716309,-0.06882224977016449,0.459716796875,-0.04852294921875,0.88671875,0.0,0.1651611328125,0.1700439453125
144,60,1.1679203510284424,0.22960005700588226,-0.02431369759142399,0.4599609375,-0.04852294921875,0.88671875,0.0,0.1788330078125,0.050933837890625
145,59,1.296665906906128,0.5208837985992432,-0.07513553649187088,0.459716796875,-0.04852294921875,0.88671875,0.0,0.1610107421875,0.1046142578125
146,58,1.1899765729904175,0.5359591245651245,-0.01898418366909027,0.459716796875,-0.04852294921875,0.88671875,0.0,0.1822509765625,0.104736328125
147,60,1.1679203510284424,0.22960005700588226,-0.02431369759142399,0.4599609375,-0.04852294921875,0.88671875,0.0,0.1788330078125,0.050933837890625
148,61,1.2905101776123047,0.21228499710559845,-0.0888402909040451,0.4599609375,-0.04852294921875,0.88671875,0.0,0.154296875,0.05084228515625
149,59,1.296665906906128,0.5208837985992432,-0.07513553649187088,0.459716796875,-0.04852294921875,0.88671875,0.0,0.1610107421875,0.1046142578125
150,61,1.2905101776123047,0.21228499710559845,-0.0888402909040451,0.4599609375,-0.04852294921875,0.88671875,0.0,0.154296875,0.05084228515625
151,60,1.1679203510284424,0.22960005700588226,-0.02431369759142399,0.4599609375,-0.04852294921875,0.88671875,0.0,0.1788330078125,0.050933837890625
152,62,1.156761884689331,0.0,-0.03109508752822876,0.4599609375,-0.04852294921875,0.88671875,0.0,0.1751708984375,0.01078033447265625
153,61,1.2905101776123047,0.21228499710559845,-0.0888402909040451,0.4599609375,-0.04852294921875,0.88671875,0.0,0.154296875,0.05084228515625
154,62,1.156761884689331,0.0,-0.03109508752822876,0.4599609375,-0.04852294921875,0.88671875,0.0,0.1751708984375,0.01078033447265625
155,63,1.2902894020080566,0.0,-0.10034505277872086,0.4599609375,-0.04852294921875,0.88671875,0.0,0.14892578125,0.013946533203125
156,64,-0.6083539724349976,0.0,-0.7200137972831726,0.0380859375,-0.04351806640625,0.99853515625,0.0,0.90576171875,0.2103271484375
157,65,-0.6886793375015259,0.3260386884212494,-0.7027356624603271,0.036712646484375,-0.049346923828125,0.998046875,0.0,0.91357421875,0.266845703125
158,66,-0.7302711606025696,0.0,-0.7155367732048035,0.0380859375,-0.04351806640625,0.99853515625,0.0,0.92822265625,0.214599609375
159,64,-0.6083539724349976,0.0,-0.7200137972831726,0.0380859375,-0.04351806640625,0.99853515625,0.0,0.90576171875,0.2103271484375
160,67,-0.5802972316741943,0.3144470155239105,-0.7075489163398743,0.036865234375,-0.048736572265625,0.998046875,0.0,0.89599609375,0.26318359375
161,65,-0.6886793375015259,0.3260386884212494,-0.7027356624603271,0.036712646484375,-0.049346923828125,0.998046875,0.0,0.91357421875,0.266845703125
162,67,-0.5802972316741943,0.3144470155239105,-0.7075489163398743,0.036865234375,-0.048736572265625,0.998046875,0.0,0.89599609375,0.26318359375
163,68,-0.6881812810897827,0.6100347638130188,-0.6870750188827515,0.0333251953125,-0.056243896484375,0.998046875,0.0,0.91162109375,0.31298828125
164,65,-0.6886793375015259,0.3260386884212494,-0.7027356624603271,0.036712646484375,-0.049346923828125,0.998046875,0.0,0.91357421875,0.266845703125
165,67,-0.5802972316741943,0.3144470155239105,-0.7075489163398743,0.036865234375,-0.048736572265625,0.998046875,0.0,0.89599609375,0.26318359375
166,69,-0.6037483811378479,0.6368405818939209,-0.6881826519966125,0.033050537109375,-0.056182861328125,0.998046875,0.0,0.89599609375,0.316650390625
167,68,-0.6881812810897827,0.6100347638130188,-0.6870750188827515,0.0333251953125,-0.056243896484375,0.998046875,0.0,0.91162109375,0.31298828125
168,68,-0.6881812810897827,0.6100347638130188,-0.6870750188827515,0.0333251953125,-0.056243896484375,0.998046875,0.0,0.91162109375,0.31298828125
169,69,-0.6037483811378479,0.6368405818939209,-0.6881826519966125,0.033050537109375,-0.056182861328125,0.998046875,0.0,0.89599609375,0.316650390625
170,70,-0.8251588940620422,1.1939655542373657,-0.6499941945075989,0.033203125,-0.055206298828125,0.998046875,0.0,0.9287109375,0.4248046875
171,69,-0.6037483811378479,0.6368405818939209,-0.6881826519966125,0.033050537109375,-0.056182861328125,0.998046875,0.0,0.89599609375,0.316650390625
172,71,-0.7274795174598694,1.0070496797561646,-0.6638955473899841,0.04644775390625,-0.0499267578125,0.99755859375,0.0,0.91357421875,0.38818359375
173,70,-0.8251588940620422,1.1939655542373657,-0.6499941945075989,0.033203125,-0.055206298828125,0.998046875,0.0,0.9287109375,0.4248046875
174,72,-0.09924562275409698,0.8585755228996277,-0.6860485672950745,0.20361328125,-0.054046630859375,-0.9775390625,0.0,0.57568359375,0.77490234375
175,73,0.051410578191280365,0.6684824824333191,-0.6441553831100464,0.175048828125,-0.049591064453125,-0.9833984375,0.0,0.59521484375,0.736328125
176,74,0.010275078006088734,0.6567046046257019,-0.6520723104476929,0.18115234375,-0.050537109375,-0.98193359375,0.0,0.58740234375,0.73583984375
177,73,0.051410578191280365,0.6684824824333191,-0.6441553831100464,0.175048828125,-0.049591064453125,-0.9833984375,0.0,0.59521484375,0.736328125
178,75,0.045997295528650284,0.5415652394294739,-0.6389278769493103,0.1329345703125,-0.06732177734375,-0.98876953125,0.0,0.58935546875,0.71484375
179,74,0.010275078006088734,0.6567046046257019,-0.6520723104476929,0.18115234375,-0.050537109375,-0.98193359375,0.0,0.58740234375,0.73583984375
180,73,0.051410578191280365,0.6684824824333191,-0.6441553831100464,0.175048828125,-0.049591064453125,-0.9833984375,0.0,0.59521484375,0.736328125
181,76,0.11120215803384781,0.556833803653717,-0.6306987404823303,0.1295166015625,-0.0697021484375,-0.9892578125,0.0,0.60107421875,0.71484375
182,75,0.045997295528650284,0.5415652394294739,-0.6389278769493103,0.1329345703125,-0.06732177734375,-0.98876953125,0.0,0.58935546875,0.71484375
183,76,0.11120215803384781,0.556833803653717,-0.6306987404823303,0.1295166015625,-0.0697021484375,-0.9892578125,0.0,0.60107421875,0.71484375
184,77,0.07663428783416748,0.4016192555427551,-0.622162401676178,0.12164306640625,-0.08050537109375,-0.9892578125,0.0,0.58935546875,0.689453125
185,75,0.045997295528650284,0.5415652394294739,-0.6389278769493103,0.1329345703125,-0.06732177734375,-0.98876953125,0.0,0.58935546875,0.71484375
186,76,0.11120215803384781,0.556833803653717,-0.6306987404823303,0.1295166015625,-0.0697021484375,-0.9892578125,0.0,0.60107421875,0.71484375
187,78,0.16125722229480743,0.41816630959510803,-0.6156407594680786,0.12200927734375,-0.08056640625,-0.9892578125,0.0,0.6044921875,0.689453125
188,77,0.07663428783416748,0.4016192555427551,-0.622162401676178,0.12164306640625,-0.08050537109375,-0.9892578125,0.0,0.58935546875,0.689453125
189,79,0.20025770366191864,0.24553091824054718,-0.5935949683189392,0.1392822265625,-0.077392578125,-0.9873046875,0.0,0.60498046875,0.65771484375
190,77,0.07663428783416748,0.4016192555427551,-0.622162401676178,0.12164306640625,-0.08050537109375,-0.9892578125,0.0,0.58935546875,0.689453125
191,78,0.16125722229480743,0.41816630959510803,-0.6156407594680786,0.12200927734375,-0.08056640625,-0.9892578125,0.0,0.6044921875,0.689453125
192,79,0.20025770366191864,0.24553091824054718,-0.5935949683189392,0.1392822265625,-0.077392578125,-0.9873046875,0.0,0.60498046875,0.65771484375
193,80,0.10245437175035477,0.22172212600708008,-0.6070852279663086,0.14111328125,-0.076904296875,-0.98681640625,0.0,0.58740234375,0.65771484375
194,77,0.07663428783416748,0.4016192555427551,-0.622162401676178,0.12164306640625,-0.08050537109375,-0.9892578125,0.0,0.58935546875,0.689453125
195,81,0.2151096910238266,0.09752748906612396,-0.5802427530288696,0.15380859375,-0.07342529296875,-0.9853515625,0.0,0.60205078125,0.6318359375
196,80,0.10245437175035477,0.22172212600708008,-0.6070852279663086,0.14111328125,-0.076904296875,-0.98681640625,0.0,0.58740234375,0.65771484375
197,79,0.20025770366191864,0.24553091824054718,-0.5935949683189392,0.1392822265625,-0.077392578125,-0.9873046875,0.0,0.60498046875,0.65771484375
198,81,0.2151096910238266,0.09752748906612396,-0.5802427530288696,0.15380859375,-0.07342529296875,-0.9853515625,0.0,0.60205078125,0.6318359375
199,82,0.10273168236017227,0.07016833871603012,-0.5957508087158203,0.15380859375,-0.07342529296875,-0.9853515625,0.0,0.58154296875,0.6318359375
200,80,0.10245437175035477,0.22172212600708008,-0.6070852279663086,0.14111328125,-0.076904296875,-0.98681640625,0.0,0.58740234375,0.65771484375
201,82,0.10273168236017227,0.07016833871603012,-0.5957508087158203,0.15380859375,-0.07342529296875,-0.9853515625,0.0,0.58154296875,0.6318359375
202,81,0.2151096910238266,0.09752748906612396,-0.5802427530288696,0.15380859375,-0.07342529296875,-0.9853515625,0.0,0.60205078125,0.6318359375
203,83,0.2205393761396408,-4.440891999238953e-18,-0.572126567363739,0.15380859375,-0.07342529296875,-0.9853515625,0.0,0.599609375,0.61474609375
204,82,0.10273168236017227,0.07016833871603012,-0.5957508087158203,0.15380859375,-0.07342529296875,-0.9853515625,0.0,0.58154296875,0.6318359375
205,83,0.2205393761396408,-4.440891999238953e-18,-0.572126567363739,0.15380859375,-0.07342529296875,-0.9853515625,0.0,0.599609375,0.61474609375
206,84,0.10040706396102905,0.0,-0.5908817052841187,0.15380859375,-0.07342529296875,-0.9853515625,0.0,0.57861328125,0.61962890625
207,85,0.6675003170967102,0.0,0.7845637202262878,-0.86474609375,-0.025115966796875,-0.501953125,0.0,0.71142578125,0.7236328125
208,86,0.7201681137084961,0.033082347363233566,0.6921394467353821,-0.8642578125,-0.0267181396484375,-0.501953125,0.0,0.69287109375,0.7177734375
209,87,0.71680748462677,0.0,0.6994612812995911,-0.86474609375,-0.025115966796875,-0.501953125,0.0,0.6943359375,0.7236328125
210,85,0.6675003170967102,0.0,0.7845637202262878,-0.86474609375,-0.025115966796875,-0.501953125,0.0,0.71142578125,0.7236328125
211,88,0.6706660389900208,0.03184523060917854,0.7773885726928711,-0.8642578125,-0.0265045166015625,-0.501953125,0.0,0.71044921875,0.71826171875
212,86,0.7201681137084961,0.033082347363233566,0.6921394467353821,-0.8642578125,-0.0267181396484375,-0.501953125,0.0,0.69287109375,0.7177734375
213,86,0.7201681137084961,0.033082347363233566,0.6921394467353821,-0.8642578125,-0.0267181396484375,-0.501953125,0.0,0.69287109375,0.7177734375
214,88,0.6706660389900208,0.03184523060917854,0.7773885726928711,-0.8642578125,-0.0265045166015625,-0.501953125,0.0,0.71044921875,0.71826171875
215,89,0.6758322715759277,0.11775359511375427,0.7638332843780518,-0.8642578125,-0.02728271484375,-0.50244140625,0.0,0.7080078125,0.703125
216,86,0.7201681137084961,0.033082347363233566,0.6921394467353821,-0.8642578125,-0.0267181396484375,-0.501953125,0.0,0.69287109375,0.7177734375
217,89,0.6758322715759277,0.11775359511375427,0.7638332843780518,-0.8642578125,-0.02728271484375,-0.50244140625,0.0,0.7080078125,0.703125
218,90,0.7233909368515015,0.1190183162689209,0.6819542646408081,-0.8642578125,-0.02728271484375,-0.50244140625,0.0,0.69140625,0.70263671875
219,90,0.7233909368515015,0.1190183162689209,0.6819542646408081,-0.8642578125,-0.02728271484375,-0.50244140625,0.0,0.69140625,0.70263671875
220,89,0.6758322715759277,0.11775359511375427,0.7638332843780518,-0.8642578125,-0.02728271484375,-0.50244140625,0.0,0.7080078125,0.703125
221,91,0.6777200698852539,0.22214055061340332,0.7549151182174683,-0.8642578125,-0.0272979736328125,-0.50244140625,0.0,0.70654296875,0.6845703125
222,90,0.7233909368515015,0.1190183162689209,0.6819542646408081,-0.8642578125,-0.02728271484375,-0.50244140625,0.0,0.69140625,0.70263671875
223,91,0.6777200698852539,0.22214055061340332,0.7549151182174683,-0.8642578125,-0.0272979736328125,-0.50244140625,0.0,0.70654296875,0.6845703125
224,92,0.7235443592071533,0.2232903242111206,0.6760006546974182,-0.8642578125,-0.0272979736328125,-0.50244140625,0.0,0.6904296875,0.6845703125
225,93,0.6770426630973816,0.3842904269695282,0.7472829818725586,-0.8642578125,-0.0272674560546875,-0.50244140625,0.0,0.705078125,0.65625
226,92,0.7235443592071533,0.2232903242111206,0.6760006546974182,-0.8642578125,-0.0272979736328125,-0.50244140625,0.0,0.6904296875,0.6845703125
227,91,0.6777200698852539,0.22214055061340332,0.7549151182174683,-0.8642578125,-0.0272979736328125,-0.50244140625,0.0,0.70654296875,0.6845703125
228,93,0.6770426630973816,0.3842904269695282,0.7472829818725586,-0.8642578125,-0.0272674560546875,-0.50244140625,0.0,0.705078125,0.65625
229,94,0.7175253033638,0.3853021264076233,0.6775588989257812,-0.8642578125,-0.0272674560546875,-0.50244140625,0.0,0.69091796875,0.65625
230,92,0.7235443592071533,0.2232903242111206,0.6760006546974182,-0.8642578125,-0.0272979736328125,-0.50244140625,0.0,0.6904296875,0.6845703125
231,93,0.6770426630973816,0.3842904269695282,0.7472829818725586,-0.8642578125,-0.0272674560546875,-0.50244140625,0.0,0.705078125,0.65625
232,95,0.6972954273223877,0.6075969338417053,0.700302004814148,-0.8642578125,-0.02728271484375,-0.50244140625,0.0,0.6962890625,0.6171875
233,94,0.7175253033638,0.3853021264076233,0.6775588989257812,-0.8642578125,-0.0272674560546875,-0.50244140625,0.0,0.69091796875,0.65625
234,93,0.6770426630973816,0.3842904269695282,0.7472829818725586,-0.8642578125,-0.0272674560546875,-0.50244140625,0.0,0.705078125,0.65625
235,96,0.6694355010986328,0.6069024801254272,0.7482774257659912,-0.8642578125,-0.02728271484375,-0.50244140625,0.0,0.7060546875,0.6171875
236,95,0.6972954273223877,0.6075969338417053,0.700302004814148,-0.8642578125,-0.02728271484375,-0.50244140625,0.0,0.6962890625,0.6171875
237,97,0.6432176232337952,0.8433574438095093,0.7805516123771667,-0.8642578125,-0.0272674560546875,-0.50244140625,0.0,0.71337890625,0.57568359375
238,95,0.6972954273223877,0.6075969338417053,0.700302004814148,-0.8642578125,-0.02728271484375,-0.50244140625,0.0,0.6962890625,0.6171875
239,96,0.6694355010986328,0.6069024801254272,0.7482774257659912,-0.8642578125,-0.02728271484375,-0.50244140625,0.0,0.7060546875,0.6171875
240,98,-0.11571051925420761,0.37168088555336,-0.7617191672325134,0.92626953125,-0.114013671875,0.359375,0.0,0.4091796875,0.84423828125
241,99,-0.14697933197021484,0.6064123511314392,-0.6048541069030762,0.92431640625,-0.119384765625,0.36279296875,0.0,0.423583984375,0.8916015625
242,100,-0.17496569454669952,0.7230535745620728,-0.4952038526535034,0.9267578125,-0.11474609375,0.357421875,0.0,0.4365234375,0.9169921875
243,101,-0.14490579068660736,0.3506709933280945,-0.6924875974655151,0.92626953125,-0.114013671875,0.35888671875,0.0,0.4228515625,0.84423828125
244,98,-0.11571051925420761,0.37168088555336,-0.7617191672325134,0.92626953125,-0.114013671875,0.359375,0.0,0.4091796875,0.84423828125
245,100,-0.17496569454669952,0.7230535745620728,-0.4952038526535034,0.9267578125,-0.11474609375,0.357421875,0.0,0.4365234375,0.9169921875
246,102,-0.15284289419651031,0.16737760603427887,-0.7310570478439331,0.92578125,-0.1146240234375,0.35986328125,0.0,0.4267578125,0.8115234375
247,98,-0.11571051925420761,0.37168088555336,-0.7617191672325134,0.92626953125,-0.114013671875,0.359375,0.0,0.4091796875,0.84423828125
248,101,-0.14490579068660736,0.3506709933280945,-0.6924875974655151,0.92626953125,-0.114013671875,0.35888671875,0.0,0.4228515625,0.84423828125
249,102,-0.15284289419651031,0.16737760603427887,-0.7310570478439331,0.92578125,-0.1146240234375,0.35986328125,0.0,0.4267578125,0.8115234375
250,103,-0.11574790626764297,0.16447967290878296,-0.8259747624397278,0.92626953125,-0.11468505859375,0.359619140625,0.0,0.40966796875,0.8056640625
251,98,-0.11571051925420761,0.37168088555336,-0.7617191672325134,0.92626953125,-0.114013671875,0.359375,0.0,0.4091796875,0.84423828125
252,103,-0.11574790626764297,0.16447967290878296,-0.8259747624397278,0.92626953125,-0.11468505859375,0.359619140625,0.0,0.40966796875,0.8056640625
253,102,-0.15284289419651031,0.16737760603427887,-0.7310570478439331,0.92578125,-0.1146240234375,0.35986328125,0.0,0.4267578125,0.8115234375
254,104,-0.17293719947338104,0.0,-0.7310398817062378,0.92626953125,-0.115234375,0.3583984375,0.0,0.436279296875,0.7841796875
255,103,-0.11574790626764297,0.16447967290878296,-0.8259747624397278,0.92626953125,-0.11468505859375,0.359619140625,0.0,0.40966796875,0.8056640625
256,104,-0.17293719947338104,0.0,-0.7310398817062378,0.92626953125,-0.115234375,0.3583984375,0.0,0.436279296875,0.7841796875
257,105,-0.13277506828308105,0.0,-0.8367606401443481,0.92626953125,-0.115234375,0.3583984375,0.0,0.41748046875,0.77783203125
258,106,0.661419689655304,1.5930769443511963,-0.5719665288925171,0.67724609375,0.0183563232421875,-0.73583984375,0.0,0.360595703125,0.314208984375
259,107,0.8416615724563599,1.2271260023117065,-0.4151712954044342,0.65673828125,0.0205535888671875,-0.75390625,0.0,0.38818359375,0.2425537109375
260,108,0.7979946136474609,1.2094061374664307,-0.45581167936325073,0.65966796875,0.0202484130859375,-0.75146484375,0.0,0.377197265625,0.24169921875
261,107,0.8416615724563599,1.2271260023117065,-0.4151712954044342,0.65673828125,0.0205535888671875,-0.75390625,0.0,0.38818359375,0.2425537109375
262,109,0.8472999334335327,0.9933567643165588,-0.4170593023300171,0.62255859375,0.004894256591796875,-0.78271484375,0.0,0.3798828125,0.202392578125
263,108,0.7979946136474609,1.2094061374664307,-0.45581167936325073,0.65966796875,0.0202484130859375,-0.75146484375,0.0,0.377197265625,0.24169921875
264,107,0.8416615724563599,1.2271260023117065,-0.4151712954044342,0.65673828125,0.0205535888671875,-0.75390625,0.0,0.38818359375,0.2425537109375
265,110,0.9200636148452759,1.016181230545044,-0.35806769132614136,0.62109375,0.003692626953125,-0.78369140625,0.0,0.39697265625,0.2027587890625
266,109,0.8472999334335327,0.9933567643165588,-0.4170593023300171,0.62255859375,0.004894256591796875,-0.78271484375,0.0,0.3798828125,0.202392578125
267,110,0.9200636148452759,1.016181230545044,-0.35806769132614136,0.62109375,0.003692626953125,-0.78369140625,0.0,0.39697265625,0.2027587890625
268,111,0.8908712863922119,0.7312166690826416,-0.3784783184528351,0.61376953125,-0.00556182861328125,-0.78955078125,0.0,0.380126953125,0.1552734375
269,109,0.8472999334335327,0.9933567643165588,-0.4170593023300171,0.62255859375,0.004894256591796875,-0.78271484375,0.0,0.3798828125,0.202392578125
270,110,0.9200636148452759,1.016181230545044,-0.35806769132614136,0.62109375,0.003692626953125,-0.78369140625,0.0,0.39697265625,0.2027587890625
271,112,0.9887086749076843,0.7557889223098755,-0.3071165680885315,0.61376953125,-0.005565643310546875,-0.78955078125,0.0,0.40185546875,0.155029296875
272,111,0.8908712863922119,0.7312166690826416,-0.3784783184528351,0.61376953125,-0.00556182861328125,-0.78955078125,0.0,0.380126953125,0.1552734375
273,113,1.0429567098617554,0.4320642352104187,-0.25694480538368225,0.62744140625,-0.0024242401123046875,-0.77880859375,0.0,0.40234375,0.09674072265625
274,111,0.8908712863922119,0.7312166690826416,-0.3784783184528351,0.61376953125,-0.00556182861328125,-0.78955078125,0.0,0.380126953125,0.1552734375
275,112,0.9887086749076843,0.7557889223098755,-0.3071165680885315,0.61376953125,-0.005565643310546875,-0.78955078125,0.0,0.40185546875,0.155029296875
276,113,1.0429567098617554,0.4320642352104187,-0.25694480538368225,0.62744140625,-0.0024242401123046875,-0.77880859375,0.0,0.40234375,0.09674072265625
277,114,0.9347635507583618,0.396422415971756,-0.34688323736190796,0.62890625,-0.001956939697265625,-0.77734375,0.0,0.376953125,0.09588623046875
278,111,0.8908712863922119,0.7312166690826416,-0.3784783184528351,0.61376953125,-0.00556182861328125,-0.78955078125,0.0,0.380126953125,0.1552734375
279,115,1.0704882144927979,0.15672051906585693,-0.23453490436077118,0.63916015625,0.00128173828125,-0.76904296875,0.0,0.398193359375,0.048248291015625
280,114,0.9347635507583618,0.396422415971756,-0.34688323736190796,0.62890625,-0.001956939697265625,-0.77734375,0.0,0.376953125,0.09588623046875
281,113,1.0429567098617554,0.4320642352104187,-0.25694480538368225,0.62744140625,-0.0024242401123046875,-0.77880859375,0.0,0.40234375,0.09674072265625
282,115,1.0704882144927979,0.15672051906585693,-0.23453490436077118,0.63916015625,0.00128173828125,-0.76904296875,0.0,0.398193359375,0.048248291015625
283,116,0.9461727738380432,0.11576688289642334,-0.33787330985069275,0.63916015625,0.0012807846069335938,-0.76904296875,0.0,0.368896484375,0.0472412109375
284,114,0.9347635507583618,0.396422415971756,-0.34688323736190796,0.62890625,-0.001956939697265625,-0.77734375,0.0,0.376953125,0.09588623046875
285,116,0.9461727738380432,0.11576688289642334,-0.33787330985069275,0.63916015625,0.0012807846069335938,-0.76904296875,0.0,0.368896484375,0.0472412109375
286,115,1.0704882144927979,0.15672051906585693,-0.23453490436077118,0.63916015625,0.00128173828125,-0.76904296875,0.0,0.398193359375,0.048248291015625
287,117,1.0819522142410278,0.0,-0.22527159750461578,0.63916015625,0.00127410888671875,-0.76904296875,0.0,0.39501953125,0.020843505859375
288,116,0.9461727738380432,0.11576688289642334,-0.33787330985069275,0.63916015625,0.0012807846069335938,-0.76904296875,0.0,0.368896484375,0.0472412109375
289,117,1.0819522142410278,0.0,-0.22527159750461578,0.63916015625,0.00127410888671875,-0.76904296875,0.0,0.39501953125,0.020843505859375
290,118,0.9484227299690247,0.0,-0.3361954689025879,0.63916015625,0.00127410888671875,-0.76904296875,0.0,0.365234375,0.0272979736328125
291,119,0.92329341173172,0.6362296342849731,0.10754562169313431,-0.90966796875,-0.11029052734375,0.400390625,0.0,0.9580078125,0.309814453125
292,120,0.8184502124786377,1.0109014511108398,-0.027337759733200073,-0.91259765625,-0.1138916015625,0.39306640625,0.0,0.974609375,0.38330078125
293,121,0.751958966255188,1.1971019506454468,-0.12777887284755707,-0.91015625,-0.1102294921875,0.39990234375,0.0,0.98974609375,0.421142578125
294,122,0.8941422700881958,0.6021685600280762,0.03213348239660263,-0.90966796875,-0.11041259765625,0.400390625,0.0,0.97314453125,0.306396484375
295,119,0.92329341173172,0.6362296342849731,0.10754562169313431,-0.90966796875,-0.11029052734375,0.400390625,0.0,0.9580078125,0.309814453125
296,121,0.751958966255188,1.1971019506454468,-0.12777887284755707,-0.91015625,-0.1102294921875,0.39990234375,0.0,0.98974609375,0.421142578125
297,122,0.8941422700881958,0.6021685600280762,0.03213348239660263,-0.90966796875,-0.11041259765625,0.400390625,0.0,0.97314453125,0.306396484375
298,123,0.9812285900115967,0.3039449155330658,0.14747920632362366,-0.91064453125,-0.10223388671875,0.400146484375,0.0,0.9580078125,0.25244140625
299,119,0.92329341173172,0.6362296342849731,0.10754562169313431,-0.90966796875,-0.11029052734375,0.400390625,0.0,0.9580078125,0.309814453125
300,122,0.8941422700881958,0.6021685600280762,0.03213348239660263,-0.90966796875,-0.11041259765625,0.400390625,0.0,0.97314453125,0.306396484375
301,124,0.9371597170829773,0.30772945284843445,0.04789718613028526,-0.91064453125,-0.1031494140625,0.400146484375,0.0,0.97607421875,0.256591796875
302,123,0.9812285900115967,0.3039449155330658,0.14747920632362366,-0.91064453125,-0.10223388671875,0.400146484375,0.0,0.9580078125,0.25244140625
303,125,1.0086264610290527,0.0,0.13691537082195282,-0.9111328125,-0.0958251953125,0.400390625,0.0,0.96728515625,0.2008056640625
304,123,0.9812285900115967,0.3039449155330658,0.14747920632362366,-0.91064453125,-0.10223388671875,0.400146484375,0.0,0.9580078125,0.25244140625
305,124,0.9371597170829773,0.30772945284843445,0.04789718613028526,-0.91064453125,-0.1031494140625,0.400146484375,0.0,0.97607421875,0.256591796875
306,125,1.0086264610290527,0.0,0.13691537082195282,-0.9111328125,-0.0958251953125,0.400390625,0.0,0.96728515625,0.2008056640625
307,124,0.9371597170829773,0.30772945284843445,0.04789718613028526,-0.91064453125,-0.1031494140625,0.400146484375,0.0,0.97607421875,0.256591796875
308,126,0.958909273147583,0.0,0.023930072784423828,-0.9111328125,-0.0958251953125,0.400390625,0.0,0.9892578125,0.2056884765625
309,127,0.24070662260055542,0.11168906092643738,0.3047626316547394,-0.325927734375,-0.06781005859375,0.94287109375,0.0,0.1497802734375,0.82763671875
310,128,0.15980024635791779,0.0,0.26881277561187744,-0.32470703125,-0.0684814453125,0.943359375,0.0,0.1708984375,0.814453125
311,129,0.2538229525089264,0.0,0.30106234550476074,-0.32470703125,-0.0684814453125,0.943359375,0.0,0.1544189453125,0.80859375
312,127,0.24070662260055542,0.11168906092643738,0.3047626316547394,-0.325927734375,-0.06781005859375,0.94287109375,0.0,0.1497802734375,0.82763671875
313,130,0.1540549248456955,0.10941831022500992,0.2746657133102417,-0.326171875,-0.06768798828125,0.94287109375,0.0,0.1650390625,0.83251953125
314,128,0.15980024635791779,0.0,0.26881277561187744,-0.32470703125,-0.0684814453125,0.943359375,0.0,0.1708984375,0.814453125
315,131,0.1698308140039444,0.316055566072464,0.2948809266090393,-0.327880859375,-0.06781005859375,0.9423828125,0.0,0.1492919921875,0.86572265625
316,130,0.1540549248456955,0.10941831022500992,0.2746657133102417,-0.326171875,-0.06768798828125,0.94287109375,0.0,0.1650390625,0.83251953125
317,127,0.24070662260055542,0.11168906092643738,0.3047626316547394,-0.325927734375,-0.06781005859375,0.94287109375,0.0,0.1497802734375,0.82763671875
318,131,0.1698308140039444,0.316055566072464,0.2948809266090393,-0.327880859375,-0.06781005859375,0.9423828125,0.0,0.1492919921875,0.86572265625
319,132,0.10883554071187973,0.2918343245983124,0.27185505628585815,-0.32763671875,-0.06781005859375,0.9423828125,0.0,0.1614990234375,0.865234375
320,130,0.1540549248456955,0.10941831022500992,0.2746657133102417,-0.326171875,-0.06768798828125,0.94287109375,0.0,0.1650390625,0.83251953125
321,132,0.10883554071187973,0.2918343245983124,0.27185505628585815,-0.32763671875,-0.06781005859375,0.9423828125,0.0,0.1614990234375,0.865234375
322,131,0.1698308140039444,0.316055566072464,0.2948809266090393,-0.327880859375,-0.06781005859375,0.9423828125,0.0,0.1492919921875,0.86572265625
323,133,-0.09329358488321304,0.6536386013031006,0.2276359647512436,-0.3310546875,-0.07061767578125,0.94091796875,0.0,0.1741943359375,0.9375
324,131,0.1698308140039444,0.316055566072464,0.2948809266090393,-0.327880859375,-0.06781005859375,0.9423828125,0.0,0.1492919921875,0.86572265625
325,134,0.01305169053375721,0.5423724055290222,0.25708651542663574,-0.346923828125,-0.0843505859375,0.93408203125,0.0,0.16259765625,0.91259765625
326,133,-0.09329358488321304,0.6536386013031006,0.2276359647512436,-0.3310546875,-0.07061767578125,0.94091796875,0.0,0.1741943359375,0.9375
327,135,0.023167286068201065,0.3608136773109436,-0.5691859126091003,0.031829833984375,-0.056884765625,0.998046875,0.0,0.833984375,0.8779296875
328,136,-0.10562428832054138,0.6064123511314392,-0.5512273907661438,0.052978515625,-0.045166015625,0.99755859375,0.0,0.84814453125,0.92431640625
329,137,-0.20417024195194244,0.7317472696304321,-0.5403193235397339,0.0364990234375,-0.055267333984375,0.998046875,0.0,0.861328125,0.94921875
330,138,-0.052221525460481644,0.3455996513366699,-0.5675091743469238,0.03192138671875,-0.056976318359375,0.998046875,0.0,0.84716796875,0.87744140625
331,135,0.023167286068201065,0.3608136773109436,-0.5691859126091003,0.031829833984375,-0.056884765625,0.998046875,0.0,0.833984375,0.8779296875
332,137,-0.20417024195194244,0.7317472696304321,-0.5403193235397339,0.0364990234375,-0.055267333984375,0.998046875,0.0,0.861328125,0.94921875
333,139,-0.04092910513281822,0.16013281047344208,-0.5786890387535095,0.0296478271484375,-0.05535888671875,0.998046875,0.0,0.85107421875,0.84521484375
334,135,0.023167286068201065,0.3608136773109436,-0.5691859126091003,0.031829833984375,-0.056884765625,0.998046875,0.0,0.833984375,0.8779296875
335,138,-0.052221525460481644,0.3455996513366699,-0.5675091743469238,0.03192138671875,-0.056976318359375,0.998046875,0.0,0.84716796875,0.87744140625
336,139,-0.04092910513281822,0.16013281047344208,-0.5786890387535095,0.0296478271484375,-0.05535888671875,0.998046875,0.0,0.85107421875,0.84521484375
337,140,0.059783611446619034,0.1492655873298645,-0.5821136832237244,0.029541015625,-0.05511474609375,0.998046875,0.0,0.833984375,0.83984375
338,135,0.023167286068201065,0.3608136773109436,-0.5691859126091003,0.031829833984375,-0.056884765625,0.998046875,0.0,0.833984375,0.8779296875
339,141,0.04632764309644699,0.0,-0.5898109078407288,0.0288848876953125,-0.0535888671875,0.998046875,0.0,0.84130859375,0.814453125
340,140,0.059783611446619034,0.1492655873298645,-0.5821136832237244,0.029541015625,-0.05511474609375,0.998046875,0.0,0.833984375,0.83984375
341,139,-0.04092910513281822,0.16013281047344208,-0.5786890387535095,0.0296478271484375,-0.05535888671875,0.998046875,0.0,0.85107421875,0.84521484375
342,141,0.04632764309644699,0.0,-0.5898109078407288,0.0288848876953125,-0.0535888671875,0.998046875,0.0,0.84130859375,0.814453125
343,139,-0.04092910513281822,0.16013281047344208,-0.5786890387535095,0.0296478271484375,-0.05535888671875,0.998046875,0.0,0.85107421875,0.84521484375
344,142,-0.06671503186225891,0.0,-0.5864650011062622,0.0288848876953125,-0.0535888671875,0.998046875,0.0,0.86083984375,0.818359375
345,143,1.1046468019485474,1.8848956823349,-0.4718358516693115,0.97705078125,-0.048553466796875,-0.206298828125,0.0,0.0640869140625,0.34765625
346,144,1.1249593496322632,1.4421730041503906,-0.2714349031448364,0.97705078125,-0.04852294921875,-0.206298828125,0.0,0.089599609375,0.26611328125
347,145,1.1122190952301025,1.4346814155578613,-0.3300146162509918,0.97705078125,-0.048553466796875,-0.206298828125,0.0,0.07904052734375,0.26611328125
348,144,1.1249593496322632,1.4421730041503906,-0.2714349031448364,0.97705078125,-0.04852294921875,-0.206298828125,0.0,0.089599609375,0.26611328125
349,146,1.1086335182189941,1.189147710800171,-0.28926268219947815,0.97705078125,-0.04852294921875,-0.206298828125,0.0,0.0806884765625,0.2225341796875
350,145,1.1122190952301025,1.4346814155578613,-0.3300146162509918,0.97705078125,-0.048553466796875,-0.206298828125,0.0,0.07904052734375,0.26611328125
351,144,1.1249593496322632,1.4421730041503906,-0.2714349031448364,0.97705078125,-0.04852294921875,-0.206298828125,0.0,0.089599609375,0.26611328125
352,147,1.1250327825546265,1.1988012790679932,-0.21381549537181854,0.97705078125,-0.04852294921875,-0.206298828125,0.0,0.09429931640625,0.2225341796875
353,146,1.1086335182189941,1.189147710800171,-0.28926268219947815,0.97705078125,-0.04852294921875,-0.206298828125,0.0,0.0806884765625,0.2225341796875
354,147,1.1250327825546265,1.1988012790679932,-0.21381549537181854,0.97705078125,-0.04852294921875,-0.206298828125,0.0,0.09429931640625,0.2225341796875
355,148,1.1033141613006592,0.8922121524810791,-0.2445794641971588,0.97705078125,-0.04852294921875,-0.206298828125,0.0,0.081787109375,0.1697998046875
356,146,1.1086335182189941,1.189147710800171,-0.28926268219947815,0.97705078125,-0.04852294921875,-0.206298828125,0.0,0.0806884765625,0.2225341796875
357,147,1.1250327825546265,1.1988012790679932,-0.21381549537181854,0.97705078125,-0.04852294921875,-0.206298828125,0.0,0.09429931640625,0.2225341796875
358,149,1.120974063873291,0.9026011228561401,-0.163364976644516,0.97705078125,-0.04852294921875,-0.206298828125,0.0,0.09649658203125,0.169921875
359,148,1.1033141613006592,0.8922121524810791,-0.2445794641971588,0.97705078125,-0.04852294921875,-0.206298828125,0.0,0.081787109375,0.1697998046875
360,150,1.1155918836593628,0.534699022769928,-0.10229098796844482,0.97705078125,-0.04852294921875,-0.206298828125,0.0,0.09893798828125,0.10455322265625
361,148,1.1033141613006592,0.8922121524810791,-0.2445794641971588,0.97705078125,-0.04852294921875,-0.206298828125,0.0,0.081787109375,0.1697998046875
362,149,1.120974063873291,0.9026011228561401,-0.163364976644516,0.97705078125,-0.04852294921875,-0.206298828125,0.0,0.09649658203125,0.169921875
363,150,1.1155918836593628,0.534699022769928,-0.10229098796844482,0.97705078125,-0.04852294921875,-0.206298828125,0.0,0.09893798828125,0.10455322265625
364,151,1.0899791717529297,0.5196282267570496,-0.2201032191514969,0.97705078125,-0.04852294921875,-0.206298828125,0.0,0.07763671875,0.10443115234375
365,148,1.1033141613006592,0.8922121524810791,-0.2445794641971588,0.97705078125,-0.04852294921875,-0.206298828125,0.0,0.081787109375,0.1697998046875
366,152,1.1045663356781006,0.22834454476833344,-0.08245803415775299,0.97705078125,-0.04852294921875,-0.206298828125,0.0,0.095458984375,0.05078125
367,151,1.0899791717529297,0.5196282267570496,-0.2201032191514969,0.97705078125,-0.04852294921875,-0.206298828125,0.0,0.07763671875,0.10443115234375
368,150,1.1155918836593628,0.534699022769928,-0.10229098796844482,0.97705078125,-0.04852294921875,-0.206298828125,0.0,0.09893798828125,0.10455322265625
369,152,1.1045663356781006,0.22834454476833344,-0.08245803415775299,0.97705078125,-0.04852294921875,-0.206298828125,0.0,0.095458984375,0.05078125
370,153,1.075132131576538,0.21102489531040192,-0.2178361415863037,0.97705078125,-0.04852294921875,-0.206298828125,0.0,0.07098388671875,0.050689697265625
371,151,1.0899791717529297,0.5196282267570496,-0.2201032191514969,0.97705078125,-0.04852294921875,-0.206298828125,0.0,0.07763671875,0.10443115234375
372,153,1.075132131576538,0.21102489531040192,-0.2178361415863037,0.97705078125,-0.04852294921875,-0.206298828125,0.0,0.07098388671875,0.050689697265625
373,152,1.1045663356781006,0.22834454476833344,-0.08245803415775299,0.97705078125,-0.04852294921875,-0.206298828125,0.0,0.095458984375,0.05078125
374,154,1.095103144645691,0.0,-0.07356338948011398,0.97705078125,-0.048553466796875,-0.206298828125,0.0,0.091796875,0.01084136962890625
375,153,1.075132131576538,0.21102489531040192,-0.2178361415863037,0.97705078125,-0.04852294921875,-0.206298828125,0.0,0.07098388671875,0.050689697265625
376,154,1.095103144645691,0.0,-0.07356338948011398,0.97705078125,-0.048553466796875,-0.206298828125,0.0,0.091796875,0.01084136962890625
377,155,1.0640507936477661,0.0,-0.2206742763519287,0.97705078125,-0.048553466796875,-0.206298828125,0.0,0.065673828125,0.014007568359375
378,156,1.1729698181152344,0.4000729024410248,0.59418785572052,-0.332275390625,-0.07049560546875,0.9404296875,0.0,0.85107421875,0.76123046875
379,157,1.0013165473937988,0.6362296342849731,0.551729142665863,-0.31689453125,-0.06024169921875,0.9462890625,0.0,0.86572265625,0.8125
380,158,0.8841889500617981,0.7520372867584229,0.5198718309402466,-0.328857421875,-0.07098388671875,0.94189453125,0.0,0.87890625,0.83984375
381,159,1.105528473854065,0.3743378221988678,0.5684913992881775,-0.332275390625,-0.07086181640625,0.9404296875,0.0,0.86474609375,0.76123046875
382,156,1.1729698181152344,0.4000729024410248,0.59418785572052,-0.332275390625,-0.07049560546875,0.9404296875,0.0,0.85107421875,0.76123046875
383,158,0.8841889500617981,0.7520372867584229,0.5198718309402466,-0.328857421875,-0.07098388671875,0.94189453125,0.0,0.87890625,0.83984375
384,160,1.1554559469223022,0.18435269594192505,0.5721280574798584,-0.33349609375,-0.06585693359375,0.9404296875,0.0,0.8681640625,0.72802734375
385,156,1.1729698181152344,0.4000729024410248,0.59418785572052,-0.332275390625,-0.07049560546875,0.9404296875,0.0,0.85107421875,0.76123046875
386,159,1.105528473854065,0.3743378221988678,0.5684913992881775,-0.332275390625,-0.07086181640625,0.9404296875,0.0,0.86474609375,0.76123046875
387,160,1.1554559469223022,0.18435269594192505,0.5721280574798584,-0.33349609375,-0.06585693359375,0.9404296875,0.0,0.8681640625,0.72802734375
388,161,1.2512832880020142,0.1866234391927719,0.6064020991325378,-0.33349609375,-0.065185546875,0.9404296875,0.0,0.8515625,0.72265625
389,156,1.1729698181152344,0.4000729024410248,0.59418785572052,-0.332275390625,-0.07049560546875,0.9404296875,0.0,0.85107421875,0.76123046875
390,161,1.2512832880020142,0.1866234391927719,0.6064020991325378,-0.33349609375,-0.065185546875,0.9404296875,0.0,0.8515625,0.72265625
391,160,1.1554559469223022,0.18435269594192505,0.5721280574798584,-0.33349609375,-0.06585693359375,0.9404296875,0.0,0.8681640625,0.72802734375
392,162,1.1647082567214966,0.0,0.5633218288421631,-0.33349609375,-0.062408447265625,0.9404296875,0.0,0.87841796875,0.69775390625
393,161,1.2512832880020142,0.1866234391927719,0.6064020991325378,-0.33349609375,-0.065185546875,0.9404296875,0.0,0.8515625,0.72265625
394,162,1.1647082567214966,0.0,0.5633218288421631,-0.33349609375,-0.062408447265625,0.9404296875,0.0,0.87841796875,0.69775390625
395,163,1.2708625793457031,0.0,0.6008235216140747,-0.33349609375,-0.062408447265625,0.9404296875,0.0,0.85888671875,0.69140625
396,164,0.6045739650726318,0.042859721928834915,0.7420671582221985,-0.78466796875,-0.0231475830078125,-0.619140625,0.0,0.92626953125,0.546875
397,165,0.6605126261711121,0.0,0.6726077198982239,-0.78515625,-0.022003173828125,-0.61865234375,0.0,0.94189453125,0.5390625
398,166,0.5996829271316528,0.0,0.7499169707298279,-0.78515625,-0.022003173828125,-0.61865234375,0.0,0.9248046875,0.5390625
399,164,0.6045739650726318,0.042859721928834915,0.7420671582221985,-0.78466796875,-0.0231475830078125,-0.619140625,0.0,0.92626953125,0.546875
400,167,0.6656246781349182,0.04427619278430939,0.6646666526794434,-0.78466796875,-0.0233306884765625,-0.619140625,0.0,0.943359375,0.546875
401,165,0.6605126261711121,0.0,0.6726077198982239,-0.78515625,-0.022003173828125,-0.61865234375,0.0,0.94189453125,0.5390625
402,167,0.6656246781349182,0.04427619278430939,0.6646666526794434,-0.78466796875,-0.0233306884765625,-0.619140625,0.0,0.943359375,0.546875
403,164,0.6045739650726318,0.042859721928834915,0.7420671582221985,-0.78466796875,-0.0231475830078125,-0.619140625,0.0,0.92626953125,0.546875
404,168,0.6116011142730713,0.14092771708965302,0.729377269744873,-0.78466796875,-0.023895263671875,-0.61962890625,0.0,0.9287109375,0.56396484375
405,167,0.6656246781349182,0.04427619278430939,0.6646666526794434,-0.78466796875,-0.0233306884765625,-0.619140625,0.0,0.943359375,0.546875
406,168,0.6116011142730713,0.14092771708965302,0.729377269744873,-0.78466796875,-0.023895263671875,-0.61962890625,0.0,0.9287109375,0.56396484375
407,169,0.6702584624290466,0.1423763781785965,0.6550433039665222,-0.78466796875,-0.0239105224609375,-0.61962890625,0.0,0.9453125,0.56396484375
408,169,0.6702584624290466,0.1423763781785965,0.6550433039665222,-0.78466796875,-0.0239105224609375,-0.61962890625,0.0,0.9453125,0.56396484375
409,168,0.6116011142730713,0.14092771708965302,0.729377269744873,-0.78466796875,-0.023895263671875,-0.61962890625,0.0,0.9287109375,0.56396484375
410,170,0.6147323846817017,0.260091096162796,0.7208161950111389,-0.78466796875,-0.02392578125,-0.61962890625,0.0,0.93017578125,0.5849609375
411,169,0.6702584624290466,0.1423763781785965,0.6550433039665222,-0.78466796875,-0.0239105224609375,-0.61962890625,0.0,0.9453125,0.56396484375
412,170,0.6147323846817017,0.260091096162796,0.7208161950111389,-0.78466796875,-0.02392578125,-0.61962890625,0.0,0.93017578125,0.5849609375
413,171,0.6712508797645569,0.26140183210372925,0.6491653323173523,-0.78466796875,-0.02392578125,-0.61962890625,0.0,0.9462890625,0.5849609375
414,172,0.6151415705680847,0.4451850354671478,0.713164746761322,-0.78466796875,-0.023895263671875,-0.61962890625,0.0,0.93115234375,0.6171875
415,171,0.6712508797645569,0.26140183210372925,0.6491653323173523,-0.78466796875,-0.02392578125,-0.61962890625,0.0,0.9462890625,0.5849609375
416,170,0.6147323846817017,0.260091096162796,0.7208161950111389,-0.78466796875,-0.02392578125,-0.61962890625,0.0,0.93017578125,0.5849609375
417,172,0.6151415705680847,0.4451850354671478,0.713164746761322,-0.78466796875,-0.023895263671875,-0.61962890625,0.0,0.93115234375,0.6171875
418,173,0.6650676727294922,0.44634854793548584,0.6498605012893677,-0.78466796875,-0.023895263671875,-0.61962890625,0.0,0.9453125,0.61767578125
419,171,0.6712508797645569,0.26140183210372925,0.6491653323173523,-0.78466796875,-0.02392578125,-0.61962890625,0.0,0.9462890625,0.5849609375
420,172,0.6151415705680847,0.4451850354671478,0.713164746761322,-0.78466796875,-0.023895263671875,-0.61962890625,0.0,0.93115234375,0.6171875
421,174,0.641831636428833,0.7001047134399414,0.6695162057876587,-0.78466796875,-0.023895263671875,-0.61962890625,0.0,0.93994140625,0.662109375
422,173,0.6650676727294922,0.44634854793548584,0.6498605012893677,-0.78466796875,-0.023895263671875,-0.61962890625,0.0,0.9453125,0.61767578125
423,172,0.6151415705680847,0.4451850354671478,0.713164746761322,-0.78466796875,-0.023895263671875,-0.61962890625,0.0,0.93115234375,0.6171875
424,175,0.6074684262275696,0.6993091702461243,0.7130706906318665,-0.78466796875,-0.023895263671875,-0.61962890625,0.0,0.93017578125,0.66162109375
425,174,0.641831636428833,0.7001047134399414,0.6695162057876587,-0.78466796875,-0.023895263671875,-0.61962890625,0.0,0.93994140625,0.662109375
426,176,0.576956033706665,0.9692353010177612,0.7413193583488464,-0.78466796875,-0.02386474609375,-0.61962890625,0.0,0.9228515625,0.708984375
427,174,0.641831636428833,0.7001047134399414,0.6695162057876587,-0.78466796875,-0.023895263671875,-0.61962890625,0.0,0.93994140625,0.662109375
428,175,0.6074684262275696,0.6993091702461243,0.7130706906318665,-0.78466796875,-0.023895263671875,-0.61962890625,0.0,0.93017578125,0.66162109375
429,177,0.5402898192405701,0.9167597889900208,0.03382488340139389,-0.133056640625,0.0194854736328125,-0.99072265625,0.0,0.783203125,0.609375
430,178,0.7000263929367065,0.6948619484901428,0.008018340915441513,-0.1607666015625,0.022613525390625,-0.98681640625,0.0,0.802734375,0.5654296875
431,179,0.6585500836372375,0.6826610565185547,0.013346328400075436,-0.156005859375,0.0220794677734375,-0.9873046875,0.0,0.794921875,0.56494140625
432,178,0.7000263929367065,0.6948619484901428,0.008018340915441513,-0.1607666015625,0.022613525390625,-0.98681640625,0.0,0.802734375,0.5654296875
433,180,0.6985597014427185,0.5500549077987671,0.0047188568860292435,-0.2037353515625,0.005893707275390625,-0.97900390625,0.0,0.796875,0.54052734375
434,179,0.6585500836372375,0.6826610565185547,0.013346328400075436,-0.156005859375,0.0220794677734375,-0.9873046875,0.0,0.794921875,0.56494140625
435,178,0.7000263929367065,0.6948619484901428,0.008018340915441513,-0.1607666015625,0.022613525390625,-0.98681640625,0.0,0.802734375,0.5654296875
436,181,0.7629038691520691,0.5661144852638245,-0.008049163967370987,-0.2064208984375,0.00423431396484375,-0.978515625,0.0,0.80859375,0.54052734375
437,180,0.6985597014427185,0.5500549077987671,0.0047188568860292435,-0.2037353515625,0.005893707275390625,-0.97900390625,0.0,0.796875,0.54052734375
438,181,0.7629038691520691,0.5661144852638245,-0.008049163967370987,-0.2064208984375,0.00423431396484375,-0.978515625,0.0,0.80859375,0.54052734375
439,182,0.7353314161300659,0.3887973427772522,-0.0007836151053197682,-0.214599609375,-0.00577545166015625,-0.9765625,0.0,0.796875,0.51171875
440,180,0.6985597014427185,0.5500549077987671,0.0047188568860292435,-0.2037353515625,0.005893707275390625,-0.97900390625,0.0,0.796875,0.54052734375
441,181,0.7629038691520691,0.5661144852638245,-0.008049163967370987,-0.2064208984375,0.00423431396484375,-0.978515625,0.0,0.80859375,0.54052734375
442,183,0.8174981474876404,0.4064987003803253,-0.02150726318359375,-0.21435546875,-0.005786895751953125,-0.9765625,0.0,0.81201171875,0.51123046875
443,182,0.7353314161300659,0.3887973427772522,-0.0007836151053197682,-0.214599609375,-0.00577545166015625,-0.9765625,0.0,0.796875,0.51171875
444,184,0.8644587993621826,0.20739175379276276,-0.027410507202148438,-0.1973876953125,-0.0025920867919921875,-0.98046875,0.0,0.8125,0.475341796875
445,182,0.7353314161300659,0.3887973427772522,-0.0007836151053197682,-0.214599609375,-0.00577545166015625,-0.9765625,0.0,0.796875,0.51171875
446,183,0.8174981474876404,0.4064987003803253,-0.02150726318359375,-0.21435546875,-0.005786895751953125,-0.9765625,0.0,0.81201171875,0.51123046875
447,184,0.8644587993621826,0.20739175379276276,-0.027410507202148438,-0.1973876953125,-0.0025920867919921875,-0.98046875,0.0,0.8125,0.475341796875
448,185,0.7675695419311523,0.18242408335208893,-0.009417037479579449,-0.195556640625,-0.002094268798828125,-0.98046875,0.0,0.794921875,0.474853515625
449,182,0.7353314161300659,0.3887973427772522,-0.0007836151053197682,-0.214599609375,-0.00577545166015625,-0.9765625,0.0,0.796875,0.51171875
450,186,0.885240912437439,0.03748355433344841,-0.031497418880462646,-0.182861328125,0.0012798309326171875,-0.98291015625,0.0,0.8095703125,0.445556640625
451,185,0.7675695419311523,0.18242408335208893,-0.009417037479579449,-0.195556640625,-0.002094268798828125,-0.98046875,0.0,0.794921875,0.474853515625
452,184,0.8644587993621826,0.20739175379276276,-0.027410507202148438,-0.1973876953125,-0.0025920867919921875,-0.98046875,0.0,0.8125,0.475341796875
453,186,0.885240912437439,0.03748355433344841,-0.031497418880462646,-0.182861328125,0.0012798309326171875,-0.98291015625,0.0,0.8095703125,0.445556640625
454,187,0.773916482925415,0.008795317262411118,-0.01082355435937643,-0.182861328125,0.0012807846069335938,-0.98291015625,0.0,0.7890625,0.445068359375
455,185,0.7675695419311523,0.18242408335208893,-0.009417037479579449,-0.195556640625,-0.002094268798828125,-0.98046875,0.0,0.794921875,0.474853515625
456,187,0.773916482925415,0.008795317262411118,-0.01082355435937643,-0.182861328125,0.0012807846069335938,-0.98291015625,0.0,0.7890625,0.445068359375
457,186,0.885240912437439,0.03748355433344841,-0.031497418880462646,-0.182861328125,0.0012798309326171875,-0.98291015625,0.0,0.8095703125,0.445556640625
458,188,0.8883708715438843,0.0,-0.03212956711649895,-0.182861328125,0.001300811767578125,-0.98291015625,0.0,0.80859375,0.43896484375
459,187,0.773916482925415,0.008795317262411118,-0.01082355435937643,-0.182861328125,0.0012807846069335938,-0.98291015625,0.0,0.7890625,0.445068359375
460,188,0.8883708715438843,0.0,-0.03212956711649895,-0.182861328125,0.001300811767578125,-0.98291015625,0.0,0.80859375,0.43896484375
461,189,0.7739691734313965,0.0,-0.010844768024981022,-0.182861328125,0.001300811767578125,-0.98291015625,0.0,0.7890625,0.443359375
462,190,-0.5290728807449341,0.0,-0.3943139612674713,-0.75341796875,0.0635986328125,-0.654296875,0.0,0.64599609375,0.75732421875
463,191,-0.4929099977016449,0.20505057275295258,-0.4160268008708954,-0.75244140625,0.0714111328125,-0.65478515625,0.0,0.65087890625,0.7900390625
464,192,-0.4934644103050232,0.0,-0.43588924407958984,-0.75341796875,0.0635986328125,-0.654296875,0.0,0.65625,0.7587890625
465,190,-0.5290728807449341,0.0,-0.3943139612674713,-0.75341796875,0.0635986328125,-0.654296875,0.0,0.64599609375,0.75732421875
466,193,-0.5253751277923584,0.20215262472629547,-0.3795201778411865,-0.75244140625,0.07080078125,-0.65478515625,0.0,0.642578125,0.78857421875
467,191,-0.4929099977016449,0.20505057275295258,-0.4160268008708954,-0.75244140625,0.0714111328125,-0.65478515625,0.0,0.65087890625,0.7900390625
468,193,-0.5253751277923584,0.20215262472629547,-0.3795201778411865,-0.75244140625,0.07080078125,-0.65478515625,0.0,0.642578125,0.78857421875
469,194,-0.4788612127304077,0.3963131904602051,-0.40908896923065186,-0.75244140625,0.08062744140625,-0.6533203125,0.0,0.64892578125,0.8251953125
470,191,-0.4929099977016449,0.20505057275295258,-0.4160268008708954,-0.75244140625,0.0714111328125,-0.65478515625,0.0,0.65087890625,0.7900390625
471,193,-0.5253751277923584,0.20215262472629547,-0.3795201778411865,-0.75244140625,0.07080078125,-0.65478515625,0.0,0.642578125,0.78857421875
472,195,-0.5022716522216797,0.4187721014022827,-0.3791169226169586,-0.75341796875,0.0809326171875,-0.65234375,0.0,0.6416015625,0.82861328125
473,194,-0.4788612127304077,0.3963131904602051,-0.40908896923065186,-0.75244140625,0.08062744140625,-0.6533203125,0.0,0.64892578125,0.8251953125
474,194,-0.4788612127304077,0.3963131904602051,-0.40908896923065186,-0.75244140625,0.08062744140625,-0.6533203125,0.0,0.64892578125,0.8251953125
475,195,-0.5022716522216797,0.4187721014022827,-0.3791169226169586,-0.75341796875,0.0809326171875,-0.65234375,0.0,0.6416015625,0.82861328125
476,196,-0.40933284163475037,0.7831854224205017,-0.44139447808265686,-0.75537109375,0.08160400390625,-0.64990234375,0.0,0.65625,0.89697265625
477,195,-0.5022716522216797,0.4187721014022827,-0.3791169226169586,-0.75341796875,0.0809326171875,-0.65234375,0.0,0.6416015625,0.82861328125
478,197,-0.4466457664966583,0.6621973514556885,-0.41312888264656067,-0.7587890625,0.08319091796875,-0.6455078125,0.0,0.64990234375,0.8740234375
479,196,-0.40933284163475037,0.7831854224205017,-0.44139447808265686,-0.75537109375,0.08160400390625,-0.64990234375,0.0,0.65625,0.89697265625
480,198,-0.23364339768886566,0.5216482281684875,-0.7564375400543213,-0.93408203125,0.07568359375,0.349609375,0.0,0.544921875,0.57861328125
481,199,-0.25520583987236023,0.8396948575973511,-0.8838934302330017,-0.9287109375,0.0821533203125,0.362060546875,0.0,0.55859375,0.63818359375
482,200,-0.2768612205982208,0.9983559846878052,-0.9754228591918945,-0.9345703125,0.07501220703125,0.34765625,0.0,0.5712890625,0.6689453125
483,201,-0.25943687558174133,0.49411800503730774,-0.8204405307769775,-0.93359375,0.07598876953125,0.350341796875,0.0,0.5576171875,0.5751953125
484,198,-0.23364339768886566,0.5216482281684875,-0.7564375400543213,-0.93408203125,0.07568359375,0.349609375,0.0,0.544921875,0.57861328125
485,200,-0.2768612205982208,0.9983559846878052,-0.9754228591918945,-0.9345703125,0.07501220703125,0.34765625,0.0,0.5712890625,0.6689453125
486,201,-0.25943687558174133,0.49411800503730774,-0.8204405307769775,-0.93359375,0.07598876953125,0.350341796875,0.0,0.5576171875,0.5751953125
487,202,-0.23923827707767487,0.24055007100105286,-0.7116376161575317,-0.93115234375,0.07568359375,0.3564453125,0.0,0.54541015625,0.52783203125
488,198,-0.23364339768886566,0.5216482281684875,-0.7564375400543213,-0.93408203125,0.07568359375,0.349609375,0.0,0.544921875,0.57861328125
489,201,-0.25943687558174133,0.49411800503730774,-0.8204405307769775,-0.93359375,0.07598876953125,0.350341796875,0.0,0.5576171875,0.5751953125
490,203,-0.2720387578010559,0.24562141299247742,-0.7970539927482605,-0.93115234375,0.07586669921875,0.356201171875,0.0,0.56103515625,0.53076171875
491,202,-0.23923827707767487,0.24055007100105286,-0.7116376161575317,-0.93115234375,0.07568359375,0.3564453125,0.0,0.54541015625,0.52783203125
492,204,-0.259103000164032,0.0,-0.7126264572143555,-0.9306640625,0.07415771484375,0.3583984375,0.0,0.552734375,0.48779296875
493,202,-0.23923827707767487,0.24055007100105286,-0.7116376161575317,-0.93115234375,0.07568359375,0.3564453125,0.0,0.54541015625,0.52783203125
494,203,-0.2720387578010559,0.24562141299247742,-0.7970539927482605,-0.93115234375,0.07586669921875,0.356201171875,0.0,0.56103515625,0.53076171875
495,204,-0.259103000164032,0.0,-0.7126264572143555,-0.9306640625,0.07415771484375,0.3583984375,0.0,0.552734375,0.48779296875
496,203,-0.2720387578010559,0.24562141299247742,-0.7970539927482605,-0.93115234375,0.07586669921875,0.356201171875,0.0,0.56103515625,0.53076171875
497,205,-0.2957724332809448,0.0,-0.8086599707603455,-0.9306640625,0.07415771484375,0.3583984375,0.0,0.57080078125,0.491455078125
498,206,1.2075389623641968,0.1624022275209427,1.3314106464385986,0.94091796875,0.10723876953125,-0.321533203125,0.0,0.4169921875,0.666015625
499,207,1.2646410465240479,0.0,1.4449315071105957,0.94091796875,0.10552978515625,-0.322265625,0.0,0.450927734375,0.654296875
500,208,1.219053030014038,0.0,1.3118444681167603,0.94091796875,0.10552978515625,-0.322265625,0.0,0.429931640625,0.640625
501,206,1.2075389623641968,0.1624022275209427,1.3314106464385986,0.94091796875,0.10723876953125,-0.321533203125,0.0,0.4169921875,0.666015625
502,209,1.2486796379089355,0.1624022275209427,1.4515148401260376,0.94091796875,0.1077880859375,-0.3212890625,0.0,0.435546875,0.677734375
503,207,1.2646410465240479,0.0,1.4449315071105957,0.94091796875,0.10552978515625,-0.322265625,0.0,0.450927734375,0.654296875
504,210,1.2151691913604736,0.362227201461792,1.421514868736267,0.94091796875,0.1097412109375,-0.320556640625,0.0,0.4111328125,0.70361328125
505,209,1.2486796379089355,0.1624022275209427,1.4515148401260376,0.94091796875,0.1077880859375,-0.3212890625,0.0,0.435546875,0.677734375
506,206,1.2075389623641968,0.1624022275209427,1.3314106464385986,0.94091796875,0.10723876953125,-0.321533203125,0.0,0.4169921875,0.666015625
507,210,1.2151691913604736,0.362227201461792,1.421514868736267,0.94091796875,0.1097412109375,-0.320556640625,0.0,0.4111328125,0.70361328125
508,211,1.247070074081421,0.33951976895332336,1.5081850290298462,0.94091796875,0.1097412109375,-0.32080078125,0.0,0.427001953125,0.708984375
509,209,1.2486796379089355,0.1624022275209427,1.4515148401260376,0.94091796875,0.1077880859375,-0.3212890625,0.0,0.435546875,0.677734375
510,212,1.2474844455718994,0.5567538142204285,1.5836824178695679,0.9404296875,0.11083984375,-0.3212890625,0.0,0.41650390625,0.74853515625
511,211,1.247070074081421,0.33951976895332336,1.5081850290298462,0.94091796875,0.1097412109375,-0.32080078125,0.0,0.427001953125,0.708984375
512,210,1.2151691913604736,0.362227201461792,1.421514868736267,0.94091796875,0.1097412109375,-0.320556640625,0.0,0.4111328125,0.70361328125
513,212,1.2474844455718994,0.5567538142204285,1.5836824178695679,0.9404296875,0.11083984375,-0.3212890625,0.0,0.41650390625,0.74853515625
514,213,1.27238929271698,0.5211788415908813,1.6434693336486816,0.93994140625,0.1121826171875,-0.32177734375,0.0,0.4296875,0.74951171875
515,211,1.247070074081421,0.33951976895332336,1.5081850290298462,0.94091796875,0.1097412109375,-0.32080078125,0.0,0.427001953125,0.708984375
516,214,1.335330605506897,0.6574232578277588,1.8756643533706665,0.939453125,0.11566162109375,-0.322509765625,0.0,0.452392578125,0.79296875
517,213,1.27238929271698,0.5211788415908813,1.6434693336486816,0.93994140625,0.1121826171875,-0.32177734375,0.0,0.4296875,0.74951171875
518,212,1.2474844455718994,0.5567538142204285,1.5836824178695679,0.9404296875,0.11083984375,-0.3212890625,0.0,0.41650390625,0.74853515625
519,215,0.9217208027839661,0.22371217608451843,1.026724934577942,0.6748046875,0.045562744140625,0.736328125,0.0,0.9580078125,0.461181640625
520,216,0.8775262832641602,0.0,1.080901861190796,0.67529296875,0.044952392578125,0.736328125,0.0,0.98193359375,0.427734375
521,217,0.9533627033233643,0.0,1.0113646984100342,0.67529296875,0.044952392578125,0.736328125,0.0,0.96484375,0.422119140625
522,215,0.9217208027839661,0.22371217608451843,1.026724934577942,0.6748046875,0.045562744140625,0.736328125,0.0,0.9580078125,0.461181640625
523,218,0.8544712662696838,0.21689994633197784,1.088799238204956,0.6748046875,0.045684814453125,0.736328125,0.0,0.9736328125,0.465087890625
524,216,0.8775262832641602,0.0,1.080901861190796,0.67529296875,0.044952392578125,0.736328125,0.0,0.98193359375,0.427734375
525,219,0.8437992930412292,0.5083113312721252,1.0802549123764038,0.67529296875,0.045654296875,0.736328125,0.0,0.9580078125,0.513671875
526,218,0.8544712662696838,0.21689994633197784,1.088799238204956,0.6748046875,0.045684814453125,0.736328125,0.0,0.9736328125,0.465087890625
527,215,0.9217208027839661,0.22371217608451843,1.026724934577942,0.6748046875,0.045562744140625,0.736328125,0.0,0.9580078125,0.461181640625
528,219,0.8437992930412292,0.5083113312721252,1.0802549123764038,0.67529296875,0.045654296875,0.736328125,0.0,0.9580078125,0.513671875
529,220,0.7989303469657898,0.4712226390838623,1.1236845254898071,0.67529296875,0.045806884765625,0.736328125,0.0,0.97021484375,0.51123046875
530,218,0.8544712662696838,0.21689994633197784,1.088799238204956,0.6748046875,0.045684814453125,0.736328125,0.0,0.9736328125,0.465087890625
531,220,0.7989303469657898,0.4712226390838623,1.1236845254898071,0.67529296875,0.045806884765625,0.736328125,0.0,0.97021484375,0.51123046875
532,219,0.8437992930412292,0.5083113312721252,1.0802549123764038,0.67529296875,0.045654296875,0.736328125,0.0,0.9580078125,0.513671875
533,221,0.6031705141067505,0.9738126397132874,1.2724788188934326,0.67431640625,0.044403076171875,0.73681640625,0.0,0.98291015625,0.6083984375
534,219,0.8437992930412292,0.5083113312721252,1.0802549123764038,0.67529296875,0.045654296875,0.736328125,0.0,0.9580078125,0.513671875
535,222,0.6982563138008118,0.8216732740402222,1.1947691440582275,0.67041015625,0.040771484375,0.74072265625,0.0,0.97119140625,0.576171875
536,221,0.6031705141067505,0.9738126397132874,1.2724788188934326,0.67431640625,0.044403076171875,0.73681640625,0.0,0.98291015625,0.6083984375
537,223,0.12211427092552185,0.10724575072526932,0.27445918321609497,0.89697265625,-0.07080078125,-0.436767578125,0.0,0.38232421875,0.8779296875
538,224,0.1539224535226822,0.0,0.3570705056190491,0.89599609375,-0.07147216796875,-0.43798828125,0.0,0.403564453125,0.86572265625
539,225,0.11018141359090805,0.0,0.2677862048149109,0.89599609375,-0.07147216796875,-0.43798828125,0.0,0.38720703125,0.85986328125
540,223,0.12211427092552185,0.10724575072526932,0.27445918321609497,0.89697265625,-0.07080078125,-0.436767578125,0.0,0.38232421875,0.8779296875
541,226,0.1621503382921219,0.10507230460643768,0.3569897711277008,0.89697265625,-0.0706787109375,-0.4365234375,0.0,0.397705078125,0.88330078125
542,224,0.1539224535226822,0.0,0.3570705056190491,0.89599609375,-0.07147216796875,-0.43798828125,0.0,0.403564453125,0.86572265625
543,227,0.16527506709098816,0.30285534262657166,0.33153820037841797,0.8974609375,-0.07080078125,-0.43505859375,0.0,0.382080078125,0.91455078125
544,226,0.1621503382921219,0.10507230460643768,0.3569897711277008,0.89697265625,-0.0706787109375,-0.4365234375,0.0,0.397705078125,0.88330078125
545,223,0.12211427092552185,0.10724575072526932,0.27445918321609497,0.89697265625,-0.07080078125,-0.436767578125,0.0,0.38232421875,0.8779296875
546,227,0.16527506709098816,0.30285534262657166,0.33153820037841797,0.8974609375,-0.07080078125,-0.43505859375,0.0,0.382080078125,0.91455078125
547,228,0.19215701520442963,0.27967196702957153,0.39093485474586487,0.8974609375,-0.07080078125,-0.43505859375,0.0,0.39404296875,0.9150390625
548,226,0.1621503382921219,0.10507230460643768,0.3569897711277008,0.89697265625,-0.0706787109375,-0.4365234375,0.0,0.397705078125,0.88330078125
549,228,0.19215701520442963,0.27967196702957153,0.39093485474586487,0.8974609375,-0.07080078125,-0.43505859375,0.0,0.39404296875,0.9150390625
550,227,0.16527506709098816,0.30285534262657166,0.33153820037841797,0.8974609375,-0.07080078125,-0.43505859375,0.0,0.382080078125,0.91455078125
551,229,0.30391407012939453,0.6259732842445374,0.5650668740272522,0.89892578125,-0.07373046875,-0.431640625,0.0,0.40673828125,0.984375
552,227,0.16527506709098816,0.30285534262657166,0.33153820037841797,0.8974609375,-0.07080078125,-0.43505859375,0.0,0.382080078125,0.91455078125
553,230,0.2494879513978958,0.5194748044013977,0.46907562017440796,0.9052734375,-0.08807373046875,-0.41552734375,0.0,0.395263671875,0.9599609375
554,229,0.30391407012939453,0.6259732842445374,0.5650668740272522,0.89892578125,-0.07373046875,-0.431640625,0.0,0.40673828125,0.984375
555,231,0.9442796111106873,0.37206709384918213,0.5822470188140869,0.76953125,0.1041259765625,-0.6298828125,0.0,0.79345703125,0.82763671875
556,232,1.0520470142364502,0.5945994257926941,0.751507580280304,0.767578125,0.10845947265625,-0.63134765625,0.0,0.8125,0.8759765625
557,233,1.1314536333084106,0.7051087021827698,0.8670437335968018,0.76904296875,0.1065673828125,-0.6298828125,0.0,0.82861328125,0.90234375
558,234,1.0032693147659302,0.3531442880630493,0.6510984897613525,0.76953125,0.10479736328125,-0.6298828125,0.0,0.8095703125,0.830078125
559,231,0.9442796111106873,0.37206709384918213,0.5822470188140869,0.76953125,0.1041259765625,-0.6298828125,0.0,0.79345703125,0.82763671875
560,233,1.1314536333084106,0.7051087021827698,0.8670437335968018,0.76904296875,0.1065673828125,-0.6298828125,0.0,0.82861328125,0.90234375
561,235,0.9885510206222534,0.17981122434139252,0.6049011945724487,0.771484375,0.09381103515625,-0.62939453125,0.0,0.81298828125,0.7998046875
562,231,0.9442796111106873,0.37206709384918213,0.5822470188140869,0.76953125,0.1041259765625,-0.6298828125,0.0,0.79345703125,0.82763671875
563,234,1.0032693147659302,0.3531442880630493,0.6510984897613525,0.76953125,0.10479736328125,-0.6298828125,0.0,0.8095703125,0.830078125
564,235,0.9885510206222534,0.17981122434139252,0.6049011945724487,0.771484375,0.09381103515625,-0.62939453125,0.0,0.81298828125,0.7998046875
565,236,0.9101768136024475,0.17678356170654297,0.5085296630859375,0.77197265625,0.091552734375,-0.62939453125,0.0,0.79296875,0.791015625
566,231,0.9442796111106873,0.37206709384918213,0.5822470188140869,0.76953125,0.1041259765625,-0.6298828125,0.0,0.79345703125,0.82763671875
567,236,0.9101768136024475,0.17678356170654297,0.5085296630859375,0.77197265625,0.091552734375,-0.62939453125,0.0,0.79296875,0.791015625
568,235,0.9885510206222534,0.17981122434139252,0.6049011945724487,0.771484375,0.09381103515625,-0.62939453125,0.0,0.81298828125,0.7998046875
569,237,1.0036814212799072,0.0,0.5997177958488464,0.77294921875,0.08447265625,-0.62890625,0.0,0.8271484375,0.77099609375
570,236,0.9101768136024475,0.17678356170654297,0.5085296630859375,0.77197265625,0.091552734375,-0.62939453125,0.0,0.79296875,0.791015625
571,237,1.0036814212799072,0.0,0.5997177958488464,0.77294921875,0.08447265625,-0.62890625,0.0,0.8271484375,0.77099609375
572,238,0.9164759516716003,0.0,0.4921413064002991,0.77294921875,0.08447265625,-0.62890625,0.0,0.8037109375,0.7607421875
573,239,1.0304831266403198,0.0,1.2449193000793457,0.293212890625,0.064453125,-0.9541015625,0.0,0.72607421875,0.52783203125
574,240,1.099412202835083,0.21462920308113098,1.2806099653244019,0.29638671875,0.064453125,-0.95263671875,0.0,0.734375,0.56689453125
575,241,1.1219502687454224,0.0,1.2728899717330933,0.293212890625,0.064453125,-0.9541015625,0.0,0.74267578125,0.5302734375
576,239,1.0304831266403198,0.0,1.2449193000793457,0.293212890625,0.064453125,-0.9541015625,0.0,0.72607421875,0.52783203125
577,242,1.0176020860671997,0.20933079719543457,1.254955530166626,0.296142578125,0.064453125,-0.953125,0.0,0.7197265625,0.56396484375
578,240,1.099412202835083,0.21462920308113098,1.2806099653244019,0.29638671875,0.064453125,-0.95263671875,0.0,0.734375,0.56689453125
579,242,1.0176020860671997,0.20933079719543457,1.254955530166626,0.296142578125,0.064453125,-0.953125,0.0,0.7197265625,0.56396484375
580,243,1.1071354150772095,0.4575982093811035,1.2999250888824463,0.30126953125,0.06280517578125,-0.95166015625,0.0,0.73095703125,0.60986328125
581,240,1.099412202835083,0.21462920308113098,1.2806099653244019,0.29638671875,0.064453125,-0.95263671875,0.0,0.734375,0.56689453125
582,242,1.0176020860671997,0.20933079719543457,1.254955530166626,0.296142578125,0.064453125,-0.953125,0.0,0.7197265625,0.56396484375
583,244,1.0456560850143433,0.484090119600296,1.281944990158081,0.3017578125,0.062408447265625,-0.951171875,0.0,0.71923828125,0.61279296875
584,243,1.1071354150772095,0.4575982093811035,1.2999250888824463,0.30126953125,0.06280517578125,-0.95166015625,0.0,0.73095703125,0.60986328125
585,243,1.1071354150772095,0.4575982093811035,1.2999250888824463,0.30126953125,0.06280517578125,-0.95166015625,0.0,0.73095703125,0.60986328125
586,244,1.0456560850143433,0.484090119600296,1.281944990158081,0.3017578125,0.062408447265625,-0.951171875,0.0,0.71923828125,0.61279296875
587,245,1.2273186445236206,0.9518623352050781,1.369774341583252,0.299560546875,0.0623779296875,-0.9521484375,0.0,0.7431640625,0.69873046875
588,244,1.0456560850143433,0.484090119600296,1.281944990158081,0.3017578125,0.062408447265625,-0.951171875,0.0,0.71923828125,0.61279296875
589,246,1.1492048501968384,0.7966951727867126,1.335532307624817,0.2744140625,0.073486328125,-0.958984375,0.0,0.73193359375,0.669921875
590,245,1.2273186445236206,0.9518623352050781,1.369774341583252,0.299560546875,0.0623779296875,-0.9521484375,0.0,0.7431640625,0.69873046875
591,247,1.1412452459335327,0.3879622220993042,0.8697894215583801,-0.90966796875,-0.10919189453125,0.400634765625,0.0,0.9619140625,0.81884765625
592,248,1.0525100231170654,0.6332019567489624,0.7367091774940491,-0.91064453125,-0.1143798828125,0.396484375,0.0,0.9765625,0.8681640625
593,249,0.9948199391365051,0.7550649046897888,0.639352560043335,-0.90869140625,-0.10992431640625,0.40234375,0.0,0.9892578125,0.89404296875
594,250,1.1129745244979858,0.36601176857948303,0.8001757860183716,-0.90966796875,-0.10919189453125,0.40087890625,0.0,0.9755859375,0.81884765625
595,247,1.1412452459335327,0.3879622220993042,0.8697894215583801,-0.90966796875,-0.10919189453125,0.400634765625,0.0,0.9619140625,0.81884765625
596,249,0.9948199391365051,0.7550649046897888,0.639352560043335,-0.90869140625,-0.10992431640625,0.40234375,0.0,0.9892578125,0.89404296875
597,251,1.145846962928772,0.1745128333568573,0.821853756904602,-0.91015625,-0.1103515625,0.399169921875,0.0,0.9794921875,0.78466796875
598,247,1.1412452459335327,0.3879622220993042,0.8697894215583801,-0.90966796875,-0.10919189453125,0.400634765625,0.0,0.9619140625,0.81884765625
599,250,1.1129745244979858,0.36601176857948303,0.8001757860183716,-0.90966796875,-0.10919189453125,0.40087890625,0.0,0.9755859375,0.81884765625
600,251,1.145846962928772,0.1745128333568573,0.821853756904602,-0.91015625,-0.1103515625,0.399169921875,0.0,0.9794921875,0.78466796875
601,252,1.1866813898086548,0.17148517072200775,0.9152241349220276,-0.91015625,-0.11053466796875,0.399169921875,0.0,0.96240234375,0.779296875
602,247,1.1412452459335327,0.3879622220993042,0.8697894215583801,-0.90966796875,-0.10919189453125,0.400634765625,0.0,0.9619140625,0.81884765625
603,252,1.1866813898086548,0.17148517072200775,0.9152241349220276,-0.91015625,-0.11053466796875,0.399169921875,0.0,0.96240234375,0.779296875
604,251,1.145846962928772,0.1745128333568573,0.821853756904602,-0.91015625,-0.1103515625,0.399169921875,0.0,0.9794921875,0.78466796875
605,253,1.1603366136550903,0.0,0.8073557019233704,-0.90966796875,-0.111572265625,0.399658203125,0.0,0.9892578125,0.75537109375
606,252,1.1866813898086548,0.17148517072200775,0.9152241349220276,-0.91015625,-0.11053466796875,0.399169921875,0.0,0.96240234375,0.779296875
607,253,1.1603366136550903,0.0,0.8073557019233704,-0.90966796875,-0.111572265625,0.399658203125,0.0,0.9892578125,0.75537109375
608,254,1.2063285112380981,0.0,0.9108266830444336,-0.90966796875,-0.111572265625,0.399658203125,0.0,0.97021484375,0.75
609,255,-0.14588797092437744,0.2601110339164734,0.04576173052191734,0.8984375,-0.07177734375,-0.43310546875,0.0,0.11309814453125,0.35595703125
610,256,-0.11915149539709091,0.0,0.1446300446987152,0.89892578125,-0.07171630859375,-0.431884765625,0.0,0.142578125,0.31689453125
611,257,-0.17185737192630768,0.0,0.03306210786104202,0.89892578125,-0.07171630859375,-0.431884765625,0.0,0.1217041015625,0.31103515625
612,255,-0.14588797092437744,0.2601110339164734,0.04576173052191734,0.8984375,-0.07177734375,-0.43310546875,0.0,0.11309814453125,0.35595703125
613,258,-0.09819095581769943,0.25793755054473877,0.14360150694847107,0.8984375,-0.07177734375,-0.43310546875,0.0,0.131591796875,0.36083984375
614,256,-0.11915149539709091,0.0,0.1446300446987152,0.89892578125,-0.07171630859375,-0.431884765625,0.0,0.142578125,0.31689453125
615,259,-0.08775590360164642,0.5752597451210022,0.1127314418554306,0.89892578125,-0.07275390625,-0.43212890625,0.0,0.11248779296875,0.41357421875
616,258,-0.09819095581769943,0.25793755054473877,0.14360150694847107,0.8984375,-0.07177734375,-0.43310546875,0.0,0.131591796875,0.36083984375
617,255,-0.14588797092437744,0.2601110339164734,0.04576173052191734,0.8984375,-0.07177734375,-0.43310546875,0.0,0.11309814453125,0.35595703125
618,259,-0.08775590360164642,0.5752597451210022,0.1127314418554306,0.89892578125,-0.07275390625,-0.43212890625,0.0,0.11248779296875,0.41357421875
619,260,-0.05646752566099167,0.538311243057251,0.18456092476844788,0.89892578125,-0.0726318359375,-0.4326171875,0.0,0.12744140625,0.410888671875
620,258,-0.09819095581769943,0.25793755054473877,0.14360150694847107,0.8984375,-0.07177734375,-0.43310546875,0.0,0.131591796875,0.36083984375
621,260,-0.05646752566099167,0.538311243057251,0.18456092476844788,0.89892578125,-0.0726318359375,-0.4326171875,0.0,0.12744140625,0.410888671875
622,259,-0.08775590360164642,0.5752597451210022,0.1127314418554306,0.89892578125,-0.07275390625,-0.43212890625,0.0,0.11248779296875,0.41357421875
623,261,0.0881907045841217,1.0976096391677856,0.3914838433265686,0.900390625,-0.07421875,-0.42919921875,0.0,0.142822265625,0.517578125
624,259,-0.08775590360164642,0.5752597451210022,0.1127314418554306,0.89892578125,-0.07275390625,-0.43212890625,0.0,0.11248779296875,0.41357421875
625,262,0.019520921632647514,0.9251834154129028,0.2769642472267151,0.90234375,-0.07733154296875,-0.424560546875,0.0,0.1285400390625,0.48193359375
626,261,0.0881907045841217,1.0976096391677856,0.3914838433265686,0.900390625,-0.07421875,-0.42919921875,0.0,0.142822265625,0.517578125
627,263,1.3019360303878784,0.4371615946292877,0.9965223670005798,0.398681640625,0.07745361328125,-0.91357421875,0.0,0.5546875,0.74755859375
628,264,1.3509588241577148,0.691484272480011,1.03950834274292,0.390869140625,0.07965087890625,-0.9169921875,0.0,0.5625,0.794921875
629,265,1.389046549797058,0.8178887963294983,1.0667206048965454,0.395751953125,0.078125,-0.9150390625,0.0,0.5693359375,0.81884765625
630,266,1.337515950202942,0.4136972427368164,1.0099533796310425,0.400146484375,0.0771484375,-0.9130859375,0.0,0.56201171875,0.74365234375
631,263,1.3019360303878784,0.4371615946292877,0.9965223670005798,0.398681640625,0.07745361328125,-0.91357421875,0.0,0.5546875,0.74755859375
632,265,1.389046549797058,0.8178887963294983,1.0667206048965454,0.395751953125,0.078125,-0.9150390625,0.0,0.5693359375,0.81884765625
633,266,1.337515950202942,0.4136972427368164,1.0099533796310425,0.400146484375,0.0771484375,-0.9130859375,0.0,0.56201171875,0.74365234375
634,267,1.2954455614089966,0.21084465086460114,0.9743453860282898,0.400146484375,0.06756591796875,-0.9140625,0.0,0.55517578125,0.70556640625
635,263,1.3019360303878784,0.4371615946292877,0.9965223670005798,0.398681640625,0.07745361328125,-0.91357421875,0.0,0.5546875,0.74755859375
636,266,1.337515950202942,0.4136972427368164,1.0099533796310425,0.400146484375,0.0771484375,-0.9130859375,0.0,0.56201171875,0.74365234375
637,268,1.339959979057312,0.21387232840061188,0.9944774508476257,0.400390625,0.06817626953125,-0.9140625,0.0,0.5634765625,0.70703125
638,267,1.2954455614089966,0.21084465086460114,0.9743453860282898,0.400146484375,0.06756591796875,-0.9140625,0.0,0.55517578125,0.70556640625
639,267,1.2954455614089966,0.21084465086460114,0.9743453860282898,0.400146484375,0.06756591796875,-0.9140625,0.0,0.55517578125,0.70556640625
640,268,1.339959979057312,0.21387232840061188,0.9944774508476257,0.400390625,0.06817626953125,-0.9140625,0.0,0.5634765625,0.70703125
641,269,1.3587998151779175,0.0,0.988023579120636,0.39892578125,0.06048583984375,-0.9150390625,0.0,0.56884765625,0.67431640625
642,267,1.2954455614089966,0.21084465086460114,0.9743453860282898,0.400146484375,0.06756591796875,-0.9140625,0.0,0.55517578125,0.70556640625
643,269,1.3587998151779175,0.0,0.988023579120636,0.39892578125,0.06048583984375,-0.9150390625,0.0,0.56884765625,0.67431640625
644,270,1.3082804679870605,0.0,0.9665285348892212,0.39892578125,0.06048583984375,-0.9150390625,0.0,0.55908203125,0.67333984375
645,271,-0.9366580247879028,0.0,-0.6798855662345886,-0.86669921875,-0.04278564453125,0.497314453125,0.0,0.54541015625,0.27392578125
646,272,-0.9892810583114624,0.3260386884212494,-0.7435401082038879,-0.8671875,-0.0489501953125,0.495849609375,0.0,0.5517578125,0.333984375
647,273,-0.9971156120300293,0.0,-0.7856111526489258,-0.86669921875,-0.04278564453125,0.497314453125,0.0,0.56787109375,0.2783203125
648,271,-0.9366580247879028,0.0,-0.6798855662345886,-0.86669921875,-0.04278564453125,0.497314453125,0.0,0.54541015625,0.27392578125
649,274,-0.9347091317176819,0.3144470155239105,-0.6497750878334045,-0.8671875,-0.048309326171875,0.49609375,0.0,0.533203125,0.329833984375
650,272,-0.9892810583114624,0.3260386884212494,-0.7435401082038879,-0.8671875,-0.0489501953125,0.495849609375,0.0,0.5517578125,0.333984375
651,274,-0.9347091317176819,0.3144470155239105,-0.6497750878334045,-0.8671875,-0.048309326171875,0.49609375,0.0,0.533203125,0.329833984375
652,275,-1.002921462059021,0.6100347638130188,-0.7358301281929016,-0.8681640625,-0.05621337890625,0.49267578125,0.0,0.54833984375,0.38232421875
653,272,-0.9892810583114624,0.3260386884212494,-0.7435401082038879,-0.8671875,-0.0489501953125,0.495849609375,0.0,0.5517578125,0.333984375
654,274,-0.9347091317176819,0.3144470155239105,-0.6497750878334045,-0.8671875,-0.048309326171875,0.49609375,0.0,0.533203125,0.329833984375
655,276,-0.9627482295036316,0.6368405818939209,-0.6615588068962097,-0.86865234375,-0.056182861328125,0.492431640625,0.0,0.53369140625,0.38623046875
656,275,-1.002921462059021,0.6100347638130188,-0.7358301281929016,-0.8681640625,-0.05621337890625,0.49267578125,0.0,0.54833984375,0.38232421875
657,275,-1.002921462059021,0.6100347638130188,-0.7358301281929016,-0.8681640625,-0.05621337890625,0.49267578125,0.0,0.54833984375,0.38232421875
658,276,-0.9627482295036316,0.6368405818939209,-0.6615588068962097,-0.86865234375,-0.056182861328125,0.492431640625,0.0,0.53369140625,0.38623046875
659,277,-1.0993462800979614,1.1939655542373657,-0.8399448990821838,-0.86865234375,-0.055206298828125,0.49267578125,0.0,0.568359375,0.483642578125
660,276,-0.9627482295036316,0.6368405818939209,-0.6615588068962097,-0.86865234375,-0.056182861328125,0.492431640625,0.0,0.53369140625,0.38623046875
661,278,-1.0416929721832275,1.0070496797561646,-0.7598788142204285,-0.8623046875,-0.0499267578125,0.50439453125,0.0,0.552734375,0.450927734375
662,277,-1.0993462800979614,1.1939655542373657,-0.8399448990821838,-0.86865234375,-0.055206298828125,0.49267578125,0.0,0.568359375,0.483642578125
663,279,1.2209504842758179,0.5446431040763855,0.7827083468437195,0.413818359375,0.07244873046875,-0.9072265625,0.0,0.6435546875,0.479736328125
664,280,1.3262810707092285,0.8769277930259705,0.857645571231842,0.401123046875,0.07867431640625,-0.91259765625,0.0,0.65771484375,0.54248046875
665,281,1.4062858819961548,1.0426918268203735,0.9070990681648254,0.41552734375,0.07183837890625,-0.90673828125,0.0,0.669921875,0.57470703125
666,282,1.2844310998916626,0.5158804655075073,0.8097622394561768,0.4130859375,0.07281494140625,-0.90771484375,0.0,0.65673828125,0.476318359375
667,279,1.2209504842758179,0.5446431040763855,0.7827083468437195,0.413818359375,0.07244873046875,-0.9072265625,0.0,0.6435546875,0.479736328125
668,281,1.4062858819961548,1.0426918268203735,0.9070990681648254,0.41552734375,0.07183837890625,-0.90673828125,0.0,0.669921875,0.57470703125
669,282,1.2844310998916626,0.5158804655075073,0.8097622394561768,0.4130859375,0.07281494140625,-0.90771484375,0.0,0.65673828125,0.476318359375
670,283,1.1932488679885864,0.250961035490036,0.7470582127571106,0.4072265625,0.0714111328125,-0.91064453125,0.0,0.64404296875,0.428466796875
671,279,1.2209504842758179,0.5446431040763855,0.7827083468437195,0.413818359375,0.07244873046875,-0.9072265625,0.0,0.6435546875,0.479736328125
672,282,1.2844310998916626,0.5158804655075073,0.8097622394561768,0.4130859375,0.07281494140625,-0.90771484375,0.0,0.65673828125,0.476318359375
673,284,1.2768193483352661,0.25625941157341003,0.7843102812767029,0.407470703125,0.0716552734375,-0.91064453125,0.0,0.6591796875,0.431640625
674,283,1.1932488679885864,0.250961035490036,0.7470582127571106,0.4072265625,0.0714111328125,-0.91064453125,0.0,0.64404296875,0.428466796875
675,285,1.2075897455215454,0.0,0.7340927720069885,0.4052734375,0.06915283203125,-0.91162109375,0.0,0.6513671875,0.385986328125
676,283,1.1932488679885864,0.250961035490036,0.7470582127571106,0.4072265625,0.0714111328125,-0.91064453125,0.0,0.64404296875,0.428466796875
677,284,1.2768193483352661,0.25625941157341003,0.7843102812767029,0.407470703125,0.0716552734375,-0.91064453125,0.0,0.6591796875,0.431640625
678,285,1.2075897455215454,0.0,0.7340927720069885,0.4052734375,0.06915283203125,-0.91162109375,0.0,0.6513671875,0.385986328125
679,284,1.2768193483352661,0.25625941157341003,0.7843102812767029,0.407470703125,0.0716552734375,-0.91064453125,0.0,0.6591796875,0.431640625
680,286,1.3011280298233032,0.0,0.7759835124015808,0.4052734375,0.06915283203125,-0.91162109375,0.0,0.66943359375,0.389404296875
681,287,0.6157147884368896,0.3501166105270386,0.49837806820869446,0.406005859375,0.07464599609375,-0.91064453125,0.0,0.236572265625,0.83447265625
682,288,0.7811601758003235,0.5779473185539246,0.5905424952507019,0.403076171875,0.076171875,-0.912109375,0.0,0.254150390625,0.8837890625
683,289,0.9010809063911438,0.6929981708526611,0.6531633138656616,0.403076171875,0.076171875,-0.912109375,0.0,0.26953125,0.9111328125
684,290,0.6999019384384155,0.33346450328826904,0.5341996550559998,0.4052734375,0.0750732421875,-0.9111328125,0.0,0.252685546875,0.8369140625
685,287,0.6157147884368896,0.3501166105270386,0.49837806820869446,0.406005859375,0.07464599609375,-0.91064453125,0.0,0.236572265625,0.83447265625
686,289,0.9010809063911438,0.6929981708526611,0.6531633138656616,0.403076171875,0.076171875,-0.912109375,0.0,0.26953125,0.9111328125
687,287,0.6157147884368896,0.3501166105270386,0.49837806820869446,0.406005859375,0.07464599609375,-0.91064453125,0.0,0.236572265625,0.83447265625
688,290,0.6999019384384155,0.33346450328826904,0.5341996550559998,0.4052734375,0.0750732421875,-0.9111328125,0.0,0.252685546875,0.8369140625
689,291,0.6708575487136841,0.15861767530441284,0.5075488686561584,0.408447265625,0.0733642578125,-0.90966796875,0.0,0.25634765625,0.80615234375
690,287,0.6157147884368896,0.3501166105270386,0.49837806820869446,0.406005859375,0.07464599609375,-0.91064453125,0.0,0.236572265625,0.83447265625
691,291,0.6708575487136841,0.15861767530441284,0.5075488686561584,0.408447265625,0.0733642578125,-0.90966796875,0.0,0.25634765625,0.80615234375
692,292,0.5580224394798279,0.15180544555187225,0.4559224545955658,0.408447265625,0.0732421875,-0.90966796875,0.0,0.2366943359375,0.79736328125
693,291,0.6708575487136841,0.15861767530441284,0.5075488686561584,0.408447265625,0.0733642578125,-0.90966796875,0.0,0.25634765625,0.80615234375
694,293,0.5603644251823425,0.0,0.4451330900192261,0.4091796875,0.0728759765625,-0.90966796875,0.0,0.24609375,0.77197265625
695,292,0.5580224394798279,0.15180544555187225,0.4559224545955658,0.408447265625,0.0732421875,-0.90966796875,0.0,0.2366943359375,0.79736328125
696,291,0.6708575487136841,0.15861767530441284,0.5075488686561584,0.408447265625,0.0733642578125,-0.90966796875,0.0,0.25634765625,0.80615234375
697,294,0.6858865022659302,0.0,0.5012866854667664,0.4091796875,0.0728759765625,-0.90966796875,0.0,0.268310546875,0.78173828125
698,293,0.5603644251823425,0.0,0.4451330900192261,0.4091796875,0.0728759765625,-0.90966796875,0.0,0.24609375,0.77197265625
699,295,0.546190619468689,0.5484277606010437,-0.024354152381420135,-0.5068359375,-0.08441162109375,0.85791015625,0.0,0.1531982421875,0.421875
700,296,0.3537670075893402,0.8882814645767212,-0.10483779013156891,-0.501953125,-0.08038330078125,0.86083984375,0.0,0.1689453125,0.489501953125
701,297,0.22766341269016266,1.0540454387664795,-0.16289976239204407,-0.505859375,-0.083251953125,0.85888671875,0.0,0.182861328125,0.5244140625
702,298,0.4821821451187134,0.5098251700401306,-0.06586746126413345,-0.5068359375,-0.08453369140625,0.85791015625,0.0,0.1678466796875,0.419677734375
703,295,0.546190619468689,0.5484277606010437,-0.024354152381420135,-0.5068359375,-0.08441162109375,0.85791015625,0.0,0.1531982421875,0.421875
704,297,0.22766341269016266,1.0540454387664795,-0.16289976239204407,-0.505859375,-0.083251953125,0.85888671875,0.0,0.182861328125,0.5244140625
705,299,0.5508347749710083,0.23430892825126648,-0.05278507247567177,-0.5087890625,-0.0863037109375,0.8564453125,0.0,0.172119140625,0.370361328125
706,295,0.546190619468689,0.5484277606010437,-0.024354152381420135,-0.5068359375,-0.08441162109375,0.85791015625,0.0,0.1531982421875,0.421875
707,298,0.4821821451187134,0.5098251700401306,-0.06586746126413345,-0.5068359375,-0.08453369140625,0.85791015625,0.0,0.1678466796875,0.419677734375
708,299,0.5508347749710083,0.23430892825126648,-0.05278507247567177,-0.5087890625,-0.0863037109375,0.8564453125,0.0,0.172119140625,0.370361328125
709,300,0.6441086530685425,0.24036423861980438,0.0031034850981086493,-0.50927734375,-0.08648681640625,0.8564453125,0.0,0.153564453125,0.365478515625
710,295,0.546190619468689,0.5484277606010437,-0.024354152381420135,-0.5068359375,-0.08441162109375,0.85791015625,0.0,0.1531982421875,0.421875
711,300,0.6441086530685425,0.24036423861980438,0.0031034850981086493,-0.50927734375,-0.08648681640625,0.8564453125,0.0,0.153564453125,0.365478515625
712,299,0.5508347749710083,0.23430892825126648,-0.05278507247567177,-0.5087890625,-0.0863037109375,0.8564453125,0.0,0.172119140625,0.370361328125
713,301,0.5768824219703674,0.0,-0.0617077574133873,-0.5107421875,-0.087646484375,0.85498046875,0.0,0.1822509765625,0.328857421875
714,300,0.6441086530685425,0.24036423861980438,0.0031034850981086493,-0.50927734375,-0.08648681640625,0.8564453125,0.0,0.153564453125,0.365478515625
715,301,0.5768824219703674,0.0,-0.0617077574133873,-0.5107421875,-0.087646484375,0.85498046875,0.0,0.1822509765625,0.328857421875
716,302,0.6808165311813354,0.0,0.0008598723215982318,-0.5107421875,-0.087646484375,0.85498046875,0.0,0.161865234375,0.3232421875
717,303,-0.33292636275291443,0.38327261805534363,-0.5891506671905518,0.8994140625,-0.0736083984375,-0.430419921875,0.0,0.50244140625,0.82421875
718,304,-0.2414863556623459,0.6093102693557739,-0.4378010332584381,0.89306640625,-0.06292724609375,-0.445556640625,0.0,0.5166015625,0.8740234375
719,305,-0.18113233149051666,0.7201557159423828,-0.3324871063232422,0.89794921875,-0.07415771484375,-0.433837890625,0.0,0.52978515625,0.900390625
720,306,-0.30337101221084595,0.35864028334617615,-0.523307740688324,0.8994140625,-0.07403564453125,-0.4306640625,0.0,0.515625,0.82470703125
721,303,-0.33292636275291443,0.38327261805534363,-0.5891506671905518,0.8994140625,-0.0736083984375,-0.430419921875,0.0,0.50244140625,0.82421875
722,305,-0.18113233149051666,0.7201557159423828,-0.3324871063232422,0.89794921875,-0.07415771484375,-0.433837890625,0.0,0.52978515625,0.900390625
723,307,-0.33612483739852905,0.1767958402633667,-0.5611655116081238,0.900390625,-0.0693359375,-0.429443359375,0.0,0.51904296875,0.79248046875
724,303,-0.33292636275291443,0.38327261805534363,-0.5891506671905518,0.8994140625,-0.0736083984375,-0.430419921875,0.0,0.50244140625,0.82421875
725,306,-0.30337101221084595,0.35864028334617615,-0.523307740688324,0.8994140625,-0.07403564453125,-0.4306640625,0.0,0.515625,0.82470703125
726,307,-0.33612483739852905,0.1767958402633667,-0.5611655116081238,0.900390625,-0.0693359375,-0.429443359375,0.0,0.51904296875,0.79248046875
727,308,-0.3797016739845276,0.17896927893161774,-0.6531364917755127,0.900390625,-0.0687255859375,-0.4296875,0.0,0.50244140625,0.78662109375
728,303,-0.33292636275291443,0.38327261805534363,-0.5891506671905518,0.8994140625,-0.0736083984375,-0.430419921875,0.0,0.50244140625,0.82421875
729,308,-0.3797016739845276,0.17896927893161774,-0.6531364917755127,0.900390625,-0.0687255859375,-0.4296875,0.0,0.50244140625,0.78662109375
730,307,-0.33612483739852905,0.1767958402633667,-0.5611655116081238,0.900390625,-0.0693359375,-0.429443359375,0.0,0.51904296875,0.79248046875
731,309,-0.3491498529911041,0.0,-0.5614798665046692,0.900390625,-0.06634521484375,-0.4296875,0.0,0.529296875,0.763671875
732,308,-0.3797016739845276,0.17896927893161774,-0.6531364917755127,0.900390625,-0.0687255859375,-0.4296875,0.0,0.50244140625,0.78662109375
733,309,-0.3491498529911041,0.0,-0.5614798665046692,0.900390625,-0.06634521484375,-0.4296875,0.0,0.529296875,0.763671875
734,310,-0.3978487551212311,0.0,-0.6632222533226013,0.900390625,-0.06634521484375,-0.4296875,0.0,0.51025390625,0.7568359375
735,311,0.16433900594711304,0.19116491079330444,0.5017172694206238,0.3994140625,0.076416015625,-0.91357421875,0.0,0.1943359375,0.361572265625
736,312,0.28455233573913574,0.0,0.5386173129081726,0.39990234375,0.07513427734375,-0.91357421875,0.0,0.221435546875,0.33203125
737,313,0.17519670724868774,0.0,0.49085336923599243,0.39990234375,0.07513427734375,-0.91357421875,0.0,0.2008056640625,0.32861328125
738,311,0.16433900594711304,0.19116491079330444,0.5017172694206238,0.3994140625,0.076416015625,-0.91357421875,0.0,0.1943359375,0.361572265625
739,314,0.26353225111961365,0.19797709584236145,0.5458177924156189,0.399169921875,0.0765380859375,-0.91357421875,0.0,0.2130126953125,0.365966796875
740,312,0.28455233573913574,0.0,0.5386173129081726,0.39990234375,0.07513427734375,-0.91357421875,0.0,0.221435546875,0.33203125
741,311,0.16433900594711304,0.19116491079330444,0.5017172694206238,0.3994140625,0.076416015625,-0.91357421875,0.0,0.1943359375,0.361572265625
742,315,0.27561092376708984,0.4780348241329193,0.5746196508407593,0.39794921875,0.0777587890625,-0.9140625,0.0,0.2088623046875,0.415283203125
743,314,0.26353225111961365,0.19797709584236145,0.5458177924156189,0.399169921875,0.0765380859375,-0.91357421875,0.0,0.2130126953125,0.365966796875
744,311,0.16433900594711304,0.19116491079330444,0.5017172694206238,0.3994140625,0.076416015625,-0.91357421875,0.0,0.1943359375,0.361572265625
745,316,0.19998353719711304,0.5083112716674805,0.5444064140319824,0.397705078125,0.077880859375,-0.9140625,0.0,0.1939697265625,0.418212890625
746,315,0.27561092376708984,0.4780348241329193,0.5746196508407593,0.39794921875,0.0777587890625,-0.9140625,0.0,0.2088623046875,0.415283203125
747,315,0.27561092376708984,0.4780348241329193,0.5746196508407593,0.39794921875,0.0777587890625,-0.9140625,0.0,0.2088623046875,0.415283203125
748,316,0.19998353719711304,0.5083112716674805,0.5444064140319824,0.397705078125,0.077880859375,-0.9140625,0.0,0.1939697265625,0.418212890625
749,317,0.42512354254722595,1.0472332239151,0.6881011724472046,0.394775390625,0.0791015625,-0.91552734375,0.0,0.22412109375,0.51904296875
750,316,0.19998353719711304,0.5083112716674805,0.5444064140319824,0.397705078125,0.077880859375,-0.9140625,0.0,0.1939697265625,0.418212890625
751,318,0.32813215255737305,0.8678448796272278,0.6310476064682007,0.384521484375,0.08447265625,-0.91943359375,0.0,0.2099609375,0.48486328125
752,317,0.42512354254722595,1.0472332239151,0.6881011724472046,0.394775390625,0.0791015625,-0.91552734375,0.0,0.22412109375,0.51904296875
753,319,-1.238255262374878,0.0,-0.8915622234344482,-0.86474609375,-0.04229736328125,0.50048828125,0.0,0.45068359375,0.826171875
754,320,-1.2849568128585815,0.2144688218832016,-0.954139232635498,-0.86474609375,-0.046966552734375,0.5,0.0,0.455810546875,0.86767578125
755,321,-1.2889220714569092,0.0,-0.9796125292778015,-0.86474609375,-0.04229736328125,0.50048828125,0.0,0.46923828125,0.8310546875
756,319,-1.238255262374878,0.0,-0.8915622234344482,-0.86474609375,-0.04229736328125,0.50048828125,0.0,0.45068359375,0.826171875
757,322,-1.2388989925384521,0.20505057275295258,-0.87584388256073,-0.86474609375,-0.046234130859375,0.5,0.0,0.440185546875,0.86279296875
758,320,-1.2849568128585815,0.2144688218832016,-0.954139232635498,-0.86474609375,-0.046966552734375,0.5,0.0,0.455810546875,0.86767578125
759,323,-1.2637391090393066,0.40718045830726624,-0.8971397876739502,-0.865234375,-0.053436279296875,0.498779296875,0.0,0.440673828125,0.89892578125
760,320,-1.2849568128585815,0.2144688218832016,-0.954139232635498,-0.86474609375,-0.046966552734375,0.5,0.0,0.455810546875,0.86767578125
761,322,-1.2388989925384521,0.20505057275295258,-0.87584388256073,-0.86474609375,-0.046234130859375,0.5,0.0,0.440185546875,0.86279296875
762,323,-1.2637391090393066,0.40718045830726624,-0.8971397876739502,-0.865234375,-0.053436279296875,0.498779296875,0.0,0.440673828125,0.89892578125
763,324,-1.2977643013000488,0.3919663429260254,-0.9579705595970154,-0.865234375,-0.05340576171875,0.498779296875,0.0,0.45263671875,0.8974609375
764,320,-1.2849568128585815,0.2144688218832016,-0.954139232635498,-0.86474609375,-0.046966552734375,0.5,0.0,0.455810546875,0.86767578125
765,324,-1.2977643013000488,0.3919663429260254,-0.9579705595970154,-0.865234375,-0.05340576171875,0.498779296875,0.0,0.45263671875,0.8974609375
766,323,-1.2637391090393066,0.40718045830726624,-0.8971397876739502,-0.865234375,-0.053436279296875,0.498779296875,0.0,0.440673828125,0.89892578125
767,325,-1.382739782333374,0.7607266306877136,-1.0655460357666016,-0.8671875,-0.05645751953125,0.494384765625,0.0,0.4697265625,0.9609375
768,323,-1.2637391090393066,0.40718045830726624,-0.8971397876739502,-0.865234375,-0.053436279296875,0.498779296875,0.0,0.440673828125,0.89892578125
769,326,-1.3333375453948975,0.6419118642807007,-0.9915324449539185,-0.87744140625,-0.069580078125,0.47412109375,0.0,0.45654296875,0.939453125
770,325,-1.382739782333374,0.7607266306877136,-1.0655460357666016,-0.8671875,-0.05645751953125,0.494384765625,0.0,0.4697265625,0.9609375
771,327,-0.6141823530197144,0.16447967290878296,-0.2932747006416321,0.111328125,-0.115478515625,0.98681640625,0.0,0.07806396484375,0.81640625
772,328,-0.7249232530593872,0.0,-0.3000672161579132,0.11260986328125,-0.1165771484375,0.98681640625,0.0,0.104736328125,0.79443359375
773,329,-0.6125133037567139,0.0,-0.31359612941741943,0.11260986328125,-0.1165771484375,0.98681640625,0.0,0.08587646484375,0.7880859375
774,327,-0.6141823530197144,0.16447967290878296,-0.2932747006416321,0.111328125,-0.115478515625,0.98681640625,0.0,0.07806396484375,0.81640625
775,330,-0.715473473072052,0.16737760603427887,-0.28207269310951233,0.111083984375,-0.115234375,0.9873046875,0.0,0.09503173828125,0.82177734375
776,328,-0.7249232530593872,0.0,-0.3000672161579132,0.11260986328125,-0.1165771484375,0.98681640625,0.0,0.104736328125,0.79443359375
777,331,-0.6710793375968933,0.37168088555336,-0.2634163200855255,0.1116943359375,-0.114013671875,0.9873046875,0.0,0.07757568359375,0.8544921875
778,330,-0.715473473072052,0.16737760603427887,-0.28207269310951233,0.111083984375,-0.115234375,0.9873046875,0.0,0.09503173828125,0.82177734375
779,327,-0.6141823530197144,0.16447967290878296,-0.2932747006416321,0.111328125,-0.115478515625,0.98681640625,0.0,0.07806396484375,0.81640625
780,331,-0.6710793375968933,0.37168088555336,-0.2634163200855255,0.1116943359375,-0.114013671875,0.9873046875,0.0,0.07757568359375,0.8544921875
781,332,-0.745951771736145,0.3506709933280945,-0.25713881850242615,0.1121826171875,-0.114013671875,0.9873046875,0.0,0.09124755859375,0.8544921875
782,330,-0.715473473072052,0.16737760603427887,-0.28207269310951233,0.111083984375,-0.115234375,0.9873046875,0.0,0.09503173828125,0.82177734375
783,332,-0.745951771736145,0.3506709933280945,-0.25713881850242615,0.1121826171875,-0.114013671875,0.9873046875,0.0,0.09124755859375,0.8544921875
784,331,-0.6710793375968933,0.37168088555336,-0.2634163200855255,0.1116943359375,-0.114013671875,0.9873046875,0.0,0.07757568359375,0.8544921875
785,333,-0.9346480965614319,0.7230535745620728,-0.19219161570072174,0.11370849609375,-0.11474609375,0.98681640625,0.0,0.10504150390625,0.92724609375
786,331,-0.6710793375968933,0.37168088555336,-0.2634163200855255,0.1116943359375,-0.114013671875,0.9873046875,0.0,0.07757568359375,0.8544921875
787,334,-0.8245351910591125,0.6064123511314392,-0.21829836070537567,0.10748291015625,-0.11944580078125,0.98681640625,0.0,0.09210205078125,0.90185546875
788,333,-0.9346480965614319,0.7230535745620728,-0.19219161570072174,0.11370849609375,-0.11474609375,0.98681640625,0.0,0.10504150390625,0.92724609375
789,335,-1.4718438386917114,0.6868295669555664,-1.5652567148208618,-0.50341796875,0.0855712890625,0.85986328125,0.0,0.2578125,0.62451171875
790,336,-1.2805802822113037,0.5433825850486755,-1.4390665292739868,-0.50439453125,0.08331298828125,0.859375,0.0,0.281494140625,0.66943359375
791,337,-1.2224242687225342,0.5730862617492676,-1.4079923629760742,-0.5048828125,0.0823974609375,0.859375,0.0,0.294677734375,0.67041015625
792,337,-1.2224242687225342,0.5730862617492676,-1.4079923629760742,-0.5048828125,0.0823974609375,0.859375,0.0,0.294677734375,0.67041015625
793,336,-1.2805802822113037,0.5433825850486755,-1.4390665292739868,-0.50439453125,0.08331298828125,0.859375,0.0,0.281494140625,0.66943359375
794,338,-1.184279441833496,0.36226266622543335,-1.365487813949585,-0.5068359375,0.0799560546875,0.8583984375,0.0,0.286376953125,0.70703125
795,337,-1.2224242687225342,0.5730862617492676,-1.4079923629760742,-0.5048828125,0.0823974609375,0.859375,0.0,0.294677734375,0.67041015625
796,338,-1.184279441833496,0.36226266622543335,-1.365487813949585,-0.5068359375,0.0799560546875,0.8583984375,0.0,0.286376953125,0.70703125
797,339,-1.103549838066101,0.3782012462615967,-1.3192356824874878,-0.50732421875,0.0792236328125,0.85791015625,0.0,0.3017578125,0.7119140625
798,339,-1.103549838066101,0.3782012462615967,-1.3192356824874878,-0.50732421875,0.0792236328125,0.85791015625,0.0,0.3017578125,0.7119140625
799,338,-1.184279441833496,0.36226266622543335,-1.365487813949585,-0.5068359375,0.0799560546875,0.8583984375,0.0,0.286376953125,0.70703125
800,340,-1.1582788228988647,0.18911200761795044,-1.3345199823379517,-0.509765625,0.0732421875,0.857421875,0.0,0.2783203125,0.7353515625
801,339,-1.103549838066101,0.3782012462615967,-1.3192356824874878,-0.50732421875,0.0792236328125,0.85791015625,0.0,0.3017578125,0.7119140625
802,340,-1.1582788228988647,0.18911200761795044,-1.3345199823379517,-0.509765625,0.0732421875,0.857421875,0.0,0.2783203125,0.7353515625
803,341,-1.0499041080474854,0.18186719715595245,-1.2694664001464844,-0.509765625,0.0721435546875,0.857421875,0.0,0.296875,0.74755859375
804,341,-1.0499041080474854,0.18186719715595245,-1.2694664001464844,-0.509765625,0.0721435546875,0.857421875,0.0,0.296875,0.74755859375
805,340,-1.1582788228988647,0.18911200761795044,-1.3345199823379517,-0.509765625,0.0732421875,0.857421875,0.0,0.2783203125,0.7353515625
806,342,-1.1754326820373535,0.0,-1.3296818733215332,-0.5107421875,0.06884765625,0.85693359375,0.0,0.25927734375,0.76220703125
807,341,-1.0499041080474854,0.18186719715595245,-1.2694664001464844,-0.509765625,0.0721435546875,0.857421875,0.0,0.296875,0.74755859375
808,342,-1.1754326820373535,0.0,-1.3296818733215332,-0.5107421875,0.06884765625,0.85693359375,0.0,0.25927734375,0.76220703125
809,343,-1.0543441772460938,0.0,-1.257376790046692,-0.5107421875,0.06884765625,0.85693359375,0.0,0.281005859375,0.77587890625
810,344,-0.12410051375627518,0.7677860260009766,-0.19646726548671722,-0.274658203125,-0.0616455078125,-0.95947265625,0.0,0.380126953125,0.84912109375
811,345,0.028738535940647125,0.6012643575668335,-0.22952815890312195,-0.303955078125,-0.056396484375,-0.951171875,0.0,0.399169921875,0.8134765625
812,346,-0.011354484595358372,0.5909441709518433,-0.2173854410648346,-0.2958984375,-0.057861328125,-0.95361328125,0.0,0.3916015625,0.81396484375
813,347,0.026380768045783043,0.4900800585746765,-0.22237586975097656,-0.341552734375,-0.076171875,-0.9365234375,0.0,0.3935546875,0.794921875
814,346,-0.011354484595358372,0.5909441709518433,-0.2173854410648346,-0.2958984375,-0.057861328125,-0.95361328125,0.0,0.3916015625,0.81396484375
815,345,0.028738535940647125,0.6012643575668335,-0.22952815890312195,-0.303955078125,-0.056396484375,-0.951171875,0.0,0.399169921875,0.8134765625
816,347,0.026380768045783043,0.4900800585746765,-0.22237586975097656,-0.341552734375,-0.076171875,-0.9365234375,0.0,0.3935546875,0.794921875
817,345,0.028738535940647125,0.6012643575668335,-0.22952815890312195,-0.303955078125,-0.056396484375,-0.951171875,0.0,0.399169921875,0.8134765625
818,348,0.08791874349117279,0.5034583210945129,-0.2454531490802765,-0.3466796875,-0.08038330078125,-0.9345703125,0.0,0.4052734375,0.79443359375
819,349,0.06129942834377289,0.367485910654068,-0.22180390357971191,-0.352783203125,-0.091796875,-0.93115234375,0.0,0.3935546875,0.7724609375
820,347,0.026380768045783043,0.4900800585746765,-0.22237586975097656,-0.341552734375,-0.076171875,-0.9365234375,0.0,0.3935546875,0.794921875
821,348,0.08791874349117279,0.5034583210945129,-0.2454531490802765,-0.3466796875,-0.08038330078125,-0.9345703125,0.0,0.4052734375,0.79443359375
822,349,0.06129942834377289,0.367485910654068,-0.22180390357971191,-0.352783203125,-0.091796875,-0.93115234375,0.0,0.3935546875,0.7724609375
823,348,0.08791874349117279,0.5034583210945129,-0.2454531490802765,-0.3466796875,-0.08038330078125,-0.9345703125,0.0,0.4052734375,0.79443359375
824,350,0.1392366886138916,0.3819817304611206,-0.25542494654655457,-0.35205078125,-0.09185791015625,-0.931640625,0.0,0.40869140625,0.771484375
825,350,0.1392366886138916,0.3819817304611206,-0.25542494654655457,-0.35205078125,-0.09185791015625,-0.931640625,0.0,0.40869140625,0.771484375
826,351,0.09117311984300613,0.2098936289548874,-0.22048033773899078,-0.334716796875,-0.08782958984375,-0.9384765625,0.0,0.391357421875,0.74462890625
827,349,0.06129942834377289,0.367485910654068,-0.22180390357971191,-0.352783203125,-0.091796875,-0.93115234375,0.0,0.3935546875,0.7724609375
828,350,0.1392366886138916,0.3819817304611206,-0.25542494654655457,-0.35205078125,-0.09185791015625,-0.931640625,0.0,0.40869140625,0.771484375
829,352,0.18400995433330536,0.23074984550476074,-0.2540654242038727,-0.335693359375,-0.088134765625,-0.93798828125,0.0,0.4091796875,0.74365234375
830,351,0.09117311984300613,0.2098936289548874,-0.22048033773899078,-0.334716796875,-0.08782958984375,-0.9384765625,0.0,0.391357421875,0.74462890625
831,353,0.20337513089179993,0.1010962724685669,-0.24916625022888184,-0.322265625,-0.083740234375,-0.94287109375,0.0,0.40625,0.720703125
832,351,0.09117311984300613,0.2098936289548874,-0.22048033773899078,-0.334716796875,-0.08782958984375,-0.9384765625,0.0,0.391357421875,0.74462890625
833,352,0.18400995433330536,0.23074984550476074,-0.2540654242038727,-0.335693359375,-0.088134765625,-0.93798828125,0.0,0.4091796875,0.74365234375
834,353,0.20337513089179993,0.1010962724685669,-0.24916625022888184,-0.322265625,-0.083740234375,-0.94287109375,0.0,0.40625,0.720703125
835,354,0.09669765084981918,0.07713115215301514,-0.21057306230068207,-0.322265625,-0.083740234375,-0.94287109375,0.0,0.385986328125,0.7216796875
836,351,0.09117311984300613,0.2098936289548874,-0.22048033773899078,-0.334716796875,-0.08782958984375,-0.9384765625,0.0,0.391357421875,0.74462890625
837,354,0.09669765084981918,0.07713115215301514,-0.21057306230068207,-0.322265625,-0.083740234375,-0.94287109375,0.0,0.385986328125,0.7216796875
838,353,0.20337513089179993,0.1010962724685669,-0.24916625022888184,-0.322265625,-0.083740234375,-0.94287109375,0.0,0.40625,0.720703125
839,355,0.21353410184383392,0.0,-0.24365772306919098,-0.322265625,-0.083740234375,-0.94287109375,0.0,0.403076171875,0.703125
840,354,0.09669765084981918,0.07713115215301514,-0.21057306230068207,-0.322265625,-0.083740234375,-0.94287109375,0.0,0.385986328125,0.7216796875
841,355,0.21353410184383392,0.0,-0.24365772306919098,-0.322265625,-0.083740234375,-0.94287109375,0.0,0.403076171875,0.703125
842,356,0.0969594195485115,-8.881783998477905e-18,-0.20381124317646027,-0.322265625,-0.083740234375,-0.94287109375,0.0,0.382080078125,0.708984375
843,357,0.3202844262123108,0.48687314987182617,0.13368891179561615,-0.92724609375,0.081298828125,0.36572265625,0.0,0.87646484375,0.48681640625
844,358,0.2908484935760498,0.8310010433197021,-0.01817370392382145,-0.92138671875,0.0882568359375,0.37841796875,0.0,0.892578125,0.55078125
845,359,0.26254692673683167,1.0027027130126953,-0.12708500027656555,-0.92578125,0.08258056640625,0.368408203125,0.0,0.90673828125,0.583984375
846,360,0.28812938928604126,0.457893967628479,0.058866243809461594,-0.92724609375,0.08123779296875,0.365478515625,0.0,0.8916015625,0.484130859375
847,357,0.3202844262123108,0.48687314987182617,0.13368891179561615,-0.92724609375,0.081298828125,0.36572265625,0.0,0.87646484375,0.48681640625
848,359,0.26254692673683167,1.0027027130126953,-0.12708500027656555,-0.92578125,0.08258056640625,0.368408203125,0.0,0.90673828125,0.583984375
849,357,0.3202844262123108,0.48687314987182617,0.13368891179561615,-0.92724609375,0.081298828125,0.36572265625,0.0,0.87646484375,0.48681640625
850,360,0.28812938928604126,0.457893967628479,0.058866243809461594,-0.92724609375,0.08123779296875,0.365478515625,0.0,0.8916015625,0.484130859375
851,361,0.2763204574584961,0.18983644247055054,0.08777942508459091,-0.927734375,0.0799560546875,0.364013671875,0.0,0.8955078125,0.43701171875
852,357,0.3202844262123108,0.48687314987182617,0.13368891179561615,-0.92724609375,0.081298828125,0.36572265625,0.0,0.87646484375,0.48681640625
853,361,0.2763204574584961,0.18983644247055054,0.08777942508459091,-0.927734375,0.0799560546875,0.364013671875,0.0,0.8955078125,0.43701171875
854,362,0.31533417105674744,0.18331612646579742,0.18908163905143738,-0.927734375,0.07977294921875,0.364013671875,0.0,0.876953125,0.4326171875
855,361,0.2763204574584961,0.18983644247055054,0.08777942508459091,-0.927734375,0.0799560546875,0.364013671875,0.0,0.8955078125,0.43701171875
856,363,0.29994603991508484,0.0,0.1890949010848999,-0.92822265625,0.0784912109375,0.363525390625,0.0,0.88330078125,0.401123046875
857,362,0.31533417105674744,0.18331612646579742,0.18908163905143738,-0.927734375,0.07977294921875,0.364013671875,0.0,0.876953125,0.4326171875
858,361,0.2763204574584961,0.18983644247055054,0.08777942508459091,-0.927734375,0.0799560546875,0.364013671875,0.0,0.8955078125,0.43701171875
859,364,0.25632405281066895,0.0,0.07800113409757614,-0.92822265625,0.0784912109375,0.363525390625,0.0,0.90380859375,0.404541015625
860,363,0.29994603991508484,0.0,0.1890949010848999,-0.92822265625,0.0784912109375,0.363525390625,0.0,0.88330078125,0.401123046875
861,365,0.8248537182807922,0.7073793411254883,0.34988150000572205,-0.93408203125,-0.08514404296875,-0.346923828125,0.0,0.71923828125,0.12890625
862,366,0.8408383131027222,1.2129970788955688,0.1833687126636505,-0.9306640625,-0.08746337890625,-0.354736328125,0.0,0.7373046875,0.2230224609375
863,367,0.8615292906761169,1.442341923713684,0.07258399575948715,-0.93408203125,-0.084228515625,-0.3466796875,0.0,0.751953125,0.2666015625
864,368,0.8573593497276306,0.7119209170341492,0.26066842675209045,-0.93408203125,-0.084716796875,-0.346435546875,0.0,0.73583984375,0.1317138671875
865,365,0.8248537182807922,0.7073793411254883,0.34988150000572205,-0.93408203125,-0.08514404296875,-0.346923828125,0.0,0.71923828125,0.12890625
866,367,0.8615292906761169,1.442341923713684,0.07258399575948715,-0.93408203125,-0.084228515625,-0.3466796875,0.0,0.751953125,0.2666015625
867,369,0.8798455595970154,0.3508734703063965,0.2907845377922058,-0.93359375,-0.08245849609375,-0.348876953125,0.0,0.7392578125,0.069091796875
868,365,0.8248537182807922,0.7073793411254883,0.34988150000572205,-0.93408203125,-0.08514404296875,-0.346923828125,0.0,0.71923828125,0.12890625
869,368,0.8573593497276306,0.7119209170341492,0.26066842675209045,-0.93408203125,-0.084716796875,-0.346435546875,0.0,0.73583984375,0.1317138671875
870,369,0.8798455595970154,0.3508734703063965,0.2907845377922058,-0.93359375,-0.08245849609375,-0.348876953125,0.0,0.7392578125,0.069091796875
871,370,0.8424103260040283,0.34557509422302246,0.39144590497016907,-0.93359375,-0.0821533203125,-0.348876953125,0.0,0.720703125,0.06597900390625
872,365,0.8248537182807922,0.7073793411254883,0.34988150000572205,-0.93408203125,-0.08514404296875,-0.346923828125,0.0,0.71923828125,0.12890625
873,371,0.8712002635002136,0.0,0.3931087553501129,-0.93359375,-0.078857421875,-0.34912109375,0.0,0.72998046875,0.00710296630859375
874,370,0.8424103260040283,0.34557509422302246,0.39144590497016907,-0.93359375,-0.0821533203125,-0.348876953125,0.0,0.720703125,0.06597900390625
875,369,0.8798455595970154,0.3508734703063965,0.2907845377922058,-0.93359375,-0.08245849609375,-0.348876953125,0.0,0.7392578125,0.069091796875
876,371,0.8712002635002136,0.0,0.3931087553501129,-0.93359375,-0.078857421875,-0.34912109375,0.0,0.72998046875,0.00710296630859375
877,369,0.8798455595970154,0.3508734703063965,0.2907845377922058,-0.93359375,-0.08245849609375,-0.348876953125,0.0,0.7392578125,0.069091796875
878,372,0.913550078868866,0.0,0.27924013137817383,-0.93359375,-0.078857421875,-0.34912109375,0.0,0.75146484375,0.0107421875
879,373,0.3454507291316986,1.6857917308807373,-0.5779033303260803,0.677734375,0.0158233642578125,-0.7353515625,0.0,0.4462890625,0.3095703125
880,374,0.4864688813686371,1.3105740547180176,-0.45600828528404236,0.65869140625,0.01617431640625,-0.751953125,0.0,0.467041015625,0.2388916015625
881,375,0.455970823764801,1.2974255084991455,-0.48439982533454895,0.65966796875,0.0161590576171875,-0.75146484375,0.0,0.45947265625,0.238037109375
882,376,0.49854913353919983,1.081431269645691,-0.4506872892379761,0.62255859375,0.0027828216552734375,-0.7822265625,0.0,0.45947265625,0.199462890625
883,375,0.455970823764801,1.2974255084991455,-0.48439982533454895,0.65966796875,0.0161590576171875,-0.75146484375,0.0,0.45947265625,0.238037109375
884,374,0.4864688813686371,1.3105740547180176,-0.45600828528404236,0.65869140625,0.01617431640625,-0.751953125,0.0,0.467041015625,0.2388916015625
885,376,0.49854913353919983,1.081431269645691,-0.4506872892379761,0.62255859375,0.0027828216552734375,-0.7822265625,0.0,0.45947265625,0.199462890625
886,374,0.4864688813686371,1.3105740547180176,-0.45600828528404236,0.65869140625,0.01617431640625,-0.751953125,0.0,0.467041015625,0.2388916015625
887,377,0.5495399236679077,1.0971643924713135,-0.409340500831604,0.6220703125,0.0023555755615234375,-0.783203125,0.0,0.471435546875,0.19921875
888,377,0.5495399236679077,1.0971643924713135,-0.409340500831604,0.6220703125,0.0023555755615234375,-0.783203125,0.0,0.471435546875,0.19921875
889,378,0.5386544466018677,0.8206294178962708,-0.41582372784614563,0.61376953125,-0.005100250244140625,-0.78955078125,0.0,0.456298828125,0.1531982421875
890,376,0.49854913353919983,1.081431269645691,-0.4506872892379761,0.62255859375,0.0027828216552734375,-0.7822265625,0.0,0.45947265625,0.199462890625
891,377,0.5495399236679077,1.0971643924713135,-0.409340500831604,0.6220703125,0.0023555755615234375,-0.783203125,0.0,0.471435546875,0.19921875
892,379,0.607396125793457,0.836146354675293,-0.36567041277885437,0.61376953125,-0.005092620849609375,-0.78955078125,0.0,0.471435546875,0.1519775390625
893,378,0.5386544466018677,0.8206294178962708,-0.41582372784614563,0.61376953125,-0.005100250244140625,-0.78955078125,0.0,0.456298828125,0.1531982421875
894,380,0.6572515964508057,0.5139301419258118,-0.3208344280719757,0.62744140625,-0.0020618438720703125,-0.77880859375,0.0,0.46826171875,0.0948486328125
895,378,0.5386544466018677,0.8206294178962708,-0.41582372784614563,0.61376953125,-0.005100250244140625,-0.78955078125,0.0,0.456298828125,0.1531982421875
896,379,0.607396125793457,0.836146354675293,-0.36567041277885437,0.61376953125,-0.005092620849609375,-0.78955078125,0.0,0.471435546875,0.1519775390625
897,380,0.6572515964508057,0.5139301419258118,-0.3208344280719757,0.62744140625,-0.0020618438720703125,-0.77880859375,0.0,0.46826171875,0.0948486328125
898,381,0.5814696550369263,0.48896709084510803,-0.3838299512863159,0.62890625,-0.001659393310546875,-0.77734375,0.0,0.45068359375,0.09442138671875
899,378,0.5386544466018677,0.8206294178962708,-0.41582372784614563,0.61376953125,-0.005100250244140625,-0.78955078125,0.0,0.456298828125,0.1531982421875
900,382,0.6863840818405151,0.24179652333259583,-0.297089159488678,0.63916015625,0.0012922286987304688,-0.76904296875,0.0,0.46630859375,0.04791259765625
901,381,0.5814696550369263,0.48896709084510803,-0.3838299512863159,0.62890625,-0.001659393310546875,-0.77734375,0.0,0.45068359375,0.09442138671875
902,380,0.6572515964508057,0.5139301419258118,-0.3208344280719757,0.62744140625,-0.0020618438720703125,-0.77880859375,0.0,0.46826171875,0.0948486328125
903,382,0.6863840818405151,0.24179652333259583,-0.297089159488678,0.63916015625,0.0012922286987304688,-0.76904296875,0.0,0.46630859375,0.04791259765625
904,383,0.5993115305900574,0.21310824155807495,-0.36946699023246765,0.63916015625,0.0012941360473632812,-0.76904296875,0.0,0.446044921875,0.04510498046875
905,381,0.5814696550369263,0.48896709084510803,-0.3838299512863159,0.62890625,-0.001659393310546875,-0.77734375,0.0,0.45068359375,0.09442138671875
906,383,0.5993115305900574,0.21310824155807495,-0.36946699023246765,0.63916015625,0.0012941360473632812,-0.76904296875,0.0,0.446044921875,0.04510498046875
907,382,0.6863840818405151,0.24179652333259583,-0.297089159488678,0.63916015625,0.0012922286987304688,-0.76904296875,0.0,0.46630859375,0.04791259765625
908,384,0.7065405249595642,0.0,-0.28072434663772583,0.63916015625,0.00130462646484375,-0.76904296875,0.0,0.468994140625,0.006626129150390625
909,383,0.5993115305900574,0.21310824155807495,-0.36946699023246765,0.63916015625,0.0012941360473632812,-0.76904296875,0.0,0.446044921875,0.04510498046875
910,384,0.7065405249595642,0.0,-0.28072434663772583,0.63916015625,0.00130462646484375,-0.76904296875,0.0,0.468994140625,0.006626129150390625
911,385,0.6106829047203064,0.0,-0.3604048192501068,0.63916015625,0.00130462646484375,-0.76904296875,0.0,0.446533203125,0.005706787109375
912,386,-0.46083539724349976,0.7469614148139954,-0.994727373123169,-0.8271484375,0.05511474609375,0.5595703125,0.0,0.80517578125,0.1337890625
913,387,-0.533173680305481,1.1932411193847656,-1.1470139026641846,-0.8095703125,0.06768798828125,0.5830078125,0.0,0.82421875,0.2188720703125
914,388,-0.5943207144737244,1.4163808822631836,-1.2578543424606323,-0.826171875,0.055755615234375,0.56103515625,0.0,0.841796875,0.262451171875
915,389,-0.5157781839370728,0.7100130319595337,-1.0729851722717285,-0.82666015625,0.05535888671875,0.56005859375,0.0,0.82275390625,0.12939453125
916,386,-0.46083539724349976,0.7469614148139954,-0.994727373123169,-0.8271484375,0.05511474609375,0.5595703125,0.0,0.80517578125,0.1337890625
917,388,-0.5943207144737244,1.4163808822631836,-1.2578543424606323,-0.826171875,0.055755615234375,0.56103515625,0.0,0.841796875,0.262451171875
918,389,-0.5157781839370728,0.7100130319595337,-1.0729851722717285,-0.82666015625,0.05535888671875,0.56005859375,0.0,0.82275390625,0.12939453125
919,390,-0.4513862133026123,0.3542934060096741,-0.9425711035728455,-0.82470703125,0.053253173828125,0.5634765625,0.0,0.8046875,0.06671142578125
920,386,-0.46083539724349976,0.7469614148139954,-0.994727373123169,-0.8271484375,0.05511474609375,0.5595703125,0.0,0.80517578125,0.1337890625
921,389,-0.5157781839370728,0.7100130319595337,-1.0729851722717285,-0.82666015625,0.05535888671875,0.56005859375,0.0,0.82275390625,0.12939453125
922,391,-0.5227379202842712,0.36226266622543335,-1.0468389987945557,-0.82470703125,0.05352783203125,0.56298828125,0.0,0.82568359375,0.0709228515625
923,390,-0.4513862133026123,0.3542934060096741,-0.9425711035728455,-0.82470703125,0.053253173828125,0.5634765625,0.0,0.8046875,0.06671142578125
924,392,-0.47580501437187195,0.0,-0.9457894563674927,-0.82421875,0.0506591796875,0.564453125,0.0,0.81591796875,0.006435394287109375
925,390,-0.4513862133026123,0.3542934060096741,-0.9425711035728455,-0.82470703125,0.053253173828125,0.5634765625,0.0,0.8046875,0.06671142578125
926,391,-0.5227379202842712,0.36226266622543335,-1.0468389987945557,-0.82470703125,0.05352783203125,0.56298828125,0.0,0.82568359375,0.0709228515625
927,392,-0.47580501437187195,0.0,-0.9457894563674927,-0.82421875,0.0506591796875,0.564453125,0.0,0.81591796875,0.006435394287109375
928,391,-0.5227379202842712,0.36226266622543335,-1.0468389987945557,-0.82470703125,0.05352783203125,0.56298828125,0.0,0.82568359375,0.0709228515625
929,393,-0.5555924773216248,0.0,-1.0629054307937622,-0.82421875,0.0506591796875,0.564453125,0.0,0.84130859375,0.011444091796875
930,394,-0.9354016184806824,0.0,-0.5509427785873413,0.041839599609375,-0.04241943359375,0.998046875,0.0,0.888671875,0.8330078125
931,395,-1.0124611854553223,0.2144688218832016,-0.5385977625846863,0.041656494140625,-0.04705810546875,0.998046875,0.0,0.89404296875,0.87451171875
932,396,-1.0369439125061035,0.0,-0.546936571598053,0.041839599609375,-0.04241943359375,0.998046875,0.0,0.9072265625,0.83837890625
933,394,-0.9354016184806824,0.0,-0.5509427785873413,0.041839599609375,-0.04241943359375,0.998046875,0.0,0.888671875,0.8330078125
934,397,-0.9217319488525391,0.20505057275295258,-0.543050229549408,0.04168701171875,-0.04632568359375,0.998046875,0.0,0.87841796875,0.86962890625
935,395,-1.0124611854553223,0.2144688218832016,-0.5385977625846863,0.041656494140625,-0.04705810546875,0.998046875,0.0,0.89404296875,0.87451171875
936,398,-0.9521248936653137,0.40718045830726624,-0.5309328436851501,0.040252685546875,-0.053436279296875,0.99755859375,0.0,0.87890625,0.90576171875
937,395,-1.0124611854553223,0.2144688218832016,-0.5385977625846863,0.041656494140625,-0.04705810546875,0.998046875,0.0,0.89404296875,0.87451171875
938,397,-0.9217319488525391,0.20505057275295258,-0.543050229549408,0.04168701171875,-0.04632568359375,0.998046875,0.0,0.87841796875,0.86962890625
939,398,-0.9521248936653137,0.40718045830726624,-0.5309328436851501,0.040252685546875,-0.053436279296875,0.99755859375,0.0,0.87890625,0.90576171875
940,399,-1.0217993259429932,0.3919663429260254,-0.5290319323539734,0.040313720703125,-0.05340576171875,0.99755859375,0.0,0.890625,0.904296875
941,395,-1.0124611854553223,0.2144688218832016,-0.5385977625846863,0.041656494140625,-0.04705810546875,0.998046875,0.0,0.89404296875,0.87451171875
942,399,-1.0217993259429932,0.3919663429260254,-0.5290319323539734,0.040313720703125,-0.05340576171875,0.99755859375,0.0,0.890625,0.904296875
943,398,-0.9521248936653137,0.40718045830726624,-0.5309328436851501,0.040252685546875,-0.053436279296875,0.99755859375,0.0,0.87890625,0.90576171875
944,400,-1.1565279960632324,0.7607266306877136,-0.5036991238594055,0.035247802734375,-0.056488037109375,0.99755859375,0.0,0.90771484375,0.9677734375
945,398,-0.9521248936653137,0.40718045830726624,-0.5309328436851501,0.040252685546875,-0.053436279296875,0.99755859375,0.0,0.87890625,0.90576171875
946,401,-1.0680394172668457,0.6419118642807007,-0.5131015777587891,0.012603759765625,-0.069580078125,0.99755859375,0.0,0.89501953125,0.94677734375
947,400,-1.1565279960632324,0.7607266306877136,-0.5036991238594055,0.035247802734375,-0.056488037109375,0.99755859375,0.0,0.90771484375,0.9677734375
948,402,1.388049840927124,1.880544662475586,0.2914092242717743,-0.3876953125,-0.04852294921875,0.92041015625,0.0,0.106689453125,0.34716796875
949,403,1.2118396759033203,1.4378223419189453,0.19383125007152557,-0.3876953125,-0.04852294921875,0.92041015625,0.0,0.1322021484375,0.265869140625
950,404,1.2672232389450073,1.4303258657455444,0.21676956117153168,-0.3876953125,-0.04852294921875,0.92041015625,0.0,0.12164306640625,0.265625
951,405,1.2357932329177856,1.1847972869873047,0.1905796378850937,-0.3876953125,-0.04852294921875,0.92041015625,0.0,0.123291015625,0.2220458984375
952,404,1.2672232389450073,1.4303258657455444,0.21676956117153168,-0.3876953125,-0.04852294921875,0.92041015625,0.0,0.12164306640625,0.265625
953,403,1.2118396759033203,1.4378223419189453,0.19383125007152557,-0.3876953125,-0.04852294921875,0.92041015625,0.0,0.1322021484375,0.265869140625
954,405,1.2357932329177856,1.1847972869873047,0.1905796378850937,-0.3876953125,-0.04852294921875,0.92041015625,0.0,0.123291015625,0.2220458984375
955,403,1.2118396759033203,1.4378223419189453,0.19383125007152557,-0.3876953125,-0.04852294921875,0.92041015625,0.0,0.1322021484375,0.265869140625
956,406,1.1644600629806519,1.1944506168365479,0.1610422432422638,-0.3876953125,-0.04852294921875,0.92041015625,0.0,0.136962890625,0.22216796875
957,406,1.1644600629806519,1.1944506168365479,0.1610422432422638,-0.3876953125,-0.04852294921875,0.92041015625,0.0,0.136962890625,0.22216796875
958,407,1.2021141052246094,0.8878614902496338,0.16073928773403168,-0.3876953125,-0.04852294921875,0.92041015625,0.0,0.12445068359375,0.16943359375
959,405,1.2357932329177856,1.1847972869873047,0.1905796378850937,-0.3876953125,-0.04852294921875,0.92041015625,0.0,0.123291015625,0.2220458984375
960,406,1.1644600629806519,1.1944506168365479,0.1610422432422638,-0.3876953125,-0.04852294921875,0.92041015625,0.0,0.136962890625,0.22216796875
961,408,1.1253286600112915,0.8982505798339844,0.12893764674663544,-0.3876953125,-0.04852294921875,0.92041015625,0.0,0.13916015625,0.16943359375
962,407,1.2021141052246094,0.8878614902496338,0.16073928773403168,-0.3876953125,-0.04852294921875,0.92041015625,0.0,0.12445068359375,0.16943359375
963,409,1.0782232284545898,0.530343770980835,0.08969181030988693,-0.3876953125,-0.04852294921875,0.92041015625,0.0,0.1416015625,0.1041259765625
964,407,1.2021141052246094,0.8878614902496338,0.16073928773403168,-0.3876953125,-0.04852294921875,0.92041015625,0.0,0.12445068359375,0.16943359375
965,408,1.1253286600112915,0.8982505798339844,0.12893764674663544,-0.3876953125,-0.04852294921875,0.92041015625,0.0,0.13916015625,0.16943359375
966,409,1.0782232284545898,0.530343770980835,0.08969181030988693,-0.3876953125,-0.04852294921875,0.92041015625,0.0,0.1416015625,0.1041259765625
967,410,1.1896095275878906,0.5152730345726013,0.1358259618282318,-0.3876953125,-0.04852294921875,0.92041015625,0.0,0.12030029296875,0.10406494140625
968,407,1.2021141052246094,0.8878614902496338,0.16073928773403168,-0.3876953125,-0.04852294921875,0.92041015625,0.0,0.12445068359375,0.16943359375
969,411,1.0682164430618286,0.2239893525838852,0.06932540982961655,-0.3876953125,-0.04852294921875,0.92041015625,0.0,0.1380615234375,0.05035400390625
970,410,1.1896095275878906,0.5152730345726013,0.1358259618282318,-0.3876953125,-0.04852294921875,0.92041015625,0.0,0.12030029296875,0.10406494140625
971,409,1.0782232284545898,0.530343770980835,0.08969181030988693,-0.3876953125,-0.04852294921875,0.92041015625,0.0,0.1416015625,0.1041259765625
972,411,1.0682164430618286,0.2239893525838852,0.06932540982961655,-0.3876953125,-0.04852294921875,0.92041015625,0.0,0.1380615234375,0.05035400390625
973,412,1.1962136030197144,0.20667427778244019,0.12233626842498779,-0.3876953125,-0.04852294921875,0.92041015625,0.0,0.1136474609375,0.050262451171875
974,410,1.1896095275878906,0.5152730345726013,0.1358259618282318,-0.3876953125,-0.04852294921875,0.92041015625,0.0,0.12030029296875,0.10406494140625
975,412,1.1962136030197144,0.20667427778244019,0.12233626842498779,-0.3876953125,-0.04852294921875,0.92041015625,0.0,0.1136474609375,0.050262451171875
976,411,1.0682164430618286,0.2239893525838852,0.06932540982961655,-0.3876953125,-0.04852294921875,0.92041015625,0.0,0.1380615234375,0.05035400390625
977,413,1.0663478374481201,0.0,0.05672619864344597,-0.3876953125,-0.048553466796875,0.92041015625,0.0,0.134521484375,0.01117706298828125
978,412,1.1962136030197144,0.20667427778244019,0.12233626842498779,-0.3876953125,-0.04852294921875,0.92041015625,0.0,0.1136474609375,0.050262451171875
979,413,1.0663478374481201,0.0,0.05672619864344597,-0.3876953125,-0.048553466796875,0.92041015625,0.0,0.134521484375,0.01117706298828125
980,414,1.2046860456466675,0.0,0.11500709503889084,-0.3876953125,-0.048553466796875,0.92041015625,0.0,0.1083984375,0.01434326171875
981,415,1.0120394229888916,1.105094313621521,0.6129763722419739,0.94580078125,0.07684326171875,-0.31494140625,0.0,0.496337890625,0.494384765625
982,416,1.067724585533142,0.8184310793876648,0.7102700471878052,0.9365234375,0.0853271484375,-0.340087890625,0.0,0.51513671875,0.44384765625
983,417,1.05405592918396,0.8199948072433472,0.6695941686630249,0.93896484375,0.08331298828125,-0.334228515625,0.0,0.5078125,0.444091796875
984,418,1.0695117712020874,0.6678385734558105,0.6768227815628052,0.92041015625,0.0789794921875,-0.38232421875,0.0,0.509765625,0.41748046875
985,417,1.05405592918396,0.8199948072433472,0.6695941686630249,0.93896484375,0.08331298828125,-0.334228515625,0.0,0.5078125,0.444091796875
986,416,1.067724585533142,0.8184310793876648,0.7102700471878052,0.9365234375,0.0853271484375,-0.340087890625,0.0,0.51513671875,0.44384765625
987,418,1.0695117712020874,0.6678385734558105,0.6768227815628052,0.92041015625,0.0789794921875,-0.38232421875,0.0,0.509765625,0.41748046875
988,416,1.067724585533142,0.8184310793876648,0.7102700471878052,0.9365234375,0.0853271484375,-0.340087890625,0.0,0.51513671875,0.44384765625
989,419,1.0951058864593506,0.6626187562942505,0.7384200692176819,0.91845703125,0.07696533203125,-0.38818359375,0.0,0.521484375,0.416259765625
990,420,1.0810328722000122,0.48674115538597107,0.6754052639007568,0.91455078125,0.07012939453125,-0.397705078125,0.0,0.509765625,0.385498046875
991,418,1.0695117712020874,0.6678385734558105,0.6768227815628052,0.92041015625,0.0789794921875,-0.38232421875,0.0,0.509765625,0.41748046875
992,419,1.0951058864593506,0.6626187562942505,0.7384200692176819,0.91845703125,0.07696533203125,-0.38818359375,0.0,0.521484375,0.416259765625
993,420,1.0810328722000122,0.48674115538597107,0.6754052639007568,0.91455078125,0.07012939453125,-0.397705078125,0.0,0.509765625,0.385498046875
994,419,1.0951058864593506,0.6626187562942505,0.7384200692176819,0.91845703125,0.07696533203125,-0.38818359375,0.0,0.521484375,0.416259765625
995,421,1.1180166006088257,0.47733625769615173,0.7525836825370789,0.9150390625,0.06988525390625,-0.39697265625,0.0,0.52490234375,0.3837890625
996,421,1.1180166006088257,0.47733625769615173,0.7525836825370789,0.9150390625,0.06988525390625,-0.39697265625,0.0,0.52490234375,0.3837890625
997,422,1.0943384170532227,0.26024743914604187,0.6593115925788879,0.92236328125,0.06964111328125,-0.380126953125,0.0,0.5078125,0.345703125
998,420,1.0810328722000122,0.48674115538597107,0.6754052639007568,0.91455078125,0.07012939453125,-0.397705078125,0.0,0.509765625,0.385498046875
999,421,1.1180166006088257,0.47733625769615173,0.7525836825370789,0.9150390625,0.06988525390625,-0.39697265625,0.0,0.52490234375,0.3837890625
1000,423,1.131676435470581,0.2531466484069824,0.752476155757904,0.92236328125,0.06964111328125,-0.3798828125,0.0,0.525390625,0.34423828125
1001,422,1.0943384170532227,0.26024743914604187,0.6593115925788879,0.92236328125,0.06964111328125,-0.380126953125,0.0,0.5078125,0.345703125
1002,424,1.1385200023651123,0.06856322288513184,0.7343940734863281,0.927734375,0.07025146484375,-0.366455078125,0.0,0.5224609375,0.31201171875
1003,422,1.0943384170532227,0.26024743914604187,0.6593115925788879,0.92236328125,0.06964111328125,-0.380126953125,0.0,0.5078125,0.345703125
1004,423,1.131676435470581,0.2531466484069824,0.752476155757904,0.92236328125,0.06964111328125,-0.3798828125,0.0,0.525390625,0.34423828125
1005,424,1.1385200023651123,0.06856322288513184,0.7343940734863281,0.927734375,0.07025146484375,-0.366455078125,0.0,0.5224609375,0.31201171875
1006,425,1.0956099033355713,0.07672178000211716,0.6273480653762817,0.927734375,0.07025146484375,-0.366455078125,0.0,0.501953125,0.3134765625
1007,422,1.0943384170532227,0.26024743914604187,0.6593115925788879,0.92236328125,0.06964111328125,-0.380126953125,0.0,0.5078125,0.345703125
1008,425,1.0956099033355713,0.07672178000211716,0.6273480653762817,0.927734375,0.07025146484375,-0.366455078125,0.0,0.501953125,0.3134765625
1009,424,1.1385200023651123,0.06856322288513184,0.7343940734863281,0.927734375,0.07025146484375,-0.366455078125,0.0,0.5224609375,0.31201171875
1010,426,1.1401399374008179,0.0,0.7253504991531372,0.927734375,0.07025146484375,-0.366455078125,0.0,0.52099609375,0.2998046875
1011,425,1.0956099033355713,0.07672178000211716,0.6273480653762817,0.927734375,0.07025146484375,-0.366455078125,0.0,0.501953125,0.3134765625
1012,426,1.1401399374008179,0.0,0.7253504991531372,0.927734375,0.07025146484375,-0.366455078125,0.0,0.52099609375,0.2998046875
1013,427,1.0952891111373901,0.0,0.6118250489234924,0.927734375,0.07025146484375,-0.366455078125,0.0,0.49951171875,0.300048828125
1014,428,-0.539727509021759,0.0,-0.14944709837436676,0.92724609375,-0.09967041015625,0.360595703125,0.0,0.6162109375,0.271728515625
1015,429,-0.552158772945404,0.2948860228061676,-0.03599834442138672,0.9267578125,-0.10748291015625,0.3603515625,0.0,0.625,0.3251953125
1016,430,-0.5843847393989563,0.0,-0.03441670909523964,0.92724609375,-0.09967041015625,0.360595703125,0.0,0.63818359375,0.276611328125
1017,428,-0.539727509021759,0.0,-0.14944709837436676,0.92724609375,-0.09967041015625,0.360595703125,0.0,0.6162109375,0.271728515625
1018,431,-0.512962281703949,0.2912636697292328,-0.1375969648361206,0.9267578125,-0.1064453125,0.3603515625,0.0,0.60693359375,0.321044921875
1019,429,-0.552158772945404,0.2948860228061676,-0.03599834442138672,0.9267578125,-0.10748291015625,0.3603515625,0.0,0.625,0.3251953125
1020,431,-0.512962281703949,0.2912636697292328,-0.1375969648361206,0.9267578125,-0.1064453125,0.3603515625,0.0,0.60693359375,0.321044921875
1021,432,-0.5328641533851624,0.5767087340354919,0.00555574381724,0.92626953125,-0.11529541015625,0.359375,0.0,0.6220703125,0.373046875
1022,429,-0.552158772945404,0.2948860228061676,-0.03599834442138672,0.9267578125,-0.10748291015625,0.3603515625,0.0,0.625,0.3251953125
1023,431,-0.512962281703949,0.2912636697292328,-0.1375969648361206,0.9267578125,-0.1064453125,0.3603515625,0.0,0.60693359375,0.321044921875
1024,433,-0.500194251537323,0.6093102693557739,-0.06840074062347412,0.92626953125,-0.11517333984375,0.359375,0.0,0.60693359375,0.3759765625
1025,432,-0.5328641533851624,0.5767087340354919,0.00555574381724,0.92626953125,-0.11529541015625,0.359375,0.0,0.6220703125,0.373046875
1026,432,-0.5328641533851624,0.5767087340354919,0.00555574381724,0.92626953125,-0.11529541015625,0.359375,0.0,0.6220703125,0.373046875
1027,433,-0.500194251537323,0.6093102693557739,-0.06840074062347412,0.92626953125,-0.11517333984375,0.359375,0.0,0.60693359375,0.3759765625
1028,434,-0.5452804565429688,1.1461498737335205,0.21917571127414703,0.92578125,-0.11505126953125,0.35986328125,0.0,0.638671875,0.483154296875
1029,433,-0.500194251537323,0.6093102693557739,-0.06840074062347412,0.92626953125,-0.11517333984375,0.359375,0.0,0.60693359375,0.3759765625
1030,435,-0.5213404893875122,0.9679278135299683,0.10112317651510239,0.9228515625,-0.118896484375,0.36669921875,0.0,0.62353515625,0.44677734375
1031,434,-0.5452804565429688,1.1461498737335205,0.21917571127414703,0.92578125,-0.11505126953125,0.35986328125,0.0,0.638671875,0.483154296875
1032,436,0.9424300193786621,1.0072500705718994,0.7926256656646729,-0.8642578125,-0.02728271484375,-0.50244140625,0.0,0.85498046875,0.68408203125
1033,437,1.0130306482315063,0.7418540120124817,0.6855593919754028,-0.8642578125,-0.0272979736328125,-0.50244140625,0.0,0.87451171875,0.63623046875
1034,438,0.9811791181564331,0.7362294793128967,0.7406713962554932,-0.8642578125,-0.0272979736328125,-0.50244140625,0.0,0.86376953125,0.6357421875
1035,439,0.9981226325035095,0.4781227111816406,0.7255497574806213,-0.8642578125,-0.0272979736328125,-0.50244140625,0.0,0.86474609375,0.59033203125
1036,438,0.9811791181564331,0.7362294793128967,0.7406713962554932,-0.8642578125,-0.0272979736328125,-0.50244140625,0.0,0.86376953125,0.6357421875
1037,437,1.0130306482315063,0.7418540120124817,0.6855593919754028,-0.8642578125,-0.0272979736328125,-0.50244140625,0.0,0.87451171875,0.63623046875
1038,439,0.9981226325035095,0.4781227111816406,0.7255497574806213,-0.8642578125,-0.0272979736328125,-0.50244140625,0.0,0.86474609375,0.59033203125
1039,437,1.0130306482315063,0.7418540120124817,0.6855593919754028,-0.8642578125,-0.0272979736328125,-0.50244140625,0.0,0.87451171875,0.63623046875
1040,440,1.0444107055664062,0.48630422353744507,0.645454466342926,-0.8642578125,-0.0272979736328125,-0.50244140625,0.0,0.880859375,0.5908203125
1041,439,0.9981226325035095,0.4781227111816406,0.7255497574806213,-0.8642578125,-0.0272979736328125,-0.50244140625,0.0,0.86474609375,0.59033203125
1042,440,1.0444107055664062,0.48630422353744507,0.645454466342926,-0.8642578125,-0.0272979736328125,-0.50244140625,0.0,0.880859375,0.5908203125
1043,441,1.0572905540466309,0.2985382676124573,0.6334880590438843,-0.8642578125,-0.02734375,-0.50244140625,0.0,0.8818359375,0.5576171875
1044,439,0.9981226325035095,0.4781227111816406,0.7255497574806213,-0.8642578125,-0.0272979736328125,-0.50244140625,0.0,0.86474609375,0.59033203125
1045,441,1.0572905540466309,0.2985382676124573,0.6334880590438843,-0.8642578125,-0.02734375,-0.50244140625,0.0,0.8818359375,0.5576171875
1046,442,1.0048989057540894,0.28928062319755554,0.7241492867469788,-0.8642578125,-0.02734375,-0.50244140625,0.0,0.86328125,0.55712890625
1047,442,1.0048989057540894,0.28928062319755554,0.7241492867469788,-0.8642578125,-0.02734375,-0.50244140625,0.0,0.86328125,0.55712890625
1048,441,1.0572905540466309,0.2985382676124573,0.6334880590438843,-0.8642578125,-0.02734375,-0.50244140625,0.0,0.8818359375,0.5576171875
1049,443,1.060983419418335,0.17700183391571045,0.6337926387786865,-0.8642578125,-0.0273284912109375,-0.50244140625,0.0,0.880859375,0.53662109375
1050,442,1.0048989057540894,0.28928062319755554,0.7241492867469788,-0.8642578125,-0.02734375,-0.50244140625,0.0,0.86328125,0.55712890625
1051,443,1.060983419418335,0.17700183391571045,0.6337926387786865,-0.8642578125,-0.0273284912109375,-0.50244140625,0.0,0.880859375,0.53662109375
1052,444,1.0066078901290894,0.16730725765228271,0.7278478741645813,-0.8642578125,-0.027313232421875,-0.50244140625,0.0,0.86181640625,0.53564453125
1053,444,1.0066078901290894,0.16730725765228271,0.7278478741645813,-0.8642578125,-0.027313232421875,-0.50244140625,0.0,0.86181640625,0.53564453125
1054,443,1.060983419418335,0.17700183391571045,0.6337926387786865,-0.8642578125,-0.0273284912109375,-0.50244140625,0.0,0.880859375,0.53662109375
1055,445,1.060472846031189,0.07630325853824615,0.6401012539863586,-0.86474609375,-0.02642822265625,-0.501953125,0.0,0.87890625,0.51904296875
1056,444,1.0066078901290894,0.16730725765228271,0.7278478741645813,-0.8642578125,-0.027313232421875,-0.50244140625,0.0,0.86181640625,0.53564453125
1057,445,1.060472846031189,0.07630325853824615,0.6401012539863586,-0.86474609375,-0.02642822265625,-0.501953125,0.0,0.87890625,0.51904296875
1058,446,1.0038737058639526,0.06629594415426254,0.7380415201187134,-0.86474609375,-0.0261383056640625,-0.501953125,0.0,0.85888671875,0.51806640625
1059,446,1.0038737058639526,0.06629594415426254,0.7380415201187134,-0.86474609375,-0.0261383056640625,-0.501953125,0.0,0.85888671875,0.51806640625
1060,445,1.060472846031189,0.07630325853824615,0.6401012539863586,-0.86474609375,-0.02642822265625,-0.501953125,0.0,0.87890625,0.51904296875
1061,447,1.0553576946258545,0.0,0.6524719595909119,-0.865234375,-0.0250244140625,-0.5009765625,0.0,0.87548828125,0.505859375
1062,446,1.0038737058639526,0.06629594415426254,0.7380415201187134,-0.86474609375,-0.0261383056640625,-0.501953125,0.0,0.85888671875,0.51806640625
1063,447,1.0553576946258545,0.0,0.6524719595909119,-0.865234375,-0.0250244140625,-0.5009765625,0.0,0.87548828125,0.505859375
1064,448,0.9995724558830261,0.0,0.7490474581718445,-0.865234375,-0.0250244140625,-0.5009765625,0.0,0.85595703125,0.5068359375
1065,449,0.09524904191493988,0.6549525260925293,-0.21146510541439056,-0.9296875,0.07965087890625,0.35986328125,0.0,0.9150390625,0.11944580078125
1066,450,0.07507771253585815,1.140354037284851,-0.37036025524139404,-0.93505859375,0.07452392578125,0.346435546875,0.0,0.9326171875,0.2073974609375
1067,451,0.05292489752173424,1.360595703125,-0.47754913568496704,-0.93115234375,0.07855224609375,0.3564453125,0.0,0.94677734375,0.248046875
1068,452,0.06158215552568436,0.6600239276885986,-0.299874871969223,-0.9296875,0.07958984375,0.359619140625,0.0,0.931640625,0.12225341796875
1069,449,0.09524904191493988,0.6549525260925293,-0.21146510541439056,-0.9296875,0.07965087890625,0.35986328125,0.0,0.9150390625,0.11944580078125
1070,451,0.05292489752173424,1.360595703125,-0.47754913568496704,-0.93115234375,0.07855224609375,0.3564453125,0.0,0.94677734375,0.248046875
1071,449,0.09524904191493988,0.6549525260925293,-0.21146510541439056,-0.9296875,0.07965087890625,0.35986328125,0.0,0.9150390625,0.11944580078125
1072,452,0.06158215552568436,0.6600239276885986,-0.299874871969223,-0.9296875,0.07958984375,0.359619140625,0.0,0.931640625,0.12225341796875
1073,453,0.041310787200927734,0.3144470155239105,-0.2750994861125946,-0.92919921875,0.07855224609375,0.36083984375,0.0,0.935546875,0.0615234375
1074,449,0.09524904191493988,0.6549525260925293,-0.21146510541439056,-0.9296875,0.07965087890625,0.35986328125,0.0,0.9150390625,0.11944580078125
1075,453,0.041310787200927734,0.3144470155239105,-0.2750994861125946,-0.92919921875,0.07855224609375,0.36083984375,0.0,0.935546875,0.0615234375
1076,454,0.0803244560956955,0.30792665481567383,-0.17379721999168396,-0.92919921875,0.07843017578125,0.36083984375,0.0,0.9169921875,0.0582275390625
1077,455,0.05316060781478882,0.0,-0.17728620767593384,-0.92919921875,0.0772705078125,0.361083984375,0.0,0.92529296875,0.00466156005859375
1078,454,0.0803244560956955,0.30792665481567383,-0.17379721999168396,-0.92919921875,0.07843017578125,0.36083984375,0.0,0.9169921875,0.0582275390625
1079,453,0.041310787200927734,0.3144470155239105,-0.2750994861125946,-0.92919921875,0.07855224609375,0.36083984375,0.0,0.935546875,0.0615234375
1080,455,0.05316060781478882,0.0,-0.17728620767593384,-0.92919921875,0.0772705078125,0.361083984375,0.0,0.92529296875,0.00466156005859375
1081,453,0.041310787200927734,0.3144470155239105,-0.2750994861125946,-0.92919921875,0.07855224609375,0.36083984375,0.0,0.935546875,0.0615234375
1082,456,0.009284327737987041,0.0,-0.2907606065273285,-0.92919921875,0.0772705078125,0.361083984375,0.0,0.94677734375,0.0070953369140625
1083,457,1.333748698234558,0.8788092136383057,1.2798895835876465,-0.91943359375,-0.05401611328125,0.39013671875,0.0,0.9521484375,0.7685546875
1084,458,1.2822617292404175,0.688717782497406,1.1322362422943115,-0.90771484375,-0.049560546875,0.416748046875,0.0,0.97119140625,0.72998046875
1085,459,1.2992117404937744,0.6769351959228516,1.170546293258667,-0.91015625,-0.050506591796875,0.4111328125,0.0,0.9638671875,0.7294921875
1086,460,1.289640188217163,0.5618005394935608,1.1337045431137085,-0.88818359375,-0.06732177734375,0.45458984375,0.0,0.96533203125,0.70849609375
1087,459,1.2992117404937744,0.6769351959228516,1.170546293258667,-0.91015625,-0.050506591796875,0.4111328125,0.0,0.9638671875,0.7294921875
1088,458,1.2822617292404175,0.688717782497406,1.1322362422943115,-0.90771484375,-0.049560546875,0.416748046875,0.0,0.97119140625,0.72998046875
1089,460,1.289640188217163,0.5618005394935608,1.1337045431137085,-0.88818359375,-0.06732177734375,0.45458984375,0.0,0.96533203125,0.70849609375
1090,458,1.2822617292404175,0.688717782497406,1.1322362422943115,-0.90771484375,-0.049560546875,0.416748046875,0.0,0.97119140625,0.72998046875
1091,461,1.2592190504074097,0.5770736336708069,1.0754482746124268,-0.88623046875,-0.0697021484375,0.45751953125,0.0,0.9775390625,0.70849609375
1092,462,1.2859429121017456,0.42184993624687195,1.0989774465560913,-0.88232421875,-0.08050537109375,0.464111328125,0.0,0.9658203125,0.68310546875
1093,460,1.289640188217163,0.5618005394935608,1.1337045431137085,-0.88818359375,-0.06732177734375,0.45458984375,0.0,0.96533203125,0.70849609375
1094,461,1.2592190504074097,0.5770736336708069,1.0754482746124268,-0.88623046875,-0.0697021484375,0.45751953125,0.0,0.9775390625,0.70849609375
1095,462,1.2859429121017456,0.42184993624687195,1.0989774465560913,-0.88232421875,-0.08050537109375,0.464111328125,0.0,0.9658203125,0.68310546875
1096,461,1.2592190504074097,0.5770736336708069,1.0754482746124268,-0.88623046875,-0.0697021484375,0.45751953125,0.0,0.9775390625,0.70849609375
1097,463,1.2430534362792969,0.43840157985687256,1.0257357358932495,-0.88232421875,-0.08050537109375,0.4638671875,0.0,0.98095703125,0.6826171875
1098,462,1.2859429121017456,0.42184993624687195,1.0989774465560913,-0.88232421875,-0.08050537109375,0.464111328125,0.0,0.9658203125,0.68310546875
1099,463,1.2430534362792969,0.43840157985687256,1.0257357358932495,-0.88232421875,-0.08050537109375,0.4638671875,0.0,0.98095703125,0.6826171875
1100,464,1.2389272451400757,0.2657661437988281,0.9811325669288635,-0.890625,-0.077392578125,0.448486328125,0.0,0.9814453125,0.6513671875
1101,462,1.2859429121017456,0.42184993624687195,1.0989774465560913,-0.88232421875,-0.08050537109375,0.464111328125,0.0,0.9658203125,0.68310546875
1102,464,1.2389272451400757,0.2657661437988281,0.9811325669288635,-0.890625,-0.077392578125,0.448486328125,0.0,0.9814453125,0.6513671875
1103,465,1.2836068868637085,0.2419573962688446,1.069169044494629,-0.89111328125,-0.076904296875,0.44677734375,0.0,0.96337890625,0.6513671875
1104,466,1.2414246797561646,0.11776277422904968,0.9613097906112671,-0.89697265625,-0.07342529296875,0.435546875,0.0,0.978515625,0.62548828125
1105,465,1.2836068868637085,0.2419573962688446,1.069169044494629,-0.89111328125,-0.076904296875,0.44677734375,0.0,0.96337890625,0.6513671875
1106,464,1.2389272451400757,0.2657661437988281,0.9811325669288635,-0.890625,-0.077392578125,0.448486328125,0.0,0.9814453125,0.6513671875
1107,466,1.2414246797561646,0.11776277422904968,0.9613097906112671,-0.89697265625,-0.07342529296875,0.435546875,0.0,0.978515625,0.62548828125
1108,467,1.2927651405334473,0.09040362387895584,1.062471866607666,-0.89697265625,-0.07342529296875,0.435546875,0.0,0.9580078125,0.625
1109,465,1.2836068868637085,0.2419573962688446,1.069169044494629,-0.89111328125,-0.076904296875,0.44677734375,0.0,0.96337890625,0.6513671875
1110,467,1.2927651405334473,0.09040362387895584,1.062471866607666,-0.89697265625,-0.07342529296875,0.435546875,0.0,0.9580078125,0.625
1111,466,1.2414246797561646,0.11776277422904968,0.9613097906112671,-0.89697265625,-0.07342529296875,0.435546875,0.0,0.978515625,0.62548828125
1112,468,1.2457362413406372,0.0,0.9503355026245117,-0.89697265625,-0.07342529296875,0.435546875,0.0,0.97509765625,0.60498046875
1113,467,1.2927651405334473,0.09040362387895584,1.062471866607666,-0.89697265625,-0.07342529296875,0.435546875,0.0,0.9580078125,0.625
1114,468,1.2457362413406372,0.0,0.9503355026245117,-0.89697265625,-0.07342529296875,0.435546875,0.0,0.97509765625,0.60498046875
1115,469,1.2996248006820679,0.0,1.0613582134246826,-0.89697265625,-0.07342529296875,0.435546875,0.0,0.9541015625,0.60986328125
1116,470,-0.5865737199783325,0.21446877717971802,-0.007137317676097155,0.90380859375,0.047607421875,-0.42529296875,0.0,0.09722900390625,0.51953125
1117,471,-0.5480017066001892,0.0,0.05113549903035164,0.90380859375,0.046966552734375,-0.425537109375,0.0,0.12109375,0.488037109375
1118,472,-0.5918309092521667,0.0,-0.04197206348180771,0.90380859375,0.046966552734375,-0.425537109375,0.0,0.10406494140625,0.48193359375
1119,470,-0.5865737199783325,0.21446877717971802,-0.007137317676097155,0.90380859375,0.047607421875,-0.42529296875,0.0,0.09722900390625,0.51953125
1120,473,-0.5473207235336304,0.2079484760761261,0.07553686201572418,0.90380859375,0.0477294921875,-0.42529296875,0.0,0.11279296875,0.52392578125
1121,471,-0.5480017066001892,0.0,0.05113549903035164,0.90380859375,0.046966552734375,-0.425537109375,0.0,0.12109375,0.488037109375
1122,474,-0.5586538910865784,0.48687314987182617,0.08318226039409637,0.90380859375,0.0477294921875,-0.42529296875,0.0,0.09698486328125,0.5703125
1123,473,-0.5473207235336304,0.2079484760761261,0.07553686201572418,0.90380859375,0.0477294921875,-0.42529296875,0.0,0.11279296875,0.52392578125
1124,470,-0.5865737199783325,0.21446877717971802,-0.007137317676097155,0.90380859375,0.047607421875,-0.42529296875,0.0,0.09722900390625,0.51953125
1125,474,-0.5586538910865784,0.48687314987182617,0.08318226039409637,0.90380859375,0.0477294921875,-0.42529296875,0.0,0.09698486328125,0.5703125
1126,475,-0.5305432677268982,0.4513736665248871,0.13894203305244446,0.90380859375,0.047821044921875,-0.42529296875,0.0,0.109375,0.56787109375
1127,473,-0.5473207235336304,0.2079484760761261,0.07553686201572418,0.90380859375,0.0477294921875,-0.42529296875,0.0,0.11279296875,0.52392578125
1128,475,-0.5305432677268982,0.4513736665248871,0.13894203305244446,0.90380859375,0.047821044921875,-0.42529296875,0.0,0.109375,0.56787109375
1129,474,-0.5586538910865784,0.48687314987182617,0.08318226039409637,0.90380859375,0.0477294921875,-0.42529296875,0.0,0.09698486328125,0.5703125
1130,476,-0.44673800468444824,0.932428240776062,0.3701099753379822,0.904296875,0.04638671875,-0.4248046875,0.0,0.1220703125,0.66162109375
1131,474,-0.5586538910865784,0.48687314987182617,0.08318226039409637,0.90380859375,0.0477294921875,-0.42529296875,0.0,0.09698486328125,0.5703125
1132,477,-0.49263498187065125,0.7868077754974365,0.25620773434638977,0.90673828125,0.042633056640625,-0.419921875,0.0,0.1102294921875,0.63037109375
1133,476,-0.44673800468444824,0.932428240776062,0.3701099753379822,0.904296875,0.04638671875,-0.4248046875,0.0,0.1220703125,0.66162109375
1134,478,0.6138057708740234,0.293348103761673,1.1517181396484375,0.9189453125,0.0833740234375,0.3857421875,0.0,0.67919921875,0.0625
1135,479,0.5955708622932434,0.0,1.2581863403320312,0.91845703125,0.08331298828125,0.386962890625,0.0,0.7119140625,0.0184173583984375
1136,480,0.6510815024375916,0.0,1.1283252239227295,0.91845703125,0.08331298828125,0.386962890625,0.0,0.68798828125,0.01123809814453125
1137,478,0.6138057708740234,0.293348103761673,1.1517181396484375,0.9189453125,0.0833740234375,0.3857421875,0.0,0.67919921875,0.0625
1138,481,0.5656308531761169,0.28653591871261597,1.2694776058197021,0.9189453125,0.0833740234375,0.3857421875,0.0,0.701171875,0.06781005859375
1139,479,0.5955708622932434,0.0,1.2581863403320312,0.91845703125,0.08331298828125,0.386962890625,0.0,0.7119140625,0.0184173583984375
1140,478,0.6138057708740234,0.293348103761673,1.1517181396484375,0.9189453125,0.0833740234375,0.3857421875,0.0,0.67919921875,0.0625
1141,482,0.5070522427558899,0.6430418491363525,1.3310235738754272,0.91845703125,0.0830078125,0.386474609375,0.0,0.6962890625,0.1318359375
1142,481,0.5656308531761169,0.28653591871261597,1.2694776058197021,0.9189453125,0.0833740234375,0.3857421875,0.0,0.701171875,0.06781005859375
1143,478,0.6138057708740234,0.293348103761673,1.1517181396484375,0.9189453125,0.0833740234375,0.3857421875,0.0,0.67919921875,0.0625
1144,483,0.5380831956863403,0.6929981708526611,1.2471952438354492,0.91845703125,0.08294677734375,0.38671875,0.0,0.6787109375,0.1357421875
1145,482,0.5070522427558899,0.6430418491363525,1.3310235738754272,0.91845703125,0.0830078125,0.386474609375,0.0,0.6962890625,0.1318359375
1146,482,0.5070522427558899,0.6430418491363525,1.3310235738754272,0.91845703125,0.0830078125,0.386474609375,0.0,0.6962890625,0.1318359375
1147,483,0.5380831956863403,0.6929981708526611,1.2471952438354492,0.91845703125,0.08294677734375,0.38671875,0.0,0.6787109375,0.1357421875
1148,484,0.32877805829048157,1.3492414951324463,1.6019245386123657,0.91748046875,0.08203125,0.3896484375,0.0,0.7138671875,0.26708984375
1149,483,0.5380831956863403,0.6929981708526611,1.2471952438354492,0.91845703125,0.08294677734375,0.38671875,0.0,0.6787109375,0.1357421875
1150,485,0.40910303592681885,1.1335210800170898,1.4585131406784058,0.916015625,0.07928466796875,0.3935546875,0.0,0.697265625,0.222412109375
1151,484,0.32877805829048157,1.3492414951324463,1.6019245386123657,0.91748046875,0.08203125,0.3896484375,0.0,0.7138671875,0.26708984375
1152,486,0.991379976272583,1.9008169174194336,0.23323790729045868,-0.787109375,-0.04852294921875,-0.61474609375,0.0,0.1881103515625,0.348388671875
1153,487,1.1316040754318237,1.458099126815796,0.08863922208547592,-0.787109375,-0.04852294921875,-0.61474609375,0.0,0.213623046875,0.26708984375
1154,488,1.0949910879135132,1.4506028890609741,0.13610737025737762,-0.787109375,-0.04852294921875,-0.61474609375,0.0,0.203125,0.26708984375
1155,489,1.1284842491149902,1.2050694227218628,0.11260810494422913,-0.787109375,-0.04852294921875,-0.61474609375,0.0,0.2047119140625,0.223388671875
1156,488,1.0949910879135132,1.4506028890609741,0.13610737025737762,-0.787109375,-0.04852294921875,-0.61474609375,0.0,0.203125,0.26708984375
1157,487,1.1316040754318237,1.458099126815796,0.08863922208547592,-0.787109375,-0.04852294921875,-0.61474609375,0.0,0.213623046875,0.26708984375
1158,489,1.1284842491149902,1.2050694227218628,0.11260810494422913,-0.787109375,-0.04852294921875,-0.61474609375,0.0,0.2047119140625,0.223388671875
1159,487,1.1316040754318237,1.458099126815796,0.08863922208547592,-0.787109375,-0.04852294921875,-0.61474609375,0.0,0.213623046875,0.26708984375
1160,490,1.1756305694580078,1.2147225141525269,0.051467131823301315,-0.787109375,-0.04852294921875,-0.61474609375,0.0,0.2183837890625,0.2235107421875
1161,490,1.1756305694580078,1.2147225141525269,0.051467131823301315,-0.787109375,-0.04852294921875,-0.61474609375,0.0,0.2183837890625,0.2235107421875
1162,491,1.1660853624343872,0.9081383347511292,0.08789600431919098,-0.787109375,-0.048553466796875,-0.61474609375,0.0,0.2059326171875,0.1707763671875
1163,489,1.1284842491149902,1.2050694227218628,0.11260810494422913,-0.787109375,-0.04852294921875,-0.61474609375,0.0,0.2047119140625,0.223388671875
1164,490,1.1756305694580078,1.2147225141525269,0.051467131823301315,-0.787109375,-0.04852294921875,-0.61474609375,0.0,0.2183837890625,0.2235107421875
1165,492,1.2168443202972412,0.9185227155685425,0.022081907838582993,-0.787109375,-0.048553466796875,-0.61474609375,0.0,0.2205810546875,0.1707763671875
1166,491,1.1660853624343872,0.9081383347511292,0.08789600431919098,-0.787109375,-0.048553466796875,-0.61474609375,0.0,0.2059326171875,0.1707763671875
1167,493,1.2670317888259888,0.5506206154823303,-0.013136940076947212,-0.787109375,-0.04852294921875,-0.61474609375,0.0,0.2230224609375,0.10546875
1168,491,1.1660853624343872,0.9081383347511292,0.08789600431919098,-0.787109375,-0.048553466796875,-0.61474609375,0.0,0.2059326171875,0.1707763671875
1169,492,1.2168443202972412,0.9185227155685425,0.022081907838582993,-0.787109375,-0.048553466796875,-0.61474609375,0.0,0.2205810546875,0.1707763671875
1170,493,1.2670317888259888,0.5506206154823303,-0.013136940076947212,-0.787109375,-0.04852294921875,-0.61474609375,0.0,0.2230224609375,0.10546875
1171,494,1.193404197692871,0.5355498194694519,0.08233626931905746,-0.787109375,-0.04852294921875,-0.61474609375,0.0,0.20166015625,0.1053466796875
1172,491,1.1660853624343872,0.9081383347511292,0.08789600431919098,-0.787109375,-0.048553466796875,-0.61474609375,0.0,0.2059326171875,0.1707763671875
1173,495,1.2893058061599731,0.24426612257957458,-0.017471618950366974,-0.787109375,-0.04852294921875,-0.61474609375,0.0,0.2196044921875,0.05169677734375
1174,494,1.193404197692871,0.5355498194694519,0.08233626931905746,-0.787109375,-0.04852294921875,-0.61474609375,0.0,0.20166015625,0.1053466796875
1175,493,1.2670317888259888,0.5506206154823303,-0.013136940076947212,-0.787109375,-0.04852294921875,-0.61474609375,0.0,0.2230224609375,0.10546875
1176,495,1.2893058061599731,0.24426612257957458,-0.017471618950366974,-0.787109375,-0.04852294921875,-0.61474609375,0.0,0.2196044921875,0.05169677734375
1177,496,1.2047021389007568,0.22694645822048187,0.09222923219203949,-0.787109375,-0.04852294921875,-0.61474609375,0.0,0.195068359375,0.051605224609375
1178,494,1.193404197692871,0.5355498194694519,0.08233626931905746,-0.787109375,-0.04852294921875,-0.61474609375,0.0,0.20166015625,0.1053466796875
1179,496,1.2047021389007568,0.22694645822048187,0.09222923219203949,-0.787109375,-0.04852294921875,-0.61474609375,0.0,0.195068359375,0.051605224609375
1180,495,1.2893058061599731,0.24426612257957458,-0.017471618950366974,-0.787109375,-0.04852294921875,-0.61474609375,0.0,0.2196044921875,0.05169677734375
1181,497,1.303102970123291,0.0,-0.015856750309467316,-0.787109375,-0.04852294921875,-0.61474609375,0.0,0.2156982421875,0.00897216796875
1182,496,1.2047021389007568,0.22694645822048187,0.09222923219203949,-0.787109375,-0.04852294921875,-0.61474609375,0.0,0.195068359375,0.051605224609375
1183,497,1.303102970123291,0.0,-0.015856750309467316,-0.787109375,-0.04852294921875,-0.61474609375,0.0,0.2156982421875,0.00897216796875
1184,498,1.2100353240966797,0.0,0.10331414639949799,-0.787109375,-0.04852294921875,-0.61474609375,0.0,0.1893310546875,0.01215362548828125
1185,499,-1.3794176578521729,0.2847433388233185,-0.7808263301849365,0.90283203125,0.0428466796875,-0.427978515625,0.0,0.244873046875,0.3525390625
1186,500,-1.3335834741592407,0.0,-0.7105635404586792,0.90283203125,0.0396728515625,-0.42822265625,0.0,0.274658203125,0.311279296875
1187,501,-1.3860334157943726,0.0,-0.8205956220626831,0.90283203125,0.0396728515625,-0.42822265625,0.0,0.253173828125,0.3046875
1188,499,-1.3794176578521729,0.2847433388233185,-0.7808263301849365,0.90283203125,0.0428466796875,-0.427978515625,0.0,0.244873046875,0.3525390625
1189,502,-1.332804799079895,0.2774985730648041,-0.6826505661010742,0.90283203125,0.0435791015625,-0.427978515625,0.0,0.2626953125,0.357421875
1190,500,-1.3335834741592407,0.0,-0.7105635404586792,0.90283203125,0.0396728515625,-0.42822265625,0.0,0.274658203125,0.311279296875
1191,503,-1.3465325832366943,0.5788821578025818,-0.67807936668396,0.90185546875,0.04925537109375,-0.4287109375,0.0,0.244384765625,0.404541015625
1192,502,-1.332804799079895,0.2774985730648041,-0.6826505661010742,0.90283203125,0.0435791015625,-0.427978515625,0.0,0.2626953125,0.357421875
1193,499,-1.3794176578521729,0.2847433388233185,-0.7808263301849365,0.90283203125,0.0428466796875,-0.427978515625,0.0,0.244873046875,0.3525390625
1194,503,-1.3465325832366943,0.5788821578025818,-0.67807936668396,0.90185546875,0.04925537109375,-0.4287109375,0.0,0.244384765625,0.404541015625
1195,504,-1.3123319149017334,0.5397602915763855,-0.6109711527824402,0.90185546875,0.04913330078125,-0.4287109375,0.0,0.259521484375,0.402587890625
1196,502,-1.332804799079895,0.2774985730648041,-0.6826505661010742,0.90283203125,0.0435791015625,-0.427978515625,0.0,0.2626953125,0.357421875
1197,504,-1.3123319149017334,0.5397602915763855,-0.6109711527824402,0.90185546875,0.04913330078125,-0.4287109375,0.0,0.259521484375,0.402587890625
1198,503,-1.3465325832366943,0.5788821578025818,-0.67807936668396,0.90185546875,0.04925537109375,-0.4287109375,0.0,0.244384765625,0.404541015625
1199,505,-1.2136327028274536,1.0563143491744995,-0.3425232768058777,0.9013671875,0.051666259765625,-0.430419921875,0.0,0.275146484375,0.5107421875
1200,503,-1.3465325832366943,0.5788821578025818,-0.67807936668396,0.90185546875,0.04925537109375,-0.4287109375,0.0,0.244384765625,0.404541015625
1201,506,-1.2681306600570679,0.9005511403083801,-0.47503355145454407,0.89892578125,0.0552978515625,-0.4345703125,0.0,0.2607421875,0.474365234375
1202,505,-1.2136327028274536,1.0563143491744995,-0.3425232768058777,0.9013671875,0.051666259765625,-0.430419921875,0.0,0.275146484375,0.5107421875
1203,507,-0.07593829929828644,0.20215262472629547,0.5884332060813904,-0.9853515625,0.0714111328125,-0.156005859375,0.0,0.9541015625,0.857421875
1204,508,-0.07898561656475067,0.0,0.5232716798782349,-0.98583984375,0.06463623046875,-0.154296875,0.0,0.9404296875,0.8876953125
1205,509,-0.08701007813215256,0.0,0.5777351260185242,-0.98583984375,0.06463623046875,-0.154296875,0.0,0.95068359375,0.888671875
1206,507,-0.07593829929828644,0.20215262472629547,0.5884332060813904,-0.9853515625,0.0714111328125,-0.156005859375,0.0,0.9541015625,0.857421875
1207,510,-0.06770976632833481,0.20505057275295258,0.5402770638465881,-0.98486328125,0.0718994140625,-0.1561279296875,0.0,0.9462890625,0.85595703125
1208,508,-0.07898561656475067,0.0,0.5232716798782349,-0.98583984375,0.06463623046875,-0.154296875,0.0,0.9404296875,0.8876953125
1209,507,-0.07593829929828644,0.20215262472629547,0.5884332060813904,-0.9853515625,0.0714111328125,-0.156005859375,0.0,0.9541015625,0.857421875
1210,511,-0.052117880433797836,0.3963131904602051,0.5387298464775085,-0.984375,0.08062744140625,-0.15625,0.0,0.94775390625,0.8212890625
1211,510,-0.06770976632833481,0.20505057275295258,0.5402770638465881,-0.98486328125,0.0718994140625,-0.1561279296875,0.0,0.9462890625,0.85595703125
1212,507,-0.07593829929828644,0.20215262472629547,0.5884332060813904,-0.9853515625,0.0714111328125,-0.156005859375,0.0,0.9541015625,0.857421875
1213,512,-0.05612190067768097,0.4187721014022827,0.5765495896339417,-0.98486328125,0.0809326171875,-0.15478515625,0.0,0.955078125,0.8173828125
1214,511,-0.052117880433797836,0.3963131904602051,0.5387298464775085,-0.984375,0.08062744140625,-0.15625,0.0,0.94775390625,0.8212890625
1215,511,-0.052117880433797836,0.3963131904602051,0.5387298464775085,-0.984375,0.08062744140625,-0.15625,0.0,0.94775390625,0.8212890625
1216,512,-0.05612190067768097,0.4187721014022827,0.5765495896339417,-0.98486328125,0.0809326171875,-0.15478515625,0.0,0.955078125,0.8173828125
1217,513,-0.010216712951660156,0.7831854224205017,0.4745256304740906,-0.98486328125,0.08160400390625,-0.1517333984375,0.0,0.9404296875,0.74951171875
1218,512,-0.05612190067768097,0.4187721014022827,0.5765495896339417,-0.98486328125,0.0809326171875,-0.15478515625,0.0,0.955078125,0.8173828125
1219,514,-0.026920337229967117,0.6621973514556885,0.5182541012763977,-0.98583984375,0.08319091796875,-0.146240234375,0.0,0.947265625,0.77197265625
1220,513,-0.010216712951660156,0.7831854224205017,0.4745256304740906,-0.98486328125,0.08160400390625,-0.1517333984375,0.0,0.9404296875,0.74951171875
1221,515,0.23747269809246063,1.0629351139068604,0.024183735251426697,-0.0452880859375,-0.008209228515625,0.9990234375,0.0,0.4169921875,0.5087890625
1222,516,0.12207513302564621,0.7776775360107422,0.016609424725174904,-0.01812744140625,-0.0002789497375488281,1.0,0.0,0.435791015625,0.458251953125
1223,517,0.16497008502483368,0.778393566608429,0.018559757620096207,-0.0245208740234375,-0.002147674560546875,0.99951171875,0.0,0.42822265625,0.45849609375
1224,518,0.1502252221107483,0.6259959936141968,0.01728012226521969,0.02685546875,-0.007366180419921875,0.99951171875,0.0,0.43017578125,0.431884765625
1225,517,0.16497008502483368,0.778393566608429,0.018559757620096207,-0.0245208740234375,-0.002147674560546875,0.99951171875,0.0,0.42822265625,0.45849609375
1226,516,0.12207513302564621,0.7776775360107422,0.016609424725174904,-0.01812744140625,-0.0002789497375488281,1.0,0.0,0.435791015625,0.458251953125
1227,518,0.1502252221107483,0.6259959936141968,0.01728012226521969,0.02685546875,-0.007366180419921875,0.99951171875,0.0,0.43017578125,0.431884765625
1228,516,0.12207513302564621,0.7776775360107422,0.016609424725174904,-0.01812744140625,-0.0002789497375488281,1.0,0.0,0.435791015625,0.458251953125
1229,519,0.08347195386886597,0.6217125654220581,0.018641287460923195,0.0330810546875,-0.00943756103515625,0.99951171875,0.0,0.44189453125,0.4306640625
1230,520,0.14450551569461823,0.44467389583587646,0.012942580506205559,0.043243408203125,-0.01641845703125,0.9990234375,0.0,0.430419921875,0.39990234375
1231,518,0.1502252221107483,0.6259959936141968,0.01728012226521969,0.02685546875,-0.007366180419921875,0.99951171875,0.0,0.43017578125,0.431884765625
1232,519,0.08347195386886597,0.6217125654220581,0.018641287460923195,0.0330810546875,-0.00943756103515625,0.99951171875,0.0,0.44189453125,0.4306640625
1233,520,0.14450551569461823,0.44467389583587646,0.012942580506205559,0.043243408203125,-0.01641845703125,0.9990234375,0.0,0.430419921875,0.39990234375
1234,519,0.08347195386886597,0.6217125654220581,0.018641287460923195,0.0330810546875,-0.00943756103515625,0.99951171875,0.0,0.44189453125,0.4306640625
1235,521,0.05904826521873474,0.4360874593257904,0.018974637612700462,0.042236328125,-0.0166473388671875,0.9990234375,0.0,0.4453125,0.39794921875
1236,522,0.1511029154062271,0.2173192799091339,0.01161105651408434,0.0239105224609375,-0.01666259765625,0.99951171875,0.0,0.42822265625,0.360107421875
1237,520,0.14450551569461823,0.44467389583587646,0.012942580506205559,0.043243408203125,-0.01641845703125,0.9990234375,0.0,0.430419921875,0.39990234375
1238,521,0.05904826521873474,0.4360874593257904,0.018974637612700462,0.042236328125,-0.0166473388671875,0.9990234375,0.0,0.4453125,0.39794921875
1239,522,0.1511029154062271,0.2173192799091339,0.01161105651408434,0.0239105224609375,-0.01666259765625,0.99951171875,0.0,0.42822265625,0.360107421875
1240,521,0.05904826521873474,0.4360874593257904,0.018974637612700462,0.042236328125,-0.0166473388671875,0.9990234375,0.0,0.4453125,0.39794921875
1241,523,0.05064089968800545,0.21173377335071564,0.012462915852665901,0.023773193359375,-0.0166473388671875,0.99951171875,0.0,0.44580078125,0.358642578125
1242,524,0.06209026277065277,0.02652384154498577,0.009427089244127274,0.009368896484375,-0.01580810546875,1.0,0.0,0.44287109375,0.326171875
1243,522,0.1511029154062271,0.2173192799091339,0.01161105651408434,0.0239105224609375,-0.01666259765625,0.99951171875,0.0,0.42822265625,0.360107421875
1244,523,0.05064089968800545,0.21173377335071564,0.012462915852665901,0.023773193359375,-0.0166473388671875,0.99951171875,0.0,0.44580078125,0.358642578125
1245,524,0.06209026277065277,0.02652384154498577,0.009427089244127274,0.009368896484375,-0.01580810546875,1.0,0.0,0.44287109375,0.326171875
1246,525,0.177525132894516,0.03293680027127266,0.008446455001831055,0.009368896484375,-0.01580810546875,1.0,0.0,0.422607421875,0.327880859375
1247,522,0.1511029154062271,0.2173192799091339,0.01161105651408434,0.0239105224609375,-0.01666259765625,0.99951171875,0.0,0.42822265625,0.360107421875
1248,525,0.177525132894516,0.03293680027127266,0.008446455001831055,0.009368896484375,-0.01580810546875,1.0,0.0,0.422607421875,0.327880859375
1249,524,0.06209026277065277,0.02652384154498577,0.009427089244127274,0.009368896484375,-0.01580810546875,1.0,0.0,0.44287109375,0.326171875
1250,526,0.06469409167766571,0.0,0.008982769213616848,0.009368896484375,-0.01580810546875,1.0,0.0,0.4423828125,0.321533203125
1251,525,0.177525132894516,0.03293680027127266,0.008446455001831055,0.009368896484375,-0.01580810546875,1.0,0.0,0.422607421875,0.327880859375
1252,526,0.06469409167766571,0.0,0.008982769213616848,0.009368896484375,-0.01580810546875,1.0,0.0,0.4423828125,0.321533203125
1253,527,0.18323424458503723,0.0,0.007872821763157845,0.009368896484375,-0.01580810546875,1.0,0.0,0.42138671875,0.322265625
1254,528,0.8551284074783325,0.36071333289146423,0.7677209973335266,0.67333984375,0.042572021484375,0.73828125,0.0,0.190673828125,0.81787109375
1255,529,0.680052638053894,0.5620521306991577,0.9155299663543701,0.67431640625,0.04541015625,0.73681640625,0.0,0.207763671875,0.8671875
1256,530,0.5630934834480286,0.6589369773864746,1.016592264175415,0.67333984375,0.042999267578125,0.73828125,0.0,0.22265625,0.89501953125
1257,531,0.7914664149284363,0.33270761370658875,0.8273472189903259,0.67333984375,0.0426025390625,0.73828125,0.0,0.2061767578125,0.82080078125
1258,528,0.8551284074783325,0.36071333289146423,0.7677209973335266,0.67333984375,0.042572021484375,0.73828125,0.0,0.190673828125,0.81787109375
1259,530,0.5630934834480286,0.6589369773864746,1.016592264175415,0.67333984375,0.042999267578125,0.73828125,0.0,0.22265625,0.89501953125
1260,528,0.8551284074783325,0.36071333289146423,0.7677209973335266,0.67333984375,0.042572021484375,0.73828125,0.0,0.190673828125,0.81787109375
1261,531,0.7914664149284363,0.33270761370658875,0.8273472189903259,0.67333984375,0.0426025390625,0.73828125,0.0,0.2061767578125,0.82080078125
1262,532,0.8471184372901917,0.16467298567295074,0.7863254547119141,0.67431640625,0.0413818359375,0.7373046875,0.0,0.2099609375,0.78955078125
1263,528,0.8551284074783325,0.36071333289146423,0.7677209973335266,0.67333984375,0.042572021484375,0.73828125,0.0,0.190673828125,0.81787109375
1264,532,0.8471184372901917,0.16467298567295074,0.7863254547119141,0.67431640625,0.0413818359375,0.7373046875,0.0,0.2099609375,0.78955078125
1265,533,0.9379787445068359,0.17375591397285461,0.7027418613433838,0.67431640625,0.041046142578125,0.7373046875,0.0,0.1900634765625,0.78076171875
1266,534,0.9637982845306396,0.0,0.6884341239929199,0.6748046875,0.0401611328125,0.73681640625,0.0,0.19921875,0.7509765625
1267,533,0.9379787445068359,0.17375591397285461,0.7027418613433838,0.67431640625,0.041046142578125,0.7373046875,0.0,0.1900634765625,0.78076171875
1268,532,0.8471184372901917,0.16467298567295074,0.7863254547119141,0.67431640625,0.0413818359375,0.7373046875,0.0,0.2099609375,0.78955078125
1269,534,0.9637982845306396,0.0,0.6884341239929199,0.6748046875,0.0401611328125,0.73681640625,0.0,0.19921875,0.7509765625
1270,532,0.8471184372901917,0.16467298567295074,0.7863254547119141,0.67431640625,0.0413818359375,0.7373046875,0.0,0.2099609375,0.78955078125
1271,535,0.8629915714263916,0.0,0.7808879613876343,0.6748046875,0.0401611328125,0.73681640625,0.0,0.2215576171875,0.76171875
1272,536,0.4400366246700287,0.10941831022500992,1.1612225770950317,0.6708984375,0.0445556640625,0.740234375,0.0,0.207763671875,0.64404296875
1273,537,0.3578638732433319,0.0,1.2430492639541626,0.67236328125,0.047698974609375,0.73876953125,0.0,0.235595703125,0.6416015625
1274,538,0.4597185552120209,0.0,1.1504546403884888,0.67236328125,0.047698974609375,0.73876953125,0.0,0.2166748046875,0.626953125
1275,536,0.4400366246700287,0.10941831022500992,1.1612225770950317,0.6708984375,0.0445556640625,0.740234375,0.0,0.207763671875,0.64404296875
1276,539,0.3465791940689087,0.10033536702394485,1.2469152212142944,0.6708984375,0.04364013671875,0.740234375,0.0,0.2261962890625,0.65673828125
1277,537,0.3578638732433319,0.0,1.2430492639541626,0.67236328125,0.047698974609375,0.73876953125,0.0,0.235595703125,0.6416015625
1278,540,0.35459020733833313,0.3031879663467407,1.2283117771148682,0.669921875,0.03997802734375,0.7412109375,0.0,0.20166015625,0.6826171875
1279,539,0.3465791940689087,0.10033536702394485,1.2469152212142944,0.6708984375,0.04364013671875,0.740234375,0.0,0.2261962890625,0.65673828125
1280,536,0.4400366246700287,0.10941831022500992,1.1612225770950317,0.6708984375,0.0445556640625,0.740234375,0.0,0.207763671875,0.64404296875
1281,540,0.35459020733833313,0.3031879663467407,1.2283117771148682,0.669921875,0.03997802734375,0.7412109375,0.0,0.20166015625,0.6826171875
1282,541,0.2889470160007477,0.2736683785915375,1.2886158227920532,0.669921875,0.0391845703125,0.7412109375,0.0,0.2171630859375,0.6884765625
1283,539,0.3465791940689087,0.10033536702394485,1.2469152212142944,0.6708984375,0.04364013671875,0.740234375,0.0,0.2261962890625,0.65673828125
1284,542,0.2135131061077118,0.4856038987636566,1.346175193786621,0.67041015625,0.038177490234375,0.74072265625,0.0,0.2071533203125,0.72802734375
1285,541,0.2889470160007477,0.2736683785915375,1.2886158227920532,0.669921875,0.0391845703125,0.7412109375,0.0,0.2171630859375,0.6884765625
1286,540,0.35459020733833313,0.3031879663467407,1.2283117771148682,0.669921875,0.03997802734375,0.7412109375,0.0,0.20166015625,0.6826171875
1287,542,0.2135131061077118,0.4856038987636566,1.346175193786621,0.67041015625,0.038177490234375,0.74072265625,0.0,0.2071533203125,0.72802734375
1288,543,0.17024967074394226,0.4454875588417053,1.387833833694458,0.6708984375,0.0394287109375,0.740234375,0.0,0.2198486328125,0.72900390625
1289,541,0.2889470160007477,0.2736683785915375,1.2886158227920532,0.669921875,0.0391845703125,0.7412109375,0.0,0.2171630859375,0.6884765625
1290,544,-0.020515823736786842,0.564322829246521,1.554437518119812,0.67236328125,0.042694091796875,0.7392578125,0.0,0.2418212890625,0.7724609375
1291,543,0.17024967074394226,0.4454875588417053,1.387833833694458,0.6708984375,0.0394287109375,0.740234375,0.0,0.2198486328125,0.72900390625
1292,542,0.2135131061077118,0.4856038987636566,1.346175193786621,0.67041015625,0.038177490234375,0.74072265625,0.0,0.2071533203125,0.72802734375
1293,545,1.4183344841003418,1.7040032148361206,0.8722473978996277,-0.990234375,0.0158233642578125,-0.137451171875,0.0,0.3310546875,0.3154296875
1294,546,1.4380664825439453,1.32878577709198,0.6868937611579895,-0.99365234375,0.01617431640625,-0.1124267578125,0.0,0.3505859375,0.2427978515625
1295,547,1.4321316480636597,1.3156325817108154,0.7281342148780823,-0.9931640625,0.0161590576171875,-0.11370849609375,0.0,0.343017578125,0.2420654296875
1296,548,1.4355506896972656,1.0996384620666504,0.6739402413368225,-0.998046875,0.0027751922607421875,-0.0654296875,0.0,0.3427734375,0.2032470703125
1297,547,1.4321316480636597,1.3156325817108154,0.7281342148780823,-0.9931640625,0.0161590576171875,-0.11370849609375,0.0,0.343017578125,0.2420654296875
1298,546,1.4380664825439453,1.32878577709198,0.6868937611579895,-0.99365234375,0.01617431640625,-0.1124267578125,0.0,0.3505859375,0.2427978515625
1299,548,1.4355506896972656,1.0996384620666504,0.6739402413368225,-0.998046875,0.0027751922607421875,-0.0654296875,0.0,0.3427734375,0.2032470703125
1300,546,1.4380664825439453,1.32878577709198,0.6868937611579895,-0.99365234375,0.01617431640625,-0.1124267578125,0.0,0.3505859375,0.2427978515625
1301,549,1.4404375553131104,1.1153713464736938,0.6084692478179932,-0.998046875,0.0023479461669921875,-0.064453125,0.0,0.3544921875,0.202880859375
1302,550,1.4413200616836548,0.838836669921875,0.6211079359054565,-0.99853515625,-0.005096435546875,-0.05389404296875,0.0,0.33935546875,0.1572265625
1303,548,1.4355506896972656,1.0996384620666504,0.6739402413368225,-0.998046875,0.0027751922607421875,-0.0654296875,0.0,0.3427734375,0.2032470703125
1304,549,1.4404375553131104,1.1153713464736938,0.6084692478179932,-0.998046875,0.0023479461669921875,-0.064453125,0.0,0.3544921875,0.202880859375
1305,550,1.4413200616836548,0.838836669921875,0.6211079359054565,-0.99853515625,-0.005096435546875,-0.05389404296875,0.0,0.33935546875,0.1572265625
1306,549,1.4404375553131104,1.1153713464736938,0.6084692478179932,-0.998046875,0.0023479461669921875,-0.064453125,0.0,0.3544921875,0.202880859375
1307,551,1.4433282613754272,0.8543581366539001,0.5360455513000488,-0.99853515625,-0.00508880615234375,-0.054107666015625,0.0,0.354248046875,0.156005859375
1308,552,1.4517312049865723,0.532141923904419,0.469521164894104,-0.99755859375,-0.0020599365234375,-0.07147216796875,0.0,0.35107421875,0.099853515625
1309,550,1.4413200616836548,0.838836669921875,0.6211079359054565,-0.99853515625,-0.005096435546875,-0.05389404296875,0.0,0.33935546875,0.1572265625
1310,551,1.4433282613754272,0.8543581366539001,0.5360455513000488,-0.99853515625,-0.00508880615234375,-0.054107666015625,0.0,0.354248046875,0.156005859375
1311,552,1.4517312049865723,0.532141923904419,0.469521164894104,-0.99755859375,-0.0020599365234375,-0.07147216796875,0.0,0.35107421875,0.099853515625
1312,553,1.4431902170181274,0.5071743130683899,0.5676950216293335,-0.9970703125,-0.001659393310546875,-0.0732421875,0.0,0.33349609375,0.09930419921875
1313,550,1.4413200616836548,0.838836669921875,0.6211079359054565,-0.99853515625,-0.005096435546875,-0.05389404296875,0.0,0.33935546875,0.1572265625
1314,554,1.4546313285827637,0.260008305311203,0.43204599618911743,-0.99609375,0.001239776611328125,-0.08642578125,0.0,0.35009765625,0.052886962890625
1315,553,1.4431902170181274,0.5071743130683899,0.5676950216293335,-0.9970703125,-0.001659393310546875,-0.0732421875,0.0,0.33349609375,0.09930419921875
1316,552,1.4517312049865723,0.532141923904419,0.469521164894104,-0.99755859375,-0.0020599365234375,-0.07147216796875,0.0,0.35107421875,0.099853515625
1317,554,1.4546313285827637,0.260008305311203,0.43204599618911743,-0.99609375,0.001239776611328125,-0.08642578125,0.0,0.35009765625,0.052886962890625
1318,555,1.444817304611206,0.23132003843784332,0.5448489189147949,-0.99609375,0.001232147216796875,-0.08642578125,0.0,0.32958984375,0.0498046875
1319,553,1.4431902170181274,0.5071743130683899,0.5676950216293335,-0.9970703125,-0.001659393310546875,-0.0732421875,0.0,0.33349609375,0.09930419921875
1320,555,1.444817304611206,0.23132003843784332,0.5448489189147949,-0.99609375,0.001232147216796875,-0.08642578125,0.0,0.32958984375,0.0498046875
1321,554,1.4546313285827637,0.260008305311203,0.43204599618911743,-0.99609375,0.001239776611328125,-0.08642578125,0.0,0.35009765625,0.052886962890625
1322,556,1.4565550088882446,0.0,0.40649816393852234,-0.99609375,0.00119781494140625,-0.0865478515625,0.0,0.35302734375,0.0081024169921875
1323,555,1.444817304611206,0.23132003843784332,0.5448489189147949,-0.99609375,0.001232147216796875,-0.08642578125,0.0,0.32958984375,0.0498046875
1324,556,1.4565550088882446,0.0,0.40649816393852234,-0.99609375,0.00119781494140625,-0.0865478515625,0.0,0.35302734375,0.0081024169921875
1325,557,1.4457645416259766,0.0,0.5305411219596863,-0.99609375,0.00119781494140625,-0.0865478515625,0.0,0.330078125,0.0071868896484375
1326,558,0.5034844279289246,0.600654661655426,0.2708682119846344,-0.33056640625,-0.06964111328125,0.94140625,0.0,0.6591796875,0.312255859375
1327,559,0.31152069568634033,0.9662435054779053,0.23048636317253113,-0.33837890625,-0.07403564453125,0.93798828125,0.0,0.67578125,0.3837890625
1328,560,0.18200460076332092,1.1463886499404907,0.19799260795116425,-0.333740234375,-0.071044921875,0.93994140625,0.0,0.68994140625,0.4208984375
1329,561,0.4305857717990875,0.5620521306991577,0.24216045439243317,-0.330322265625,-0.06951904296875,0.94140625,0.0,0.67431640625,0.309326171875
1330,558,0.5034844279289246,0.600654661655426,0.2708682119846344,-0.33056640625,-0.06964111328125,0.94140625,0.0,0.6591796875,0.312255859375
1331,560,0.18200460076332092,1.1463886499404907,0.19799260795116425,-0.333740234375,-0.071044921875,0.93994140625,0.0,0.68994140625,0.4208984375
1332,558,0.5034844279289246,0.600654661655426,0.2708682119846344,-0.33056640625,-0.06964111328125,0.94140625,0.0,0.6591796875,0.312255859375
1333,561,0.4305857717990875,0.5620521306991577,0.24216045439243317,-0.330322265625,-0.06951904296875,0.94140625,0.0,0.67431640625,0.309326171875
1334,562,0.48905161023139954,0.26912692189216614,0.24165336787700653,-0.329833984375,-0.067626953125,0.94140625,0.0,0.67822265625,0.256591796875
1335,558,0.5034844279289246,0.600654661655426,0.2708682119846344,-0.33056640625,-0.06964111328125,0.94140625,0.0,0.6591796875,0.312255859375
1336,562,0.48905161023139954,0.26912692189216614,0.24165336787700653,-0.329833984375,-0.067626953125,0.94140625,0.0,0.67822265625,0.256591796875
1337,563,0.5919418931007385,0.2713977098464966,0.2771673798561096,-0.330078125,-0.06744384765625,0.94140625,0.0,0.66015625,0.252197265625
1338,563,0.5919418931007385,0.2713977098464966,0.2771673798561096,-0.330078125,-0.06744384765625,0.94140625,0.0,0.66015625,0.252197265625
1339,562,0.48905161023139954,0.26912692189216614,0.24165336787700653,-0.329833984375,-0.067626953125,0.94140625,0.0,0.67822265625,0.256591796875
1340,564,0.5027408599853516,0.0,0.22656665742397308,-0.33154296875,-0.06646728515625,0.94091796875,0.0,0.689453125,0.2115478515625
1341,563,0.5919418931007385,0.2713977098464966,0.2771673798561096,-0.330078125,-0.06744384765625,0.94140625,0.0,0.66015625,0.252197265625
1342,564,0.5027408599853516,0.0,0.22656665742397308,-0.33154296875,-0.06646728515625,0.94091796875,0.0,0.689453125,0.2115478515625
1343,565,0.6182068586349487,0.0,0.2681700885295868,-0.33154296875,-0.06646728515625,0.94091796875,0.0,0.66845703125,0.2064208984375
1344,566,-0.5081667900085449,0.15143902599811554,0.22190774977207184,0.92626953125,-0.115966796875,0.358642578125,0.0,0.1788330078125,0.89306640625
1345,567,-0.5609831809997559,0.0,0.3085477650165558,0.92626953125,-0.11883544921875,0.357177734375,0.0,0.2030029296875,0.8720703125
1346,568,-0.5241509675979614,0.0,0.21290834248065948,0.92626953125,-0.11883544921875,0.357177734375,0.0,0.1856689453125,0.8671875
1347,566,-0.5081667900085449,0.15143902599811554,0.22190774977207184,0.92626953125,-0.115966796875,0.358642578125,0.0,0.1788330078125,0.89306640625
1348,569,-0.5412051677703857,0.15433694422245026,0.30853161215782166,0.92626953125,-0.11541748046875,0.35888671875,0.0,0.1943359375,0.89794921875
1349,567,-0.5609831809997559,0.0,0.3085477650165558,0.92626953125,-0.11883544921875,0.357177734375,0.0,0.2030029296875,0.8720703125
1350,570,-0.5065343976020813,0.3499464988708496,0.2805198132991791,0.92529296875,-0.114990234375,0.361572265625,0.0,0.178466796875,0.92919921875
1351,569,-0.5412051677703857,0.15433694422245026,0.30853161215782166,0.92626953125,-0.11541748046875,0.35888671875,0.0,0.1943359375,0.89794921875
1352,566,-0.5081667900085449,0.15143902599811554,0.22190774977207184,0.92626953125,-0.115966796875,0.358642578125,0.0,0.1788330078125,0.89306640625
1353,570,-0.5065343976020813,0.3499464988708496,0.2805198132991791,0.92529296875,-0.114990234375,0.361572265625,0.0,0.178466796875,0.92919921875
1354,571,-0.5336272120475769,0.3303855359554291,0.3430712819099426,0.92529296875,-0.115478515625,0.36181640625,0.0,0.19091796875,0.92919921875
1355,569,-0.5412051677703857,0.15433694422245026,0.30853161215782166,0.92626953125,-0.11541748046875,0.35888671875,0.0,0.1943359375,0.89794921875
1356,571,-0.5336272120475769,0.3303855359554291,0.3430712819099426,0.92529296875,-0.115478515625,0.36181640625,0.0,0.19091796875,0.92919921875
1357,570,-0.5065343976020813,0.3499464988708496,0.2805198132991791,0.92529296875,-0.114990234375,0.361572265625,0.0,0.178466796875,0.92919921875
1358,572,-0.5583964586257935,0.6861051917076111,0.5223862528800964,0.92578125,-0.1162109375,0.360107421875,0.0,0.2034912109375,0.998046875
1359,570,-0.5065343976020813,0.3499464988708496,0.2805198132991791,0.92529296875,-0.114990234375,0.361572265625,0.0,0.178466796875,0.92919921875
1360,573,-0.5340328812599182,0.5745352506637573,0.42252692580223083,0.9345703125,-0.101318359375,0.34130859375,0.0,0.191650390625,0.97412109375
1361,572,-0.5583964586257935,0.6861051917076111,0.5223862528800964,0.92578125,-0.1162109375,0.360107421875,0.0,0.2034912109375,0.998046875
1362,574,1.041757345199585,0.5264772772789001,0.9734067916870117,0.9384765625,0.11224365234375,-0.326904296875,0.0,0.513671875,0.5244140625
1363,575,1.057832956314087,0.8496789336204529,1.130156397819519,0.94287109375,0.10626220703125,-0.315673828125,0.0,0.52734375,0.5859375
1364,576,1.0754085779190063,1.0093876123428345,1.2363742589950562,0.9384765625,0.11248779296875,-0.32666015625,0.0,0.53955078125,0.6171875
1365,577,1.0674108266830444,0.49393001198768616,1.0353779792785645,0.9384765625,0.11199951171875,-0.32666015625,0.0,0.5263671875,0.52099609375
1366,574,1.041757345199585,0.5264772772789001,0.9734067916870117,0.9384765625,0.11224365234375,-0.326904296875,0.0,0.513671875,0.5244140625
1367,576,1.0754085779190063,1.0093876123428345,1.2363742589950562,0.9384765625,0.11248779296875,-0.32666015625,0.0,0.53955078125,0.6171875
1368,578,1.0518841743469238,0.23657968640327454,0.9028400778770447,0.939453125,0.111328125,-0.323486328125,0.0,0.51416015625,0.471923828125
1369,574,1.041757345199585,0.5264772772789001,0.9734067916870117,0.9384765625,0.11224365234375,-0.326904296875,0.0,0.513671875,0.5244140625
1370,577,1.0674108266830444,0.49393001198768616,1.0353779792785645,0.9384765625,0.11199951171875,-0.32666015625,0.0,0.5263671875,0.52099609375
1371,578,1.0518841743469238,0.23657968640327454,0.9028400778770447,0.939453125,0.111328125,-0.323486328125,0.0,0.51416015625,0.471923828125
1372,577,1.0674108266830444,0.49393001198768616,1.0353779792785645,0.9384765625,0.11199951171875,-0.32666015625,0.0,0.5263671875,0.52099609375
1373,579,1.081804871559143,0.23657968640327454,0.9901888966560364,0.939453125,0.11126708984375,-0.32373046875,0.0,0.5302734375,0.475341796875
1374,580,1.0733774900436401,0.0,0.8835610151290894,0.93994140625,0.11163330078125,-0.322021484375,0.0,0.521484375,0.4306640625
1375,578,1.0518841743469238,0.23657968640327454,0.9028400778770447,0.939453125,0.111328125,-0.323486328125,0.0,0.51416015625,0.471923828125
1376,579,1.081804871559143,0.23657968640327454,0.9901888966560364,0.939453125,0.11126708984375,-0.32373046875,0.0,0.5302734375,0.475341796875
1377,580,1.0733774900436401,0.0,0.8835610151290894,0.93994140625,0.11163330078125,-0.322021484375,0.0,0.521484375,0.4306640625
1378,579,1.081804871559143,0.23657968640327454,0.9901888966560364,0.939453125,0.11126708984375,-0.32373046875,0.0,0.5302734375,0.475341796875
1379,581,1.1065857410430908,0.0,0.9805078506469727,0.93994140625,0.11163330078125,-0.322021484375,0.0,0.5390625,0.4345703125
1380,582,0.2758651673793793,1.3867403268814087,0.059657275676727295,-0.132080078125,0.0158233642578125,-0.9912109375,0.0,0.88623046875,0.25439453125
1381,583,0.42739272117614746,1.0775498151779175,0.03452856093645096,-0.156982421875,0.01617431640625,-0.9873046875,0.0,0.90234375,0.1962890625
1382,584,0.3933347165584564,1.0667145252227783,0.038893528282642365,-0.15576171875,0.0161590576171875,-0.98779296875,0.0,0.89599609375,0.195556640625
1383,585,0.437121719121933,0.8887305855751038,0.02967960201203823,-0.2034912109375,0.002780914306640625,-0.97900390625,0.0,0.89794921875,0.1636962890625
1384,584,0.3933347165584564,1.0667145252227783,0.038893528282642365,-0.15576171875,0.0161590576171875,-0.98779296875,0.0,0.89599609375,0.195556640625
1385,583,0.42739272117614746,1.0775498151779175,0.03452856093645096,-0.156982421875,0.01617431640625,-0.9873046875,0.0,0.90234375,0.1962890625
1386,585,0.437121719121933,0.8887305855751038,0.02967960201203823,-0.2034912109375,0.002780914306640625,-0.97900390625,0.0,0.89794921875,0.1636962890625
1387,583,0.42739272117614746,1.0775498151779175,0.03452856093645096,-0.156982421875,0.01617431640625,-0.9873046875,0.0,0.90234375,0.1962890625
1388,586,0.49019095301628113,0.9016951322555542,0.019151858985424042,-0.2044677734375,0.002353668212890625,-0.97900390625,0.0,0.90771484375,0.163818359375
1389,587,0.48034512996673584,0.6738218069076538,0.022633913904428482,-0.2147216796875,-0.005092620849609375,-0.9765625,0.0,0.89599609375,0.1256103515625
1390,585,0.437121719121933,0.8887305855751038,0.02967960201203823,-0.2034912109375,0.002780914306640625,-0.97900390625,0.0,0.89794921875,0.1636962890625
1391,586,0.49019095301628113,0.9016951322555542,0.019151858985424042,-0.2044677734375,0.002353668212890625,-0.97900390625,0.0,0.90771484375,0.163818359375
1392,587,0.48034512996673584,0.6738218069076538,0.022633913904428482,-0.2147216796875,-0.005092620849609375,-0.9765625,0.0,0.89599609375,0.1256103515625
1393,586,0.49019095301628113,0.9016951322555542,0.019151858985424042,-0.2044677734375,0.002353668212890625,-0.97900390625,0.0,0.90771484375,0.163818359375
1394,588,0.5483399033546448,0.6866114735603333,0.0055039976723492146,-0.214599609375,-0.005084991455078125,-0.9765625,0.0,0.90869140625,0.12469482421875
1395,589,0.6030120849609375,0.42109572887420654,-0.002468376187607646,-0.1976318359375,-0.002063751220703125,-0.98046875,0.0,0.90576171875,0.0775146484375
1396,587,0.48034512996673584,0.6738218069076538,0.022633913904428482,-0.2147216796875,-0.005092620849609375,-0.9765625,0.0,0.89599609375,0.1256103515625
1397,588,0.5483399033546448,0.6866114735603333,0.0055039976723492146,-0.214599609375,-0.005084991455078125,-0.9765625,0.0,0.90869140625,0.12469482421875
1398,589,0.6030120849609375,0.42109572887420654,-0.002468376187607646,-0.1976318359375,-0.002063751220703125,-0.98046875,0.0,0.90576171875,0.0775146484375
1399,590,0.5231749415397644,0.40052467584609985,0.012360667809844017,-0.19580078125,-0.0016632080078125,-0.98046875,0.0,0.89111328125,0.077392578125
1400,587,0.48034512996673584,0.6738218069076538,0.022633913904428482,-0.2147216796875,-0.005092620849609375,-0.9765625,0.0,0.89599609375,0.1256103515625
1401,591,0.6334068179130554,0.1968510001897812,-0.008412113413214684,-0.182861328125,0.0012798309326171875,-0.98291015625,0.0,0.90283203125,0.03887939453125
1402,590,0.5231749415397644,0.40052467584609985,0.012360667809844017,-0.19580078125,-0.0016632080078125,-0.98046875,0.0,0.89111328125,0.077392578125
1403,589,0.6030120849609375,0.42109572887420654,-0.002468376187607646,-0.1976318359375,-0.002063751220703125,-0.98046875,0.0,0.90576171875,0.0775146484375
1404,591,0.6334068179130554,0.1968510001897812,-0.008412113413214684,-0.182861328125,0.0012798309326171875,-0.98291015625,0.0,0.90283203125,0.03887939453125
1405,592,0.5416733622550964,0.17321237921714783,0.008625984191894531,-0.182861328125,0.0012826919555664062,-0.98291015625,0.0,0.88623046875,0.036895751953125
1406,590,0.5231749415397644,0.40052467584609985,0.012360667809844017,-0.19580078125,-0.0016632080078125,-0.98046875,0.0,0.89111328125,0.077392578125
1407,592,0.5416733622550964,0.17321237921714783,0.008625984191894531,-0.182861328125,0.0012826919555664062,-0.98291015625,0.0,0.88623046875,0.036895751953125
1408,591,0.6334068179130554,0.1968510001897812,-0.008412113413214684,-0.182861328125,0.0012798309326171875,-0.98291015625,0.0,0.90283203125,0.03887939453125
1409,593,0.6541162133216858,0.0,-0.0125048803165555,-0.1827392578125,0.0012989044189453125,-0.9833984375,0.0,0.90478515625,0.005489349365234375
1410,592,0.5416733622550964,0.17321237921714783,0.008625984191894531,-0.182861328125,0.0012826919555664062,-0.98291015625,0.0,0.88623046875,0.036895751953125
1411,593,0.6541162133216858,0.0,-0.0125048803165555,-0.1827392578125,0.0012989044189453125,-0.9833984375,0.0,0.90478515625,0.005489349365234375
1412,594,0.5532322525978088,0.0,0.006231337785720825,-0.1827392578125,0.0012989044189453125,-0.9833984375,0.0,0.88623046875,0.004791259765625
1413,595,0.06918808072805405,0.21446877717971802,0.9367899894714355,0.5419921875,0.047607421875,-0.83935546875,0.0,0.2291259765625,0.5029296875
1414,596,0.1327539086341858,0.0,0.9658247828483582,0.54150390625,0.046966552734375,-0.83935546875,0.0,0.2529296875,0.47119140625
1415,597,0.04629366844892502,0.0,0.9100143313407898,0.54150390625,0.046966552734375,-0.83935546875,0.0,0.2359619140625,0.46533203125
1416,595,0.06918808072805405,0.21446877717971802,0.9367899894714355,0.5419921875,0.047607421875,-0.83935546875,0.0,0.2291259765625,0.5029296875
1417,598,0.14624378085136414,0.2079484760761261,0.9861692786216736,0.5419921875,0.0477294921875,-0.83935546875,0.0,0.24462890625,0.5068359375
1418,596,0.1327539086341858,0.0,0.9658247828483582,0.54150390625,0.046966552734375,-0.83935546875,0.0,0.2529296875,0.47119140625
1419,599,0.14067356288433075,0.48687314987182617,0.9986535310745239,0.5419921875,0.0477294921875,-0.83935546875,0.0,0.2288818359375,0.55322265625
1420,598,0.14624378085136414,0.2079484760761261,0.9861692786216736,0.5419921875,0.0477294921875,-0.83935546875,0.0,0.24462890625,0.5068359375
1421,595,0.06918808072805405,0.21446877717971802,0.9367899894714355,0.5419921875,0.047607421875,-0.83935546875,0.0,0.2291259765625,0.5029296875
1422,599,0.14067356288433075,0.48687314987182617,0.9986535310745239,0.5419921875,0.0477294921875,-0.83935546875,0.0,0.2288818359375,0.55322265625
1423,600,0.1940319836139679,0.4513736665248871,1.0310906171798706,0.5419921875,0.047821044921875,-0.83935546875,0.0,0.2412109375,0.55126953125
1424,598,0.14624378085136414,0.2079484760761261,0.9861692786216736,0.5419921875,0.0477294921875,-0.83935546875,0.0,0.24462890625,0.5068359375
1425,600,0.1940319836139679,0.4513736665248871,1.0310906171798706,0.5419921875,0.047821044921875,-0.83935546875,0.0,0.2412109375,0.55126953125
1426,599,0.14067356288433075,0.48687314987182617,0.9986535310745239,0.5419921875,0.0477294921875,-0.83935546875,0.0,0.2288818359375,0.55322265625
1427,601,0.3874693512916565,0.932428240776062,1.18289315700531,0.54248046875,0.04638671875,-0.8388671875,0.0,0.25390625,0.64501953125
1428,599,0.14067356288433075,0.48687314987182617,0.9986535310745239,0.5419921875,0.0477294921875,-0.83935546875,0.0,0.2288818359375,0.55322265625
1429,602,0.2882517874240875,0.7868077754974365,1.1105327606201172,0.54736328125,0.042633056640625,-0.8359375,0.0,0.2420654296875,0.61376953125
1430,601,0.3874693512916565,0.932428240776062,1.18289315700531,0.54248046875,0.04638671875,-0.8388671875,0.0,0.25390625,0.64501953125
1431,603,-0.2864314317703247,0.0,0.7339962720870972,-0.98388671875,0.07318115234375,-0.1617431640625,0.0,0.438232421875,0.466796875
1432,604,-0.25509724020957947,0.24562141299247742,0.6544811725616455,-0.9833984375,0.07537841796875,-0.1640625,0.0,0.446044921875,0.5107421875
1433,605,-0.26950493454933167,0.0,0.6327524781227112,-0.98388671875,0.07318115234375,-0.1617431640625,0.0,0.456298828125,0.470458984375
1434,603,-0.2864314317703247,0.0,0.7339962720870972,-0.98388671875,0.07318115234375,-0.1617431640625,0.0,0.438232421875,0.466796875
1435,606,-0.27002081274986267,0.24055007100105286,0.7447526454925537,-0.9833984375,0.07513427734375,-0.163818359375,0.0,0.430419921875,0.5078125
1436,604,-0.25509724020957947,0.24562141299247742,0.6544811725616455,-0.9833984375,0.07537841796875,-0.1640625,0.0,0.446044921875,0.5107421875
1437,606,-0.27002081274986267,0.24055007100105286,0.7447526454925537,-0.9833984375,0.07513427734375,-0.163818359375,0.0,0.430419921875,0.5078125
1438,607,-0.23239575326442719,0.49411800503730774,0.640683650970459,-0.982421875,0.07598876953125,-0.170166015625,0.0,0.443359375,0.5537109375
1439,604,-0.25509724020957947,0.24562141299247742,0.6544811725616455,-0.9833984375,0.07537841796875,-0.1640625,0.0,0.446044921875,0.5107421875
1440,606,-0.27002081274986267,0.24055007100105286,0.7447526454925537,-0.9833984375,0.07513427734375,-0.163818359375,0.0,0.430419921875,0.5078125
1441,608,-0.24252836406230927,0.5216482281684875,0.7089413404464722,-0.982421875,0.07568359375,-0.1708984375,0.0,0.430419921875,0.55712890625
1442,607,-0.23239575326442719,0.49411800503730774,0.640683650970459,-0.982421875,0.07598876953125,-0.170166015625,0.0,0.443359375,0.5537109375
1443,607,-0.23239575326442719,0.49411800503730774,0.640683650970459,-0.982421875,0.07598876953125,-0.170166015625,0.0,0.443359375,0.5537109375
1444,608,-0.24252836406230927,0.5216482281684875,0.7089413404464722,-0.982421875,0.07568359375,-0.1708984375,0.0,0.430419921875,0.55712890625
1445,609,-0.16901366412639618,0.9983559846878052,0.49818602204322815,-0.98193359375,0.07501220703125,-0.1728515625,0.0,0.456787109375,0.64794921875
1446,608,-0.24252836406230927,0.5216482281684875,0.7089413404464722,-0.982421875,0.07568359375,-0.1708984375,0.0,0.430419921875,0.55712890625
1447,610,-0.1966429054737091,0.8396948575973511,0.5880914926528931,-0.98388671875,0.0821533203125,-0.157470703125,0.0,0.444580078125,0.6171875
1448,609,-0.16901366412639618,0.9983559846878052,0.49818602204322815,-0.98193359375,0.07501220703125,-0.1728515625,0.0,0.456787109375,0.64794921875
1449,611,0.24955706298351288,1.4899790287017822,0.09136870503425598,0.257568359375,0.018096923828125,-0.96630859375,0.0,0.60888671875,0.27734375
1450,612,0.431112140417099,1.1612783670425415,0.13360223174095154,0.23193359375,0.01849365234375,-0.97265625,0.0,0.62841796875,0.21337890625
1451,613,0.39090338349342346,1.1497623920440674,0.12266920506954193,0.2352294921875,0.0184478759765625,-0.9716796875,0.0,0.62060546875,0.2130126953125
1452,614,0.4442761242389679,0.9605479836463928,0.1326872855424881,0.187744140625,0.0036029815673828125,-0.982421875,0.0,0.623046875,0.177978515625
1453,613,0.39090338349342346,1.1497623920440674,0.12266920506954193,0.2352294921875,0.0184478759765625,-0.9716796875,0.0,0.62060546875,0.2130126953125
1454,612,0.431112140417099,1.1612783670425415,0.13360223174095154,0.23193359375,0.01849365234375,-0.97265625,0.0,0.62841796875,0.21337890625
1455,614,0.4442761242389679,0.9605479836463928,0.1326872855424881,0.187744140625,0.0036029815673828125,-0.982421875,0.0,0.623046875,0.177978515625
1456,612,0.431112140417099,1.1612783670425415,0.13360223174095154,0.23193359375,0.01849365234375,-0.97265625,0.0,0.62841796875,0.21337890625
1457,615,0.5086594820022583,0.9743309617042542,0.14554312825202942,0.1849365234375,0.0021762847900390625,-0.98291015625,0.0,0.634765625,0.177490234375
1458,616,0.4960046708583832,0.7320812344551086,0.1448734998703003,0.1754150390625,-0.00582122802734375,-0.984375,0.0,0.62158203125,0.1370849609375
1459,614,0.4442761242389679,0.9605479836463928,0.1326872855424881,0.187744140625,0.0036029815673828125,-0.982421875,0.0,0.623046875,0.177978515625
1460,615,0.5086594820022583,0.9743309617042542,0.14554312825202942,0.1849365234375,0.0021762847900390625,-0.98291015625,0.0,0.634765625,0.177490234375
1461,616,0.4960046708583832,0.7320812344551086,0.1448734998703003,0.1754150390625,-0.00582122802734375,-0.984375,0.0,0.62158203125,0.1370849609375
1462,615,0.5086594820022583,0.9743309617042542,0.14554312825202942,0.1849365234375,0.0021762847900390625,-0.98291015625,0.0,0.634765625,0.177490234375
1463,617,0.5801887512207031,0.7456803917884827,0.15725946426391602,0.1759033203125,-0.005802154541015625,-0.984375,0.0,0.63623046875,0.135498046875
1464,618,0.5487909317016602,0.44154268503189087,0.15325357019901276,0.1942138671875,-0.001995086669921875,-0.98095703125,0.0,0.61669921875,0.0858154296875
1465,616,0.4960046708583832,0.7320812344551086,0.1448734998703003,0.1754150390625,-0.00582122802734375,-0.984375,0.0,0.62158203125,0.1370849609375
1466,617,0.5801887512207031,0.7456803917884827,0.15725946426391602,0.1759033203125,-0.005802154541015625,-0.984375,0.0,0.63623046875,0.135498046875
1467,618,0.5487909317016602,0.44154268503189087,0.15325357019901276,0.1942138671875,-0.001995086669921875,-0.98095703125,0.0,0.61669921875,0.0858154296875
1468,617,0.5801887512207031,0.7456803917884827,0.15725946426391602,0.1759033203125,-0.005802154541015625,-0.984375,0.0,0.63623046875,0.135498046875
1469,619,0.6451871991157532,0.4634152352809906,0.17373162508010864,0.1932373046875,-0.002227783203125,-0.98095703125,0.0,0.63427734375,0.0850830078125
1470,620,0.6820244193077087,0.22501951456069946,0.18118678033351898,0.20751953125,0.00142669677734375,-0.97802734375,0.0,0.630859375,0.04461669921875
1471,618,0.5487909317016602,0.44154268503189087,0.15325357019901276,0.1942138671875,-0.001995086669921875,-0.98095703125,0.0,0.61669921875,0.0858154296875
1472,619,0.6451871991157532,0.4634152352809906,0.17373162508010864,0.1932373046875,-0.002227783203125,-0.98095703125,0.0,0.63427734375,0.0850830078125
1473,620,0.6820244193077087,0.22501951456069946,0.18118678033351898,0.20751953125,0.00142669677734375,-0.97802734375,0.0,0.630859375,0.04461669921875
1474,621,0.5712651610374451,0.1998908817768097,0.15766185522079468,0.20751953125,0.0014219284057617188,-0.97802734375,0.0,0.6103515625,0.0435791015625
1475,618,0.5487909317016602,0.44154268503189087,0.15325357019901276,0.1942138671875,-0.001995086669921875,-0.98095703125,0.0,0.61669921875,0.0858154296875
1476,621,0.5712651610374451,0.1998908817768097,0.15766185522079468,0.20751953125,0.0014219284057617188,-0.97802734375,0.0,0.6103515625,0.0435791015625
1477,620,0.6820244193077087,0.22501951456069946,0.18118678033351898,0.20751953125,0.00142669677734375,-0.97802734375,0.0,0.630859375,0.04461669921875
1478,622,0.7073699235916138,0.0,0.18626493215560913,0.2076416015625,0.0013914108276367188,-0.97802734375,0.0,0.63134765625,0.00621795654296875
1479,621,0.5712651610374451,0.1998908817768097,0.15766185522079468,0.20751953125,0.0014219284057617188,-0.97802734375,0.0,0.6103515625,0.0435791015625
1480,622,0.7073699235916138,0.0,0.18626493215560913,0.2076416015625,0.0013914108276367188,-0.97802734375,0.0,0.63134765625,0.00621795654296875
1481,623,0.5854932069778442,0.0,0.1603786200284958,0.2076416015625,0.0013914108276367188,-0.97802734375,0.0,0.60888671875,0.006591796875
1482,624,-0.1979512870311737,0.16447967290878296,0.727275550365448,0.9599609375,-0.11474609375,0.256103515625,0.0,0.34765625,0.8115234375
1483,625,-0.24442222714424133,1.1102229998097382e-18,0.8279027342796326,0.9599609375,-0.1153564453125,0.2548828125,0.0,0.374267578125,0.78955078125
1484,626,-0.21607369184494019,0.0,0.7184104919433594,0.9599609375,-0.1153564453125,0.2548828125,0.0,0.355224609375,0.783203125
1485,624,-0.1979512870311737,0.16447967290878296,0.727275550365448,0.9599609375,-0.11474609375,0.256103515625,0.0,0.34765625,0.8115234375
1486,627,-0.22443179786205292,0.16737760603427887,0.8256838321685791,0.9599609375,-0.1146240234375,0.25634765625,0.0,0.364501953125,0.8173828125
1487,625,-0.24442222714424133,1.1102229998097382e-18,0.8279027342796326,0.9599609375,-0.1153564453125,0.2548828125,0.0,0.374267578125,0.78955078125
1488,628,-0.19087915122509003,0.37168088555336,0.7911408543586731,0.9599609375,-0.114013671875,0.255615234375,0.0,0.34716796875,0.849609375
1489,627,-0.22443179786205292,0.16737760603427887,0.8256838321685791,0.9599609375,-0.1146240234375,0.25634765625,0.0,0.364501953125,0.8173828125
1490,624,-0.1979512870311737,0.16447967290878296,0.727275550365448,0.9599609375,-0.11474609375,0.256103515625,0.0,0.34765625,0.8115234375
1491,628,-0.19087915122509003,0.37168088555336,0.7911408543586731,0.9599609375,-0.114013671875,0.255615234375,0.0,0.34716796875,0.849609375
1492,629,-0.212319478392601,0.3506709933280945,0.8631527423858643,0.9599609375,-0.114013671875,0.25537109375,0.0,0.36083984375,0.85009765625
1493,627,-0.22443179786205292,0.16737760603427887,0.8256838321685791,0.9599609375,-0.1146240234375,0.25634765625,0.0,0.364501953125,0.8173828125
1494,629,-0.212319478392601,0.3506709933280945,0.8631527423858643,0.9599609375,-0.114013671875,0.25537109375,0.0,0.36083984375,0.85009765625
1495,628,-0.19087915122509003,0.37168088555336,0.7911408543586731,0.9599609375,-0.114013671875,0.255615234375,0.0,0.34716796875,0.849609375
1496,630,-0.22060252726078033,0.7230535745620728,1.0625410079956055,0.96044921875,-0.11474609375,0.253662109375,0.0,0.37451171875,0.9228515625
1497,628,-0.19087915122509003,0.37168088555336,0.7911408543586731,0.9599609375,-0.114013671875,0.255615234375,0.0,0.34716796875,0.849609375
1498,631,-0.204787015914917,0.6064123511314392,0.9504864811897278,0.95849609375,-0.11944580078125,0.259521484375,0.0,0.361572265625,0.8974609375
1499,630,-0.22060252726078033,0.7230535745620728,1.0625410079956055,0.96044921875,-0.11474609375,0.253662109375,0.0,0.37451171875,0.9228515625
1500,632,0.3210517168045044,0.10507230460643768,1.3688479661941528,0.54638671875,0.046600341796875,-0.83642578125,0.0,0.463623046875,0.72900390625
1501,633,0.420965313911438,0.0,1.4276384115219116,0.544921875,0.049835205078125,-0.8369140625,0.0,0.490966796875,0.7275390625
1502,634,0.30560868978500366,0.0,1.3524730205535889,0.544921875,0.049835205078125,-0.8369140625,0.0,0.472412109375,0.7119140625
1503,632,0.3210517168045044,0.10507230460643768,1.3688479661941528,0.54638671875,0.046600341796875,-0.83642578125,0.0,0.463623046875,0.72900390625
1504,635,0.42758116126060486,0.09637854248285294,1.437615990638733,0.546875,0.045562744140625,-0.8359375,0.0,0.481689453125,0.74169921875
1505,633,0.420965313911438,0.0,1.4276384115219116,0.544921875,0.049835205078125,-0.8369140625,0.0,0.490966796875,0.7275390625
1506,636,0.40755680203437805,0.29053911566734314,1.4345667362213135,0.5478515625,0.04180908203125,-0.83544921875,0.0,0.45751953125,0.76611328125
1507,635,0.42758116126060486,0.09637854248285294,1.437615990638733,0.546875,0.045562744140625,-0.8359375,0.0,0.481689453125,0.74169921875
1508,632,0.3210517168045044,0.10507230460643768,1.3688479661941528,0.54638671875,0.046600341796875,-0.83642578125,0.0,0.463623046875,0.72900390625
1509,636,0.40755680203437805,0.29053911566734314,1.4345667362213135,0.5478515625,0.04180908203125,-0.83544921875,0.0,0.45751953125,0.76611328125
1510,637,0.48249298334121704,0.26228442788124084,1.4828381538391113,0.5478515625,0.040924072265625,-0.83544921875,0.0,0.472900390625,0.77197265625
1511,635,0.42758116126060486,0.09637854248285294,1.437615990638733,0.546875,0.045562744140625,-0.8359375,0.0,0.481689453125,0.74169921875
1512,638,0.5572469830513,0.4651387333869934,1.541277289390564,0.54736328125,0.03985595703125,-0.8359375,0.0,0.463134765625,0.81005859375
1513,637,0.48249298334121704,0.26228442788124084,1.4828381538391113,0.5478515625,0.040924072265625,-0.83544921875,0.0,0.472900390625,0.77197265625
1514,636,0.40755680203437805,0.29053911566734314,1.4345667362213135,0.5478515625,0.04180908203125,-0.83544921875,0.0,0.45751953125,0.76611328125
1515,638,0.5572469830513,0.4651387333869934,1.541277289390564,0.54736328125,0.03985595703125,-0.8359375,0.0,0.463134765625,0.81005859375
1516,639,0.6084874272346497,0.4267413318157196,1.5726085901260376,0.546875,0.041259765625,-0.83642578125,0.0,0.4755859375,0.8115234375
1517,637,0.48249298334121704,0.26228442788124084,1.4828381538391113,0.5478515625,0.040924072265625,-0.83544921875,0.0,0.472900390625,0.77197265625
1518,639,0.6084874272346497,0.4267413318157196,1.5726085901260376,0.546875,0.041259765625,-0.83642578125,0.0,0.4755859375,0.8115234375
1519,638,0.5572469830513,0.4651387333869934,1.541277289390564,0.54736328125,0.03985595703125,-0.8359375,0.0,0.463134765625,0.81005859375
1520,640,0.8178929090499878,0.540484607219696,1.7150777578353882,0.54541015625,0.04461669921875,-0.8369140625,0.0,0.4970703125,0.85498046875
1521,641,-0.6014961004257202,0.10507230460643768,0.49274930357933044,0.90625,0.046600341796875,-0.42041015625,0.0,0.035491943359375,0.8134765625
1522,642,-0.5478286147117615,0.0,0.5955051779747009,0.9052734375,0.049835205078125,-0.421875,0.0,0.00809478759765625,0.81494140625
1523,643,-0.6059350371360779,0.0,0.4706825613975525,0.9052734375,0.049835205078125,-0.421875,0.0,0.0267486572265625,0.830078125
1524,641,-0.6014961004257202,0.10507230460643768,0.49274930357933044,0.90625,0.046600341796875,-0.42041015625,0.0,0.035491943359375,0.8134765625
1525,644,-0.5474950075149536,0.09637854248285294,0.6074716448783875,0.90625,0.045562744140625,-0.420166015625,0.0,0.0173492431640625,0.80078125
1526,642,-0.5478286147117615,0.0,0.5955051779747009,0.9052734375,0.049835205078125,-0.421875,0.0,0.00809478759765625,0.81494140625
1527,645,-0.5628719329833984,0.29053911566734314,0.5942885279655457,0.90673828125,0.04180908203125,-0.419189453125,0.0,0.041473388671875,0.7763671875
1528,644,-0.5474950075149536,0.09637854248285294,0.6074716448783875,0.90625,0.045562744140625,-0.420166015625,0.0,0.0173492431640625,0.80078125
1529,641,-0.6014961004257202,0.10507230460643768,0.49274930357933044,0.90625,0.046600341796875,-0.42041015625,0.0,0.035491943359375,0.8134765625
1530,645,-0.5628719329833984,0.29053911566734314,0.5942885279655457,0.90673828125,0.04180908203125,-0.419189453125,0.0,0.041473388671875,0.7763671875
1531,646,-0.5248318910598755,0.26228442788124084,0.6749013662338257,0.90673828125,0.040924072265625,-0.419189453125,0.0,0.0262451171875,0.7705078125
1532,644,-0.5474950075149536,0.09637854248285294,0.6074716448783875,0.90625,0.045562744140625,-0.420166015625,0.0,0.0173492431640625,0.80078125
1533,647,-0.4923264682292938,0.4651387333869934,0.7640458345413208,0.90673828125,0.03985595703125,-0.419677734375,0.0,0.036041259765625,0.732421875
1534,646,-0.5248318910598755,0.26228442788124084,0.6749013662338257,0.90673828125,0.040924072265625,-0.419189453125,0.0,0.0262451171875,0.7705078125
1535,645,-0.5628719329833984,0.29053911566734314,0.5942885279655457,0.90673828125,0.04180908203125,-0.419189453125,0.0,0.041473388671875,0.7763671875
1536,647,-0.4923264682292938,0.4651387333869934,0.7640458345413208,0.90673828125,0.03985595703125,-0.419677734375,0.0,0.036041259765625,0.732421875
1537,648,-0.4654270112514496,0.4267413318157196,0.8177459239959717,0.90625,0.041259765625,-0.420166015625,0.0,0.02362060546875,0.73095703125
1538,646,-0.5248318910598755,0.26228442788124084,0.6749013662338257,0.90673828125,0.040924072265625,-0.419189453125,0.0,0.0262451171875,0.7705078125
1539,649,-0.3631345331668854,0.540484607219696,1.0494444370269775,0.90576171875,0.04461669921875,-0.421630859375,0.0,0.00197601318359375,0.68701171875
1540,648,-0.4654270112514496,0.4267413318157196,0.8177459239959717,0.90625,0.041259765625,-0.420166015625,0.0,0.02362060546875,0.73095703125
1541,647,-0.4923264682292938,0.4651387333869934,0.7640458345413208,0.90673828125,0.03985595703125,-0.419677734375,0.0,0.036041259765625,0.732421875
1542,650,-1.4101954698562622,0.0,-0.35451996326446533,0.11102294921875,-0.0987548828125,0.98876953125,0.0,0.720703125,0.25830078125
1543,651,-1.516469955444336,0.2948860228061676,-0.31313514709472656,0.11102294921875,-0.1070556640625,0.98828125,0.0,0.72998046875,0.311767578125
1544,652,-1.5326827764511108,0.0,-0.3406957685947418,0.11102294921875,-0.0987548828125,0.98876953125,0.0,0.74267578125,0.26318359375
1545,650,-1.4101954698562622,0.0,-0.35451996326446533,0.11102294921875,-0.0987548828125,0.98876953125,0.0,0.720703125,0.25830078125
1546,653,-1.4082860946655273,0.2912636697292328,-0.3255767822265625,0.11102294921875,-0.10595703125,0.98828125,0.0,0.7119140625,0.3076171875
1547,651,-1.516469955444336,0.2948860228061676,-0.31313514709472656,0.11102294921875,-0.1070556640625,0.98828125,0.0,0.72998046875,0.311767578125
1548,653,-1.4082860946655273,0.2912636697292328,-0.3255767822265625,0.11102294921875,-0.10595703125,0.98828125,0.0,0.7119140625,0.3076171875
1549,654,-1.544319987297058,0.5767087340354919,-0.2767564654350281,0.11151123046875,-0.11529541015625,0.98681640625,0.0,0.72705078125,0.359375
1550,651,-1.516469955444336,0.2948860228061676,-0.31313514709472656,0.11102294921875,-0.1070556640625,0.98828125,0.0,0.72998046875,0.311767578125
1551,653,-1.4082860946655273,0.2912636697292328,-0.3255767822265625,0.11102294921875,-0.10595703125,0.98828125,0.0,0.7119140625,0.3076171875
1552,655,-1.4636489152908325,0.6093102693557739,-0.28214767575263977,0.111572265625,-0.11517333984375,0.98681640625,0.0,0.71142578125,0.3623046875
1553,654,-1.544319987297058,0.5767087340354919,-0.2767564654350281,0.11151123046875,-0.11529541015625,0.98681640625,0.0,0.72705078125,0.359375
1554,654,-1.544319987297058,0.5767087340354919,-0.2767564654350281,0.11151123046875,-0.11529541015625,0.98681640625,0.0,0.72705078125,0.359375
1555,655,-1.4636489152908325,0.6093102693557739,-0.28214767575263977,0.111572265625,-0.11517333984375,0.98681640625,0.0,0.71142578125,0.3623046875
1556,656,-1.7392959594726562,1.1461498737335205,-0.18859709799289703,0.11090087890625,-0.11505126953125,0.9873046875,0.0,0.7431640625,0.469970703125
1557,655,-1.4636489152908325,0.6093102693557739,-0.28214767575263977,0.111572265625,-0.11517333984375,0.98681640625,0.0,0.71142578125,0.3623046875
1558,657,-1.6236193180084229,0.9679278135299683,-0.22218924760818481,0.10357666015625,-0.118896484375,0.9873046875,0.0,0.728515625,0.433349609375
1559,656,-1.7392959594726562,1.1461498737335205,-0.18859709799289703,0.11090087890625,-0.11505126953125,0.9873046875,0.0,0.7431640625,0.469970703125
1560,658,-0.5839724540710449,0.0,0.5510549545288086,-0.47216796875,-0.043060302734375,0.88037109375,0.0,0.79150390625,0.2105712890625
1561,659,-0.662198007106781,0.3260386884212494,0.5250433087348938,-0.473388671875,-0.049102783203125,0.87939453125,0.0,0.79931640625,0.266845703125
1562,660,-0.6912838816642761,0.0,0.4933004379272461,-0.47216796875,-0.043060302734375,0.88037109375,0.0,0.81396484375,0.21484375
1563,658,-0.5839724540710449,0.0,0.5510549545288086,-0.47216796875,-0.043060302734375,0.88037109375,0.0,0.79150390625,0.2105712890625
1564,661,-0.5662761330604553,0.3144470155239105,0.5757256746292114,-0.47314453125,-0.0484619140625,0.87939453125,0.0,0.78125,0.263427734375
1565,659,-0.662198007106781,0.3260386884212494,0.5250433087348938,-0.473388671875,-0.049102783203125,0.87939453125,0.0,0.79931640625,0.266845703125
1566,661,-0.5662761330604553,0.3144470155239105,0.5757256746292114,-0.47314453125,-0.0484619140625,0.87939453125,0.0,0.78125,0.263427734375
1567,662,-0.6696920394897461,0.6100347638130188,0.5388032793998718,-0.47607421875,-0.05621337890625,0.87744140625,0.0,0.79736328125,0.31298828125
1568,659,-0.662198007106781,0.3260386884212494,0.5250433087348938,-0.473388671875,-0.049102783203125,0.87939453125,0.0,0.79931640625,0.266845703125
1569,661,-0.5662761330604553,0.3144470155239105,0.5757256746292114,-0.47314453125,-0.0484619140625,0.87939453125,0.0,0.78125,0.263427734375
1570,663,-0.5963023900985718,0.6368405818939209,0.5805652737617493,-0.476318359375,-0.056182861328125,0.87744140625,0.0,0.78173828125,0.316650390625
1571,662,-0.6696920394897461,0.6100347638130188,0.5388032793998718,-0.47607421875,-0.05621337890625,0.87744140625,0.0,0.79736328125,0.31298828125
1572,662,-0.6696920394897461,0.6100347638130188,0.5388032793998718,-0.47607421875,-0.05621337890625,0.87744140625,0.0,0.79736328125,0.31298828125
1573,663,-0.5963023900985718,0.6368405818939209,0.5805652737617493,-0.476318359375,-0.056182861328125,0.87744140625,0.0,0.78173828125,0.316650390625
1574,664,-0.8066059947013855,1.1939655542373657,0.501484751701355,-0.476318359375,-0.055206298828125,0.87744140625,0.0,0.814453125,0.425048828125
1575,663,-0.5963023900985718,0.6368405818939209,0.5805652737617493,-0.476318359375,-0.056182861328125,0.87744140625,0.0,0.78173828125,0.316650390625
1576,665,-0.7153167724609375,1.0070496797561646,0.5389143824577332,-0.464599609375,-0.0499267578125,0.88427734375,0.0,0.798828125,0.388427734375
1577,664,-0.8066059947013855,1.1939655542373657,0.501484751701355,-0.476318359375,-0.055206298828125,0.87744140625,0.0,0.814453125,0.425048828125
1578,666,-0.9208019971847534,0.14854110777378082,0.34563589096069336,0.90771484375,0.045440673828125,-0.417724609375,0.0,0.11273193359375,0.8466796875
1579,667,-0.9004095196723938,0.0,0.37306350469589233,0.90673828125,0.04718017578125,-0.418701171875,0.0,0.125244140625,0.8232421875
1580,668,-0.9233577251434326,0.0,0.3230160176753998,0.90673828125,0.04718017578125,-0.418701171875,0.0,0.115966796875,0.82080078125
1581,666,-0.9208019971847534,0.14854110777378082,0.34563589096069336,0.90771484375,0.045440673828125,-0.417724609375,0.0,0.11273193359375,0.8466796875
1582,669,-0.8999353051185608,0.14491868019104004,0.3900788426399231,0.90771484375,0.045196533203125,-0.41748046875,0.0,0.1212158203125,0.8486328125
1583,667,-0.9004095196723938,0.0,0.37306350469589233,0.90673828125,0.04718017578125,-0.418701171875,0.0,0.125244140625,0.8232421875
1584,666,-0.9208019971847534,0.14854110777378082,0.34563589096069336,0.90771484375,0.045440673828125,-0.417724609375,0.0,0.11273193359375,0.8466796875
1585,670,-0.890720784664154,0.33400794863700867,0.43065932393074036,0.9091796875,0.04241943359375,-0.414794921875,0.0,0.11932373046875,0.88232421875
1586,669,-0.8999353051185608,0.14491868019104004,0.3900788426399231,0.90771484375,0.045196533203125,-0.41748046875,0.0,0.1212158203125,0.8486328125
1587,666,-0.9208019971847534,0.14854110777378082,0.34563589096069336,0.90771484375,0.045440673828125,-0.417724609375,0.0,0.11273193359375,0.8466796875
1588,671,-0.9054116606712341,0.3600892126560211,0.40070265531539917,0.90966796875,0.041717529296875,-0.413818359375,0.0,0.11248779296875,0.88525390625
1589,670,-0.890720784664154,0.33400794863700867,0.43065932393074036,0.9091796875,0.04241943359375,-0.414794921875,0.0,0.11932373046875,0.88232421875
1590,670,-0.890720784664154,0.33400794863700867,0.43065932393074036,0.9091796875,0.04241943359375,-0.414794921875,0.0,0.11932373046875,0.88232421875
1591,671,-0.9054116606712341,0.3600892126560211,0.40070265531539917,0.90966796875,0.041717529296875,-0.413818359375,0.0,0.11248779296875,0.88525390625
1592,672,-0.8453356623649597,0.7078394889831543,0.5676120519638062,0.908203125,0.042999267578125,-0.41650390625,0.0,0.126220703125,0.9521484375
1593,671,-0.9054116606712341,0.3600892126560211,0.40070265531539917,0.90966796875,0.041717529296875,-0.413818359375,0.0,0.11248779296875,0.88525390625
1594,673,-0.870248019695282,0.5940961837768555,0.5023391842842102,0.8955078125,0.057098388671875,-0.44140625,0.0,0.1197509765625,0.9296875
1595,672,-0.8453356623649597,0.7078394889831543,0.5676120519638062,0.908203125,0.042999267578125,-0.41650390625,0.0,0.126220703125,0.9521484375
1596,674,0.6723562479019165,1.8580052852630615,0.4993612468242645,-0.787109375,-0.048553466796875,-0.61474609375,0.0,0.2293701171875,0.347412109375
1597,675,0.8145687580108643,1.433931589126587,0.35075515508651733,-0.787109375,-0.048553466796875,-0.61474609375,0.0,0.2491455078125,0.2666015625
1598,676,0.6723478436470032,1.8580007553100586,0.4993726909160614,-0.79248046875,-0.05584716796875,-0.607421875,0.0,0.2293701171875,0.347412109375
1599,674,0.6723562479019165,1.8580052852630615,0.4993612468242645,-0.787109375,-0.048553466796875,-0.61474609375,0.0,0.2293701171875,0.347412109375
1600,677,0.861407458782196,1.4528793096542358,0.28928518295288086,-0.787109375,-0.048553466796875,-0.61474609375,0.0,0.26318359375,0.266845703125
1601,675,0.8145687580108643,1.433931589126587,0.35075515508651733,-0.787109375,-0.048553466796875,-0.61474609375,0.0,0.2491455078125,0.2666015625
1602,678,0.862583577632904,1.1955127716064453,0.30810075998306274,-0.787109375,-0.048553466796875,-0.61474609375,0.0,0.251220703125,0.2230224609375
1603,675,0.8145687580108643,1.433931589126587,0.35075515508651733,-0.787109375,-0.048553466796875,-0.61474609375,0.0,0.2491455078125,0.2666015625
1604,677,0.861407458782196,1.4528793096542358,0.28928518295288086,-0.787109375,-0.048553466796875,-0.61474609375,0.0,0.26318359375,0.266845703125
1605,678,0.862583577632904,1.1955127716064453,0.30810075998306274,-0.787109375,-0.048553466796875,-0.61474609375,0.0,0.251220703125,0.2230224609375
1606,677,0.861407458782196,1.4528793096542358,0.28928518295288086,-0.787109375,-0.048553466796875,-0.61474609375,0.0,0.26318359375,0.266845703125
1607,679,0.9229089021682739,1.2199147939682007,0.2289334088563919,-0.787109375,-0.048553466796875,-0.61474609375,0.0,0.269287109375,0.223388671875
1608,680,0.9169337153434753,0.9062849283218384,0.26134783029556274,-0.787109375,-0.048553466796875,-0.61474609375,0.0,0.252197265625,0.1708984375
1609,678,0.862583577632904,1.1955127716064453,0.30810075998306274,-0.787109375,-0.048553466796875,-0.61474609375,0.0,0.251220703125,0.2230224609375
1610,679,0.9229089021682739,1.2199147939682007,0.2289334088563919,-0.787109375,-0.048553466796875,-0.61474609375,0.0,0.269287109375,0.223388671875
1611,680,0.9169337153434753,0.9062849283218384,0.26134783029556274,-0.787109375,-0.048553466796875,-0.61474609375,0.0,0.252197265625,0.1708984375
1612,679,0.9229089021682739,1.2199147939682007,0.2289334088563919,-0.787109375,-0.048553466796875,-0.61474609375,0.0,0.269287109375,0.223388671875
1613,681,0.9818699359893799,0.9325541257858276,0.17612415552139282,-0.787109375,-0.048553466796875,-0.61474609375,0.0,0.271484375,0.171142578125
1614,682,1.0538212060928345,0.5753123164176941,0.11220088601112366,-0.787109375,-0.048553466796875,-0.61474609375,0.0,0.2734375,0.1068115234375
1615,680,0.9169337153434753,0.9062849283218384,0.26134783029556274,-0.787109375,-0.048553466796875,-0.61474609375,0.0,0.252197265625,0.1708984375
1616,681,0.9818699359893799,0.9325541257858276,0.17612415552139282,-0.787109375,-0.048553466796875,-0.61474609375,0.0,0.271484375,0.171142578125
1617,682,1.0538212060928345,0.5753123164176941,0.11220088601112366,-0.787109375,-0.048553466796875,-0.61474609375,0.0,0.2734375,0.1068115234375
1618,683,0.9596235156059265,0.5372054576873779,0.23583334684371948,-0.787109375,-0.048553466796875,-0.61474609375,0.0,0.24560546875,0.10626220703125
1619,680,0.9169337153434753,0.9062849283218384,0.26134783029556274,-0.787109375,-0.048553466796875,-0.61474609375,0.0,0.252197265625,0.1708984375
1620,684,1.0886869430541992,0.27178627252578735,0.09153373539447784,-0.78759765625,-0.0479736328125,-0.6142578125,0.0,0.2685546875,0.05426025390625
1621,683,0.9596235156059265,0.5372054576873779,0.23583334684371948,-0.787109375,-0.048553466796875,-0.61474609375,0.0,0.24560546875,0.10626220703125
1622,682,1.0538212060928345,0.5753123164176941,0.11220088601112366,-0.787109375,-0.048553466796875,-0.61474609375,0.0,0.2734375,0.1068115234375
1623,684,1.0886869430541992,0.27178627252578735,0.09153373539447784,-0.78759765625,-0.0479736328125,-0.6142578125,0.0,0.2685546875,0.05426025390625
1624,685,0.9804444909095764,0.22799043357372284,0.23358920216560364,-0.7880859375,-0.047821044921875,-0.61376953125,0.0,0.2364501953125,0.052642822265625
1625,683,0.9596235156059265,0.5372054576873779,0.23583334684371948,-0.787109375,-0.048553466796875,-0.61474609375,0.0,0.24560546875,0.10626220703125
1626,685,0.9804444909095764,0.22799043357372284,0.23358920216560364,-0.7880859375,-0.047821044921875,-0.61376953125,0.0,0.2364501953125,0.052642822265625
1627,684,1.0886869430541992,0.27178627252578735,0.09153373539447784,-0.78759765625,-0.0479736328125,-0.6142578125,0.0,0.2685546875,0.05426025390625
1628,686,1.1126307249069214,0.0,0.08112799376249313,-0.78857421875,-0.04718017578125,-0.61328125,0.0,0.264892578125,0.0072021484375
1629,685,0.9804444909095764,0.22799043357372284,0.23358920216560364,-0.7880859375,-0.047821044921875,-0.61376953125,0.0,0.2364501953125,0.052642822265625
1630,686,1.1126307249069214,0.0,0.08112799376249313,-0.78857421875,-0.04718017578125,-0.61328125,0.0,0.264892578125,0.0072021484375
1631,687,0.9919213056564331,0.0,0.2368956357240677,-0.78857421875,-0.04718017578125,-0.61328125,0.0,0.230224609375,0.0119476318359375
1632,688,-0.02773239091038704,0.14854110777378082,1.4129869937896729,0.548828125,0.045440673828125,-0.83447265625,0.0,0.53759765625,0.8115234375
1633,689,0.004085930995643139,0.0,1.4254696369171143,0.5478515625,0.04718017578125,-0.8349609375,0.0,0.5498046875,0.78759765625
1634,690,-0.04186978563666344,0.0,1.3951472043991089,0.5478515625,0.04718017578125,-0.8349609375,0.0,0.54052734375,0.78515625
1635,688,-0.02773239091038704,0.14854110777378082,1.4129869937896729,0.548828125,0.045440673828125,-0.83447265625,0.0,0.53759765625,0.8115234375
1636,691,0.013492278754711151,0.14491868019104004,1.4396560192108154,0.54931640625,0.045196533203125,-0.83447265625,0.0,0.5458984375,0.81298828125
1637,689,0.004085930995643139,0.0,1.4254696369171143,0.5478515625,0.04718017578125,-0.8349609375,0.0,0.5498046875,0.78759765625
1638,688,-0.02773239091038704,0.14854110777378082,1.4129869937896729,0.548828125,0.045440673828125,-0.83447265625,0.0,0.53759765625,0.8115234375
1639,692,0.04278480261564255,0.33400794863700867,1.4692133665084839,0.5517578125,0.04241943359375,-0.8330078125,0.0,0.5439453125,0.84716796875
1640,691,0.013492278754711151,0.14491868019104004,1.4396560192108154,0.54931640625,0.045196533203125,-0.83447265625,0.0,0.5458984375,0.81298828125
1641,688,-0.02773239091038704,0.14854110777378082,1.4129869937896729,0.548828125,0.045440673828125,-0.83447265625,0.0,0.53759765625,0.8115234375
1642,693,0.01446762029081583,0.3600892126560211,1.451568841934204,0.552734375,0.041717529296875,-0.83251953125,0.0,0.537109375,0.849609375
1643,692,0.04278480261564255,0.33400794863700867,1.4692133665084839,0.5517578125,0.04241943359375,-0.8330078125,0.0,0.5439453125,0.84716796875
1644,692,0.04278480261564255,0.33400794863700867,1.4692133665084839,0.5517578125,0.04241943359375,-0.8330078125,0.0,0.5439453125,0.84716796875
1645,693,0.01446762029081583,0.3600892126560211,1.451568841934204,0.552734375,0.041717529296875,-0.83251953125,0.0,0.537109375,0.849609375
1646,694,0.15376555919647217,0.7078394889831543,1.5614029169082642,0.55029296875,0.04296875,-0.833984375,0.0,0.55078125,0.9169921875
1647,693,0.01446762029081583,0.3600892126560211,1.451568841934204,0.552734375,0.041717529296875,-0.83251953125,0.0,0.537109375,0.849609375
1648,695,0.09808669984340668,0.5940961837768555,1.5192006826400757,0.5263671875,0.057098388671875,-0.84814453125,0.0,0.54443359375,0.89453125
1649,694,0.15376555919647217,0.7078394889831543,1.5614029169082642,0.55029296875,0.04296875,-0.833984375,0.0,0.55078125,0.9169921875
1650,696,-0.9518111348152161,0.0,0.5311483144760132,-0.468994140625,-0.04241943359375,0.88232421875,0.0,0.7724609375,0.83984375
1651,697,-1.0245264768600464,0.2144688218832016,0.5028096437454224,-0.468994140625,-0.04705810546875,0.8818359375,0.0,0.77734375,0.88134765625
1652,698,-1.0414252281188965,0.0,0.4832306504249573,-0.468994140625,-0.04241943359375,0.88232421875,0.0,0.791015625,0.84521484375
1653,696,-0.9518111348152161,0.0,0.5311483144760132,-0.468994140625,-0.04241943359375,0.88232421875,0.0,0.7724609375,0.83984375
1654,699,-0.9440132975578308,0.20505057275295258,0.5448724031448364,-0.468994140625,-0.04632568359375,0.8818359375,0.0,0.76220703125,0.87646484375
1655,697,-1.0245264768600464,0.2144688218832016,0.5028096437454224,-0.468994140625,-0.04705810546875,0.8818359375,0.0,0.77734375,0.88134765625
1656,700,-0.9763601422309875,0.40718045830726624,0.5399469137191772,-0.469970703125,-0.053436279296875,0.880859375,0.0,0.7626953125,0.91259765625
1657,697,-1.0245264768600464,0.2144688218832016,0.5028096437454224,-0.468994140625,-0.04705810546875,0.8818359375,0.0,0.77734375,0.88134765625
1658,699,-0.9440132975578308,0.20505057275295258,0.5448724031448364,-0.468994140625,-0.04632568359375,0.8818359375,0.0,0.76220703125,0.87646484375
1659,700,-0.9763601422309875,0.40718045830726624,0.5399469137191772,-0.469970703125,-0.053436279296875,0.880859375,0.0,0.7626953125,0.91259765625
1660,701,-1.0374211072921753,0.3919663429260254,0.5063359141349792,-0.469970703125,-0.05340576171875,0.880859375,0.0,0.7744140625,0.9111328125
1661,697,-1.0245264768600464,0.2144688218832016,0.5028096437454224,-0.468994140625,-0.04705810546875,0.8818359375,0.0,0.77734375,0.88134765625
1662,701,-1.0374211072921753,0.3919663429260254,0.5063359141349792,-0.469970703125,-0.05340576171875,0.880859375,0.0,0.7744140625,0.9111328125
1663,700,-0.9763601422309875,0.40718045830726624,0.5399469137191772,-0.469970703125,-0.053436279296875,0.880859375,0.0,0.7626953125,0.91259765625
1664,702,-1.1664505004882812,0.7607266306877136,0.4600234031677246,-0.474365234375,-0.056488037109375,0.87841796875,0.0,0.79150390625,0.97509765625
1665,700,-0.9763601422309875,0.40718045830726624,0.5399469137191772,-0.469970703125,-0.053436279296875,0.880859375,0.0,0.7626953125,0.91259765625
1666,703,-1.0853660106658936,0.6419118642807007,0.4966827929019928,-0.493896484375,-0.069580078125,0.86669921875,0.0,0.7783203125,0.95361328125
1667,702,-1.1664505004882812,0.7607266306877136,0.4600234031677246,-0.474365234375,-0.056488037109375,0.87841796875,0.0,0.79150390625,0.97509765625
1668,704,-1.400307536125183,0.2601110339164734,0.0846669003367424,0.80029296875,-0.07049560546875,0.59521484375,0.0,0.295654296875,0.34228515625
1669,705,-1.4751853942871094,0.0,0.1547243595123291,0.7998046875,-0.06951904296875,0.5966796875,0.0,0.32470703125,0.3037109375
1670,706,-1.4010838270187378,0.0,0.056841857731342316,0.7998046875,-0.06951904296875,0.5966796875,0.0,0.3037109375,0.29833984375
1671,704,-1.400307536125183,0.2601110339164734,0.0846669003367424,0.80029296875,-0.07049560546875,0.59521484375,0.0,0.295654296875,0.34228515625
1672,707,-1.4648289680480957,0.25793755054473877,0.17232917249202728,0.80078125,-0.0706787109375,0.59521484375,0.0,0.31396484375,0.346923828125
1673,705,-1.4751853942871094,0.0,0.1547243595123291,0.7998046875,-0.06951904296875,0.5966796875,0.0,0.32470703125,0.3037109375
1674,708,-1.4326424598693848,0.5752597451210022,0.16724300384521484,0.80029296875,-0.07275390625,0.595703125,0.0,0.294677734375,0.39990234375
1675,707,-1.4648289680480957,0.25793755054473877,0.17232917249202728,0.80078125,-0.0706787109375,0.59521484375,0.0,0.31396484375,0.346923828125
1676,704,-1.400307536125183,0.2601110339164734,0.0846669003367424,0.80029296875,-0.07049560546875,0.59521484375,0.0,0.295654296875,0.34228515625
1677,708,-1.4326424598693848,0.5752597451210022,0.16724300384521484,0.80029296875,-0.07275390625,0.595703125,0.0,0.294677734375,0.39990234375
1678,709,-1.4817413091659546,0.538311243057251,0.22829753160476685,0.80029296875,-0.0726318359375,0.59521484375,0.0,0.309814453125,0.3974609375
1679,707,-1.4648289680480957,0.25793755054473877,0.17232917249202728,0.80078125,-0.0706787109375,0.59521484375,0.0,0.31396484375,0.346923828125
1680,709,-1.4817413091659546,0.538311243057251,0.22829753160476685,0.80029296875,-0.0726318359375,0.59521484375,0.0,0.309814453125,0.3974609375
1681,708,-1.4326424598693848,0.5752597451210022,0.16724300384521484,0.80029296875,-0.07275390625,0.595703125,0.0,0.294677734375,0.39990234375
1682,710,-1.5978753566741943,1.0976096391677856,0.4524761736392975,0.7978515625,-0.07421875,0.59814453125,0.0,0.325439453125,0.5048828125
1683,708,-1.4326424598693848,0.5752597451210022,0.16724300384521484,0.80029296875,-0.07275390625,0.595703125,0.0,0.294677734375,0.39990234375
1684,711,-1.528315544128418,0.9251834154129028,0.3384954035282135,0.794921875,-0.07733154296875,0.60205078125,0.0,0.31103515625,0.468994140625
1685,710,-1.5978753566741943,1.0976096391677856,0.4524761736392975,0.7978515625,-0.07421875,0.59814453125,0.0,0.325439453125,0.5048828125
1686,712,-1.7244887351989746,0.15143902599811554,-0.15445587038993835,0.11334228515625,-0.11529541015625,0.98681640625,0.0,0.66943359375,0.88720703125
1687,713,-1.825546383857727,0.0,-0.16064217686653137,0.1158447265625,-0.11761474609375,0.986328125,0.0,0.693359375,0.86669921875
1688,714,-1.7239371538162231,0.0,-0.17279180884361267,0.1158447265625,-0.11761474609375,0.986328125,0.0,0.67626953125,0.861328125
1689,712,-1.7244887351989746,0.15143902599811554,-0.15445587038993835,0.11334228515625,-0.11529541015625,0.98681640625,0.0,0.66943359375,0.88720703125
1690,715,-1.816550850868225,0.15433694422245026,-0.1435115784406662,0.1129150390625,-0.1148681640625,0.98681640625,0.0,0.68505859375,0.89208984375
1691,713,-1.825546383857727,0.0,-0.16064217686653137,0.1158447265625,-0.11761474609375,0.986328125,0.0,0.693359375,0.86669921875
1692,716,-1.7756462097167969,0.3499464988708496,-0.1258043646812439,0.10919189453125,-0.114990234375,0.9873046875,0.0,0.6689453125,0.92333984375
1693,715,-1.816550850868225,0.15433694422245026,-0.1435115784406662,0.1129150390625,-0.1148681640625,0.98681640625,0.0,0.68505859375,0.89208984375
1694,712,-1.7244887351989746,0.15143902599811554,-0.15445587038993835,0.11334228515625,-0.11529541015625,0.98681640625,0.0,0.66943359375,0.88720703125
1695,716,-1.7756462097167969,0.3499464988708496,-0.1258043646812439,0.10919189453125,-0.114990234375,0.9873046875,0.0,0.6689453125,0.92333984375
1696,717,-1.843626618385315,0.3303855359554291,-0.12076728790998459,0.10888671875,-0.115478515625,0.9873046875,0.0,0.681640625,0.92333984375
1697,715,-1.816550850868225,0.15433694422245026,-0.1435115784406662,0.1129150390625,-0.1148681640625,0.98681640625,0.0,0.68505859375,0.89208984375
1698,717,-1.843626618385315,0.3303855359554291,-0.12076728790998459,0.10888671875,-0.115478515625,0.9873046875,0.0,0.681640625,0.92333984375
1699,716,-1.7756462097167969,0.3499464988708496,-0.1258043646812439,0.10919189453125,-0.114990234375,0.9873046875,0.0,0.6689453125,0.92333984375
1700,718,-2.0139503479003906,0.6861051917076111,-0.05947234854102135,0.11077880859375,-0.1162109375,0.98681640625,0.0,0.69384765625,0.9921875
1701,716,-1.7756462097167969,0.3499464988708496,-0.1258043646812439,0.10919189453125,-0.114990234375,0.9873046875,0.0,0.6689453125,0.92333984375
1702,719,-1.9141921997070312,0.5745352506637573,-0.08424445986747742,0.131591796875,-0.101318359375,0.986328125,0.0,0.68212890625,0.96875
1703,718,-2.0139503479003906,0.6861051917076111,-0.05947234854102135,0.11077880859375,-0.1162109375,0.98681640625,0.0,0.69384765625,0.9921875
1704,720,-0.40251144766807556,0.0,1.4334090948104858,-0.98291015625,0.0780029296875,-0.1658935546875,0.0,0.0114288330078125,0.84326171875
1705,721,-0.3697364628314972,0.1521635204553604,1.3107157945632935,-0.9833984375,0.0775146484375,-0.1650390625,0.0,0.0221710205078125,0.87646484375
1706,722,-0.37985822558403015,0.0,1.2974090576171875,-0.98291015625,0.0780029296875,-0.1658935546875,0.0,0.03363037109375,0.85302734375
1707,720,-0.40251144766807556,0.0,1.4334090948104858,-0.98291015625,0.0780029296875,-0.1658935546875,0.0,0.0114288330078125,0.84326171875
1708,723,-0.3911718428134918,0.1456431895494461,1.4329357147216797,-0.9833984375,0.07763671875,-0.165283203125,0.0,0.002536773681640625,0.8671875
1709,721,-0.3697364628314972,0.1521635204553604,1.3107157945632935,-0.9833984375,0.0775146484375,-0.1650390625,0.0,0.0221710205078125,0.87646484375
1710,721,-0.3697364628314972,0.1521635204553604,1.3107157945632935,-0.9833984375,0.0775146484375,-0.1650390625,0.0,0.0221710205078125,0.87646484375
1711,723,-0.3911718428134918,0.1456431895494461,1.4329357147216797,-0.9833984375,0.07763671875,-0.165283203125,0.0,0.002536773681640625,0.8671875
1712,724,-0.36467334628105164,0.335456907749176,1.3663864135742188,-0.9833984375,0.07794189453125,-0.1627197265625,0.0,0.00197601318359375,0.9033203125
1713,721,-0.3697364628314972,0.1521635204553604,1.3107157945632935,-0.9833984375,0.0775146484375,-0.1650390625,0.0,0.0221710205078125,0.87646484375
1714,724,-0.36467334628105164,0.335456907749176,1.3663864135742188,-0.9833984375,0.07794189453125,-0.1627197265625,0.0,0.00197601318359375,0.9033203125
1715,725,-0.3512911796569824,0.3195183575153351,1.2758793830871582,-0.98388671875,0.07843017578125,-0.1617431640625,0.0,0.0180511474609375,0.90625
1716,725,-0.3512911796569824,0.3195183575153351,1.2758793830871582,-0.98388671875,0.07843017578125,-0.1617431640625,0.0,0.0180511474609375,0.90625
1717,724,-0.36467334628105164,0.335456907749176,1.3663864135742188,-0.9833984375,0.07794189453125,-0.1627197265625,0.0,0.00197601318359375,0.9033203125
1718,726,-0.2870309054851532,0.6636462807655334,1.0511670112609863,-0.98388671875,0.07958984375,-0.1595458984375,0.0,0.034393310546875,0.97802734375
1719,724,-0.36467334628105164,0.335456907749176,1.3663864135742188,-0.9833984375,0.07794189453125,-0.1627197265625,0.0,0.00197601318359375,0.9033203125
1720,727,-0.31731244921684265,0.5535253286361694,1.1830190420150757,-0.98388671875,0.07952880859375,-0.1595458984375,0.0,0.0191650390625,0.951171875
1721,726,-0.2870309054851532,0.6636462807655334,1.0511670112609863,-0.98388671875,0.07958984375,-0.1595458984375,0.0,0.034393310546875,0.97802734375
1722,728,-1.012965440750122,0.2847433388233185,0.6998542547225952,0.53955078125,0.04290771484375,-0.8408203125,0.0,0.452392578125,0.356689453125
1723,729,-0.9369325041770935,0.0,0.7351604104042053,0.53955078125,0.039764404296875,-0.8408203125,0.0,0.482177734375,0.3154296875
1724,730,-1.0396904945373535,0.0,0.6695351004600525,0.53955078125,0.039764404296875,-0.8408203125,0.0,0.460693359375,0.308837890625
1725,728,-1.012965440750122,0.2847433388233185,0.6998542547225952,0.53955078125,0.04290771484375,-0.8408203125,0.0,0.452392578125,0.356689453125
1726,731,-0.92146235704422,0.2774985730648041,0.7584915161132812,0.53955078125,0.04364013671875,-0.8408203125,0.0,0.469970703125,0.361572265625
1727,729,-0.9369325041770935,0.0,0.7351604104042053,0.53955078125,0.039764404296875,-0.8408203125,0.0,0.482177734375,0.3154296875
1728,732,-0.9306911826133728,0.5788821578025818,0.7696350812911987,0.53857421875,0.04925537109375,-0.84130859375,0.0,0.451904296875,0.40869140625
1729,731,-0.92146235704422,0.2774985730648041,0.7584915161132812,0.53955078125,0.04364013671875,-0.8408203125,0.0,0.469970703125,0.361572265625
1730,728,-1.012965440750122,0.2847433388233185,0.6998542547225952,0.53955078125,0.04290771484375,-0.8408203125,0.0,0.452392578125,0.356689453125
1731,732,-0.9306911826133728,0.5788821578025818,0.7696350812911987,0.53857421875,0.04925537109375,-0.84130859375,0.0,0.451904296875,0.40869140625
1732,733,-0.8661606907844543,0.5397602915763855,0.808478832244873,0.53857421875,0.04913330078125,-0.84130859375,0.0,0.466796875,0.406982421875
1733,731,-0.92146235704422,0.2774985730648041,0.7584915161132812,0.53955078125,0.04364013671875,-0.8408203125,0.0,0.469970703125,0.361572265625
1734,733,-0.8661606907844543,0.5397602915763855,0.808478832244873,0.53857421875,0.04913330078125,-0.84130859375,0.0,0.466796875,0.406982421875
1735,732,-0.9306911826133728,0.5788821578025818,0.7696350812911987,0.53857421875,0.04925537109375,-0.84130859375,0.0,0.451904296875,0.40869140625
1736,734,-0.640357494354248,1.0563143491744995,0.9840320348739624,0.537109375,0.051666259765625,-0.84228515625,0.0,0.482666015625,0.5146484375
1737,732,-0.9306911826133728,0.5788821578025818,0.7696350812911987,0.53857421875,0.04925537109375,-0.84130859375,0.0,0.451904296875,0.40869140625
1738,735,-0.7567204236984253,0.9005511403083801,0.9004337191581726,0.53271484375,0.0552978515625,-0.8447265625,0.0,0.468017578125,0.478515625
1739,734,-0.640357494354248,1.0563143491744995,0.9840320348739624,0.537109375,0.051666259765625,-0.84228515625,0.0,0.482666015625,0.5146484375
1740,736,-1.4784753322601318,0.10724575072526932,0.4282037317752838,0.80322265625,-0.07086181640625,0.591796875,0.0,0.4755859375,0.8837890625
1741,737,-1.5368828773498535,0.0,0.49472445249557495,0.8037109375,-0.07147216796875,0.59033203125,0.0,0.49658203125,0.87158203125
1742,738,-1.4781036376953125,0.0,0.4145365059375763,0.8037109375,-0.07147216796875,0.59033203125,0.0,0.480224609375,0.865234375
1743,736,-1.4784753322601318,0.10724575072526932,0.4282037317752838,0.80322265625,-0.07086181640625,0.591796875,0.0,0.4755859375,0.8837890625
1744,739,-1.5329927206039429,0.10507230460643768,0.5019745230674744,0.802734375,-0.0706787109375,0.591796875,0.0,0.49072265625,0.88916015625
1745,737,-1.5368828773498535,0.0,0.49472445249557495,0.8037109375,-0.07147216796875,0.59033203125,0.0,0.49658203125,0.87158203125
1746,740,-1.5089980363845825,0.30285534262657166,0.49292895197868347,0.8017578125,-0.07080078125,0.59326171875,0.0,0.47509765625,0.92041015625
1747,739,-1.5329927206039429,0.10507230460643768,0.5019745230674744,0.802734375,-0.0706787109375,0.591796875,0.0,0.49072265625,0.88916015625
1748,736,-1.4784753322601318,0.10724575072526932,0.4282037317752838,0.80322265625,-0.07086181640625,0.591796875,0.0,0.4755859375,0.8837890625
1749,740,-1.5089980363845825,0.30285534262657166,0.49292895197868347,0.8017578125,-0.07080078125,0.59326171875,0.0,0.47509765625,0.92041015625
1750,741,-1.5491302013397217,0.27967196702957153,0.544309675693512,0.8017578125,-0.07080078125,0.59326171875,0.0,0.4873046875,0.92041015625
1751,739,-1.5329927206039429,0.10507230460643768,0.5019745230674744,0.802734375,-0.0706787109375,0.591796875,0.0,0.49072265625,0.88916015625
1752,741,-1.5491302013397217,0.27967196702957153,0.544309675693512,0.8017578125,-0.07080078125,0.59326171875,0.0,0.4873046875,0.92041015625
1753,740,-1.5089980363845825,0.30285534262657166,0.49292895197868347,0.8017578125,-0.07080078125,0.59326171875,0.0,0.47509765625,0.92041015625
1754,742,-1.6514919996261597,0.6259732842445374,0.7241254448890686,0.7998046875,-0.07373046875,0.595703125,0.0,0.499755859375,0.990234375
1755,740,-1.5089980363845825,0.30285534262657166,0.49292895197868347,0.8017578125,-0.07080078125,0.59326171875,0.0,0.47509765625,0.92041015625
1756,743,-1.5917311906814575,0.5194748044013977,0.631360650062561,0.7880859375,-0.08807373046875,0.60888671875,0.0,0.48828125,0.9658203125
1757,742,-1.6514919996261597,0.6259732842445374,0.7241254448890686,0.7998046875,-0.07373046875,0.595703125,0.0,0.499755859375,0.990234375
1758,744,-0.5726969838142395,0.2601110339164734,1.4452919960021973,0.994140625,-0.07177734375,0.08111572265625,0.0,0.330322265625,0.359375
1759,745,-0.5996558666229248,0.0,1.5441006422042847,0.994140625,-0.07171630859375,0.0823974609375,0.0,0.359619140625,0.320068359375
1760,746,-0.5886715054512024,0.0,1.4212000370025635,0.994140625,-0.07171630859375,0.0823974609375,0.0,0.3388671875,0.314208984375
1761,744,-0.5726969838142395,0.2601110339164734,1.4452919960021973,0.994140625,-0.07177734375,0.08111572265625,0.0,0.330322265625,0.359375
1762,747,-0.5810554623603821,0.25793755054473877,1.5538179874420166,0.994140625,-0.07177734375,0.08087158203125,0.0,0.348876953125,0.3642578125
1763,745,-0.5996558666229248,0.0,1.5441006422042847,0.994140625,-0.07171630859375,0.0823974609375,0.0,0.359619140625,0.320068359375
1764,748,-0.5564361810684204,0.5752597451210022,1.5324701070785522,0.994140625,-0.07275390625,0.0819091796875,0.0,0.32958984375,0.416748046875
1765,747,-0.5810554623603821,0.25793755054473877,1.5538179874420166,0.994140625,-0.07177734375,0.08087158203125,0.0,0.348876953125,0.3642578125
1766,744,-0.5726969838142395,0.2601110339164734,1.4452919960021973,0.994140625,-0.07177734375,0.08111572265625,0.0,0.330322265625,0.359375
1767,748,-0.5564361810684204,0.5752597451210022,1.5324701070785522,0.994140625,-0.07275390625,0.0819091796875,0.0,0.32958984375,0.416748046875
1768,749,-0.5657894611358643,0.538311243057251,1.6102572679519653,0.994140625,-0.0726318359375,0.08160400390625,0.0,0.3447265625,0.414306640625
1769,747,-0.5810554623603821,0.25793755054473877,1.5538179874420166,0.994140625,-0.07177734375,0.08087158203125,0.0,0.348876953125,0.3642578125
1770,749,-0.5657894611358643,0.538311243057251,1.6102572679519653,0.994140625,-0.0726318359375,0.08160400390625,0.0,0.3447265625,0.414306640625
1771,748,-0.5564361810684204,0.5752597451210022,1.5324701070785522,0.994140625,-0.07275390625,0.0819091796875,0.0,0.32958984375,0.416748046875
1772,750,-0.5457012057304382,1.0976096391677856,1.8619314432144165,0.99365234375,-0.07421875,0.0853271484375,0.0,0.35986328125,0.5205078125
1773,748,-0.5564361810684204,0.5752597451210022,1.5324701070785522,0.994140625,-0.07275390625,0.0819091796875,0.0,0.32958984375,0.416748046875
1774,751,-0.5469940900802612,0.9251834154129028,1.7284082174301147,0.99267578125,-0.07733154296875,0.0902099609375,0.0,0.345703125,0.485107421875
1775,750,-0.5457012057304382,1.0976096391677856,1.8619314432144165,0.99365234375,-0.07421875,0.0853271484375,0.0,0.35986328125,0.5205078125
1776,752,-0.45723241567611694,0.10724575072526932,1.7781530618667603,0.99462890625,-0.07080078125,0.0770263671875,0.0,0.306884765625,0.87451171875
1777,753,-0.4715920388698578,0.0,1.8655041456222534,0.99462890625,-0.07147216796875,0.07568359375,0.0,0.327880859375,0.8623046875
1778,754,-0.4641493260860443,0.0,1.766359567642212,0.99462890625,-0.07147216796875,0.07568359375,0.0,0.3115234375,0.85595703125
1779,752,-0.45723241567611694,0.10724575072526932,1.7781530618667603,0.99462890625,-0.07080078125,0.0770263671875,0.0,0.306884765625,0.87451171875
1780,755,-0.46445417404174805,0.10507230460643768,1.8695974349975586,0.99462890625,-0.0706787109375,0.07733154296875,0.0,0.322021484375,0.8798828125
1781,753,-0.4715920388698578,0.0,1.8655041456222534,0.99462890625,-0.07147216796875,0.07568359375,0.0,0.327880859375,0.8623046875
1782,756,-0.4488822817802429,0.30285534262657166,1.8492244482040405,0.994140625,-0.07080078125,0.07891845703125,0.0,0.306396484375,0.9111328125
1783,755,-0.46445417404174805,0.10507230460643768,1.8695974349975586,0.99462890625,-0.0706787109375,0.07733154296875,0.0,0.322021484375,0.8798828125
1784,752,-0.45723241567611694,0.10724575072526932,1.7781530618667603,0.99462890625,-0.07080078125,0.0770263671875,0.0,0.306884765625,0.87451171875
1785,756,-0.4488822817802429,0.30285534262657166,1.8492244482040405,0.994140625,-0.07080078125,0.07891845703125,0.0,0.306396484375,0.9111328125
1786,757,-0.4557453691959381,0.27967196702957153,1.9140586853027344,0.994140625,-0.07080078125,0.0789794921875,0.0,0.318603515625,0.9111328125
1787,755,-0.46445417404174805,0.10507230460643768,1.8695974349975586,0.99462890625,-0.0706787109375,0.07733154296875,0.0,0.322021484375,0.8798828125
1788,757,-0.4557453691959381,0.27967196702957153,1.9140586853027344,0.994140625,-0.07080078125,0.0789794921875,0.0,0.318603515625,0.9111328125
1789,756,-0.4488822817802429,0.30285534262657166,1.8492244482040405,0.994140625,-0.07080078125,0.07891845703125,0.0,0.306396484375,0.9111328125
1790,758,-0.4474469721317291,0.6259732842445374,2.120802640914917,0.99365234375,-0.07373046875,0.08245849609375,0.0,0.3310546875,0.98095703125
1791,756,-0.4488822817802429,0.30285534262657166,1.8492244482040405,0.994140625,-0.07080078125,0.07891845703125,0.0,0.306396484375,0.9111328125
1792,759,-0.4458279311656952,0.5194748044013977,2.0104658603668213,0.9912109375,-0.08807373046875,0.09954833984375,0.0,0.319580078125,0.95654296875
1793,758,-0.4474469721317291,0.6259732842445374,2.120802640914917,0.99365234375,-0.07373046875,0.08245849609375,0.0,0.3310546875,0.98095703125
1794,760,-0.851047933101654,0.23040732741355896,1.4640804529190063,0.95751953125,-0.0887451171875,0.275146484375,0.0,0.031463623046875,0.39013671875
1795,761,-0.8961459994316101,0.0,1.5464365482330322,0.95703125,-0.08856201171875,0.2763671875,0.0,0.05975341796875,0.35693359375
1796,762,-0.8622956871986389,0.0,1.4297398328781128,0.95703125,-0.08856201171875,0.2763671875,0.0,0.039581298828125,0.35009765625
1797,760,-0.851047933101654,0.23040732741355896,1.4640804529190063,0.95751953125,-0.0887451171875,0.275146484375,0.0,0.031463623046875,0.39013671875
1798,763,-0.8815495371818542,0.22461149096488953,1.5684500932693481,0.95751953125,-0.0887451171875,0.27490234375,0.0,0.04986572265625,0.3955078125
1799,761,-0.8961459994316101,0.0,1.5464365482330322,0.95703125,-0.08856201171875,0.2763671875,0.0,0.05975341796875,0.35693359375
1800,764,-0.8528680205345154,0.5252705812454224,1.5657594203948975,0.9580078125,-0.08819580078125,0.273193359375,0.0,0.03106689453125,0.44482421875
1801,763,-0.8815495371818542,0.22461149096488953,1.5684500932693481,0.95751953125,-0.0887451171875,0.27490234375,0.0,0.04986572265625,0.3955078125
1802,760,-0.851047933101654,0.23040732741355896,1.4640804529190063,0.95751953125,-0.0887451171875,0.275146484375,0.0,0.031463623046875,0.39013671875
1803,764,-0.8528680205345154,0.5252705812454224,1.5657594203948975,0.9580078125,-0.08819580078125,0.273193359375,0.0,0.03106689453125,0.44482421875
1804,765,-0.8768576383590698,0.4883221387863159,1.6381804943084717,0.9580078125,-0.0882568359375,0.273193359375,0.0,0.045806884765625,0.443115234375
1805,763,-0.8815495371818542,0.22461149096488953,1.5684500932693481,0.95751953125,-0.0887451171875,0.27490234375,0.0,0.04986572265625,0.3955078125
1806,765,-0.8768576383590698,0.4883221387863159,1.6381804943084717,0.9580078125,-0.0882568359375,0.273193359375,0.0,0.045806884765625,0.443115234375
1807,764,-0.8528680205345154,0.5252705812454224,1.5657594203948975,0.9580078125,-0.08819580078125,0.273193359375,0.0,0.03106689453125,0.44482421875
1808,766,-0.906417727470398,1.0092231035232544,1.9089601039886475,0.95849609375,-0.0869140625,0.272216796875,0.0,0.060821533203125,0.544921875
1809,764,-0.8528680205345154,0.5252705812454224,1.5657594203948975,0.9580078125,-0.08819580078125,0.273193359375,0.0,0.03106689453125,0.44482421875
1810,767,-0.8821101784706116,0.8505620360374451,1.772275686264038,0.9599609375,-0.08392333984375,0.26806640625,0.0,0.046905517578125,0.5107421875
1811,766,-0.906417727470398,1.0092231035232544,1.9089601039886475,0.95849609375,-0.0869140625,0.272216796875,0.0,0.060821533203125,0.544921875
1812,768,-0.9489076733589172,0.1477068066596985,1.4535027742385864,0.43994140625,-0.026824951171875,0.8974609375,0.0,0.048919677734375,0.8916015625
1813,769,-1.0424972772598267,0.0,1.494653344154358,0.44140625,-0.0297698974609375,0.89697265625,0.0,0.0728759765625,0.87109375
1814,770,-0.9507402777671814,0.0,1.4494749307632446,0.44140625,-0.0297698974609375,0.89697265625,0.0,0.0555419921875,0.86669921875
1815,768,-0.9489076733589172,0.1477068066596985,1.4535027742385864,0.43994140625,-0.026824951171875,0.8974609375,0.0,0.048919677734375,0.8916015625
1816,771,-1.0319894552230835,0.15214678645133972,1.4945058822631836,0.439697265625,-0.0262603759765625,0.89794921875,0.0,0.064453125,0.896484375
1817,769,-1.0424972772598267,0.0,1.494653344154358,0.44140625,-0.0297698974609375,0.89697265625,0.0,0.0728759765625,0.87109375
1818,772,-0.9923665523529053,0.3483021855354309,1.4802618026733398,0.437255859375,-0.0258026123046875,0.89892578125,0.0,0.04852294921875,0.927734375
1819,771,-1.0319894552230835,0.15214678645133972,1.4945058822631836,0.439697265625,-0.0262603759765625,0.89794921875,0.0,0.064453125,0.896484375
1820,768,-0.9489076733589172,0.1477068066596985,1.4535027742385864,0.43994140625,-0.026824951171875,0.8974609375,0.0,0.048919677734375,0.8916015625
1821,772,-0.9923665523529053,0.3483021855354309,1.4802618026733398,0.437255859375,-0.0258026123046875,0.89892578125,0.0,0.04852294921875,0.927734375
1822,773,-1.0542012453079224,0.32969382405281067,1.5095793008804321,0.43701171875,-0.0262908935546875,0.89892578125,0.0,0.060943603515625,0.927734375
1823,771,-1.0319894552230835,0.15214678645133972,1.4945058822631836,0.439697265625,-0.0262603759765625,0.89794921875,0.0,0.064453125,0.896484375
1824,773,-1.0542012453079224,0.32969382405281067,1.5095793008804321,0.43701171875,-0.0262908935546875,0.89892578125,0.0,0.060943603515625,0.927734375
1825,772,-0.9923665523529053,0.3483021855354309,1.4802618026733398,0.437255859375,-0.0258026123046875,0.89892578125,0.0,0.04852294921875,0.927734375
1826,774,-1.2027950286865234,0.6905369162559509,1.593340277671814,0.438720703125,-0.0270843505859375,0.8984375,0.0,0.07354736328125,0.99658203125
1827,772,-0.9923665523529053,0.3483021855354309,1.4802618026733398,0.437255859375,-0.0258026123046875,0.89892578125,0.0,0.04852294921875,0.927734375
1828,775,-1.1144212484359741,0.576574444770813,1.5462678670883179,0.45751953125,-0.0124664306640625,0.88916015625,0.0,0.061737060546875,0.97265625
1829,774,-1.2027950286865234,0.6905369162559509,1.593340277671814,0.438720703125,-0.0270843505859375,0.8984375,0.0,0.07354736328125,0.99658203125
1830,776,-2.497260332107544,0.05236155539751053,0.10148467868566513,-0.669921875,0.099853515625,0.73583984375,0.0,0.60498046875,0.7197265625
1831,777,-2.5986557006835938,0.0,0.017040085047483444,-0.66748046875,0.1033935546875,0.7373046875,0.0,0.6298828125,0.72265625
1832,778,-2.5006332397460938,0.0,0.10581731796264648,-0.66748046875,0.1033935546875,0.7373046875,0.0,0.609375,0.7119140625
1833,776,-2.497260332107544,0.05236155539751053,0.10148467868566513,-0.669921875,0.099853515625,0.73583984375,0.0,0.60498046875,0.7197265625
1834,779,-2.5895936489105225,0.0685918927192688,0.01567184366285801,-0.67041015625,0.09912109375,0.7353515625,0.0,0.62353515625,0.73291015625
1835,777,-2.5986557006835938,0.0,0.017040085047483444,-0.66748046875,0.1033935546875,0.7373046875,0.0,0.6298828125,0.72265625
1836,780,-2.5358448028564453,0.25467655062675476,0.040005262941122055,-0.67138671875,0.0963134765625,0.73486328125,0.0,0.59912109375,0.75732421875
1837,779,-2.5895936489105225,0.0685918927192688,0.01567184366285801,-0.67041015625,0.09912109375,0.7353515625,0.0,0.62353515625,0.73291015625
1838,776,-2.497260332107544,0.05236155539751053,0.10148467868566513,-0.669921875,0.099853515625,0.73583984375,0.0,0.60498046875,0.7197265625
1839,780,-2.5358448028564453,0.25467655062675476,0.040005262941122055,-0.67138671875,0.0963134765625,0.73486328125,0.0,0.59912109375,0.75732421875
1840,781,-2.6047964096069336,0.2444067746400833,-0.022318268194794655,-0.671875,0.09539794921875,0.73486328125,0.0,0.6142578125,0.76318359375
1841,779,-2.5895936489105225,0.0685918927192688,0.01567184366285801,-0.67041015625,0.09912109375,0.7353515625,0.0,0.62353515625,0.73291015625
1842,782,-2.6301872730255127,0.4610382318496704,-0.07310523837804794,-0.67138671875,0.09423828125,0.73486328125,0.0,0.6044921875,0.80126953125
1843,781,-2.6047964096069336,0.2444067746400833,-0.022318268194794655,-0.671875,0.09539794921875,0.73486328125,0.0,0.6142578125,0.76318359375
1844,780,-2.5358448028564453,0.25467655062675476,0.040005262941122055,-0.67138671875,0.0963134765625,0.73486328125,0.0,0.59912109375,0.75732421875
1845,782,-2.6301872730255127,0.4610382318496704,-0.07310523837804794,-0.67138671875,0.09423828125,0.73486328125,0.0,0.6044921875,0.80126953125
1846,783,-2.6810662746429443,0.43523237109184265,-0.11584823578596115,-0.6708984375,0.09552001953125,0.7353515625,0.0,0.6171875,0.802734375
1847,781,-2.6047964096069336,0.2444067746400833,-0.022318268194794655,-0.671875,0.09539794921875,0.73486328125,0.0,0.6142578125,0.76318359375
1848,784,-2.8377349376678467,0.5956999659538269,-0.2795272767543793,-0.6689453125,0.09844970703125,0.73681640625,0.0,0.638671875,0.84619140625
1849,783,-2.6810662746429443,0.43523237109184265,-0.11584823578596115,-0.6708984375,0.09552001953125,0.7353515625,0.0,0.6171875,0.802734375
1850,782,-2.6301872730255127,0.4610382318496704,-0.07310523837804794,-0.67138671875,0.09423828125,0.73486328125,0.0,0.6044921875,0.80126953125
1851,785,-2.195060968399048,0.06384348124265671,0.537514865398407,0.07879638671875,0.00615692138671875,0.9970703125,0.0,0.90185546875,0.73681640625
1852,786,-2.3271842002868652,0.0,0.5486040115356445,0.08001708984375,0.007476806640625,0.99658203125,0.0,0.927734375,0.73828125
1853,787,-2.194305658340454,0.0,0.5379331111907959,0.08001708984375,0.007476806640625,0.99658203125,0.0,0.9072265625,0.72705078125
1854,785,-2.195060968399048,0.06384348124265671,0.537514865398407,0.07879638671875,0.00615692138671875,0.9970703125,0.0,0.90185546875,0.73681640625
1855,788,-2.3211183547973633,0.07507972419261932,0.5475539565086365,0.07855224609375,0.005893707275390625,0.9970703125,0.0,0.92041015625,0.74951171875
1856,786,-2.3271842002868652,0.0,0.5486040115356445,0.08001708984375,0.007476806640625,0.99658203125,0.0,0.927734375,0.73828125
1857,789,-2.2652435302734375,0.2633706033229828,0.5421790480613708,0.07830810546875,0.00533294677734375,0.9970703125,0.0,0.89599609375,0.7734375
1858,788,-2.3211183547973633,0.07507972419261932,0.5475539565086365,0.07855224609375,0.005893707275390625,0.9970703125,0.0,0.92041015625,0.74951171875
1859,785,-2.195060968399048,0.06384348124265671,0.537514865398407,0.07879638671875,0.00615692138671875,0.9970703125,0.0,0.90185546875,0.73681640625
1860,789,-2.2652435302734375,0.2633706033229828,0.5421790480613708,0.07830810546875,0.00533294677734375,0.9970703125,0.0,0.89599609375,0.7734375
1861,790,-2.3588714599609375,0.249795064330101,0.5493373274803162,0.07843017578125,0.005344390869140625,0.9970703125,0.0,0.91162109375,0.779296875
1862,788,-2.3211183547973633,0.07507972419261932,0.5475539565086365,0.07855224609375,0.005893707275390625,0.9970703125,0.0,0.92041015625,0.74951171875
1863,791,-2.4115493297576904,0.4646182954311371,0.552347719669342,0.0792236328125,0.0063629150390625,0.9970703125,0.0,0.9013671875,0.81689453125
1864,790,-2.3588714599609375,0.249795064330101,0.5493373274803162,0.07843017578125,0.005344390869140625,0.9970703125,0.0,0.91162109375,0.779296875
1865,789,-2.2652435302734375,0.2633706033229828,0.5421790480613708,0.07830810546875,0.00533294677734375,0.9970703125,0.0,0.89599609375,0.7734375
1866,791,-2.4115493297576904,0.4646182954311371,0.552347719669342,0.0792236328125,0.0063629150390625,0.9970703125,0.0,0.9013671875,0.81689453125
1867,792,-2.478717088699341,0.43616893887519836,0.5581340193748474,0.07977294921875,0.00782012939453125,0.99658203125,0.0,0.9140625,0.818359375
1868,790,-2.3588714599609375,0.249795064330101,0.5493373274803162,0.07843017578125,0.005344390869140625,0.9970703125,0.0,0.91162109375,0.779296875
1869,793,-2.705599546432495,0.588241457939148,0.5748591423034668,0.0810546875,0.011322021484375,0.99658203125,0.0,0.93603515625,0.86083984375
1870,792,-2.478717088699341,0.43616893887519836,0.5581340193748474,0.07977294921875,0.00782012939453125,0.99658203125,0.0,0.9140625,0.818359375
1871,791,-2.4115493297576904,0.4646182954311371,0.552347719669342,0.0792236328125,0.0063629150390625,0.9970703125,0.0,0.9013671875,0.81689453125
1872,794,-1.9404338598251343,0.0,0.7954548597335815,0.83447265625,-0.0406494140625,-0.5498046875,0.0,0.578125,0.80712890625
1873,795,-1.8901742696762085,0.2144688218832016,0.8558472990989685,0.833984375,-0.046112060546875,-0.54931640625,0.0,0.58349609375,0.84814453125
1874,796,-1.8849471807479858,0.0,0.8800846934318542,0.83447265625,-0.0406494140625,-0.5498046875,0.0,0.59716796875,0.81201171875
1875,794,-1.9404338598251343,0.0,0.7954548597335815,0.83447265625,-0.0406494140625,-0.5498046875,0.0,0.578125,0.80712890625
1876,797,-1.9406907558441162,0.20505057275295258,0.7803522944450378,0.833984375,-0.04522705078125,-0.5498046875,0.0,0.568359375,0.84375
1877,795,-1.8901742696762085,0.2144688218832016,0.8558472990989685,0.833984375,-0.046112060546875,-0.54931640625,0.0,0.58349609375,0.84814453125
1878,798,-1.914658784866333,0.40718045830726624,0.8001733422279358,0.83447265625,-0.053436279296875,-0.5478515625,0.0,0.56884765625,0.87890625
1879,795,-1.8901742696762085,0.2144688218832016,0.8558472990989685,0.833984375,-0.046112060546875,-0.54931640625,0.0,0.58349609375,0.84814453125
1880,797,-1.9406907558441162,0.20505057275295258,0.7803522944450378,0.833984375,-0.04522705078125,-0.5498046875,0.0,0.568359375,0.84375
1881,798,-1.914658784866333,0.40718045830726624,0.8001733422279358,0.83447265625,-0.053436279296875,-0.5478515625,0.0,0.56884765625,0.87890625
1882,799,-1.8771659135818481,0.3919663429260254,0.8589298725128174,0.83447265625,-0.05340576171875,-0.54833984375,0.0,0.58056640625,0.8779296875
1883,795,-1.8901742696762085,0.2144688218832016,0.8558472990989685,0.833984375,-0.046112060546875,-0.54931640625,0.0,0.58349609375,0.84814453125
1884,799,-1.8771659135818481,0.3919663429260254,0.8589298725128174,0.83447265625,-0.05340576171875,-0.54833984375,0.0,0.58056640625,0.8779296875
1885,798,-1.914658784866333,0.40718045830726624,0.8001733422279358,0.83447265625,-0.053436279296875,-0.5478515625,0.0,0.56884765625,0.87890625
1886,800,-1.7860995531082153,0.7607266306877136,0.9614021182060242,0.83740234375,-0.05645751953125,-0.5439453125,0.0,0.59765625,0.94189453125
1887,798,-1.914658784866333,0.40718045830726624,0.8001733422279358,0.83447265625,-0.053436279296875,-0.5478515625,0.0,0.56884765625,0.87890625
1888,801,-1.8397077322006226,0.6419118642807007,0.8903746008872986,0.8486328125,-0.069580078125,-0.5244140625,0.0,0.58447265625,0.92041015625
1889,800,-1.7860995531082153,0.7607266306877136,0.9614021182060242,0.83740234375,-0.05645751953125,-0.5439453125,0.0,0.59765625,0.94189453125
1890,802,-1.8897607326507568,0.18394704163074493,1.1220569610595703,0.8125,-0.0689697265625,0.57861328125,0.0,0.332275390625,0.6494140625
1891,803,-1.9779857397079468,0.0,1.2271755933761597,0.81396484375,-0.059906005859375,0.578125,0.0,0.369873046875,0.63427734375
1892,804,-1.8969712257385254,0.0,1.1126378774642944,0.81396484375,-0.059906005859375,0.578125,0.0,0.34814453125,0.6201171875
1893,802,-1.8897607326507568,0.18394704163074493,1.1220569610595703,0.8125,-0.0689697265625,0.57861328125,0.0,0.332275390625,0.6494140625
1894,805,-1.962942361831665,0.19010469317436218,1.225188136100769,0.8125,-0.07196044921875,0.57861328125,0.0,0.3505859375,0.6611328125
1895,803,-1.9779857397079468,0.0,1.2271755933761597,0.81396484375,-0.059906005859375,0.578125,0.0,0.369873046875,0.63427734375
1896,806,-1.9189454317092896,0.3795631229877472,1.1912263631820679,0.8115234375,-0.08306884765625,0.578125,0.0,0.32763671875,0.6845703125
1897,805,-1.962942361831665,0.19010469317436218,1.225188136100769,0.8125,-0.07196044921875,0.57861328125,0.0,0.3505859375,0.6611328125
1898,802,-1.8897607326507568,0.18394704163074493,1.1220569610595703,0.8125,-0.0689697265625,0.57861328125,0.0,0.332275390625,0.6494140625
1899,806,-1.9189454317092896,0.3795631229877472,1.1912263631820679,0.8115234375,-0.08306884765625,0.578125,0.0,0.32763671875,0.6845703125
1900,807,-1.9739797115325928,0.3627993166446686,1.2660648822784424,0.81201171875,-0.08233642578125,0.57763671875,0.0,0.343017578125,0.689453125
1901,805,-1.962942361831665,0.19010469317436218,1.225188136100769,0.8125,-0.07196044921875,0.57861328125,0.0,0.3505859375,0.6611328125
1902,808,-1.9927486181259155,0.5731304287910461,1.3218929767608643,0.8134765625,-0.079833984375,0.576171875,0.0,0.335205078125,0.7255859375
1903,807,-1.9739797115325928,0.3627993166446686,1.2660648822784424,0.81201171875,-0.08233642578125,0.57763671875,0.0,0.343017578125,0.689453125
1904,806,-1.9189454317092896,0.3795631229877472,1.1912263631820679,0.8115234375,-0.08306884765625,0.578125,0.0,0.32763671875,0.6845703125
1905,808,-1.9927486181259155,0.5731304287910461,1.3218929767608643,0.8134765625,-0.079833984375,0.576171875,0.0,0.335205078125,0.7255859375
1906,809,-2.0324831008911133,0.5427706241607666,1.374138355255127,0.8134765625,-0.07891845703125,0.57568359375,0.0,0.34814453125,0.7265625
1907,807,-1.9739797115325928,0.3627993166446686,1.2660648822784424,0.81201171875,-0.08233642578125,0.57763671875,0.0,0.343017578125,0.689453125
1908,810,-2.1563446521759033,0.6841062903404236,1.56847083568573,0.814453125,-0.07666015625,0.5751953125,0.0,0.37255859375,0.7724609375
1909,809,-2.0324831008911133,0.5427706241607666,1.374138355255127,0.8134765625,-0.07891845703125,0.57568359375,0.0,0.34814453125,0.7265625
1910,808,-1.9927486181259155,0.5731304287910461,1.3218929767608643,0.8134765625,-0.079833984375,0.576171875,0.0,0.335205078125,0.7255859375
1911,811,1.6970446109771729,2.260059118270874,-0.521737813949585,0.53369140625,0.0180511474609375,0.845703125,0.0,0.0020885467529296875,0.42578125
1912,812,1.4955934286117554,1.7370896339416504,-0.3834091126918793,0.552734375,0.020263671875,0.8330078125,0.0,0.02459716796875,0.3271484375
1913,813,1.6970531940460205,2.260054588317871,-0.5217494368553162,0.77294921875,-0.1297607421875,0.62060546875,0.0,0.002086639404296875,0.42578125
1914,811,1.6970446109771729,2.260059118270874,-0.521737813949585,0.53369140625,0.0180511474609375,0.845703125,0.0,0.0020885467529296875,0.42578125
1915,814,1.4265670776367188,1.7612433433532715,-0.34042590856552124,0.55615234375,0.0205535888671875,0.8310546875,0.0,0.0394287109375,0.328369140625
1916,812,1.4955934286117554,1.7370896339416504,-0.3834091126918793,0.552734375,0.020263671875,0.8330078125,0.0,0.02459716796875,0.3271484375
1917,815,1.427040934562683,1.4425959587097168,-0.33232900500297546,0.5927734375,0.0048980712890625,0.80517578125,0.0,0.0283050537109375,0.273681640625
1918,812,1.4955934286117554,1.7370896339416504,-0.3834091126918793,0.552734375,0.020263671875,0.8330078125,0.0,0.02459716796875,0.3271484375
1919,814,1.4265670776367188,1.7612433433532715,-0.34042590856552124,0.55615234375,0.0205535888671875,0.8310546875,0.0,0.0394287109375,0.328369140625
1920,815,1.427040934562683,1.4425959587097168,-0.33232900500297546,0.5927734375,0.0048980712890625,0.80517578125,0.0,0.0283050537109375,0.273681640625
1921,814,1.4265670776367188,1.7612433433532715,-0.34042590856552124,0.55615234375,0.0205535888671875,0.8310546875,0.0,0.0394287109375,0.328369140625
1922,816,1.3235108852386475,1.47371244430542,-0.25759872794151306,0.59423828125,0.0036945343017578125,0.80419921875,0.0,0.05133056640625,0.274169921875
1923,817,1.3607616424560547,1.0852851867675781,-0.28874170780181885,0.6015625,-0.005558013916015625,0.798828125,0.0,0.0285797119140625,0.2093505859375
1924,815,1.427040934562683,1.4425959587097168,-0.33232900500297546,0.5927734375,0.0048980712890625,0.80517578125,0.0,0.0283050537109375,0.273681640625
1925,816,1.3235108852386475,1.47371244430542,-0.25759872794151306,0.59423828125,0.0036945343017578125,0.80419921875,0.0,0.05133056640625,0.274169921875
1926,817,1.3607616424560547,1.0852851867675781,-0.28874170780181885,0.6015625,-0.005558013916015625,0.798828125,0.0,0.0285797119140625,0.2093505859375
1927,816,1.3235108852386475,1.47371244430542,-0.25759872794151306,0.59423828125,0.0036945343017578125,0.80419921875,0.0,0.05133056640625,0.274169921875
1928,818,1.2320291996002197,1.1187795400619507,-0.18542473018169403,0.6015625,-0.00556182861328125,0.798828125,0.0,0.05810546875,0.208984375
1929,819,1.146705150604248,0.6775240302085876,-0.1319107860326767,0.58740234375,-0.0024204254150390625,0.80908203125,0.0,0.058837890625,0.129638671875
1930,817,1.3607616424560547,1.0852851867675781,-0.28874170780181885,0.6015625,-0.005558013916015625,0.798828125,0.0,0.0285797119140625,0.2093505859375
1931,818,1.2320291996002197,1.1187795400619507,-0.18542473018169403,0.6015625,-0.00556182861328125,0.798828125,0.0,0.05810546875,0.208984375
1932,819,1.146705150604248,0.6775240302085876,-0.1319107860326767,0.58740234375,-0.0024204254150390625,0.80908203125,0.0,0.058837890625,0.129638671875
1933,820,1.3035622835159302,0.6289361119270325,-0.24223770201206207,0.5859375,-0.0019550323486328125,0.81005859375,0.0,0.0241851806640625,0.12841796875
1934,817,1.3607616424560547,1.0852851867675781,-0.28874170780181885,0.6015625,-0.005558013916015625,0.798828125,0.0,0.0285797119140625,0.2093505859375
1935,821,1.107413411140442,0.3022129237651825,-0.10366714000701904,0.57568359375,0.001277923583984375,0.81787109375,0.0,0.05316162109375,0.06353759765625
1936,820,1.3035622835159302,0.6289361119270325,-0.24223770201206207,0.5859375,-0.0019550323486328125,0.81005859375,0.0,0.0241851806640625,0.12841796875
1937,819,1.146705150604248,0.6775240302085876,-0.1319107860326767,0.58740234375,-0.0024204254150390625,0.80908203125,0.0,0.058837890625,0.129638671875
1938,821,1.107413411140442,0.3022129237651825,-0.10366714000701904,0.57568359375,0.001277923583984375,0.81787109375,0.0,0.05316162109375,0.06353759765625
1939,822,1.2876484394073486,0.24638164043426514,-0.23043860495090485,0.57568359375,0.0012769699096679688,0.81787109375,0.0,0.0133209228515625,0.062164306640625
1940,820,1.3035622835159302,0.6289361119270325,-0.24223770201206207,0.5859375,-0.0019550323486328125,0.81005859375,0.0,0.0241851806640625,0.12841796875
1941,822,1.2876484394073486,0.24638164043426514,-0.23043860495090485,0.57568359375,0.0012769699096679688,0.81787109375,0.0,0.0133209228515625,0.062164306640625
1942,821,1.107413411140442,0.3022129237651825,-0.10366714000701904,0.57568359375,0.001277923583984375,0.81787109375,0.0,0.05316162109375,0.06353759765625
1943,823,1.0843924283981323,0.0,-0.08699323236942291,0.57568359375,0.0012750625610351562,0.81787109375,0.0,0.0467529296875,0.01067352294921875
1944,822,1.2876484394073486,0.24638164043426514,-0.23043860495090485,0.57568359375,0.0012769699096679688,0.81787109375,0.0,0.0133209228515625,0.062164306640625
1945,823,1.0843924283981323,0.0,-0.08699323236942291,0.57568359375,0.0012750625610351562,0.81787109375,0.0,0.0467529296875,0.01067352294921875
1946,824,1.2829499244689941,-3.552713599391162e-17,-0.22674711048603058,0.57568359375,0.0012750625610351562,0.81787109375,0.0,0.005161285400390625,0.01971435546875
1947,825,1.5589898824691772,0.846314549446106,0.8779526948928833,-0.93896484375,-0.0272674560546875,0.343505859375,0.0,0.484619140625,0.54541015625
1948,826,1.5318578481674194,0.6105494499206543,0.7850668430328369,-0.93896484375,-0.02728271484375,0.343505859375,0.0,0.4677734375,0.58642578125
1949,827,1.5509334802627563,0.6098503470420837,0.8371584415435791,-0.93896484375,-0.02728271484375,0.343505859375,0.0,0.477294921875,0.58642578125
1950,826,1.5318578481674194,0.6105494499206543,0.7850668430328369,-0.93896484375,-0.02728271484375,0.343505859375,0.0,0.4677734375,0.58642578125
1951,828,1.5550332069396973,0.38724285364151,0.8306741118431091,-0.93896484375,-0.02728271484375,0.343505859375,0.0,0.4765625,0.62548828125
1952,827,1.5509334802627563,0.6098503470420837,0.8371584415435791,-0.93896484375,-0.02728271484375,0.343505859375,0.0,0.477294921875,0.58642578125
1953,826,1.5318578481674194,0.6105494499206543,0.7850668430328369,-0.93896484375,-0.02728271484375,0.343505859375,0.0,0.4677734375,0.58642578125
1954,829,1.5273051261901855,0.3882545828819275,0.7549705505371094,-0.93896484375,-0.02728271484375,0.343505859375,0.0,0.46240234375,0.62548828125
1955,828,1.5550332069396973,0.38724285364151,0.8306741118431091,-0.93896484375,-0.02728271484375,0.343505859375,0.0,0.4765625,0.62548828125
1956,830,1.5299557447433472,0.2262427806854248,0.7493426203727722,-0.93896484375,-0.0272979736328125,0.343505859375,0.0,0.46142578125,0.65380859375
1957,828,1.5550332069396973,0.38724285364151,0.8306741118431091,-0.93896484375,-0.02728271484375,0.343505859375,0.0,0.4765625,0.62548828125
1958,829,1.5273051261901855,0.3882545828819275,0.7549705505371094,-0.93896484375,-0.02728271484375,0.343505859375,0.0,0.46240234375,0.62548828125
1959,830,1.5299557447433472,0.2262427806854248,0.7493426203727722,-0.93896484375,-0.0272979736328125,0.343505859375,0.0,0.46142578125,0.65380859375
1960,831,1.5613362789154053,0.2250930517911911,0.8350340127944946,-0.93896484375,-0.0272979736328125,0.343505859375,0.0,0.4775390625,0.654296875
1961,828,1.5550332069396973,0.38724285364151,0.8306741118431091,-0.93896484375,-0.02728271484375,0.343505859375,0.0,0.4765625,0.62548828125
1962,832,1.5344371795654297,0.12197080999612808,0.7532690167427063,-0.93896484375,-0.02728271484375,0.34326171875,0.0,0.46240234375,0.67236328125
1963,831,1.5613362789154053,0.2250930517911911,0.8350340127944946,-0.93896484375,-0.0272979736328125,0.343505859375,0.0,0.4775390625,0.654296875
1964,830,1.5299557447433472,0.2262427806854248,0.7493426203727722,-0.93896484375,-0.0272979736328125,0.343505859375,0.0,0.46142578125,0.65380859375
1965,832,1.5344371795654297,0.12197080999612808,0.7532690167427063,-0.93896484375,-0.02728271484375,0.34326171875,0.0,0.46240234375,0.67236328125
1966,833,1.566983938217163,0.12070608139038086,0.8421887159347534,-0.93896484375,-0.0272674560546875,0.34326171875,0.0,0.47900390625,0.67236328125
1967,831,1.5613362789154053,0.2250930517911911,0.8350340127944946,-0.93896484375,-0.0272979736328125,0.343505859375,0.0,0.4775390625,0.654296875
1968,834,1.5402038097381592,0.036039434373378754,0.7622604370117188,-0.93896484375,-0.0266876220703125,0.343505859375,0.0,0.464111328125,0.6875
1969,833,1.566983938217163,0.12070608139038086,0.8421887159347534,-0.93896484375,-0.0272674560546875,0.34326171875,0.0,0.47900390625,0.67236328125
1970,832,1.5344371795654297,0.12197080999612808,0.7532690167427063,-0.93896484375,-0.02728271484375,0.34326171875,0.0,0.46240234375,0.67236328125
1971,834,1.5402038097381592,0.036039434373378754,0.7622604370117188,-0.93896484375,-0.0266876220703125,0.343505859375,0.0,0.464111328125,0.6875
1972,835,1.5741068124771118,0.03479311242699623,0.8548287749290466,-0.93896484375,-0.0264739990234375,0.34375,0.0,0.4814453125,0.6875
1973,833,1.566983938217163,0.12070608139038086,0.8421887159347534,-0.93896484375,-0.0272674560546875,0.34326171875,0.0,0.47900390625,0.67236328125
1974,835,1.5741068124771118,0.03479311242699623,0.8548287749290466,-0.93896484375,-0.0264739990234375,0.34375,0.0,0.4814453125,0.6875
1975,834,1.5402038097381592,0.036039434373378754,0.7622604370117188,-0.93896484375,-0.0266876220703125,0.343505859375,0.0,0.464111328125,0.6875
1976,836,1.543996810913086,0.0,0.7701727747917175,-0.9384765625,-0.025146484375,0.34423828125,0.0,0.465576171875,0.69384765625
1977,835,1.5741068124771118,0.03479311242699623,0.8548287749290466,-0.93896484375,-0.0264739990234375,0.34375,0.0,0.4814453125,0.6875
1978,836,1.543996810913086,0.0,0.7701727747917175,-0.9384765625,-0.025146484375,0.34423828125,0.0,0.465576171875,0.69384765625
1979,837,1.577925205230713,0.0,0.8624990582466125,-0.9384765625,-0.025146484375,0.34423828125,0.0,0.48291015625,0.69384765625
1980,838,1.9089933633804321,1.4737293720245361,0.6779224872589111,-0.90478515625,0.01806640625,0.42529296875,0.0,0.6435546875,0.275390625
1981,839,1.8243716955184937,1.14503014087677,0.5118327736854553,-0.8935546875,0.018463134765625,0.448974609375,0.0,0.66259765625,0.2120361328125
1982,840,1.8419058322906494,1.1335095167160034,0.5496294498443604,-0.89501953125,0.0184173583984375,0.446044921875,0.0,0.6552734375,0.211669921875
1983,839,1.8243716955184937,1.14503014087677,0.5118327736854553,-0.8935546875,0.018463134765625,0.448974609375,0.0,0.66259765625,0.2120361328125
1984,841,1.815198302268982,0.9442996978759766,0.5023504495620728,-0.8720703125,0.0035915374755859375,0.489013671875,0.0,0.6572265625,0.17724609375
1985,840,1.8419058322906494,1.1335095167160034,0.5496294498443604,-0.89501953125,0.0184173583984375,0.446044921875,0.0,0.6552734375,0.211669921875
1986,839,1.8243716955184937,1.14503014087677,0.5118327736854553,-0.8935546875,0.018463134765625,0.448974609375,0.0,0.66259765625,0.2120361328125
1987,842,1.7835665941238403,0.9580827355384827,0.4448187053203583,-0.87109375,0.0021648406982421875,0.491455078125,0.0,0.6689453125,0.177001953125
1988,841,1.815198302268982,0.9442996978759766,0.5023504495620728,-0.8720703125,0.0035915374755859375,0.489013671875,0.0,0.6572265625,0.17724609375
1989,842,1.7835665941238403,0.9580827355384827,0.4448187053203583,-0.87109375,0.0021648406982421875,0.491455078125,0.0,0.6689453125,0.177001953125
1990,843,1.7912054061889648,0.7158331274986267,0.45493102073669434,-0.8662109375,-0.005825042724609375,0.5,0.0,0.6572265625,0.1361083984375
1991,841,1.815198302268982,0.9442996978759766,0.5023504495620728,-0.8720703125,0.0035915374755859375,0.489013671875,0.0,0.6572265625,0.17724609375
1992,842,1.7835665941238403,0.9580827355384827,0.4448187053203583,-0.87109375,0.0021648406982421875,0.491455078125,0.0,0.6689453125,0.177001953125
1993,844,1.7464596033096313,0.7294275760650635,0.38255026936531067,-0.8662109375,-0.00580596923828125,0.49951171875,0.0,0.67236328125,0.1351318359375
1994,843,1.7912054061889648,0.7158331274986267,0.45493102073669434,-0.8662109375,-0.005825042724609375,0.5,0.0,0.6572265625,0.1361083984375
1995,844,1.7464596033096313,0.7294275760650635,0.38255026936531067,-0.8662109375,-0.00580596923828125,0.49951171875,0.0,0.67236328125,0.1351318359375
1996,845,1.7636197805404663,0.42528989911079407,0.4091499149799347,-0.87548828125,-0.0019893646240234375,0.483154296875,0.0,0.6552734375,0.0843505859375
1997,843,1.7912054061889648,0.7158331274986267,0.45493102073669434,-0.8662109375,-0.005825042724609375,0.5,0.0,0.6572265625,0.1361083984375
1998,844,1.7464596033096313,0.7294275760650635,0.38255026936531067,-0.8662109375,-0.00580596923828125,0.49951171875,0.0,0.67236328125,0.1351318359375
1999,846,1.7172023057937622,0.44716253876686096,0.3222198486328125,-0.875,-0.0022220611572265625,0.484130859375,0.0,0.6728515625,0.084228515625
2000,845,1.7636197805404663,0.42528989911079407,0.4091499149799347,-0.87548828125,-0.0019893646240234375,0.483154296875,0.0,0.6552734375,0.0843505859375
2001,847,1.699176549911499,0.20877137780189514,0.28923872113227844,-0.8818359375,0.00146484375,0.471435546875,0.0,0.669921875,0.0419921875
2002,845,1.7636197805404663,0.42528989911079407,0.4091499149799347,-0.87548828125,-0.0019893646240234375,0.483154296875,0.0,0.6552734375,0.0843505859375
2003,846,1.7172023057937622,0.44716253876686096,0.3222198486328125,-0.875,-0.0022220611572265625,0.484130859375,0.0,0.6728515625,0.084228515625
2004,847,1.699176549911499,0.20877137780189514,0.28923872113227844,-0.8818359375,0.00146484375,0.471435546875,0.0,0.669921875,0.0419921875
2005,848,1.7525149583816528,0.1836427003145218,0.3891246020793915,-0.8818359375,0.0014629364013671875,0.471435546875,0.0,0.6494140625,0.0421142578125
2006,845,1.7636197805404663,0.42528989911079407,0.4091499149799347,-0.87548828125,-0.0019893646240234375,0.483154296875,0.0,0.6552734375,0.0843505859375
2007,848,1.7525149583816528,0.1836427003145218,0.3891246020793915,-0.8818359375,0.0014629364013671875,0.471435546875,0.0,0.6494140625,0.0421142578125
2008,847,1.699176549911499,0.20877137780189514,0.28923872113227844,-0.8818359375,0.00146484375,0.471435546875,0.0,0.669921875,0.0419921875
2009,849,1.6861846446990967,0.0,0.26557275652885437,-0.8818359375,0.0014505386352539062,0.471435546875,0.0,0.66650390625,0.0052490234375
2010,848,1.7525149583816528,0.1836427003145218,0.3891246020793915,-0.8818359375,0.0014629364013671875,0.471435546875,0.0,0.6494140625,0.0421142578125
2011,849,1.6861846446990967,0.0,0.26557275652885437,-0.8818359375,0.0014505386352539062,0.471435546875,0.0,0.66650390625,0.0052490234375
2012,850,1.746038794517517,0.0,0.3775695860385895,-0.8818359375,0.0014505386352539062,0.471435546875,0.0,0.64453125,0.01021575927734375
2013,851,1.3361397981643677,0.6044391989707947,0.1015450656414032,0.677734375,0.04718017578125,0.73388671875,0.0,0.83984375,0.35791015625
2014,852,1.165619969367981,0.9405085444450378,0.23681384325027466,0.6826171875,0.05291748046875,0.72900390625,0.0,0.85595703125,0.4296875
2015,853,1.055328607559204,1.1032447814941406,0.32827228307724,0.67919921875,0.0494384765625,0.732421875,0.0,0.87060546875,0.467041015625
2016,854,1.2822482585906982,0.5635660290718079,0.15416450798511505,0.677734375,0.0469970703125,0.73388671875,0.0,0.8544921875,0.355712890625
2017,851,1.3361397981643677,0.6044391989707947,0.1015450656414032,0.677734375,0.04718017578125,0.73388671875,0.0,0.83984375,0.35791015625
2018,853,1.055328607559204,1.1032447814941406,0.32827228307724,0.67919921875,0.0494384765625,0.732421875,0.0,0.87060546875,0.467041015625
2019,855,1.3445883989334106,0.2895636260509491,0.11329013854265213,0.67724609375,0.041961669921875,0.734375,0.0,0.85791015625,0.308349609375
2020,851,1.3361397981643677,0.6044391989707947,0.1015450656414032,0.677734375,0.04718017578125,0.73388671875,0.0,0.83984375,0.35791015625
2021,854,1.2822482585906982,0.5635660290718079,0.15416450798511505,0.677734375,0.0469970703125,0.73388671875,0.0,0.8544921875,0.355712890625
2022,855,1.3445883989334106,0.2895636260509491,0.11329013854265213,0.67724609375,0.041961669921875,0.734375,0.0,0.85791015625,0.308349609375
2023,856,1.4244476556777954,0.2971327006816864,0.03957672044634819,0.67724609375,0.041351318359375,0.734375,0.0,0.84033203125,0.3037109375
2024,851,1.3361397981643677,0.6044391989707947,0.1015450656414032,0.677734375,0.04718017578125,0.73388671875,0.0,0.83984375,0.35791015625
2025,856,1.4244476556777954,0.2971327006816864,0.03957672044634819,0.67724609375,0.041351318359375,0.734375,0.0,0.84033203125,0.3037109375
2026,855,1.3445883989334106,0.2895636260509491,0.11329013854265213,0.67724609375,0.041961669921875,0.734375,0.0,0.85791015625,0.308349609375
2027,857,1.3713465929031372,0.0,0.10412503033876419,0.67724609375,0.03851318359375,0.734375,0.0,0.8701171875,0.259765625
2028,856,1.4244476556777954,0.2971327006816864,0.03957672044634819,0.67724609375,0.041351318359375,0.734375,0.0,0.84033203125,0.3037109375
2029,857,1.3713465929031372,0.0,0.10412503033876419,0.67724609375,0.03851318359375,0.734375,0.0,0.8701171875,0.259765625
2030,858,1.460899829864502,0.0,0.02119790017604828,0.67724609375,0.03851318359375,0.734375,0.0,0.8486328125,0.253662109375
2031,859,0.6085584163665771,0.8084452748298645,-0.15497265756130219,0.256591796875,0.0222625732421875,-0.96630859375,0.0,0.6435546875,0.75
2032,860,0.766008734703064,0.6140630841255188,-0.11764831095933914,0.2281494140625,0.0260009765625,-0.97314453125,0.0,0.6630859375,0.7099609375
2033,861,0.7256516814231873,0.6033705472946167,-0.12860946357250214,0.2349853515625,0.0251007080078125,-0.9716796875,0.0,0.6552734375,0.7099609375
2034,860,0.766008734703064,0.6140630841255188,-0.11764831095933914,0.2281494140625,0.0260009765625,-0.97314453125,0.0,0.6630859375,0.7099609375
2035,862,0.7659136652946472,0.48721030354499817,-0.12126263976097107,0.1875,0.00738525390625,-0.982421875,0.0,0.6572265625,0.6884765625
2036,861,0.7256516814231873,0.6033705472946167,-0.12860946357250214,0.2349853515625,0.0251007080078125,-0.9716796875,0.0,0.6552734375,0.7099609375
2037,860,0.766008734703064,0.6140630841255188,-0.11764831095933914,0.2281494140625,0.0260009765625,-0.97314453125,0.0,0.6630859375,0.7099609375
2038,863,0.8302447199821472,0.5012784600257874,-0.10842239111661911,0.182861328125,0.00406646728515625,-0.98291015625,0.0,0.6689453125,0.68798828125
2039,862,0.7659136652946472,0.48721030354499817,-0.12126263976097107,0.1875,0.00738525390625,-0.982421875,0.0,0.6572265625,0.6884765625
2040,863,0.8302447199821472,0.5012784600257874,-0.10842239111661911,0.182861328125,0.00406646728515625,-0.98291015625,0.0,0.6689453125,0.68798828125
2041,864,0.8019883632659912,0.3459397554397583,-0.1122700497508049,0.175537109375,-0.006580352783203125,-0.984375,0.0,0.6572265625,0.66259765625
2042,862,0.7659136652946472,0.48721030354499817,-0.12126263976097107,0.1875,0.00738525390625,-0.982421875,0.0,0.6572265625,0.6884765625
2043,863,0.8302447199821472,0.5012784600257874,-0.10842239111661911,0.182861328125,0.00406646728515625,-0.98291015625,0.0,0.6689453125,0.68798828125
2044,865,0.8858311176300049,0.36144739389419556,-0.09994987398386002,0.17626953125,-0.006610870361328125,-0.984375,0.0,0.67236328125,0.66162109375
2045,864,0.8019883632659912,0.3459397554397583,-0.1122700497508049,0.175537109375,-0.006580352783203125,-0.984375,0.0,0.6572265625,0.66259765625
2046,865,0.8858311176300049,0.36144739389419556,-0.09994987398386002,0.17626953125,-0.006610870361328125,-0.984375,0.0,0.67236328125,0.66162109375
2047,866,0.8350778222084045,0.16515958309173584,-0.10789855569601059,0.1944580078125,-0.0025081634521484375,-0.98095703125,0.0,0.6552734375,0.630859375
2048,864,0.8019883632659912,0.3459397554397583,-0.1122700497508049,0.175537109375,-0.006580352783203125,-0.984375,0.0,0.6572265625,0.66259765625
2049,865,0.8858311176300049,0.36144739389419556,-0.09994987398386002,0.17626953125,-0.006610870361328125,-0.984375,0.0,0.67236328125,0.66162109375
2050,867,0.9314765930175781,0.18702758848667145,-0.08742473274469376,0.1934814453125,-0.0028171539306640625,-0.98095703125,0.0,0.6728515625,0.6298828125
2051,866,0.8350778222084045,0.16515958309173584,-0.10789855569601059,0.1944580078125,-0.0025081634521484375,-0.98095703125,0.0,0.6552734375,0.630859375
2052,868,0.9522387385368347,0.03819179907441139,-0.08324173092842102,0.2073974609375,0.0014505386352539062,-0.97802734375,0.0,0.669921875,0.60400390625
2053,866,0.8350778222084045,0.16515958309173584,-0.10789855569601059,0.1944580078125,-0.0025081634521484375,-0.98095703125,0.0,0.6552734375,0.630859375
2054,867,0.9314765930175781,0.18702758848667145,-0.08742473274469376,0.1934814453125,-0.0028171539306640625,-0.98095703125,0.0,0.6728515625,0.6298828125
2055,868,0.9522387385368347,0.03819179907441139,-0.08324173092842102,0.2073974609375,0.0014505386352539062,-0.97802734375,0.0,0.669921875,0.60400390625
2056,869,0.8414793014526367,0.013058541342616081,-0.10676661878824234,0.2073974609375,0.0014514923095703125,-0.97802734375,0.0,0.6494140625,0.6044921875
2057,866,0.8350778222084045,0.16515958309173584,-0.10789855569601059,0.1944580078125,-0.0025081634521484375,-0.98095703125,0.0,0.6552734375,0.630859375
2058,869,0.8414793014526367,0.013058541342616081,-0.10676661878824234,0.2073974609375,0.0014514923095703125,-0.97802734375,0.0,0.6494140625,0.6044921875
2059,868,0.9522387385368347,0.03819179907441139,-0.08324173092842102,0.2073974609375,0.0014505386352539062,-0.97802734375,0.0,0.669921875,0.60400390625
2060,870,0.9558836817741394,0.0,-0.08252573013305664,0.2073974609375,0.0014667510986328125,-0.97802734375,0.0,0.6689453125,0.59716796875
2061,869,0.8414793014526367,0.013058541342616081,-0.10676661878824234,0.2073974609375,0.0014514923095703125,-0.97802734375,0.0,0.6494140625,0.6044921875
2062,870,0.9558836817741394,0.0,-0.08252573013305664,0.2073974609375,0.0014667510986328125,-0.97802734375,0.0,0.6689453125,0.59716796875
2063,871,0.8415761590003967,0.0,-0.10676596313714981,0.2073974609375,0.0014667510986328125,-0.97802734375,0.0,0.64892578125,0.60205078125
2064,872,2.0039422512054443,1.5835950374603271,0.44040000438690186,-0.3876953125,-0.04852294921875,0.92041015625,0.0,0.480224609375,0.308837890625
2065,873,1.778672695159912,1.2216945886611938,0.32640859484672546,-0.3876953125,-0.048553466796875,0.92041015625,0.0,0.509765625,0.2373046875
2066,874,1.8426117897033691,1.204770565032959,0.3524547517299652,-0.3876953125,-0.048553466796875,0.92041015625,0.0,0.497314453125,0.2369384765625
2067,873,1.778672695159912,1.2216945886611938,0.32640859484672546,-0.3876953125,-0.048553466796875,0.92041015625,0.0,0.509765625,0.2373046875
2068,875,1.794624924659729,0.9917884469032288,0.3210022747516632,-0.3876953125,-0.048553466796875,0.92041015625,0.0,0.499267578125,0.1982421875
2069,874,1.8426117897033691,1.204770565032959,0.3524547517299652,-0.3876953125,-0.048553466796875,0.92041015625,0.0,0.497314453125,0.2369384765625
2070,873,1.778672695159912,1.2216945886611938,0.32640859484672546,-0.3876953125,-0.048553466796875,0.92041015625,0.0,0.509765625,0.2373046875
2071,876,1.712280511856079,1.0135875940322876,0.28746214509010315,-0.3876953125,-0.048553466796875,0.92041015625,0.0,0.51513671875,0.19873046875
2072,875,1.794624924659729,0.9917884469032288,0.3210022747516632,-0.3876953125,-0.048553466796875,0.92041015625,0.0,0.499267578125,0.1982421875
2073,876,1.712280511856079,1.0135875940322876,0.28746214509010315,-0.3876953125,-0.048553466796875,0.92041015625,0.0,0.51513671875,0.19873046875
2074,877,1.7416303157806396,0.733414888381958,0.28504568338394165,-0.3876953125,-0.048553466796875,0.92041015625,0.0,0.50048828125,0.151611328125
2075,875,1.794624924659729,0.9917884469032288,0.3210022747516632,-0.3876953125,-0.048553466796875,0.92041015625,0.0,0.499267578125,0.1982421875
2076,876,1.712280511856079,1.0135875940322876,0.28746214509010315,-0.3876953125,-0.048553466796875,0.92041015625,0.0,0.51513671875,0.19873046875
2077,878,1.6529858112335205,0.756883442401886,0.24894309043884277,-0.3876953125,-0.048553466796875,0.92041015625,0.0,0.517578125,0.152099609375
2078,877,1.7416303157806396,0.733414888381958,0.28504568338394165,-0.3876953125,-0.048553466796875,0.92041015625,0.0,0.50048828125,0.151611328125
2079,879,1.581074833869934,0.4377577006816864,0.20181655883789062,-0.3876953125,-0.048553466796875,0.92041015625,0.0,0.5205078125,0.09423828125
2080,877,1.7416303157806396,0.733414888381958,0.28504568338394165,-0.3876953125,-0.048553466796875,0.92041015625,0.0,0.50048828125,0.151611328125
2081,878,1.6529858112335205,0.756883442401886,0.24894309043884277,-0.3876953125,-0.048553466796875,0.92041015625,0.0,0.517578125,0.152099609375
2082,879,1.581074833869934,0.4377577006816864,0.20181655883789062,-0.3876953125,-0.048553466796875,0.92041015625,0.0,0.5205078125,0.09423828125
2083,880,1.7096633911132812,0.4037162959575653,0.2541934847831726,-0.3876953125,-0.048553466796875,0.92041015625,0.0,0.495361328125,0.093505859375
2084,877,1.7416303157806396,0.733414888381958,0.28504568338394165,-0.3876953125,-0.048553466796875,0.92041015625,0.0,0.50048828125,0.151611328125
2085,881,1.5551201105117798,0.16661283373832703,0.17657539248466492,-0.3876953125,-0.048553466796875,0.92041015625,0.0,0.51611328125,0.04644775390625
2086,880,1.7096633911132812,0.4037162959575653,0.2541934847831726,-0.3876953125,-0.048553466796875,0.92041015625,0.0,0.495361328125,0.093505859375
2087,879,1.581074833869934,0.4377577006816864,0.20181655883789062,-0.3876953125,-0.048553466796875,0.92041015625,0.0,0.5205078125,0.09423828125
2088,881,1.5551201105117798,0.16661283373832703,0.17657539248466492,-0.3876953125,-0.048553466796875,0.92041015625,0.0,0.51611328125,0.04644775390625
2089,882,1.7028734683990479,0.12749874591827393,0.23676170408725739,-0.3876953125,-0.048553466796875,0.92041015625,0.0,0.4873046875,0.045623779296875
2090,880,1.7096633911132812,0.4037162959575653,0.2541934847831726,-0.3876953125,-0.048553466796875,0.92041015625,0.0,0.495361328125,0.093505859375
2091,882,1.7028734683990479,0.12749874591827393,0.23676170408725739,-0.3876953125,-0.048553466796875,0.92041015625,0.0,0.4873046875,0.045623779296875
2092,881,1.5551201105117798,0.16661283373832703,0.17657539248466492,-0.3876953125,-0.048553466796875,0.92041015625,0.0,0.51611328125,0.04644775390625
2093,883,1.5445269346237183,-8.881783998477905e-18,0.16332679986953735,-0.3876953125,-0.048553466796875,0.92041015625,0.0,0.5126953125,0.0172882080078125
2094,882,1.7028734683990479,0.12749874591827393,0.23676170408725739,-0.3876953125,-0.048553466796875,0.92041015625,0.0,0.4873046875,0.045623779296875
2095,883,1.5445269346237183,-8.881783998477905e-18,0.16332679986953735,-0.3876953125,-0.048553466796875,0.92041015625,0.0,0.5126953125,0.0172882080078125
2096,884,1.702979564666748,0.0,0.23008200526237488,-0.3876953125,-0.048553466796875,0.92041015625,0.0,0.48291015625,0.023651123046875
2097,885,1.5702838897705078,0.9694468975067139,0.5711767673492432,0.62060546875,0.08770751953125,-0.779296875,0.0,0.279296875,0.64404296875
2098,886,1.6700482368469238,0.7183258533477783,0.6223211884498596,0.59814453125,0.09747314453125,-0.79541015625,0.0,0.298095703125,0.60009765625
2099,887,1.636392593383789,0.7197009325027466,0.5956860184669495,0.60400390625,0.094970703125,-0.79150390625,0.0,0.290771484375,0.60009765625
2100,886,1.6700482368469238,0.7183258533477783,0.6223211884498596,0.59814453125,0.09747314453125,-0.79541015625,0.0,0.298095703125,0.60009765625
2101,888,1.6532855033874512,0.5864049792289734,0.5933080315589905,0.56201171875,0.09002685546875,-0.822265625,0.0,0.29248046875,0.57666015625
2102,887,1.636392593383789,0.7197009325027466,0.5956860184669495,0.60400390625,0.094970703125,-0.79150390625,0.0,0.290771484375,0.60009765625
2103,886,1.6700482368469238,0.7183258533477783,0.6223211884498596,0.59814453125,0.09747314453125,-0.79541015625,0.0,0.298095703125,0.60009765625
2104,889,1.7083529233932495,0.58183354139328,0.6309625506401062,0.55712890625,0.08770751953125,-0.82568359375,0.0,0.30419921875,0.57568359375
2105,888,1.6532855033874512,0.5864049792289734,0.5933080315589905,0.56201171875,0.09002685546875,-0.822265625,0.0,0.29248046875,0.57666015625
2106,889,1.7083529233932495,0.58183354139328,0.6309625506401062,0.55712890625,0.08770751953125,-0.82568359375,0.0,0.30419921875,0.57568359375
2107,890,1.6621636152267456,0.4277641475200653,0.585841178894043,0.548828125,0.0799560546875,-0.83203125,0.0,0.292724609375,0.548828125
2108,888,1.6532855033874512,0.5864049792289734,0.5933080315589905,0.56201171875,0.09002685546875,-0.822265625,0.0,0.29248046875,0.57666015625
2109,889,1.7083529233932495,0.58183354139328,0.6309625506401062,0.55712890625,0.08770751953125,-0.82568359375,0.0,0.30419921875,0.57568359375
2110,891,1.7352819442749023,0.41952285170555115,0.6303255558013916,0.5498046875,0.0797119140625,-0.83154296875,0.0,0.3076171875,0.546875
2111,890,1.6621636152267456,0.4277641475200653,0.585841178894043,0.548828125,0.0799560546875,-0.83203125,0.0,0.292724609375,0.548828125
2112,891,1.7352819442749023,0.41952285170555115,0.6303255558013916,0.5498046875,0.0797119140625,-0.83154296875,0.0,0.3076171875,0.546875
2113,892,1.664533019065857,0.2293562889099121,0.5650931596755981,0.5654296875,0.0794677734375,-0.8212890625,0.0,0.29052734375,0.513671875
2114,890,1.6621636152267456,0.4277641475200653,0.585841178894043,0.548828125,0.0799560546875,-0.83203125,0.0,0.292724609375,0.548828125
2115,891,1.7352819442749023,0.41952285170555115,0.6303255558013916,0.5498046875,0.0797119140625,-0.83154296875,0.0,0.3076171875,0.546875
2116,893,1.746667742729187,0.2231339067220688,0.622783899307251,0.56494140625,0.0794677734375,-0.8212890625,0.0,0.30810546875,0.5126953125
2117,892,1.664533019065857,0.2293562889099121,0.5650931596755981,0.5654296875,0.0794677734375,-0.8212890625,0.0,0.29052734375,0.513671875
2118,894,1.7425336837768555,0.06143483892083168,0.6039007306098938,0.5771484375,0.0802001953125,-0.81298828125,0.0,0.30517578125,0.484130859375
2119,892,1.664533019065857,0.2293562889099121,0.5650931596755981,0.5654296875,0.0794677734375,-0.8212890625,0.0,0.29052734375,0.513671875
2120,893,1.746667742729187,0.2231339067220688,0.622783899307251,0.56494140625,0.0794677734375,-0.8212890625,0.0,0.30810546875,0.5126953125
2121,894,1.7425336837768555,0.06143483892083168,0.6039007306098938,0.5771484375,0.0802001953125,-0.81298828125,0.0,0.30517578125,0.484130859375
2122,895,1.648160696029663,0.06858620792627335,0.5376121997833252,0.5771484375,0.0802001953125,-0.81298828125,0.0,0.284912109375,0.485595703125
2123,892,1.664533019065857,0.2293562889099121,0.5650931596755981,0.5654296875,0.0794677734375,-0.8212890625,0.0,0.29052734375,0.513671875
2124,895,1.648160696029663,0.06858620792627335,0.5376121997833252,0.5771484375,0.0802001953125,-0.81298828125,0.0,0.284912109375,0.485595703125
2125,894,1.7425336837768555,0.06143483892083168,0.6039007306098938,0.5771484375,0.0802001953125,-0.81298828125,0.0,0.30517578125,0.484130859375
2126,896,1.73887300491333,0.0,0.5952433347702026,0.5771484375,0.08013916015625,-0.81298828125,0.0,0.3037109375,0.473388671875
2127,895,1.648160696029663,0.06858620792627335,0.5376121997833252,0.5771484375,0.0802001953125,-0.81298828125,0.0,0.284912109375,0.485595703125
2128,896,1.73887300491333,0.0,0.5952433347702026,0.5771484375,0.08013916015625,-0.81298828125,0.0,0.3037109375,0.473388671875
2129,897,1.63924241065979,0.0,0.5245159864425659,0.5771484375,0.08013916015625,-0.81298828125,0.0,0.2822265625,0.4736328125
2130,898,0.027904853224754333,0.5042607188224792,-0.7647199630737305,-0.89453125,0.11712646484375,-0.431640625,0.0,0.75048828125,0.59130859375
2131,899,0.12730799615383148,0.8136135935783386,-0.8869817852973938,-0.8896484375,0.1109619140625,-0.442626953125,0.0,0.76416015625,0.65087890625
2132,900,0.18993796408176422,0.9664788842201233,-0.9745517373085022,-0.89453125,0.11749267578125,-0.431884765625,0.0,0.77587890625,0.681640625
2133,901,0.05355079472064972,0.47310805320739746,-0.8266940116882324,-0.89453125,0.116943359375,-0.431884765625,0.0,0.76318359375,0.5888671875
2134,898,0.027904853224754333,0.5042607188224792,-0.7647199630737305,-0.89453125,0.11712646484375,-0.431640625,0.0,0.75048828125,0.59130859375
2135,900,0.18993796408176422,0.9664788842201233,-0.9745517373085022,-0.89453125,0.11749267578125,-0.431884765625,0.0,0.77587890625,0.681640625
2136,901,0.05355079472064972,0.47310805320739746,-0.8266940116882324,-0.89453125,0.116943359375,-0.431884765625,0.0,0.76318359375,0.5888671875
2137,902,-0.029130324721336365,0.22678492963314056,-0.7219500541687012,-0.89306640625,0.1156005859375,-0.43505859375,0.0,0.7509765625,0.541015625
2138,898,0.027904853224754333,0.5042607188224792,-0.7647199630737305,-0.89453125,0.11712646484375,-0.431640625,0.0,0.75048828125,0.59130859375
2139,901,0.05355079472064972,0.47310805320739746,-0.8266940116882324,-0.89453125,0.116943359375,-0.431884765625,0.0,0.76318359375,0.5888671875
2140,903,0.011430968530476093,0.22678492963314056,-0.8048948645591736,-0.89306640625,0.1156005859375,-0.434814453125,0.0,0.7666015625,0.544921875
2141,902,-0.029130324721336365,0.22678492963314056,-0.7219500541687012,-0.89306640625,0.1156005859375,-0.43505859375,0.0,0.7509765625,0.541015625
2142,902,-0.029130324721336365,0.22678492963314056,-0.7219500541687012,-0.89306640625,0.1156005859375,-0.43505859375,0.0,0.7509765625,0.541015625
2143,903,0.011430968530476093,0.22678492963314056,-0.8048948645591736,-0.89306640625,0.1156005859375,-0.434814453125,0.0,0.7666015625,0.544921875
2144,904,-0.012736743316054344,1.1102229998097382e-18,-0.8154689073562622,-0.892578125,0.11541748046875,-0.436279296875,0.0,0.77587890625,0.50634765625
2145,902,-0.029130324721336365,0.22678492963314056,-0.7219500541687012,-0.89306640625,0.1156005859375,-0.43505859375,0.0,0.7509765625,0.541015625
2146,904,-0.012736743316054344,1.1102229998097382e-18,-0.8154689073562622,-0.892578125,0.11541748046875,-0.436279296875,0.0,0.77587890625,0.50634765625
2147,905,-0.05771636217832565,0.0,-0.7234864830970764,-0.892578125,0.11541748046875,-0.436279296875,0.0,0.75830078125,0.501953125
2148,906,-0.13983702659606934,0.4187721014022827,-0.9649448990821838,-0.927734375,0.0809326171875,0.364501953125,0.0,0.287109375,0.8388671875
2149,907,-0.1441417634487152,0.6621973514556885,-1.030002474784851,-0.92431640625,0.083251953125,0.37255859375,0.0,0.294921875,0.88427734375
2150,908,-0.15185774862766266,0.7831854224205017,-1.0761723518371582,-0.92626953125,0.08160400390625,0.367431640625,0.0,0.301513671875,0.9072265625
2151,909,-0.15551716089248657,0.3963131904602051,-0.9995920062065125,-0.92822265625,0.08062744140625,0.36328125,0.0,0.294189453125,0.8349609375
2152,906,-0.13983702659606934,0.4187721014022827,-0.9649448990821838,-0.927734375,0.0809326171875,0.364501953125,0.0,0.287109375,0.8388671875
2153,908,-0.15185774862766266,0.7831854224205017,-1.0761723518371582,-0.92626953125,0.08160400390625,0.367431640625,0.0,0.301513671875,0.9072265625
2154,909,-0.15551716089248657,0.3963131904602051,-0.9995920062065125,-0.92822265625,0.08062744140625,0.36328125,0.0,0.294189453125,0.8349609375
2155,910,-0.15091747045516968,0.20215262472629547,-0.9446685314178467,-0.92919921875,0.07086181640625,0.362548828125,0.0,0.287841796875,0.798828125
2156,906,-0.13983702659606934,0.4187721014022827,-0.9649448990821838,-0.927734375,0.0809326171875,0.364501953125,0.0,0.287109375,0.8388671875
2157,909,-0.15551716089248657,0.3963131904602051,-0.9995920062065125,-0.92822265625,0.08062744140625,0.36328125,0.0,0.294189453125,0.8349609375
2158,911,-0.16818347573280334,0.20505057275295258,-0.9903690814971924,-0.92919921875,0.0714111328125,0.362548828125,0.0,0.2958984375,0.7998046875
2159,910,-0.15091747045516968,0.20215262472629547,-0.9446685314178467,-0.92919921875,0.07086181640625,0.362548828125,0.0,0.287841796875,0.798828125
2160,912,-0.16575247049331665,0.0,-0.9482635259628296,-0.92919921875,0.06365966796875,0.363525390625,0.0,0.29150390625,0.767578125
2161,910,-0.15091747045516968,0.20215262472629547,-0.9446685314178467,-0.92919921875,0.07086181640625,0.362548828125,0.0,0.287841796875,0.798828125
2162,911,-0.16818347573280334,0.20505057275295258,-0.9903690814971924,-0.92919921875,0.0714111328125,0.362548828125,0.0,0.2958984375,0.7998046875
2163,912,-0.16575247049331665,0.0,-0.9482635259628296,-0.92919921875,0.06365966796875,0.363525390625,0.0,0.29150390625,0.767578125
2164,911,-0.16818347573280334,0.20505057275295258,-0.9903690814971924,-0.92919921875,0.0714111328125,0.362548828125,0.0,0.2958984375,0.7998046875
2165,913,-0.18605104088783264,0.0,-0.9991066455841064,-0.92919921875,0.06365966796875,0.363525390625,0.0,0.30126953125,0.76904296875
2166,914,0.6811946034431458,0.36525481939315796,-0.1437973976135254,-0.91064453125,-0.11016845703125,0.398193359375,0.0,0.73095703125,0.86572265625
2167,915,0.6002910733222961,0.5998977422714233,-0.2637019157409668,-0.90283203125,-0.0970458984375,0.419189453125,0.0,0.744140625,0.912109375
2168,916,0.546958327293396,0.7164623141288757,-0.3515700697898865,-0.90966796875,-0.11126708984375,0.399658203125,0.0,0.75634765625,0.93701171875
2169,917,0.6561568975448608,0.3448181748390198,-0.20719987154006958,-0.91064453125,-0.11053466796875,0.39794921875,0.0,0.74365234375,0.865234375
2170,914,0.6811946034431458,0.36525481939315796,-0.1437973976135254,-0.91064453125,-0.11016845703125,0.398193359375,0.0,0.73095703125,0.86572265625
2171,916,0.546958327293396,0.7164623141288757,-0.3515700697898865,-0.90966796875,-0.11126708984375,0.399658203125,0.0,0.75634765625,0.93701171875
2172,918,0.6859279274940491,0.16088838875293732,-0.18811845779418945,-0.9091796875,-0.109619140625,0.401611328125,0.0,0.7470703125,0.83251953125
2173,914,0.6811946034431458,0.36525481939315796,-0.1437973976135254,-0.91064453125,-0.11016845703125,0.398193359375,0.0,0.73095703125,0.86572265625
2174,917,0.6561568975448608,0.3448181748390198,-0.20719987154006958,-0.91064453125,-0.11053466796875,0.39794921875,0.0,0.74365234375,0.865234375
2175,918,0.6859279274940491,0.16088838875293732,-0.18811845779418945,-0.9091796875,-0.109619140625,0.401611328125,0.0,0.7470703125,0.83251953125
2176,919,0.7237704396247864,0.15786074101924896,-0.1034829318523407,-0.9091796875,-0.1099853515625,0.402099609375,0.0,0.7314453125,0.82763671875
2177,914,0.6811946034431458,0.36525481939315796,-0.1437973976135254,-0.91064453125,-0.11016845703125,0.398193359375,0.0,0.73095703125,0.86572265625
2178,919,0.7237704396247864,0.15786074101924896,-0.1034829318523407,-0.9091796875,-0.1099853515625,0.402099609375,0.0,0.7314453125,0.82763671875
2179,918,0.6859279274940491,0.16088838875293732,-0.18811845779418945,-0.9091796875,-0.109619140625,0.401611328125,0.0,0.7470703125,0.83251953125
2180,920,0.6994872689247131,0.0,-0.20168569684028625,-0.90771484375,-0.11187744140625,0.404296875,0.0,0.75537109375,0.80615234375
2181,919,0.7237704396247864,0.15786074101924896,-0.1034829318523407,-0.9091796875,-0.1099853515625,0.402099609375,0.0,0.7314453125,0.82763671875
2182,920,0.6994872689247131,0.0,-0.20168569684028625,-0.90771484375,-0.11187744140625,0.404296875,0.0,0.75537109375,0.80615234375
2183,921,0.7412837147712708,0.0,-0.10836857557296753,-0.90771484375,-0.11187744140625,0.404296875,0.0,0.73828125,0.80078125
2184,922,0.6279727220535278,1.0882562398910522,-0.6629254817962646,-0.28076171875,0.076904296875,0.95654296875,0.0,0.405029296875,0.21923828125
2185,923,0.5162915587425232,0.8015944361686707,-0.6726580858230591,-0.254638671875,0.0853271484375,0.96337890625,0.0,0.385986328125,0.269775390625
2186,924,0.5575032234191895,0.803162693977356,-0.6606910824775696,-0.2607421875,0.0833740234375,0.9619140625,0.0,0.3935546875,0.26953125
2187,923,0.5162915587425232,0.8015944361686707,-0.6726580858230591,-0.254638671875,0.0853271484375,0.96337890625,0.0,0.385986328125,0.269775390625
2188,925,0.5427510738372803,0.6510018110275269,-0.6521146297454834,-0.2108154296875,0.0789794921875,0.97412109375,0.0,0.3916015625,0.29638671875
2189,924,0.5575032234191895,0.803162693977356,-0.6606910824775696,-0.2607421875,0.0833740234375,0.9619140625,0.0,0.3935546875,0.26953125
2190,923,0.5162915587425232,0.8015944361686707,-0.6726580858230591,-0.254638671875,0.0853271484375,0.96337890625,0.0,0.385986328125,0.269775390625
2191,926,0.4775520861148834,0.6457819938659668,-0.6662108302116394,-0.2047119140625,0.07696533203125,0.9755859375,0.0,0.380126953125,0.29736328125
2192,925,0.5427510738372803,0.6510018110275269,-0.6521146297454834,-0.2108154296875,0.0789794921875,0.97412109375,0.0,0.3916015625,0.29638671875
2193,926,0.4775520861148834,0.6457819938659668,-0.6662108302116394,-0.2047119140625,0.07696533203125,0.9755859375,0.0,0.380126953125,0.29736328125
2194,927,0.5373506546020508,0.46990448236465454,-0.6418460011482239,-0.19482421875,0.07012939453125,0.978515625,0.0,0.3916015625,0.328125
2195,925,0.5427510738372803,0.6510018110275269,-0.6521146297454834,-0.2108154296875,0.0789794921875,0.97412109375,0.0,0.3916015625,0.29638671875
2196,926,0.4775520861148834,0.6457819938659668,-0.6662108302116394,-0.2047119140625,0.07696533203125,0.9755859375,0.0,0.380126953125,0.29736328125
2197,928,0.4528544247150421,0.46049964427948,-0.6554645299911499,-0.19580078125,0.06988525390625,0.97802734375,0.0,0.376708984375,0.330078125
2198,927,0.5373506546020508,0.46990448236465454,-0.6418460011482239,-0.19482421875,0.07012939453125,0.978515625,0.0,0.3916015625,0.328125
2199,928,0.4528544247150421,0.46049964427948,-0.6554645299911499,-0.19580078125,0.06988525390625,0.97802734375,0.0,0.376708984375,0.330078125
2200,929,0.5429795980453491,0.24341535568237305,-0.6217372417449951,-0.2137451171875,0.06964111328125,0.974609375,0.0,0.393798828125,0.367919921875
2201,927,0.5373506546020508,0.46990448236465454,-0.6418460011482239,-0.19482421875,0.07012939453125,0.978515625,0.0,0.3916015625,0.328125
2202,928,0.4528544247150421,0.46049964427948,-0.6554645299911499,-0.19580078125,0.06988525390625,0.97802734375,0.0,0.376708984375,0.330078125
2203,930,0.445156455039978,0.2363145798444748,-0.644182026386261,-0.2138671875,0.06964111328125,0.974609375,0.0,0.376220703125,0.369384765625
2204,929,0.5429795980453491,0.24341535568237305,-0.6217372417449951,-0.2137451171875,0.06964111328125,0.974609375,0.0,0.393798828125,0.367919921875
2205,931,0.45610326528549194,0.05172654986381531,-0.6282564997673035,-0.2279052734375,0.07025146484375,0.97119140625,0.0,0.379150390625,0.40185546875
2206,929,0.5429795980453491,0.24341535568237305,-0.6217372417449951,-0.2137451171875,0.06964111328125,0.974609375,0.0,0.393798828125,0.367919921875
2207,930,0.445156455039978,0.2363145798444748,-0.644182026386261,-0.2138671875,0.06964111328125,0.974609375,0.0,0.376220703125,0.369384765625
2208,931,0.45610326528549194,0.05172654986381531,-0.6282564997673035,-0.2279052734375,0.07025146484375,0.97119140625,0.0,0.379150390625,0.40185546875
2209,932,0.5685124397277832,0.05988967418670654,-0.6024642586708069,-0.2279052734375,0.07025146484375,0.97119140625,0.0,0.399169921875,0.400146484375
2210,929,0.5429795980453491,0.24341535568237305,-0.6217372417449951,-0.2137451171875,0.06964111328125,0.974609375,0.0,0.393798828125,0.367919921875
2211,932,0.5685124397277832,0.05988967418670654,-0.6024642586708069,-0.2279052734375,0.07025146484375,0.97119140625,0.0,0.399169921875,0.400146484375
2212,931,0.45610326528549194,0.05172654986381531,-0.6282564997673035,-0.2279052734375,0.07025146484375,0.97119140625,0.0,0.379150390625,0.40185546875
2213,933,0.46101340651512146,0.0,-0.6233612895011902,-0.2279052734375,0.07025146484375,0.97119140625,0.0,0.380126953125,0.410888671875
2214,932,0.5685124397277832,0.05988967418670654,-0.6024642586708069,-0.2279052734375,0.07025146484375,0.97119140625,0.0,0.399169921875,0.400146484375
2215,933,0.46101340651512146,0.0,-0.6233612895011902,-0.2279052734375,0.07025146484375,0.97119140625,0.0,0.380126953125,0.410888671875
2216,934,0.5786094665527344,0.0,-0.5957607626914978,-0.2279052734375,0.07025146484375,0.97119140625,0.0,0.4013671875,0.41064453125
2217,935,1.9800673723220825,0.7863243222236633,0.9377201795578003,-0.55712890625,-0.06170654296875,0.828125,0.0,0.6982421875,0.884765625
2218,936,1.8563423156738281,0.6198024749755859,0.8420928120613098,-0.53173828125,-0.056396484375,0.84521484375,0.0,0.71728515625,0.849609375
2219,937,1.8914525508880615,0.6094825863838196,0.8649393916130066,-0.5390625,-0.057891845703125,0.84033203125,0.0,0.70947265625,0.849609375
2220,936,1.8563423156738281,0.6198024749755859,0.8420928120613098,-0.53173828125,-0.056396484375,0.84521484375,0.0,0.71728515625,0.849609375
2221,938,1.8633276224136353,0.5086182951927185,0.8392893671989441,-0.49658203125,-0.07611083984375,0.86474609375,0.0,0.71142578125,0.8310546875
2222,937,1.8914525508880615,0.6094825863838196,0.8649393916130066,-0.5390625,-0.057891845703125,0.84033203125,0.0,0.70947265625,0.849609375
2223,936,1.8563423156738281,0.6198024749755859,0.8420928120613098,-0.53173828125,-0.056396484375,0.84521484375,0.0,0.71728515625,0.849609375
2224,939,1.8060433864593506,0.5219966173171997,0.8070745468139648,-0.49169921875,-0.08038330078125,0.8671875,0.0,0.72314453125,0.830078125
2225,938,1.8633276224136353,0.5086182951927185,0.8392893671989441,-0.49658203125,-0.07611083984375,0.86474609375,0.0,0.71142578125,0.8310546875
2226,939,1.8060433864593506,0.5219966173171997,0.8070745468139648,-0.49169921875,-0.08038330078125,0.8671875,0.0,0.72314453125,0.830078125
2227,940,1.84127676486969,0.3860241174697876,0.8122128844261169,-0.4853515625,-0.091796875,0.86962890625,0.0,0.71142578125,0.80859375
2228,938,1.8633276224136353,0.5086182951927185,0.8392893671989441,-0.49658203125,-0.07611083984375,0.86474609375,0.0,0.71142578125,0.8310546875
2229,939,1.8060433864593506,0.5219966173171997,0.8070745468139648,-0.49169921875,-0.08038330078125,0.8671875,0.0,0.72314453125,0.830078125
2230,941,1.7653614282608032,0.4005199670791626,0.7742425203323364,-0.48583984375,-0.09185791015625,0.869140625,0.0,0.7265625,0.80712890625
2231,940,1.84127676486969,0.3860241174697876,0.8122128844261169,-0.4853515625,-0.091796875,0.86962890625,0.0,0.71142578125,0.80859375
2232,941,1.7653614282608032,0.4005199670791626,0.7742425203323364,-0.48583984375,-0.09185791015625,0.869140625,0.0,0.7265625,0.80712890625
2233,942,1.8230501413345337,0.22843186557292938,0.7885063290596008,-0.50244140625,-0.08782958984375,0.8603515625,0.0,0.70849609375,0.78076171875
2234,940,1.84127676486969,0.3860241174697876,0.8122128844261169,-0.4853515625,-0.091796875,0.86962890625,0.0,0.71142578125,0.80859375
2235,941,1.7653614282608032,0.4005199670791626,0.7742425203323364,-0.48583984375,-0.09185791015625,0.869140625,0.0,0.7265625,0.80712890625
2236,943,1.7375632524490356,0.24929273128509521,0.7391132712364197,-0.50146484375,-0.088134765625,0.86083984375,0.0,0.72607421875,0.77978515625
2237,942,1.8230501413345337,0.22843186557292938,0.7885063290596008,-0.50244140625,-0.08782958984375,0.8603515625,0.0,0.70849609375,0.78076171875
2238,944,1.728847622871399,0.11963912844657898,0.7211453318595886,-0.5107421875,-0.0838623046875,0.85595703125,0.0,0.72265625,0.7578125
2239,942,1.8230501413345337,0.22843186557292938,0.7885063290596008,-0.50244140625,-0.08782958984375,0.8603515625,0.0,0.70849609375,0.78076171875
2240,943,1.7375632524490356,0.24929273128509521,0.7391132712364197,-0.50146484375,-0.088134765625,0.86083984375,0.0,0.72607421875,0.77978515625
2241,944,1.728847622871399,0.11963912844657898,0.7211453318595886,-0.5107421875,-0.0838623046875,0.85595703125,0.0,0.72265625,0.7578125
2242,945,1.8270717859268188,0.09566940367221832,0.7778977155685425,-0.509765625,-0.0838623046875,0.85595703125,0.0,0.7021484375,0.7578125
2243,942,1.8230501413345337,0.22843186557292938,0.7885063290596008,-0.50244140625,-0.08782958984375,0.8603515625,0.0,0.70849609375,0.78076171875
2244,945,1.8270717859268188,0.09566940367221832,0.7778977155685425,-0.509765625,-0.0838623046875,0.85595703125,0.0,0.7021484375,0.7578125
2245,944,1.728847622871399,0.11963912844657898,0.7211453318595886,-0.5107421875,-0.0838623046875,0.85595703125,0.0,0.72265625,0.7578125
2246,946,1.7263717651367188,0.0,0.7091146111488342,-0.50634765625,-0.08392333984375,0.8583984375,0.0,0.720703125,0.73828125
2247,945,1.8270717859268188,0.09566940367221832,0.7778977155685425,-0.509765625,-0.0838623046875,0.85595703125,0.0,0.7021484375,0.7578125
2248,946,1.7263717651367188,0.0,0.7091146111488342,-0.50634765625,-0.08392333984375,0.8583984375,0.0,0.720703125,0.73828125
2249,947,1.8340586423873901,0.0,0.7715402841567993,-0.50634765625,-0.08392333984375,0.8583984375,0.0,0.6982421875,0.73974609375
2250,948,0.661849856376648,0.9124751091003418,-0.4576968550682068,0.6767578125,0.0195465087890625,-0.73583984375,0.0,0.6943359375,0.60595703125
2251,949,0.7838206887245178,0.6905757784843445,-0.351369708776474,0.65576171875,0.022674560546875,-0.75439453125,0.0,0.71337890625,0.5615234375
2252,950,0.7532092332839966,0.6783747673034668,-0.37985873222351074,0.65966796875,0.0221405029296875,-0.75146484375,0.0,0.7060546875,0.56103515625
2253,949,0.7838206887245178,0.6905757784843445,-0.351369708776474,0.65576171875,0.022674560546875,-0.75439453125,0.0,0.71337890625,0.5615234375
2254,951,0.7854209542274475,0.5457732081413269,-0.35461553931236267,0.62255859375,0.005924224853515625,-0.78271484375,0.0,0.7080078125,0.53662109375
2255,950,0.7532092332839966,0.6783747673034668,-0.37985873222351074,0.65966796875,0.0221405029296875,-0.75146484375,0.0,0.7060546875,0.56103515625
2256,949,0.7838206887245178,0.6905757784843445,-0.351369708776474,0.65576171875,0.022674560546875,-0.75439453125,0.0,0.71337890625,0.5615234375
2257,952,0.8363757133483887,0.561832845211029,-0.313301682472229,0.62060546875,0.004261016845703125,-0.7841796875,0.0,0.7197265625,0.537109375
2258,951,0.7854209542274475,0.5457732081413269,-0.35461553931236267,0.62255859375,0.005924224853515625,-0.78271484375,0.0,0.7080078125,0.53662109375
2259,952,0.8363757133483887,0.561832845211029,-0.313301682472229,0.62060546875,0.004261016845703125,-0.7841796875,0.0,0.7197265625,0.537109375
2260,953,0.8131626844406128,0.3845111131668091,-0.3298613727092743,0.61376953125,-0.005771636962890625,-0.78955078125,0.0,0.7080078125,0.5078125
2261,951,0.7854209542274475,0.5457732081413269,-0.35461553931236267,0.62255859375,0.005924224853515625,-0.78271484375,0.0,0.7080078125,0.53662109375
2262,952,0.8363757133483887,0.561832845211029,-0.313301682472229,0.62060546875,0.004261016845703125,-0.7841796875,0.0,0.7197265625,0.537109375
2263,954,0.881632387638092,0.4022124707698822,-0.27992546558380127,0.6142578125,-0.0057830810546875,-0.7890625,0.0,0.72314453125,0.5078125
2264,953,0.8131626844406128,0.3845111131668091,-0.3298613727092743,0.61376953125,-0.005771636962890625,-0.78955078125,0.0,0.7080078125,0.5078125
2265,955,0.9161961674690247,0.20310094952583313,-0.24759139120578766,0.62744140625,-0.0025997161865234375,-0.7783203125,0.0,0.7236328125,0.4716796875
2266,953,0.8131626844406128,0.3845111131668091,-0.3298613727092743,0.61376953125,-0.005771636962890625,-0.78955078125,0.0,0.7080078125,0.5078125
2267,954,0.881632387638092,0.4022124707698822,-0.27992546558380127,0.6142578125,-0.0057830810546875,-0.7890625,0.0,0.72314453125,0.5078125
2268,955,0.9161961674690247,0.20310094952583313,-0.24759139120578766,0.62744140625,-0.0025997161865234375,-0.7783203125,0.0,0.7236328125,0.4716796875
2269,956,0.8404151797294617,0.17813323438167572,-0.31058603525161743,0.62890625,-0.002101898193359375,-0.77734375,0.0,0.70556640625,0.47119140625
2270,953,0.8131626844406128,0.3845111131668091,-0.3298613727092743,0.61376953125,-0.005771636962890625,-0.78955078125,0.0,0.7080078125,0.5078125
2271,957,0.932625949382782,0.03320194035768509,-0.23422354459762573,0.63916015625,0.0012674331665039062,-0.76904296875,0.0,0.720703125,0.44189453125
2272,956,0.8404151797294617,0.17813323438167572,-0.31058603525161743,0.62890625,-0.002101898193359375,-0.77734375,0.0,0.70556640625,0.47119140625
2273,955,0.9161961674690247,0.20310094952583313,-0.24759139120578766,0.62744140625,-0.0025997161865234375,-0.7783203125,0.0,0.7236328125,0.4716796875
2274,957,0.932625949382782,0.03320194035768509,-0.23422354459762573,0.63916015625,0.0012674331665039062,-0.76904296875,0.0,0.720703125,0.44189453125
2275,958,0.8455525636672974,0.004509099759161472,-0.30660244822502136,0.63916015625,0.0012683868408203125,-0.76904296875,0.0,0.7001953125,0.44140625
2276,956,0.8404151797294617,0.17813323438167572,-0.31058603525161743,0.62890625,-0.002101898193359375,-0.77734375,0.0,0.70556640625,0.47119140625
2277,958,0.8455525636672974,0.004509099759161472,-0.30660244822502136,0.63916015625,0.0012683868408203125,-0.76904296875,0.0,0.7001953125,0.44140625
2278,957,0.932625949382782,0.03320194035768509,-0.23422354459762573,0.63916015625,0.0012674331665039062,-0.76904296875,0.0,0.720703125,0.44189453125
2279,959,0.9348286390304565,0.0,-0.23244968056678772,0.63916015625,0.0012922286987304688,-0.76904296875,0.0,0.7197265625,0.43603515625
2280,958,0.8455525636672974,0.004509099759161472,-0.30660244822502136,0.63916015625,0.0012683868408203125,-0.76904296875,0.0,0.7001953125,0.44140625
2281,959,0.9348286390304565,0.0,-0.23244968056678772,0.63916015625,0.0012922286987304688,-0.76904296875,0.0,0.7197265625,0.43603515625
2282,960,0.8455783128738403,0.0,-0.3065885901451111,0.63916015625,0.0012922286987304688,-0.76904296875,0.0,0.69970703125,0.4404296875
2283,961,1.4453555345535278,0.8283541202545166,0.40037453174591064,-0.904296875,0.0222320556640625,0.426025390625,0.0,0.791015625,0.7705078125
2284,962,1.3725018501281738,0.6339672803878784,0.2558877766132355,-0.8916015625,0.0259552001953125,0.452392578125,0.0,0.81005859375,0.73046875
2285,963,1.3901108503341675,0.6232792735099792,0.29381927847862244,-0.89453125,0.025054931640625,0.446044921875,0.0,0.802734375,0.73046875
2286,962,1.3725018501281738,0.6339672803878784,0.2558877766132355,-0.8916015625,0.0259552001953125,0.452392578125,0.0,0.81005859375,0.73046875
2287,964,1.3698018789291382,0.5071144104003906,0.25828468799591064,-0.8720703125,0.007373809814453125,0.4892578125,0.0,0.8046875,0.708984375
2288,963,1.3901108503341675,0.6232792735099792,0.29381927847862244,-0.89453125,0.025054931640625,0.446044921875,0.0,0.802734375,0.73046875
2289,962,1.3725018501281738,0.6339672803878784,0.2558877766132355,-0.8916015625,0.0259552001953125,0.452392578125,0.0,0.81005859375,0.73046875
2290,965,1.3381969928741455,0.5211873054504395,0.20080344378948212,-0.8701171875,0.004058837890625,0.4931640625,0.0,0.81640625,0.70849609375
2291,964,1.3698018789291382,0.5071144104003906,0.25828468799591064,-0.8720703125,0.007373809814453125,0.4892578125,0.0,0.8046875,0.708984375
2292,965,1.3381969928741455,0.5211873054504395,0.20080344378948212,-0.8701171875,0.004058837890625,0.4931640625,0.0,0.81640625,0.70849609375
2293,966,1.3534492254257202,0.3658531904220581,0.22489279508590698,-0.8662109375,-0.006595611572265625,0.499755859375,0.0,0.8046875,0.68310546875
2294,964,1.3698018789291382,0.5071144104003906,0.25828468799591064,-0.8720703125,0.007373809814453125,0.4892578125,0.0,0.8046875,0.708984375
2295,965,1.3381969928741455,0.5211873054504395,0.20080344378948212,-0.8701171875,0.004058837890625,0.4931640625,0.0,0.81640625,0.70849609375
2296,967,1.3088701963424683,0.3813561499118805,0.15282443165779114,-0.86669921875,-0.00662994384765625,0.499267578125,0.0,0.81982421875,0.68212890625
2297,966,1.3534492254257202,0.3658531904220581,0.22489279508590698,-0.8662109375,-0.006595611572265625,0.499755859375,0.0,0.8046875,0.68310546875
2298,967,1.3088701963424683,0.3813561499118805,0.15282443165779114,-0.86669921875,-0.00662994384765625,0.499267578125,0.0,0.81982421875,0.68212890625
2299,968,1.3354829549789429,0.18506380915641785,0.19676543772220612,-0.87548828125,-0.0025157928466796875,0.48291015625,0.0,0.80224609375,0.65087890625
2300,966,1.3534492254257202,0.3658531904220581,0.22489279508590698,-0.8662109375,-0.006595611572265625,0.499755859375,0.0,0.8046875,0.68310546875
2301,967,1.3088701963424683,0.3813561499118805,0.15282443165779114,-0.86669921875,-0.00662994384765625,0.499267578125,0.0,0.81982421875,0.68212890625
2302,969,1.2890636920928955,0.20693641901016235,0.10984035581350327,-0.875,-0.002826690673828125,0.48388671875,0.0,0.8203125,0.650390625
2303,968,1.3354829549789429,0.18506380915641785,0.19676543772220612,-0.87548828125,-0.0025157928466796875,0.48291015625,0.0,0.80224609375,0.65087890625
2304,970,1.2788857221603394,0.0580960251390934,0.09125987440347672,-0.8818359375,0.0014629364013671875,0.471435546875,0.0,0.8173828125,0.62451171875
2305,968,1.3354829549789429,0.18506380915641785,0.19676543772220612,-0.87548828125,-0.0025157928466796875,0.48291015625,0.0,0.80224609375,0.65087890625
2306,969,1.2890636920928955,0.20693641901016235,0.10984035581350327,-0.875,-0.002826690673828125,0.48388671875,0.0,0.8203125,0.650390625
2307,970,1.2788857221603394,0.0580960251390934,0.09125987440347672,-0.8818359375,0.0014629364013671875,0.471435546875,0.0,0.8173828125,0.62451171875
2308,971,1.3322277069091797,0.03296736627817154,0.19114230573177338,-0.8818359375,0.00146484375,0.471435546875,0.0,0.796875,0.625
2309,968,1.3354829549789429,0.18506380915641785,0.19676543772220612,-0.87548828125,-0.0025157928466796875,0.48291015625,0.0,0.80224609375,0.65087890625
2310,971,1.3322277069091797,0.03296736627817154,0.19114230573177338,-0.8818359375,0.00146484375,0.471435546875,0.0,0.796875,0.625
2311,970,1.2788857221603394,0.0580960251390934,0.09125987440347672,-0.8818359375,0.0014629364013671875,0.471435546875,0.0,0.8173828125,0.62451171875
2312,972,1.2761480808258057,0.0,0.0863182321190834,-0.8818359375,0.0014810562133789062,0.471435546875,0.0,0.8154296875,0.6142578125
2313,971,1.3322277069091797,0.03296736627817154,0.19114230573177338,-0.8818359375,0.00146484375,0.471435546875,0.0,0.796875,0.625
2314,972,1.2761480808258057,0.0,0.0863182321190834,-0.8818359375,0.0014810562133789062,0.471435546875,0.0,0.8154296875,0.6142578125
2315,973,1.3320709466934204,0.0,0.1909540295600891,-0.8818359375,0.0014810562133789062,0.471435546875,0.0,0.79541015625,0.619140625
2316,974,-0.024079283699393272,0.41080284118652344,-0.9610122442245483,-0.89501953125,0.1165771484375,-0.43017578125,0.0,0.146240234375,0.7958984375
2317,975,0.036366041749715805,0.64988112449646,-1.0226707458496094,-0.88818359375,0.109619140625,-0.44580078125,0.0,0.1385498046875,0.75048828125
2318,976,0.0734340250492096,0.767971396446228,-1.0674965381622314,-0.89501953125,0.11590576171875,-0.4306640625,0.0,0.1318359375,0.72705078125
2319,977,-0.011183509603142738,0.3868950307369232,-0.9945335388183594,-0.89453125,0.11639404296875,-0.43115234375,0.0,0.13916015625,0.79931640625
2320,974,-0.024079283699393272,0.41080284118652344,-0.9610122442245483,-0.89501953125,0.1165771484375,-0.43017578125,0.0,0.146240234375,0.7958984375
2321,976,0.0734340250492096,0.767971396446228,-1.0674965381622314,-0.89501953125,0.11590576171875,-0.4306640625,0.0,0.1318359375,0.72705078125
2322,977,-0.011183509603142738,0.3868950307369232,-0.9945335388183594,-0.89453125,0.11639404296875,-0.43115234375,0.0,0.13916015625,0.79931640625
2323,978,-0.06185702979564667,0.19635678827762604,-0.9409438967704773,-0.89404296875,0.10626220703125,-0.435302734375,0.0,0.1458740234375,0.8359375
2324,974,-0.024079283699393272,0.41080284118652344,-0.9610122442245483,-0.89501953125,0.1165771484375,-0.43017578125,0.0,0.146240234375,0.7958984375
2325,977,-0.011183509603142738,0.3868950307369232,-0.9945335388183594,-0.89453125,0.11639404296875,-0.43115234375,0.0,0.13916015625,0.79931640625
2326,979,-0.040055159479379654,0.19635678827762604,-0.9855262637138367,-0.89404296875,0.10711669921875,-0.43505859375,0.0,0.1375732421875,0.83447265625
2327,978,-0.06185702979564667,0.19635678827762604,-0.9409438967704773,-0.89404296875,0.10626220703125,-0.435302734375,0.0,0.1458740234375,0.8359375
2328,978,-0.06185702979564667,0.19635678827762604,-0.9409438967704773,-0.89404296875,0.10626220703125,-0.435302734375,0.0,0.1458740234375,0.8359375
2329,979,-0.040055159479379654,0.19635678827762604,-0.9855262637138367,-0.89404296875,0.10711669921875,-0.43505859375,0.0,0.1375732421875,0.83447265625
2330,980,-0.05754712596535683,-2.2204459996194763e-18,-0.9940803050994873,-0.89404296875,0.09869384765625,-0.437255859375,0.0,0.13232421875,0.86474609375
2331,978,-0.06185702979564667,0.19635678827762604,-0.9409438967704773,-0.89404296875,0.10626220703125,-0.435302734375,0.0,0.1458740234375,0.8359375
2332,980,-0.05754712596535683,-2.2204459996194763e-18,-0.9940803050994873,-0.89404296875,0.09869384765625,-0.437255859375,0.0,0.13232421875,0.86474609375
2333,981,-0.08170726895332336,0.0,-0.9446760416030884,-0.89404296875,0.09869384765625,-0.437255859375,0.0,0.1422119140625,0.86669921875
2334,982,-0.4035819470882416,0.6868295669555664,-1.5692760944366455,-0.927734375,0.0855712890625,0.36279296875,0.0,0.127197265625,0.8115234375
2335,983,-0.3317127525806427,0.5433825850486755,-1.3516967296600342,-0.9287109375,0.08331298828125,0.36181640625,0.0,0.103515625,0.7666015625
2336,984,-0.3053382337093353,0.5730862617492676,-1.2912636995315552,-0.9287109375,0.0823974609375,0.361328125,0.0,0.09051513671875,0.76611328125
2337,985,-0.3017517030239105,0.36226266622543335,-1.2342655658721924,-0.9296875,0.0799560546875,0.359619140625,0.0,0.0987548828125,0.7294921875
2338,984,-0.3053382337093353,0.5730862617492676,-1.2912636995315552,-0.9287109375,0.0823974609375,0.361328125,0.0,0.09051513671875,0.76611328125
2339,983,-0.3317127525806427,0.5433825850486755,-1.3516967296600342,-0.9287109375,0.08331298828125,0.36181640625,0.0,0.103515625,0.7666015625
2340,985,-0.3017517030239105,0.36226266622543335,-1.2342655658721924,-0.9296875,0.0799560546875,0.359619140625,0.0,0.0987548828125,0.7294921875
2341,986,-0.26707160472869873,0.3782012462615967,-1.14793062210083,-0.93017578125,0.0792236328125,0.35888671875,0.0,0.08343505859375,0.724609375
2342,984,-0.3053382337093353,0.5730862617492676,-1.2912636995315552,-0.9287109375,0.0823974609375,0.361328125,0.0,0.09051513671875,0.76611328125
2343,987,-0.3005446493625641,0.18911200761795044,-1.1938484907150269,-0.93115234375,0.07330322265625,0.35693359375,0.0,0.10675048828125,0.70068359375
2344,986,-0.26707160472869873,0.3782012462615967,-1.14793062210083,-0.93017578125,0.0792236328125,0.35888671875,0.0,0.08343505859375,0.724609375
2345,985,-0.3017517030239105,0.36226266622543335,-1.2342655658721924,-0.9296875,0.0799560546875,0.359619140625,0.0,0.0987548828125,0.7294921875
2346,987,-0.3005446493625641,0.18911200761795044,-1.1938484907150269,-0.93115234375,0.07330322265625,0.35693359375,0.0,0.10675048828125,0.70068359375
2347,988,-0.255825012922287,0.18186719715595245,-1.0756241083145142,-0.931640625,0.072265625,0.356689453125,0.0,0.08831787109375,0.6884765625
2348,986,-0.26707160472869873,0.3782012462615967,-1.14793062210083,-0.93017578125,0.0792236328125,0.35888671875,0.0,0.08343505859375,0.724609375
2349,988,-0.255825012922287,0.18186719715595245,-1.0756241083145142,-0.931640625,0.072265625,0.356689453125,0.0,0.08831787109375,0.6884765625
2350,987,-0.3005446493625641,0.18911200761795044,-1.1938484907150269,-0.93115234375,0.07330322265625,0.35693359375,0.0,0.10675048828125,0.70068359375
2351,989,-0.31703755259513855,0.0,-1.2006980180740356,-0.93212890625,0.0689697265625,0.355712890625,0.0,0.1259765625,0.673828125
2352,988,-0.255825012922287,0.18186719715595245,-1.0756241083145142,-0.931640625,0.072265625,0.356689453125,0.0,0.08831787109375,0.6884765625
2353,989,-0.31703755259513855,0.0,-1.2006980180740356,-0.93212890625,0.0689697265625,0.355712890625,0.0,0.1259765625,0.673828125
2354,990,-0.2668260633945465,0.0,-1.068874478340149,-0.93212890625,0.0689697265625,0.355712890625,0.0,0.104248046875,0.66015625
2355,991,1.1543793678283691,1.5832350254058838,-0.8123869299888611,0.97705078125,-0.04852294921875,-0.206298828125,0.0,0.52734375,0.301513671875
2356,992,1.1881928443908691,1.2316193580627441,-0.5694373250007629,0.97705078125,-0.048553466796875,-0.206298828125,0.0,0.556640625,0.232177734375
2357,993,1.1735610961914062,1.215173363685608,-0.634897768497467,0.97705078125,-0.04852294921875,-0.206298828125,0.0,0.54443359375,0.231689453125
2358,992,1.1881928443908691,1.2316193580627441,-0.5694373250007629,0.97705078125,-0.048553466796875,-0.206298828125,0.0,0.556640625,0.232177734375
2359,994,1.1750420331954956,1.008248209953308,-0.5791754722595215,0.97705078125,-0.048553466796875,-0.206298828125,0.0,0.54638671875,0.1942138671875
2360,993,1.1735610961914062,1.215173363685608,-0.634897768497467,0.97705078125,-0.04852294921875,-0.206298828125,0.0,0.54443359375,0.231689453125
2361,992,1.1881928443908691,1.2316193580627441,-0.5694373250007629,0.97705078125,-0.048553466796875,-0.206298828125,0.0,0.556640625,0.232177734375
2362,995,1.1938875913619995,1.0294264554977417,-0.4948735237121582,0.97705078125,-0.048553466796875,-0.206298828125,0.0,0.56201171875,0.1947021484375
2363,994,1.1750420331954956,1.008248209953308,-0.5791754722595215,0.97705078125,-0.048553466796875,-0.206298828125,0.0,0.54638671875,0.1942138671875
2364,995,1.1938875913619995,1.0294264554977417,-0.4948735237121582,0.97705078125,-0.048553466796875,-0.206298828125,0.0,0.56201171875,0.1947021484375
2365,996,1.1757019758224487,0.757219135761261,-0.516958475112915,0.97705078125,-0.048553466796875,-0.206298828125,0.0,0.5478515625,0.14892578125
2366,994,1.1750420331954956,1.008248209953308,-0.5791754722595215,0.97705078125,-0.048553466796875,-0.206298828125,0.0,0.54638671875,0.1942138671875
2367,995,1.1938875913619995,1.0294264554977417,-0.4948735237121582,0.97705078125,-0.048553466796875,-0.206298828125,0.0,0.56201171875,0.1947021484375
2368,997,1.1959941387176514,0.7800207138061523,-0.4262084364891052,0.97705078125,-0.048553466796875,-0.206298828125,0.0,0.564453125,0.1494140625
2369,996,1.1757019758224487,0.757219135761261,-0.516958475112915,0.97705078125,-0.048553466796875,-0.206298828125,0.0,0.5478515625,0.14892578125
2370,998,1.1982132196426392,0.4699687361717224,-0.34270140528678894,0.97705078125,-0.048553466796875,-0.206298828125,0.0,0.5673828125,0.0931396484375
2371,996,1.1757019758224487,0.757219135761261,-0.516958475112915,0.97705078125,-0.048553466796875,-0.206298828125,0.0,0.5478515625,0.14892578125
2372,997,1.1959941387176514,0.7800207138061523,-0.4262084364891052,0.97705078125,-0.048553466796875,-0.206298828125,0.0,0.564453125,0.1494140625
2373,998,1.1982132196426392,0.4699687361717224,-0.34270140528678894,0.97705078125,-0.048553466796875,-0.206298828125,0.0,0.5673828125,0.0931396484375
2374,999,1.1687790155410767,0.43689313530921936,-0.47435134649276733,0.97705078125,-0.048553466796875,-0.206298828125,0.0,0.54296875,0.0924072265625
2375,996,1.1757019758224487,0.757219135761261,-0.516958475112915,0.97705078125,-0.048553466796875,-0.206298828125,0.0,0.5478515625,0.14892578125
2376,1000,1.192448377609253,0.20652711391448975,-0.3080025315284729,0.97705078125,-0.048553466796875,-0.206298828125,0.0,0.5634765625,0.046722412109375
2377,999,1.1687790155410767,0.43689313530921936,-0.47435134649276733,0.97705078125,-0.048553466796875,-0.206298828125,0.0,0.54296875,0.0924072265625
2378,998,1.1982132196426392,0.4699687361717224,-0.34270140528678894,0.97705078125,-0.048553466796875,-0.206298828125,0.0,0.5673828125,0.0931396484375
2379,1000,1.192448377609253,0.20652711391448975,-0.3080025315284729,0.97705078125,-0.048553466796875,-0.206298828125,0.0,0.5634765625,0.046722412109375
2380,1001,1.158631443977356,0.16852602362632751,-0.4592760503292084,0.97705078125,-0.048553466796875,-0.206298828125,0.0,0.53515625,0.04583740234375
2381,999,1.1687790155410767,0.43689313530921936,-0.47435134649276733,0.97705078125,-0.048553466796875,-0.206298828125,0.0,0.54296875,0.0924072265625
2382,1001,1.158631443977356,0.16852602362632751,-0.4592760503292084,0.97705078125,-0.048553466796875,-0.206298828125,0.0,0.53515625,0.04583740234375
2383,1000,1.192448377609253,0.20652711391448975,-0.3080025315284729,0.97705078125,-0.048553466796875,-0.206298828125,0.0,0.5634765625,0.046722412109375
2384,1002,1.1864407062530518,-4.440891999238953e-18,-0.287852019071579,0.97705078125,-0.048553466796875,-0.206298828125,0.0,0.55908203125,0.0105743408203125
2385,1001,1.158631443977356,0.16852602362632751,-0.4592760503292084,0.97705078125,-0.048553466796875,-0.206298828125,0.0,0.53515625,0.04583740234375
2386,1002,1.1864407062530518,-4.440891999238953e-18,-0.287852019071579,0.97705078125,-0.048553466796875,-0.206298828125,0.0,0.55908203125,0.0105743408203125
2387,1003,1.1512972116470337,0.0,-0.45435720682144165,0.97705078125,-0.048553466796875,-0.206298828125,0.0,0.52978515625,0.0167694091796875
2388,1004,1.9750100374221802,1.8282760381698608,-0.3074980080127716,0.459716796875,-0.048553466796875,0.88671875,0.0,0.279296875,0.345947265625
2389,1005,1.7156652212142944,1.4231516122817993,-0.19518226385116577,0.459716796875,-0.048553466796875,0.88671875,0.0,0.31298828125,0.26611328125
2390,1006,1.7838398218154907,1.4041993618011475,-0.23157493770122528,0.459716796875,-0.048553466796875,0.88671875,0.0,0.299072265625,0.265625
2391,1007,1.7224303483963013,1.1657806634902954,-0.21278296411037445,0.459716796875,-0.048553466796875,0.88671875,0.0,0.301025390625,0.222412109375
2392,1006,1.7838398218154907,1.4041993618011475,-0.23157493770122528,0.459716796875,-0.048553466796875,0.88671875,0.0,0.299072265625,0.265625
2393,1005,1.7156652212142944,1.4231516122817993,-0.19518226385116577,0.459716796875,-0.048553466796875,0.88671875,0.0,0.31298828125,0.26611328125
2394,1007,1.7224303483963013,1.1657806634902954,-0.21278296411037445,0.459716796875,-0.048553466796875,0.88671875,0.0,0.301025390625,0.222412109375
2395,1005,1.7156652212142944,1.4231516122817993,-0.19518226385116577,0.459716796875,-0.048553466796875,0.88671875,0.0,0.31298828125,0.26611328125
2396,1008,1.6346211433410645,1.1901870965957642,-0.16591399908065796,0.459716796875,-0.048553466796875,0.88671875,0.0,0.319091796875,0.2230224609375
2397,1008,1.6346211433410645,1.1901870965957642,-0.16591399908065796,0.459716796875,-0.048553466796875,0.88671875,0.0,0.319091796875,0.2230224609375
2398,1009,1.6535488367080688,0.8765572905540466,-0.19290100038051605,0.459716796875,-0.048553466796875,0.88671875,0.0,0.302734375,0.170166015625
2399,1007,1.7224303483963013,1.1657806634902954,-0.21278296411037445,0.459716796875,-0.048553466796875,0.88671875,0.0,0.301025390625,0.222412109375
2400,1008,1.6346211433410645,1.1901870965957642,-0.16591399908065796,0.459716796875,-0.048553466796875,0.88671875,0.0,0.319091796875,0.2230224609375
2401,1010,1.5590273141860962,0.9028263688087463,-0.14244529604911804,0.459716796875,-0.048553466796875,0.88671875,0.0,0.322021484375,0.1707763671875
2402,1009,1.6535488367080688,0.8765572905540466,-0.19290100038051605,0.459716796875,-0.048553466796875,0.88671875,0.0,0.302734375,0.170166015625
2403,1011,1.4669958353042603,0.5455846786499023,-0.11427398771047592,0.459716796875,-0.048553466796875,0.88671875,0.0,0.3251953125,0.10601806640625
2404,1009,1.6535488367080688,0.8765572905540466,-0.19290100038051605,0.459716796875,-0.048553466796875,0.88671875,0.0,0.302734375,0.170166015625
2405,1010,1.5590273141860962,0.9028263688087463,-0.14244529604911804,0.459716796875,-0.048553466796875,0.88671875,0.0,0.322021484375,0.1707763671875
2406,1011,1.4669958353042603,0.5455846786499023,-0.11427398771047592,0.459716796875,-0.048553466796875,0.88671875,0.0,0.3251953125,0.10601806640625
2407,1012,1.604111909866333,0.5074777603149414,-0.18746955692768097,0.459716796875,-0.048553466796875,0.88671875,0.0,0.297119140625,0.10516357421875
2408,1009,1.6535488367080688,0.8765572905540466,-0.19290100038051605,0.459716796875,-0.048553466796875,0.88671875,0.0,0.302734375,0.170166015625
2409,1013,1.4266972541809082,0.24205398559570312,-0.109995037317276,0.459716796875,-0.048553466796875,0.88671875,0.0,0.320556640625,0.052520751953125
2410,1012,1.604111909866333,0.5074777603149414,-0.18746955692768097,0.459716796875,-0.048553466796875,0.88671875,0.0,0.297119140625,0.10516357421875
2411,1011,1.4669958353042603,0.5455846786499023,-0.11427398771047592,0.459716796875,-0.048553466796875,0.88671875,0.0,0.3251953125,0.10601806640625
2412,1013,1.4266972541809082,0.24205398559570312,-0.109995037317276,0.459716796875,-0.048553466796875,0.88671875,0.0,0.320556640625,0.052520751953125
2413,1014,1.5842504501342773,0.1982627958059311,-0.19410040974617004,0.459716796875,-0.048553466796875,0.88671875,0.0,0.288330078125,0.051483154296875
2414,1012,1.604111909866333,0.5074777603149414,-0.18746955692768097,0.459716796875,-0.048553466796875,0.88671875,0.0,0.297119140625,0.10516357421875
2415,1014,1.5842504501342773,0.1982627958059311,-0.19410040974617004,0.459716796875,-0.048553466796875,0.88671875,0.0,0.288330078125,0.051483154296875
2416,1013,1.4266972541809082,0.24205398559570312,-0.109995037317276,0.459716796875,-0.048553466796875,0.88671875,0.0,0.320556640625,0.052520751953125
2417,1015,1.4020570516586304,0.0,-0.11047042906284332,0.459716796875,-0.048553466796875,0.88671875,0.0,0.3154296875,0.010162353515625
2418,1014,1.5842504501342773,0.1982627958059311,-0.19410040974617004,0.459716796875,-0.048553466796875,0.88671875,0.0,0.288330078125,0.051483154296875
2419,1015,1.4020570516586304,0.0,-0.11047042906284332,0.459716796875,-0.048553466796875,0.88671875,0.0,0.3154296875,0.010162353515625
2420,1016,1.5763665437698364,0.0,-0.20086951553821564,0.459716796875,-0.048553466796875,0.88671875,0.0,0.28173828125,0.017303466796875
2421,1017,-0.8214528560638428,0.6295956969261169,-2.13158917427063,-0.9697265625,0.12078857421875,0.211181640625,0.0,0.306396484375,0.697265625
2422,1018,-0.7858769297599792,0.4991893172264099,-1.8936611413955688,-0.970703125,0.1171875,0.2103271484375,0.0,0.328369140625,0.73974609375
2423,1019,-0.7680757641792297,0.5332399010658264,-1.8313874006271362,-0.970703125,0.11566162109375,0.2099609375,0.0,0.341064453125,0.7412109375
2424,1019,-0.7680757641792297,0.5332399010658264,-1.8313874006271362,-0.970703125,0.11566162109375,0.2099609375,0.0,0.341064453125,0.7412109375
2425,1018,-0.7858769297599792,0.4991893172264099,-1.8936611413955688,-0.970703125,0.1171875,0.2103271484375,0.0,0.328369140625,0.73974609375
2426,1020,-0.7764239311218262,0.32531416416168213,-1.7563525438308716,-0.97119140625,0.1146240234375,0.2093505859375,0.0,0.3310546875,0.7783203125
2427,1019,-0.7680757641792297,0.5332399010658264,-1.8313874006271362,-0.970703125,0.11566162109375,0.2099609375,0.0,0.341064453125,0.7412109375
2428,1020,-0.7764239311218262,0.32531416416168213,-1.7563525438308716,-0.97119140625,0.1146240234375,0.2093505859375,0.0,0.3310546875,0.7783203125
2429,1021,-0.7547940611839294,0.34704864025115967,-1.6665667295455933,-0.97119140625,0.11456298828125,0.209228515625,0.0,0.3466796875,0.7841796875
2430,1022,-0.7845972776412964,0.1557859182357788,-1.7002519369125366,-0.970703125,0.1156005859375,0.209716796875,0.0,0.322021484375,0.80859375
2431,1021,-0.7547940611839294,0.34704864025115967,-1.6665667295455933,-0.97119140625,0.11456298828125,0.209228515625,0.0,0.3466796875,0.7841796875
2432,1020,-0.7764239311218262,0.32531416416168213,-1.7563525438308716,-0.97119140625,0.1146240234375,0.2093505859375,0.0,0.3310546875,0.7783203125
2433,1022,-0.7845972776412964,0.1557859182357788,-1.7002519369125366,-0.970703125,0.1156005859375,0.209716796875,0.0,0.322021484375,0.80859375
2434,1023,-0.7576691508293152,0.1557859182357788,-1.576185703277588,-0.970703125,0.11590576171875,0.2099609375,0.0,0.340576171875,0.82080078125
2435,1021,-0.7547940611839294,0.34704864025115967,-1.6665667295455933,-0.97119140625,0.11456298828125,0.209228515625,0.0,0.3466796875,0.7841796875
2436,1023,-0.7576691508293152,0.1557859182357788,-1.576185703277588,-0.970703125,0.11590576171875,0.2099609375,0.0,0.340576171875,0.82080078125
2437,1022,-0.7845972776412964,0.1557859182357788,-1.7002519369125366,-0.970703125,0.1156005859375,0.209716796875,0.0,0.322021484375,0.80859375
2438,1024,-0.8022744059562683,0.0,-1.6952662467956543,-0.970703125,0.11688232421875,0.210693359375,0.0,0.306884765625,0.83154296875
2439,1023,-0.7576691508293152,0.1557859182357788,-1.576185703277588,-0.970703125,0.11590576171875,0.2099609375,0.0,0.340576171875,0.82080078125
2440,1024,-0.8022744059562683,0.0,-1.6952662467956543,-0.970703125,0.11688232421875,0.210693359375,0.0,0.306884765625,0.83154296875
2441,1025,-0.7722489237785339,0.0,-1.556933045387268,-0.970703125,0.11688232421875,0.210693359375,0.0,0.327392578125,0.84521484375
2442,1026,0.6881046891212463,0.9964426755905151,-0.7345224022865295,0.71044921875,-0.027313232421875,-0.703125,0.0,0.1881103515625,0.6748046875
2443,1027,0.773009717464447,0.7310464978218079,-0.6383979916572571,0.71044921875,-0.027313232421875,-0.703125,0.0,0.207763671875,0.626953125
2444,1028,0.7281273603439331,0.7254173755645752,-0.6835409998893738,0.71044921875,-0.027313232421875,-0.703125,0.0,0.196533203125,0.62646484375
2445,1027,0.773009717464447,0.7310464978218079,-0.6383979916572571,0.71044921875,-0.027313232421875,-0.703125,0.0,0.207763671875,0.626953125
2446,1029,0.7382996082305908,0.4673151969909668,-0.6632360219955444,0.71044921875,-0.0272979736328125,-0.703125,0.0,0.1976318359375,0.5810546875
2447,1028,0.7281273603439331,0.7254173755645752,-0.6835409998893738,0.71044921875,-0.027313232421875,-0.703125,0.0,0.196533203125,0.62646484375
2448,1027,0.773009717464447,0.7310464978218079,-0.6383979916572571,0.71044921875,-0.027313232421875,-0.703125,0.0,0.207763671875,0.626953125
2449,1030,0.8035279512405396,0.47549211978912354,-0.5976295471191406,0.71044921875,-0.0272979736328125,-0.703125,0.0,0.2138671875,0.58154296875
2450,1029,0.7382996082305908,0.4673151969909668,-0.6632360219955444,0.71044921875,-0.0272979736328125,-0.703125,0.0,0.1976318359375,0.5810546875
2451,1031,0.8117099404335022,0.2877354025840759,-0.5820700526237488,0.71044921875,-0.02734375,-0.703125,0.0,0.21484375,0.548828125
2452,1029,0.7382996082305908,0.4673151969909668,-0.6632360219955444,0.71044921875,-0.0272979736328125,-0.703125,0.0,0.1976318359375,0.5810546875
2453,1030,0.8035279512405396,0.47549211978912354,-0.5976295471191406,0.71044921875,-0.0272979736328125,-0.703125,0.0,0.2138671875,0.58154296875
2454,1031,0.8117099404335022,0.2877354025840759,-0.5820700526237488,0.71044921875,-0.02734375,-0.703125,0.0,0.21484375,0.548828125
2455,1032,0.7378852963447571,0.2784731090068817,-0.6563262939453125,0.71044921875,-0.02734375,-0.703125,0.0,0.1964111328125,0.5478515625
2456,1029,0.7382996082305908,0.4673151969909668,-0.6632360219955444,0.71044921875,-0.0272979736328125,-0.703125,0.0,0.1976318359375,0.5810546875
2457,1033,0.8104540705680847,0.1661943793296814,-0.5785884261131287,0.71044921875,-0.027313232421875,-0.703125,0.0,0.2138671875,0.52734375
2458,1032,0.7378852963447571,0.2784731090068817,-0.6563262939453125,0.71044921875,-0.02734375,-0.703125,0.0,0.1964111328125,0.5478515625
2459,1031,0.8117099404335022,0.2877354025840759,-0.5820700526237488,0.71044921875,-0.02734375,-0.703125,0.0,0.21484375,0.548828125
2460,1033,0.8104540705680847,0.1661943793296814,-0.5785884261131287,0.71044921875,-0.027313232421875,-0.703125,0.0,0.2138671875,0.52734375
2461,1034,0.7338696718215942,0.15649519860744476,-0.6556440591812134,0.71044921875,-0.0272979736328125,-0.703125,0.0,0.1947021484375,0.52685546875
2462,1032,0.7378852963447571,0.2784731090068817,-0.6563262939453125,0.71044921875,-0.02734375,-0.703125,0.0,0.1964111328125,0.5478515625
2463,1035,0.804498553276062,0.06549117714166641,-0.5807281136512756,0.71044921875,-0.0265045166015625,-0.703125,0.0,0.2117919921875,0.509765625
2464,1034,0.7338696718215942,0.15649519860744476,-0.6556440591812134,0.71044921875,-0.0272979736328125,-0.703125,0.0,0.1947021484375,0.52685546875
2465,1033,0.8104540705680847,0.1661943793296814,-0.5785884261131287,0.71044921875,-0.027313232421875,-0.703125,0.0,0.2138671875,0.52734375
2466,1035,0.804498553276062,0.06549117714166641,-0.5807281136512756,0.71044921875,-0.0265045166015625,-0.703125,0.0,0.2117919921875,0.509765625
2467,1036,0.724742591381073,0.055488474667072296,-0.6609488725662231,0.71044921875,-0.0262298583984375,-0.70361328125,0.0,0.19189453125,0.50927734375
2468,1034,0.7338696718215942,0.15649519860744476,-0.6556440591812134,0.71044921875,-0.0272979736328125,-0.703125,0.0,0.1947021484375,0.52685546875
2469,1036,0.724742591381073,0.055488474667072296,-0.6609488725662231,0.71044921875,-0.0262298583984375,-0.70361328125,0.0,0.19189453125,0.50927734375
2470,1035,0.804498553276062,0.06549117714166641,-0.5807281136512756,0.71044921875,-0.0265045166015625,-0.703125,0.0,0.2117919921875,0.509765625
2471,1037,0.7953952550888062,0.0,-0.5877388715744019,0.7099609375,-0.0250396728515625,-0.7041015625,0.0,0.2091064453125,0.498291015625
2472,1036,0.724742591381073,0.055488474667072296,-0.6609488725662231,0.71044921875,-0.0262298583984375,-0.70361328125,0.0,0.19189453125,0.50927734375
2473,1037,0.7953952550888062,0.0,-0.5877388715744019,0.7099609375,-0.0250396728515625,-0.7041015625,0.0,0.2091064453125,0.498291015625
2474,1038,0.7167928814888,0.0,-0.6668297648429871,0.7099609375,-0.0250396728515625,-0.7041015625,0.0,0.1895751953125,0.49951171875
2475,1039,1.9538317918777466,1.3841832876205444,0.0352671816945076,0.08526611328125,-0.055389404296875,0.99462890625,0.0,0.75830078125,0.267333984375
2476,1040,1.7085692882537842,1.0761609077453613,0.039136502891778946,0.08526611328125,-0.055419921875,0.99462890625,0.0,0.787109375,0.2047119140625
2477,1041,1.7753289937973022,1.0617568492889404,0.03261245787143707,0.08526611328125,-0.055419921875,0.99462890625,0.0,0.77490234375,0.205078125
2478,1040,1.7085692882537842,1.0761609077453613,0.039136502891778946,0.08526611328125,-0.055419921875,0.99462890625,0.0,0.787109375,0.2047119140625
2479,1042,1.7198412418365479,0.8804893493652344,0.027270354330539703,0.08526611328125,-0.055419921875,0.99462890625,0.0,0.77685546875,0.171875
2480,1041,1.7753289937973022,1.0617568492889404,0.03261245787143707,0.08526611328125,-0.055419921875,0.99462890625,0.0,0.77490234375,0.205078125
2481,1040,1.7085692882537842,1.0761609077453613,0.039136502891778946,0.08526611328125,-0.055419921875,0.99462890625,0.0,0.787109375,0.2047119140625
2482,1043,1.6338671445846558,0.899041473865509,0.035673294216394424,0.08526611328125,-0.055389404296875,0.99462890625,0.0,0.79248046875,0.17138671875
2483,1042,1.7198412418365479,0.8804893493652344,0.027270354330539703,0.08526611328125,-0.055419921875,0.99462890625,0.0,0.77685546875,0.171875
2484,1043,1.6338671445846558,0.899041473865509,0.035673294216394424,0.08526611328125,-0.055389404296875,0.99462890625,0.0,0.79248046875,0.17138671875
2485,1044,1.6580052375793457,0.6605860590934753,0.02032577432692051,0.08526611328125,-0.055389404296875,0.99462890625,0.0,0.7783203125,0.1317138671875
2486,1042,1.7198412418365479,0.8804893493652344,0.027270354330539703,0.08526611328125,-0.055419921875,0.99462890625,0.0,0.77685546875,0.171875
2487,1043,1.6338671445846558,0.899041473865509,0.035673294216394424,0.08526611328125,-0.055389404296875,0.99462890625,0.0,0.79248046875,0.17138671875
2488,1045,1.565460443496704,0.6805593967437744,0.02937217615544796,0.08526611328125,-0.055389404296875,0.99462890625,0.0,0.794921875,0.13134765625
2489,1044,1.6580052375793457,0.6605860590934753,0.02032577432692051,0.08526611328125,-0.055389404296875,0.99462890625,0.0,0.7783203125,0.1317138671875
2490,1045,1.565460443496704,0.6805593967437744,0.02937217615544796,0.08526611328125,-0.055389404296875,0.99462890625,0.0,0.794921875,0.13134765625
2491,1046,1.6165682077407837,0.3799765408039093,0.008248824626207352,0.08526611328125,-0.055419921875,0.99462890625,0.0,0.7734375,0.08221435546875
2492,1044,1.6580052375793457,0.6605860590934753,0.02032577432692051,0.08526611328125,-0.055389404296875,0.99462890625,0.0,0.7783203125,0.1317138671875
2493,1045,1.565460443496704,0.6805593967437744,0.02937217615544796,0.08526611328125,-0.055389404296875,0.99462890625,0.0,0.794921875,0.13134765625
2494,1047,1.4823064804077148,0.40894991159439087,0.021372603252530098,0.08526611328125,-0.055419921875,0.99462890625,0.0,0.7978515625,0.08160400390625
2495,1046,1.6165682077407837,0.3799765408039093,0.008248824626207352,0.08526611328125,-0.055419921875,0.99462890625,0.0,0.7734375,0.08221435546875
2496,1048,1.4485723972320557,0.17817458510398865,0.011410979554057121,0.08526611328125,-0.055389404296875,0.99462890625,0.0,0.7939453125,0.04083251953125
2497,1046,1.6165682077407837,0.3799765408039093,0.008248824626207352,0.08526611328125,-0.055419921875,0.99462890625,0.0,0.7734375,0.08221435546875
2498,1047,1.4823064804077148,0.40894991159439087,0.021372603252530098,0.08526611328125,-0.055419921875,0.99462890625,0.0,0.7978515625,0.08160400390625
2499,1048,1.4485723972320557,0.17817458510398865,0.011410979554057121,0.08526611328125,-0.055389404296875,0.99462890625,0.0,0.7939453125,0.04083251953125
2500,1049,1.6028454303741455,0.14488281309604645,-0.0036685180384665728,0.08526611328125,-0.055389404296875,0.99462890625,0.0,0.76611328125,0.041534423828125
2501,1046,1.6165682077407837,0.3799765408039093,0.008248824626207352,0.08526611328125,-0.055419921875,0.99462890625,0.0,0.7734375,0.08221435546875
2502,1049,1.6028454303741455,0.14488281309604645,-0.0036685180384665728,0.08526611328125,-0.055389404296875,0.99462890625,0.0,0.76611328125,0.041534423828125
2503,1048,1.4485723972320557,0.17817458510398865,0.011410979554057121,0.08526611328125,-0.055389404296875,0.99462890625,0.0,0.7939453125,0.04083251953125
2504,1050,1.42959463596344,0.0,0.003115190425887704,0.08526611328125,-0.055389404296875,0.99462890625,0.0,0.78955078125,0.00966644287109375
2505,1049,1.6028454303741455,0.14488281309604645,-0.0036685180384665728,0.08526611328125,-0.055389404296875,0.99462890625,0.0,0.76611328125,0.041534423828125
2506,1050,1.42959463596344,0.0,0.003115190425887704,0.08526611328125,-0.055389404296875,0.99462890625,0.0,0.78955078125,0.00966644287109375
2507,1051,1.5989346504211426,1.776356799695581e-17,-0.01140015572309494,0.08526611328125,-0.055389404296875,0.99462890625,0.0,0.7607421875,0.0166778564453125
2508,1052,0.5751327872276306,0.8413844704627991,-0.8195456266403198,0.71044921875,-0.02728271484375,-0.703125,0.0,0.826171875,0.76123046875
2509,1053,0.6384727954864502,0.6056240200996399,-0.7463847994804382,0.71044921875,-0.0272674560546875,-0.703125,0.0,0.84326171875,0.72021484375
2510,1054,0.5994390845298767,0.6049249768257141,-0.7858061194419861,0.71044921875,-0.0272674560546875,-0.703125,0.0,0.83349609375,0.7197265625
2511,1053,0.6384727954864502,0.6056240200996399,-0.7463847994804382,0.71044921875,-0.0272674560546875,-0.703125,0.0,0.84326171875,0.72021484375
2512,1055,0.5984209179878235,0.3823128938674927,-0.7782062888145447,0.71044921875,-0.0272674560546875,-0.703125,0.0,0.83447265625,0.6806640625
2513,1054,0.5994390845298767,0.6049249768257141,-0.7858061194419861,0.71044921875,-0.0272674560546875,-0.703125,0.0,0.83349609375,0.7197265625
2514,1053,0.6384727954864502,0.6056240200996399,-0.7463847994804382,0.71044921875,-0.0272674560546875,-0.703125,0.0,0.84326171875,0.72021484375
2515,1056,0.6551409959793091,0.38332924246788025,-0.7209135890007019,0.71044921875,-0.0272674560546875,-0.703125,0.0,0.8486328125,0.68115234375
2516,1055,0.5984209179878235,0.3823128938674927,-0.7782062888145447,0.71044921875,-0.0272674560546875,-0.703125,0.0,0.83447265625,0.6806640625
2517,1057,0.6550732254981995,0.22131280601024628,-0.7146967053413391,0.71044921875,-0.027313232421875,-0.703125,0.0,0.84912109375,0.65283203125
2518,1055,0.5984209179878235,0.3823128938674927,-0.7782062888145447,0.71044921875,-0.0272674560546875,-0.703125,0.0,0.83447265625,0.6806640625
2519,1056,0.6551409959793091,0.38332924246788025,-0.7209135890007019,0.71044921875,-0.0272674560546875,-0.703125,0.0,0.8486328125,0.68115234375
2520,1057,0.6550732254981995,0.22131280601024628,-0.7146967053413391,0.71044921875,-0.027313232421875,-0.703125,0.0,0.84912109375,0.65283203125
2521,1058,0.5908697247505188,0.22016307711601257,-0.7795466184616089,0.71044921875,-0.027313232421875,-0.703125,0.0,0.8330078125,0.65234375
2522,1055,0.5984209179878235,0.3823128938674927,-0.7782062888145447,0.71044921875,-0.0272674560546875,-0.703125,0.0,0.83447265625,0.6806640625
2523,1059,0.6493639945983887,0.11704540997743607,-0.7163988947868347,0.71044921875,-0.02728271484375,-0.703125,0.0,0.84814453125,0.63427734375
2524,1058,0.5908697247505188,0.22016307711601257,-0.7795466184616089,0.71044921875,-0.027313232421875,-0.703125,0.0,0.8330078125,0.65234375
2525,1057,0.6550732254981995,0.22131280601024628,-0.7146967053413391,0.71044921875,-0.027313232421875,-0.703125,0.0,0.84912109375,0.65283203125
2526,1059,0.6493639945983887,0.11704540997743607,-0.7163988947868347,0.71044921875,-0.02728271484375,-0.703125,0.0,0.84814453125,0.63427734375
2527,1060,0.5827585458755493,0.11578070372343063,-0.7836996912956238,0.71044921875,-0.02728271484375,-0.703125,0.0,0.83154296875,0.63427734375
2528,1058,0.5908697247505188,0.22016307711601257,-0.7795466184616089,0.71044921875,-0.027313232421875,-0.703125,0.0,0.8330078125,0.65234375
2529,1061,0.6403784155845642,0.03110484965145588,-0.7221730351448059,0.71044921875,-0.0267486572265625,-0.703125,0.0,0.8466796875,0.619140625
2530,1060,0.5827585458755493,0.11578070372343063,-0.7836996912956238,0.71044921875,-0.02728271484375,-0.703125,0.0,0.83154296875,0.63427734375
2531,1059,0.6493639945983887,0.11704540997743607,-0.7163988947868347,0.71044921875,-0.02728271484375,-0.703125,0.0,0.84814453125,0.63427734375
2532,1061,0.6403784155845642,0.03110484965145588,-0.7221730351448059,0.71044921875,-0.0267486572265625,-0.703125,0.0,0.8466796875,0.619140625
2533,1062,0.5710155963897705,0.029867734760046005,-0.7922295928001404,0.71044921875,-0.0265350341796875,-0.703125,0.0,0.8291015625,0.619140625
2534,1060,0.5827585458755493,0.11578070372343063,-0.7836996912956238,0.71044921875,-0.02728271484375,-0.703125,0.0,0.83154296875,0.63427734375
2535,1062,0.5710155963897705,0.029867734760046005,-0.7922295928001404,0.71044921875,-0.0265350341796875,-0.703125,0.0,0.8291015625,0.619140625
2536,1061,0.6403784155845642,0.03110484965145588,-0.7221730351448059,0.71044921875,-0.0267486572265625,-0.703125,0.0,0.8466796875,0.619140625
2537,1063,0.6345597505569458,0.0,-0.7270209193229675,0.7099609375,-0.0251007080078125,-0.70361328125,0.0,0.84521484375,0.61376953125
2538,1062,0.5710155963897705,0.029867734760046005,-0.7922295928001404,0.71044921875,-0.0265350341796875,-0.703125,0.0,0.8291015625,0.619140625
2539,1063,0.6345597505569458,0.0,-0.7270209193229675,0.7099609375,-0.0251007080078125,-0.70361328125,0.0,0.84521484375,0.61376953125
2540,1064,0.5652958750724792,0.0,-0.7968535423278809,0.7099609375,-0.0251007080078125,-0.70361328125,0.0,0.828125,0.61376953125
2541,1065,0.856694757938385,1.1508708000183105,-0.8528909683227539,0.97900390625,-0.02392578125,-0.201416015625,0.0,0.9326171875,0.529296875
2542,1066,0.8753878474235535,0.8479103446006775,-0.7260124087333679,0.97900390625,-0.02392578125,-0.201416015625,0.0,0.9521484375,0.475341796875
2543,1067,0.8624129295349121,0.8414856791496277,-0.788329541683197,0.97900390625,-0.02392578125,-0.201416015625,0.0,0.94091796875,0.474609375
2544,1066,0.8753878474235535,0.8479103446006775,-0.7260124087333679,0.97900390625,-0.02392578125,-0.201416015625,0.0,0.9521484375,0.475341796875
2545,1068,0.8598560094833374,0.5468494892120361,-0.765766441822052,0.97900390625,-0.02392578125,-0.201416015625,0.0,0.9423828125,0.4228515625
2546,1067,0.8624129295349121,0.8414856791496277,-0.788329541683197,0.97900390625,-0.02392578125,-0.201416015625,0.0,0.94091796875,0.474609375
2547,1066,0.8753878474235535,0.8479103446006775,-0.7260124087333679,0.97900390625,-0.02392578125,-0.201416015625,0.0,0.9521484375,0.475341796875
2548,1069,0.8787093758583069,0.5561853051185608,-0.675196647644043,0.97900390625,-0.02392578125,-0.201416015625,0.0,0.95849609375,0.423583984375
2549,1068,0.8598560094833374,0.5468494892120361,-0.765766441822052,0.97900390625,-0.02392578125,-0.201416015625,0.0,0.9423828125,0.4228515625
2550,1070,0.8770735263824463,0.34184667468070984,-0.6576890349388123,0.97900390625,-0.0239410400390625,-0.2012939453125,0.0,0.95947265625,0.385986328125
2551,1068,0.8598560094833374,0.5468494892120361,-0.765766441822052,0.97900390625,-0.02392578125,-0.201416015625,0.0,0.9423828125,0.4228515625
2552,1069,0.8787093758583069,0.5561853051185608,-0.675196647644043,0.97900390625,-0.02392578125,-0.201416015625,0.0,0.95849609375,0.423583984375
2553,1070,0.8770735263824463,0.34184667468070984,-0.6576890349388123,0.97900390625,-0.0239410400390625,-0.2012939453125,0.0,0.95947265625,0.385986328125
2554,1071,0.8557355999946594,0.3312782943248749,-0.7602041363716125,0.97900390625,-0.023956298828125,-0.2012939453125,0.0,0.94091796875,0.385009765625
2555,1068,0.8598560094833374,0.5468494892120361,-0.765766441822052,0.97900390625,-0.02392578125,-0.201416015625,0.0,0.9423828125,0.4228515625
2556,1072,0.8741248846054077,0.20311014354228973,-0.655456006526947,0.97900390625,-0.02392578125,-0.2012939453125,0.0,0.95849609375,0.361572265625
2557,1071,0.8557355999946594,0.3312782943248749,-0.7602041363716125,0.97900390625,-0.023956298828125,-0.2012939453125,0.0,0.94091796875,0.385009765625
2558,1070,0.8770735263824463,0.34184667468070984,-0.6576890349388123,0.97900390625,-0.0239410400390625,-0.2012939453125,0.0,0.95947265625,0.385986328125
2559,1072,0.8741248846054077,0.20311014354228973,-0.655456006526947,0.97900390625,-0.02392578125,-0.2012939453125,0.0,0.95849609375,0.361572265625
2560,1073,0.8519992828369141,0.19204047322273254,-0.7618260979652405,0.97900390625,-0.0239105224609375,-0.2012939453125,0.0,0.939453125,0.36083984375
2561,1071,0.8557355999946594,0.3312782943248749,-0.7602041363716125,0.97900390625,-0.023956298828125,-0.2012939453125,0.0,0.94091796875,0.385009765625
2562,1074,0.8702958226203918,0.08815480023622513,-0.6605043411254883,0.97900390625,-0.023162841796875,-0.2017822265625,0.0,0.95654296875,0.341552734375
2563,1073,0.8519992828369141,0.19204047322273254,-0.7618260979652405,0.97900390625,-0.0239105224609375,-0.2012939453125,0.0,0.939453125,0.36083984375
2564,1072,0.8741248846054077,0.20311014354228973,-0.655456006526947,0.97900390625,-0.02392578125,-0.2012939453125,0.0,0.95849609375,0.361572265625
2565,1074,0.8702958226203918,0.08815480023622513,-0.6605043411254883,0.97900390625,-0.023162841796875,-0.2017822265625,0.0,0.95654296875,0.341552734375
2566,1075,0.8472484350204468,0.07673563063144684,-0.7712451815605164,0.97900390625,-0.022918701171875,-0.2020263671875,0.0,0.9365234375,0.340576171875
2567,1073,0.8519992828369141,0.19204047322273254,-0.7618260979652405,0.97900390625,-0.0239105224609375,-0.2012939453125,0.0,0.939453125,0.36083984375
2568,1075,0.8472484350204468,0.07673563063144684,-0.7712451815605164,0.97900390625,-0.022918701171875,-0.2020263671875,0.0,0.9365234375,0.340576171875
2569,1074,0.8702958226203918,0.08815480023622513,-0.6605043411254883,0.97900390625,-0.023162841796875,-0.2017822265625,0.0,0.95654296875,0.341552734375
2570,1076,0.865813136100769,-2.2204459996194763e-18,-0.6732854247093201,0.97900390625,-0.021942138671875,-0.2027587890625,0.0,0.953125,0.326171875
2571,1075,0.8472484350204468,0.07673563063144684,-0.7712451815605164,0.97900390625,-0.022918701171875,-0.2020263671875,0.0,0.9365234375,0.340576171875
2572,1076,0.865813136100769,-2.2204459996194763e-18,-0.6732854247093201,0.97900390625,-0.021942138671875,-0.2027587890625,0.0,0.953125,0.326171875
2573,1077,0.8430637717247009,0.0,-0.7824709415435791,0.97900390625,-0.021942138671875,-0.2027587890625,0.0,0.93359375,0.327392578125
2574,1078,2.0542421340942383,0.9658641815185547,0.39732909202575684,-0.392822265625,-0.02392578125,0.91943359375,0.0,0.48876953125,0.69384765625
2575,1079,1.967988133430481,0.6967337131500244,0.3534625172615051,-0.392822265625,-0.023895263671875,0.91943359375,0.0,0.505859375,0.64697265625
2576,1080,2.019005298614502,0.695937991142273,0.3752451241016388,-0.392822265625,-0.023895263671875,0.91943359375,0.0,0.495849609375,0.64697265625
2577,1079,1.967988133430481,0.6967337131500244,0.3534625172615051,-0.392822265625,-0.023895263671875,0.91943359375,0.0,0.505859375,0.64697265625
2578,1081,2.0170845985412598,0.44181859493255615,0.3678206503391266,-0.392822265625,-0.023895263671875,0.91943359375,0.0,0.496826171875,0.60205078125
2579,1080,2.019005298614502,0.695937991142273,0.3752451241016388,-0.392822265625,-0.023895263671875,0.91943359375,0.0,0.495849609375,0.64697265625
2580,1079,1.967988133430481,0.6967337131500244,0.3534625172615051,-0.392822265625,-0.023895263671875,0.91943359375,0.0,0.505859375,0.64697265625
2581,1082,1.9429391622543335,0.44297751784324646,0.3361644744873047,-0.392822265625,-0.023895263671875,0.91943359375,0.0,0.51123046875,0.6025390625
2582,1081,2.0170845985412598,0.44181859493255615,0.3678206503391266,-0.392822265625,-0.023895263671875,0.91943359375,0.0,0.496826171875,0.60205078125
2583,1083,1.9406579732894897,0.258026123046875,0.3303762674331665,-0.392822265625,-0.02392578125,0.91943359375,0.0,0.51171875,0.56982421875
2584,1081,2.0170845985412598,0.44181859493255615,0.3678206503391266,-0.392822265625,-0.023895263671875,0.91943359375,0.0,0.496826171875,0.60205078125
2585,1082,1.9429391622543335,0.44297751784324646,0.3361644744873047,-0.392822265625,-0.023895263671875,0.91943359375,0.0,0.51123046875,0.6025390625
2586,1083,1.9406579732894897,0.258026123046875,0.3303762674331665,-0.392822265625,-0.02392578125,0.91943359375,0.0,0.51171875,0.56982421875
2587,1084,2.024583578109741,0.25672003626823425,0.36621588468551636,-0.392822265625,-0.02392578125,0.91943359375,0.0,0.495849609375,0.56982421875
2588,1081,2.0170845985412598,0.44181859493255615,0.3678206503391266,-0.392822265625,-0.023895263671875,0.91943359375,0.0,0.496826171875,0.60205078125
2589,1085,1.9465861320495605,0.13900071382522583,0.3298000395298004,-0.39306640625,-0.023895263671875,0.91943359375,0.0,0.5107421875,0.54931640625
2590,1084,2.024583578109741,0.25672003626823425,0.36621588468551636,-0.392822265625,-0.02392578125,0.91943359375,0.0,0.495849609375,0.56982421875
2591,1083,1.9406579732894897,0.258026123046875,0.3303762674331665,-0.392822265625,-0.02392578125,0.91943359375,0.0,0.51171875,0.56982421875
2592,1085,1.9465861320495605,0.13900071382522583,0.3298000395298004,-0.39306640625,-0.023895263671875,0.91943359375,0.0,0.5107421875,0.54931640625
2593,1086,2.033660650253296,0.13755662739276886,0.3669978976249695,-0.39306640625,-0.023895263671875,0.91943359375,0.0,0.494384765625,0.548828125
2594,1084,2.024583578109741,0.25672003626823425,0.36621588468551636,-0.392822265625,-0.02392578125,0.91943359375,0.0,0.495849609375,0.56982421875
2595,1087,1.9570896625518799,0.040905117988586426,0.3317562937736511,-0.392822265625,-0.0233612060546875,0.91943359375,0.0,0.50927734375,0.53173828125
2596,1086,2.033660650253296,0.13755662739276886,0.3669978976249695,-0.39306640625,-0.023895263671875,0.91943359375,0.0,0.494384765625,0.548828125
2597,1085,1.9465861320495605,0.13900071382522583,0.3298000395298004,-0.39306640625,-0.023895263671875,0.91943359375,0.0,0.5107421875,0.54931640625
2598,1087,1.9570896625518799,0.040905117988586426,0.3317562937736511,-0.392822265625,-0.0233612060546875,0.91943359375,0.0,0.50927734375,0.53173828125
2599,1088,2.0477466583251953,0.03948863595724106,0.3704719543457031,-0.392822265625,-0.023193359375,0.91943359375,0.0,0.491943359375,0.53173828125
2600,1086,2.033660650253296,0.13755662739276886,0.3669978976249695,-0.39306640625,-0.023895263671875,0.91943359375,0.0,0.494384765625,0.548828125
2601,1088,2.0477466583251953,0.03948863595724106,0.3704719543457031,-0.392822265625,-0.023193359375,0.91943359375,0.0,0.491943359375,0.53173828125
2602,1087,1.9570896625518799,0.040905117988586426,0.3317562937736511,-0.392822265625,-0.0233612060546875,0.91943359375,0.0,0.50927734375,0.53173828125
2603,1089,1.9654029607772827,0.0,0.33440035581588745,-0.392333984375,-0.022003173828125,0.91943359375,0.0,0.5078125,0.52490234375
2604,1088,2.0477466583251953,0.03948863595724106,0.3704719543457031,-0.392822265625,-0.023193359375,0.91943359375,0.0,0.491943359375,0.53173828125
2605,1089,1.9654029607772827,0.0,0.33440035581588745,-0.392333984375,-0.022003173828125,0.91943359375,0.0,0.5078125,0.52490234375
2606,1090,2.055903673171997,0.0,0.37293097376823425,-0.392333984375,-0.022003173828125,0.91943359375,0.0,0.490478515625,0.5244140625
2607,1091,1.1511616706848145,0.8218190670013428,-0.5780256986618042,0.99951171875,0.022247314453125,-0.01090240478515625,0.0,0.031097412109375,0.7197265625
2608,1092,1.1572521924972534,0.6274322867393494,-0.4163290560245514,0.9990234375,0.0260162353515625,-0.0401611328125,0.0,0.050140380859375,0.6796875
2609,1093,1.157034158706665,0.6167442798614502,-0.4581476151943207,0.9990234375,0.025115966796875,-0.033111572265625,0.0,0.042572021484375,0.6796875
2610,1092,1.1572521924972534,0.6274322867393494,-0.4163290560245514,0.9990234375,0.0260162353515625,-0.0401611328125,0.0,0.050140380859375,0.6796875
2611,1094,1.1607147455215454,0.5005794167518616,-0.4173870086669922,0.99658203125,0.0074005126953125,-0.0816650390625,0.0,0.044464111328125,0.658203125
2612,1093,1.157034158706665,0.6167442798614502,-0.4581476151943207,0.9990234375,0.025115966796875,-0.033111572265625,0.0,0.042572021484375,0.6796875
2613,1092,1.1572521924972534,0.6274322867393494,-0.4163290560245514,0.9990234375,0.0260162353515625,-0.0401611328125,0.0,0.050140380859375,0.6796875
2614,1095,1.1655197143554688,0.5146521329879761,-0.35196059942245483,0.99609375,0.004077911376953125,-0.0863037109375,0.0,0.05621337890625,0.65771484375
2615,1094,1.1607147455215454,0.5005794167518616,-0.4173870086669922,0.99658203125,0.0074005126953125,-0.0816650390625,0.0,0.044464111328125,0.658203125
2616,1095,1.1655197143554688,0.5146521329879761,-0.35196059942245483,0.99609375,0.004077911376953125,-0.0863037109375,0.0,0.05621337890625,0.65771484375
2617,1096,1.1616802215576172,0.3593134582042694,-0.3802153170108795,0.99560546875,-0.00658416748046875,-0.09381103515625,0.0,0.04461669921875,0.6328125
2618,1094,1.1607147455215454,0.5005794167518616,-0.4173870086669922,0.99658203125,0.0074005126953125,-0.0816650390625,0.0,0.044464111328125,0.658203125
2619,1095,1.1655197143554688,0.5146521329879761,-0.35196059942245483,0.99609375,0.004077911376953125,-0.0863037109375,0.0,0.05621337890625,0.65771484375
2620,1097,1.1722077131271362,0.37482112646102905,-0.2961283028125763,0.99560546875,-0.00661468505859375,-0.0931396484375,0.0,0.059661865234375,0.63134765625
2621,1096,1.1616802215576172,0.3593134582042694,-0.3802153170108795,0.99560546875,-0.00658416748046875,-0.09381103515625,0.0,0.04461669921875,0.6328125
2622,1097,1.1722077131271362,0.37482112646102905,-0.2961283028125763,0.99560546875,-0.00661468505859375,-0.0931396484375,0.0,0.059661865234375,0.63134765625
2623,1098,1.166308879852295,0.17852874100208282,-0.3471616804599762,0.9970703125,-0.00249481201171875,-0.0745849609375,0.0,0.042388916015625,0.6005859375
2624,1096,1.1616802215576172,0.3593134582042694,-0.3802153170108795,0.99560546875,-0.00658416748046875,-0.09381103515625,0.0,0.04461669921875,0.6328125
2625,1097,1.1722077131271362,0.37482112646102905,-0.2961283028125763,0.99560546875,-0.00661468505859375,-0.0931396484375,0.0,0.059661865234375,0.63134765625
2626,1099,1.1723259687423706,0.20040132105350494,-0.2488017976284027,0.9970703125,-0.0028057098388671875,-0.07562255859375,0.0,0.060089111328125,0.599609375
2627,1098,1.166308879852295,0.17852874100208282,-0.3471616804599762,0.9970703125,-0.00249481201171875,-0.0745849609375,0.0,0.042388916015625,0.6005859375
2628,1100,1.1738479137420654,0.051560938358306885,-0.22767123579978943,0.998046875,0.001468658447265625,-0.0614013671875,0.0,0.057159423828125,0.57373046875
2629,1098,1.166308879852295,0.17852874100208282,-0.3471616804599762,0.9970703125,-0.00249481201171875,-0.0745849609375,0.0,0.042388916015625,0.6005859375
2630,1099,1.1723259687423706,0.20040132105350494,-0.2488017976284027,0.9970703125,-0.0028057098388671875,-0.07562255859375,0.0,0.060089111328125,0.599609375
2631,1100,1.1738479137420654,0.051560938358306885,-0.22767123579978943,0.998046875,0.001468658447265625,-0.0614013671875,0.0,0.057159423828125,0.57373046875
2632,1101,1.166930079460144,0.026427678763866425,-0.3406886160373688,0.998046875,0.0014657974243164062,-0.0614013671875,0.0,0.036834716796875,0.57421875
2633,1098,1.166308879852295,0.17852874100208282,-0.3471616804599762,0.9970703125,-0.00249481201171875,-0.0745849609375,0.0,0.042388916015625,0.6005859375
2634,1101,1.166930079460144,0.026427678763866425,-0.3406886160373688,0.998046875,0.0014657974243164062,-0.0614013671875,0.0,0.036834716796875,0.57421875
2635,1100,1.1738479137420654,0.051560938358306885,-0.22767123579978943,0.998046875,0.001468658447265625,-0.0614013671875,0.0,0.057159423828125,0.57373046875
2636,1102,1.1742298603057861,0.0,-0.22267219424247742,0.998046875,0.0014410018920898438,-0.0614013671875,0.0,0.0557861328125,0.564453125
2637,1101,1.166930079460144,0.026427678763866425,-0.3406886160373688,0.998046875,0.0014657974243164062,-0.0614013671875,0.0,0.036834716796875,0.57421875
2638,1102,1.1742298603057861,0.0,-0.22267219424247742,0.998046875,0.0014410018920898438,-0.0614013671875,0.0,0.0557861328125,0.564453125
2639,1103,1.1669796705245972,0.0,-0.34050101041793823,0.998046875,0.0014410018920898438,-0.0614013671875,0.0,0.035736083984375,0.56982421875
2640,1104,2.0296614170074463,1.1529542207717896,0.09888862073421478,-0.392822265625,-0.02392578125,0.91943359375,0.0,0.07568359375,0.537109375
2641,1105,1.9147685766220093,0.8499936461448669,0.041897963732481,-0.392822265625,-0.02392578125,0.91943359375,0.0,0.0953369140625,0.48291015625
2642,1106,1.9733608961105347,0.8435689210891724,0.06677444279193878,-0.392822265625,-0.02392578125,0.91943359375,0.0,0.0841064453125,0.482421875
2643,1105,1.9147685766220093,0.8499936461448669,0.041897963732481,-0.392822265625,-0.02392578125,0.91943359375,0.0,0.0953369140625,0.48291015625
2644,1107,1.956279993057251,0.5489327311515808,0.051803894340991974,-0.392822265625,-0.02392578125,0.91943359375,0.0,0.08514404296875,0.4306640625
2645,1106,1.9733608961105347,0.8435689210891724,0.06677444279193878,-0.392822265625,-0.02392578125,0.91943359375,0.0,0.0841064453125,0.482421875
2646,1105,1.9147685766220093,0.8499936461448669,0.041897963732481,-0.392822265625,-0.02392578125,0.91943359375,0.0,0.0953369140625,0.48291015625
2647,1108,1.8711289167404175,0.558273196220398,0.015650710090994835,-0.392822265625,-0.02392578125,0.91943359375,0.0,0.1014404296875,0.431396484375
2648,1107,1.956279993057251,0.5489327311515808,0.051803894340991974,-0.392822265625,-0.02392578125,0.91943359375,0.0,0.08514404296875,0.4306640625
2649,1109,1.8576781749725342,0.3439299762248993,0.0043239593505859375,-0.39306640625,-0.023956298828125,0.91943359375,0.0,0.1024169921875,0.3935546875
2650,1107,1.956279993057251,0.5489327311515808,0.051803894340991974,-0.392822265625,-0.02392578125,0.91943359375,0.0,0.08514404296875,0.4306640625
2651,1108,1.8711289167404175,0.558273196220398,0.015650710090994835,-0.392822265625,-0.02392578125,0.91943359375,0.0,0.1014404296875,0.431396484375
2652,1109,1.8576781749725342,0.3439299762248993,0.0043239593505859375,-0.39306640625,-0.023956298828125,0.91943359375,0.0,0.1024169921875,0.3935546875
2653,1110,1.9540640115737915,0.33336612582206726,0.04524856433272362,-0.39306640625,-0.023956298828125,0.91943359375,0.0,0.083984375,0.392822265625
2654,1107,1.956279993057251,0.5489327311515808,0.051803894340991974,-0.392822265625,-0.02392578125,0.91943359375,0.0,0.08514404296875,0.4306640625
2655,1111,1.8575316667556763,0.2051934152841568,0.0006284331902861595,-0.39306640625,-0.02392578125,0.91943359375,0.0,0.10137939453125,0.369384765625
2656,1110,1.9540640115737915,0.33336612582206726,0.04524856433272362,-0.39306640625,-0.023956298828125,0.91943359375,0.0,0.083984375,0.392822265625
2657,1109,1.8576781749725342,0.3439299762248993,0.0043239593505859375,-0.39306640625,-0.023956298828125,0.91943359375,0.0,0.1024169921875,0.3935546875
2658,1111,1.8575316667556763,0.2051934152841568,0.0006284331902861595,-0.39306640625,-0.02392578125,0.91943359375,0.0,0.10137939453125,0.369384765625
2659,1112,1.9575263261795044,0.19412371516227722,0.043103255331516266,-0.39306640625,-0.0239105224609375,0.91943359375,0.0,0.082275390625,0.368408203125
2660,1110,1.9540640115737915,0.33336612582206726,0.04524856433272362,-0.39306640625,-0.023956298828125,0.91943359375,0.0,0.083984375,0.392822265625
2661,1113,1.8638557195663452,0.0902426540851593,0.0003639984061010182,-0.392578125,-0.0231475830078125,0.91943359375,0.0,0.09930419921875,0.349365234375
2662,1112,1.9575263261795044,0.19412371516227722,0.043103255331516266,-0.39306640625,-0.0239105224609375,0.91943359375,0.0,0.082275390625,0.368408203125
2663,1111,1.8575316667556763,0.2051934152841568,0.0006284331902861595,-0.39306640625,-0.02392578125,0.91943359375,0.0,0.10137939453125,0.369384765625
2664,1113,1.8638557195663452,0.0902426540851593,0.0003639984061010182,-0.392578125,-0.0231475830078125,0.91943359375,0.0,0.09930419921875,0.349365234375
2665,1114,1.96797776222229,0.07881886512041092,0.04457008093595505,-0.392333984375,-0.02288818359375,0.91943359375,0.0,0.07940673828125,0.348388671875
2666,1112,1.9575263261795044,0.19412371516227722,0.043103255331516266,-0.39306640625,-0.0239105224609375,0.91943359375,0.0,0.082275390625,0.368408203125
2667,1114,1.96797776222229,0.07881886512041092,0.04457008093595505,-0.392333984375,-0.02288818359375,0.91943359375,0.0,0.07940673828125,0.348388671875
2668,1113,1.8638557195663452,0.0902426540851593,0.0003639984061010182,-0.392578125,-0.0231475830078125,0.91943359375,0.0,0.09930419921875,0.349365234375
2669,1115,1.8772251605987549,2.2204459996194763e-18,0.004056020174175501,-0.3916015625,-0.0219268798828125,0.919921875,0.0,0.0960693359375,0.33349609375
2670,1114,1.96797776222229,0.07881886512041092,0.04457008093595505,-0.392333984375,-0.02288818359375,0.91943359375,0.0,0.07940673828125,0.348388671875
2671,1115,1.8772251605987549,2.2204459996194763e-18,0.004056020174175501,-0.3916015625,-0.0219268798828125,0.919921875,0.0,0.0960693359375,0.33349609375
2672,1116,1.9798997640609741,8.881783998477905e-18,0.04761369526386261,-0.3916015625,-0.0219268798828125,0.919921875,0.0,0.0765380859375,0.334716796875
2673,1117,1.5788873434066772,0.9487330913543701,-0.3523419201374054,0.533203125,0.019500732421875,0.845703125,0.0,0.8203125,0.60205078125
2674,1118,1.4443883895874023,0.7268385291099548,-0.2623792588710785,0.55712890625,0.0226287841796875,0.830078125,0.0,0.83935546875,0.55810546875
2675,1119,1.4798853397369385,0.7146328687667847,-0.284490704536438,0.552734375,0.0220947265625,0.8330078125,0.0,0.83203125,0.5576171875
2676,1120,1.4471015930175781,0.5820313692092896,-0.25999319553375244,0.5927734375,0.005889892578125,0.80517578125,0.0,0.83349609375,0.533203125
2677,1119,1.4798853397369385,0.7146328687667847,-0.284490704536438,0.552734375,0.0220947265625,0.8330078125,0.0,0.83203125,0.5576171875
2678,1118,1.4443883895874023,0.7268385291099548,-0.2623792588710785,0.55712890625,0.0226287841796875,0.830078125,0.0,0.83935546875,0.55810546875
2679,1120,1.4471015930175781,0.5820313692092896,-0.25999319553375244,0.5927734375,0.005889892578125,0.80517578125,0.0,0.83349609375,0.533203125
2680,1118,1.4443883895874023,0.7268385291099548,-0.2623792588710785,0.55712890625,0.0226287841796875,0.830078125,0.0,0.83935546875,0.55810546875
2681,1121,1.3939106464385986,0.5980910062789917,-0.22159217298030853,0.5947265625,0.0042266845703125,0.8037109375,0.0,0.845703125,0.533203125
2682,1122,1.4159563779830933,0.42076918482780457,-0.23967944085597992,0.6015625,-0.00577545166015625,0.798828125,0.0,0.833984375,0.50390625
2683,1120,1.4471015930175781,0.5820313692092896,-0.25999319553375244,0.5927734375,0.005889892578125,0.80517578125,0.0,0.83349609375,0.533203125
2684,1121,1.3939106464385986,0.5980910062789917,-0.22159217298030853,0.5947265625,0.0042266845703125,0.8037109375,0.0,0.845703125,0.533203125
2685,1122,1.4159563779830933,0.42076918482780457,-0.23967944085597992,0.6015625,-0.00577545166015625,0.798828125,0.0,0.833984375,0.50390625
2686,1121,1.3939106464385986,0.5980910062789917,-0.22159217298030853,0.5947265625,0.0042266845703125,0.8037109375,0.0,0.845703125,0.533203125
2687,1123,1.3498717546463013,0.4384705722332001,-0.18663299083709717,0.6015625,-0.005786895751953125,0.798828125,0.0,0.84912109375,0.50390625
2688,1124,1.3096325397491455,0.2393636405467987,-0.16171672940254211,0.58740234375,-0.00258636474609375,0.80908203125,0.0,0.849609375,0.468017578125
2689,1122,1.4159563779830933,0.42076918482780457,-0.23967944085597992,0.6015625,-0.00577545166015625,0.798828125,0.0,0.833984375,0.50390625
2690,1123,1.3498717546463013,0.4384705722332001,-0.18663299083709717,0.6015625,-0.005786895751953125,0.798828125,0.0,0.84912109375,0.50390625
2691,1124,1.3096325397491455,0.2393636405467987,-0.16171672940254211,0.58740234375,-0.00258636474609375,0.80908203125,0.0,0.849609375,0.468017578125
2692,1125,1.3902359008789062,0.2143959403038025,-0.2184068262577057,0.5859375,-0.002086639404296875,0.81005859375,0.0,0.83154296875,0.467529296875
2693,1122,1.4159563779830933,0.42076918482780457,-0.23967944085597992,0.6015625,-0.00577545166015625,0.798828125,0.0,0.833984375,0.50390625
2694,1126,1.2924411296844482,0.06946003437042236,-0.14934562146663666,0.57568359375,0.001277923583984375,0.81787109375,0.0,0.8466796875,0.438232421875
2695,1125,1.3902359008789062,0.2143959403038025,-0.2184068262577057,0.5859375,-0.002086639404296875,0.81005859375,0.0,0.83154296875,0.467529296875
2696,1124,1.3096325397491455,0.2393636405467987,-0.16171672940254211,0.58740234375,-0.00258636474609375,0.80908203125,0.0,0.849609375,0.468017578125
2697,1126,1.2924411296844482,0.06946003437042236,-0.14934562146663666,0.57568359375,0.001277923583984375,0.81787109375,0.0,0.8466796875,0.438232421875
2698,1127,1.3850511312484741,0.040771789848804474,-0.21448920667171478,0.57568359375,0.0012760162353515625,0.81787109375,0.0,0.826171875,0.4375
2699,1125,1.3902359008789062,0.2143959403038025,-0.2184068262577057,0.5859375,-0.002086639404296875,0.81005859375,0.0,0.83154296875,0.467529296875
2700,1127,1.3850511312484741,0.040771789848804474,-0.21448920667171478,0.57568359375,0.0012760162353515625,0.81787109375,0.0,0.826171875,0.4375
2701,1126,1.2924411296844482,0.06946003437042236,-0.14934562146663666,0.57568359375,0.001277923583984375,0.81787109375,0.0,0.8466796875,0.438232421875
2702,1128,1.2876523733139038,0.0,-0.1458684504032135,0.57568359375,0.0012636184692382812,0.81787109375,0.0,0.8447265625,0.426025390625
2703,1127,1.3850511312484741,0.040771789848804474,-0.21448920667171478,0.57568359375,0.0012760162353515625,0.81787109375,0.0,0.826171875,0.4375
2704,1128,1.2876523733139038,0.0,-0.1458684504032135,0.57568359375,0.0012636184692382812,0.81787109375,0.0,0.8447265625,0.426025390625
2705,1129,1.3848696947097778,0.0,-0.2142975777387619,0.57568359375,0.0012636184692382812,0.81787109375,0.0,0.82470703125,0.4306640625
2706,1130,1.1956645250320435,1.2120537757873535,-0.9432406425476074,1.0,0.0180816650390625,-0.00994110107421875,0.0,0.9541015625,0.2276611328125
2707,1131,1.2020905017852783,0.9412000775337219,-0.7897741794586182,0.9990234375,0.01849365234375,-0.0362548828125,0.0,0.9697265625,0.17529296875
2708,1132,1.201920747756958,0.9317077994346619,-0.8241115212440491,0.99951171875,0.0184478759765625,-0.032958984375,0.0,0.96337890625,0.175048828125
2709,1131,1.2020905017852783,0.9412000775337219,-0.7897741794586182,0.9990234375,0.01849365234375,-0.0362548828125,0.0,0.9697265625,0.17529296875
2710,1133,1.205716609954834,0.7757896184921265,-0.7795235514640808,0.99658203125,0.003597259521484375,-0.08148193359375,0.0,0.96484375,0.1466064453125
2711,1132,1.201920747756958,0.9317077994346619,-0.8241115212440491,0.99951171875,0.0184478759765625,-0.032958984375,0.0,0.96337890625,0.175048828125
2712,1131,1.2020905017852783,0.9412000775337219,-0.7897741794586182,0.9990234375,0.01849365234375,-0.0362548828125,0.0,0.9697265625,0.17529296875
2713,1134,1.2096803188323975,0.78714919090271,-0.7255693078041077,0.99658203125,0.0021686553955078125,-0.08428955078125,0.0,0.974609375,0.146484375
2714,1133,1.205716609954834,0.7757896184921265,-0.7795235514640808,0.99658203125,0.003597259521484375,-0.08148193359375,0.0,0.96484375,0.1466064453125
2715,1134,1.2096803188323975,0.78714919090271,-0.7255693078041077,0.99658203125,0.0021686553955078125,-0.08428955078125,0.0,0.974609375,0.146484375
2716,1135,1.2074233293533325,0.5875271558761597,-0.7357641458511353,0.99560546875,-0.005825042724609375,-0.093994140625,0.0,0.96533203125,0.11273193359375
2717,1133,1.205716609954834,0.7757896184921265,-0.7795235514640808,0.99658203125,0.003597259521484375,-0.08148193359375,0.0,0.96484375,0.1466064453125
2718,1134,1.2096803188323975,0.78714919090271,-0.7255693078041077,0.99658203125,0.0021686553955078125,-0.08428955078125,0.0,0.974609375,0.146484375
2719,1136,1.21611750125885,0.5987301468849182,-0.6661921739578247,0.99560546875,-0.005802154541015625,-0.09344482421875,0.0,0.9775390625,0.1119384765625
2720,1135,1.2074233293533325,0.5875271558761597,-0.7357641458511353,0.99560546875,-0.005825042724609375,-0.093994140625,0.0,0.96533203125,0.11273193359375
2721,1136,1.21611750125885,0.5987301468849182,-0.6661921739578247,0.99560546875,-0.005802154541015625,-0.09344482421875,0.0,0.9775390625,0.1119384765625
2722,1137,1.2123878002166748,0.3481150269508362,-0.692004382610321,0.9970703125,-0.0020008087158203125,-0.074951171875,0.0,0.96337890625,0.07012939453125
2723,1135,1.2074233293533325,0.5875271558761597,-0.7357641458511353,0.99560546875,-0.005825042724609375,-0.093994140625,0.0,0.96533203125,0.11273193359375
2724,1136,1.21611750125885,0.5987301468849182,-0.6661921739578247,0.99560546875,-0.005802154541015625,-0.09344482421875,0.0,0.9775390625,0.1119384765625
2725,1138,1.217350959777832,0.3661383390426636,-0.6109503507614136,0.9970703125,-0.002231597900390625,-0.07586669921875,0.0,0.97802734375,0.07000732421875
2726,1137,1.2123878002166748,0.3481150269508362,-0.692004382610321,0.9970703125,-0.0020008087158203125,-0.074951171875,0.0,0.96337890625,0.07012939453125
2727,1139,1.219534158706665,0.16969417035579681,-0.580057680606842,0.998046875,0.0014514923095703125,-0.0614013671875,0.0,0.9755859375,0.03521728515625
2728,1137,1.2123878002166748,0.3481150269508362,-0.692004382610321,0.9970703125,-0.0020008087158203125,-0.074951171875,0.0,0.96337890625,0.07012939453125
2729,1138,1.217350959777832,0.3661383390426636,-0.6109503507614136,0.9970703125,-0.002231597900390625,-0.07586669921875,0.0,0.97802734375,0.07000732421875
2730,1139,1.219534158706665,0.16969417035579681,-0.580057680606842,0.998046875,0.0014514923095703125,-0.0614013671875,0.0,0.9755859375,0.03521728515625
2731,1140,1.21383535861969,0.1489851176738739,-0.6731875538825989,0.998046875,0.001453399658203125,-0.0614013671875,0.0,0.958984375,0.03533935546875
2732,1137,1.2123878002166748,0.3481150269508362,-0.692004382610321,0.9970703125,-0.0020008087158203125,-0.074951171875,0.0,0.96337890625,0.07012939453125
2733,1140,1.21383535861969,0.1489851176738739,-0.6731875538825989,0.998046875,0.001453399658203125,-0.0614013671875,0.0,0.958984375,0.03533935546875
2734,1139,1.219534158706665,0.16969417035579681,-0.580057680606842,0.998046875,0.0014514923095703125,-0.0614013671875,0.0,0.9755859375,0.03521728515625
2735,1141,1.2211291790008545,0.0,-0.5581710338592529,0.998046875,0.0014619827270507812,-0.0614013671875,0.0,0.97265625,0.00536346435546875
2736,1140,1.21383535861969,0.1489851176738739,-0.6731875538825989,0.998046875,0.001453399658203125,-0.0614013671875,0.0,0.958984375,0.03533935546875
2737,1141,1.2211291790008545,0.0,-0.5581710338592529,0.998046875,0.0014619827270507812,-0.0614013671875,0.0,0.97265625,0.00536346435546875
2738,1142,1.2147126197814941,0.0,-0.6624777317047119,0.998046875,0.0014619827270507812,-0.0614013671875,0.0,0.95458984375,0.00945281982421875
2739,1143,1.7976962327957153,1.6854528188705444,-0.846412181854248,0.53271484375,0.0158233642578125,0.84619140625,0.0,0.4091796875,0.312255859375
2740,1144,1.6431934833526611,1.3102338314056396,-0.7421331405639648,0.5537109375,0.0161590576171875,0.83251953125,0.0,0.428466796875,0.241455078125
2741,1145,1.6785645484924316,1.2970854043960571,-0.7641536593437195,0.552734375,0.016143798828125,0.8330078125,0.0,0.420654296875,0.2406005859375
2742,1144,1.6431934833526611,1.3102338314056396,-0.7421331405639648,0.5537109375,0.0161590576171875,0.83251953125,0.0,0.428466796875,0.241455078125
2743,1146,1.6349023580551147,1.0810909271240234,-0.7318693399429321,0.5927734375,0.002758026123046875,0.8056640625,0.0,0.422607421875,0.2015380859375
2744,1145,1.6785645484924316,1.2970854043960571,-0.7641536593437195,0.552734375,0.016143798828125,0.8330078125,0.0,0.420654296875,0.2406005859375
2745,1144,1.6431934833526611,1.3102338314056396,-0.7421331405639648,0.5537109375,0.0161590576171875,0.83251953125,0.0,0.428466796875,0.241455078125
2746,1147,1.5816738605499268,1.096823811531067,-0.6934423446655273,0.59326171875,0.002330780029296875,0.8046875,0.0,0.4345703125,0.2020263671875
2747,1146,1.6349023580551147,1.0810909271240234,-0.7318693399429321,0.5927734375,0.002758026123046875,0.8056640625,0.0,0.422607421875,0.2015380859375
2748,1147,1.5816738605499268,1.096823811531067,-0.6934423446655273,0.59326171875,0.002330780029296875,0.8046875,0.0,0.4345703125,0.2020263671875
2749,1148,1.5907684564590454,0.8202890753746033,-0.7022589445114136,0.60205078125,-0.005100250244140625,0.79833984375,0.0,0.4228515625,0.1549072265625
2750,1146,1.6349023580551147,1.0810909271240234,-0.7318693399429321,0.5927734375,0.002758026123046875,0.8056640625,0.0,0.422607421875,0.2015380859375
2751,1147,1.5816738605499268,1.096823811531067,-0.6934423446655273,0.59326171875,0.002330780029296875,0.8046875,0.0,0.4345703125,0.2020263671875
2752,1149,1.524404525756836,0.8358060121536255,-0.6490089297294617,0.6015625,-0.005096435546875,0.798828125,0.0,0.43798828125,0.1546630859375
2753,1148,1.5907684564590454,0.8202890753746033,-0.7022589445114136,0.60205078125,-0.005100250244140625,0.79833984375,0.0,0.4228515625,0.1549072265625
2754,1150,1.4681004285812378,0.5135944485664368,-0.6125938892364502,0.587890625,-0.002056121826171875,0.80908203125,0.0,0.4384765625,0.096923828125
2755,1148,1.5907684564590454,0.8202890753746033,-0.7022589445114136,0.60205078125,-0.005100250244140625,0.79833984375,0.0,0.4228515625,0.1549072265625
2756,1149,1.524404525756836,0.8358060121536255,-0.6490089297294617,0.6015625,-0.005096435546875,0.798828125,0.0,0.43798828125,0.1546630859375
2757,1150,1.4681004285812378,0.5135944485664368,-0.6125938892364502,0.587890625,-0.002056121826171875,0.80908203125,0.0,0.4384765625,0.096923828125
2758,1151,1.5487027168273926,0.48862674832344055,-0.6692846417427063,0.58642578125,-0.0016536712646484375,0.81005859375,0.0,0.420654296875,0.09600830078125
2759,1148,1.5907684564590454,0.8202890753746033,-0.7022589445114136,0.60205078125,-0.005100250244140625,0.79833984375,0.0,0.4228515625,0.1549072265625
2760,1152,1.4375667572021484,0.24145618081092834,-0.5906766653060913,0.57568359375,0.0012760162353515625,0.81787109375,0.0,0.435546875,0.048858642578125
2761,1151,1.5487027168273926,0.48862674832344055,-0.6692846417427063,0.58642578125,-0.0016536712646484375,0.81005859375,0.0,0.420654296875,0.09600830078125
2762,1150,1.4681004285812378,0.5135944485664368,-0.6125938892364502,0.587890625,-0.002056121826171875,0.80908203125,0.0,0.4384765625,0.096923828125
2763,1152,1.4375667572021484,0.24145618081092834,-0.5906766653060913,0.57568359375,0.0012760162353515625,0.81787109375,0.0,0.435546875,0.048858642578125
2764,1153,1.530186414718628,0.21276791393756866,-0.6558193564414978,0.57568359375,0.00127410888671875,0.81787109375,0.0,0.4150390625,0.047821044921875
2765,1151,1.5487027168273926,0.48862674832344055,-0.6692846417427063,0.58642578125,-0.0016536712646484375,0.81005859375,0.0,0.420654296875,0.09600830078125
2766,1153,1.530186414718628,0.21276791393756866,-0.6558193564414978,0.57568359375,0.00127410888671875,0.81787109375,0.0,0.4150390625,0.047821044921875
2767,1152,1.4375667572021484,0.24145618081092834,-0.5906766653060913,0.57568359375,0.0012760162353515625,0.81787109375,0.0,0.435546875,0.048858642578125
2768,1154,1.4153777360916138,0.0,-0.5746845006942749,0.57568359375,0.0012655258178710938,0.81787109375,0.0,0.431884765625,0.006389617919921875
2769,1153,1.530186414718628,0.21276791393756866,-0.6558193564414978,0.57568359375,0.00127410888671875,0.81787109375,0.0,0.4150390625,0.047821044921875
2770,1154,1.4153777360916138,0.0,-0.5746845006942749,0.57568359375,0.0012655258178710938,0.81787109375,0.0,0.431884765625,0.006389617919921875
2771,1155,1.5193477869033813,0.0,-0.6478629112243652,0.57568359375,0.0012655258178710938,0.81787109375,0.0,0.409912109375,0.010772705078125
2772,1156,1.5577329397201538,0.8283541798591614,-0.39886754751205444,0.6474609375,0.0222320556640625,0.76171875,0.0,0.88427734375,0.7587890625
2773,1157,1.4372973442077637,0.6339672803878784,-0.2908032536506653,0.66943359375,0.0259857177734375,0.7421875,0.0,0.9033203125,0.71875
2774,1158,1.4693102836608887,0.6232792735099792,-0.31770771741867065,0.6640625,0.02508544921875,0.7470703125,0.0,0.8955078125,0.71875
2775,1159,1.4403201341629028,0.5071145296096802,-0.28881970047950745,0.7001953125,0.00740814208984375,0.71435546875,0.0,0.8974609375,0.697265625
2776,1158,1.4693102836608887,0.6232792735099792,-0.31770771741867065,0.6640625,0.02508544921875,0.7470703125,0.0,0.8955078125,0.71875
2777,1157,1.4372973442077637,0.6339672803878784,-0.2908032536506653,0.66943359375,0.0259857177734375,0.7421875,0.0,0.9033203125,0.71875
2778,1159,1.4403201341629028,0.5071145296096802,-0.28881970047950745,0.7001953125,0.00740814208984375,0.71435546875,0.0,0.8974609375,0.697265625
2779,1157,1.4372973442077637,0.6339672803878784,-0.2908032536506653,0.66943359375,0.0259857177734375,0.7421875,0.0,0.9033203125,0.71875
2780,1160,1.3930859565734863,0.5211873054504395,-0.24329428374767303,0.703125,0.00408935546875,0.7109375,0.0,0.9091796875,0.69677734375
2781,1161,1.412361979484558,0.3658531904220581,-0.2643086612224579,0.70849609375,-0.006572723388671875,0.70556640625,0.0,0.89794921875,0.671875
2782,1159,1.4403201341629028,0.5071145296096802,-0.28881970047950745,0.7001953125,0.00740814208984375,0.71435546875,0.0,0.8974609375,0.697265625
2783,1160,1.3930859565734863,0.5211873054504395,-0.24329428374767303,0.703125,0.00408935546875,0.7109375,0.0,0.9091796875,0.69677734375
2784,1161,1.412361979484558,0.3658531904220581,-0.2643086612224579,0.70849609375,-0.006572723388671875,0.70556640625,0.0,0.89794921875,0.671875
2785,1160,1.3930859565734863,0.5211873054504395,-0.24329428374767303,0.703125,0.00408935546875,0.7109375,0.0,0.9091796875,0.69677734375
2786,1162,1.3544368743896484,0.38135626912117004,-0.20245544612407684,0.7080078125,-0.0066070556640625,0.7060546875,0.0,0.91259765625,0.67041015625
2787,1163,1.3899035453796387,0.18506383895874023,-0.2396170049905777,0.69482421875,-0.0025081634521484375,0.71923828125,0.0,0.8955078125,0.6396484375
2788,1161,1.412361979484558,0.3658531904220581,-0.2643086612224579,0.70849609375,-0.006572723388671875,0.70556640625,0.0,0.89794921875,0.671875
2789,1162,1.3544368743896484,0.38135626912117004,-0.20245544612407684,0.7080078125,-0.0066070556640625,0.7060546875,0.0,0.91259765625,0.67041015625
2790,1163,1.3899035453796387,0.18506383895874023,-0.2396170049905777,0.69482421875,-0.0025081634521484375,0.71923828125,0.0,0.8955078125,0.6396484375
2791,1162,1.3544368743896484,0.38135626912117004,-0.20245544612407684,0.7080078125,-0.0066070556640625,0.7060546875,0.0,0.91259765625,0.67041015625
2792,1164,1.3181208372116089,0.20693641901016235,-0.17210789024829865,0.69580078125,-0.002819061279296875,0.71826171875,0.0,0.9130859375,0.63916015625
2793,1165,1.3028424978256226,0.058096032589673996,-0.1574268341064453,0.685546875,0.0014562606811523438,0.72802734375,0.0,0.91015625,0.61279296875
2794,1163,1.3899035453796387,0.18506383895874023,-0.2396170049905777,0.69482421875,-0.0025081634521484375,0.71923828125,0.0,0.8955078125,0.6396484375
2795,1164,1.3181208372116089,0.20693641901016235,-0.17210789024829865,0.69580078125,-0.002819061279296875,0.71826171875,0.0,0.9130859375,0.63916015625
2796,1165,1.3028424978256226,0.058096032589673996,-0.1574268341064453,0.685546875,0.0014562606811523438,0.72802734375,0.0,0.91015625,0.61279296875
2797,1166,1.3853238821029663,0.032967377454042435,-0.2350078970193863,0.685546875,0.0014562606811523438,0.72802734375,0.0,0.89013671875,0.61328125
2798,1163,1.3899035453796387,0.18506383895874023,-0.2396170049905777,0.69482421875,-0.0025081634521484375,0.71923828125,0.0,0.8955078125,0.6396484375
2799,1166,1.3853238821029663,0.032967377454042435,-0.2350078970193863,0.685546875,0.0014562606811523438,0.72802734375,0.0,0.89013671875,0.61328125
2800,1165,1.3028424978256226,0.058096032589673996,-0.1574268341064453,0.685546875,0.0014562606811523438,0.72802734375,0.0,0.91015625,0.61279296875
2801,1167,1.2987877130508423,0.0,-0.153494194149971,0.685546875,0.0014581680297851562,0.72802734375,0.0,0.90869140625,0.6025390625
2802,1166,1.3853238821029663,0.032967377454042435,-0.2350078970193863,0.685546875,0.0014562606811523438,0.72802734375,0.0,0.89013671875,0.61328125
2803,1167,1.2987877130508423,0.0,-0.153494194149971,0.685546875,0.0014581680297851562,0.72802734375,0.0,0.90869140625,0.6025390625
2804,1168,1.38518226146698,0.0,-0.23480868339538574,0.685546875,0.0014581680297851562,0.72802734375,0.0,0.888671875,0.60791015625
2805,1169,1.8199498653411865,1.4740252494812012,-0.7962626218795776,0.64697265625,0.0180816650390625,0.76220703125,0.0,0.57421875,0.279052734375
2806,1170,1.6817355155944824,1.145329236984253,-0.6711974740028381,0.66650390625,0.0184783935546875,0.7451171875,0.0,0.59326171875,0.2149658203125
2807,1171,1.7136389017105103,1.1338088512420654,-0.6979929804801941,0.6640625,0.0184326171875,0.7470703125,0.0,0.58544921875,0.214599609375
2808,1170,1.6817355155944824,1.145329236984253,-0.6711974740028381,0.66650390625,0.0184783935546875,0.7451171875,0.0,0.59326171875,0.2149658203125
2809,1172,1.6749777793884277,0.9445987343788147,-0.6598591208457947,0.69970703125,0.0036029815673828125,0.71435546875,0.0,0.587890625,0.1798095703125
2810,1171,1.7136389017105103,1.1338088512420654,-0.6979929804801941,0.6640625,0.0184326171875,0.7470703125,0.0,0.58544921875,0.214599609375
2811,1170,1.6817355155944824,1.145329236984253,-0.6711974740028381,0.66650390625,0.0184783935546875,0.7451171875,0.0,0.59326171875,0.2149658203125
2812,1173,1.6277109384536743,0.9583817720413208,-0.6142986416816711,0.7021484375,0.002178192138671875,0.71240234375,0.0,0.599609375,0.1795654296875
2813,1172,1.6749777793884277,0.9445987343788147,-0.6598591208457947,0.69970703125,0.0036029815673828125,0.71435546875,0.0,0.587890625,0.1798095703125
2814,1173,1.6277109384536743,0.9583817720413208,-0.6142986416816711,0.7021484375,0.002178192138671875,0.71240234375,0.0,0.599609375,0.1795654296875
2815,1174,1.6354764699935913,0.7161275148391724,-0.6243111491203308,0.708984375,-0.00582122802734375,0.70556640625,0.0,0.587890625,0.13818359375
2816,1172,1.6749777793884277,0.9445987343788147,-0.6598591208457947,0.69970703125,0.0036029815673828125,0.71435546875,0.0,0.587890625,0.1798095703125
2817,1173,1.6277109384536743,0.9583817720413208,-0.6142986416816711,0.7021484375,0.002178192138671875,0.71240234375,0.0,0.599609375,0.1795654296875
2818,1175,1.5772994756698608,0.7297219634056091,-0.5622162222862244,0.70849609375,-0.00579833984375,0.7060546875,0.0,0.60302734375,0.1365966796875
2819,1174,1.6354764699935913,0.7161275148391724,-0.6243111491203308,0.708984375,-0.00582122802734375,0.70556640625,0.0,0.587890625,0.13818359375
2820,1175,1.5772994756698608,0.7297219634056091,-0.5622162222862244,0.70849609375,-0.00579833984375,0.7060546875,0.0,0.60302734375,0.1365966796875
2821,1176,1.5984899997711182,0.4255889356136322,-0.5857224464416504,0.6953125,-0.0019893646240234375,0.71875,0.0,0.58251953125,0.08758544921875
2822,1174,1.6354764699935913,0.7161275148391724,-0.6243111491203308,0.708984375,-0.00582122802734375,0.70556640625,0.0,0.587890625,0.13818359375
2823,1175,1.5772994756698608,0.7297219634056091,-0.5622162222862244,0.70849609375,-0.00579833984375,0.7060546875,0.0,0.60302734375,0.1365966796875
2824,1177,1.5267075300216675,0.44746148586273193,-0.5182134509086609,0.69580078125,-0.00222015380859375,0.71826171875,0.0,0.599609375,0.08673095703125
2825,1176,1.5984899997711182,0.4255889356136322,-0.5857224464416504,0.6953125,-0.0019893646240234375,0.71875,0.0,0.58251953125,0.08758544921875
2826,1178,1.499577283859253,0.2090657502412796,-0.49219411611557007,0.685546875,0.0014295578002929688,0.72802734375,0.0,0.5966796875,0.04583740234375
2827,1176,1.5984899997711182,0.4255889356136322,-0.5857224464416504,0.6953125,-0.0019893646240234375,0.71875,0.0,0.58251953125,0.08758544921875
2828,1177,1.5267075300216675,0.44746148586273193,-0.5182134509086609,0.69580078125,-0.00222015380859375,0.71826171875,0.0,0.599609375,0.08673095703125
2829,1178,1.499577283859253,0.2090657502412796,-0.49219411611557007,0.685546875,0.0014295578002929688,0.72802734375,0.0,0.5966796875,0.04583740234375
2830,1179,1.5820587873458862,0.18393708765506744,-0.5697753429412842,0.685546875,0.0014238357543945312,0.72802734375,0.0,0.576171875,0.044921875
2831,1176,1.5984899997711182,0.4255889356136322,-0.5857224464416504,0.6953125,-0.0019893646240234375,0.71875,0.0,0.58251953125,0.08758544921875
2832,1179,1.5820587873458862,0.18393708765506744,-0.5697753429412842,0.685546875,0.0014238357543945312,0.72802734375,0.0,0.576171875,0.044921875
2833,1178,1.499577283859253,0.2090657502412796,-0.49219411611557007,0.685546875,0.0014295578002929688,0.72802734375,0.0,0.5966796875,0.04583740234375
2834,1180,1.4823452234268188,0.0,-0.47560641169548035,0.68505859375,0.0013799667358398438,0.728515625,0.0,0.5966796875,0.01065826416015625
2835,1179,1.5820587873458862,0.18393708765506744,-0.5697753429412842,0.685546875,0.0014238357543945312,0.72802734375,0.0,0.576171875,0.044921875
2836,1180,1.4823452234268188,0.0,-0.47560641169548035,0.68505859375,0.0013799667358398438,0.728515625,0.0,0.5966796875,0.01065826416015625
2837,1181,1.5725840330123901,0.0,-0.5604895949363708,0.68505859375,0.0013799667358398438,0.728515625,0.0,0.57421875,0.0112762451171875
2838,1182,0.4578348398208618,0.6295956969261169,-1.6105403900146484,-0.89208984375,0.12078857421875,-0.435546875,0.0,0.1845703125,0.8076171875
2839,1183,0.3382714092731476,0.4991893172264099,-1.4017813205718994,-0.89208984375,0.1171875,-0.4365234375,0.0,0.162109375,0.763671875
2840,1184,0.3136393427848816,0.5332399010658264,-1.3418810367584229,-0.89208984375,0.11566162109375,-0.43701171875,0.0,0.1490478515625,0.76220703125
2841,1184,0.3136393427848816,0.5332399010658264,-1.3418810367584229,-0.89208984375,0.11566162109375,-0.43701171875,0.0,0.1490478515625,0.76220703125
2842,1183,0.3382714092731476,0.4991893172264099,-1.4017813205718994,-0.89208984375,0.1171875,-0.4365234375,0.0,0.162109375,0.763671875
2843,1185,0.26057785749435425,0.32531416416168213,-1.2881743907928467,-0.8916015625,0.1146240234375,-0.437744140625,0.0,0.1591796875,0.72412109375
2844,1184,0.3136393427848816,0.5332399010658264,-1.3418810367584229,-0.89208984375,0.11566162109375,-0.43701171875,0.0,0.1490478515625,0.76220703125
2845,1185,0.26057785749435425,0.32531416416168213,-1.2881743907928467,-0.8916015625,0.1146240234375,-0.437744140625,0.0,0.1591796875,0.72412109375
2846,1186,0.22189712524414062,0.34704864025115967,-1.2043101787567139,-0.8916015625,0.11456298828125,-0.437744140625,0.0,0.1435546875,0.71826171875
2847,1186,0.22189712524414062,0.34704864025115967,-1.2043101787567139,-0.8916015625,0.11456298828125,-0.437744140625,0.0,0.1435546875,0.71826171875
2848,1185,0.26057785749435425,0.32531416416168213,-1.2881743907928467,-0.8916015625,0.1146240234375,-0.437744140625,0.0,0.1591796875,0.72412109375
2849,1187,0.21938979625701904,0.1557859182357788,-1.2492176294326782,-0.892578125,0.110595703125,-0.4375,0.0,0.1673583984375,0.69482421875
2850,1186,0.22189712524414062,0.34704864025115967,-1.2043101787567139,-0.8916015625,0.11456298828125,-0.437744140625,0.0,0.1435546875,0.71826171875
2851,1187,0.21938979625701904,0.1557859182357788,-1.2492176294326782,-0.892578125,0.110595703125,-0.4375,0.0,0.1673583984375,0.69482421875
2852,1188,0.16361850500106812,0.1557859182357788,-1.1351680755615234,-0.892578125,0.109375,-0.437255859375,0.0,0.149169921875,0.6826171875
2853,1188,0.16361850500106812,0.1557859182357788,-1.1351680755615234,-0.892578125,0.109375,-0.437255859375,0.0,0.149169921875,0.6826171875
2854,1187,0.21938979625701904,0.1557859182357788,-1.2492176294326782,-0.892578125,0.110595703125,-0.4375,0.0,0.1673583984375,0.69482421875
2855,1189,0.2040390521287918,0.0,-1.2555928230285645,-0.89306640625,0.10589599609375,-0.436767578125,0.0,0.1824951171875,0.67236328125
2856,1188,0.16361850500106812,0.1557859182357788,-1.1351680755615234,-0.892578125,0.109375,-0.437255859375,0.0,0.149169921875,0.6826171875
2857,1189,0.2040390521287918,0.0,-1.2555928230285645,-0.89306640625,0.10589599609375,-0.436767578125,0.0,0.1824951171875,0.67236328125
2858,1190,0.14246296882629395,1.776356799695581e-17,-1.1296746730804443,-0.89306640625,0.10589599609375,-0.436767578125,0.0,0.1617431640625,0.658203125
2859,1191,1.088239073753357,0.9645581841468811,-1.0070875883102417,0.97900390625,-0.023895263671875,-0.201416015625,0.0,0.3994140625,0.69287109375
2860,1192,1.1013892889022827,0.6954231262207031,-0.9112209677696228,0.97900390625,-0.023895263671875,-0.201416015625,0.0,0.41650390625,0.64599609375
2861,1193,1.0901942253112793,0.6946274638175964,-0.9655535817146301,0.97900390625,-0.023895263671875,-0.201416015625,0.0,0.40673828125,0.64599609375
2862,1192,1.1013892889022827,0.6954231262207031,-0.9112209677696228,0.97900390625,-0.023895263671875,-0.201416015625,0.0,0.41650390625,0.64599609375
2863,1194,1.0851935148239136,0.4405079185962677,-0.9597434997558594,0.97900390625,-0.023895263671875,-0.201416015625,0.0,0.40771484375,0.60107421875
2864,1193,1.0901942253112793,0.6946274638175964,-0.9655535817146301,0.97900390625,-0.023895263671875,-0.201416015625,0.0,0.40673828125,0.64599609375
2865,1192,1.1013892889022827,0.6954231262207031,-0.9112209677696228,0.97900390625,-0.023895263671875,-0.201416015625,0.0,0.41650390625,0.64599609375
2866,1195,1.1014574766159058,0.4416669011116028,-0.8807785511016846,0.97900390625,-0.023895263671875,-0.201416015625,0.0,0.421875,0.6015625
2867,1194,1.0851935148239136,0.4405079185962677,-0.9597434997558594,0.97900390625,-0.023895263671875,-0.201416015625,0.0,0.40771484375,0.60107421875
2868,1196,1.0980077981948853,0.25672009587287903,-0.8756043314933777,0.97900390625,-0.02392578125,-0.2012939453125,0.0,0.422607421875,0.56884765625
2869,1194,1.0851935148239136,0.4405079185962677,-0.9597434997558594,0.97900390625,-0.023895263671875,-0.201416015625,0.0,0.40771484375,0.60107421875
2870,1195,1.1014574766159058,0.4416669011116028,-0.8807785511016846,0.97900390625,-0.023895263671875,-0.201416015625,0.0,0.421875,0.6015625
2871,1196,1.0980077981948853,0.25672009587287903,-0.8756043314933777,0.97900390625,-0.02392578125,-0.2012939453125,0.0,0.422607421875,0.56884765625
2872,1197,1.0795953273773193,0.2554094195365906,-0.9649878740310669,0.97900390625,-0.02392578125,-0.2012939453125,0.0,0.40673828125,0.56884765625
2873,1194,1.0851935148239136,0.4405079185962677,-0.9597434997558594,0.97900390625,-0.023895263671875,-0.201416015625,0.0,0.40771484375,0.60107421875
2874,1198,1.0941530466079712,0.13769468665122986,-0.8801495432853699,0.97900390625,-0.023895263671875,-0.2012939453125,0.0,0.421875,0.54833984375
2875,1197,1.0795953273773193,0.2554094195365906,-0.9649878740310669,0.97900390625,-0.02392578125,-0.2012939453125,0.0,0.40673828125,0.56884765625
2876,1196,1.0980077981948853,0.25672009587287903,-0.8756043314933777,0.97900390625,-0.02392578125,-0.2012939453125,0.0,0.422607421875,0.56884765625
2877,1198,1.0941530466079712,0.13769468665122986,-0.8801495432853699,0.97900390625,-0.023895263671875,-0.2012939453125,0.0,0.421875,0.54833984375
2878,1199,1.0750614404678345,0.13624602556228638,-0.9728921055793762,0.97900390625,-0.0238800048828125,-0.2012939453125,0.0,0.4052734375,0.5478515625
2879,1197,1.0795953273773193,0.2554094195365906,-0.9649878740310669,0.97900390625,-0.02392578125,-0.2012939453125,0.0,0.40673828125,0.56884765625
2880,1200,1.0897746086120605,0.03959449380636215,-0.8898874521255493,0.97900390625,-0.0233612060546875,-0.2015380859375,0.0,0.419921875,0.53076171875
2881,1199,1.0750614404678345,0.13624602556228638,-0.9728921055793762,0.97900390625,-0.0238800048828125,-0.2012939453125,0.0,0.4052734375,0.5478515625
2882,1198,1.0941530466079712,0.13769468665122986,-0.8801495432853699,0.97900390625,-0.023895263671875,-0.2012939453125,0.0,0.421875,0.54833984375
2883,1200,1.0897746086120605,0.03959449380636215,-0.8898874521255493,0.97900390625,-0.0233612060546875,-0.2015380859375,0.0,0.419921875,0.53076171875
2884,1201,1.069884181022644,0.03817802295088768,-0.9864456653594971,0.97900390625,-0.023193359375,-0.2015380859375,0.0,0.40283203125,0.53076171875
2885,1199,1.0750614404678345,0.13624602556228638,-0.9728921055793762,0.97900390625,-0.0238800048828125,-0.2012939453125,0.0,0.4052734375,0.5478515625
2886,1201,1.069884181022644,0.03817802295088768,-0.9864456653594971,0.97900390625,-0.023193359375,-0.2015380859375,0.0,0.40283203125,0.53076171875
2887,1200,1.0897746086120605,0.03959449380636215,-0.8898874521255493,0.97900390625,-0.0233612060546875,-0.2015380859375,0.0,0.419921875,0.53076171875
2888,1202,1.087286114692688,0.0,-0.8979619145393372,0.97900390625,-0.022003173828125,-0.2020263671875,0.0,0.41845703125,0.52392578125
2889,1201,1.069884181022644,0.03817802295088768,-0.9864456653594971,0.97900390625,-0.023193359375,-0.2015380859375,0.0,0.40283203125,0.53076171875
2890,1202,1.087286114692688,0.0,-0.8979619145393372,0.97900390625,-0.022003173828125,-0.2020263671875,0.0,0.41845703125,0.52392578125
2891,1203,1.067341923713684,0.0,-0.9942790865898132,0.97900390625,-0.022003173828125,-0.2020263671875,0.0,0.4013671875,0.52392578125
2892,1204,0.01071321964263916,0.10165208578109741,-1.2882353067398071,-0.64990234375,-0.05816650390625,-0.7578125,0.0,0.75048828125,0.7041015625
2893,1205,0.10328175127506256,0.0,-1.3605189323425293,-0.6513671875,-0.054901123046875,-0.7568359375,0.0,0.77783203125,0.703125
2894,1206,-0.0007149598677642643,0.0,-1.271098256111145,-0.6513671875,-0.054901123046875,-0.7568359375,0.0,0.7587890625,0.68798828125
2895,1204,0.01071321964263916,0.10165208578109741,-1.2882353067398071,-0.64990234375,-0.05816650390625,-0.7578125,0.0,0.75048828125,0.7041015625
2896,1207,0.10711724311113358,0.09454274922609329,-1.3707504272460938,-0.6494140625,-0.059173583984375,-0.75830078125,0.0,0.7685546875,0.71728515625
2897,1205,0.10328175127506256,0.0,-1.3605189323425293,-0.6513671875,-0.054901123046875,-0.7568359375,0.0,0.77783203125,0.703125
2898,1208,0.08348286151885986,0.28826767206192017,-1.3662043809890747,-0.6484375,-0.0628662109375,-0.7587890625,0.0,0.74462890625,0.74169921875
2899,1207,0.10711724311113358,0.09454274922609329,-1.3707504272460938,-0.6494140625,-0.059173583984375,-0.75830078125,0.0,0.7685546875,0.71728515625
2900,1204,0.01071321964263916,0.10165208578109741,-1.2882353067398071,-0.64990234375,-0.05816650390625,-0.7578125,0.0,0.75048828125,0.7041015625
2901,1208,0.08348286151885986,0.28826767206192017,-1.3662043809890747,-0.6484375,-0.0628662109375,-0.7587890625,0.0,0.74462890625,0.74169921875
2902,1209,0.1529204249382019,0.2612411379814148,-1.4227014780044556,-0.6484375,-0.06378173828125,-0.7587890625,0.0,0.759765625,0.74755859375
2903,1207,0.10711724311113358,0.09454274922609329,-1.3707504272460938,-0.6494140625,-0.059173583984375,-0.75830078125,0.0,0.7685546875,0.71728515625
2904,1210,0.21407267451286316,0.4650070071220398,-1.4926522970199585,-0.64892578125,-0.0648193359375,-0.75830078125,0.0,0.75,0.78564453125
2905,1209,0.1529204249382019,0.2612411379814148,-1.4227014780044556,-0.6484375,-0.06378173828125,-0.7587890625,0.0,0.759765625,0.74755859375
2906,1208,0.08348286151885986,0.28826767206192017,-1.3662043809890747,-0.6484375,-0.0628662109375,-0.7587890625,0.0,0.74462890625,0.74169921875
2907,1210,0.21407267451286316,0.4650070071220398,-1.4926522970199585,-0.64892578125,-0.0648193359375,-0.75830078125,0.0,0.75,0.78564453125
2908,1211,0.26143091917037964,0.4273970425128937,-1.5303908586502075,-0.6494140625,-0.06341552734375,-0.7578125,0.0,0.76220703125,0.787109375
2909,1209,0.1529204249382019,0.2612411379814148,-1.4227014780044556,-0.6484375,-0.06378173828125,-0.7587890625,0.0,0.759765625,0.74755859375
2910,1212,0.44774186611175537,0.5442160367965698,-1.6998822689056396,-0.65087890625,-0.060089111328125,-0.7568359375,0.0,0.7841796875,0.83056640625
2911,1211,0.26143091917037964,0.4273970425128937,-1.5303908586502075,-0.6494140625,-0.06341552734375,-0.7578125,0.0,0.76220703125,0.787109375
2912,1210,0.21407267451286316,0.4650070071220398,-1.4926522970199585,-0.64892578125,-0.0648193359375,-0.75830078125,0.0,0.75,0.78564453125
2913,1213,1.9164221286773682,1.1461615562438965,-0.45592519640922546,0.45556640625,-0.02392578125,0.8896484375,0.0,0.57568359375,0.491455078125
2914,1214,1.7991398572921753,0.8432011008262634,-0.40402305126190186,0.45556640625,-0.02392578125,0.8896484375,0.0,0.595703125,0.43701171875
2915,1215,1.8557323217391968,0.8367763161659241,-0.43317168951034546,0.45556640625,-0.02392578125,0.8896484375,0.0,0.58447265625,0.4365234375
2916,1214,1.7991398572921753,0.8432011008262634,-0.40402305126190186,0.45556640625,-0.02392578125,0.8896484375,0.0,0.595703125,0.43701171875
2917,1216,1.833303451538086,0.5421401262283325,-0.42960891127586365,0.45556640625,-0.02392578125,0.8896484375,0.0,0.58544921875,0.384765625
2918,1215,1.8557323217391968,0.8367763161659241,-0.43317168951034546,0.45556640625,-0.02392578125,0.8896484375,0.0,0.58447265625,0.4365234375
2919,1214,1.7991398572921753,0.8432011008262634,-0.40402305126190186,0.45556640625,-0.02392578125,0.8896484375,0.0,0.595703125,0.43701171875
2920,1217,1.7510653734207153,0.5514805316925049,-0.3872476816177368,0.45556640625,-0.02392578125,0.8896484375,0.0,0.6015625,0.385498046875
2921,1216,1.833303451538086,0.5421401262283325,-0.42960891127586365,0.45556640625,-0.02392578125,0.8896484375,0.0,0.58544921875,0.384765625
2922,1218,1.733752965927124,0.33714190125465393,-0.38414764404296875,0.45556640625,-0.0239410400390625,0.8896484375,0.0,0.6025390625,0.347900390625
2923,1216,1.833303451538086,0.5421401262283325,-0.42960891127586365,0.45556640625,-0.02392578125,0.8896484375,0.0,0.58544921875,0.384765625
2924,1217,1.7510653734207153,0.5514805316925049,-0.3872476816177368,0.45556640625,-0.02392578125,0.8896484375,0.0,0.6015625,0.385498046875
2925,1218,1.733752965927124,0.33714190125465393,-0.38414764404296875,0.45556640625,-0.0239410400390625,0.8896484375,0.0,0.6025390625,0.347900390625
2926,1219,1.8268440961837769,0.32656899094581604,-0.4320935606956482,0.45556640625,-0.023956298828125,0.8896484375,0.0,0.583984375,0.346923828125
2927,1216,1.833303451538086,0.5421401262283325,-0.42960891127586365,0.45556640625,-0.02392578125,0.8896484375,0.0,0.58544921875,0.384765625
2928,1220,1.7308132648468018,0.1984053999185562,-0.3863929808139801,0.45556640625,-0.02392578125,0.89013671875,0.0,0.6015625,0.323486328125
2929,1219,1.8268440961837769,0.32656899094581604,-0.4320935606956482,0.45556640625,-0.023956298828125,0.8896484375,0.0,0.583984375,0.346923828125
2930,1218,1.733752965927124,0.33714190125465393,-0.38414764404296875,0.45556640625,-0.0239410400390625,0.8896484375,0.0,0.6025390625,0.347900390625
2931,1220,1.7308132648468018,0.1984053999185562,-0.3863929808139801,0.45556640625,-0.02392578125,0.89013671875,0.0,0.6015625,0.323486328125
2932,1221,1.8274050951004028,0.18733571469783783,-0.436124324798584,0.45556640625,-0.0239105224609375,0.89013671875,0.0,0.58251953125,0.322509765625
2933,1219,1.8268440961837769,0.32656899094581604,-0.4320935606956482,0.45556640625,-0.023956298828125,0.8896484375,0.0,0.583984375,0.346923828125
2934,1222,1.7346556186676025,0.08345002681016922,-0.3914269804954529,0.4560546875,-0.0231781005859375,0.8896484375,0.0,0.599609375,0.303466796875
2935,1221,1.8274050951004028,0.18733571469783783,-0.436124324798584,0.45556640625,-0.0239105224609375,0.89013671875,0.0,0.58251953125,0.322509765625
2936,1220,1.7308132648468018,0.1984053999185562,-0.3863929808139801,0.45556640625,-0.02392578125,0.89013671875,0.0,0.6015625,0.323486328125
2937,1222,1.7346556186676025,0.08345002681016922,-0.3914269804954529,0.4560546875,-0.0231781005859375,0.8896484375,0.0,0.599609375,0.303466796875
2938,1223,1.8352168798446655,0.07203082740306854,-0.44322699308395386,0.4560546875,-0.0229339599609375,0.8896484375,0.0,0.57958984375,0.302490234375
2939,1221,1.8274050951004028,0.18733571469783783,-0.436124324798584,0.45556640625,-0.0239105224609375,0.89013671875,0.0,0.58251953125,0.322509765625
2940,1223,1.8352168798446655,0.07203082740306854,-0.44322699308395386,0.4560546875,-0.0229339599609375,0.8896484375,0.0,0.57958984375,0.302490234375
2941,1222,1.7346556186676025,0.08345002681016922,-0.3914269804954529,0.4560546875,-0.0231781005859375,0.8896484375,0.0,0.599609375,0.303466796875
2942,1224,1.7451833486557007,0.0,-0.39874953031539917,0.456787109375,-0.02191162109375,0.88916015625,0.0,0.5966796875,0.2890625
2943,1223,1.8352168798446655,0.07203082740306854,-0.44322699308395386,0.4560546875,-0.0229339599609375,0.8896484375,0.0,0.57958984375,0.302490234375
2944,1224,1.7451833486557007,0.0,-0.39874953031539917,0.456787109375,-0.02191162109375,0.88916015625,0.0,0.5966796875,0.2890625
2945,1225,1.8443225622177124,0.0,-0.4498227536678314,0.456787109375,-0.02191162109375,0.88916015625,0.0,0.5771484375,0.2900390625
2946,1226,1.733143925666809,1.1097991466522217,-0.49720412492752075,-0.85009765625,0.076904296875,-0.52099609375,0.0,0.75048828125,0.5048828125
2947,1227,1.7717150449752808,0.8231357336044312,-0.6024647355079651,-0.86328125,0.0853271484375,-0.497314453125,0.0,0.76953125,0.45458984375
2948,1228,1.7493914365768433,0.8247040510177612,-0.5658078193664551,-0.8603515625,0.0833740234375,-0.5029296875,0.0,0.76171875,0.454833984375
2949,1227,1.7717150449752808,0.8231357336044312,-0.6024647355079651,-0.86328125,0.0853271484375,-0.497314453125,0.0,0.76953125,0.45458984375
2950,1229,1.7449668645858765,0.6725431680679321,-0.5822871923446655,-0.88525390625,0.0789794921875,-0.4580078125,0.0,0.763671875,0.427978515625
2951,1228,1.7493914365768433,0.8247040510177612,-0.5658078193664551,-0.8603515625,0.0833740234375,-0.5029296875,0.0,0.76171875,0.454833984375
2952,1227,1.7717150449752808,0.8231357336044312,-0.6024647355079651,-0.86328125,0.0853271484375,-0.497314453125,0.0,0.76953125,0.45458984375
2953,1230,1.775610327720642,0.6673234701156616,-0.6415424942970276,-0.88818359375,0.07696533203125,-0.45263671875,0.0,0.775390625,0.427001953125
2954,1229,1.7449668645858765,0.6725431680679321,-0.5822871923446655,-0.88525390625,0.0789794921875,-0.4580078125,0.0,0.763671875,0.427978515625
2955,1230,1.775610327720642,0.6673234701156616,-0.6415424942970276,-0.88818359375,0.07696533203125,-0.45263671875,0.0,0.775390625,0.427001953125
2956,1231,1.7364684343338013,0.4914458394050598,-0.59018474817276,-0.8935546875,0.07012939453125,-0.443603515625,0.0,0.763671875,0.396240234375
2957,1229,1.7449668645858765,0.6725431680679321,-0.5822871923446655,-0.88525390625,0.0789794921875,-0.4580078125,0.0,0.763671875,0.427978515625
2958,1230,1.775610327720642,0.6673234701156616,-0.6415424942970276,-0.88818359375,0.07696533203125,-0.45263671875,0.0,0.775390625,0.427001953125
2959,1232,1.7716846466064453,0.48204097151756287,-0.668186604976654,-0.89306640625,0.06988525390625,-0.444580078125,0.0,0.77880859375,0.394287109375
2960,1231,1.7364684343338013,0.4914458394050598,-0.59018474817276,-0.8935546875,0.07012939453125,-0.443603515625,0.0,0.763671875,0.396240234375
2961,1232,1.7716846466064453,0.48204097151756287,-0.668186604976654,-0.89306640625,0.06988525390625,-0.444580078125,0.0,0.77880859375,0.394287109375
2962,1233,1.7155859470367432,0.2649521827697754,-0.5900041460990906,-0.884765625,0.06964111328125,-0.4609375,0.0,0.76171875,0.3564453125
2963,1231,1.7364684343338013,0.4914458394050598,-0.59018474817276,-0.8935546875,0.07012939453125,-0.443603515625,0.0,0.763671875,0.396240234375
2964,1232,1.7716846466064453,0.48204097151756287,-0.668186604976654,-0.89306640625,0.06988525390625,-0.444580078125,0.0,0.77880859375,0.394287109375
2965,1234,1.7628095149993896,0.25785601139068604,-0.6785663366317749,-0.884765625,0.06964111328125,-0.4609375,0.0,0.779296875,0.35498046875
2966,1233,1.7155859470367432,0.2649521827697754,-0.5900041460990906,-0.884765625,0.06964111328125,-0.4609375,0.0,0.76171875,0.3564453125
2967,1233,1.7155859470367432,0.2649521827697754,-0.5900041460990906,-0.884765625,0.06964111328125,-0.4609375,0.0,0.76171875,0.3564453125
2968,1234,1.7628095149993896,0.25785601139068604,-0.6785663366317749,-0.884765625,0.06964111328125,-0.4609375,0.0,0.779296875,0.35498046875
2969,1235,1.7445746660232544,0.07326797395944595,-0.6721588969230652,-0.8779296875,0.07025146484375,-0.4736328125,0.0,0.7763671875,0.322509765625
2970,1233,1.7155859470367432,0.2649521827697754,-0.5900041460990906,-0.884765625,0.06964111328125,-0.4609375,0.0,0.76171875,0.3564453125
2971,1235,1.7445746660232544,0.07326797395944595,-0.6721588969230652,-0.8779296875,0.07025146484375,-0.4736328125,0.0,0.7763671875,0.322509765625
2972,1236,1.690310001373291,0.08143109083175659,-0.5703893899917603,-0.8779296875,0.07025146484375,-0.4736328125,0.0,0.75634765625,0.32421875
2973,1236,1.690310001373291,0.08143109083175659,-0.5703893899917603,-0.8779296875,0.07025146484375,-0.4736328125,0.0,0.75634765625,0.32421875
2974,1235,1.7445746660232544,0.07326797395944595,-0.6721588969230652,-0.8779296875,0.07025146484375,-0.4736328125,0.0,0.7763671875,0.322509765625
2975,1237,1.7360632419586182,0.0,-0.6672570705413818,-0.8779296875,0.07025146484375,-0.4736328125,0.0,0.77490234375,0.309814453125
2976,1236,1.690310001373291,0.08143109083175659,-0.5703893899917603,-0.8779296875,0.07025146484375,-0.4736328125,0.0,0.75634765625,0.32421875
2977,1237,1.7360632419586182,0.0,-0.6672570705413818,-0.8779296875,0.07025146484375,-0.4736328125,0.0,0.77490234375,0.309814453125
2978,1238,1.6779264211654663,0.0,-0.5595201253890991,-0.8779296875,0.07025146484375,-0.4736328125,0.0,0.75341796875,0.31005859375
2979,1239,2.0304067134857178,1.0054290294647217,-0.2552415430545807,0.08013916015625,-0.02728271484375,0.99658203125,0.0,0.61474609375,0.66845703125
2980,1240,1.902194619178772,0.7400282621383667,-0.252195805311203,0.0802001953125,-0.0272979736328125,0.99658203125,0.0,0.63427734375,0.62109375
2981,1241,1.9656323194503784,0.7344037294387817,-0.25745323300361633,0.0802001953125,-0.0272979736328125,0.99658203125,0.0,0.623046875,0.62060546875
2982,1240,1.902194619178772,0.7400282621383667,-0.252195805311203,0.0802001953125,-0.0272979736328125,0.99658203125,0.0,0.63427734375,0.62109375
2983,1242,1.9435466527938843,0.47629690170288086,-0.2627508342266083,0.0802001953125,-0.0272979736328125,0.99658203125,0.0,0.6240234375,0.5751953125
2984,1241,1.9656323194503784,0.7344037294387817,-0.25745323300361633,0.0802001953125,-0.0272979736328125,0.99658203125,0.0,0.623046875,0.62060546875
2985,1240,1.902194619178772,0.7400282621383667,-0.252195805311203,0.0802001953125,-0.0272979736328125,0.99658203125,0.0,0.63427734375,0.62109375
2986,1243,1.8513518571853638,0.4844784438610077,-0.2551032304763794,0.0802001953125,-0.0272979736328125,0.99658203125,0.0,0.640625,0.57568359375
2987,1242,1.9435466527938843,0.47629690170288086,-0.2627508342266083,0.0802001953125,-0.0272979736328125,0.99658203125,0.0,0.6240234375,0.5751953125
2988,1244,1.8341726064682007,0.29671710729599,-0.2588667869567871,0.08013916015625,-0.0273590087890625,0.99658203125,0.0,0.6416015625,0.54248046875
2989,1242,1.9435466527938843,0.47629690170288086,-0.2627508342266083,0.0802001953125,-0.0272979736328125,0.99658203125,0.0,0.6240234375,0.5751953125
2990,1243,1.8513518571853638,0.4844784438610077,-0.2551032304763794,0.0802001953125,-0.0272979736328125,0.99658203125,0.0,0.640625,0.57568359375
2991,1244,1.8341726064682007,0.29671710729599,-0.2588667869567871,0.08013916015625,-0.0273590087890625,0.99658203125,0.0,0.6416015625,0.54248046875
2992,1245,1.9385290145874023,0.2874548137187958,-0.26752060651779175,0.08013916015625,-0.0273590087890625,0.99658203125,0.0,0.623046875,0.5419921875
2993,1242,1.9435466527938843,0.47629690170288086,-0.2627508342266083,0.0802001953125,-0.0272979736328125,0.99658203125,0.0,0.6240234375,0.5751953125
2994,1246,1.8323203325271606,0.17517606914043427,-0.2620741128921509,0.080078125,-0.0273284912109375,0.99658203125,0.0,0.640625,0.52099609375
2995,1245,1.9385290145874023,0.2874548137187958,-0.26752060651779175,0.08013916015625,-0.0273590087890625,0.99658203125,0.0,0.623046875,0.5419921875
2996,1244,1.8341726064682007,0.29671710729599,-0.2588667869567871,0.08013916015625,-0.0273590087890625,0.99658203125,0.0,0.6416015625,0.54248046875
2997,1246,1.8323203325271606,0.17517606914043427,-0.2620741128921509,0.080078125,-0.0273284912109375,0.99658203125,0.0,0.640625,0.52099609375
2998,1247,1.9405959844589233,0.16548149287700653,-0.27103209495544434,0.080078125,-0.027313232421875,0.99658203125,0.0,0.62109375,0.5205078125
2999,1245,1.9385290145874023,0.2874548137187958,-0.26752060651779175,0.08013916015625,-0.0273590087890625,0.99658203125,0.0,0.623046875,0.5419921875
3000,1248,1.837799310684204,0.07447748631238937,-0.26525238156318665,0.08062744140625,-0.0264434814453125,0.99658203125,0.0,0.63818359375,0.50341796875
3001,1247,1.9405959844589233,0.16548149287700653,-0.27103209495544434,0.080078125,-0.027313232421875,0.99658203125,0.0,0.62109375,0.5205078125
3002,1246,1.8323203325271606,0.17517606914043427,-0.2620741128921509,0.080078125,-0.0273284912109375,0.99658203125,0.0,0.640625,0.52099609375
3003,1248,1.837799310684204,0.07447748631238937,-0.26525238156318665,0.08062744140625,-0.0264434814453125,0.99658203125,0.0,0.63818359375,0.50341796875
3004,1249,1.9505290985107422,0.06447015702724457,-0.2745983898639679,0.080810546875,-0.026153564453125,0.99658203125,0.0,0.61865234375,0.5029296875
3005,1247,1.9405959844589233,0.16548149287700653,-0.27103209495544434,0.080078125,-0.027313232421875,0.99658203125,0.0,0.62109375,0.5205078125
3006,1249,1.9505290985107422,0.06447015702724457,-0.2745983898639679,0.080810546875,-0.026153564453125,0.99658203125,0.0,0.61865234375,0.5029296875
3007,1248,1.837799310684204,0.07447748631238937,-0.26525238156318665,0.08062744140625,-0.0264434814453125,0.99658203125,0.0,0.63818359375,0.50341796875
3008,1250,1.8505632877349854,0.0,-0.2680354416370392,0.08154296875,-0.0250244140625,0.99658203125,0.0,0.63525390625,0.49072265625
3009,1249,1.9505290985107422,0.06447015702724457,-0.2745983898639679,0.080810546875,-0.026153564453125,0.99658203125,0.0,0.61865234375,0.5029296875
3010,1250,1.8505632877349854,0.0,-0.2680354416370392,0.08154296875,-0.0250244140625,0.99658203125,0.0,0.63525390625,0.49072265625
3011,1251,1.9617061614990234,0.0,-0.2772645652294159,0.08154296875,-0.0250244140625,0.99658203125,0.0,0.61572265625,0.491943359375
3012,1252,0.789203405380249,0.7493717670440674,-1.4023908376693726,0.85107421875,-0.0616455078125,-0.52099609375,0.0,0.6630859375,0.869140625
3013,1253,0.8618878722190857,0.5828500390052795,-1.263938069343567,0.83544921875,-0.056365966796875,-0.546875,0.0,0.68212890625,0.833984375
3014,1254,0.8394789099693298,0.5725300312042236,-1.2993301153182983,0.83984375,-0.057830810546875,-0.53955078125,0.0,0.6748046875,0.833984375
3015,1253,0.8618878722190857,0.5828500390052795,-1.263938069343567,0.83544921875,-0.056365966796875,-0.546875,0.0,0.68212890625,0.833984375
3016,1255,0.8543714880943298,0.4716658294200897,-1.2642974853515625,0.8115234375,-0.07611083984375,-0.57958984375,0.0,0.6767578125,0.81494140625
3017,1254,0.8394789099693298,0.5725300312042236,-1.2993301153182983,0.83984375,-0.057830810546875,-0.53955078125,0.0,0.6748046875,0.833984375
3018,1253,0.8618878722190857,0.5828500390052795,-1.263938069343567,0.83544921875,-0.056365966796875,-0.546875,0.0,0.68212890625,0.833984375
3019,1256,0.8930439352989197,0.4850441515445709,-1.21116042137146,0.80810546875,-0.080322265625,-0.58349609375,0.0,0.6884765625,0.814453125
3020,1255,0.8543714880943298,0.4716658294200897,-1.2642974853515625,0.8115234375,-0.07611083984375,-0.57958984375,0.0,0.6767578125,0.81494140625
3021,1256,0.8930439352989197,0.4850441515445709,-1.21116042137146,0.80810546875,-0.080322265625,-0.58349609375,0.0,0.6884765625,0.814453125
3022,1257,0.8631472587585449,0.3490716516971588,-1.2305004596710205,0.80322265625,-0.091796875,-0.58837890625,0.0,0.6767578125,0.79296875
3023,1255,0.8543714880943298,0.4716658294200897,-1.2642974853515625,0.8115234375,-0.07611083984375,-0.57958984375,0.0,0.6767578125,0.81494140625
3024,1256,0.8930439352989197,0.4850441515445709,-1.21116042137146,0.80810546875,-0.080322265625,-0.58349609375,0.0,0.6884765625,0.814453125
3025,1258,0.9163658618927002,0.3635675609111786,-1.1643741130828857,0.8037109375,-0.09185791015625,-0.587890625,0.0,0.69189453125,0.79150390625
3026,1257,0.8631472587585449,0.3490716516971588,-1.2305004596710205,0.80322265625,-0.091796875,-0.58837890625,0.0,0.6767578125,0.79296875
3027,1258,0.9163658618927002,0.3635675609111786,-1.1643741130828857,0.8037109375,-0.09185791015625,-0.587890625,0.0,0.69189453125,0.79150390625
3028,1259,0.869850218296051,0.19148403406143188,-1.2013554573059082,0.81494140625,-0.08782958984375,-0.5732421875,0.0,0.67431640625,0.7646484375
3029,1257,0.8631472587585449,0.3490716516971588,-1.2305004596710205,0.80322265625,-0.091796875,-0.58837890625,0.0,0.6767578125,0.79296875
3030,1258,0.9163658618927002,0.3635675609111786,-1.1643741130828857,0.8037109375,-0.09185791015625,-0.587890625,0.0,0.69189453125,0.79150390625
3031,1260,0.9270153641700745,0.21234023571014404,-1.1208640336990356,0.81396484375,-0.088134765625,-0.57373046875,0.0,0.6923828125,0.76416015625
3032,1259,0.869850218296051,0.19148403406143188,-1.2013554573059082,0.81494140625,-0.08782958984375,-0.5732421875,0.0,0.67431640625,0.7646484375
3033,1261,0.9274649620056152,0.08268667757511139,-1.1008919477462769,0.82275390625,-0.08380126953125,-0.5625,0.0,0.689453125,0.7412109375
3034,1259,0.869850218296051,0.19148403406143188,-1.2013554573059082,0.81494140625,-0.08782958984375,-0.5732421875,0.0,0.67431640625,0.7646484375
3035,1260,0.9270153641700745,0.21234023571014404,-1.1208640336990356,0.81396484375,-0.088134765625,-0.57373046875,0.0,0.6923828125,0.76416015625
3036,1261,0.9274649620056152,0.08268667757511139,-1.1008919477462769,0.82275390625,-0.08380126953125,-0.5625,0.0,0.689453125,0.7412109375
3037,1262,0.8617807626724243,0.058716949075460434,-1.1933847665786743,0.82275390625,-0.08380126953125,-0.5625,0.0,0.6689453125,0.7421875
3038,1259,0.869850218296051,0.19148403406143188,-1.2013554573059082,0.81494140625,-0.08782958984375,-0.5732421875,0.0,0.67431640625,0.7646484375
3039,1262,0.8617807626724243,0.058716949075460434,-1.1933847665786743,0.82275390625,-0.08380126953125,-0.5625,0.0,0.6689453125,0.7421875
3040,1261,0.9274649620056152,0.08268667757511139,-1.1008919477462769,0.82275390625,-0.08380126953125,-0.5625,0.0,0.689453125,0.7412109375
3041,1263,0.9253420829772949,0.0,-1.0916804075241089,0.82275390625,-0.08380126953125,-0.5625,0.0,0.6865234375,0.7265625
3042,1262,0.8617807626724243,0.058716949075460434,-1.1933847665786743,0.82275390625,-0.08380126953125,-0.5625,0.0,0.6689453125,0.7421875
3043,1263,0.9253420829772949,0.0,-1.0916804075241089,0.82275390625,-0.08380126953125,-0.5625,0.0,0.6865234375,0.7265625
3044,1264,0.856872022151947,0.0,-1.1918182373046875,0.82275390625,-0.08380126953125,-0.5625,0.0,0.666015625,0.73193359375
3045,1265,1.330834984779358,0.9282403588294983,-1.0427780151367188,-0.888671875,0.08770751953125,0.450439453125,0.0,0.6103515625,0.419677734375
3046,1266,1.2614176273345947,0.6771191954612732,-1.130808711051941,-0.875,0.09747314453125,0.474365234375,0.0,0.591796875,0.464111328125
3047,1267,1.2809311151504517,0.6784943342208862,-1.0925850868225098,-0.87841796875,0.094970703125,0.46826171875,0.0,0.59912109375,0.4638671875
3048,1266,1.2614176273345947,0.6771191954612732,-1.130808711051941,-0.875,0.09747314453125,0.474365234375,0.0,0.591796875,0.464111328125
3049,1268,1.2645788192749023,0.545198380947113,-1.0974597930908203,-0.853515625,0.09002685546875,0.51318359375,0.0,0.59716796875,0.4873046875
3050,1267,1.2809311151504517,0.6784943342208862,-1.0925850868225098,-0.87841796875,0.094970703125,0.46826171875,0.0,0.59912109375,0.4638671875
3051,1266,1.2614176273345947,0.6771191954612732,-1.130808711051941,-0.875,0.09747314453125,0.474365234375,0.0,0.591796875,0.464111328125
3052,1269,1.2301832437515259,0.5406224131584167,-1.154611587524414,-0.85009765625,0.08770751953125,0.51904296875,0.0,0.58544921875,0.48828125
3053,1268,1.2645788192749023,0.545198380947113,-1.0974597930908203,-0.853515625,0.09002685546875,0.51318359375,0.0,0.59716796875,0.4873046875
3054,1269,1.2301832437515259,0.5406224131584167,-1.154611587524414,-0.85009765625,0.08770751953125,0.51904296875,0.0,0.58544921875,0.48828125
3055,1270,1.253395438194275,0.3865576386451721,-1.0943576097488403,-0.845703125,0.0799560546875,0.52783203125,0.0,0.59716796875,0.51513671875
3056,1268,1.2645788192749023,0.545198380947113,-1.0974597930908203,-0.853515625,0.09002685546875,0.51318359375,0.0,0.59716796875,0.4873046875
3057,1269,1.2301832437515259,0.5406224131584167,-1.154611587524414,-0.85009765625,0.08770751953125,0.51904296875,0.0,0.58544921875,0.48828125
3058,1271,1.2054392099380493,0.37832096219062805,-1.1652432680130005,-0.84619140625,0.0797119140625,0.52685546875,0.0,0.58203125,0.51708984375
3059,1270,1.253395438194275,0.3865576386451721,-1.0943576097488403,-0.845703125,0.0799560546875,0.52783203125,0.0,0.59716796875,0.51513671875
3060,1271,1.2054392099380493,0.37832096219062805,-1.1652432680130005,-0.84619140625,0.0797119140625,0.52685546875,0.0,0.58203125,0.51708984375
3061,1272,1.2426071166992188,0.18814516067504883,-1.0764827728271484,-0.85595703125,0.0794677734375,0.51123046875,0.0,0.59912109375,0.55029296875
3062,1270,1.253395438194275,0.3865576386451721,-1.0943576097488403,-0.845703125,0.0799560546875,0.52783203125,0.0,0.59716796875,0.51513671875
3063,1271,1.2054392099380493,0.37832096219062805,-1.1652432680130005,-0.84619140625,0.0797119140625,0.52685546875,0.0,0.58203125,0.51708984375
3064,1273,1.1919441223144531,0.1819273680448532,-1.1631262302398682,-0.85546875,0.0794677734375,0.51123046875,0.0,0.58154296875,0.55126953125
3065,1272,1.2426071166992188,0.18814516067504883,-1.0764827728271484,-0.85595703125,0.0794677734375,0.51123046875,0.0,0.59912109375,0.55029296875
3066,1274,1.1878409385681152,0.020228328183293343,-1.144240379333496,-0.86279296875,0.0802001953125,0.498779296875,0.0,0.58447265625,0.57958984375
3067,1272,1.2426071166992188,0.18814516067504883,-1.0764827728271484,-0.85595703125,0.0794677734375,0.51123046875,0.0,0.59912109375,0.55029296875
3068,1273,1.1919441223144531,0.1819273680448532,-1.1631262302398682,-0.85546875,0.0794677734375,0.51123046875,0.0,0.58154296875,0.55126953125
3069,1274,1.1878409385681152,0.020228328183293343,-1.144240379333496,-0.86279296875,0.0802001953125,0.498779296875,0.0,0.58447265625,0.57958984375
3070,1275,1.246052622795105,0.027375081554055214,-1.0446776151657104,-0.86279296875,0.0802001953125,0.498779296875,0.0,0.60498046875,0.578125
3071,1272,1.2426071166992188,0.18814516067504883,-1.0764827728271484,-0.85595703125,0.0794677734375,0.51123046875,0.0,0.59912109375,0.55029296875
3072,1275,1.246052622795105,0.027375081554055214,-1.0446776151657104,-0.86279296875,0.0802001953125,0.498779296875,0.0,0.60498046875,0.578125
3073,1274,1.1878409385681152,0.020228328183293343,-1.144240379333496,-0.86279296875,0.0802001953125,0.498779296875,0.0,0.58447265625,0.57958984375
3074,1276,1.1877505779266357,0.0,-1.141146183013916,-0.86279296875,0.08013916015625,0.498779296875,0.0,0.5849609375,0.58349609375
3075,1275,1.246052622795105,0.027375081554055214,-1.0446776151657104,-0.86279296875,0.0802001953125,0.498779296875,0.0,0.60498046875,0.578125
3076,1276,1.1877505779266357,0.0,-1.141146183013916,-0.86279296875,0.08013916015625,0.498779296875,0.0,0.5849609375,0.58349609375
3077,1277,1.247113823890686,0.0,-1.038442850112915,-0.86279296875,0.08013916015625,0.498779296875,0.0,0.60595703125,0.5830078125
3078,1278,1.869813323020935,0.9505773782730103,-0.505464494228363,-0.91455078125,0.08770751953125,-0.395263671875,0.0,0.36669921875,0.62109375
3079,1279,1.893119215965271,0.6994562149047852,-0.6151207089424133,-0.92431640625,0.09747314453125,-0.36962890625,0.0,0.385498046875,0.57666015625
3080,1280,1.8762032985687256,0.700831413269043,-0.5756809115409851,-0.921875,0.094970703125,-0.376220703125,0.0,0.3779296875,0.5771484375
3081,1279,1.893119215965271,0.6994562149047852,-0.6151207089424133,-0.92431640625,0.09747314453125,-0.36962890625,0.0,0.385498046875,0.57666015625
3082,1281,1.869497299194336,0.5675354599952698,-0.5913677215576172,-0.9404296875,0.09002685546875,-0.327880859375,0.0,0.3798828125,0.5537109375
3083,1280,1.8762032985687256,0.700831413269043,-0.5756809115409851,-0.921875,0.094970703125,-0.376220703125,0.0,0.3779296875,0.5771484375
3084,1279,1.893119215965271,0.6994562149047852,-0.6151207089424133,-0.92431640625,0.09747314453125,-0.36962890625,0.0,0.385498046875,0.57666015625
3085,1282,1.8914545774459839,0.5629595518112183,-0.65435791015625,-0.94287109375,0.08770751953125,-0.322021484375,0.0,0.3916015625,0.552734375
3086,1281,1.869497299194336,0.5675354599952698,-0.5913677215576172,-0.9404296875,0.09002685546875,-0.327880859375,0.0,0.3798828125,0.5537109375
3087,1282,1.8914545774459839,0.5629595518112183,-0.65435791015625,-0.94287109375,0.08770751953125,-0.322021484375,0.0,0.3916015625,0.552734375
3088,1283,1.8599611520767212,0.40889468789100647,-0.5979846715927124,-0.9462890625,0.08001708984375,-0.312744140625,0.0,0.3798828125,0.52587890625
3089,1281,1.869497299194336,0.5675354599952698,-0.5913677215576172,-0.9404296875,0.09002685546875,-0.327880859375,0.0,0.3798828125,0.5537109375
3090,1282,1.8914545774459839,0.5629595518112183,-0.65435791015625,-0.94287109375,0.08770751953125,-0.322021484375,0.0,0.3916015625,0.552734375
3091,1284,1.8838067054748535,0.40065798163414,-0.6801823377609253,-0.9462890625,0.07977294921875,-0.3134765625,0.0,0.39501953125,0.52392578125
3092,1283,1.8599611520767212,0.40889468789100647,-0.5979846715927124,-0.9462890625,0.08001708984375,-0.312744140625,0.0,0.3798828125,0.52587890625
3093,1284,1.8838067054748535,0.40065798163414,-0.6801823377609253,-0.9462890625,0.07977294921875,-0.3134765625,0.0,0.39501953125,0.52392578125
3094,1285,1.8393163681030273,0.21048220992088318,-0.5948566794395447,-0.9404296875,0.0794677734375,-0.3310546875,0.0,0.377685546875,0.490966796875
3095,1283,1.8599611520767212,0.40889468789100647,-0.5979846715927124,-0.9462890625,0.08001708984375,-0.312744140625,0.0,0.3798828125,0.52587890625
3096,1284,1.8838067054748535,0.40065798163414,-0.6801823377609253,-0.9462890625,0.07977294921875,-0.3134765625,0.0,0.39501953125,0.52392578125
3097,1286,1.8735476732254028,0.20426444709300995,-0.689206600189209,-0.9404296875,0.0794677734375,-0.3310546875,0.0,0.395263671875,0.489501953125
3098,1285,1.8393163681030273,0.21048220992088318,-0.5948566794395447,-0.9404296875,0.0794677734375,-0.3310546875,0.0,0.377685546875,0.490966796875
3099,1285,1.8393163681030273,0.21048220992088318,-0.5948566794395447,-0.9404296875,0.0794677734375,-0.3310546875,0.0,0.377685546875,0.490966796875
3100,1286,1.8735476732254028,0.20426444709300995,-0.689206600189209,-0.9404296875,0.0794677734375,-0.3310546875,0.0,0.395263671875,0.489501953125
3101,1287,1.8564013242721558,0.04256538301706314,-0.68028324842453,-0.935546875,0.08013916015625,-0.3447265625,0.0,0.392578125,0.461181640625
3102,1285,1.8393163681030273,0.21048220992088318,-0.5948566794395447,-0.9404296875,0.0794677734375,-0.3310546875,0.0,0.377685546875,0.490966796875
3103,1287,1.8564013242721558,0.04256538301706314,-0.68028324842453,-0.935546875,0.08013916015625,-0.3447265625,0.0,0.392578125,0.461181640625
3104,1288,1.8170676231384277,0.04971213638782501,-0.5718678832054138,-0.935546875,0.08013916015625,-0.3447265625,0.0,0.372314453125,0.462646484375
3105,1288,1.8170676231384277,0.04971213638782501,-0.5718678832054138,-0.935546875,0.08013916015625,-0.3447265625,0.0,0.372314453125,0.462646484375
3106,1287,1.8564013242721558,0.04256538301706314,-0.68028324842453,-0.935546875,0.08013916015625,-0.3447265625,0.0,0.392578125,0.461181640625
3107,1289,1.851274847984314,0.0,-0.6762673258781433,-0.935546875,0.08013916015625,-0.3447265625,0.0,0.391357421875,0.45361328125
3108,1288,1.8170676231384277,0.04971213638782501,-0.5718678832054138,-0.935546875,0.08013916015625,-0.3447265625,0.0,0.372314453125,0.462646484375
3109,1289,1.851274847984314,0.0,-0.6762673258781433,-0.935546875,0.08013916015625,-0.3447265625,0.0,0.391357421875,0.45361328125
3110,1290,1.8095948696136475,0.0,-0.5631488561630249,-0.935546875,0.08013916015625,-0.3447265625,0.0,0.370361328125,0.453857421875
3111,1291,2.03900146484375,0.9692353010177612,-0.5234775543212891,0.455810546875,-0.0239105224609375,0.8896484375,0.0,0.312255859375,0.6875
3112,1292,1.9501296281814575,0.7001047134399414,-0.4851978123188019,0.45556640625,-0.023895263671875,0.8896484375,0.0,0.329345703125,0.64013671875
3113,1293,1.9994958639144897,0.6993091702461243,-0.5105007290840149,0.45556640625,-0.023895263671875,0.8896484375,0.0,0.319580078125,0.64013671875
3114,1292,1.9501296281814575,0.7001047134399414,-0.4851978123188019,0.45556640625,-0.023895263671875,0.8896484375,0.0,0.329345703125,0.64013671875
3115,1294,1.9925625324249268,0.4451850354671478,-0.513769805431366,0.45556640625,-0.0239105224609375,0.8896484375,0.0,0.320556640625,0.595703125
3116,1293,1.9994958639144897,0.6993091702461243,-0.5105007290840149,0.45556640625,-0.023895263671875,0.8896484375,0.0,0.319580078125,0.64013671875
3117,1292,1.9501296281814575,0.7001047134399414,-0.4851978123188019,0.45556640625,-0.023895263671875,0.8896484375,0.0,0.329345703125,0.64013671875
3118,1295,1.9208106994628906,0.44634854793548584,-0.47700071334838867,0.45556640625,-0.0239105224609375,0.8896484375,0.0,0.33447265625,0.595703125
3119,1294,1.9925625324249268,0.4451850354671478,-0.513769805431366,0.45556640625,-0.0239105224609375,0.8896484375,0.0,0.320556640625,0.595703125
3120,1296,1.9149011373519897,0.2614017724990845,-0.47894400358200073,0.45556640625,-0.02392578125,0.8896484375,0.0,0.33544921875,0.5634765625
3121,1294,1.9925625324249268,0.4451850354671478,-0.513769805431366,0.45556640625,-0.0239105224609375,0.8896484375,0.0,0.320556640625,0.595703125
3122,1295,1.9208106994628906,0.44634854793548584,-0.47700071334838867,0.45556640625,-0.0239105224609375,0.8896484375,0.0,0.33447265625,0.595703125
3123,1296,1.9149011373519897,0.2614017724990845,-0.47894400358200073,0.45556640625,-0.02392578125,0.8896484375,0.0,0.33544921875,0.5634765625
3124,1297,1.9961152076721191,0.26009106636047363,-0.5205656886100769,0.45556640625,-0.02392578125,0.8896484375,0.0,0.3193359375,0.56298828125
3125,1294,1.9925625324249268,0.4451850354671478,-0.513769805431366,0.45556640625,-0.0239105224609375,0.8896484375,0.0,0.320556640625,0.595703125
3126,1298,1.9182546138763428,0.1423763781785965,-0.4838726818561554,0.45556640625,-0.023895263671875,0.8896484375,0.0,0.33447265625,0.54248046875
3127,1297,1.9961152076721191,0.26009106636047363,-0.5205656886100769,0.45556640625,-0.02392578125,0.8896484375,0.0,0.3193359375,0.56298828125
3128,1296,1.9149011373519897,0.2614017724990845,-0.47894400358200073,0.45556640625,-0.02392578125,0.8896484375,0.0,0.33544921875,0.5634765625
3129,1298,1.9182546138763428,0.1423763781785965,-0.4838726818561554,0.45556640625,-0.023895263671875,0.8896484375,0.0,0.33447265625,0.54248046875
3130,1299,2.0025250911712646,0.14092768728733063,-0.5270457863807678,0.45556640625,-0.023895263671875,0.8896484375,0.0,0.31787109375,0.5419921875
3131,1297,1.9961152076721191,0.26009106636047363,-0.5205656886100769,0.45556640625,-0.02392578125,0.8896484375,0.0,0.3193359375,0.56298828125
3132,1300,1.9264665842056274,0.04427617788314819,-0.49069640040397644,0.455810546875,-0.0233306884765625,0.8896484375,0.0,0.332763671875,0.525390625
3133,1299,2.0025250911712646,0.14092768728733063,-0.5270457863807678,0.45556640625,-0.023895263671875,0.8896484375,0.0,0.31787109375,0.5419921875
3134,1298,1.9182546138763428,0.1423763781785965,-0.4838726818561554,0.45556640625,-0.023895263671875,0.8896484375,0.0,0.33447265625,0.54248046875
3135,1300,1.9264665842056274,0.04427617788314819,-0.49069640040397644,0.455810546875,-0.0233306884765625,0.8896484375,0.0,0.332763671875,0.525390625
3136,1301,2.0141990184783936,0.042859699577093124,-0.5356549024581909,0.455810546875,-0.0231475830078125,0.8896484375,0.0,0.3154296875,0.52490234375
3137,1299,2.0025250911712646,0.14092768728733063,-0.5270457863807678,0.45556640625,-0.023895263671875,0.8896484375,0.0,0.31787109375,0.5419921875
3138,1301,2.0141990184783936,0.042859699577093124,-0.5356549024581909,0.455810546875,-0.0231475830078125,0.8896484375,0.0,0.3154296875,0.52490234375
3139,1300,1.9264665842056274,0.04427617788314819,-0.49069640040397644,0.455810546875,-0.0233306884765625,0.8896484375,0.0,0.332763671875,0.525390625
3140,1302,1.9344215393066406,0.0,-0.49578559398651123,0.456298828125,-0.0219573974609375,0.8896484375,0.0,0.3310546875,0.517578125
3141,1301,2.0141990184783936,0.042859699577093124,-0.5356549024581909,0.455810546875,-0.0231475830078125,0.8896484375,0.0,0.3154296875,0.52490234375
3142,1302,1.9344215393066406,0.0,-0.49578559398651123,0.456298828125,-0.0219573974609375,0.8896484375,0.0,0.3310546875,0.517578125
3143,1303,2.021913528442383,0.0,-0.5407552719116211,0.456298828125,-0.0219573974609375,0.8896484375,0.0,0.31396484375,0.517578125
3144,1304,1.8090826272964478,0.9310317635536194,-1.0546475648880005,0.890625,-0.05401611328125,0.451904296875,0.0,0.06597900390625,0.71533203125
3145,1305,1.7292879819869995,0.740943431854248,-0.9201701283454895,0.9033203125,-0.049591064453125,0.426025390625,0.0,0.08636474609375,0.6748046875
3146,1306,1.7476780414581299,0.7291609048843384,-0.9578059315681458,0.90087890625,-0.050537109375,0.431396484375,0.0,0.07818603515625,0.67431640625
3147,1307,1.7256550788879395,0.6140216588973999,-0.9267638921737671,0.919921875,-0.06732177734375,0.38671875,0.0,0.08062744140625,0.65087890625
3148,1306,1.7476780414581299,0.7291609048843384,-0.9578059315681458,0.90087890625,-0.050537109375,0.431396484375,0.0,0.07818603515625,0.67431640625
3149,1305,1.7292879819869995,0.740943431854248,-0.9201701283454895,0.9033203125,-0.049591064453125,0.426025390625,0.0,0.08636474609375,0.6748046875
3150,1307,1.7256550788879395,0.6140216588973999,-0.9267638921737671,0.919921875,-0.06732177734375,0.38671875,0.0,0.08062744140625,0.65087890625
3151,1305,1.7292879819869995,0.740943431854248,-0.9201701283454895,0.9033203125,-0.049591064453125,0.426025390625,0.0,0.08636474609375,0.6748046875
3152,1308,1.7006793022155762,0.6292901635169983,-0.8659703731536865,0.9208984375,-0.0697021484375,0.38330078125,0.0,0.0928955078125,0.65087890625
3153,1309,1.7014704942703247,0.47407102584838867,-0.9015631079673767,0.92333984375,-0.08050537109375,0.3759765625,0.0,0.07977294921875,0.62646484375
3154,1307,1.7256550788879395,0.6140216588973999,-0.9267638921737671,0.919921875,-0.06732177734375,0.38671875,0.0,0.08062744140625,0.65087890625
3155,1308,1.7006793022155762,0.6292901635169983,-0.8659703731536865,0.9208984375,-0.0697021484375,0.38330078125,0.0,0.0928955078125,0.65087890625
3156,1309,1.7014704942703247,0.47407102584838867,-0.9015631079673767,0.92333984375,-0.08050537109375,0.3759765625,0.0,0.07977294921875,0.62646484375
3157,1308,1.7006793022155762,0.6292901635169983,-0.8659703731536865,0.9208984375,-0.0697021484375,0.38330078125,0.0,0.0928955078125,0.65087890625
3158,1310,1.673066258430481,0.4906180799007416,-0.8215844631195068,0.9228515625,-0.08050537109375,0.376220703125,0.0,0.0943603515625,0.625
3159,1311,1.641600251197815,0.31799188256263733,-0.7897034883499146,0.91650390625,-0.077392578125,0.392333984375,0.0,0.09234619140625,0.595703125
3160,1309,1.7014704942703247,0.47407102584838867,-0.9015631079673767,0.92333984375,-0.08050537109375,0.3759765625,0.0,0.07977294921875,0.62646484375
3161,1310,1.673066258430481,0.4906180799007416,-0.8215844631195068,0.9228515625,-0.08050537109375,0.376220703125,0.0,0.0943603515625,0.625
3162,1311,1.641600251197815,0.31799188256263733,-0.7897034883499146,0.91650390625,-0.077392578125,0.392333984375,0.0,0.09234619140625,0.595703125
3163,1312,1.6801717281341553,0.2941785156726837,-0.8805758357048035,0.916015625,-0.076904296875,0.39404296875,0.0,0.07537841796875,0.59619140625
3164,1309,1.7014704942703247,0.47407102584838867,-0.9015631079673767,0.92333984375,-0.08050537109375,0.3759765625,0.0,0.07977294921875,0.62646484375
3165,1313,1.6248315572738647,0.1699838787317276,-0.778850257396698,0.91357421875,-0.06585693359375,0.4013671875,0.0,0.0899658203125,0.572265625
3166,1312,1.6801717281341553,0.2941785156726837,-0.8805758357048035,0.916015625,-0.076904296875,0.39404296875,0.0,0.07537841796875,0.59619140625
3167,1311,1.641600251197815,0.31799188256263733,-0.7897034883499146,0.91650390625,-0.077392578125,0.392333984375,0.0,0.09234619140625,0.595703125
3168,1313,1.6248315572738647,0.1699838787317276,-0.778850257396698,0.91357421875,-0.06585693359375,0.4013671875,0.0,0.0899658203125,0.572265625
3169,1314,1.6691563129425049,0.14262014627456665,-0.8832731246948242,0.9140625,-0.0638427734375,0.400390625,0.0,0.0697021484375,0.56982421875
3170,1312,1.6801717281341553,0.2941785156726837,-0.8805758357048035,0.916015625,-0.076904296875,0.39404296875,0.0,0.07537841796875,0.59619140625
3171,1314,1.6691563129425049,0.14262014627456665,-0.8832731246948242,0.9140625,-0.0638427734375,0.400390625,0.0,0.0697021484375,0.56982421875
3172,1313,1.6248315572738647,0.1699838787317276,-0.778850257396698,0.91357421875,-0.06585693359375,0.4013671875,0.0,0.0899658203125,0.572265625
3173,1315,1.613254189491272,0.0,-0.774944543838501,0.916015625,-0.0577392578125,0.396728515625,0.0,0.08978271484375,0.54296875
3174,1314,1.6691563129425049,0.14262014627456665,-0.8832731246948242,0.9140625,-0.0638427734375,0.400390625,0.0,0.0697021484375,0.56982421875
3175,1315,1.613254189491272,0.0,-0.774944543838501,0.916015625,-0.0577392578125,0.396728515625,0.0,0.08978271484375,0.54296875
3176,1316,1.6620036363601685,0.0,-0.8894192576408386,0.916015625,-0.0577392578125,0.396728515625,0.0,0.06634521484375,0.54296875
3177,1317,1.981621503829956,0.7493717670440674,-1.2244126796722412,0.94482421875,-0.061614990234375,0.321533203125,0.0,0.04656982421875,0.86962890625
3178,1318,1.921633005142212,0.5828500390052795,-1.0800042152404785,0.95458984375,-0.05633544921875,0.292724609375,0.0,0.06561279296875,0.83447265625
3179,1319,1.9345210790634155,0.5725299119949341,-1.1198633909225464,0.9521484375,-0.05780029296875,0.30078125,0.0,0.05804443359375,0.83447265625
3180,1320,1.9171074628829956,0.4716704189777374,-1.0860166549682617,0.96435546875,-0.07611083984375,0.25341796875,0.0,0.059967041015625,0.8154296875
3181,1319,1.9345210790634155,0.5725299119949341,-1.1198633909225464,0.9521484375,-0.05780029296875,0.30078125,0.0,0.05804443359375,0.83447265625
3182,1318,1.921633005142212,0.5828500390052795,-1.0800042152404785,0.95458984375,-0.05633544921875,0.292724609375,0.0,0.06561279296875,0.83447265625
3183,1320,1.9171074628829956,0.4716704189777374,-1.0860166549682617,0.96435546875,-0.07611083984375,0.25341796875,0.0,0.059967041015625,0.8154296875
3184,1318,1.921633005142212,0.5828500390052795,-1.0800042152404785,0.95458984375,-0.05633544921875,0.292724609375,0.0,0.06561279296875,0.83447265625
3185,1321,1.9009753465652466,0.4850441515445709,-1.0223064422607422,0.96533203125,-0.08038330078125,0.248046875,0.0,0.07171630859375,0.81494140625
3186,1322,1.8967254161834717,0.34907156229019165,-1.0576553344726562,0.96630859375,-0.091796875,0.2412109375,0.0,0.060089111328125,0.79296875
3187,1320,1.9171074628829956,0.4716704189777374,-1.0860166549682617,0.96435546875,-0.07611083984375,0.25341796875,0.0,0.059967041015625,0.8154296875
3188,1321,1.9009753465652466,0.4850441515445709,-1.0223064422607422,0.96533203125,-0.08038330078125,0.248046875,0.0,0.07171630859375,0.81494140625
3189,1322,1.8967254161834717,0.34907156229019165,-1.0576553344726562,0.96630859375,-0.091796875,0.2412109375,0.0,0.060089111328125,0.79296875
3190,1321,1.9009753465652466,0.4850441515445709,-1.0223064422607422,0.96533203125,-0.08038330078125,0.248046875,0.0,0.07171630859375,0.81494140625
3191,1323,1.879910945892334,0.3635674715042114,-0.9744619727134705,0.9658203125,-0.09185791015625,0.241943359375,0.0,0.07513427734375,0.7919921875
3192,1324,1.8786088228225708,0.1914839893579483,-1.0338677167892456,0.96142578125,-0.08782958984375,0.260009765625,0.0,0.057891845703125,0.76513671875
3193,1322,1.8967254161834717,0.34907156229019165,-1.0576553344726562,0.96630859375,-0.091796875,0.2412109375,0.0,0.060089111328125,0.79296875
3194,1323,1.879910945892334,0.3635674715042114,-0.9744619727134705,0.9658203125,-0.09185791015625,0.241943359375,0.0,0.07513427734375,0.7919921875
3195,1324,1.8786088228225708,0.1914839893579483,-1.0338677167892456,0.96142578125,-0.08782958984375,0.260009765625,0.0,0.057891845703125,0.76513671875
3196,1323,1.879910945892334,0.3635674715042114,-0.9744619727134705,0.9658203125,-0.09185791015625,0.241943359375,0.0,0.07513427734375,0.7919921875
3197,1325,1.8532634973526,0.21234022080898285,-0.9384484887123108,0.9619140625,-0.088134765625,0.259033203125,0.0,0.0755615234375,0.76416015625
3198,1326,1.8381963968276978,0.08268662542104721,-0.9253422617912292,0.95849609375,-0.08380126953125,0.27294921875,0.0,0.0726318359375,0.74169921875
3199,1324,1.8786088228225708,0.1914839893579483,-1.0338677167892456,0.96142578125,-0.08782958984375,0.260009765625,0.0,0.057891845703125,0.76513671875
3200,1325,1.8532634973526,0.21234022080898285,-0.9384484887123108,0.9619140625,-0.088134765625,0.259033203125,0.0,0.0755615234375,0.76416015625
3201,1326,1.8381963968276978,0.08268662542104721,-0.9253422617912292,0.95849609375,-0.08380126953125,0.27294921875,0.0,0.0726318359375,0.74169921875
3202,1327,1.8673186302185059,0.058716896921396255,-1.0349833965301514,0.95849609375,-0.08380126953125,0.27294921875,0.0,0.052337646484375,0.74267578125
3203,1324,1.8786088228225708,0.1914839893579483,-1.0338677167892456,0.96142578125,-0.08782958984375,0.260009765625,0.0,0.057891845703125,0.76513671875
3204,1327,1.8673186302185059,0.058716896921396255,-1.0349833965301514,0.95849609375,-0.08380126953125,0.27294921875,0.0,0.052337646484375,0.74267578125
3205,1326,1.8381963968276978,0.08268662542104721,-0.9253422617912292,0.95849609375,-0.08380126953125,0.27294921875,0.0,0.0726318359375,0.74169921875
3206,1328,1.8297568559646606,0.0,-0.921082615852356,0.95849609375,-0.083740234375,0.27294921875,0.0,0.070068359375,0.72705078125
3207,1327,1.8673186302185059,0.058716896921396255,-1.0349833965301514,0.95849609375,-0.08380126953125,0.27294921875,0.0,0.052337646484375,0.74267578125
3208,1328,1.8297568559646606,0.0,-0.921082615852356,0.95849609375,-0.083740234375,0.27294921875,0.0,0.070068359375,0.72705078125
3209,1329,1.862976312637329,0.0,-1.0377548933029175,0.95849609375,-0.083740234375,0.27294921875,0.0,0.04949951171875,0.732421875
