VTX,IDX,in_POSITION0.x,in_POSITION0.y,in_POSITION0.z,in_NORMAL0.x,in_NORMAL0.y,in_NORMAL0.z,in_NORMAL0.w,in_TEXCOORD0.x,in_TEXCOORD0.y
0,0,0.019417723640799522,0.012156196869909763,-0.18607421219348907,-0.859375,0.0718994140625,0.50634765625,0.0,0.4912109375,0.0037670135498046875
1,1,0.05546508729457855,0.5947318077087402,-0.2076074182987213,-0.859375,0.06903076171875,0.50634765625,0.0,0.4912109375,0.06512451171875
2,2,-0.08028198033571243,0.5955628156661987,-0.4380834996700287,-0.859375,0.068603515625,0.50634765625,0.0,0.51953125,0.06512451171875
3,3,0.07201538234949112,0.993703305721283,-0.2320849597454071,-0.8359375,0.2412109375,0.4931640625,0.0,0.49267578125,0.1070556640625
4,2,-0.08028198033571243,0.5955628156661987,-0.4380834996700287,-0.859375,0.068603515625,0.50634765625,0.0,0.51953125,0.06512451171875
5,1,0.05546508729457855,0.5947318077087402,-0.2076074182987213,-0.859375,0.06903076171875,0.50634765625,0.0,0.4912109375,0.06512451171875
6,3,0.07201538234949112,0.993703305721283,-0.2320849597454071,-0.8359375,0.2412109375,0.4931640625,0.0,0.49267578125,0.1070556640625
7,4,-0.04963500797748566,0.9944564700126648,-0.43861082196235657,-0.8359375,0.2412109375,0.4931640625,0.0,0.51806640625,0.10711669921875
8,2,-0.08028198033571243,0.5955628156661987,-0.4380834996700287,-0.859375,0.068603515625,0.50634765625,0.0,0.51953125,0.06512451171875
9,5,0.24882446229457855,1.5069471597671509,-0.34739989042282104,-0.75634765625,0.4775390625,0.447265625,0.0,0.493896484375,0.1654052734375
10,4,-0.04963500797748566,0.9944564700126648,-0.43861082196235657,-0.8359375,0.2412109375,0.4931640625,0.0,0.51806640625,0.10711669921875
11,3,0.07201538234949112,0.993703305721283,-0.2320849597454071,-0.8359375,0.2412109375,0.4931640625,0.0,0.49267578125,0.1070556640625
12,5,0.24882446229457855,1.5069471597671509,-0.34739989042282104,-0.75634765625,0.4775390625,0.447265625,0.0,0.493896484375,0.1654052734375
13,6,0.13850708305835724,1.5076274871826172,-0.5346899032592773,-0.75634765625,0.477783203125,0.447265625,0.0,0.5166015625,0.1654052734375
14,4,-0.04963500797748566,0.9944564700126648,-0.43861082196235657,-0.8359375,0.2412109375,0.4931640625,0.0,0.51806640625,0.10711669921875
15,6,0.13850708305835724,1.5076274871826172,-0.5346899032592773,-0.75634765625,0.477783203125,0.447265625,0.0,0.5166015625,0.1654052734375
16,5,0.24882446229457855,1.5069471597671509,-0.34739989042282104,-0.75634765625,0.4775390625,0.447265625,0.0,0.493896484375,0.1654052734375
17,7,0.5038720369338989,1.921610713005066,-0.5257470607757568,-0.66552734375,0.63330078125,0.394287109375,0.0,0.49658203125,0.2197265625
18,6,0.13850708305835724,1.5076274871826172,-0.5346899032592773,-0.75634765625,0.477783203125,0.447265625,0.0,0.5166015625,0.1654052734375
19,7,0.5038720369338989,1.921610713005066,-0.5257470607757568,-0.66552734375,0.63330078125,0.394287109375,0.0,0.49658203125,0.2197265625
20,8,0.41941526532173157,1.922123670578003,-0.6691308617591858,-0.66552734375,0.63330078125,0.394287109375,0.0,0.51416015625,0.2197265625
21,8,0.41941526532173157,1.922123670578003,-0.6691308617591858,-0.66552734375,0.63330078125,0.394287109375,0.0,0.51416015625,0.2197265625
22,7,0.5038720369338989,1.921610713005066,-0.5257470607757568,-0.66552734375,0.63330078125,0.394287109375,0.0,0.49658203125,0.2197265625
23,9,0.761871337890625,2.2514684200286865,-0.7731274366378784,-0.59130859375,0.72607421875,0.35107421875,0.0,0.50537109375,0.27001953125
24,10,2.429598569869995,0.0,2.557262897491455,-0.90283203125,0.1754150390625,0.392578125,0.0,0.3779296875,0.908203125
25,11,2.3877551555633545,0.2055264562368393,2.3691625595092773,-0.89990234375,0.1990966796875,0.388427734375,0.0,0.394287109375,0.9287109375
26,12,2.3596818447113037,0.0,2.3964173793792725,-0.90283203125,0.1754150390625,0.392578125,0.0,0.39404296875,0.90966796875
27,10,2.429598569869995,0.0,2.557262897491455,-0.90283203125,0.1754150390625,0.392578125,0.0,0.3779296875,0.908203125
28,13,2.459129571914673,0.22287845611572266,2.5256128311157227,-0.8994140625,0.19970703125,0.38818359375,0.0,0.37744140625,0.92919921875
29,11,2.3877551555633545,0.2055264562368393,2.3691625595092773,-0.89990234375,0.1990966796875,0.388427734375,0.0,0.394287109375,0.9287109375
30,11,2.3877551555633545,0.2055264562368393,2.3691625595092773,-0.89990234375,0.1990966796875,0.388427734375,0.0,0.394287109375,0.9287109375
31,13,2.459129571914673,0.22287845611572266,2.5256128311157227,-0.8994140625,0.19970703125,0.38818359375,0.0,0.37744140625,0.92919921875
32,14,2.4782824516296387,0.34129810333251953,2.4938182830810547,-0.84716796875,0.406982421875,0.34130859375,0.0,0.37744140625,0.94189453125
33,11,2.3877551555633545,0.2055264562368393,2.3691625595092773,-0.89990234375,0.1990966796875,0.388427734375,0.0,0.394287109375,0.9287109375
34,14,2.4782824516296387,0.34129810333251953,2.4938182830810547,-0.84716796875,0.406982421875,0.34130859375,0.0,0.37744140625,0.94189453125
35,15,2.414329767227173,0.32574865221977234,2.353627920150757,-0.84716796875,0.406982421875,0.34130859375,0.0,0.394287109375,0.94140625
36,15,2.414329767227173,0.32574865221977234,2.353627920150757,-0.84716796875,0.406982421875,0.34130859375,0.0,0.394287109375,0.94140625
37,14,2.4782824516296387,0.34129810333251953,2.4938182830810547,-0.84716796875,0.406982421875,0.34130859375,0.0,0.37744140625,0.94189453125
38,16,2.5533995628356934,0.48457732796669006,2.435683488845825,-0.73779296875,0.61962890625,0.267822265625,0.0,0.377685546875,0.96142578125
39,15,2.414329767227173,0.32574865221977234,2.353627920150757,-0.84716796875,0.406982421875,0.34130859375,0.0,0.394287109375,0.94140625
40,16,2.5533995628356934,0.48457732796669006,2.435683488845825,-0.73779296875,0.61962890625,0.267822265625,0.0,0.377685546875,0.96142578125
41,17,2.4954028129577637,0.47047674655914307,2.3085522651672363,-0.73779296875,0.61962890625,0.267822265625,0.0,0.39404296875,0.96142578125
42,17,2.4954028129577637,0.47047674655914307,2.3085522651672363,-0.73779296875,0.61962890625,0.267822265625,0.0,0.39404296875,0.96142578125
43,16,2.5533995628356934,0.48457732796669006,2.435683488845825,-0.73779296875,0.61962890625,0.267822265625,0.0,0.377685546875,0.96142578125
44,18,2.648284912109375,0.5917338728904724,2.3623340129852295,-0.62744140625,0.75146484375,0.2030029296875,0.0,0.379638671875,0.97998046875
45,17,2.4954028129577637,0.47047674655914307,2.3085522651672363,-0.73779296875,0.61962890625,0.267822265625,0.0,0.39404296875,0.96142578125
46,18,2.648284912109375,0.5917338728904724,2.3623340129852295,-0.62744140625,0.75146484375,0.2030029296875,0.0,0.379638671875,0.97998046875
47,19,2.603879451751709,0.580937385559082,2.2649974822998047,-0.62744140625,0.75146484375,0.2030029296875,0.0,0.39208984375,0.97998046875
48,19,2.603879451751709,0.580937385559082,2.2649974822998047,-0.62744140625,0.75146484375,0.2030029296875,0.0,0.39208984375,0.97998046875
49,18,2.648284912109375,0.5917338728904724,2.3623340129852295,-0.62744140625,0.75146484375,0.2030029296875,0.0,0.379638671875,0.97998046875
50,20,2.7348179817199707,0.667400062084198,2.255068302154541,-0.53662109375,0.830078125,0.1527099609375,0.0,0.385986328125,0.9970703125
51,21,-1.0738781690597534,1.004226565361023,-2.010187864303589,-0.8662109375,0.33349609375,0.371826171875,0.0,0.86962890625,0.8583984375
52,22,-1.031581997871399,1.0038955211639404,-1.9113317728042603,-0.8662109375,0.33349609375,0.371826171875,0.0,0.857421875,0.8583984375
53,23,-0.9726598858833313,1.1872600317001343,-1.9944067001342773,-0.830078125,0.428466796875,0.356689453125,0.0,0.86376953125,0.88134765625
54,22,-1.031581997871399,1.0038955211639404,-1.9113317728042603,-0.8662109375,0.33349609375,0.371826171875,0.0,0.857421875,0.8583984375
55,21,-1.0738781690597534,1.004226565361023,-2.010187864303589,-0.8662109375,0.33349609375,0.371826171875,0.0,0.86962890625,0.8583984375
56,24,-1.145845890045166,0.782105028629303,-1.998043179512024,-0.89990234375,0.204345703125,0.3857421875,0.0,0.87158203125,0.83154296875
57,22,-1.031581997871399,1.0038955211639404,-1.9113317728042603,-0.8662109375,0.33349609375,0.371826171875,0.0,0.857421875,0.8583984375
58,24,-1.145845890045166,0.782105028629303,-1.998043179512024,-0.89990234375,0.204345703125,0.3857421875,0.0,0.87158203125,0.83154296875
59,25,-1.090600609779358,0.7816723585128784,-1.8689244985580444,-0.89990234375,0.204345703125,0.3857421875,0.0,0.85546875,0.83154296875
60,26,-1.1818151473999023,0.5183514952659607,-1.9913866519927979,-0.91845703125,0.040496826171875,0.39306640625,0.0,0.8720703125,0.80126953125
61,25,-1.090600609779358,0.7816723585128784,-1.8689244985580444,-0.89990234375,0.204345703125,0.3857421875,0.0,0.85546875,0.83154296875
62,24,-1.145845890045166,0.782105028629303,-1.998043179512024,-0.89990234375,0.204345703125,0.3857421875,0.0,0.87158203125,0.83154296875
63,26,-1.1818151473999023,0.5183514952659607,-1.9913866519927979,-0.91845703125,0.040496826171875,0.39306640625,0.0,0.8720703125,0.80126953125
64,27,-1.1208959817886353,0.5178735852241516,-1.8489990234375,-0.91845703125,0.040496826171875,0.39306640625,0.0,0.85498046875,0.80126953125
65,25,-1.090600609779358,0.7816723585128784,-1.8689244985580444,-0.89990234375,0.204345703125,0.3857421875,0.0,0.85546875,0.83154296875
66,28,-1.1731164455413818,0.32224470376968384,-2.005531072616577,-0.91796875,-0.05682373046875,0.392578125,0.0,0.8720703125,0.7802734375
67,27,-1.1208959817886353,0.5178735852241516,-1.8489990234375,-0.91845703125,0.040496826171875,0.39306640625,0.0,0.85498046875,0.80126953125
68,26,-1.1818151473999023,0.5183514952659607,-1.9913866519927979,-0.91845703125,0.040496826171875,0.39306640625,0.0,0.8720703125,0.80126953125
69,28,-1.1731164455413818,0.32224470376968384,-2.005531072616577,-0.91796875,-0.05682373046875,0.392578125,0.0,0.8720703125,0.7802734375
70,29,-1.105126976966858,0.3217103183269501,-1.8466405868530273,-0.91796875,-0.05682373046875,0.392578125,0.0,0.85498046875,0.7802734375
71,27,-1.1208959817886353,0.5178735852241516,-1.8489990234375,-0.91845703125,0.040496826171875,0.39306640625,0.0,0.85498046875,0.80126953125
72,30,-1.090158462524414,0.0,-1.8526581525802612,-0.91845703125,-0.050048828125,0.392822265625,0.0,0.85546875,0.75048828125
73,29,-1.105126976966858,0.3217103183269501,-1.8466405868530273,-0.91796875,-0.05682373046875,0.392578125,0.0,0.85498046875,0.7802734375
74,28,-1.1731164455413818,0.32224470376968384,-2.005531072616577,-0.91796875,-0.05682373046875,0.392578125,0.0,0.8720703125,0.7802734375
75,30,-1.090158462524414,0.0,-1.8526581525802612,-0.91845703125,-0.050048828125,0.392822265625,0.0,0.85546875,0.75048828125
76,28,-1.1731164455413818,0.32224470376968384,-2.005531072616577,-0.91796875,-0.05682373046875,0.392578125,0.0,0.8720703125,0.7802734375
77,31,-1.1590185165405273,0.0,-2.0135953426361084,-0.91845703125,-0.050048828125,0.392822265625,0.0,0.87158203125,0.75048828125
78,32,0.2210961878299713,0.7023069858551025,0.19504393637180328,-0.74462890625,0.282958984375,-0.60498046875,0.0,0.1668701171875,0.0830078125
79,33,0.20737309753894806,0.0,-0.09569151699542999,-0.751953125,0.2646484375,-0.603515625,0.0,0.1937255859375,0.01372528076171875
80,34,0.04042176157236099,0.0,0.1168401911854744,-0.751953125,0.2646484375,-0.603515625,0.0,0.1673583984375,0.0118255615234375
81,32,0.2210961878299713,0.7023069858551025,0.19504393637180328,-0.74462890625,0.282958984375,-0.60498046875,0.0,0.1668701171875,0.0830078125
82,35,0.3851904273033142,0.6790196299552917,-0.01494628842920065,-0.74462890625,0.28271484375,-0.60498046875,0.0,0.193603515625,0.082763671875
83,33,0.20737309753894806,0.0,-0.09569151699542999,-0.751953125,0.2646484375,-0.603515625,0.0,0.1937255859375,0.01372528076171875
84,32,0.2210961878299713,0.7023069858551025,0.19504393637180328,-0.74462890625,0.282958984375,-0.60498046875,0.0,0.1668701171875,0.0830078125
85,36,0.5130651593208313,1.1147397756576538,0.056059569120407104,-0.69775390625,0.406005859375,-0.59033203125,0.0,0.193359375,0.1300048828125
86,35,0.3851904273033142,0.6790196299552917,-0.01494628842920065,-0.74462890625,0.28271484375,-0.60498046875,0.0,0.193603515625,0.082763671875
87,32,0.2210961878299713,0.7023069858551025,0.19504393637180328,-0.74462890625,0.282958984375,-0.60498046875,0.0,0.1668701171875,0.0830078125
88,37,0.36601683497428894,1.1356066465377808,0.24423827230930328,-0.69775390625,0.406494140625,-0.59033203125,0.0,0.1676025390625,0.130126953125
89,36,0.5130651593208313,1.1147397756576538,0.056059569120407104,-0.69775390625,0.406005859375,-0.59033203125,0.0,0.193359375,0.1300048828125
90,37,0.36601683497428894,1.1356066465377808,0.24423827230930328,-0.69775390625,0.406494140625,-0.59033203125,0.0,0.1676025390625,0.130126953125
91,38,0.7701367139816284,1.65536367893219,0.21333739161491394,-0.6337890625,0.53857421875,-0.55517578125,0.0,0.1922607421875,0.1990966796875
92,36,0.5130651593208313,1.1147397756576538,0.056059569120407104,-0.69775390625,0.406005859375,-0.59033203125,0.0,0.193359375,0.1300048828125
93,37,0.36601683497428894,1.1356066465377808,0.24423827230930328,-0.69775390625,0.406494140625,-0.59033203125,0.0,0.1676025390625,0.130126953125
94,39,0.6367931962013245,1.6742901802062988,0.3839746117591858,-0.6337890625,0.53857421875,-0.55517578125,0.0,0.16796875,0.1990966796875
95,38,0.7701367139816284,1.65536367893219,0.21333739161491394,-0.6337890625,0.53857421875,-0.55517578125,0.0,0.1922607421875,0.1990966796875
96,39,0.6367931962013245,1.6742901802062988,0.3839746117591858,-0.6337890625,0.53857421875,-0.55517578125,0.0,0.16796875,0.1990966796875
97,40,1.0378185510635376,2.0782079696655273,0.4097216725349426,-0.56982421875,0.63916015625,-0.51611328125,0.0,0.189208984375,0.2587890625
98,38,0.7701367139816284,1.65536367893219,0.21333739161491394,-0.6337890625,0.53857421875,-0.55517578125,0.0,0.1922607421875,0.1990966796875
99,39,0.6367931962013245,1.6742901802062988,0.3839746117591858,-0.6337890625,0.53857421875,-0.55517578125,0.0,0.16796875,0.1990966796875
100,41,0.9357336163520813,2.0927014350891113,0.5403710603713989,-0.56982421875,0.63916015625,-0.51611328125,0.0,0.1707763671875,0.2587890625
101,40,1.0378185510635376,2.0782079696655273,0.4097216725349426,-0.56982421875,0.63916015625,-0.51611328125,0.0,0.189208984375,0.2587890625
102,40,1.0378185510635376,2.0782079696655273,0.4097216725349426,-0.56982421875,0.63916015625,-0.51611328125,0.0,0.189208984375,0.2587890625
103,41,0.9357336163520813,2.0927014350891113,0.5403710603713989,-0.56982421875,0.63916015625,-0.51611328125,0.0,0.1707763671875,0.2587890625
104,42,1.2627062797546387,2.40879225730896,0.6560766696929932,-0.51513671875,0.708984375,-0.481201171875,0.0,0.179931640625,0.31005859375
105,43,1.7303893566131592,1.4345648288726807,0.2915917932987213,-0.482421875,0.6806640625,-0.55126953125,0.0,0.95751953125,0.4169921875
106,44,1.6201305389404297,1.4559563398361206,0.4144604504108429,-0.482177734375,0.6806640625,-0.55126953125,0.0,0.9384765625,0.4169921875
107,45,1.8782262802124023,1.6590948104858398,0.4992333948612213,-0.422607421875,0.74951171875,-0.509765625,0.0,0.94775390625,0.453857421875
108,43,1.7303893566131592,1.4345648288726807,0.2915917932987213,-0.482421875,0.6806640625,-0.55126953125,0.0,0.95751953125,0.4169921875
109,46,1.39144766330719,1.176772117614746,0.2906591594219208,-0.55224609375,0.58154296875,-0.59716796875,0.0,0.93603515625,0.373291015625
110,44,1.6201305389404297,1.4559563398361206,0.4144604504108429,-0.482177734375,0.6806640625,-0.55126953125,0.0,0.9384765625,0.4169921875
111,43,1.7303893566131592,1.4345648288726807,0.2915917932987213,-0.482421875,0.6806640625,-0.55126953125,0.0,0.95751953125,0.4169921875
112,47,1.535460114479065,1.1488287448883057,0.13017334043979645,-0.552734375,0.58154296875,-0.59716796875,0.0,0.96044921875,0.373291015625
113,46,1.39144766330719,1.176772117614746,0.2906591594219208,-0.55224609375,0.58154296875,-0.59716796875,0.0,0.93603515625,0.373291015625
114,47,1.535460114479065,1.1488287448883057,0.13017334043979645,-0.552734375,0.58154296875,-0.59716796875,0.0,0.96044921875,0.373291015625
115,48,1.1810485124588013,0.8101661205291748,0.1785595715045929,-0.62548828125,0.44775390625,-0.63916015625,0.0,0.935546875,0.325439453125
116,46,1.39144766330719,1.176772117614746,0.2906591594219208,-0.55224609375,0.58154296875,-0.59716796875,0.0,0.93603515625,0.373291015625
117,47,1.535460114479065,1.1488287448883057,0.13017334043979645,-0.552734375,0.58154296875,-0.59716796875,0.0,0.96044921875,0.373291015625
118,49,1.339849829673767,0.7793508768081665,0.0015844726003706455,-0.62548828125,0.447265625,-0.63916015625,0.0,0.9609375,0.3251953125
119,48,1.1810485124588013,0.8101661205291748,0.1785595715045929,-0.62548828125,0.44775390625,-0.63916015625,0.0,0.935546875,0.325439453125
120,49,1.339849829673767,0.7793508768081665,0.0015844726003706455,-0.62548828125,0.447265625,-0.63916015625,0.0,0.9609375,0.3251953125
121,50,1.0609338283538818,0.5112971663475037,0.1398046910762787,-0.68798828125,0.3076171875,-0.65771484375,0.0,0.9345703125,0.292236328125
122,48,1.1810485124588013,0.8101661205291748,0.1785595715045929,-0.62548828125,0.44775390625,-0.63916015625,0.0,0.935546875,0.325439453125
123,49,1.339849829673767,0.7793508768081665,0.0015844726003706455,-0.62548828125,0.447265625,-0.63916015625,0.0,0.9609375,0.3251953125
124,51,1.238153100013733,0.4769073724746704,-0.05768798664212227,-0.68798828125,0.306640625,-0.65771484375,0.0,0.96142578125,0.2919921875
125,50,1.0609338283538818,0.5112971663475037,0.1398046910762787,-0.68798828125,0.3076171875,-0.65771484375,0.0,0.9345703125,0.292236328125
126,50,1.0609338283538818,0.5112971663475037,0.1398046910762787,-0.68798828125,0.3076171875,-0.65771484375,0.0,0.9345703125,0.292236328125
127,51,1.238153100013733,0.4769073724746704,-0.05768798664212227,-0.68798828125,0.306640625,-0.65771484375,0.0,0.96142578125,0.2919921875
128,52,1.1003767251968384,0.0,-0.1208045482635498,-0.70068359375,0.280517578125,-0.65625,0.0,0.9619140625,0.242919921875
129,50,1.0609338283538818,0.5112971663475037,0.1398046910762787,-0.68798828125,0.3076171875,-0.65771484375,0.0,0.9345703125,0.292236328125
130,52,1.1003767251968384,0.0,-0.1208045482635498,-0.70068359375,0.280517578125,-0.65625,0.0,0.9619140625,0.242919921875
131,53,0.9194767475128174,0.0,0.0786229819059372,-0.70068359375,0.280517578125,-0.65625,0.0,0.935546875,0.240234375
132,54,-2.48730731010437,0.0,-2.5896170139312744,0.50830078125,0.1435546875,0.84912109375,0.0,0.73876953125,0.95849609375
133,55,-2.668139696121216,0.28612565994262695,-2.5297813415527344,0.50341796875,0.192626953125,0.84228515625,0.0,0.720703125,0.93017578125
134,56,-2.6468968391418457,0.0,-2.494107723236084,0.50830078125,0.1435546875,0.84912109375,0.0,0.720703125,0.95849609375
135,54,-2.48730731010437,0.0,-2.5896170139312744,0.50830078125,0.1435546875,0.84912109375,0.0,0.73876953125,0.95849609375
136,57,-2.510563850402832,0.28773632645606995,-2.624361515045166,0.50341796875,0.19287109375,0.84228515625,0.0,0.73876953125,0.93017578125
137,55,-2.668139696121216,0.28612565994262695,-2.5297813415527344,0.50341796875,0.192626953125,0.84228515625,0.0,0.720703125,0.93017578125
138,58,-2.53759765625,0.3823012113571167,-2.6492505073547363,0.410400390625,0.591796875,0.69384765625,0.0,0.73828125,0.92041015625
139,55,-2.668139696121216,0.28612565994262695,-2.5297813415527344,0.50341796875,0.192626953125,0.84228515625,0.0,0.720703125,0.93017578125
140,57,-2.510563850402832,0.28773632645606995,-2.624361515045166,0.50341796875,0.19287109375,0.84228515625,0.0,0.73876953125,0.93017578125
141,58,-2.53759765625,0.3823012113571167,-2.6492505073547363,0.410400390625,0.591796875,0.69384765625,0.0,0.73828125,0.92041015625
142,59,-2.678804874420166,0.38085994124412537,-2.564493417739868,0.410400390625,0.591796875,0.69384765625,0.0,0.72119140625,0.92041015625
143,55,-2.668139696121216,0.28612565994262695,-2.5297813415527344,0.50341796875,0.192626953125,0.84228515625,0.0,0.720703125,0.93017578125
144,60,-2.603154182434082,0.47966212034225464,-2.741900682449341,0.270751953125,0.8427734375,0.46533203125,0.0,0.73779296875,0.904296875
145,59,-2.678804874420166,0.38085994124412537,-2.564493417739868,0.410400390625,0.591796875,0.69384765625,0.0,0.72119140625,0.92041015625
146,58,-2.53759765625,0.3823012113571167,-2.6492505073547363,0.410400390625,0.591796875,0.69384765625,0.0,0.73828125,0.92041015625
147,60,-2.603154182434082,0.47966212034225464,-2.741900682449341,0.270751953125,0.8427734375,0.46533203125,0.0,0.73779296875,0.904296875
148,61,-2.731201171875,0.4783525764942169,-2.6650450229644775,0.270751953125,0.8427734375,0.46533203125,0.0,0.72119140625,0.904296875
149,59,-2.678804874420166,0.38085994124412537,-2.564493417739868,0.410400390625,0.591796875,0.69384765625,0.0,0.72119140625,0.92041015625
150,62,-2.693326473236084,0.5389246344566345,-2.8571155071258545,0.1676025390625,0.9404296875,0.295166015625,0.0,0.73681640625,0.88623046875
151,61,-2.731201171875,0.4783525764942169,-2.6650450229644775,0.270751953125,0.8427734375,0.46533203125,0.0,0.72119140625,0.904296875
152,60,-2.603154182434082,0.47966212034225464,-2.741900682449341,0.270751953125,0.8427734375,0.46533203125,0.0,0.73779296875,0.904296875
153,62,-2.693326473236084,0.5389246344566345,-2.8571155071258545,0.1676025390625,0.9404296875,0.295166015625,0.0,0.73681640625,0.88623046875
154,63,-2.791363477706909,0.5379236340522766,-2.798271417617798,0.1676025390625,0.9404296875,0.295166015625,0.0,0.72216796875,0.88623046875
155,61,-2.731201171875,0.4783525764942169,-2.6650450229644775,0.270751953125,0.8427734375,0.46533203125,0.0,0.72119140625,0.904296875
156,63,-2.791363477706909,0.5379236340522766,-2.798271417617798,0.1676025390625,0.9404296875,0.295166015625,0.0,0.72216796875,0.88623046875
157,62,-2.693326473236084,0.5389246344566345,-2.8571155071258545,0.1676025390625,0.9404296875,0.295166015625,0.0,0.73681640625,0.88623046875
158,64,-2.8220043182373047,0.5717207789421082,-2.959843635559082,0.1011962890625,0.9775390625,0.185302734375,0.0,0.7294921875,0.86572265625
159,65,-0.5149157643318176,0.40243974328041077,-0.5243603587150574,0.281005859375,0.05859375,0.9580078125,0.0,0.10986328125,0.427978515625
160,66,-0.7676634788513184,0.0,-0.4244261384010315,0.281005859375,0.061431884765625,0.9580078125,0.0,0.08154296875,0.470458984375
161,67,-0.5072404146194458,0.0,-0.5007959008216858,0.281005859375,0.061431884765625,0.9580078125,0.0,0.11004638671875,0.47021484375
162,65,-0.5149157643318176,0.40243974328041077,-0.5243603587150574,0.281005859375,0.05859375,0.9580078125,0.0,0.10986328125,0.427978515625
163,68,-0.7716015577316284,0.4032762050628662,-0.4491308629512787,0.281005859375,0.05859375,0.9580078125,0.0,0.081787109375,0.427978515625
164,66,-0.7676634788513184,0.0,-0.4244261384010315,0.281005859375,0.061431884765625,0.9580078125,0.0,0.08154296875,0.470458984375
165,69,-0.5317736864089966,0.6875235438346863,-0.5355395674705505,0.26953125,0.294921875,0.91650390625,0.0,0.1083984375,0.39794921875
166,68,-0.7716015577316284,0.4032762050628662,-0.4491308629512787,0.281005859375,0.05859375,0.9580078125,0.0,0.081787109375,0.427978515625
167,65,-0.5149157643318176,0.40243974328041077,-0.5243603587150574,0.281005859375,0.05859375,0.9580078125,0.0,0.10986328125,0.427978515625
168,69,-0.5317736864089966,0.6875235438346863,-0.5355395674705505,0.26953125,0.294921875,0.91650390625,0.0,0.1083984375,0.39794921875
169,70,-0.7617907524108887,0.6882655024528503,-0.46812742948532104,0.26953125,0.294921875,0.91650390625,0.0,0.083251953125,0.39794921875
170,68,-0.7716015577316284,0.4032762050628662,-0.4491308629512787,0.281005859375,0.05859375,0.9580078125,0.0,0.081787109375,0.427978515625
171,71,-0.5965490341186523,1.0491275787353516,-0.7207446098327637,0.2286376953125,0.5908203125,0.7734375,0.0,0.10723876953125,0.354736328125
172,70,-0.7617907524108887,0.6882655024528503,-0.46812742948532104,0.26953125,0.294921875,0.91650390625,0.0,0.083251953125,0.39794921875
173,69,-0.5317736864089966,0.6875235438346863,-0.5355395674705505,0.26953125,0.294921875,0.91650390625,0.0,0.1083984375,0.39794921875
174,71,-0.5965490341186523,1.0491275787353516,-0.7207446098327637,0.2286376953125,0.5908203125,0.7734375,0.0,0.10723876953125,0.354736328125
175,72,-0.8051366806030273,1.049808144569397,-0.6596118211746216,0.2286376953125,0.5908203125,0.7734375,0.0,0.08441162109375,0.354736328125
176,70,-0.7617907524108887,0.6882655024528503,-0.46812742948532104,0.26953125,0.294921875,0.91650390625,0.0,0.083251953125,0.39794921875
177,73,-0.7039209008216858,1.3372509479522705,-0.9996264576911926,0.1881103515625,0.75048828125,0.63330078125,0.0,0.10455322265625,0.311279296875
178,72,-0.8051366806030273,1.049808144569397,-0.6596118211746216,0.2286376953125,0.5908203125,0.7734375,0.0,0.08441162109375,0.354736328125
179,71,-0.5965490341186523,1.0491275787353516,-0.7207446098327637,0.2286376953125,0.5908203125,0.7734375,0.0,0.10723876953125,0.354736328125
180,73,-0.7039209008216858,1.3372509479522705,-0.9996264576911926,0.1881103515625,0.75048828125,0.63330078125,0.0,0.10455322265625,0.311279296875
181,74,-0.8636181354522705,1.3377693891525269,-0.9528247117996216,0.1881103515625,0.75048828125,0.63330078125,0.0,0.08709716796875,0.311279296875
182,72,-0.8051366806030273,1.049808144569397,-0.6596118211746216,0.2286376953125,0.5908203125,0.7734375,0.0,0.08441162109375,0.354736328125
183,74,-0.8636181354522705,1.3377693891525269,-0.9528247117996216,0.1881103515625,0.75048828125,0.63330078125,0.0,0.08709716796875,0.311279296875
184,73,-0.7039209008216858,1.3372509479522705,-0.9996264576911926,0.1881103515625,0.75048828125,0.63330078125,0.0,0.10455322265625,0.311279296875
185,75,-0.8780712485313416,1.5635814666748047,-1.300451636314392,0.158935546875,0.8310546875,0.533203125,0.0,0.0958251953125,0.2685546875
186,76,-2.0154759883880615,0.9651422500610352,-2.642179012298584,-0.1417236328125,0.75634765625,0.638671875,0.0,0.89306640625,0.7607421875
187,77,-1.9039416313171387,0.9647923111915588,-2.6170079708099365,-0.1417236328125,0.75634765625,0.638671875,0.0,0.88037109375,0.7607421875
188,78,-1.908181071281433,1.1175283193588257,-2.855804443359375,-0.11846923828125,0.83544921875,0.53662109375,0.0,0.88671875,0.79248046875
189,77,-1.9039416313171387,0.9647923111915588,-2.6170079708099365,-0.1417236328125,0.75634765625,0.638671875,0.0,0.88037109375,0.7607421875
190,76,-2.0154759883880615,0.9651422500610352,-2.642179012298584,-0.1417236328125,0.75634765625,0.638671875,0.0,0.89306640625,0.7607421875
191,79,-2.078183650970459,0.7708154916763306,-2.4465489387512207,-0.1746826171875,0.59765625,0.7822265625,0.0,0.89501953125,0.728515625
192,77,-1.9039416313171387,0.9647923111915588,-2.6170079708099365,-0.1417236328125,0.75634765625,0.638671875,0.0,0.88037109375,0.7607421875
193,79,-2.078183650970459,0.7708154916763306,-2.4465489387512207,-0.1746826171875,0.59765625,0.7822265625,0.0,0.89501953125,0.728515625
194,80,-1.932497501373291,0.7703601717948914,-2.413672924041748,-0.1746826171875,0.59765625,0.7822265625,0.0,0.87841796875,0.728515625
195,80,-1.932497501373291,0.7703601717948914,-2.413672924041748,-0.1746826171875,0.59765625,0.7822265625,0.0,0.87841796875,0.728515625
196,79,-2.078183650970459,0.7708154916763306,-2.4465489387512207,-0.1746826171875,0.59765625,0.7822265625,0.0,0.89501953125,0.728515625
197,81,-2.1160337924957275,0.5268373489379883,-2.3170714378356934,-0.2091064453125,0.299560546875,0.9306640625,0.0,0.8955078125,0.697265625
198,80,-1.932497501373291,0.7703601717948914,-2.413672924041748,-0.1746826171875,0.59765625,0.7822265625,0.0,0.87841796875,0.728515625
199,81,-2.1160337924957275,0.5268373489379883,-2.3170714378356934,-0.2091064453125,0.299560546875,0.9306640625,0.0,0.8955078125,0.697265625
200,82,-1.9553784132003784,0.5263331532478333,-2.2808165550231934,-0.2091064453125,0.299560546875,0.9306640625,0.0,0.8779296875,0.697265625
201,82,-1.9553784132003784,0.5263331532478333,-2.2808165550231934,-0.2091064453125,0.299560546875,0.9306640625,0.0,0.8779296875,0.697265625
202,81,-2.1160337924957275,0.5268373489379883,-2.3170714378356934,-0.2091064453125,0.299560546875,0.9306640625,0.0,0.8955078125,0.697265625
203,83,-2.1282591819763184,0.33451640605926514,-2.308931827545166,-0.2197265625,0.04925537109375,0.97412109375,0.0,0.8955078125,0.677734375
204,82,-1.9553784132003784,0.5263331532478333,-2.2808165550231934,-0.2091064453125,0.299560546875,0.9306640625,0.0,0.8779296875,0.697265625
205,83,-2.1282591819763184,0.33451640605926514,-2.308931827545166,-0.2197265625,0.04925537109375,0.97412109375,0.0,0.8955078125,0.677734375
206,84,-1.948983073234558,0.3339518904685974,-2.268475294113159,-0.2197265625,0.04925537109375,0.97412109375,0.0,0.8779296875,0.677734375
207,85,-1.9519321918487549,0.0,-2.253314733505249,-0.2198486328125,0.046142578125,0.974609375,0.0,0.8779296875,0.64599609375
208,84,-1.948983073234558,0.3339518904685974,-2.268475294113159,-0.2197265625,0.04925537109375,0.97412109375,0.0,0.8779296875,0.677734375
209,83,-2.1282591819763184,0.33451640605926514,-2.308931827545166,-0.2197265625,0.04925537109375,0.97412109375,0.0,0.8955078125,0.677734375
210,85,-1.9519321918487549,0.0,-2.253314733505249,-0.2198486328125,0.046142578125,0.974609375,0.0,0.8779296875,0.64599609375
211,83,-2.1282591819763184,0.33451640605926514,-2.308931827545166,-0.2197265625,0.04925537109375,0.97412109375,0.0,0.8955078125,0.677734375
212,86,-2.1335833072662354,0.0,-2.294304847717285,-0.2198486328125,0.046142578125,0.974609375,0.0,0.8955078125,0.64599609375
213,87,-1.7015469074249268,0.0,-1.4423152208328247,-0.99853515625,0.01277923583984375,0.051239013671875,0.0,0.49560546875,0.69384765625
214,88,-1.7056323289871216,0.33508461713790894,-1.6054785251617432,-0.99853515625,0.011505126953125,0.051300048828125,0.0,0.51318359375,0.7236328125
215,89,-1.7109757661819458,4.440891999238953e-18,-1.6277951002120972,-0.99853515625,0.01277923583984375,0.051239013671875,0.0,0.5126953125,0.69287109375
216,87,-1.7015469074249268,0.0,-1.4423152208328247,-0.99853515625,0.01277923583984375,0.051239013671875,0.0,0.49560546875,0.69384765625
217,90,-1.6963536739349365,0.31963682174682617,-1.422576904296875,-0.99853515625,0.01152801513671875,0.051300048828125,0.0,0.494873046875,0.7236328125
218,88,-1.7056323289871216,0.33508461713790894,-1.6054785251617432,-0.99853515625,0.011505126953125,0.051300048828125,0.0,0.51318359375,0.7236328125
219,91,-1.694246768951416,0.5123943090438843,-1.415993571281433,-0.96435546875,0.254638671875,0.0704345703125,0.0,0.4951171875,0.744140625
220,88,-1.7056323289871216,0.33508461713790894,-1.6054785251617432,-0.99853515625,0.011505126953125,0.051300048828125,0.0,0.51318359375,0.7236328125
221,90,-1.6963536739349365,0.31963682174682617,-1.422576904296875,-0.99853515625,0.01152801513671875,0.051300048828125,0.0,0.494873046875,0.7236328125
222,91,-1.694246768951416,0.5123943090438843,-1.415993571281433,-0.96435546875,0.254638671875,0.0704345703125,0.0,0.4951171875,0.744140625
223,92,-1.7025610208511353,0.5262389779090881,-1.57989501953125,-0.96435546875,0.254638671875,0.0704345703125,0.0,0.5126953125,0.744140625
224,88,-1.7056323289871216,0.33508461713790894,-1.6054785251617432,-0.99853515625,0.011505126953125,0.051300048828125,0.0,0.51318359375,0.7236328125
225,93,-1.5704565048217773,0.7620924711227417,-1.4088952541351318,-0.82470703125,0.55810546875,0.0889892578125,0.0,0.49560546875,0.775390625
226,92,-1.7025610208511353,0.5262389779090881,-1.57989501953125,-0.96435546875,0.254638671875,0.0704345703125,0.0,0.5126953125,0.744140625
227,91,-1.694246768951416,0.5123943090438843,-1.415993571281433,-0.96435546875,0.254638671875,0.0704345703125,0.0,0.4951171875,0.744140625
228,93,-1.5704565048217773,0.7620924711227417,-1.4088952541351318,-0.82470703125,0.55810546875,0.0889892578125,0.0,0.49560546875,0.775390625
229,94,-1.577999234199524,0.7746464610099792,-1.557519555091858,-0.82470703125,0.55810546875,0.0889892578125,0.0,0.51220703125,0.775390625
230,92,-1.7025610208511353,0.5262389779090881,-1.57989501953125,-0.96435546875,0.254638671875,0.0704345703125,0.0,0.5126953125,0.744140625
231,94,-1.577999234199524,0.7746464610099792,-1.557519555091858,-0.82470703125,0.55810546875,0.0889892578125,0.0,0.51220703125,0.775390625
232,93,-1.5704565048217773,0.7620924711227417,-1.4088952541351318,-0.82470703125,0.55810546875,0.0889892578125,0.0,0.49560546875,0.775390625
233,95,-1.3752416372299194,0.9664293527603149,-1.4191259145736694,-0.68408203125,0.72314453125,0.0958251953125,0.0,0.49755859375,0.8076171875
234,94,-1.577999234199524,0.7746464610099792,-1.557519555091858,-0.82470703125,0.55810546875,0.0889892578125,0.0,0.51220703125,0.775390625
235,95,-1.3752416372299194,0.9664293527603149,-1.4191259145736694,-0.68408203125,0.72314453125,0.0958251953125,0.0,0.49755859375,0.8076171875
236,96,-1.3810217380523682,0.9760403037071228,-1.5329161882400513,-0.68408203125,0.72314453125,0.0958251953125,0.0,0.51025390625,0.8076171875
237,96,-1.3810217380523682,0.9760403037071228,-1.5329161882400513,-0.68408203125,0.72314453125,0.0958251953125,0.0,0.51025390625,0.8076171875
238,95,-1.3752416372299194,0.9664293527603149,-1.4191259145736694,-0.68408203125,0.72314453125,0.0958251953125,0.0,0.49755859375,0.8076171875
239,97,-1.1529834270477295,1.1337288618087769,-1.4737218618392944,-0.5830078125,0.806640625,0.09771728515625,0.0,0.50390625,0.8388671875
240,98,-2.024245500564575,0.4832146465778351,-1.8816698789596558,-0.99853515625,0.05322265625,0.00702667236328125,0.0,0.85693359375,0.42431640625
241,99,-2.049229145050049,0.0,-2.053757905960083,-0.99853515625,0.048980712890625,0.007450103759765625,0.0,0.87451171875,0.3798828125
242,100,-2.047696828842163,0.0,-1.8675979375839233,-0.99853515625,0.048980712890625,0.007450103759765625,0.0,0.857421875,0.37939453125
243,98,-2.024245500564575,0.4832146465778351,-1.8816698789596558,-0.99853515625,0.05322265625,0.00702667236328125,0.0,0.85693359375,0.42431640625
244,101,-2.025794744491577,0.4766403138637543,-2.065325975418091,-0.99853515625,0.05316162109375,0.007030487060546875,0.0,0.87451171875,0.42431640625
245,99,-2.049229145050049,0.0,-2.053757905960083,-0.99853515625,0.048980712890625,0.007450103759765625,0.0,0.87451171875,0.3798828125
246,102,-2.007847785949707,0.7520334720611572,-1.9009851217269897,-0.97119140625,0.23876953125,-0.00037217140197753906,0.0,0.85693359375,0.451416015625
247,101,-2.025794744491577,0.4766403138637543,-2.065325975418091,-0.99853515625,0.05316162109375,0.007030487060546875,0.0,0.87451171875,0.42431640625
248,98,-2.024245500564575,0.4832146465778351,-1.8816698789596558,-0.99853515625,0.05322265625,0.00702667236328125,0.0,0.85693359375,0.42431640625
249,102,-2.007847785949707,0.7520334720611572,-1.9009851217269897,-0.97119140625,0.23876953125,-0.00037217140197753906,0.0,0.85693359375,0.451416015625
250,103,-2.009230852127075,0.7461365461349487,-2.0655674934387207,-0.97119140625,0.23876953125,-0.0003719329833984375,0.0,0.875,0.451416015625
251,101,-2.025794744491577,0.4766403138637543,-2.065325975418091,-0.99853515625,0.05316162109375,0.007030487060546875,0.0,0.87451171875,0.42431640625
252,104,-1.8654112815856934,1.0988104343414307,-1.922280192375183,-0.87841796875,0.478271484375,-0.00971221923828125,0.0,0.857421875,0.4951171875
253,103,-2.009230852127075,0.7461365461349487,-2.0655674934387207,-0.97119140625,0.23876953125,-0.0003719329833984375,0.0,0.875,0.451416015625
254,102,-2.007847785949707,0.7520334720611572,-1.9009851217269897,-0.97119140625,0.23876953125,-0.00037217140197753906,0.0,0.85693359375,0.451416015625
255,104,-1.8654112815856934,1.0988104343414307,-1.922280192375183,-0.87841796875,0.478271484375,-0.00971221923828125,0.0,0.857421875,0.4951171875
256,105,-1.8666735887527466,1.0934665203094482,-2.0715270042419434,-0.87841796875,0.478271484375,-0.00971221923828125,0.0,0.87451171875,0.4951171875
257,103,-2.009230852127075,0.7461365461349487,-2.0655674934387207,-0.97119140625,0.23876953125,-0.0003719329833984375,0.0,0.875,0.451416015625
258,105,-1.8666735887527466,1.0934665203094482,-2.0715270042419434,-0.87841796875,0.478271484375,-0.00971221923828125,0.0,0.87451171875,0.4951171875
259,104,-1.8654112815856934,1.0988104343414307,-1.922280192375183,-0.87841796875,0.478271484375,-0.00971221923828125,0.0,0.857421875,0.4951171875
260,106,-1.654305338859558,1.3791745901107788,-1.9516112804412842,-0.7724609375,0.634765625,-0.0161895751953125,0.0,0.859375,0.53564453125
261,105,-1.8666735887527466,1.0934665203094482,-2.0715270042419434,-0.87841796875,0.478271484375,-0.00971221923828125,0.0,0.87451171875,0.4951171875
262,106,-1.654305338859558,1.3791745901107788,-1.9516112804412842,-0.7724609375,0.634765625,-0.0161895751953125,0.0,0.859375,0.53564453125
263,107,-1.6552734375,1.3750840425491333,-2.065875291824341,-0.7724609375,0.634765625,-0.0161895751953125,0.0,0.87255859375,0.53564453125
264,107,-1.6552734375,1.3750840425491333,-2.065875291824341,-0.7724609375,0.634765625,-0.0161895751953125,0.0,0.87255859375,0.53564453125
265,106,-1.654305338859558,1.3791745901107788,-1.9516112804412842,-0.7724609375,0.634765625,-0.0161895751953125,0.0,0.859375,0.53564453125
266,108,-1.4173290729522705,1.6009800434112549,-2.0187644958496094,-0.68603515625,0.72705078125,-0.0202178955078125,0.0,0.86572265625,0.5732421875
267,109,-0.21198363602161407,0.6180524230003357,-0.23826171457767487,0.9404296875,0.06903076171875,0.33349609375,0.0,0.5498046875,0.2080078125
268,110,-0.301483154296875,0.6188889741897583,0.013801269233226776,0.9404296875,0.068603515625,0.33349609375,0.0,0.521484375,0.2080078125
269,111,-0.17232543230056763,0.035476844757795334,-0.2244580090045929,0.93994140625,0.0718994140625,0.33349609375,0.0,0.5498046875,0.269287109375
270,112,-0.24137450754642487,1.0170297622680664,-0.2352319210767746,0.91455078125,0.2412109375,0.323974609375,0.0,0.54833984375,0.166015625
271,110,-0.301483154296875,0.6188889741897583,0.013801269233226776,0.9404296875,0.068603515625,0.33349609375,0.0,0.521484375,0.2080078125
272,109,-0.21198363602161407,0.6180524230003357,-0.23826171457767487,0.9404296875,0.06903076171875,0.33349609375,0.0,0.5498046875,0.2080078125
273,112,-0.24137450754642487,1.0170297622680664,-0.2352319210767746,0.91455078125,0.2412109375,0.323974609375,0.0,0.54833984375,0.166015625
274,113,-0.32157713174819946,1.017782211303711,-0.009348144754767418,0.91455078125,0.2412109375,0.323974609375,0.0,0.52294921875,0.166015625
275,110,-0.301483154296875,0.6188889741897583,0.013801269233226776,0.9404296875,0.068603515625,0.33349609375,0.0,0.521484375,0.2080078125
276,114,-0.4433068633079529,1.530273675918579,-0.2967211902141571,0.82861328125,0.4775390625,0.29248046875,0.0,0.546875,0.10772705078125
277,113,-0.32157713174819946,1.017782211303711,-0.009348144754767418,0.91455078125,0.2412109375,0.323974609375,0.0,0.52294921875,0.166015625
278,112,-0.24137450754642487,1.0170297622680664,-0.2352319210767746,0.91455078125,0.2412109375,0.323974609375,0.0,0.54833984375,0.166015625
279,114,-0.4433068633079529,1.530273675918579,-0.2967211902141571,0.82861328125,0.4775390625,0.29248046875,0.0,0.546875,0.10772705078125
280,115,-0.5160388350486755,1.5309536457061768,-0.0918872058391571,0.82861328125,0.477783203125,0.29248046875,0.0,0.5244140625,0.10772705078125
281,113,-0.32157713174819946,1.017782211303711,-0.009348144754767418,0.91455078125,0.2412109375,0.323974609375,0.0,0.52294921875,0.166015625
282,116,-0.7438073754310608,1.9449313879013062,-0.3777123987674713,0.72998046875,0.63330078125,0.257080078125,0.0,0.54443359375,0.053375244140625
283,115,-0.5160388350486755,1.5309536457061768,-0.0918872058391571,0.82861328125,0.477783203125,0.29248046875,0.0,0.5244140625,0.10772705078125
284,114,-0.4433068633079529,1.530273675918579,-0.2967211902141571,0.82861328125,0.4775390625,0.29248046875,0.0,0.546875,0.10772705078125
285,116,-0.7438073754310608,1.9449313879013062,-0.3777123987674713,0.72998046875,0.63330078125,0.257080078125,0.0,0.54443359375,0.053375244140625
286,117,-0.799483597278595,1.9454500675201416,-0.22089354693889618,0.72998046875,0.63330078125,0.257080078125,0.0,0.52685546875,0.0533447265625
287,115,-0.5160388350486755,1.5309536457061768,-0.0918872058391571,0.82861328125,0.477783203125,0.29248046875,0.0,0.5244140625,0.10772705078125
288,117,-0.799483597278595,1.9454500675201416,-0.22089354693889618,0.72998046875,0.63330078125,0.257080078125,0.0,0.52685546875,0.0533447265625
289,116,-0.7438073754310608,1.9449313879013062,-0.3777123987674713,0.72998046875,0.63330078125,0.257080078125,0.0,0.54443359375,0.053375244140625
290,118,-1.0991125106811523,2.2747888565063477,-0.416633278131485,0.64892578125,0.72607421875,0.22802734375,0.0,0.53564453125,0.003040313720703125
291,119,0.7255187630653381,0.36772072315216064,0.4528857469558716,-0.5732421875,-0.00882720947265625,-0.8193359375,0.0,0.40966796875,0.67236328125
292,120,0.7256243228912354,0.0,0.4546343982219696,-0.5732421875,-0.004070281982421875,-0.8193359375,0.0,0.409423828125,0.63671875
293,121,0.5034923553466797,0.0,0.610041081905365,-0.5732421875,-0.004070281982421875,-0.8193359375,0.0,0.383544921875,0.63671875
294,119,0.7255187630653381,0.36772072315216064,0.4528857469558716,-0.5732421875,-0.00882720947265625,-0.8193359375,0.0,0.40966796875,0.67236328125
295,121,0.5034923553466797,0.0,0.610041081905365,-0.5732421875,-0.004070281982421875,-0.8193359375,0.0,0.383544921875,0.63671875
296,122,0.5063610672950745,0.3718417286872864,0.6061840653419495,-0.5732421875,-0.00885772705078125,-0.8193359375,0.0,0.383056640625,0.67236328125
297,122,0.5063610672950745,0.3718417286872864,0.6061840653419495,-0.5732421875,-0.00885772705078125,-0.8193359375,0.0,0.383056640625,0.67236328125
298,123,0.714617908000946,0.5933878421783447,0.4556909203529358,-0.56640625,0.1302490234375,-0.8134765625,0.0,0.4091796875,0.69580078125
299,119,0.7255187630653381,0.36772072315216064,0.4528857469558716,-0.5732421875,-0.00882720947265625,-0.8193359375,0.0,0.40966796875,0.67236328125
300,122,0.5063610672950745,0.3718417286872864,0.6061840653419495,-0.5732421875,-0.00885772705078125,-0.8193359375,0.0,0.383056640625,0.67236328125
301,124,0.5182238817214966,0.5970794558525085,0.5930639505386353,-0.56640625,0.13037109375,-0.8134765625,0.0,0.383544921875,0.69580078125
302,123,0.714617908000946,0.5933878421783447,0.4556909203529358,-0.56640625,0.1302490234375,-0.8134765625,0.0,0.4091796875,0.69580078125
303,123,0.714617908000946,0.5933878421783447,0.4556909203529358,-0.56640625,0.1302490234375,-0.8134765625,0.0,0.4091796875,0.69580078125
304,124,0.5182238817214966,0.5970794558525085,0.5930639505386353,-0.56640625,0.13037109375,-0.8134765625,0.0,0.383544921875,0.69580078125
305,125,0.5763000249862671,0.8962607979774475,0.6488476395606995,-0.5341796875,0.34326171875,-0.7724609375,0.0,0.38427734375,0.73046875
306,123,0.714617908000946,0.5933878421783447,0.4556909203529358,-0.56640625,0.1302490234375,-0.8134765625,0.0,0.4091796875,0.69580078125
307,125,0.5763000249862671,0.8962607979774475,0.6488476395606995,-0.5341796875,0.34326171875,-0.7724609375,0.0,0.38427734375,0.73046875
308,126,0.7543957233428955,0.892914891242981,0.524279773235321,-0.5341796875,0.34326171875,-0.7724609375,0.0,0.408447265625,0.73046875
309,127,0.6749792098999023,1.1450812816619873,0.739025890827179,-0.49169921875,0.495361328125,-0.71630859375,0.0,0.38720703125,0.76171875
310,126,0.7543957233428955,0.892914891242981,0.524279773235321,-0.5341796875,0.34326171875,-0.7724609375,0.0,0.408447265625,0.73046875
311,125,0.5763000249862671,0.8962607979774475,0.6488476395606995,-0.5341796875,0.34326171875,-0.7724609375,0.0,0.38427734375,0.73046875
312,127,0.6749792098999023,1.1450812816619873,0.739025890827179,-0.49169921875,0.495361328125,-0.71630859375,0.0,0.38720703125,0.76171875
313,128,0.8113354444503784,1.142521619796753,0.6436523199081421,-0.49169921875,0.495361328125,-0.71630859375,0.0,0.40576171875,0.76171875
314,126,0.7543957233428955,0.892914891242981,0.524279773235321,-0.5341796875,0.34326171875,-0.7724609375,0.0,0.408447265625,0.73046875
315,128,0.8113354444503784,1.142521619796753,0.6436523199081421,-0.49169921875,0.495361328125,-0.71630859375,0.0,0.40576171875,0.76171875
316,127,0.6749792098999023,1.1450812816619873,0.739025890827179,-0.49169921875,0.495361328125,-0.71630859375,0.0,0.38720703125,0.76171875
317,129,0.8327075242996216,1.3472716808319092,0.8140820264816284,-0.45166015625,0.59814453125,-0.662109375,0.0,0.396484375,0.7900390625
318,130,-0.9009789824485779,0.6268966794013977,-0.8633447289466858,0.93994140625,-0.070068359375,0.333984375,0.0,0.02850341796875,0.2462158203125
319,131,-1.0268967151641846,0.0,-0.6373796463012695,0.93994140625,-0.06842041015625,0.333984375,0.0,0.0019550323486328125,0.312255859375
320,132,-0.9415811896324158,0.0,-0.8774896264076233,0.93994140625,-0.06842041015625,0.333984375,0.0,0.028717041015625,0.312255859375
321,130,-0.9009789824485779,0.6268966794013977,-0.8633447289466858,0.93994140625,-0.070068359375,0.333984375,0.0,0.02850341796875,0.2462158203125
322,133,-0.9851440191268921,0.6276886463165283,-0.6263158917427063,0.93994140625,-0.070068359375,0.333984375,0.0,0.0020961761474609375,0.2462158203125
323,131,-1.0268967151641846,0.0,-0.6373796463012695,0.93994140625,-0.06842041015625,0.333984375,0.0,0.0019550323486328125,0.312255859375
324,134,-0.8709264993667603,1.1232997179031372,-0.8404101133346558,0.9404296875,0.0618896484375,0.333740234375,0.0,0.0271148681640625,0.1939697265625
325,133,-0.9851440191268921,0.6276886463165283,-0.6263158917427063,0.93994140625,-0.070068359375,0.333984375,0.0,0.0020961761474609375,0.2462158203125
326,130,-0.9009789824485779,0.6268966794013977,-0.8633447289466858,0.93994140625,-0.070068359375,0.333984375,0.0,0.02850341796875,0.2462158203125
327,134,-0.8709264993667603,1.1232997179031372,-0.8404101133346558,0.9404296875,0.0618896484375,0.333740234375,0.0,0.0271148681640625,0.1939697265625
328,135,-0.9463488459587097,1.1240134239196777,-0.6280053853988647,0.9404296875,0.061920166015625,0.333740234375,0.0,0.003444671630859375,0.1939697265625
329,133,-0.9851440191268921,0.6276886463165283,-0.6263158917427063,0.93994140625,-0.070068359375,0.333984375,0.0,0.0020961761474609375,0.2462158203125
330,136,-0.9845861792564392,1.7925111055374146,-0.8717700242996216,0.9111328125,0.257080078125,0.322509765625,0.0,0.025970458984375,0.12255859375
331,135,-0.9463488459587097,1.1240134239196777,-0.6280053853988647,0.9404296875,0.061920166015625,0.333740234375,0.0,0.003444671630859375,0.1939697265625
332,134,-0.8709264993667603,1.1232997179031372,-0.8404101133346558,0.9404296875,0.0618896484375,0.333740234375,0.0,0.0271148681640625,0.1939697265625
333,136,-0.9845861792564392,1.7925111055374146,-0.8717700242996216,0.9111328125,0.257080078125,0.322509765625,0.0,0.025970458984375,0.12255859375
334,137,-1.052978515625,1.79315185546875,-0.6791601181030273,0.9111328125,0.257080078125,0.322509765625,0.0,0.0045166015625,0.12261962890625
335,135,-0.9463488459587097,1.1240134239196777,-0.6280053853988647,0.9404296875,0.061920166015625,0.333740234375,0.0,0.003444671630859375,0.1939697265625
336,138,-1.2039709091186523,2.357431173324585,-0.9260668754577637,0.86181640625,0.405029296875,0.3046875,0.0,0.0234375,0.058746337890625
337,137,-1.052978515625,1.79315185546875,-0.6791601181030273,0.9111328125,0.257080078125,0.322509765625,0.0,0.0045166015625,0.12261962890625
338,136,-0.9845861792564392,1.7925111055374146,-0.8717700242996216,0.9111328125,0.257080078125,0.322509765625,0.0,0.025970458984375,0.12255859375
339,138,-1.2039709091186523,2.357431173324585,-0.9260668754577637,0.86181640625,0.405029296875,0.3046875,0.0,0.0234375,0.058746337890625
340,139,-1.2563402652740479,2.3579277992248535,-0.7786034941673279,0.86181640625,0.405029296875,0.3046875,0.0,0.006999969482421875,0.058746337890625
341,137,-1.052978515625,1.79315185546875,-0.6791601181030273,0.9111328125,0.257080078125,0.322509765625,0.0,0.0045166015625,0.12261962890625
342,139,-1.2563402652740479,2.3579277992248535,-0.7786034941673279,0.86181640625,0.405029296875,0.3046875,0.0,0.006999969482421875,0.058746337890625
343,138,-1.2039709091186523,2.357431173324585,-0.9260668754577637,0.86181640625,0.405029296875,0.3046875,0.0,0.0234375,0.058746337890625
344,140,-1.4866943359375,2.824296712875366,-0.9449267387390137,0.81396484375,0.50439453125,0.287353515625,0.0,0.01519012451171875,0.00199127197265625
345,141,-0.24119262397289276,0.605996310710907,-0.26601073145866394,-0.11260986328125,0.062103271484375,0.99169921875,0.0,0.455322265625,0.06549072265625
346,142,-0.5068578720092773,0.5962541699409485,-0.2955688536167145,-0.11260986328125,0.0625,0.99169921875,0.0,0.4833984375,0.06549072265625
347,143,-0.49272826313972473,0.01370646245777607,-0.25553953647613525,-0.11273193359375,0.06536865234375,0.99169921875,0.0,0.483642578125,0.004169464111328125
348,141,-0.24119262397289276,0.605996310710907,-0.26601073145866394,-0.11260986328125,0.062103271484375,0.99169921875,0.0,0.455322265625,0.06549072265625
349,144,-0.5043371319770813,0.9956049919128418,-0.3195458948612213,-0.115966796875,0.2347412109375,0.96533203125,0.0,0.481689453125,0.10748291015625
350,142,-0.5068578720092773,0.5962541699409485,-0.2955688536167145,-0.11260986328125,0.0625,0.99169921875,0.0,0.4833984375,0.06549072265625
351,141,-0.24119262397289276,0.605996310710907,-0.26601073145866394,-0.11260986328125,0.062103271484375,0.99169921875,0.0,0.455322265625,0.06549072265625
352,145,-0.266265869140625,1.0043432712554932,-0.29305174946784973,-0.11602783203125,0.2349853515625,0.96484375,0.0,0.45654296875,0.10748291015625
353,144,-0.5043371319770813,0.9956049919128418,-0.3195458948612213,-0.115966796875,0.2347412109375,0.96533203125,0.0,0.481689453125,0.10748291015625
354,145,-0.266265869140625,1.0043432712554932,-0.29305174946784973,-0.11602783203125,0.2349853515625,0.96484375,0.0,0.45654296875,0.10748291015625
355,146,-0.48826780915260315,1.510292887687683,-0.5265820026397705,-0.11456298828125,0.471435546875,0.87451171875,0.0,0.48046875,0.165771484375
356,144,-0.5043371319770813,0.9956049919128418,-0.3195458948612213,-0.115966796875,0.2347412109375,0.96533203125,0.0,0.481689453125,0.10748291015625
357,145,-0.266265869140625,1.0043432712554932,-0.29305174946784973,-0.11602783203125,0.2349853515625,0.96484375,0.0,0.45654296875,0.10748291015625
358,147,-0.2723791301250458,1.518211841583252,-0.5025683641433716,-0.11456298828125,0.4716796875,0.87451171875,0.0,0.457763671875,0.165771484375
359,146,-0.48826780915260315,1.510292887687683,-0.5265820026397705,-0.11456298828125,0.471435546875,0.87451171875,0.0,0.48046875,0.165771484375
360,148,-0.4435046315193176,1.927605390548706,-0.8310912847518921,-0.1087646484375,0.6279296875,0.7705078125,0.0,0.477783203125,0.2200927734375
361,146,-0.48826780915260315,1.510292887687683,-0.5265820026397705,-0.11456298828125,0.471435546875,0.87451171875,0.0,0.48046875,0.165771484375
362,147,-0.2723791301250458,1.518211841583252,-0.5025683641433716,-0.11456298828125,0.4716796875,0.87451171875,0.0,0.457763671875,0.165771484375
363,148,-0.4435046315193176,1.927605390548706,-0.8310912847518921,-0.1087646484375,0.6279296875,0.7705078125,0.0,0.477783203125,0.2200927734375
364,147,-0.2723791301250458,1.518211841583252,-0.5025683641433716,-0.11456298828125,0.4716796875,0.87451171875,0.0,0.457763671875,0.165771484375
365,149,-0.27821654081344604,1.9336665868759155,-0.8127050399780273,-0.1087646484375,0.6279296875,0.7705078125,0.0,0.46044921875,0.2200927734375
366,148,-0.4435046315193176,1.927605390548706,-0.8310912847518921,-0.1087646484375,0.6279296875,0.7705078125,0.0,0.477783203125,0.2200927734375
367,149,-0.27821654081344604,1.9336665868759155,-0.8127050399780273,-0.1087646484375,0.6279296875,0.7705078125,0.0,0.46044921875,0.2200927734375
368,150,-0.3342297375202179,2.26234769821167,-1.1667797565460205,-0.1026611328125,0.720703125,0.685546875,0.0,0.468994140625,0.2705078125
369,151,-1.295282006263733,0.5099424123764038,-1.1567504405975342,-0.155517578125,-0.016510009765625,0.98779296875,0.0,0.591796875,0.068115234375
370,152,-1.5618356466293335,0.0,-1.206767201423645,-0.155517578125,-0.01560211181640625,0.98779296875,0.0,0.61865234375,0.0135345458984375
371,153,-1.309809684753418,0.0,-1.1670986413955688,-0.155517578125,-0.01560211181640625,0.98779296875,0.0,0.591796875,0.0145416259765625
372,151,-1.295282006263733,0.5099424123764038,-1.1567504405975342,-0.155517578125,-0.016510009765625,0.98779296875,0.0,0.591796875,0.068115234375
373,154,-1.5434924364089966,0.5276883840560913,-1.1955517530441284,-0.155517578125,-0.0165557861328125,0.98779296875,0.0,0.6181640625,0.0689697265625
374,152,-1.5618356466293335,0.0,-1.206767201423645,-0.155517578125,-0.01560211181640625,0.98779296875,0.0,0.61865234375,0.0135345458984375
375,155,-1.2953722476959229,0.9199227690696716,-1.1493628025054932,-0.150146484375,0.0574951171875,0.98681640625,0.0,0.59326171875,0.11114501953125
376,154,-1.5434924364089966,0.5276883840560913,-1.1955517530441284,-0.155517578125,-0.0165557861328125,0.98779296875,0.0,0.6181640625,0.0689697265625
377,151,-1.295282006263733,0.5099424123764038,-1.1567504405975342,-0.155517578125,-0.016510009765625,0.98779296875,0.0,0.591796875,0.068115234375
378,155,-1.2953722476959229,0.9199227690696716,-1.1493628025054932,-0.150146484375,0.0574951171875,0.98681640625,0.0,0.59326171875,0.11114501953125
379,156,-1.5178039073944092,0.935825765132904,-1.1841356754302979,-0.14990234375,0.06072998046875,0.98681640625,0.0,0.6171875,0.1119384765625
380,154,-1.5434924364089966,0.5276883840560913,-1.1955517530441284,-0.155517578125,-0.0165557861328125,0.98779296875,0.0,0.6181640625,0.0689697265625
381,157,-1.2765796184539795,1.465920090675354,-1.2158373594284058,-0.139892578125,0.1739501953125,0.974609375,0.0,0.5947265625,0.1689453125
382,156,-1.5178039073944092,0.935825765132904,-1.1841356754302979,-0.14990234375,0.06072998046875,0.98681640625,0.0,0.6171875,0.1119384765625
383,155,-1.2953722476959229,0.9199227690696716,-1.1493628025054932,-0.150146484375,0.0574951171875,0.98681640625,0.0,0.59326171875,0.11114501953125
384,157,-1.2765796184539795,1.465920090675354,-1.2158373594284058,-0.139892578125,0.1739501953125,0.974609375,0.0,0.5947265625,0.1689453125
385,158,-1.4782836437225342,1.4803411960601807,-1.2473632097244263,-0.1396484375,0.1767578125,0.97412109375,0.0,0.6162109375,0.169677734375
386,156,-1.5178039073944092,0.935825765132904,-1.1841356754302979,-0.14990234375,0.06072998046875,0.98681640625,0.0,0.6171875,0.1119384765625
387,159,-1.266607642173767,1.9231629371643066,-1.332922339439392,-0.129638671875,0.271240234375,0.95361328125,0.0,0.59716796875,0.2183837890625
388,158,-1.4782836437225342,1.4803411960601807,-1.2473632097244263,-0.1396484375,0.1767578125,0.97412109375,0.0,0.6162109375,0.169677734375
389,157,-1.2765796184539795,1.465920090675354,-1.2158373594284058,-0.139892578125,0.1739501953125,0.974609375,0.0,0.5947265625,0.1689453125
390,159,-1.266607642173767,1.9231629371643066,-1.332922339439392,-0.129638671875,0.271240234375,0.95361328125,0.0,0.59716796875,0.2183837890625
391,160,-1.4210338592529297,1.934204339981079,-1.3570556640625,-0.1295166015625,0.272705078125,0.953125,0.0,0.61376953125,0.218994140625
392,158,-1.4782836437225342,1.4803411960601807,-1.2473632097244263,-0.1396484375,0.1767578125,0.97412109375,0.0,0.6162109375,0.169677734375
393,160,-1.4210338592529297,1.934204339981079,-1.3570556640625,-0.1295166015625,0.272705078125,0.953125,0.0,0.61376953125,0.218994140625
394,159,-1.266607642173767,1.9231629371643066,-1.332922339439392,-0.129638671875,0.271240234375,0.95361328125,0.0,0.59716796875,0.2183837890625
395,161,-1.3098254203796387,2.3017609119415283,-1.4792284965515137,-0.12066650390625,0.345703125,0.9306640625,0.0,0.60546875,0.260498046875
396,162,0.4950597584247589,0.0,0.9121925234794617,-0.67919921875,0.233642578125,-0.69580078125,0.0,0.916015625,0.017974853515625
397,163,0.7147924900054932,0.5597285628318787,0.8856371641159058,-0.68505859375,0.260986328125,-0.68017578125,0.0,0.9443359375,0.07073974609375
398,164,0.6894292831420898,0.0,0.7310826182365417,-0.67919921875,0.233642578125,-0.69580078125,0.0,0.94189453125,0.01305389404296875
399,162,0.4950597584247589,0.0,0.9121925234794617,-0.67919921875,0.233642578125,-0.69580078125,0.0,0.916015625,0.017974853515625
400,165,0.5225109457969666,0.4999881684780121,1.0620800256729126,-0.6845703125,0.25927734375,-0.68115234375,0.0,0.91748046875,0.0699462890625
401,163,0.7147924900054932,0.5597285628318787,0.8856371641159058,-0.68505859375,0.260986328125,-0.68017578125,0.0,0.9443359375,0.07073974609375
402,166,0.5527880787849426,0.8034633994102478,1.173134684562683,-0.68359375,0.402099609375,-0.60888671875,0.0,0.91748046875,0.10345458984375
403,163,0.7147924900054932,0.5597285628318787,0.8856371641159058,-0.68505859375,0.260986328125,-0.68017578125,0.0,0.9443359375,0.07073974609375
404,165,0.5225109457969666,0.4999881684780121,1.0620800256729126,-0.6845703125,0.25927734375,-0.68115234375,0.0,0.91748046875,0.0699462890625
405,166,0.5527880787849426,0.8034633994102478,1.173134684562683,-0.68359375,0.402099609375,-0.60888671875,0.0,0.91748046875,0.10345458984375
406,167,0.7250939607620239,0.8570023775100708,1.015017032623291,-0.68359375,0.40283203125,-0.6083984375,0.0,0.94287109375,0.10394287109375
407,163,0.7147924900054932,0.5597285628318787,0.8856371641159058,-0.68505859375,0.260986328125,-0.68017578125,0.0,0.9443359375,0.07073974609375
408,168,0.6460436582565308,1.1775472164154053,1.3800146579742432,-0.65478515625,0.537109375,-0.53173828125,0.0,0.91796875,0.1510009765625
409,167,0.7250939607620239,0.8570023775100708,1.015017032623291,-0.68359375,0.40283203125,-0.6083984375,0.0,0.94287109375,0.10394287109375
410,166,0.5527880787849426,0.8034633994102478,1.173134684562683,-0.68359375,0.402099609375,-0.60888671875,0.0,0.91748046875,0.10345458984375
411,168,0.6460436582565308,1.1775472164154053,1.3800146579742432,-0.65478515625,0.537109375,-0.53173828125,0.0,0.91796875,0.1510009765625
412,169,0.8022936582565308,1.22609543800354,1.2366307973861694,-0.65478515625,0.53759765625,-0.53125,0.0,0.94189453125,0.151123046875
413,167,0.7250939607620239,0.8570023775100708,1.015017032623291,-0.68359375,0.40283203125,-0.6083984375,0.0,0.94287109375,0.10394287109375
414,170,0.7800695896148682,1.4716538190841675,1.5835082530975342,-0.61865234375,0.63818359375,-0.458251953125,0.0,0.9208984375,0.1937255859375
415,169,0.8022936582565308,1.22609543800354,1.2366307973861694,-0.65478515625,0.53759765625,-0.53125,0.0,0.94189453125,0.151123046875
416,168,0.6460436582565308,1.1775472164154053,1.3800146579742432,-0.65478515625,0.537109375,-0.53173828125,0.0,0.91796875,0.1510009765625
417,170,0.7800695896148682,1.4716538190841675,1.5835082530975342,-0.61865234375,0.63818359375,-0.458251953125,0.0,0.9208984375,0.1937255859375
418,171,0.8996984958648682,1.5088266134262085,1.473732829093933,-0.61865234375,0.63818359375,-0.4580078125,0.0,0.939453125,0.1937255859375
419,169,0.8022936582565308,1.22609543800354,1.2366307973861694,-0.65478515625,0.53759765625,-0.53125,0.0,0.94189453125,0.151123046875
420,171,0.8996984958648682,1.5088266134262085,1.473732829093933,-0.61865234375,0.63818359375,-0.4580078125,0.0,0.939453125,0.1937255859375
421,170,0.7800695896148682,1.4716538190841675,1.5835082530975342,-0.61865234375,0.63818359375,-0.458251953125,0.0,0.9208984375,0.1937255859375
422,172,0.9657702445983887,1.7110388278961182,1.7379150390625,-0.583984375,0.70849609375,-0.396240234375,0.0,0.93017578125,0.2308349609375
423,173,-2.039842367172241,0.47561296820640564,-1.6745116710662842,-0.60546875,0.059234619140625,-0.79345703125,0.0,0.59716796875,0.462890625
424,174,-1.907651424407959,0.0,-1.8081086874008179,-0.60546875,0.0546875,-0.7939453125,0.0,0.61474609375,0.418212890625
425,175,-2.0557785034179688,0.0,-1.695139765739441,-0.60546875,0.0546875,-0.7939453125,0.0,0.59716796875,0.418212890625
426,173,-2.039842367172241,0.47561296820640564,-1.6745116710662842,-0.60546875,0.059234619140625,-0.79345703125,0.0,0.59716796875,0.462890625
427,176,-1.8937023878097534,0.4761736989021301,-1.785958170890808,-0.60546875,0.059234619140625,-0.79345703125,0.0,0.615234375,0.462890625
428,174,-1.907651424407959,0.0,-1.8081086874008179,-0.60546875,0.0546875,-0.7939453125,0.0,0.61474609375,0.418212890625
429,177,-2.021791934967041,0.7448533177375793,-1.665220856666565,-0.58837890625,0.245361328125,-0.7705078125,0.0,0.59716796875,0.489990234375
430,176,-1.8937023878097534,0.4761736989021301,-1.785958170890808,-0.60546875,0.059234619140625,-0.79345703125,0.0,0.615234375,0.462890625
431,173,-2.039842367172241,0.47561296820640564,-1.6745116710662842,-0.60546875,0.059234619140625,-0.79345703125,0.0,0.59716796875,0.462890625
432,177,-2.021791934967041,0.7448533177375793,-1.665220856666565,-0.58837890625,0.245361328125,-0.7705078125,0.0,0.59716796875,0.489990234375
433,178,-1.890838623046875,0.7453613877296448,-1.7650927305221558,-0.58837890625,0.245361328125,-0.7705078125,0.0,0.615234375,0.489990234375
434,176,-1.8937023878097534,0.4761736989021301,-1.785958170890808,-0.60546875,0.059234619140625,-0.79345703125,0.0,0.615234375,0.462890625
435,179,-1.9286693334579468,1.0912086963653564,-1.554024577140808,-0.53173828125,0.484375,-0.69482421875,0.0,0.59765625,0.533203125
436,178,-1.890838623046875,0.7453613877296448,-1.7650927305221558,-0.58837890625,0.245361328125,-0.7705078125,0.0,0.615234375,0.489990234375
437,177,-2.021791934967041,0.7448533177375793,-1.665220856666565,-0.58837890625,0.245361328125,-0.7705078125,0.0,0.59716796875,0.489990234375
438,179,-1.9286693334579468,1.0912086963653564,-1.554024577140808,-0.53173828125,0.484375,-0.69482421875,0.0,0.59765625,0.533203125
439,180,-1.809914469718933,1.0916677713394165,-1.644590973854065,-0.53173828125,0.484375,-0.69482421875,0.0,0.61474609375,0.533203125
440,178,-1.890838623046875,0.7453613877296448,-1.7650927305221558,-0.58837890625,0.245361328125,-0.7705078125,0.0,0.615234375,0.489990234375
441,181,-1.7861510515213013,1.3710384368896484,-1.3946032524108887,-0.46728515625,0.64013671875,-0.609375,0.0,0.599609375,0.57373046875
442,180,-1.809914469718933,1.0916677713394165,-1.644590973854065,-0.53173828125,0.484375,-0.69482421875,0.0,0.61474609375,0.533203125
443,179,-1.9286693334579468,1.0912086963653564,-1.554024577140808,-0.53173828125,0.484375,-0.69482421875,0.0,0.59765625,0.533203125
444,181,-1.7861510515213013,1.3710384368896484,-1.3946032524108887,-0.46728515625,0.64013671875,-0.609375,0.0,0.599609375,0.57373046875
445,182,-1.6952356100082397,1.3713847398757935,-1.4639391899108887,-0.46728515625,0.64013671875,-0.609375,0.0,0.61279296875,0.57373046875
446,180,-1.809914469718933,1.0916677713394165,-1.644590973854065,-0.53173828125,0.484375,-0.69482421875,0.0,0.61474609375,0.533203125
447,182,-1.6952356100082397,1.3713847398757935,-1.4639391899108887,-0.46728515625,0.64013671875,-0.609375,0.0,0.61279296875,0.57373046875
448,181,-1.7861510515213013,1.3710384368896484,-1.3946032524108887,-0.46728515625,0.64013671875,-0.609375,0.0,0.599609375,0.57373046875
449,183,-1.5962963104248047,1.5936380624771118,-1.2388110160827637,-0.414794921875,0.73193359375,-0.54052734375,0.0,0.60595703125,0.61083984375
450,184,-2.314284563064575,0.5285797119140625,-2.1094932556152344,0.51416015625,0.031982421875,0.85693359375,0.0,0.6328125,0.3505859375
451,185,-2.4612765312194824,0.0,-2.0023388862609863,0.51416015625,0.030731201171875,0.85693359375,0.0,0.6142578125,0.40234375
452,186,-2.3015506267547607,0.0,-2.0982048511505127,0.51416015625,0.030731201171875,0.85693359375,0.0,0.6328125,0.40234375
453,184,-2.314284563064575,0.5285797119140625,-2.1094932556152344,0.51416015625,0.031982421875,0.85693359375,0.0,0.6328125,0.3505859375
454,187,-2.471857786178589,0.5269652605056763,-2.0149145126342773,0.51416015625,0.031982421875,0.85693359375,0.0,0.6142578125,0.3505859375
455,185,-2.4612765312194824,0.0,-2.0023388862609863,0.51416015625,0.030731201171875,0.85693359375,0.0,0.6142578125,0.40234375
456,188,-2.330812931060791,0.860762894153595,-2.112823486328125,0.50927734375,0.128662109375,0.85107421875,0.0,0.63232421875,0.316650390625
457,187,-2.471857786178589,0.5269652605056763,-2.0149145126342773,0.51416015625,0.031982421875,0.85693359375,0.0,0.6142578125,0.3505859375
458,184,-2.314284563064575,0.5285797119140625,-2.1094932556152344,0.51416015625,0.031982421875,0.85693359375,0.0,0.6328125,0.3505859375
459,188,-2.330812931060791,0.860762894153595,-2.112823486328125,0.50927734375,0.128662109375,0.85107421875,0.0,0.63232421875,0.316650390625
460,189,-2.4720141887664795,0.8593178391456604,-2.0280675888061523,0.50927734375,0.128662109375,0.85107421875,0.0,0.61474609375,0.316650390625
461,187,-2.471857786178589,0.5269652605056763,-2.0149145126342773,0.51416015625,0.031982421875,0.85693359375,0.0,0.6142578125,0.3505859375
462,190,-2.388617992401123,1.2990676164627075,-2.1867430210113525,0.49365234375,0.268798828125,0.8271484375,0.0,0.6318359375,0.266845703125
463,189,-2.4720141887664795,0.8593178391456604,-2.0280675888061523,0.50927734375,0.128662109375,0.85107421875,0.0,0.61474609375,0.316650390625
464,188,-2.330812931060791,0.860762894153595,-2.112823486328125,0.50927734375,0.128662109375,0.85107421875,0.0,0.63232421875,0.316650390625
465,190,-2.388617992401123,1.2990676164627075,-2.1867430210113525,0.49365234375,0.268798828125,0.8271484375,0.0,0.6318359375,0.266845703125
466,191,-2.516660213470459,1.2977545261383057,-2.109888792037964,0.49365234375,0.268798828125,0.8271484375,0.0,0.615234375,0.266845703125
467,189,-2.4720141887664795,0.8593178391456604,-2.0280675888061523,0.50927734375,0.128662109375,0.85107421875,0.0,0.61474609375,0.316650390625
468,192,-2.477098226547241,1.6617026329040527,-2.2939720153808594,0.472900390625,0.381591796875,0.79443359375,0.0,0.6298828125,0.2235107421875
469,191,-2.516660213470459,1.2977545261383057,-2.109888792037964,0.49365234375,0.268798828125,0.8271484375,0.0,0.615234375,0.266845703125
470,190,-2.388617992401123,1.2990676164627075,-2.1867430210113525,0.49365234375,0.268798828125,0.8271484375,0.0,0.6318359375,0.266845703125
471,192,-2.477098226547241,1.6617026329040527,-2.2939720153808594,0.472900390625,0.381591796875,0.79443359375,0.0,0.6298828125,0.2235107421875
472,193,-2.5751304626464844,1.6606976985931396,-2.235128164291382,0.472900390625,0.381591796875,0.79443359375,0.0,0.6171875,0.2235107421875
473,191,-2.516660213470459,1.2977545261383057,-2.109888792037964,0.49365234375,0.268798828125,0.8271484375,0.0,0.615234375,0.266845703125
474,193,-2.5751304626464844,1.6606976985931396,-2.235128164291382,0.472900390625,0.381591796875,0.79443359375,0.0,0.6171875,0.2235107421875
475,192,-2.477098226547241,1.6617026329040527,-2.2939720153808594,0.472900390625,0.381591796875,0.79443359375,0.0,0.6298828125,0.2235107421875
476,194,-2.607731819152832,1.955889105796814,-2.395502805709839,0.452392578125,0.4638671875,0.76171875,0.0,0.62353515625,0.1866455078125
477,195,-1.022042155265808,1.3074201345443726,-1.7435717582702637,0.218505859375,0.64111328125,0.73583984375,0.0,0.5224609375,0.468017578125
478,196,-0.8718676567077637,1.3067301511764526,-1.7875804901123047,0.218505859375,0.64111328125,0.73583984375,0.0,0.541015625,0.468017578125
479,197,-0.9976220726966858,1.4724680185317993,-1.9397192001342773,0.192626953125,0.73876953125,0.6455078125,0.0,0.53173828125,0.438720703125
480,196,-0.8718676567077637,1.3067301511764526,-1.7875804901123047,0.218505859375,0.64111328125,0.73583984375,0.0,0.541015625,0.468017578125
481,195,-1.022042155265808,1.3074201345443726,-1.7435717582702637,0.218505859375,0.64111328125,0.73583984375,0.0,0.5224609375,0.468017578125
482,198,-0.9969409108161926,1.0838019847869873,-1.5710375308990479,0.2457275390625,0.499755859375,0.83056640625,0.0,0.51953125,0.50341796875
483,196,-0.8718676567077637,1.3067301511764526,-1.7875804901123047,0.218505859375,0.64111328125,0.73583984375,0.0,0.541015625,0.468017578125
484,198,-0.9969409108161926,1.0838019847869873,-1.5710375308990479,0.2457275390625,0.499755859375,0.83056640625,0.0,0.51953125,0.50341796875
485,199,-0.8007922172546387,1.082907795906067,-1.6285277605056763,0.2457275390625,0.49951171875,0.83056640625,0.0,0.54345703125,0.50341796875
486,199,-0.8007922172546387,1.082907795906067,-1.6285277605056763,0.2457275390625,0.49951171875,0.83056640625,0.0,0.54345703125,0.50341796875
487,198,-0.9969409108161926,1.0838019847869873,-1.5710375308990479,0.2457275390625,0.499755859375,0.83056640625,0.0,0.51953125,0.50341796875
488,200,-0.968780517578125,0.7855603098869324,-1.435341715812683,0.2685546875,0.3125,0.9111328125,0.0,0.51953125,0.5400390625
489,199,-0.8007922172546387,1.082907795906067,-1.6285277605056763,0.2457275390625,0.49951171875,0.83056640625,0.0,0.54345703125,0.50341796875
490,200,-0.968780517578125,0.7855603098869324,-1.435341715812683,0.2685546875,0.3125,0.9111328125,0.0,0.51953125,0.5400390625
491,201,-0.7524780035018921,0.7845721244812012,-1.4987329244613647,0.2685546875,0.312255859375,0.9111328125,0.0,0.54345703125,0.5400390625
492,202,-0.9684655666351318,0.5368320941925049,-1.3859106302261353,0.27880859375,0.143310546875,0.94970703125,0.0,0.51953125,0.5654296875
493,201,-0.7524780035018921,0.7845721244812012,-1.4987329244613647,0.2685546875,0.312255859375,0.9111328125,0.0,0.54345703125,0.5400390625
494,200,-0.968780517578125,0.7855603098869324,-1.435341715812683,0.2685546875,0.3125,0.9111328125,0.0,0.51953125,0.5400390625
495,202,-0.9684655666351318,0.5368320941925049,-1.3859106302261353,0.27880859375,0.143310546875,0.94970703125,0.0,0.51953125,0.5654296875
496,203,-0.7270837426185608,0.5357343554496765,-1.456642985343933,0.27880859375,0.143310546875,0.94970703125,0.0,0.5439453125,0.5654296875
497,201,-0.7524780035018921,0.7845721244812012,-1.4987329244613647,0.2685546875,0.312255859375,0.9111328125,0.0,0.54345703125,0.5400390625
498,204,-0.7071744203567505,0.0,-1.392512321472168,0.279541015625,0.1243896484375,0.9521484375,0.0,0.5439453125,0.6162109375
499,203,-0.7270837426185608,0.5357343554496765,-1.456642985343933,0.27880859375,0.143310546875,0.94970703125,0.0,0.5439453125,0.5654296875
500,202,-0.9684655666351318,0.5368320941925049,-1.3859106302261353,0.27880859375,0.143310546875,0.94970703125,0.0,0.51953125,0.5654296875
501,204,-0.7071744203567505,0.0,-1.392512321472168,0.279541015625,0.1243896484375,0.9521484375,0.0,0.5439453125,0.6162109375
502,202,-0.9684655666351318,0.5368320941925049,-1.3859106302261353,0.27880859375,0.143310546875,0.94970703125,0.0,0.51953125,0.5654296875
503,205,-0.951981246471405,0.0,-1.3206214904785156,0.279541015625,0.1243896484375,0.9521484375,0.0,0.52001953125,0.6162109375
504,206,-2.389360189437866,0.8458306789398193,-2.691873788833618,0.65576171875,0.50927734375,0.5576171875,0.0,0.37744140625,0.80029296875
505,207,-2.3154430389404297,0.846210777759552,-2.7791149616241455,0.65576171875,0.50927734375,0.5576171875,0.0,0.391357421875,0.80029296875
506,208,-2.433181047439575,0.9824866056442261,-2.8033385276794434,0.6025390625,0.61181640625,0.51318359375,0.0,0.384521484375,0.779296875
507,207,-2.3154430389404297,0.846210777759552,-2.7791149616241455,0.65576171875,0.50927734375,0.5576171875,0.0,0.391357421875,0.80029296875
508,206,-2.389360189437866,0.8458306789398193,-2.691873788833618,0.65576171875,0.50927734375,0.5576171875,0.0,0.37744140625,0.80029296875
509,209,-2.3308677673339844,0.6783166527748108,-2.6201109886169434,0.7119140625,0.3564453125,0.60498046875,0.0,0.37548828125,0.82421875
510,207,-2.3154430389404297,0.846210777759552,-2.7791149616241455,0.65576171875,0.50927734375,0.5576171875,0.0,0.391357421875,0.80029296875
511,209,-2.3308677673339844,0.6783166527748108,-2.6201109886169434,0.7119140625,0.3564453125,0.60498046875,0.0,0.37548828125,0.82421875
512,210,-2.2343273162841797,0.6788133382797241,-2.734057664871216,0.7119140625,0.3564453125,0.60498046875,0.0,0.3935546875,0.82421875
513,210,-2.2343273162841797,0.6788133382797241,-2.734057664871216,0.7119140625,0.3564453125,0.60498046875,0.0,0.3935546875,0.82421875
514,209,-2.3308677673339844,0.6783166527748108,-2.6201109886169434,0.7119140625,0.3564453125,0.60498046875,0.0,0.37548828125,0.82421875
515,211,-2.2927207946777344,0.47670432925224304,-2.5786094665527344,0.7548828125,0.1407470703125,0.64013671875,0.0,0.375732421875,0.8486328125
516,210,-2.2343273162841797,0.6788133382797241,-2.734057664871216,0.7119140625,0.3564453125,0.60498046875,0.0,0.3935546875,0.82421875
517,211,-2.2927207946777344,0.47670432925224304,-2.5786094665527344,0.7548828125,0.1407470703125,0.64013671875,0.0,0.375732421875,0.8486328125
518,212,-2.1862547397613525,0.4772537648677826,-2.704272508621216,0.7548828125,0.1407470703125,0.64013671875,0.0,0.393310546875,0.8486328125
519,213,-2.2996814250946045,0.3244950473308563,-2.572662353515625,0.76318359375,-0.005031585693359375,0.646484375,0.0,0.3759765625,0.86328125
520,212,-2.1862547397613525,0.4772537648677826,-2.704272508621216,0.7548828125,0.1407470703125,0.64013671875,0.0,0.393310546875,0.8486328125
521,211,-2.2927207946777344,0.47670432925224304,-2.5786094665527344,0.7548828125,0.1407470703125,0.64013671875,0.0,0.375732421875,0.8486328125
522,213,-2.2996814250946045,0.3244950473308563,-2.572662353515625,0.76318359375,-0.005031585693359375,0.646484375,0.0,0.3759765625,0.86328125
523,214,-2.180875301361084,0.32510843873023987,-2.7128844261169434,0.76318359375,-0.005031585693359375,0.646484375,0.0,0.39306640625,0.86328125
524,212,-2.1862547397613525,0.4772537648677826,-2.704272508621216,0.7548828125,0.1407470703125,0.64013671875,0.0,0.393310546875,0.8486328125
525,215,-2.1804428100585938,0.0,-2.714953660964966,0.76318359375,-0.0030918121337890625,0.646484375,0.0,0.39306640625,0.89306640625
526,214,-2.180875301361084,0.32510843873023987,-2.7128844261169434,0.76318359375,-0.005031585693359375,0.646484375,0.0,0.39306640625,0.86328125
527,213,-2.2996814250946045,0.3244950473308563,-2.572662353515625,0.76318359375,-0.005031585693359375,0.646484375,0.0,0.3759765625,0.86328125
528,215,-2.1804428100585938,0.0,-2.714953660964966,0.76318359375,-0.0030918121337890625,0.646484375,0.0,0.39306640625,0.89306640625
529,213,-2.2996814250946045,0.3244950473308563,-2.572662353515625,0.76318359375,-0.005031585693359375,0.646484375,0.0,0.3759765625,0.86328125
530,216,-2.3008110523223877,0.0,-2.5728774070739746,0.76318359375,-0.0030918121337890625,0.646484375,0.0,0.3759765625,0.89306640625
531,217,-0.26237547397613525,1.932636022567749,-1.6616064310073853,0.27392578125,0.240966796875,0.93115234375,0.0,0.57958984375,0.21728515625
532,218,-0.11219970136880875,1.931946039199829,-1.7056127786636353,0.27392578125,0.2408447265625,0.93115234375,0.0,0.56298828125,0.21728515625
533,219,-0.2220471203327179,2.3140482902526855,-1.805141568183899,0.268310546875,0.314208984375,0.91064453125,0.0,0.5712890625,0.259521484375
534,218,-0.11219970136880875,1.931946039199829,-1.7056127786636353,0.27392578125,0.2408447265625,0.93115234375,0.0,0.56298828125,0.21728515625
535,217,-0.26237547397613525,1.932636022567749,-1.6616064310073853,0.27392578125,0.240966796875,0.93115234375,0.0,0.57958984375,0.21728515625
536,220,-0.2572863698005676,1.4697703123092651,-1.5555028915405273,0.27880859375,0.1448974609375,0.94921875,0.0,0.58203125,0.16748046875
537,218,-0.11219970136880875,1.931946039199829,-1.7056127786636353,0.27392578125,0.2408447265625,0.93115234375,0.0,0.56298828125,0.21728515625
538,220,-0.2572863698005676,1.4697703123092651,-1.5555028915405273,0.27880859375,0.1448974609375,0.94921875,0.0,0.58203125,0.16748046875
539,221,-0.06113647297024727,1.4688688516616821,-1.6129833459854126,0.27880859375,0.144775390625,0.94921875,0.0,0.560546875,0.16748046875
540,222,-0.25389403104782104,0.920150101184845,-1.5023754835128784,0.28125,0.0288848876953125,0.958984375,0.0,0.5830078125,0.1094970703125
541,221,-0.06113647297024727,1.4688688516616821,-1.6129833459854126,0.27880859375,0.144775390625,0.94921875,0.0,0.560546875,0.16748046875
542,220,-0.2572863698005676,1.4697703123092651,-1.5555028915405273,0.27880859375,0.1448974609375,0.94921875,0.0,0.58203125,0.16748046875
543,222,-0.25389403104782104,0.920150101184845,-1.5023754835128784,0.28125,0.0288848876953125,0.958984375,0.0,0.5830078125,0.1094970703125
544,223,-0.037586670368909836,0.9191544651985168,-1.5657567977905273,0.28125,0.0286865234375,0.958984375,0.0,0.55908203125,0.1094970703125
545,221,-0.06113647297024727,1.4688688516616821,-1.6129833459854126,0.27880859375,0.144775390625,0.94921875,0.0,0.560546875,0.16748046875
546,224,-0.2728283703327179,0.511495053768158,-1.5173925161361694,0.28076171875,-0.046966552734375,0.95849609375,0.0,0.583984375,0.0665283203125
547,223,-0.037586670368909836,0.9191544651985168,-1.5657567977905273,0.28125,0.0286865234375,0.958984375,0.0,0.55908203125,0.1094970703125
548,222,-0.25389403104782104,0.920150101184845,-1.5023754835128784,0.28125,0.0288848876953125,0.958984375,0.0,0.5830078125,0.1094970703125
549,224,-0.2728283703327179,0.511495053768158,-1.5173925161361694,0.28076171875,-0.046966552734375,0.95849609375,0.0,0.583984375,0.0665283203125
550,225,-0.03144775331020355,0.5103816390037537,-1.588134765625,0.28076171875,-0.046966552734375,0.95849609375,0.0,0.5576171875,0.0665283203125
551,223,-0.037586670368909836,0.9191544651985168,-1.5657567977905273,0.28125,0.0286865234375,0.958984375,0.0,0.55908203125,0.1094970703125
552,225,-0.03144775331020355,0.5103816390037537,-1.588134765625,0.28076171875,-0.046966552734375,0.95849609375,0.0,0.5576171875,0.0665283203125
553,224,-0.2728283703327179,0.511495053768158,-1.5173925161361694,0.28076171875,-0.046966552734375,0.95849609375,0.0,0.583984375,0.0665283203125
554,226,-0.28206995129585266,0.0,-1.5392357110977173,0.28076171875,-0.0460205078125,0.95849609375,0.0,0.58447265625,0.0127410888671875
555,225,-0.03144775331020355,0.5103816390037537,-1.588134765625,0.28076171875,-0.046966552734375,0.95849609375,0.0,0.5576171875,0.0665283203125
556,226,-0.28206995129585266,0.0,-1.5392357110977173,0.28076171875,-0.0460205078125,0.95849609375,0.0,0.58447265625,0.0127410888671875
557,227,-0.037561506032943726,0.0,-1.6108393669128418,0.28076171875,-0.0460205078125,0.95849609375,0.0,0.5576171875,0.0128631591796875
558,228,-0.7871252298355103,0.3848126232624054,-0.4417358338832855,0.94091796875,0.05853271484375,0.333740234375,0.0,0.07574462890625,0.44189453125
559,229,-0.8552716374397278,0.0,-0.17887206375598907,0.9404296875,0.061431884765625,0.333740234375,0.0,0.047454833984375,0.482666015625
560,230,-0.7645683884620667,0.0,-0.43447574973106384,0.9404296875,0.061431884765625,0.333740234375,0.0,0.075927734375,0.482421875
561,228,-0.7871252298355103,0.3848126232624054,-0.4417358338832855,0.94091796875,0.05853271484375,0.333740234375,0.0,0.07574462890625,0.44189453125
562,231,-0.8766247630119324,0.3856489360332489,-0.18967528641223907,0.94091796875,0.05853271484375,0.333740234375,0.0,0.047637939453125,0.44189453125
563,229,-0.8552716374397278,0.0,-0.17887206375598907,0.9404296875,0.061431884765625,0.333740234375,0.0,0.047454833984375,0.482666015625
564,232,-0.8060644268989563,0.6698910593986511,-0.43463134765625,0.90087890625,0.294921875,0.31884765625,0.0,0.07427978515625,0.412109375
565,231,-0.8766247630119324,0.3856489360332489,-0.18967528641223907,0.94091796875,0.05853271484375,0.333740234375,0.0,0.047637939453125,0.44189453125
566,228,-0.7871252298355103,0.3848126232624054,-0.4417358338832855,0.94091796875,0.05853271484375,0.333740234375,0.0,0.07574462890625,0.44189453125
567,232,-0.8060644268989563,0.6698910593986511,-0.43463134765625,0.90087890625,0.294921875,0.31884765625,0.0,0.07427978515625,0.412109375
568,233,-0.8862683176994324,0.6706383228302002,-0.20874999463558197,0.90087890625,0.294921875,0.31884765625,0.0,0.049102783203125,0.412109375
569,231,-0.8766247630119324,0.3856489360332489,-0.18967528641223907,0.94091796875,0.05853271484375,0.333740234375,0.0,0.047637939453125,0.44189453125
570,234,-0.9940893054008484,1.0315003395080566,-0.4906958043575287,0.7607421875,0.5908203125,0.268310546875,0.0,0.07305908203125,0.368896484375
571,233,-0.8862683176994324,0.6706383228302002,-0.20874999463558197,0.90087890625,0.294921875,0.31884765625,0.0,0.049102783203125,0.412109375
572,232,-0.8060644268989563,0.6698910593986511,-0.43463134765625,0.90087890625,0.294921875,0.31884765625,0.0,0.07427978515625,0.412109375
573,234,-0.9940893054008484,1.0315003395080566,-0.4906958043575287,0.7607421875,0.5908203125,0.268310546875,0.0,0.07305908203125,0.368896484375
574,235,-1.0668200254440308,1.0321753025054932,-0.2858642637729645,0.7607421875,0.5908203125,0.268310546875,0.0,0.050262451171875,0.368896484375
575,233,-0.8862683176994324,0.6706383228302002,-0.20874999463558197,0.90087890625,0.294921875,0.31884765625,0.0,0.049102783203125,0.412109375
576,236,-1.2829772233963013,1.319617748260498,-0.5671630501747131,0.62353515625,0.75048828125,0.2188720703125,0.0,0.0704345703125,0.325439453125
577,235,-1.0668200254440308,1.0321753025054932,-0.2858642637729645,0.7607421875,0.5908203125,0.268310546875,0.0,0.050262451171875,0.368896484375
578,234,-0.9940893054008484,1.0315003395080566,-0.4906958043575287,0.7607421875,0.5908203125,0.268310546875,0.0,0.07305908203125,0.368896484375
579,236,-1.2829772233963013,1.319617748260498,-0.5671630501747131,0.62353515625,0.75048828125,0.2188720703125,0.0,0.0704345703125,0.325439453125
580,237,-1.3386633396148682,1.3201370239257812,-0.410346657037735,0.62353515625,0.75048828125,0.2188720703125,0.0,0.052947998046875,0.325439453125
581,235,-1.0668200254440308,1.0321753025054932,-0.2858642637729645,0.7607421875,0.5908203125,0.268310546875,0.0,0.050262451171875,0.368896484375
582,237,-1.3386633396148682,1.3201370239257812,-0.410346657037735,0.62353515625,0.75048828125,0.2188720703125,0.0,0.052947998046875,0.325439453125
583,236,-1.2829772233963013,1.319617748260498,-0.5671630501747131,0.62353515625,0.75048828125,0.2188720703125,0.0,0.0704345703125,0.325439453125
584,238,-1.6287877559661865,1.5459485054016113,-0.6023803353309631,0.52490234375,0.8310546875,0.1837158203125,0.0,0.061676025390625,0.28271484375
585,239,2.331756591796875,0.30535975098609924,2.8455591201782227,-0.8095703125,0.35302734375,-0.468994140625,0.0,0.1861572265625,0.76708984375
586,240,2.304274797439575,0.0,2.663062572479248,-0.81494140625,0.349365234375,-0.4619140625,0.0,0.204833984375,0.73583984375
587,241,2.216637134552002,0.0,2.826073169708252,-0.81494140625,0.349365234375,-0.4619140625,0.0,0.1859130859375,0.73388671875
588,239,2.331756591796875,0.30535975098609924,2.8455591201782227,-0.8095703125,0.35302734375,-0.468994140625,0.0,0.1861572265625,0.76708984375
589,242,2.417691707611084,0.2821522355079651,2.684763193130493,-0.8095703125,0.35302734375,-0.468994140625,0.0,0.205322265625,0.76708984375
590,240,2.304274797439575,0.0,2.663062572479248,-0.81494140625,0.349365234375,-0.4619140625,0.0,0.204833984375,0.73583984375
591,242,2.417691707611084,0.2821522355079651,2.684763193130493,-0.8095703125,0.35302734375,-0.468994140625,0.0,0.205322265625,0.76708984375
592,239,2.331756591796875,0.30535975098609924,2.8455591201782227,-0.8095703125,0.35302734375,-0.468994140625,0.0,0.1861572265625,0.76708984375
593,243,2.418255567550659,0.5070472955703735,2.851760149002075,-0.7568359375,0.453857421875,-0.469970703125,0.0,0.1868896484375,0.79052734375
594,242,2.417691707611084,0.2821522355079651,2.684763193130493,-0.8095703125,0.35302734375,-0.468994140625,0.0,0.205322265625,0.76708984375
595,243,2.418255567550659,0.5070472955703735,2.851760149002075,-0.7568359375,0.453857421875,-0.469970703125,0.0,0.1868896484375,0.79052734375
596,244,2.495257616043091,0.48625192046165466,2.7076683044433594,-0.7568359375,0.453857421875,-0.469970703125,0.0,0.2042236328125,0.79052734375
597,244,2.495257616043091,0.48625192046165466,2.7076683044433594,-0.7568359375,0.453857421875,-0.469970703125,0.0,0.2042236328125,0.79052734375
598,243,2.418255567550659,0.5070472955703735,2.851760149002075,-0.7568359375,0.453857421875,-0.469970703125,0.0,0.1868896484375,0.79052734375
599,245,2.577005624771118,0.7544460892677307,2.8921263217926025,-0.6748046875,0.58837890625,-0.445556640625,0.0,0.1876220703125,0.82177734375
600,244,2.495257616043091,0.48625192046165466,2.7076683044433594,-0.7568359375,0.453857421875,-0.469970703125,0.0,0.2042236328125,0.79052734375
601,245,2.577005624771118,0.7544460892677307,2.8921263217926025,-0.6748046875,0.58837890625,-0.445556640625,0.0,0.1876220703125,0.82177734375
602,246,2.646838426589966,0.7355888485908508,2.7614598274230957,-0.6748046875,0.58837890625,-0.445556640625,0.0,0.2034912109375,0.82177734375
603,246,2.646838426589966,0.7355888485908508,2.7614598274230957,-0.6748046875,0.58837890625,-0.445556640625,0.0,0.2034912109375,0.82177734375
604,245,2.577005624771118,0.7544460892677307,2.8921263217926025,-0.6748046875,0.58837890625,-0.445556640625,0.0,0.1876220703125,0.82177734375
605,247,2.7498741149902344,0.9428494572639465,2.937311887741089,-0.5947265625,0.6875,-0.4169921875,0.0,0.189453125,0.84912109375
606,246,2.646838426589966,0.7355888485908508,2.7614598274230957,-0.6748046875,0.58837890625,-0.445556640625,0.0,0.2034912109375,0.82177734375
607,247,2.7498741149902344,0.9428494572639465,2.937311887741089,-0.5947265625,0.6875,-0.4169921875,0.0,0.189453125,0.84912109375
608,248,2.803339719772339,0.9284140467643738,2.837272882461548,-0.5947265625,0.6875,-0.4169921875,0.0,0.20166015625,0.84912109375
609,248,2.803339719772339,0.9284140467643738,2.837272882461548,-0.5947265625,0.6875,-0.4169921875,0.0,0.20166015625,0.84912109375
610,247,2.7498741149902344,0.9428494572639465,2.937311887741089,-0.5947265625,0.6875,-0.4169921875,0.0,0.189453125,0.84912109375
611,249,2.9359800815582275,1.0799344778060913,2.9516382217407227,-0.5263671875,0.75537109375,-0.390380859375,0.0,0.195556640625,0.873046875
612,250,-2.832681894302368,0.41128143668174744,-2.4448351860046387,0.48974609375,0.297607421875,0.8193359375,0.0,0.220947265625,0.6865234375
613,251,-2.932833194732666,0.0,-2.2566769123077393,0.49609375,0.25830078125,0.8291015625,0.0,0.2030029296875,0.72705078125
614,252,-2.7731001377105713,0.0,-2.35250186920166,0.49609375,0.25830078125,0.8291015625,0.0,0.220703125,0.72705078125
615,250,-2.832681894302368,0.41128143668174744,-2.4448351860046387,0.48974609375,0.297607421875,0.8193359375,0.0,0.220947265625,0.6865234375
616,253,-2.9902586936950684,0.40967077016830444,-2.350255012512207,0.48974609375,0.29736328125,0.8193359375,0.0,0.202880859375,0.6865234375
617,251,-2.932833194732666,0.0,-2.2566769123077393,0.49609375,0.25830078125,0.8291015625,0.0,0.2030029296875,0.72705078125
618,254,-2.885150194168091,0.6141732335090637,-2.5102477073669434,0.449462890625,0.474365234375,0.7568359375,0.0,0.2205810546875,0.6640625
619,253,-2.9902586936950684,0.40967077016830444,-2.350255012512207,0.48974609375,0.29736328125,0.8193359375,0.0,0.202880859375,0.6865234375
620,250,-2.832681894302368,0.41128143668174744,-2.4448351860046387,0.48974609375,0.297607421875,0.8193359375,0.0,0.220947265625,0.6865234375
621,254,-2.885150194168091,0.6141732335090637,-2.5102477073669434,0.449462890625,0.474365234375,0.7568359375,0.0,0.2205810546875,0.6640625
622,255,-3.026357412338257,0.6127356290817261,-2.4254894256591797,0.449462890625,0.474365234375,0.7568359375,0.0,0.203125,0.6640625
623,253,-2.9902586936950684,0.40967077016830444,-2.350255012512207,0.48974609375,0.29736328125,0.8193359375,0.0,0.202880859375,0.6865234375
624,256,-2.977862596511841,0.8613989353179932,-2.645604133605957,0.406494140625,0.6015625,0.6875,0.0,0.2205810546875,0.63134765625
625,255,-3.026357412338257,0.6127356290817261,-2.4254894256591797,0.449462890625,0.474365234375,0.7568359375,0.0,0.203125,0.6640625
626,254,-2.885150194168091,0.6141732335090637,-2.5102477073669434,0.449462890625,0.474365234375,0.7568359375,0.0,0.2205810546875,0.6640625
627,256,-2.977862596511841,0.8613989353179932,-2.645604133605957,0.406494140625,0.6015625,0.6875,0.0,0.2205810546875,0.63134765625
628,257,-3.105914354324341,0.8600931167602539,-2.568746328353882,0.406494140625,0.6015625,0.6875,0.0,0.203125,0.63134765625
629,255,-3.026357412338257,0.6127356290817261,-2.4254894256591797,0.449462890625,0.474365234375,0.7568359375,0.0,0.203125,0.6640625
630,258,-3.10197377204895,1.0498815774917603,-2.777996778488159,0.36083984375,0.70263671875,0.61328125,0.0,0.21630859375,0.599609375
631,257,-3.105914354324341,0.8600931167602539,-2.568746328353882,0.406494140625,0.6015625,0.6875,0.0,0.203125,0.63134765625
632,256,-2.977862596511841,0.8613989353179932,-2.645604133605957,0.406494140625,0.6015625,0.6875,0.0,0.2205810546875,0.63134765625
633,258,-3.10197377204895,1.0498815774917603,-2.777996778488159,0.36083984375,0.70263671875,0.61328125,0.0,0.21630859375,0.599609375
634,259,-3.167217969894409,1.049219012260437,-2.7388391494750977,0.36083984375,0.70263671875,0.61328125,0.0,0.2073974609375,0.599609375
635,257,-3.105914354324341,0.8600931167602539,-2.568746328353882,0.406494140625,0.6015625,0.6875,0.0,0.203125,0.63134765625
636,259,-3.167217969894409,1.049219012260437,-2.7388391494750977,0.36083984375,0.70263671875,0.61328125,0.0,0.2073974609375,0.599609375
637,258,-3.10197377204895,1.0498815774917603,-2.777996778488159,0.36083984375,0.70263671875,0.61328125,0.0,0.21630859375,0.599609375
638,260,-3.225013256072998,1.191726803779602,-2.9066503047943115,0.3203125,0.7734375,0.546875,0.0,0.2119140625,0.5732421875
639,261,2.134641170501709,0.38537999987602234,2.650930166244507,-0.418701171875,-0.0692138671875,0.9052734375,0.0,0.6806640625,0.300048828125
640,262,1.9929670095443726,0.0,2.5566964149475098,-0.418701171875,-0.06744384765625,0.90576171875,0.0,0.69921875,0.259765625
641,263,2.1517059803009033,0.0,2.630110740661621,-0.418701171875,-0.06744384765625,0.90576171875,0.0,0.6806640625,0.259521484375
642,261,2.134641170501709,0.38537999987602234,2.650930166244507,-0.418701171875,-0.0692138671875,0.9052734375,0.0,0.6806640625,0.300048828125
643,264,1.9778685569763184,0.3828248083591461,2.578237295150757,-0.418701171875,-0.0692138671875,0.9052734375,0.0,0.69921875,0.300048828125
644,262,1.9929670095443726,0.0,2.5566964149475098,-0.418701171875,-0.06744384765625,0.90576171875,0.0,0.69921875,0.259765625
645,265,2.111912727355957,0.7202274799346924,2.6668431758880615,-0.420654296875,0.065185546875,0.90478515625,0.0,0.681640625,0.335205078125
646,264,1.9778685569763184,0.3828248083591461,2.578237295150757,-0.418701171875,-0.0692138671875,0.9052734375,0.0,0.69921875,0.300048828125
647,261,2.134641170501709,0.38537999987602234,2.650930166244507,-0.418701171875,-0.0692138671875,0.9052734375,0.0,0.6806640625,0.300048828125
648,265,2.111912727355957,0.7202274799346924,2.6668431758880615,-0.420654296875,0.065185546875,0.90478515625,0.0,0.681640625,0.335205078125
649,266,1.9714208841323853,0.7179394960403442,2.601701498031616,-0.420654296875,0.065185546875,0.90478515625,0.0,0.6982421875,0.335205078125
650,264,1.9778685569763184,0.3828248083591461,2.578237295150757,-0.418701171875,-0.0692138671875,0.9052734375,0.0,0.69921875,0.300048828125
651,267,2.133715867996216,1.1714813709259033,2.586804151535034,-0.409423828125,0.263671875,0.87353515625,0.0,0.6826171875,0.383544921875
652,266,1.9714208841323853,0.7179394960403442,2.601701498031616,-0.420654296875,0.065185546875,0.90478515625,0.0,0.6982421875,0.335205078125
653,265,2.111912727355957,0.7202274799346924,2.6668431758880615,-0.420654296875,0.065185546875,0.90478515625,0.0,0.681640625,0.335205078125
654,267,2.133715867996216,1.1714813709259033,2.586804151535034,-0.409423828125,0.263671875,0.87353515625,0.0,0.6826171875,0.383544921875
655,268,2.0063207149505615,1.1694040298461914,2.5277318954467773,-0.409423828125,0.263671875,0.87353515625,0.0,0.697265625,0.383544921875
656,266,1.9714208841323853,0.7179394960403442,2.601701498031616,-0.420654296875,0.065185546875,0.90478515625,0.0,0.6982421875,0.335205078125
657,269,2.179036855697632,1.5520403385162354,2.4365599155426025,-0.388671875,0.4130859375,0.82373046875,0.0,0.68408203125,0.4267578125
658,268,2.0063207149505615,1.1694040298461914,2.5277318954467773,-0.409423828125,0.263671875,0.87353515625,0.0,0.697265625,0.383544921875
659,267,2.133715867996216,1.1714813709259033,2.586804151535034,-0.409423828125,0.263671875,0.87353515625,0.0,0.6826171875,0.383544921875
660,269,2.179036855697632,1.5520403385162354,2.4365599155426025,-0.388671875,0.4130859375,0.82373046875,0.0,0.68408203125,0.4267578125
661,270,2.081498861312866,1.5504485368728638,2.3913328647613525,-0.388671875,0.4130859375,0.82373046875,0.0,0.6953125,0.4267578125
662,268,2.0063207149505615,1.1694040298461914,2.5277318954467773,-0.409423828125,0.263671875,0.87353515625,0.0,0.697265625,0.383544921875
663,270,2.081498861312866,1.5504485368728638,2.3913328647613525,-0.388671875,0.4130859375,0.82373046875,0.0,0.6953125,0.4267578125
664,269,2.179036855697632,1.5520403385162354,2.4365599155426025,-0.388671875,0.4130859375,0.82373046875,0.0,0.68408203125,0.4267578125
665,271,2.2051732540130615,1.865689992904663,2.2413597106933594,-0.367919921875,0.51318359375,0.775390625,0.0,0.68994140625,0.465087890625
666,272,1.3199633359909058,0.20776179432868958,1.8712817430496216,0.50048828125,-0.0672607421875,0.86328125,0.0,0.099853515625,0.84814453125
667,273,1.1621979475021362,0.0,1.9469146728515625,0.50048828125,-0.0657958984375,0.86328125,0.0,0.08160400390625,0.8701171875
668,274,1.313350796699524,0.0,1.8592796325683594,0.50048828125,-0.0657958984375,0.86328125,0.0,0.0999755859375,0.86962890625
669,272,1.3199633359909058,0.20776179432868958,1.8712817430496216,0.50048828125,-0.0672607421875,0.86328125,0.0,0.099853515625,0.84814453125
670,275,1.1704663038253784,0.20829619467258453,1.9580004215240479,0.50048828125,-0.0672607421875,0.86328125,0.0,0.08172607421875,0.84814453125
671,273,1.1621979475021362,0.0,1.9469146728515625,0.50048828125,-0.0657958984375,0.86328125,0.0,0.08160400390625,0.8701171875
672,276,1.3195300102233887,0.4039250612258911,1.8872216939926147,0.50146484375,0.040496826171875,0.8642578125,0.0,0.09893798828125,0.8271484375
673,275,1.1704663038253784,0.20829619467258453,1.9580004215240479,0.50048828125,-0.0672607421875,0.86328125,0.0,0.08172607421875,0.84814453125
674,272,1.3199633359909058,0.20776179432868958,1.8712817430496216,0.50048828125,-0.0672607421875,0.86328125,0.0,0.099853515625,0.84814453125
675,276,1.3195300102233887,0.4039250612258911,1.8872216939926147,0.50146484375,0.040496826171875,0.8642578125,0.0,0.09893798828125,0.8271484375
676,277,1.1855578422546387,0.4044029414653778,1.9649218320846558,0.50146484375,0.040496826171875,0.8642578125,0.0,0.0826416015625,0.8271484375
677,275,1.1704663038253784,0.20829619467258453,1.9580004215240479,0.50048828125,-0.0672607421875,0.86328125,0.0,0.08172607421875,0.84814453125
678,278,1.2960851192474365,0.6677237749099731,1.859560489654541,0.49169921875,0.204345703125,0.8466796875,0.0,0.09814453125,0.79931640625
679,277,1.1855578422546387,0.4044029414653778,1.9649218320846558,0.50146484375,0.040496826171875,0.8642578125,0.0,0.0826416015625,0.8271484375
680,276,1.3195300102233887,0.4039250612258911,1.8872216939926147,0.50146484375,0.040496826171875,0.8642578125,0.0,0.09893798828125,0.8271484375
681,278,1.2960851192474365,0.6677237749099731,1.859560489654541,0.49169921875,0.204345703125,0.8466796875,0.0,0.09814453125,0.79931640625
682,279,1.1745983362197876,0.6681564450263977,1.9300243854522705,0.49169921875,0.204345703125,0.8466796875,0.0,0.08343505859375,0.79931640625
683,277,1.1855578422546387,0.4044029414653778,1.9649218320846558,0.50146484375,0.040496826171875,0.8642578125,0.0,0.0826416015625,0.8271484375
684,280,1.2468481063842773,0.8899469375610352,1.8061059713363647,0.473876953125,0.33349609375,0.81494140625,0.0,0.096435546875,0.77490234375
685,279,1.1745983362197876,0.6681564450263977,1.9300243854522705,0.49169921875,0.204345703125,0.8466796875,0.0,0.08343505859375,0.79931640625
686,278,1.2960851192474365,0.6677237749099731,1.859560489654541,0.49169921875,0.204345703125,0.8466796875,0.0,0.09814453125,0.79931640625
687,280,1.2468481063842773,0.8899469375610352,1.8061059713363647,0.473876953125,0.33349609375,0.81494140625,0.0,0.096435546875,0.77490234375
688,281,1.153835415840149,0.8902779817581177,1.8600512742996216,0.473876953125,0.33349609375,0.81494140625,0.0,0.08514404296875,0.77490234375
689,279,1.1745983362197876,0.6681564450263977,1.9300243854522705,0.49169921875,0.204345703125,0.8466796875,0.0,0.08343505859375,0.79931640625
690,281,1.153835415840149,0.8902779817581177,1.8600512742996216,0.473876953125,0.33349609375,0.81494140625,0.0,0.08514404296875,0.77490234375
691,280,1.2468481063842773,0.8899469375610352,1.8061059713363647,0.473876953125,0.33349609375,0.81494140625,0.0,0.096435546875,0.77490234375
692,282,1.157253384590149,1.073311448097229,1.757668375968933,0.45458984375,0.428466796875,0.78076171875,0.0,0.09075927734375,0.75341796875
693,283,-2.3886075019836426,0.0,-2.017803430557251,0.92041015625,0.2274169921875,0.318603515625,0.0,0.409912109375,0.29931640625
694,284,-2.5415539741516113,0.45706796646118164,-1.9021618366241455,0.91845703125,0.239013671875,0.314453125,0.0,0.42822265625,0.343994140625
695,285,-2.4505679607391357,0.0,-1.8424744606018066,0.92041015625,0.2274169921875,0.318603515625,0.0,0.427978515625,0.29833984375
696,283,-2.3886075019836426,0.0,-2.017803430557251,0.92041015625,0.2274169921875,0.318603515625,0.0,0.409912109375,0.29931640625
697,286,-2.48016357421875,0.44551509618759155,-2.0750036239624023,0.91845703125,0.239013671875,0.314453125,0.0,0.40966796875,0.343994140625
698,284,-2.5415539741516113,0.45706796646118164,-1.9021618366241455,0.91845703125,0.239013671875,0.314453125,0.0,0.42822265625,0.343994140625
699,287,-2.552642822265625,0.7455757856369019,-2.1106505393981934,0.888671875,0.35400390625,0.2919921875,0.0,0.41015625,0.37744140625
700,284,-2.5415539741516113,0.45706796646118164,-1.9021618366241455,0.91845703125,0.239013671875,0.314453125,0.0,0.42822265625,0.343994140625
701,286,-2.48016357421875,0.44551509618759155,-2.0750036239624023,0.91845703125,0.239013671875,0.314453125,0.0,0.40966796875,0.343994140625
702,287,-2.552642822265625,0.7455757856369019,-2.1106505393981934,0.888671875,0.35400390625,0.2919921875,0.0,0.41015625,0.37744140625
703,288,-2.607652425765991,0.7559283375740051,-1.9557641744613647,0.888671875,0.35400390625,0.2919921875,0.0,0.427978515625,0.37744140625
704,284,-2.5415539741516113,0.45706796646118164,-1.9021618366241455,0.91845703125,0.239013671875,0.314453125,0.0,0.42822265625,0.343994140625
705,289,-2.7186644077301025,1.1232446432113647,-2.1866955757141113,0.8583984375,0.434326171875,0.2734375,0.0,0.410888671875,0.423583984375
706,288,-2.607652425765991,0.7559283375740051,-1.9557641744613647,0.888671875,0.35400390625,0.2919921875,0.0,0.427978515625,0.37744140625
707,287,-2.552642822265625,0.7455757856369019,-2.1106505393981934,0.888671875,0.35400390625,0.2919921875,0.0,0.41015625,0.37744140625
708,289,-2.7186644077301025,1.1232446432113647,-2.1866955757141113,0.8583984375,0.434326171875,0.2734375,0.0,0.410888671875,0.423583984375
709,290,-2.7685461044311523,1.132633924484253,-2.046241521835327,0.8583984375,0.434326171875,0.2734375,0.0,0.42724609375,0.423583984375
710,288,-2.607652425765991,0.7559283375740051,-1.9557641744613647,0.888671875,0.35400390625,0.2919921875,0.0,0.427978515625,0.37744140625
711,289,-2.7186644077301025,1.1232446432113647,-2.1866955757141113,0.8583984375,0.434326171875,0.2734375,0.0,0.410888671875,0.423583984375
712,291,-2.8794469833374023,1.4046889543533325,-2.131309747695923,0.80908203125,0.52490234375,0.26513671875,0.0,0.42431640625,0.45703125
713,290,-2.7685461044311523,1.132633924484253,-2.046241521835327,0.8583984375,0.434326171875,0.2734375,0.0,0.42724609375,0.423583984375
714,289,-2.7186644077301025,1.1232446432113647,-2.1866955757141113,0.8583984375,0.434326171875,0.2734375,0.0,0.410888671875,0.423583984375
715,292,-2.853367805480957,1.4166107177734375,-2.236887216567993,0.78515625,0.56103515625,0.262451171875,0.0,0.41259765625,0.459228515625
716,291,-2.8794469833374023,1.4046889543533325,-2.131309747695923,0.80908203125,0.52490234375,0.26513671875,0.0,0.42431640625,0.45703125
717,291,-2.8794469833374023,1.4046889543533325,-2.131309747695923,0.80908203125,0.52490234375,0.26513671875,0.0,0.42431640625,0.45703125
718,292,-2.853367805480957,1.4166107177734375,-2.236887216567993,0.78515625,0.56103515625,0.262451171875,0.0,0.41259765625,0.459228515625
719,293,-3.1289477348327637,1.6588201522827148,-2.2888073921203613,0.61572265625,0.75146484375,0.2369384765625,0.0,0.41943359375,0.499267578125
720,294,-0.2615100145339966,0.6938306093215942,0.3337426781654358,-0.89892578125,0.035186767578125,-0.43701171875,0.0,0.09881591796875,0.07769775390625
721,295,-0.16897685825824738,0.0,0.08579939603805542,-0.89892578125,0.0362548828125,-0.43701171875,0.0,0.1270751953125,0.00502777099609375
722,296,-0.2876250147819519,0.0,0.3298686146736145,-0.89892578125,0.0362548828125,-0.43701171875,0.0,0.0986328125,0.00476837158203125
723,294,-0.2615100145339966,0.6938306093215942,0.3337426781654358,-0.89892578125,0.035186767578125,-0.43701171875,0.0,0.09881591796875,0.07769775390625
724,297,-0.1446545422077179,0.691443920135498,0.09315429627895355,-0.89892578125,0.035186767578125,-0.43701171875,0.0,0.1268310546875,0.07769775390625
725,295,-0.16897685825824738,0.0,0.08579939603805542,-0.89892578125,0.0362548828125,-0.43701171875,0.0,0.1270751953125,0.00502777099609375
726,298,-0.23871947824954987,1.1860735416412354,0.32466062903404236,-0.8916015625,0.12646484375,-0.434326171875,0.0,0.1002197265625,0.12939453125
727,297,-0.1446545422077179,0.691443920135498,0.09315429627895355,-0.89892578125,0.035186767578125,-0.43701171875,0.0,0.1268310546875,0.07769775390625
728,294,-0.2615100145339966,0.6938306093215942,0.3337426781654358,-0.89892578125,0.035186767578125,-0.43701171875,0.0,0.09881591796875,0.07769775390625
729,298,-0.23871947824954987,1.1860735416412354,0.32466062903404236,-0.8916015625,0.12646484375,-0.434326171875,0.0,0.1002197265625,0.12939453125
730,299,-0.13399779796600342,1.1839321851730347,0.10905761271715164,-0.8916015625,0.1263427734375,-0.434326171875,0.0,0.1253662109375,0.12939453125
731,297,-0.1446545422077179,0.691443920135498,0.09315429627895355,-0.89892578125,0.035186767578125,-0.43701171875,0.0,0.1268310546875,0.07769775390625
732,300,-0.1094689890742302,1.835571527481079,0.36879637837409973,-0.86669921875,0.264404296875,-0.423583984375,0.0,0.10137939453125,0.1990966796875
733,299,-0.13399779796600342,1.1839321851730347,0.10905761271715164,-0.8916015625,0.1263427734375,-0.434326171875,0.0,0.1253662109375,0.12939453125
734,298,-0.23871947824954987,1.1860735416412354,0.32466062903404236,-0.8916015625,0.12646484375,-0.434326171875,0.0,0.1002197265625,0.12939453125
735,300,-0.1094689890742302,1.835571527481079,0.36879637837409973,-0.86669921875,0.264404296875,-0.423583984375,0.0,0.10137939453125,0.1990966796875
736,301,-0.014510497450828552,1.8336315155029297,0.17329345643520355,-0.86669921875,0.264404296875,-0.423583984375,0.0,0.12420654296875,0.1990966796875
737,299,-0.13399779796600342,1.1839321851730347,0.10905761271715164,-0.8916015625,0.1263427734375,-0.434326171875,0.0,0.1253662109375,0.12939453125
738,302,0.0836511179804802,2.372939348220825,0.4291308522224426,-0.83203125,0.375732421875,-0.407958984375,0.0,0.10400390625,0.25927734375
739,301,-0.014510497450828552,1.8336315155029297,0.17329345643520355,-0.86669921875,0.264404296875,-0.423583984375,0.0,0.12420654296875,0.1990966796875
740,300,-0.1094689890742302,1.835571527481079,0.36879637837409973,-0.86669921875,0.264404296875,-0.423583984375,0.0,0.10137939453125,0.1990966796875
741,302,0.0836511179804802,2.372939348220825,0.4291308522224426,-0.83203125,0.375732421875,-0.407958984375,0.0,0.10400390625,0.25927734375
742,303,0.15635620057582855,2.371455669403076,0.2794482409954071,-0.83203125,0.375732421875,-0.407958984375,0.0,0.12152099609375,0.25927734375
743,301,-0.014510497450828552,1.8336315155029297,0.17329345643520355,-0.86669921875,0.264404296875,-0.423583984375,0.0,0.12420654296875,0.1990966796875
744,303,0.15635620057582855,2.371455669403076,0.2794482409954071,-0.83203125,0.375732421875,-0.407958984375,0.0,0.12152099609375,0.25927734375
745,302,0.0836511179804802,2.372939348220825,0.4291308522224426,-0.83203125,0.375732421875,-0.407958984375,0.0,0.10400390625,0.25927734375
746,304,0.32362791895866394,2.8088769912719727,0.44901609420776367,-0.79833984375,0.457275390625,-0.392333984375,0.0,0.11273193359375,0.310791015625
747,305,1.8124499320983887,0.20568828284740448,2.406852960586548,0.1722412109375,0.01320648193359375,0.98486328125,0.0,0.73779296875,0.7783203125
748,306,1.6131832599639893,0.0,2.445204496383667,0.1724853515625,0.0165252685546875,0.98486328125,0.0,0.75732421875,0.7548828125
749,307,1.7969430685043335,0.0,2.4130210876464844,0.1724853515625,0.0165252685546875,0.98486328125,0.0,0.73779296875,0.75634765625
750,305,1.8124499320983887,0.20568828284740448,2.406852960586548,0.1722412109375,0.01320648193359375,0.98486328125,0.0,0.73779296875,0.7783203125
751,308,1.6320141553878784,0.22113609313964844,2.4381957054138184,0.1722412109375,0.01320648193359375,0.98486328125,0.0,0.7568359375,0.7783203125
752,306,1.6131832599639893,0.0,2.445204496383667,0.1724853515625,0.0165252685546875,0.98486328125,0.0,0.75732421875,0.7548828125
753,309,1.8187291622161865,0.39844581484794617,2.4039647579193115,0.1866455078125,0.254638671875,0.94873046875,0.0,0.73876953125,0.79833984375
754,308,1.6320141553878784,0.22113609313964844,2.4381957054138184,0.1722412109375,0.01320648193359375,0.98486328125,0.0,0.7568359375,0.7783203125
755,305,1.8124499320983887,0.20568828284740448,2.406852960586548,0.1722412109375,0.01320648193359375,0.98486328125,0.0,0.73779296875,0.7783203125
756,309,1.8187291622161865,0.39844581484794617,2.4039647579193115,0.1866455078125,0.254638671875,0.94873046875,0.0,0.73876953125,0.79833984375
757,310,1.6570372581481934,0.41229048371315,2.4320530891418457,0.1866455078125,0.254638671875,0.94873046875,0.0,0.755859375,0.79833984375
758,308,1.6320141553878784,0.22113609313964844,2.4381957054138184,0.1722412109375,0.01320648193359375,0.98486328125,0.0,0.7568359375,0.7783203125
759,311,1.8107959032058716,0.6481438875198364,2.280226945877075,0.188232421875,0.55810546875,0.80810546875,0.0,0.73974609375,0.82763671875
760,310,1.6570372581481934,0.41229048371315,2.4320530891418457,0.1866455078125,0.254638671875,0.94873046875,0.0,0.755859375,0.79833984375
761,309,1.8187291622161865,0.39844581484794617,2.4039647579193115,0.1866455078125,0.254638671875,0.94873046875,0.0,0.73876953125,0.79833984375
762,311,1.8107959032058716,0.6481438875198364,2.280226945877075,0.188232421875,0.55810546875,0.80810546875,0.0,0.73974609375,0.82763671875
763,312,1.6641771793365479,0.6606978178024292,2.3056957721710205,0.188232421875,0.55810546875,0.80810546875,0.0,0.75537109375,0.82763671875
764,310,1.6570372581481934,0.41229048371315,2.4320530891418457,0.1866455078125,0.254638671875,0.94873046875,0.0,0.755859375,0.79833984375
765,313,1.7770202159881592,0.8524807691574097,2.0876829624176025,0.1778564453125,0.72314453125,0.66748046875,0.0,0.7412109375,0.857421875
766,312,1.6641771793365479,0.6606978178024292,2.3056957721710205,0.188232421875,0.55810546875,0.80810546875,0.0,0.75537109375,0.82763671875
767,311,1.8107959032058716,0.6481438875198364,2.280226945877075,0.188232421875,0.55810546875,0.80810546875,0.0,0.73974609375,0.82763671875
768,313,1.7770202159881592,0.8524807691574097,2.0876829624176025,0.1778564453125,0.72314453125,0.66748046875,0.0,0.7412109375,0.857421875
769,314,1.664764404296875,0.8620917201042175,2.107189893722534,0.1778564453125,0.72314453125,0.66748046875,0.0,0.75341796875,0.857421875
770,312,1.6641771793365479,0.6606978178024292,2.3056957721710205,0.188232421875,0.55810546875,0.80810546875,0.0,0.75537109375,0.82763671875
771,314,1.664764404296875,0.8620917201042175,2.107189893722534,0.1778564453125,0.72314453125,0.66748046875,0.0,0.75341796875,0.857421875
772,313,1.7770202159881592,0.8524807691574097,2.0876829624176025,0.1778564453125,0.72314453125,0.66748046875,0.0,0.7412109375,0.857421875
773,315,1.695931315422058,1.0197802782058716,1.8736644983291626,0.1676025390625,0.806640625,0.56689453125,0.0,0.74755859375,0.88623046875
774,316,2.6519153118133545,0.39785492420196533,3.0671653747558594,-0.318603515625,0.90673828125,0.277099609375,0.0,0.58837890625,0.98095703125
775,317,2.6830224990844727,0.3758290410041809,3.1749682426452637,-0.318603515625,0.90673828125,0.277099609375,0.0,0.576171875,0.98095703125
776,318,2.816225528717041,0.42654532194137573,3.086257219314575,-0.1947021484375,0.94873046875,0.25,0.0,0.58203125,0.998046875
777,319,2.5069384574890137,0.3363344371318817,3.0778589248657227,-0.5107421875,0.80126953125,0.31103515625,0.0,0.59033203125,0.9638671875
778,317,2.6830224990844727,0.3758290410041809,3.1749682426452637,-0.318603515625,0.90673828125,0.277099609375,0.0,0.576171875,0.98095703125
779,316,2.6519153118133545,0.39785492420196533,3.0671653747558594,-0.318603515625,0.90673828125,0.277099609375,0.0,0.58837890625,0.98095703125
780,319,2.5069384574890137,0.3363344371318817,3.0778589248657227,-0.5107421875,0.80126953125,0.31103515625,0.0,0.59033203125,0.9638671875
781,320,2.547567129135132,0.30756500363349915,3.2186741828918457,-0.5107421875,0.80126953125,0.31103515625,0.0,0.57421875,0.96435546875
782,317,2.6830224990844727,0.3758290410041809,3.1749682426452637,-0.318603515625,0.90673828125,0.277099609375,0.0,0.576171875,0.98095703125
783,321,2.395118236541748,0.2371220737695694,3.081721067428589,-0.7705078125,0.54345703125,0.333251953125,0.0,0.5908203125,0.9482421875
784,320,2.547567129135132,0.30756500363349915,3.2186741828918457,-0.5107421875,0.80126953125,0.31103515625,0.0,0.57421875,0.96435546875
785,319,2.5069384574890137,0.3363344371318817,3.0778589248657227,-0.5107421875,0.80126953125,0.31103515625,0.0,0.59033203125,0.9638671875
786,321,2.395118236541748,0.2371220737695694,3.081721067428589,-0.7705078125,0.54345703125,0.333251953125,0.0,0.5908203125,0.9482421875
787,322,2.439920663833618,0.20539848506450653,3.236994504928589,-0.7705078125,0.54296875,0.333251953125,0.0,0.5732421875,0.9482421875
788,320,2.547567129135132,0.30756500363349915,3.2186741828918457,-0.5107421875,0.80126953125,0.31103515625,0.0,0.57421875,0.96435546875
789,323,2.3577916622161865,0.14456671476364136,3.0634570121765137,-0.91015625,0.282470703125,0.302734375,0.0,0.59130859375,0.93798828125
790,322,2.439920663833618,0.20539848506450653,3.236994504928589,-0.7705078125,0.54296875,0.333251953125,0.0,0.5732421875,0.9482421875
791,321,2.395118236541748,0.2371220737695694,3.081721067428589,-0.7705078125,0.54345703125,0.333251953125,0.0,0.5908203125,0.9482421875
792,323,2.3577916622161865,0.14456671476364136,3.0634570121765137,-0.91015625,0.282470703125,0.302734375,0.0,0.59130859375,0.93798828125
793,324,2.4077892303466797,0.1091664731502533,3.2367358207702637,-0.91015625,0.282470703125,0.302734375,0.0,0.57275390625,0.9375
794,322,2.439920663833618,0.20539848506450653,3.236994504928589,-0.7705078125,0.54296875,0.333251953125,0.0,0.5732421875,0.9482421875
795,325,2.3670196533203125,0.0,3.227360248565674,-0.91748046875,0.271240234375,0.291015625,0.0,0.5732421875,0.92529296875
796,324,2.4077892303466797,0.1091664731502533,3.2367358207702637,-0.91015625,0.282470703125,0.302734375,0.0,0.57275390625,0.9375
797,323,2.3577916622161865,0.14456671476364136,3.0634570121765137,-0.91015625,0.282470703125,0.302734375,0.0,0.59130859375,0.93798828125
798,325,2.3670196533203125,0.0,3.227360248565674,-0.91748046875,0.271240234375,0.291015625,0.0,0.5732421875,0.92529296875
799,323,2.3577916622161865,0.14456671476364136,3.0634570121765137,-0.91015625,0.282470703125,0.302734375,0.0,0.59130859375,0.93798828125
800,326,2.3149406909942627,0.0,3.04571795463562,-0.91748046875,0.271240234375,0.291015625,0.0,0.59228515625,0.9228515625
801,327,-2.261613607406616,0.0,-1.660954236984253,0.52001953125,0.235595703125,-0.82080078125,0.0,0.495361328125,0.418701171875
802,328,-2.144329786300659,0.5324933528900146,-1.4338195323944092,0.5185546875,0.263671875,-0.8134765625,0.0,0.478271484375,0.36669921875
803,329,-2.103990077972412,0.0,-1.5610560178756714,0.52001953125,0.235595703125,-0.82080078125,0.0,0.478271484375,0.41748046875
804,327,-2.261613607406616,0.0,-1.660954236984253,0.52001953125,0.235595703125,-0.82080078125,0.0,0.495361328125,0.418701171875
805,330,-2.301002264022827,0.548208475112915,-1.5286047458648682,0.5185546875,0.26416015625,-0.8134765625,0.0,0.495849609375,0.366455078125
806,328,-2.144329786300659,0.5324933528900146,-1.4338195323944092,0.5185546875,0.263671875,-0.8134765625,0.0,0.478271484375,0.36669921875
807,331,-2.322715997695923,0.8406148552894592,-1.425716519355774,0.50146484375,0.412353515625,-0.7607421875,0.0,0.495849609375,0.335205078125
808,328,-2.144329786300659,0.5324933528900146,-1.4338195323944092,0.5185546875,0.263671875,-0.8134765625,0.0,0.478271484375,0.36669921875
809,330,-2.301002264022827,0.548208475112915,-1.5286047458648682,0.5185546875,0.26416015625,-0.8134765625,0.0,0.495849609375,0.366455078125
810,331,-2.322715997695923,0.8406148552894592,-1.425716519355774,0.50146484375,0.412353515625,-0.7607421875,0.0,0.495849609375,0.335205078125
811,332,-2.1823205947875977,0.8265330791473389,-1.3407775163650513,0.50146484375,0.412353515625,-0.7607421875,0.0,0.477783203125,0.335205078125
812,328,-2.144329786300659,0.5324933528900146,-1.4338195323944092,0.5185546875,0.263671875,-0.8134765625,0.0,0.478271484375,0.36669921875
813,333,-2.395916700363159,1.2041378021240234,-1.2295678853988647,0.47314453125,0.54541015625,-0.69189453125,0.0,0.49560546875,0.285888671875
814,332,-2.1823205947875977,0.8265330791473389,-1.3407775163650513,0.50146484375,0.412353515625,-0.7607421875,0.0,0.477783203125,0.335205078125
815,331,-2.322715997695923,0.8406148552894592,-1.425716519355774,0.50146484375,0.412353515625,-0.7607421875,0.0,0.495849609375,0.335205078125
816,333,-2.395916700363159,1.2041378021240234,-1.2295678853988647,0.47314453125,0.54541015625,-0.69189453125,0.0,0.49560546875,0.285888671875
817,334,-2.2686047554016113,1.1913655996322632,-1.1525450944900513,0.47314453125,0.54541015625,-0.69189453125,0.0,0.47802734375,0.285888671875
818,332,-2.1823205947875977,0.8265330791473389,-1.3407775163650513,0.50146484375,0.412353515625,-0.7607421875,0.0,0.477783203125,0.335205078125
819,335,-2.478177547454834,1.4864966869354248,-1.012841820716858,0.44140625,0.64599609375,-0.62255859375,0.0,0.493408203125,0.2435302734375
820,334,-2.2686047554016113,1.1913655996322632,-1.1525450944900513,0.47314453125,0.54541015625,-0.69189453125,0.0,0.47802734375,0.285888671875
821,333,-2.395916700363159,1.2041378021240234,-1.2295678853988647,0.47314453125,0.54541015625,-0.69189453125,0.0,0.49560546875,0.285888671875
822,335,-2.478177547454834,1.4864966869354248,-1.012841820716858,0.44140625,0.64599609375,-0.62255859375,0.0,0.493408203125,0.2435302734375
823,336,-2.3807029724121094,1.476716160774231,-0.953875720500946,0.44140625,0.64599609375,-0.62255859375,0.0,0.480224609375,0.2435302734375
824,334,-2.2686047554016113,1.1913655996322632,-1.1525450944900513,0.47314453125,0.54541015625,-0.69189453125,0.0,0.47802734375,0.285888671875
825,336,-2.3807029724121094,1.476716160774231,-0.953875720500946,0.44140625,0.64599609375,-0.62255859375,0.0,0.480224609375,0.2435302734375
826,335,-2.478177547454834,1.4864966869354248,-1.012841820716858,0.44140625,0.64599609375,-0.62255859375,0.0,0.493408203125,0.2435302734375
827,337,-2.530390501022339,1.6998059749603271,-0.780318558216095,0.412841796875,0.71533203125,-0.5634765625,0.0,0.48681640625,0.207275390625
828,338,-1.7575170993804932,1.6654809713363647,-2.616117000579834,-0.199462890625,0.4111328125,0.8896484375,0.0,0.81494140625,0.402099609375
829,339,-1.6526342630386353,1.665145993232727,-2.592442512512207,-0.199462890625,0.4111328125,0.8896484375,0.0,0.80322265625,0.402099609375
830,340,-1.6628772020339966,1.9802031517028809,-2.78686261177063,-0.1876220703125,0.51123046875,0.83837890625,0.0,0.80908203125,0.441650390625
831,339,-1.6526342630386353,1.665145993232727,-2.592442512512207,-0.199462890625,0.4111328125,0.8896484375,0.0,0.80322265625,0.402099609375
832,338,-1.7575170993804932,1.6654809713363647,-2.616117000579834,-0.199462890625,0.4111328125,0.8896484375,0.0,0.81494140625,0.402099609375
833,341,-1.8087389469146729,1.2843499183654785,-2.4692516326904297,-0.211669921875,0.261474609375,0.94189453125,0.0,0.81640625,0.357666015625
834,339,-1.6526342630386353,1.665145993232727,-2.592442512512207,-0.199462890625,0.4111328125,0.8896484375,0.0,0.80322265625,0.402099609375
835,341,-1.8087389469146729,1.2843499183654785,-2.4692516326904297,-0.211669921875,0.261474609375,0.94189453125,0.0,0.81640625,0.357666015625
836,342,-1.6717455387115479,1.2839173078536987,-2.438336133956909,-0.211669921875,0.261474609375,0.94189453125,0.0,0.80126953125,0.357666015625
837,342,-1.6717455387115479,1.2839173078536987,-2.438336133956909,-0.211669921875,0.261474609375,0.94189453125,0.0,0.80126953125,0.357666015625
838,341,-1.8087389469146729,1.2843499183654785,-2.4692516326904297,-0.211669921875,0.261474609375,0.94189453125,0.0,0.81640625,0.357666015625
839,343,-1.8349206447601318,0.832791268825531,-2.392326593399048,-0.219482421875,0.06298828125,0.9736328125,0.0,0.8173828125,0.30810546875
840,342,-1.6717455387115479,1.2839173078536987,-2.438336133956909,-0.211669921875,0.261474609375,0.94189453125,0.0,0.80126953125,0.357666015625
841,343,-1.8349206447601318,0.832791268825531,-2.392326593399048,-0.219482421875,0.06298828125,0.9736328125,0.0,0.8173828125,0.30810546875
842,344,-1.6838512420654297,0.8323095440864563,-2.3582310676574707,-0.219482421875,0.06298828125,0.9736328125,0.0,0.80078125,0.30810546875
843,345,-1.8392455577850342,0.4978533685207367,-2.418654680252075,-0.2198486328125,-0.06744384765625,0.97314453125,0.0,0.81787109375,0.272216796875
844,344,-1.6838512420654297,0.8323095440864563,-2.3582310676574707,-0.219482421875,0.06298828125,0.9736328125,0.0,0.80078125,0.30810546875
845,343,-1.8349206447601318,0.832791268825531,-2.392326593399048,-0.219482421875,0.06298828125,0.9736328125,0.0,0.8173828125,0.30810546875
846,345,-1.8392455577850342,0.4978533685207367,-2.418654680252075,-0.2198486328125,-0.06744384765625,0.97314453125,0.0,0.81787109375,0.272216796875
847,346,-1.670660376548767,0.4973190128803253,-2.3806090354919434,-0.2198486328125,-0.06744384765625,0.97314453125,0.0,0.80029296875,0.272216796875
848,344,-1.6838512420654297,0.8323095440864563,-2.3582310676574707,-0.219482421875,0.06298828125,0.9736328125,0.0,0.80078125,0.30810546875
849,346,-1.670660376548767,0.4973190128803253,-2.3806090354919434,-0.2198486328125,-0.06744384765625,0.97314453125,0.0,0.80029296875,0.272216796875
850,345,-1.8392455577850342,0.4978533685207367,-2.418654680252075,-0.2198486328125,-0.06744384765625,0.97314453125,0.0,0.81787109375,0.272216796875
851,347,-1.8348108530044556,0.0,-2.450169324874878,-0.2198486328125,-0.0635986328125,0.9736328125,0.0,0.81787109375,0.22265625
852,346,-1.670660376548767,0.4973190128803253,-2.3806090354919434,-0.2198486328125,-0.06744384765625,0.97314453125,0.0,0.80029296875,0.272216796875
853,347,-1.8348108530044556,0.0,-2.450169324874878,-0.2198486328125,-0.0635986328125,0.9736328125,0.0,0.81787109375,0.22265625
854,348,-1.6638691425323486,0.0,-2.411557674407959,-0.2198486328125,-0.0635986328125,0.9736328125,0.0,0.80029296875,0.22265625
855,349,-0.04926391318440437,0.5486147403717041,0.811572253704071,-0.160888671875,0.325439453125,-0.931640625,0.0,0.388916015625,0.07391357421875
856,350,0.17855602502822876,0.0,0.579868733882904,-0.160888671875,0.32666015625,-0.93115234375,0.0,0.417236328125,0.0131988525390625
857,351,-0.08846569061279297,0.0,0.6259855031967163,-0.160888671875,0.32666015625,-0.93115234375,0.0,0.388671875,0.01293182373046875
858,349,-0.04926391318440437,0.5486147403717041,0.811572253704071,-0.160888671875,0.325439453125,-0.931640625,0.0,0.388916015625,0.07391357421875
859,352,0.21416258811950684,0.5462335348129272,0.7652441263198853,-0.160888671875,0.325439453125,-0.931640625,0.0,0.4169921875,0.07391357421875
860,350,0.17855602502822876,0.0,0.579868733882904,-0.160888671875,0.32666015625,-0.93115234375,0.0,0.417236328125,0.0131988525390625
861,353,-0.0061364746652543545,0.983091413974762,0.9550292491912842,-0.15380859375,0.416748046875,-0.89599609375,0.0,0.390380859375,0.12213134765625
862,352,0.21416258811950684,0.5462335348129272,0.7652441263198853,-0.160888671875,0.325439453125,-0.931640625,0.0,0.4169921875,0.07391357421875
863,349,-0.04926391318440437,0.5486147403717041,0.811572253704071,-0.160888671875,0.325439453125,-0.931640625,0.0,0.388916015625,0.07391357421875
864,353,-0.0061364746652543545,0.983091413974762,0.9550292491912842,-0.15380859375,0.416748046875,-0.89599609375,0.0,0.390380859375,0.12213134765625
865,354,0.22993163764476776,0.9809556603431702,0.9135107398033142,-0.15380859375,0.416748046875,-0.89599609375,0.0,0.41552734375,0.12213134765625
866,352,0.21416258811950684,0.5462335348129272,0.7652441263198853,-0.160888671875,0.325439453125,-0.931640625,0.0,0.4169921875,0.07391357421875
867,355,0.06220825016498566,1.5215295553207397,1.2523901462554932,-0.139892578125,0.548828125,-0.82421875,0.0,0.3916015625,0.1871337890625
868,354,0.22993163764476776,0.9809556603431702,0.9135107398033142,-0.15380859375,0.416748046875,-0.89599609375,0.0,0.41552734375,0.12213134765625
869,353,-0.0061364746652543545,0.983091413974762,0.9550292491912842,-0.15380859375,0.416748046875,-0.89599609375,0.0,0.390380859375,0.12213134765625
870,355,0.06220825016498566,1.5215295553207397,1.2523901462554932,-0.139892578125,0.548828125,-0.82421875,0.0,0.3916015625,0.1871337890625
871,356,0.2762719690799713,1.519594430923462,1.214746117591858,-0.139892578125,0.548828125,-0.82421875,0.0,0.414306640625,0.1871337890625
872,354,0.22993163764476776,0.9809556603431702,0.9135107398033142,-0.15380859375,0.416748046875,-0.89599609375,0.0,0.41552734375,0.12213134765625
873,357,0.14903442561626434,1.9400631189346313,1.5782617330551147,-0.1259765625,0.6494140625,-0.75,0.0,0.39404296875,0.2435302734375
874,356,0.2762719690799713,1.519594430923462,1.214746117591858,-0.139892578125,0.548828125,-0.82421875,0.0,0.414306640625,0.1871337890625
875,355,0.06220825016498566,1.5215295553207397,1.2523901462554932,-0.139892578125,0.548828125,-0.82421875,0.0,0.3916015625,0.1871337890625
876,357,0.14903442561626434,1.9400631189346313,1.5782617330551147,-0.1259765625,0.6494140625,-0.75,0.0,0.39404296875,0.2435302734375
877,358,0.3129309117794037,1.9385799169540405,1.5494384765625,-0.1259765625,0.6494140625,-0.75,0.0,0.41162109375,0.2435302734375
878,356,0.2762719690799713,1.519594430923462,1.214746117591858,-0.139892578125,0.548828125,-0.82421875,0.0,0.414306640625,0.1871337890625
879,358,0.3129309117794037,1.9385799169540405,1.5494384765625,-0.1259765625,0.6494140625,-0.75,0.0,0.41162109375,0.2435302734375
880,357,0.14903442561626434,1.9400631189346313,1.5782617330551147,-0.1259765625,0.6494140625,-0.75,0.0,0.39404296875,0.2435302734375
881,359,0.2912243604660034,2.2604684829711914,1.890407681465149,-0.11407470703125,0.71875,-0.68603515625,0.0,0.40283203125,0.2919921875
882,360,-1.4469860792160034,1.663979411125183,-2.2325658798217773,-0.52880859375,0.41650390625,0.7392578125,0.0,0.96435546875,0.1884765625
883,361,-1.3588855266571045,1.6665120124816895,-2.1709752082824707,-0.52880859375,0.41650390625,0.7392578125,0.0,0.95263671875,0.1884765625
884,362,-1.3005774021148682,1.9789422750473022,-2.3611106872558594,-0.50048828125,0.51611328125,0.69482421875,0.0,0.95849609375,0.228515625
885,361,-1.3588855266571045,1.6665120124816895,-2.1709752082824707,-0.52880859375,0.41650390625,0.7392578125,0.0,0.95263671875,0.1884765625
886,360,-1.4469860792160034,1.663979411125183,-2.2325658798217773,-0.52880859375,0.41650390625,0.7392578125,0.0,0.96435546875,0.1884765625
887,363,-1.542946696281433,1.2834279537200928,-2.108360528945923,-0.55712890625,0.26708984375,0.7861328125,0.0,0.96630859375,0.1436767578125
888,361,-1.3588855266571045,1.6665120124816895,-2.1709752082824707,-0.52880859375,0.41650390625,0.7392578125,0.0,0.95263671875,0.1884765625
889,363,-1.542946696281433,1.2834279537200928,-2.108360528945923,-0.55712890625,0.26708984375,0.7861328125,0.0,0.96630859375,0.1436767578125
890,364,-1.4278771877288818,1.2867432832717896,-2.027916193008423,-0.55712890625,0.26708984375,0.7861328125,0.0,0.951171875,0.1436767578125
891,364,-1.4278771877288818,1.2867432832717896,-2.027916193008423,-0.55712890625,0.26708984375,0.7861328125,0.0,0.951171875,0.1436767578125
892,363,-1.542946696281433,1.2834279537200928,-2.108360528945923,-0.55712890625,0.26708984375,0.7861328125,0.0,0.96630859375,0.1436767578125
893,365,-1.5879565477371216,0.8322832584381104,-2.037999153137207,-0.57275390625,0.06884765625,0.81689453125,0.0,0.96728515625,0.0936279296875
894,364,-1.4278771877288818,1.2867432832717896,-2.027916193008423,-0.55712890625,0.26708984375,0.7861328125,0.0,0.951171875,0.1436767578125
895,365,-1.5879565477371216,0.8322832584381104,-2.037999153137207,-0.57275390625,0.06884765625,0.81689453125,0.0,0.96728515625,0.0936279296875
896,366,-1.461061954498291,0.8359373211860657,-1.9492846727371216,-0.57275390625,0.06884765625,0.81689453125,0.0,0.9501953125,0.09356689453125
897,366,-1.461061954498291,0.8359373211860657,-1.9492846727371216,-0.57275390625,0.06884765625,0.81689453125,0.0,0.9501953125,0.09356689453125
898,365,-1.5879565477371216,0.8322832584381104,-2.037999153137207,-0.57275390625,0.06884765625,0.81689453125,0.0,0.96728515625,0.0936279296875
899,367,-1.5757958889007568,0.49705561995506287,-2.0572619438171387,-0.57080078125,-0.060699462890625,0.81884765625,0.0,0.96728515625,0.057464599609375
900,366,-1.461061954498291,0.8359373211860657,-1.9492846727371216,-0.57275390625,0.06884765625,0.81689453125,0.0,0.9501953125,0.09356689453125
901,367,-1.5757958889007568,0.49705561995506287,-2.0572619438171387,-0.57080078125,-0.060699462890625,0.81884765625,0.0,0.96728515625,0.057464599609375
902,368,-1.4341869354248047,0.5011348724365234,-1.9582701921463013,-0.57080078125,-0.06072998046875,0.81884765625,0.0,0.94970703125,0.0574951171875
903,368,-1.4341869354248047,0.5011348724365234,-1.9582701921463013,-0.57080078125,-0.06072998046875,0.81884765625,0.0,0.94970703125,0.0574951171875
904,367,-1.5757958889007568,0.49705561995506287,-2.0572619438171387,-0.57080078125,-0.060699462890625,0.81884765625,0.0,0.96728515625,0.057464599609375
905,369,-1.5520994663238525,0.0,-2.075066089630127,-0.5712890625,-0.056365966796875,0.81884765625,0.0,0.96728515625,0.0088348388671875
906,368,-1.4341869354248047,0.5011348724365234,-1.9582701921463013,-0.57080078125,-0.06072998046875,0.81884765625,0.0,0.94970703125,0.0574951171875
907,369,-1.5520994663238525,0.0,-2.075066089630127,-0.5712890625,-0.056365966796875,0.81884765625,0.0,0.96728515625,0.0088348388671875
908,370,-1.4085450172424316,0.0,-1.9747412204742432,-0.5712890625,-0.056365966796875,0.81884765625,0.0,0.9501953125,0.00847625732421875
909,371,0.8646764755249023,2.3563218116760254,-0.5890136361122131,-0.5751953125,0.406982421875,0.70947265625,0.0,0.055694580078125,0.267578125
910,372,0.9868676662445068,2.358680486679077,-0.4912670850753784,-0.5751953125,0.406982421875,0.70947265625,0.0,0.03924560546875,0.267578125
911,373,1.091488003730774,2.8234593868255615,-0.75811767578125,-0.54443359375,0.50634765625,0.66845703125,0.0,0.047454833984375,0.324462890625
912,372,0.9868676662445068,2.358680486679077,-0.4912670850753784,-0.5751953125,0.406982421875,0.70947265625,0.0,0.03924560546875,0.267578125
913,371,0.8646764755249023,2.3563218116760254,-0.5890136361122131,-0.5751953125,0.406982421875,0.70947265625,0.0,0.055694580078125,0.267578125
914,374,0.7111217975616455,1.7916741371154785,-0.4222778081893921,-0.6064453125,0.25927734375,0.751953125,0.0,0.0582275390625,0.203857421875
915,372,0.9868676662445068,2.358680486679077,-0.4912670850753784,-0.5751953125,0.406982421875,0.70947265625,0.0,0.03924560546875,0.267578125
916,374,0.7111217975616455,1.7916741371154785,-0.4222778081893921,-0.6064453125,0.25927734375,0.751953125,0.0,0.0582275390625,0.203857421875
917,375,0.8707140684127808,1.7947524785995483,-0.2946093678474426,-0.6064453125,0.25927734375,0.751953125,0.0,0.036773681640625,0.203857421875
918,375,0.8707140684127808,1.7947524785995483,-0.2946093678474426,-0.6064453125,0.25927734375,0.751953125,0.0,0.036773681640625,0.203857421875
919,374,0.7111217975616455,1.7916741371154785,-0.4222778081893921,-0.6064453125,0.25927734375,0.751953125,0.0,0.0582275390625,0.203857421875
920,376,0.6361462473869324,1.1226749420166016,-0.32982176542282104,-0.6240234375,0.06402587890625,0.77880859375,0.0,0.059356689453125,0.1324462890625
921,375,0.8707140684127808,1.7947524785995483,-0.2946093678474426,-0.6064453125,0.25927734375,0.751953125,0.0,0.036773681640625,0.203857421875
922,376,0.6361462473869324,1.1226749420166016,-0.32982176542282104,-0.6240234375,0.06402587890625,0.77880859375,0.0,0.059356689453125,0.1324462890625
923,377,0.8121447563171387,1.1260654926300049,-0.18903319537639618,-0.6240234375,0.0640869140625,0.77880859375,0.0,0.035675048828125,0.1324462890625
924,378,0.6533947587013245,0.62608802318573,-0.3607519567012787,-0.62255859375,-0.06793212890625,0.77978515625,0.0,0.060760498046875,0.0802001953125
925,377,0.8121447563171387,1.1260654926300049,-0.18903319537639618,-0.6240234375,0.0640869140625,0.77880859375,0.0,0.035675048828125,0.1324462890625
926,376,0.6361462473869324,1.1226749420166016,-0.32982176542282104,-0.6240234375,0.06402587890625,0.77880859375,0.0,0.059356689453125,0.1324462890625
927,378,0.6533947587013245,0.62608802318573,-0.3607519567012787,-0.62255859375,-0.06793212890625,0.77978515625,0.0,0.060760498046875,0.0802001953125
928,379,0.8497887849807739,0.6298744678497314,-0.2036450207233429,-0.62255859375,-0.06793212890625,0.77978515625,0.0,0.034332275390625,0.0802001953125
929,377,0.8121447563171387,1.1260654926300049,-0.18903319537639618,-0.6240234375,0.0640869140625,0.77880859375,0.0,0.035675048828125,0.1324462890625
930,379,0.8497887849807739,0.6298744678497314,-0.2036450207233429,-0.62255859375,-0.06793212890625,0.77978515625,0.0,0.034332275390625,0.0802001953125
931,378,0.6533947587013245,0.62608802318573,-0.3607519567012787,-0.62255859375,-0.06793212890625,0.77978515625,0.0,0.060760498046875,0.0802001953125
932,380,0.6851909756660461,0.0,-0.3885774612426758,-0.62255859375,-0.0662841796875,0.77978515625,0.0,0.060943603515625,0.01432037353515625
933,379,0.8497887849807739,0.6298744678497314,-0.2036450207233429,-0.62255859375,-0.06793212890625,0.77978515625,0.0,0.034332275390625,0.0802001953125
934,380,0.6851909756660461,0.0,-0.3885774612426758,-0.62255859375,-0.0662841796875,0.77978515625,0.0,0.060943603515625,0.01432037353515625
935,381,0.8843544721603394,0.0,-0.22957824170589447,-0.62255859375,-0.0662841796875,0.77978515625,0.0,0.0341796875,0.01392364501953125
936,382,-1.9776232242584229,0.49932852387428284,-1.1322863101959229,-0.84814453125,-0.0631103515625,-0.52587890625,0.0,0.8681640625,0.059967041015625
937,383,-1.8646754026412964,8.881783998477905e-18,-1.2594802379608154,-0.8486328125,-0.05792236328125,-0.52587890625,0.0,0.88525390625,0.01216888427734375
938,384,-1.9569926261901855,0.0,-1.11070716381073,-0.8486328125,-0.05792236328125,-0.52587890625,0.0,0.86865234375,0.011962890625
939,382,-1.9776232242584229,0.49932852387428284,-1.1322863101959229,-0.84814453125,-0.0631103515625,-0.52587890625,0.0,0.8681640625,0.059967041015625
940,385,-1.8864928483963013,0.4967733323574066,-1.279110074043274,-0.84814453125,-0.0631103515625,-0.52587890625,0.0,0.8857421875,0.0599365234375
941,383,-1.8646754026412964,8.881783998477905e-18,-1.2594802379608154,-0.8486328125,-0.05792236328125,-0.52587890625,0.0,0.88525390625,0.01216888427734375
942,386,-1.9906688928604126,0.8341760635375977,-1.156772494316101,-0.84716796875,0.065185546875,-0.52685546875,0.0,0.86865234375,0.0963134765625
943,385,-1.8864928483963013,0.4967733323574066,-1.279110074043274,-0.84814453125,-0.0631103515625,-0.52587890625,0.0,0.8857421875,0.0599365234375
944,382,-1.9776232242584229,0.49932852387428284,-1.1322863101959229,-0.84814453125,-0.0631103515625,-0.52587890625,0.0,0.8681640625,0.059967041015625
945,386,-1.9906688928604126,0.8341760635375977,-1.156772494316101,-0.84716796875,0.065185546875,-0.52685546875,0.0,0.86865234375,0.0963134765625
946,387,-1.909005045890808,0.8318880796432495,-1.2883496284484863,-0.84716796875,0.065185546875,-0.52685546875,0.0,0.8857421875,0.0963134765625
947,385,-1.8864928483963013,0.4967733323574066,-1.279110074043274,-0.84814453125,-0.0631103515625,-0.52587890625,0.0,0.8857421875,0.0599365234375
948,388,-1.913854956626892,1.2854299545288086,-1.1254442930221558,-0.8173828125,0.263671875,-0.51220703125,0.0,0.86962890625,0.1468505859375
949,387,-1.909005045890808,0.8318880796432495,-1.2883496284484863,-0.84716796875,0.065185546875,-0.52685546875,0.0,0.8857421875,0.0963134765625
950,386,-1.9906688928604126,0.8341760635375977,-1.156772494316101,-0.84716796875,0.065185546875,-0.52685546875,0.0,0.86865234375,0.0963134765625
951,388,-1.913854956626892,1.2854299545288086,-1.1254442930221558,-0.8173828125,0.263671875,-0.51220703125,0.0,0.86962890625,0.1468505859375
952,389,-1.8398009538650513,1.2833526134490967,-1.2447558641433716,-0.8173828125,0.263671875,-0.51220703125,0.0,0.884765625,0.1468505859375
953,387,-1.909005045890808,0.8318880796432495,-1.2883496284484863,-0.84716796875,0.065185546875,-0.52685546875,0.0,0.8857421875,0.0963134765625
954,390,-1.7701977491378784,1.6659889221191406,-1.0622766017913818,-0.7705078125,0.4130859375,-0.4853515625,0.0,0.87109375,0.192138671875
955,389,-1.8398009538650513,1.2833526134490967,-1.2447558641433716,-0.8173828125,0.263671875,-0.51220703125,0.0,0.884765625,0.1468505859375
956,388,-1.913854956626892,1.2854299545288086,-1.1254442930221558,-0.8173828125,0.263671875,-0.51220703125,0.0,0.86962890625,0.1468505859375
957,390,-1.7701977491378784,1.6659889221191406,-1.0622766017913818,-0.7705078125,0.4130859375,-0.4853515625,0.0,0.87109375,0.192138671875
958,391,-1.7135021686553955,1.664397120475769,-1.1536266803741455,-0.7705078125,0.4130859375,-0.4853515625,0.0,0.8828125,0.192138671875
959,389,-1.8398009538650513,1.2833526134490967,-1.2447558641433716,-0.8173828125,0.263671875,-0.51220703125,0.0,0.884765625,0.1468505859375
960,391,-1.7135021686553955,1.664397120475769,-1.1536266803741455,-0.7705078125,0.4130859375,-0.4853515625,0.0,0.8828125,0.192138671875
961,390,-1.7701977491378784,1.6659889221191406,-1.0622766017913818,-0.7705078125,0.4130859375,-0.4853515625,0.0,0.87109375,0.192138671875
962,392,-1.579595923423767,1.9796384572982788,-1.0127123594284058,-0.72509765625,0.51318359375,-0.458984375,0.0,0.876953125,0.232421875
963,393,-0.599505603313446,0.5501314401626587,0.3593505918979645,0.4150390625,0.255126953125,-0.87353515625,0.0,0.35302734375,0.0753173828125
964,394,-0.26022037863731384,0.0,0.35904696583747864,0.414794921875,0.25634765625,-0.873046875,0.0,0.381103515625,0.0135345458984375
965,395,-0.5054855942726135,0.0,0.24252724647521973,0.414794921875,0.25634765625,-0.873046875,0.0,0.352783203125,0.01541900634765625
966,393,-0.599505603313446,0.5501314401626587,0.3593505918979645,0.4150390625,0.255126953125,-0.87353515625,0.0,0.35302734375,0.0753173828125
967,396,-0.36036375164985657,0.5672510862350464,0.47798827290534973,0.4150390625,0.255126953125,-0.87353515625,0.0,0.381103515625,0.0753173828125
968,394,-0.26022037863731384,0.0,0.35904696583747864,0.414794921875,0.25634765625,-0.873046875,0.0,0.381103515625,0.0135345458984375
969,397,-0.6635656356811523,0.9947739839553833,0.4579150378704071,0.396484375,0.348388671875,-0.849609375,0.0,0.354736328125,0.12353515625
970,396,-0.36036375164985657,0.5672510862350464,0.47798827290534973,0.4150390625,0.255126953125,-0.87353515625,0.0,0.381103515625,0.0753173828125
971,393,-0.599505603313446,0.5501314401626587,0.3593505918979645,0.4150390625,0.255126953125,-0.87353515625,0.0,0.35302734375,0.0753173828125
972,397,-0.6635656356811523,0.9947739839553833,0.4579150378704071,0.396484375,0.348388671875,-0.849609375,0.0,0.354736328125,0.12353515625
973,398,-0.44926878809928894,1.0101149082183838,0.5642236471176147,0.396484375,0.3486328125,-0.84912109375,0.0,0.3798828125,0.12353515625
974,396,-0.36036375164985657,0.5672510862350464,0.47798827290534973,0.4150390625,0.255126953125,-0.87353515625,0.0,0.381103515625,0.0753173828125
975,399,-0.8021984696388245,1.5544191598892212,0.6846630573272705,0.375,0.42822265625,-0.822265625,0.0,0.35595703125,0.1885986328125
976,398,-0.44926878809928894,1.0101149082183838,0.5642236471176147,0.396484375,0.3486328125,-0.84912109375,0.0,0.3798828125,0.12353515625
977,397,-0.6635656356811523,0.9947739839553833,0.4579150378704071,0.396484375,0.348388671875,-0.849609375,0.0,0.354736328125,0.12353515625
978,399,-0.8021984696388245,1.5544191598892212,0.6846630573272705,0.375,0.42822265625,-0.822265625,0.0,0.35595703125,0.1885986328125
979,400,-0.607867419719696,1.5683324337005615,0.7810620069503784,0.375,0.427978515625,-0.822265625,0.0,0.378662109375,0.1885986328125
980,398,-0.44926878809928894,1.0101149082183838,0.5642236471176147,0.396484375,0.3486328125,-0.84912109375,0.0,0.3798828125,0.12353515625
981,399,-0.8021984696388245,1.5544191598892212,0.6846630573272705,0.375,0.42822265625,-0.822265625,0.0,0.35595703125,0.1885986328125
982,401,-0.7499963045120239,1.9714750051498413,0.9265917539596558,0.361328125,0.51806640625,-0.775390625,0.0,0.375,0.23583984375
983,400,-0.607867419719696,1.5683324337005615,0.7810620069503784,0.375,0.427978515625,-0.822265625,0.0,0.378662109375,0.1885986328125
984,399,-0.8021984696388245,1.5544191598892212,0.6846630573272705,0.375,0.42822265625,-0.822265625,0.0,0.35595703125,0.1885986328125
985,402,-0.8980505466461182,1.9891413450241089,0.8706298470497131,0.35595703125,0.55419921875,-0.75244140625,0.0,0.3583984375,0.2392578125
986,401,-0.7499963045120239,1.9714750051498413,0.9265917539596558,0.361328125,0.51806640625,-0.775390625,0.0,0.375,0.23583984375
987,401,-0.7499963045120239,1.9714750051498413,0.9265917539596558,0.361328125,0.51806640625,-0.775390625,0.0,0.375,0.23583984375
988,402,-0.8980505466461182,1.9891413450241089,0.8706298470497131,0.35595703125,0.55419921875,-0.75244140625,0.0,0.3583984375,0.2392578125
989,403,-1.0207873582839966,2.348057270050049,1.2598705291748047,0.311767578125,0.74560546875,-0.58935546875,0.0,0.3681640625,0.29541015625
990,404,-0.6206262111663818,0.6732202172279358,0.11367186903953552,0.912109375,0.03515625,-0.408447265625,0.0,0.1329345703125,0.078857421875
991,405,-0.4906195104122162,0.0,0.3442383110523224,0.912109375,0.0362548828125,-0.408447265625,0.0,0.1612548828125,0.00838470458984375
992,406,-0.6014817953109741,0.0,0.09667088091373444,0.912109375,0.0362548828125,-0.408447265625,0.0,0.1328125,0.00812530517578125
993,404,-0.6206262111663818,0.6732202172279358,0.11367186903953552,0.912109375,0.03515625,-0.408447265625,0.0,0.1329345703125,0.078857421875
994,407,-0.5112341046333313,0.6708279252052307,0.3577514588832855,0.912109375,0.03515625,-0.408447265625,0.0,0.1610107421875,0.078857421875
995,405,-0.4906195104122162,0.0,0.3442383110523224,0.912109375,0.0362548828125,-0.408447265625,0.0,0.1612548828125,0.00838470458984375
996,408,-0.6282995343208313,1.1654629707336426,0.13697998225688934,0.90576171875,0.12646484375,-0.40478515625,0.0,0.1343994140625,0.130615234375
997,407,-0.5112341046333313,0.6708279252052307,0.3577514588832855,0.912109375,0.03515625,-0.408447265625,0.0,0.1610107421875,0.078857421875
998,404,-0.6206262111663818,0.6732202172279358,0.11367186903953552,0.912109375,0.03515625,-0.408447265625,0.0,0.1329345703125,0.078857421875
999,408,-0.6282995343208313,1.1654629707336426,0.13697998225688934,0.90576171875,0.12646484375,-0.40478515625,0.0,0.1343994140625,0.130615234375
1000,409,-0.5302685499191284,1.163321614265442,0.35570067167282104,0.90576171875,0.1263427734375,-0.40478515625,0.0,0.1595458984375,0.130615234375
1001,407,-0.5112341046333313,0.6708279252052307,0.3577514588832855,0.912109375,0.03515625,-0.408447265625,0.0,0.1610107421875,0.078857421875
1002,410,-0.7451269626617432,1.8149611949920654,0.20771484076976776,0.880859375,0.264404296875,-0.392333984375,0.0,0.135498046875,0.2003173828125
1003,409,-0.5302685499191284,1.163321614265442,0.35570067167282104,0.90576171875,0.1263427734375,-0.40478515625,0.0,0.1595458984375,0.130615234375
1004,408,-0.6282995343208313,1.1654629707336426,0.13697998225688934,0.90576171875,0.12646484375,-0.40478515625,0.0,0.1343994140625,0.130615234375
1005,410,-0.7451269626617432,1.8149611949920654,0.20771484076976776,0.880859375,0.264404296875,-0.392333984375,0.0,0.135498046875,0.2003173828125
1006,411,-0.6562365293502808,1.8130156993865967,0.40604978799819946,0.880859375,0.264404296875,-0.392333984375,0.0,0.1583251953125,0.2003173828125
1007,409,-0.5302685499191284,1.163321614265442,0.35570067167282104,0.90576171875,0.1263427734375,-0.40478515625,0.0,0.1595458984375,0.130615234375
1008,412,-0.9153979420661926,2.3523287773132324,0.3170117139816284,0.84716796875,0.375732421875,-0.3759765625,0.0,0.13818359375,0.260498046875
1009,411,-0.6562365293502808,1.8130156993865967,0.40604978799819946,0.880859375,0.264404296875,-0.392333984375,0.0,0.1583251953125,0.2003173828125
1010,410,-0.7451269626617432,1.8149611949920654,0.20771484076976776,0.880859375,0.264404296875,-0.392333984375,0.0,0.135498046875,0.2003173828125
1011,412,-0.9153979420661926,2.3523287773132324,0.3170117139816284,0.84716796875,0.375732421875,-0.3759765625,0.0,0.13818359375,0.260498046875
1012,413,-0.8473376035690308,2.350839853286743,0.46886229515075684,0.84716796875,0.375732421875,-0.3759765625,0.0,0.1556396484375,0.260498046875
1013,411,-0.6562365293502808,1.8130156993865967,0.40604978799819946,0.880859375,0.264404296875,-0.392333984375,0.0,0.1583251953125,0.2003173828125
1014,413,-0.8473376035690308,2.350839853286743,0.46886229515075684,0.84716796875,0.375732421875,-0.3759765625,0.0,0.1556396484375,0.260498046875
1015,412,-0.9153979420661926,2.3523287773132324,0.3170117139816284,0.84716796875,0.375732421875,-0.3759765625,0.0,0.13818359375,0.260498046875
1016,414,-1.0847326517105103,2.788266181945801,0.48820555210113525,0.81298828125,0.457275390625,-0.360107421875,0.0,0.14697265625,0.31201171875
1017,415,-1.921379804611206,0.0,-0.829410970211029,-0.287841796875,0.1217041015625,-0.94970703125,0.0,0.498046875,0.880859375
1018,416,-1.728552222251892,0.319474995136261,-0.84693843126297,-0.28369140625,0.1524658203125,-0.94677734375,0.0,0.51416015625,0.9140625
1019,417,-1.753809928894043,0.0,-0.8802109360694885,-0.287841796875,0.1217041015625,-0.94970703125,0.0,0.51513671875,0.88232421875
1020,415,-1.921379804611206,0.0,-0.829410970211029,-0.287841796875,0.1217041015625,-0.94970703125,0.0,0.498046875,0.880859375
1021,418,-1.8924877643585205,0.33682698011398315,-0.7950183153152466,-0.283447265625,0.154052734375,-0.9462890625,0.0,0.496826171875,0.91455078125
1022,416,-1.728552222251892,0.319474995136261,-0.84693843126297,-0.28369140625,0.1524658203125,-0.94677734375,0.0,0.51416015625,0.9140625
1023,416,-1.728552222251892,0.319474995136261,-0.84693843126297,-0.28369140625,0.1524658203125,-0.94677734375,0.0,0.51416015625,0.9140625
1024,418,-1.8924877643585205,0.33682698011398315,-0.7950183153152466,-0.283447265625,0.154052734375,-0.9462890625,0.0,0.496826171875,0.91455078125
1025,419,-1.8632445335388184,0.45524659752845764,-0.7721582055091858,-0.236328125,0.406982421875,-0.88232421875,0.0,0.49755859375,0.92724609375
1026,416,-1.728552222251892,0.319474995136261,-0.84693843126297,-0.28369140625,0.1524658203125,-0.94677734375,0.0,0.51416015625,0.9140625
1027,419,-1.8632445335388184,0.45524659752845764,-0.7721582055091858,-0.236328125,0.406982421875,-0.88232421875,0.0,0.49755859375,0.92724609375
1028,420,-1.716345191001892,0.43969717621803284,-0.81867915391922,-0.236328125,0.406982421875,-0.88232421875,0.0,0.513671875,0.9267578125
1029,420,-1.716345191001892,0.43969717621803284,-0.81867915391922,-0.236328125,0.406982421875,-0.88232421875,0.0,0.513671875,0.9267578125
1030,419,-1.8632445335388184,0.45524659752845764,-0.7721582055091858,-0.236328125,0.406982421875,-0.88232421875,0.0,0.49755859375,0.92724609375
1031,421,-1.8146276473999023,0.5985258221626282,-0.6905590891838074,-0.1766357421875,0.61962890625,-0.7646484375,0.0,0.498291015625,0.9453125
1032,420,-1.716345191001892,0.43969717621803284,-0.81867915391922,-0.236328125,0.406982421875,-0.88232421875,0.0,0.513671875,0.9267578125
1033,421,-1.8146276473999023,0.5985258221626282,-0.6905590891838074,-0.1766357421875,0.61962890625,-0.7646484375,0.0,0.498291015625,0.9453125
1034,422,-1.6814123392105103,0.5844252705574036,-0.7327465415000916,-0.1766357421875,0.61962890625,-0.7646484375,0.0,0.513671875,0.9453125
1035,423,-1.7532970905303955,0.7056824564933777,-0.5874975323677063,-0.12548828125,0.75146484375,-0.6474609375,0.0,0.499267578125,0.9638671875
1036,422,-1.6814123392105103,0.5844252705574036,-0.7327465415000916,-0.1766357421875,0.61962890625,-0.7646484375,0.0,0.513671875,0.9453125
1037,421,-1.8146276473999023,0.5985258221626282,-0.6905590891838074,-0.1766357421875,0.61962890625,-0.7646484375,0.0,0.498291015625,0.9453125
1038,423,-1.7532970905303955,0.7056824564933777,-0.5874975323677063,-0.12548828125,0.75146484375,-0.6474609375,0.0,0.499267578125,0.9638671875
1039,424,-1.6513036489486694,0.6948859095573425,-0.6197973489761353,-0.12548828125,0.75146484375,-0.6474609375,0.0,0.5126953125,0.9638671875
1040,422,-1.6814123392105103,0.5844252705574036,-0.7327465415000916,-0.1766357421875,0.61962890625,-0.7646484375,0.0,0.513671875,0.9453125
1041,424,-1.6513036489486694,0.6948859095573425,-0.6197973489761353,-0.12548828125,0.75146484375,-0.6474609375,0.0,0.5126953125,0.9638671875
1042,423,-1.7532970905303955,0.7056824564933777,-0.5874975323677063,-0.12548828125,0.75146484375,-0.6474609375,0.0,0.499267578125,0.9638671875
1043,425,-1.657289981842041,0.7813486456871033,-0.4886206090450287,-0.086669921875,0.830078125,-0.55078125,0.0,0.505859375,0.98193359375
1044,426,-2.7437047958374023,0.444491446018219,-1.662657380104065,0.91015625,0.3115234375,-0.27294921875,0.0,0.65576171875,0.4765625
1045,427,-2.5574042797088623,0.0,-1.5292402505874634,0.91357421875,0.300537109375,-0.2744140625,0.0,0.63720703125,0.5224609375
1046,428,-2.611253499984741,0.0,-1.707642674446106,0.91357421875,0.300537109375,-0.2744140625,0.0,0.65576171875,0.52294921875
1047,426,-2.7437047958374023,0.444491446018219,-1.662657380104065,0.91015625,0.3115234375,-0.27294921875,0.0,0.65576171875,0.4765625
1048,429,-2.690568685531616,0.442884624004364,-1.4867297410964966,0.91015625,0.311279296875,-0.27294921875,0.0,0.63720703125,0.4765625
1049,427,-2.5574042797088623,0.0,-1.5292402505874634,0.91357421875,0.300537109375,-0.2744140625,0.0,0.63720703125,0.5224609375
1050,430,-2.838047981262207,0.7376919388771057,-1.6215100288391113,0.86865234375,0.4228515625,-0.258544921875,0.0,0.6552734375,0.443359375
1051,429,-2.690568685531616,0.442884624004364,-1.4867297410964966,0.91015625,0.311279296875,-0.27294921875,0.0,0.63720703125,0.4765625
1052,426,-2.7437047958374023,0.444491446018219,-1.662657380104065,0.91015625,0.3115234375,-0.27294921875,0.0,0.65576171875,0.4765625
1053,430,-2.838047981262207,0.7376919388771057,-1.6215100288391113,0.86865234375,0.4228515625,-0.258544921875,0.0,0.6552734375,0.443359375
1054,431,-2.7904295921325684,0.7362506985664368,-1.4638537168502808,0.86865234375,0.4228515625,-0.258544921875,0.0,0.6376953125,0.443359375
1055,429,-2.690568685531616,0.442884624004364,-1.4867297410964966,0.91015625,0.311279296875,-0.27294921875,0.0,0.63720703125,0.4765625
1056,432,-3.0353283882141113,1.1010493040084839,-1.5505797863006592,0.79736328125,0.5556640625,-0.2357177734375,0.0,0.65478515625,0.39794921875
1057,431,-2.7904295921325684,0.7362506985664368,-1.4638537168502808,0.86865234375,0.4228515625,-0.258544921875,0.0,0.6376953125,0.443359375
1058,430,-2.838047981262207,0.7376919388771057,-1.6215100288391113,0.86865234375,0.4228515625,-0.258544921875,0.0,0.6552734375,0.443359375
1059,432,-3.0353283882141113,1.1010493040084839,-1.5505797863006592,0.79736328125,0.5556640625,-0.2357177734375,0.0,0.65478515625,0.39794921875
1060,433,-2.992149591445923,1.0997434854507446,-1.4076184034347534,0.79736328125,0.5556640625,-0.2357177734375,0.0,0.638671875,0.39794921875
1061,431,-2.7904295921325684,0.7362506985664368,-1.4638537168502808,0.86865234375,0.4228515625,-0.258544921875,0.0,0.6376953125,0.443359375
1062,434,-3.2505455017089844,1.3834909200668335,-1.4647107124328613,0.72412109375,0.65625,-0.2127685546875,0.0,0.65283203125,0.3583984375
1063,433,-2.992149591445923,1.0997434854507446,-1.4076184034347534,0.79736328125,0.5556640625,-0.2357177734375,0.0,0.638671875,0.39794921875
1064,432,-3.0353283882141113,1.1010493040084839,-1.5505797863006592,0.79736328125,0.5556640625,-0.2357177734375,0.0,0.65478515625,0.39794921875
1065,434,-3.2505455017089844,1.3834909200668335,-1.4647107124328613,0.72412109375,0.65625,-0.2127685546875,0.0,0.65283203125,0.3583984375
1066,435,-3.2174863815307617,1.3824899196624756,-1.355255126953125,0.72412109375,0.65625,-0.2127685546875,0.0,0.64013671875,0.3583984375
1067,433,-2.992149591445923,1.0997434854507446,-1.4076184034347534,0.79736328125,0.5556640625,-0.2357177734375,0.0,0.638671875,0.39794921875
1068,435,-3.2174863815307617,1.3824899196624756,-1.355255126953125,0.72412109375,0.65625,-0.2127685546875,0.0,0.64013671875,0.3583984375
1069,434,-3.2505455017089844,1.3834909200668335,-1.4647107124328613,0.72412109375,0.65625,-0.2127685546875,0.0,0.65283203125,0.3583984375
1070,436,-3.451873779296875,1.5997117757797241,-1.342193603515625,0.6611328125,0.72509765625,-0.193115234375,0.0,0.646484375,0.324462890625
1071,437,1.248968482017517,0.38718634843826294,2.211433172225952,0.8818359375,-0.0655517578125,0.46728515625,0.0,0.2371826171875,0.318359375
1072,438,1.149978518486023,0.0,2.3453967571258545,0.8818359375,-0.06378173828125,0.46728515625,0.0,0.25537109375,0.278076171875
1073,439,1.231886386871338,0.0,2.1908297538757324,0.8818359375,-0.06378173828125,0.46728515625,0.0,0.237060546875,0.277587890625
1074,437,1.248968482017517,0.38718634843826294,2.211433172225952,0.8818359375,-0.0655517578125,0.46728515625,0.0,0.2371826171875,0.318359375
1075,440,1.167840600013733,0.38310709595680237,2.3639769554138184,0.8818359375,-0.0655517578125,0.46728515625,0.0,0.25537109375,0.318359375
1076,438,1.149978518486023,0.0,2.3453967571258545,0.8818359375,-0.06378173828125,0.46728515625,0.0,0.25537109375,0.278076171875
1077,441,1.261141300201416,0.7219887375831604,2.2370238304138184,0.8798828125,0.06884765625,0.469970703125,0.0,0.2381591796875,0.353515625
1078,440,1.167840600013733,0.38310709595680237,2.3639769554138184,0.8818359375,-0.0655517578125,0.46728515625,0.0,0.25537109375,0.318359375
1079,437,1.248968482017517,0.38718634843826294,2.211433172225952,0.8818359375,-0.0655517578125,0.46728515625,0.0,0.2371826171875,0.318359375
1080,441,1.261141300201416,0.7219887375831604,2.2370238304138184,0.8798828125,0.06884765625,0.469970703125,0.0,0.2381591796875,0.353515625
1081,442,1.1884325742721558,0.7183346152305603,2.37371826171875,0.8798828125,0.06884765625,0.469970703125,0.0,0.25439453125,0.353515625
1082,440,1.167840600013733,0.38310709595680237,2.3639769554138184,0.8818359375,-0.0655517578125,0.46728515625,0.0,0.25537109375,0.318359375
1083,443,1.179071068763733,1.1727946996688843,2.2135961055755615,0.84765625,0.26708984375,0.4580078125,0.0,0.2388916015625,0.40185546875
1084,442,1.1884325742721558,0.7183346152305603,2.37371826171875,0.8798828125,0.06884765625,0.469970703125,0.0,0.25439453125,0.353515625
1085,441,1.261141300201416,0.7219887375831604,2.2370238304138184,0.8798828125,0.06884765625,0.469970703125,0.0,0.2381591796875,0.353515625
1086,443,1.179071068763733,1.1727946996688843,2.2135961055755615,0.84765625,0.26708984375,0.4580078125,0.0,0.2388916015625,0.40185546875
1087,444,1.1131420135498047,1.1694793701171875,2.3375561237335205,0.84765625,0.26708984375,0.4580078125,0.0,0.253662109375,0.40185546875
1088,442,1.1884325742721558,0.7183346152305603,2.37371826171875,0.8798828125,0.06884765625,0.469970703125,0.0,0.25439453125,0.353515625
1089,445,1.0287145376205444,1.5525634288787842,2.162421941757202,0.7978515625,0.41650390625,0.435546875,0.0,0.2406005859375,0.445068359375
1090,444,1.1131420135498047,1.1694793701171875,2.3375561237335205,0.84765625,0.26708984375,0.4580078125,0.0,0.253662109375,0.40185546875
1091,443,1.179071068763733,1.1727946996688843,2.2135961055755615,0.84765625,0.26708984375,0.4580078125,0.0,0.2388916015625,0.40185546875
1092,445,1.0287145376205444,1.5525634288787842,2.162421941757202,0.7978515625,0.41650390625,0.435546875,0.0,0.2406005859375,0.445068359375
1093,446,0.9782385230064392,1.5500309467315674,2.257326602935791,0.7978515625,0.41650390625,0.435546875,0.0,0.251953125,0.445068359375
1094,444,1.1131420135498047,1.1694793701171875,2.3375561237335205,0.84765625,0.26708984375,0.4580078125,0.0,0.253662109375,0.40185546875
1095,446,0.9782385230064392,1.5500309467315674,2.257326602935791,0.7978515625,0.41650390625,0.435546875,0.0,0.251953125,0.445068359375
1096,445,1.0287145376205444,1.5525634288787842,2.162421941757202,0.7978515625,0.41650390625,0.435546875,0.0,0.2406005859375,0.445068359375
1097,447,0.8329211473464966,1.864993691444397,2.1275486946105957,0.75048828125,0.51611328125,0.412841796875,0.0,0.2462158203125,0.4833984375
1098,448,2.0380187034606934,0.21125023066997528,3.24755597114563,-0.751953125,-0.01512908935546875,-0.6591796875,0.0,0.6845703125,0.92041015625
1099,449,2.160045862197876,0.0,3.112614870071411,-0.751953125,-0.01336669921875,-0.6591796875,0.0,0.7041015625,0.8984375
1100,450,2.0371694564819336,0.0,3.2528092861175537,-0.751953125,-0.01336669921875,-0.6591796875,0.0,0.6845703125,0.8984375
1101,448,2.0380187034606934,0.21125023066997528,3.24755597114563,-0.751953125,-0.01512908935546875,-0.6591796875,0.0,0.6845703125,0.92041015625
1102,451,2.159174680709839,0.2084692269563675,3.109382152557373,-0.751953125,-0.01512908935546875,-0.6591796875,0.0,0.7041015625,0.92041015625
1103,449,2.160045862197876,0.0,3.112614870071411,-0.751953125,-0.01336669921875,-0.6591796875,0.0,0.7041015625,0.8984375
1104,451,2.159174680709839,0.2084692269563675,3.109382152557373,-0.751953125,-0.01512908935546875,-0.6591796875,0.0,0.7041015625,0.92041015625
1105,448,2.0380187034606934,0.21125023066997528,3.24755597114563,-0.751953125,-0.01512908935546875,-0.6591796875,0.0,0.6845703125,0.92041015625
1106,452,2.043790340423584,0.363248735666275,3.2368578910827637,-0.744140625,0.132568359375,-0.65478515625,0.0,0.685546875,0.9365234375
1107,451,2.159174680709839,0.2084692269563675,3.109382152557373,-0.751953125,-0.01512908935546875,-0.6591796875,0.0,0.7041015625,0.92041015625
1108,452,2.043790340423584,0.363248735666275,3.2368578910827637,-0.744140625,0.132568359375,-0.65478515625,0.0,0.685546875,0.9365234375
1109,453,2.152360677719116,0.3607574701309204,3.113039493560791,-0.744140625,0.132568359375,-0.65478515625,0.0,0.703125,0.9365234375
1110,453,2.152360677719116,0.3607574701309204,3.113039493560791,-0.744140625,0.132568359375,-0.65478515625,0.0,0.703125,0.9365234375
1111,452,2.043790340423584,0.363248735666275,3.2368578910827637,-0.744140625,0.132568359375,-0.65478515625,0.0,0.685546875,0.9365234375
1112,454,2.0916748046875,0.5651470422744751,3.264577627182007,-0.701171875,0.3486328125,-0.6220703125,0.0,0.6865234375,0.95849609375
1113,453,2.152360677719116,0.3607574701309204,3.113039493560791,-0.744140625,0.132568359375,-0.65478515625,0.0,0.703125,0.9365234375
1114,454,2.0916748046875,0.5651470422744751,3.264577627182007,-0.701171875,0.3486328125,-0.6220703125,0.0,0.6865234375,0.95849609375
1115,455,2.190131902694702,0.562889039516449,3.152299642562866,-0.701171875,0.3486328125,-0.6220703125,0.0,0.7021484375,0.95849609375
1116,455,2.190131902694702,0.562889039516449,3.152299642562866,-0.701171875,0.3486328125,-0.6220703125,0.0,0.7021484375,0.95849609375
1117,454,2.0916748046875,0.5651470422744751,3.264577627182007,-0.701171875,0.3486328125,-0.6220703125,0.0,0.6865234375,0.95849609375
1118,456,2.1722850799560547,0.7330598831176758,3.308600902557373,-0.64501953125,0.501953125,-0.57568359375,0.0,0.6884765625,0.978515625
1119,455,2.190131902694702,0.562889039516449,3.152299642562866,-0.701171875,0.3486328125,-0.6220703125,0.0,0.7021484375,0.95849609375
1120,456,2.1722850799560547,0.7330598831176758,3.308600902557373,-0.64501953125,0.501953125,-0.57568359375,0.0,0.6884765625,0.978515625
1121,457,2.247667074203491,0.7313326001167297,3.2226390838623047,-0.64501953125,0.501953125,-0.57568359375,0.0,0.7001953125,0.978515625
1122,457,2.247667074203491,0.7313326001167297,3.2226390838623047,-0.64501953125,0.501953125,-0.57568359375,0.0,0.7001953125,0.978515625
1123,456,2.1722850799560547,0.7330598831176758,3.308600902557373,-0.64501953125,0.501953125,-0.57568359375,0.0,0.6884765625,0.978515625
1124,458,2.289825439453125,0.8695052862167358,3.3328733444213867,-0.5927734375,0.60498046875,-0.53173828125,0.0,0.6943359375,0.99658203125
1125,459,-1.599739909172058,0.5043589472770691,-0.722973644733429,0.92578125,0.189208984375,0.327880859375,0.0,0.05718994140625,0.69873046875
1126,460,-1.6839087009429932,0.5054647922515869,-0.48594969511032104,0.92578125,0.1888427734375,0.327880859375,0.0,0.0836181640625,0.69873046875
1127,461,-1.532713532447815,0.14142201840877533,-0.7003710865974426,0.92529296875,0.1912841796875,0.32763671875,0.0,0.056915283203125,0.65966796875
1128,462,-1.6487194299697876,0.7531968355178833,-0.7270678281784058,0.8955078125,0.312255859375,0.316650390625,0.0,0.058624267578125,0.72509765625
1129,460,-1.6839087009429932,0.5054647922515869,-0.48594969511032104,0.92578125,0.1888427734375,0.327880859375,0.0,0.0836181640625,0.69873046875
1130,459,-1.599739909172058,0.5043589472770691,-0.722973644733429,0.92578125,0.189208984375,0.327880859375,0.0,0.05718994140625,0.69873046875
1131,462,-1.6487194299697876,0.7531968355178833,-0.7270678281784058,0.8955078125,0.312255859375,0.316650390625,0.0,0.058624267578125,0.72509765625
1132,463,-1.7241406440734863,0.7541850209236145,-0.514660656452179,0.8955078125,0.3125,0.316650390625,0.0,0.082275390625,0.72509765625
1133,460,-1.6839087009429932,0.5054647922515869,-0.48594969511032104,0.92578125,0.1888427734375,0.327880859375,0.0,0.0836181640625,0.69873046875
1134,464,-1.782202124595642,1.051540493965149,-0.7639989852905273,0.81689453125,0.49951171875,0.287841796875,0.0,0.059783935546875,0.759765625
1135,463,-1.7241406440734863,0.7541850209236145,-0.514660656452179,0.8955078125,0.3125,0.316650390625,0.0,0.082275390625,0.72509765625
1136,462,-1.6487194299697876,0.7531968355178833,-0.7270678281784058,0.8955078125,0.312255859375,0.316650390625,0.0,0.058624267578125,0.72509765625
1137,464,-1.782202124595642,1.051540493965149,-0.7639989852905273,0.81689453125,0.49951171875,0.287841796875,0.0,0.059783935546875,0.759765625
1138,465,-1.8505969047546387,1.0524343252182007,-0.5713769197463989,0.81689453125,0.499755859375,0.287841796875,0.0,0.08123779296875,0.759765625
1139,463,-1.7241406440734863,0.7541850209236145,-0.514660656452179,0.8955078125,0.3125,0.316650390625,0.0,0.082275390625,0.72509765625
1140,466,-1.952730655670166,1.2753629684448242,-0.79963618516922,0.72412109375,0.64111328125,0.254150390625,0.0,0.0623779296875,0.78955078125
1141,465,-1.8505969047546387,1.0524343252182007,-0.5713769197463989,0.81689453125,0.499755859375,0.287841796875,0.0,0.08123779296875,0.759765625
1142,464,-1.782202124595642,1.051540493965149,-0.7639989852905273,0.81689453125,0.49951171875,0.287841796875,0.0,0.059783935546875,0.759765625
1143,466,-1.952730655670166,1.2753629684448242,-0.79963618516922,0.72412109375,0.64111328125,0.254150390625,0.0,0.0623779296875,0.78955078125
1144,467,-2.005096435546875,1.2760452032089233,-0.6521655321121216,0.72412109375,0.64111328125,0.254150390625,0.0,0.07879638671875,0.78955078125
1145,465,-1.8505969047546387,1.0524343252182007,-0.5713769197463989,0.81689453125,0.499755859375,0.287841796875,0.0,0.08123779296875,0.759765625
1146,467,-2.005096435546875,1.2760452032089233,-0.6521655321121216,0.72412109375,0.64111328125,0.254150390625,0.0,0.07879638671875,0.78955078125
1147,466,-1.952730655670166,1.2753629684448242,-0.79963618516922,0.72412109375,0.64111328125,0.254150390625,0.0,0.0623779296875,0.78955078125
1148,468,-2.1497082710266113,1.4411004781723022,-0.7869189381599426,0.63623046875,0.73876953125,0.222412109375,0.0,0.07061767578125,0.8154296875
1149,469,-2.1618611812591553,0.0,-1.0705311298370361,0.58203125,0.249267578125,-0.77392578125,0.0,0.79296875,0.75244140625
1150,470,-2.04545521736145,0.3961007595062256,-0.85540771484375,0.580078125,0.2841796875,-0.76318359375,0.0,0.77587890625,0.7119140625
1151,471,-2.0124940872192383,0.0,-0.958187460899353,0.58203125,0.249267578125,-0.77392578125,0.0,0.775390625,0.75048828125
1152,469,-2.1618611812591553,0.0,-1.0705311298370361,0.58203125,0.249267578125,-0.77392578125,0.0,0.79296875,0.75244140625
1153,472,-2.194671630859375,0.41930827498435974,-0.9601672291755676,0.580078125,0.285400390625,-0.76318359375,0.0,0.7939453125,0.71142578125
1154,470,-2.04545521736145,0.3961007595062256,-0.85540771484375,0.580078125,0.2841796875,-0.76318359375,0.0,0.77587890625,0.7119140625
1155,473,-2.211296319961548,0.620995819568634,-0.8750548958778381,0.55810546875,0.453857421875,-0.6943359375,0.0,0.79345703125,0.689453125
1156,470,-2.04545521736145,0.3961007595062256,-0.85540771484375,0.580078125,0.2841796875,-0.76318359375,0.0,0.77587890625,0.7119140625
1157,472,-2.194671630859375,0.41930827498435974,-0.9601672291755676,0.580078125,0.285400390625,-0.76318359375,0.0,0.7939453125,0.71142578125
1158,473,-2.211296319961548,0.620995819568634,-0.8750548958778381,0.55810546875,0.453857421875,-0.6943359375,0.0,0.79345703125,0.689453125
1159,474,-2.077578067779541,0.6002004742622375,-0.7811840772628784,0.55810546875,0.453857421875,-0.6943359375,0.0,0.77587890625,0.689453125
1160,470,-2.04545521736145,0.3961007595062256,-0.85540771484375,0.580078125,0.2841796875,-0.76318359375,0.0,0.77587890625,0.7119140625
1161,475,-2.2705724239349365,0.868394672870636,-0.7223559617996216,0.52392578125,0.58837890625,-0.61572265625,0.0,0.79296875,0.65576171875
1162,474,-2.077578067779541,0.6002004742622375,-0.7811840772628784,0.55810546875,0.453857421875,-0.6943359375,0.0,0.77587890625,0.689453125
1163,473,-2.211296319961548,0.620995819568634,-0.8750548958778381,0.55810546875,0.453857421875,-0.6943359375,0.0,0.79345703125,0.689453125
1164,475,-2.2705724239349365,0.868394672870636,-0.7223559617996216,0.52392578125,0.58837890625,-0.61572265625,0.0,0.79296875,0.65576171875
1165,476,-2.149315118789673,0.8495374321937561,-0.6372240781784058,0.52392578125,0.58837890625,-0.61572265625,0.0,0.77587890625,0.65576171875
1166,474,-2.077578067779541,0.6002004742622375,-0.7811840772628784,0.55810546875,0.453857421875,-0.6943359375,0.0,0.77587890625,0.689453125
1167,477,-2.336344003677368,1.0567981004714966,-0.556225597858429,0.48583984375,0.6875,-0.5400390625,0.0,0.791015625,0.62451171875
1168,476,-2.149315118789673,0.8495374321937561,-0.6372240781784058,0.52392578125,0.58837890625,-0.61572265625,0.0,0.77587890625,0.65576171875
1169,475,-2.2705724239349365,0.868394672870636,-0.7223559617996216,0.52392578125,0.58837890625,-0.61572265625,0.0,0.79296875,0.65576171875
1170,477,-2.336344003677368,1.0567981004714966,-0.556225597858429,0.48583984375,0.6875,-0.5400390625,0.0,0.791015625,0.62451171875
1171,478,-2.2435083389282227,1.0423626899719238,-0.49104735255241394,0.48583984375,0.6875,-0.5400390625,0.0,0.77783203125,0.62451171875
1172,476,-2.149315118789673,0.8495374321937561,-0.6372240781784058,0.52392578125,0.58837890625,-0.61572265625,0.0,0.77587890625,0.65576171875
1173,478,-2.2435083389282227,1.0423626899719238,-0.49104735255241394,0.48583984375,0.6875,-0.5400390625,0.0,0.77783203125,0.62451171875
1174,477,-2.336344003677368,1.0567981004714966,-0.556225597858429,0.48583984375,0.6875,-0.5400390625,0.0,0.791015625,0.62451171875
1175,479,-2.3730809688568115,1.1938830614089966,-0.37322020530700684,0.451171875,0.75537109375,-0.475341796875,0.0,0.78466796875,0.5986328125
1176,480,1.6039282083511353,0.36166444420814514,2.7783031463623047,-0.7138671875,0.071044921875,0.69677734375,0.0,0.90478515625,0.49609375
1177,481,1.4549180269241333,0.0,2.66357421875,-0.7138671875,0.07318115234375,0.6962890625,0.0,0.923828125,0.4580078125
1178,482,1.5850422382354736,0.0,2.7969486713409424,-0.7138671875,0.07318115234375,0.6962890625,0.0,0.904296875,0.4580078125
1179,480,1.6039282083511353,0.36166444420814514,2.7783031463623047,-0.7138671875,0.071044921875,0.69677734375,0.0,0.90478515625,0.49609375
1180,483,1.475616455078125,0.36222517490386963,2.646721124649048,-0.7138671875,0.071044921875,0.69677734375,0.0,0.923828125,0.49609375
1181,481,1.4549180269241333,0.0,2.66357421875,-0.7138671875,0.07318115234375,0.6962890625,0.0,0.923828125,0.4580078125
1182,484,1.6109654903411865,0.6309047937393188,2.7592601776123047,-0.693359375,0.245361328125,0.67724609375,0.0,0.90576171875,0.5244140625
1183,483,1.475616455078125,0.36222517490386963,2.646721124649048,-0.7138671875,0.071044921875,0.69677734375,0.0,0.923828125,0.49609375
1184,480,1.6039282083511353,0.36166444420814514,2.7783031463623047,-0.7138671875,0.071044921875,0.69677734375,0.0,0.90478515625,0.49609375
1185,484,1.6109654903411865,0.6309047937393188,2.7592601776123047,-0.693359375,0.245361328125,0.67724609375,0.0,0.90576171875,0.5244140625
1186,485,1.4959826469421387,0.6314128637313843,2.641355037689209,-0.693359375,0.245361328125,0.67724609375,0.0,0.9228515625,0.5244140625
1187,483,1.475616455078125,0.36222517490386963,2.646721124649048,-0.7138671875,0.071044921875,0.69677734375,0.0,0.923828125,0.49609375
1188,486,1.7100768089294434,0.9772601127624512,2.6533665657043457,-0.62548828125,0.484375,0.61181640625,0.0,0.90625,0.56396484375
1189,485,1.4959826469421387,0.6314128637313843,2.641355037689209,-0.693359375,0.245361328125,0.67724609375,0.0,0.9228515625,0.5244140625
1190,484,1.6109654903411865,0.6309047937393188,2.7592601776123047,-0.693359375,0.245361328125,0.67724609375,0.0,0.90576171875,0.5244140625
1191,486,1.7100768089294434,0.9772601127624512,2.6533665657043457,-0.62548828125,0.484375,0.61181640625,0.0,0.90625,0.56396484375
1192,487,1.605806827545166,0.9777191877365112,2.546442747116089,-0.62548828125,0.484375,0.61181640625,0.0,0.921875,0.56396484375
1193,485,1.4959826469421387,0.6314128637313843,2.641355037689209,-0.693359375,0.245361328125,0.67724609375,0.0,0.9228515625,0.5244140625
1194,487,1.605806827545166,0.9777191877365112,2.546442747116089,-0.62548828125,0.484375,0.61181640625,0.0,0.921875,0.56396484375
1195,486,1.7100768089294434,0.9772601127624512,2.6533665657043457,-0.62548828125,0.484375,0.61181640625,0.0,0.90625,0.56396484375
1196,488,1.851082682609558,1.2570898532867432,2.492604970932007,-0.54833984375,0.64013671875,0.53759765625,0.0,0.908203125,0.6005859375
1197,487,1.605806827545166,0.9777191877365112,2.546442747116089,-0.62548828125,0.484375,0.61181640625,0.0,0.921875,0.56396484375
1198,488,1.851082682609558,1.2570898532867432,2.492604970932007,-0.54833984375,0.64013671875,0.53759765625,0.0,0.908203125,0.6005859375
1199,489,1.7712548971176147,1.2574361562728882,2.4107494354248047,-0.54833984375,0.64013671875,0.53759765625,0.0,0.92041015625,0.6005859375
1200,489,1.7712548971176147,1.2574361562728882,2.4107494354248047,-0.54833984375,0.64013671875,0.53759765625,0.0,0.92041015625,0.6005859375
1201,488,1.851082682609558,1.2570898532867432,2.492604970932007,-0.54833984375,0.64013671875,0.53759765625,0.0,0.908203125,0.6005859375
1202,490,1.982757568359375,1.479689598083496,2.285295248031616,-0.486083984375,0.73193359375,0.477294921875,0.0,0.9140625,0.63525390625
1203,491,2.0801520347595215,0.0,3.452683687210083,-0.8203125,0.267333984375,-0.505859375,0.0,0.2266845703125,0.7080078125
1204,492,2.2228503227233887,0.3380430042743683,3.399919271469116,-0.8232421875,0.284912109375,-0.490966796875,0.0,0.244140625,0.7392578125
1205,493,2.180182695388794,0.0,3.299891471862793,-0.8203125,0.267333984375,-0.505859375,0.0,0.243896484375,0.705078125
1206,491,2.0801520347595215,0.0,3.452683687210083,-0.8203125,0.267333984375,-0.505859375,0.0,0.2266845703125,0.7080078125
1207,494,2.1234190464019775,0.297728031873703,3.549138069152832,-0.8232421875,0.284423828125,-0.491455078125,0.0,0.2257080078125,0.73876953125
1208,492,2.2228503227233887,0.3380430042743683,3.399919271469116,-0.8232421875,0.284912109375,-0.490966796875,0.0,0.244140625,0.7392578125
1209,495,2.1618003845214844,0.5025239586830139,3.618288516998291,-0.806640625,0.408447265625,-0.42724609375,0.0,0.2261962890625,0.76220703125
1210,492,2.2228503227233887,0.3380430042743683,3.399919271469116,-0.8232421875,0.284912109375,-0.490966796875,0.0,0.244140625,0.7392578125
1211,494,2.1234190464019775,0.297728031873703,3.549138069152832,-0.8232421875,0.284423828125,-0.491455078125,0.0,0.2257080078125,0.73876953125
1212,495,2.1618003845214844,0.5025239586830139,3.618288516998291,-0.806640625,0.408447265625,-0.42724609375,0.0,0.2261962890625,0.76220703125
1213,496,2.250903367996216,0.5386542081832886,3.484572649002075,-0.806640625,0.408447265625,-0.42724609375,0.0,0.243896484375,0.76220703125
1214,492,2.2228503227233887,0.3380430042743683,3.399919271469116,-0.8232421875,0.284912109375,-0.490966796875,0.0,0.244140625,0.7392578125
1215,497,2.257894277572632,0.7549691796302795,3.741081476211548,-0.75830078125,0.54443359375,-0.3583984375,0.0,0.226806640625,0.79541015625
1216,496,2.250903367996216,0.5386542081832886,3.484572649002075,-0.806640625,0.408447265625,-0.42724609375,0.0,0.243896484375,0.76220703125
1217,495,2.1618003845214844,0.5025239586830139,3.618288516998291,-0.806640625,0.408447265625,-0.42724609375,0.0,0.2261962890625,0.76220703125
1218,497,2.257894277572632,0.7549691796302795,3.741081476211548,-0.75830078125,0.54443359375,-0.3583984375,0.0,0.226806640625,0.79541015625
1219,498,2.338693857192993,0.7877312898635864,3.619821786880493,-0.75830078125,0.54443359375,-0.3583984375,0.0,0.243408203125,0.79541015625
1220,496,2.250903367996216,0.5386542081832886,3.484572649002075,-0.806640625,0.408447265625,-0.42724609375,0.0,0.243896484375,0.76220703125
1221,499,2.3806395530700684,0.9534428119659424,3.8549389839172363,-0.705078125,0.64501953125,-0.29541015625,0.0,0.228759765625,0.82373046875
1222,498,2.338693857192993,0.7877312898635864,3.619821786880493,-0.75830078125,0.54443359375,-0.3583984375,0.0,0.243408203125,0.79541015625
1223,497,2.257894277572632,0.7549691796302795,3.741081476211548,-0.75830078125,0.54443359375,-0.3583984375,0.0,0.226806640625,0.79541015625
1224,499,2.3806395530700684,0.9534428119659424,3.8549389839172363,-0.705078125,0.64501953125,-0.29541015625,0.0,0.228759765625,0.82373046875
1225,500,2.442502498626709,0.9785282015800476,3.762101888656616,-0.705078125,0.64501953125,-0.29541015625,0.0,0.241455078125,0.82373046875
1226,498,2.338693857192993,0.7877312898635864,3.619821786880493,-0.75830078125,0.54443359375,-0.3583984375,0.0,0.243408203125,0.79541015625
1227,500,2.442502498626709,0.9785282015800476,3.762101888656616,-0.705078125,0.64501953125,-0.29541015625,0.0,0.241455078125,0.82373046875
1228,499,2.3806395530700684,0.9534428119659424,3.8549389839172363,-0.705078125,0.64501953125,-0.29541015625,0.0,0.228759765625,0.82373046875
1229,501,2.529834032058716,1.1149885654449463,3.9275805950164795,-0.6552734375,0.71484375,-0.24365234375,0.0,0.235107421875,0.8486328125
1230,502,-0.15629638731479645,0.3116171061992645,1.149514079093933,-0.98388671875,-0.0186614990234375,-0.1781005859375,0.0,0.8359375,0.60546875
1231,503,-0.11290683597326279,0.0,0.9369949102401733,-0.98388671875,-0.01568603515625,-0.1778564453125,0.0,0.8701171875,0.5869140625
1232,504,-0.15289397537708282,0.0,1.1596927642822266,-0.98388671875,-0.01568603515625,-0.1778564453125,0.0,0.84912109375,0.57568359375
1233,502,-0.15629638731479645,0.3116171061992645,1.149514079093933,-0.98388671875,-0.0186614990234375,-0.1781005859375,0.0,0.8359375,0.60546875
1234,505,-0.1198107898235321,0.32190316915512085,0.9483398199081421,-0.98388671875,-0.0194854736328125,-0.17822265625,0.0,0.85400390625,0.615234375
1235,503,-0.11290683597326279,0.0,0.9369949102401733,-0.98388671875,-0.01568603515625,-0.1778564453125,0.0,0.8701171875,0.5869140625
1236,506,-0.14278686046600342,0.7040629982948303,1.0260913372039795,-0.98388671875,-0.021514892578125,-0.1771240234375,0.0,0.83056640625,0.64697265625
1237,505,-0.1198107898235321,0.32190316915512085,0.9483398199081421,-0.98388671875,-0.0194854736328125,-0.17822265625,0.0,0.85400390625,0.615234375
1238,502,-0.15629638731479645,0.3116171061992645,1.149514079093933,-0.98388671875,-0.0186614990234375,-0.1781005859375,0.0,0.8359375,0.60546875
1239,506,-0.14278686046600342,0.7040629982948303,1.0260913372039795,-0.98388671875,-0.021514892578125,-0.1771240234375,0.0,0.83056640625,0.64697265625
1240,507,-0.11550170928239822,0.6688224077224731,0.8790209889411926,-0.98388671875,-0.0211639404296875,-0.1767578125,0.0,0.84619140625,0.650390625
1241,505,-0.1198107898235321,0.32190316915512085,0.9483398199081421,-0.98388671875,-0.0194854736328125,-0.17822265625,0.0,0.85400390625,0.615234375
1242,507,-0.11550170928239822,0.6688224077224731,0.8790209889411926,-0.98388671875,-0.0211639404296875,-0.1767578125,0.0,0.84619140625,0.650390625
1243,506,-0.14278686046600342,0.7040629982948303,1.0260913372039795,-0.98388671875,-0.021514892578125,-0.1771240234375,0.0,0.83056640625,0.64697265625
1244,508,-0.10663696378469467,1.0910617113113403,0.7821020483970642,-0.984375,-0.0188751220703125,-0.1746826171875,0.0,0.8359375,0.6962890625
1245,507,-0.11550170928239822,0.6688224077224731,0.8790209889411926,-0.98388671875,-0.0211639404296875,-0.1767578125,0.0,0.84619140625,0.650390625
1246,508,-0.10663696378469467,1.0910617113113403,0.7821020483970642,-0.984375,-0.0188751220703125,-0.1746826171875,0.0,0.8359375,0.6962890625
1247,509,-0.0874316394329071,1.0289963483810425,0.6787377595901489,-0.984375,-0.0184326171875,-0.1744384765625,0.0,0.849609375,0.69482421875
1248,509,-0.0874316394329071,1.0289963483810425,0.6787377595901489,-0.984375,-0.0184326171875,-0.1744384765625,0.0,0.849609375,0.69482421875
1249,508,-0.10663696378469467,1.0910617113113403,0.7821020483970642,-0.984375,-0.0188751220703125,-0.1746826171875,0.0,0.8359375,0.6962890625
1250,510,-0.02692870981991291,1.309678316116333,0.3078344762325287,-0.98486328125,-0.016448974609375,-0.173095703125,0.0,0.87255859375,0.740234375
1251,511,0.4311789572238922,0.0,1.7423080205917358,-0.998046875,-0.02630615234375,-0.058319091796875,0.0,0.343994140625,0.307373046875
1252,512,0.4280065894126892,0.42337703704833984,1.6056054830551147,-0.99755859375,-0.0273590087890625,-0.06195068359375,0.0,0.35205078125,0.3515625
1253,513,0.43984073400497437,0.0,1.5889887809753418,-0.998046875,-0.02630615234375,-0.058319091796875,0.0,0.360107421875,0.310302734375
1254,511,0.4311789572238922,0.0,1.7423080205917358,-0.998046875,-0.02630615234375,-0.058319091796875,0.0,0.343994140625,0.307373046875
1255,514,0.4197705090045929,0.4174884557723999,1.7441210746765137,-0.99755859375,-0.027252197265625,-0.061553955078125,0.0,0.338134765625,0.348876953125
1256,512,0.4280065894126892,0.42337703704833984,1.6056054830551147,-0.99755859375,-0.0273590087890625,-0.06195068359375,0.0,0.35205078125,0.3515625
1257,514,0.4197705090045929,0.4174884557723999,1.7441210746765137,-0.99755859375,-0.027252197265625,-0.061553955078125,0.0,0.338134765625,0.348876953125
1258,515,0.4177917242050171,0.8900814652442932,1.5692626237869263,-0.9970703125,-0.029693603515625,-0.06707763671875,0.0,0.34912109375,0.401611328125
1259,512,0.4280065894126892,0.42337703704833984,1.6056054830551147,-0.99755859375,-0.0273590087890625,-0.06195068359375,0.0,0.35205078125,0.3515625
1260,514,0.4197705090045929,0.4174884557723999,1.7441210746765137,-0.99755859375,-0.027252197265625,-0.061553955078125,0.0,0.338134765625,0.348876953125
1261,516,0.4089367687702179,0.9441495537757874,1.6707470417022705,-0.9970703125,-0.030303955078125,-0.06793212890625,0.0,0.33740234375,0.40576171875
1262,515,0.4177917242050171,0.8900814652442932,1.5692626237869263,-0.9970703125,-0.029693603515625,-0.06707763671875,0.0,0.34912109375,0.401611328125
1263,517,0.4051269292831421,1.8338004350662231,1.3197582960128784,-0.9970703125,-0.031890869140625,-0.07000732421875,0.0,0.361083984375,0.5048828125
1264,515,0.4177917242050171,0.8900814652442932,1.5692626237869263,-0.9970703125,-0.029693603515625,-0.06707763671875,0.0,0.34912109375,0.401611328125
1265,516,0.4089367687702179,0.9441495537757874,1.6707470417022705,-0.9970703125,-0.030303955078125,-0.06793212890625,0.0,0.33740234375,0.40576171875
1266,518,-2.558171272277832,0.3251987397670746,-1.3003894090652466,0.7451171875,-0.0111083984375,-0.66650390625,0.0,0.607421875,0.8828125
1267,519,-2.438851833343506,0.0,-1.162950038909912,0.7451171875,-0.0082550048828125,-0.66650390625,0.0,0.58984375,0.912109375
1268,520,-2.563014268875122,0.0,-1.3017901182174683,0.7451171875,-0.0082550048828125,-0.66650390625,0.0,0.60693359375,0.91259765625
1269,518,-2.558171272277832,0.3251987397670746,-1.3003894090652466,0.7451171875,-0.0111083984375,-0.66650390625,0.0,0.607421875,0.8828125
1270,521,-2.4356749057769775,0.3224177360534668,-1.1634044647216797,0.7451171875,-0.01110076904296875,-0.66650390625,0.0,0.58984375,0.8828125
1271,519,-2.438851833343506,0.0,-1.162950038909912,0.7451171875,-0.0082550048828125,-0.66650390625,0.0,0.58984375,0.912109375
1272,522,-2.5482518672943115,0.4771972596645355,-1.293367862701416,0.740234375,0.132568359375,-0.6591796875,0.0,0.607421875,0.86767578125
1273,521,-2.4356749057769775,0.3224177360534668,-1.1634044647216797,0.7451171875,-0.01110076904296875,-0.66650390625,0.0,0.58984375,0.8828125
1274,518,-2.558171272277832,0.3251987397670746,-1.3003894090652466,0.7451171875,-0.0111083984375,-0.66650390625,0.0,0.607421875,0.8828125
1275,522,-2.5482518672943115,0.4771972596645355,-1.293367862701416,0.740234375,0.132568359375,-0.6591796875,0.0,0.607421875,0.86767578125
1276,523,-2.438481330871582,0.4747059941291809,-1.1706115007400513,0.740234375,0.132568359375,-0.6591796875,0.0,0.58984375,0.86767578125
1277,521,-2.4356749057769775,0.3224177360534668,-1.1634044647216797,0.7451171875,-0.01110076904296875,-0.66650390625,0.0,0.58984375,0.8828125
1278,524,-2.581561326980591,0.6790956258773804,-1.2491869926452637,0.7021484375,0.3486328125,-0.62060546875,0.0,0.607421875,0.84326171875
1279,523,-2.438481330871582,0.4747059941291809,-1.1706115007400513,0.740234375,0.132568359375,-0.6591796875,0.0,0.58984375,0.86767578125
1280,522,-2.5482518672943115,0.4771972596645355,-1.293367862701416,0.740234375,0.132568359375,-0.6591796875,0.0,0.607421875,0.86767578125
1281,524,-2.581561326980591,0.6790956258773804,-1.2491869926452637,0.7021484375,0.3486328125,-0.62060546875,0.0,0.607421875,0.84326171875
1282,525,-2.4820213317871094,0.6768376231193542,-1.1378686428070068,0.7021484375,0.3486328125,-0.62060546875,0.0,0.58984375,0.84326171875
1283,523,-2.438481330871582,0.4747059941291809,-1.1706115007400513,0.740234375,0.132568359375,-0.6591796875,0.0,0.58984375,0.86767578125
1284,526,-2.6350157260894775,0.847008466720581,-1.1744970083236694,0.64990234375,0.501953125,-0.57080078125,0.0,0.60546875,0.81982421875
1285,525,-2.4820213317871094,0.6768376231193542,-1.1378686428070068,0.7021484375,0.3486328125,-0.62060546875,0.0,0.58984375,0.84326171875
1286,524,-2.581561326980591,0.6790956258773804,-1.2491869926452637,0.7021484375,0.3486328125,-0.62060546875,0.0,0.607421875,0.84326171875
1287,526,-2.6350157260894775,0.847008466720581,-1.1744970083236694,0.64990234375,0.501953125,-0.57080078125,0.0,0.60546875,0.81982421875
1288,527,-2.558807373046875,0.845281183719635,-1.089266300201416,0.64990234375,0.501953125,-0.57080078125,0.0,0.591796875,0.81982421875
1289,525,-2.4820213317871094,0.6768376231193542,-1.1378686428070068,0.7021484375,0.3486328125,-0.62060546875,0.0,0.58984375,0.84326171875
1290,527,-2.558807373046875,0.845281183719635,-1.089266300201416,0.64990234375,0.501953125,-0.57080078125,0.0,0.591796875,0.81982421875
1291,526,-2.6350157260894775,0.847008466720581,-1.1744970083236694,0.64990234375,0.501953125,-0.57080078125,0.0,0.60546875,0.81982421875
1292,528,-2.673330068588257,0.9834538698196411,-1.060756802558899,0.599609375,0.60498046875,-0.52392578125,0.0,0.5986328125,0.798828125
1293,529,-3.0834646224975586,0.0,-1.8861122131347656,0.91943359375,0.135986328125,0.369384765625,0.0,0.65576171875,0.9697265625
1294,530,-3.1882824897766113,0.20814883708953857,-1.7018176317214966,0.91015625,0.1668701171875,0.37890625,0.0,0.64013671875,0.947265625
1295,531,-3.1483378410339355,0.0,-1.7173570394515991,0.91943359375,0.135986328125,0.369384765625,0.0,0.6396484375,0.966796875
1296,529,-3.0834646224975586,0.0,-1.8861122131347656,0.91943359375,0.135986328125,0.369384765625,0.0,0.65576171875,0.9697265625
1297,532,-3.125714063644409,0.25593745708465576,-1.867891788482666,0.9091796875,0.1707763671875,0.380126953125,0.0,0.6572265625,0.9462890625
1298,530,-3.1882824897766113,0.20814883708953857,-1.7018176317214966,0.91015625,0.1668701171875,0.37890625,0.0,0.64013671875,0.947265625
1299,533,-3.162567138671875,0.34760844707489014,-1.8448375463485718,0.7548828125,0.4970703125,0.427490234375,0.0,0.65673828125,0.9365234375
1300,530,-3.1882824897766113,0.20814883708953857,-1.7018176317214966,0.91015625,0.1668701171875,0.37890625,0.0,0.64013671875,0.947265625
1301,532,-3.125714063644409,0.25593745708465576,-1.867891788482666,0.9091796875,0.1707763671875,0.380126953125,0.0,0.6572265625,0.9462890625
1302,533,-3.162567138671875,0.34760844707489014,-1.8448375463485718,0.7548828125,0.4970703125,0.427490234375,0.0,0.65673828125,0.9365234375
1303,534,-3.2186291217803955,0.30478349328041077,-1.696016788482666,0.7548828125,0.4970703125,0.427490234375,0.0,0.6396484375,0.93701171875
1304,530,-3.1882824897766113,0.20814883708953857,-1.7018176317214966,0.91015625,0.1668701171875,0.37890625,0.0,0.64013671875,0.947265625
1305,535,-3.272066593170166,0.4493873119354248,-1.8483080863952637,0.501953125,0.76220703125,0.408447265625,0.0,0.65673828125,0.919921875
1306,534,-3.2186291217803955,0.30478349328041077,-1.696016788482666,0.7548828125,0.4970703125,0.427490234375,0.0,0.6396484375,0.93701171875
1307,533,-3.162567138671875,0.34760844707489014,-1.8448375463485718,0.7548828125,0.4970703125,0.427490234375,0.0,0.65673828125,0.9365234375
1308,535,-3.272066593170166,0.4493873119354248,-1.8483080863952637,0.501953125,0.76220703125,0.408447265625,0.0,0.65673828125,0.919921875
1309,536,-3.322906494140625,0.4105550944805145,-1.7133532762527466,0.501953125,0.76220703125,0.408447265625,0.0,0.63916015625,0.919921875
1310,534,-3.2186291217803955,0.30478349328041077,-1.696016788482666,0.7548828125,0.4970703125,0.427490234375,0.0,0.6396484375,0.93701171875
1311,537,-3.4148242473602295,0.5149193406105042,-1.863867163658142,0.314453125,0.8740234375,0.3701171875,0.0,0.6552734375,0.900390625
1312,536,-3.322906494140625,0.4105550944805145,-1.7133532762527466,0.501953125,0.76220703125,0.408447265625,0.0,0.63916015625,0.919921875
1313,535,-3.272066593170166,0.4493873119354248,-1.8483080863952637,0.501953125,0.76220703125,0.408447265625,0.0,0.65673828125,0.919921875
1314,537,-3.4148242473602295,0.5149193406105042,-1.863867163658142,0.314453125,0.8740234375,0.3701171875,0.0,0.6552734375,0.900390625
1315,538,-3.453747510910034,0.4851902425289154,-1.7605419158935547,0.314453125,0.8740234375,0.3701171875,0.0,0.64111328125,0.900390625
1316,536,-3.322906494140625,0.4105550944805145,-1.7133532762527466,0.501953125,0.76220703125,0.408447265625,0.0,0.63916015625,0.919921875
1317,538,-3.453747510910034,0.4851902425289154,-1.7605419158935547,0.314453125,0.8740234375,0.3701171875,0.0,0.64111328125,0.900390625
1318,537,-3.4148242473602295,0.5149193406105042,-1.863867163658142,0.314453125,0.8740234375,0.3701171875,0.0,0.6552734375,0.900390625
1319,539,-3.5795347690582275,0.5458337664604187,-1.8537499904632568,0.193603515625,0.9208984375,0.337890625,0.0,0.64794921875,0.880859375
1320,540,-1.4694701433181763,0.5174627304077148,-0.18357665836811066,0.732421875,-0.005645751953125,-0.6806640625,0.0,0.0303497314453125,0.480224609375
1321,541,-1.287408471107483,0.5161845684051514,0.012385253794491291,0.732421875,-0.00533294677734375,-0.6806640625,0.0,0.00225830078125,0.480224609375
1322,542,-1.2879894971847534,0.05287952348589897,0.014211425557732582,0.732421875,-0.00360107421875,-0.6806640625,0.0,0.0019321441650390625,0.52880859375
1323,540,-1.4694701433181763,0.5174627304077148,-0.18357665836811066,0.732421875,-0.005645751953125,-0.6806640625,0.0,0.0303497314453125,0.480224609375
1324,543,-1.2947986125946045,0.8333642482757568,0.0012963867047801614,0.7294921875,0.09954833984375,-0.6767578125,0.0,0.0037937164306640625,0.44677734375
1325,541,-1.287408471107483,0.5161845684051514,0.012385253794491291,0.732421875,-0.00533294677734375,-0.6806640625,0.0,0.00225830078125,0.480224609375
1326,540,-1.4694701433181763,0.5174627304077148,-0.18357665836811066,0.732421875,-0.005645751953125,-0.6806640625,0.0,0.0303497314453125,0.480224609375
1327,544,-1.4579577445983887,0.8345092535018921,-0.17430907487869263,0.7294921875,0.099853515625,-0.6767578125,0.0,0.028961181640625,0.44677734375
1328,543,-1.2947986125946045,0.8333642482757568,0.0012963867047801614,0.7294921875,0.09954833984375,-0.6767578125,0.0,0.0037937164306640625,0.44677734375
1329,544,-1.4579577445983887,0.8345092535018921,-0.17430907487869263,0.7294921875,0.099853515625,-0.6767578125,0.0,0.028961181640625,0.44677734375
1330,545,-1.3613733053207397,1.253491997718811,0.04923339560627937,0.70849609375,0.25830078125,-0.65673828125,0.0,0.005069732666015625,0.40185546875
1331,543,-1.2947986125946045,0.8333642482757568,0.0012963867047801614,0.7294921875,0.09954833984375,-0.6767578125,0.0,0.0037937164306640625,0.44677734375
1332,544,-1.4579577445983887,0.8345092535018921,-0.17430907487869263,0.7294921875,0.099853515625,-0.6767578125,0.0,0.028961181640625,0.44677734375
1333,546,-1.5093212127685547,1.254526972770691,-0.11000243574380875,0.70849609375,0.258544921875,-0.65673828125,0.0,0.02789306640625,0.40185546875
1334,545,-1.3613733053207397,1.253491997718811,0.04923339560627937,0.70849609375,0.25830078125,-0.65673828125,0.0,0.005069732666015625,0.40185546875
1335,546,-1.5093212127685547,1.254526972770691,-0.11000243574380875,0.70849609375,0.258544921875,-0.65673828125,0.0,0.02789306640625,0.40185546875
1336,547,-1.4752025604248047,1.6025643348693848,0.121337890625,0.677734375,0.38330078125,-0.62744140625,0.0,0.0078277587890625,0.36279296875
1337,545,-1.3613733053207397,1.253491997718811,0.04923339560627937,0.70849609375,0.25830078125,-0.65673828125,0.0,0.005069732666015625,0.40185546875
1338,546,-1.5093212127685547,1.254526972770691,-0.11000243574380875,0.70849609375,0.258544921875,-0.65673828125,0.0,0.02789306640625,0.40185546875
1339,548,-1.588476538658142,1.6033564805984497,-0.0005810546572320163,0.677734375,0.383544921875,-0.62744140625,0.0,0.025299072265625,0.36279296875
1340,547,-1.4752025604248047,1.6025643348693848,0.121337890625,0.677734375,0.38330078125,-0.62744140625,0.0,0.0078277587890625,0.36279296875
1341,547,-1.4752025604248047,1.6025643348693848,0.121337890625,0.677734375,0.38330078125,-0.62744140625,0.0,0.0078277587890625,0.36279296875
1342,548,-1.588476538658142,1.6033564805984497,-0.0005810546572320163,0.677734375,0.383544921875,-0.62744140625,0.0,0.025299072265625,0.36279296875
1343,549,-1.6438634395599365,1.887333631515503,0.16536375880241394,0.64599609375,0.47509765625,-0.59716796875,0.0,0.016632080078125,0.328857421875
1344,550,1.4204381704330444,0.37740206718444824,2.801623582839966,0.99267578125,0.07110595703125,0.10003662109375,0.0,0.77783203125,0.552734375
1345,551,1.4293164014816284,0.0,2.9897422790527344,0.9921875,0.07318115234375,0.0999755859375,0.0,0.75830078125,0.5927734375
1346,552,1.4480124711990356,0.0,2.804234266281128,0.9921875,0.07318115234375,0.0999755859375,0.0,0.77783203125,0.5927734375
1347,550,1.4204381704330444,0.37740206718444824,2.801623582839966,0.99267578125,0.07110595703125,0.10003662109375,0.0,0.77783203125,0.552734375
1348,553,1.401971459388733,0.3779664933681488,2.9844775199890137,0.99267578125,0.07110595703125,0.10003662109375,0.0,0.7587890625,0.552734375
1349,551,1.4293164014816284,0.0,2.9897422790527344,0.9921875,0.07318115234375,0.0999755859375,0.0,0.75830078125,0.5927734375
1350,554,1.4013220071792603,0.6466462016105652,2.8084568977355957,0.96484375,0.245361328125,0.0966796875,0.0,0.77685546875,0.5244140625
1351,553,1.401971459388733,0.3779664933681488,2.9844775199890137,0.99267578125,0.07110595703125,0.10003662109375,0.0,0.7587890625,0.552734375
1352,550,1.4204381704330444,0.37740206718444824,2.801623582839966,0.99267578125,0.07110595703125,0.10003662109375,0.0,0.77783203125,0.552734375
1353,554,1.4013220071792603,0.6466462016105652,2.8084568977355957,0.96484375,0.245361328125,0.0966796875,0.0,0.77685546875,0.5244140625
1354,555,1.384774088859558,0.6471541523933411,2.9723193645477295,0.96484375,0.245361328125,0.0966796875,0.0,0.759765625,0.5244140625
1355,553,1.401971459388733,0.3779664933681488,2.9844775199890137,0.99267578125,0.07110595703125,0.10003662109375,0.0,0.7587890625,0.552734375
1356,556,1.256502628326416,0.9930015206336975,2.80047607421875,0.87060546875,0.484375,0.08642578125,0.0,0.77587890625,0.485107421875
1357,555,1.384774088859558,0.6471541523933411,2.9723193645477295,0.96484375,0.245361328125,0.0966796875,0.0,0.759765625,0.5244140625
1358,554,1.4013220071792603,0.6466462016105652,2.8084568977355957,0.96484375,0.245361328125,0.0966796875,0.0,0.77685546875,0.5244140625
1359,556,1.256502628326416,0.9930015206336975,2.80047607421875,0.87060546875,0.484375,0.08642578125,0.0,0.77587890625,0.485107421875
1360,557,1.2414953708648682,0.9934605360031128,2.9490697383880615,0.87060546875,0.484375,0.08642578125,0.0,0.76025390625,0.485107421875
1361,555,1.384774088859558,0.6471541523933411,2.9723193645477295,0.96484375,0.245361328125,0.0966796875,0.0,0.759765625,0.5244140625
1362,558,1.042718529701233,1.2728276252746582,2.7956151962280273,0.7646484375,0.64013671875,0.0751953125,0.0,0.7744140625,0.4482421875
1363,557,1.2414953708648682,0.9934605360031128,2.9490697383880615,0.87060546875,0.484375,0.08642578125,0.0,0.76025390625,0.485107421875
1364,556,1.256502628326416,0.9930015206336975,2.80047607421875,0.87060546875,0.484375,0.08642578125,0.0,0.77587890625,0.485107421875
1365,558,1.042718529701233,1.2728276252746582,2.7956151962280273,0.7646484375,0.64013671875,0.0751953125,0.0,0.7744140625,0.4482421875
1366,559,1.0312341451644897,1.2731777429580688,2.909377336502075,0.7646484375,0.64013671875,0.0751953125,0.0,0.76220703125,0.4482421875
1367,557,1.2414953708648682,0.9934605360031128,2.9490697383880615,0.87060546875,0.484375,0.08642578125,0.0,0.76025390625,0.485107421875
1368,559,1.0312341451644897,1.2731777429580688,2.909377336502075,0.7646484375,0.64013671875,0.0751953125,0.0,0.76220703125,0.4482421875
1369,558,1.042718529701233,1.2728276252746582,2.7956151962280273,0.7646484375,0.64013671875,0.0751953125,0.0,0.7744140625,0.4482421875
1370,560,0.7992492318153381,1.4954272508621216,2.8278002738952637,0.67822265625,0.73193359375,0.06622314453125,0.0,0.76806640625,0.413818359375
1371,561,-0.46705687046051025,0.5166783332824707,1.035131812095642,-0.66796875,-0.00402069091796875,-0.744140625,0.0,0.70556640625,0.305908203125
1372,562,-0.2656559646129608,0.0,0.8561745882034302,-0.66796875,-0.00262451171875,-0.744140625,0.0,0.73193359375,0.255615234375
1373,563,-0.46728870272636414,0.0,1.0371646881103516,-0.66796875,-0.00262451171875,-0.744140625,0.0,0.70556640625,0.255615234375
1374,561,-0.46705687046051025,0.5166783332824707,1.035131812095642,-0.66796875,-0.00402069091796875,-0.744140625,0.0,0.70556640625,0.305908203125
1375,564,-0.2680017054080963,0.5169606804847717,0.85645991563797,-0.66796875,-0.004024505615234375,-0.744140625,0.0,0.73193359375,0.305908203125
1376,562,-0.2656559646129608,0.0,0.8561745882034302,-0.66796875,-0.00262451171875,-0.744140625,0.0,0.73193359375,0.255615234375
1377,564,-0.2680017054080963,0.5169606804847717,0.85645991563797,-0.66796875,-0.004024505615234375,-0.744140625,0.0,0.73193359375,0.305908203125
1378,561,-0.46705687046051025,0.5166783332824707,1.035131812095642,-0.66796875,-0.00402069091796875,-0.744140625,0.0,0.70556640625,0.305908203125
1379,565,-0.458221435546875,0.8338110446929932,1.0244238376617432,-0.66455078125,0.099853515625,-0.740234375,0.0,0.7060546875,0.33837890625
1380,564,-0.2680017054080963,0.5169606804847717,0.85645991563797,-0.66796875,-0.004024505615234375,-0.744140625,0.0,0.73193359375,0.305908203125
1381,565,-0.458221435546875,0.8338110446929932,1.0244238376617432,-0.66455078125,0.099853515625,-0.740234375,0.0,0.7060546875,0.33837890625
1382,566,-0.2798413038253784,0.8340620398521423,0.8643090724945068,-0.66455078125,0.09991455078125,-0.740234375,0.0,0.7314453125,0.33837890625
1383,567,-0.3956311047077179,1.2538602352142334,1.0777465105056763,-0.6455078125,0.258544921875,-0.71875,0.0,0.70654296875,0.385498046875
1384,566,-0.2798413038253784,0.8340620398521423,0.8643090724945068,-0.66455078125,0.09991455078125,-0.740234375,0.0,0.7314453125,0.33837890625
1385,565,-0.458221435546875,0.8338110446929932,1.0244238376617432,-0.66455078125,0.099853515625,-0.740234375,0.0,0.7060546875,0.33837890625
1386,567,-0.3956311047077179,1.2538602352142334,1.0777465105056763,-0.6455078125,0.258544921875,-0.71875,0.0,0.70654296875,0.385498046875
1387,568,-0.23387329280376434,1.2540955543518066,0.9325537085533142,-0.6455078125,0.258544921875,-0.71875,0.0,0.73095703125,0.385498046875
1388,566,-0.2798413038253784,0.8340620398521423,0.8643090724945068,-0.66455078125,0.09991455078125,-0.740234375,0.0,0.7314453125,0.33837890625
1389,569,-0.28827759623527527,1.602791666984558,1.1594750881195068,-0.6171875,0.383544921875,-0.68701171875,0.0,0.70947265625,0.428466796875
1390,568,-0.23387329280376434,1.2540955543518066,0.9325537085533142,-0.6455078125,0.258544921875,-0.71875,0.0,0.73095703125,0.385498046875
1391,567,-0.3956311047077179,1.2538602352142334,1.0777465105056763,-0.6455078125,0.258544921875,-0.71875,0.0,0.70654296875,0.385498046875
1392,569,-0.28827759623527527,1.602791666984558,1.1594750881195068,-0.6171875,0.383544921875,-0.68701171875,0.0,0.70947265625,0.428466796875
1393,570,-0.1644323766231537,1.6029642820358276,1.048313021659851,-0.6171875,0.383544921875,-0.68701171875,0.0,0.72802734375,0.428466796875
1394,568,-0.23387329280376434,1.2540955543518066,0.9325537085533142,-0.6455078125,0.258544921875,-0.71875,0.0,0.73095703125,0.385498046875
1395,570,-0.1644323766231537,1.6029642820358276,1.048313021659851,-0.6171875,0.383544921875,-0.68701171875,0.0,0.72802734375,0.428466796875
1396,569,-0.28827759623527527,1.602791666984558,1.1594750881195068,-0.6171875,0.383544921875,-0.68701171875,0.0,0.70947265625,0.428466796875
1397,571,-0.12386840581893921,1.887184739112854,1.2182934284210205,-0.587890625,0.475341796875,-0.654296875,0.0,0.71875,0.46484375
1398,572,1.3964037895202637,0.3692661225795746,2.7878880500793457,0.1268310546875,0.064453125,0.98974609375,0.0,0.71142578125,0.5693359375
1399,573,1.2290278673171997,0.0,2.8341586589813232,0.126708984375,0.06658935546875,0.98974609375,0.0,0.69189453125,0.607421875
1400,574,1.4140020608901978,0.0,2.8104798793792725,0.126708984375,0.06658935546875,0.98974609375,0.0,0.71142578125,0.60791015625
1401,572,1.3964037895202637,0.3692661225795746,2.7878880500793457,0.1268310546875,0.064453125,0.98974609375,0.0,0.71142578125,0.5693359375
1402,575,1.2142846584320068,0.3626917898654938,2.811647891998291,0.1268310546875,0.064453125,0.98974609375,0.0,0.6923828125,0.5693359375
1403,573,1.2290278673171997,0.0,2.8341586589813232,0.126708984375,0.06658935546875,0.98974609375,0.0,0.69189453125,0.607421875
1404,576,1.375246524810791,0.638084888458252,2.7739477157592773,0.11712646484375,0.23876953125,0.9638671875,0.0,0.71044921875,0.541015625
1405,575,1.2142846584320068,0.3626917898654938,2.811647891998291,0.1268310546875,0.064453125,0.98974609375,0.0,0.6923828125,0.5693359375
1406,572,1.3964037895202637,0.3692661225795746,2.7878880500793457,0.1268310546875,0.064453125,0.98974609375,0.0,0.71142578125,0.5693359375
1407,576,1.375246524810791,0.638084888458252,2.7739477157592773,0.11712646484375,0.23876953125,0.9638671875,0.0,0.71044921875,0.541015625
1408,577,1.212042212486267,0.6321879625320435,2.795236825942993,0.11712646484375,0.23876953125,0.9638671875,0.0,0.693359375,0.541015625
1409,575,1.2142846584320068,0.3626917898654938,2.811647891998291,0.1268310546875,0.064453125,0.98974609375,0.0,0.6923828125,0.5693359375
1410,578,1.3368737697601318,0.9848619103431702,2.635134220123291,0.09661865234375,0.478271484375,0.873046875,0.0,0.7099609375,0.50146484375
1411,577,1.212042212486267,0.6321879625320435,2.795236825942993,0.11712646484375,0.23876953125,0.9638671875,0.0,0.693359375,0.541015625
1412,576,1.375246524810791,0.638084888458252,2.7739477157592773,0.11712646484375,0.23876953125,0.9638671875,0.0,0.71044921875,0.541015625
1413,578,1.3368737697601318,0.9848619103431702,2.635134220123291,0.09661865234375,0.478271484375,0.873046875,0.0,0.7099609375,0.50146484375
1414,579,1.188875675201416,0.979517936706543,2.6544456481933594,0.09661865234375,0.478271484375,0.873046875,0.0,0.69384765625,0.50146484375
1415,577,1.212042212486267,0.6321879625320435,2.795236825942993,0.11712646484375,0.23876953125,0.9638671875,0.0,0.693359375,0.541015625
1416,580,1.2822142839431763,1.2652260065078735,2.429128408432007,0.077392578125,0.634765625,0.7685546875,0.0,0.7080078125,0.464599609375
1417,579,1.188875675201416,0.979517936706543,2.6544456481933594,0.09661865234375,0.478271484375,0.873046875,0.0,0.69384765625,0.50146484375
1418,578,1.3368737697601318,0.9848619103431702,2.635134220123291,0.09661865234375,0.478271484375,0.873046875,0.0,0.7099609375,0.50146484375
1419,580,1.2822142839431763,1.2652260065078735,2.429128408432007,0.077392578125,0.634765625,0.7685546875,0.0,0.7080078125,0.464599609375
1420,581,1.1689062118530273,1.261135458946228,2.443913459777832,0.077392578125,0.634765625,0.7685546875,0.0,0.69580078125,0.464599609375
1421,579,1.188875675201416,0.979517936706543,2.6544456481933594,0.09661865234375,0.478271484375,0.873046875,0.0,0.69384765625,0.50146484375
1422,581,1.1689062118530273,1.261135458946228,2.443913459777832,0.077392578125,0.634765625,0.7685546875,0.0,0.69580078125,0.464599609375
1423,580,1.2822142839431763,1.2652260065078735,2.429128408432007,0.077392578125,0.634765625,0.7685546875,0.0,0.7080078125,0.464599609375
1424,582,1.1868810653686523,1.4870315790176392,2.202018976211548,0.06298828125,0.72705078125,0.68359375,0.0,0.70166015625,0.43017578125
1425,583,-2.592175245285034,0.22311502695083618,-0.9320275783538818,-0.193115234375,0.1920166015625,-0.96240234375,0.0,0.293701171875,0.931640625
1426,584,-2.3956620693206787,0.0,-1.0054306983947754,-0.1868896484375,0.154541015625,-0.97021484375,0.0,0.310302734375,0.90673828125
1427,585,-2.5783419609069824,0.0,-0.9702370762825012,-0.1868896484375,0.154541015625,-0.97021484375,0.0,0.29248046875,0.90966796875
1428,583,-2.592175245285034,0.22311502695083618,-0.9320275783538818,-0.193115234375,0.1920166015625,-0.96240234375,0.0,0.293701171875,0.931640625
1429,586,-2.414118528366089,0.25851526856422424,-0.9606896638870239,-0.193603515625,0.1956787109375,-0.96142578125,0.0,0.31201171875,0.93212890625
1430,584,-2.3956620693206787,0.0,-1.0054306983947754,-0.1868896484375,0.154541015625,-0.97021484375,0.0,0.310302734375,0.90673828125
1431,586,-2.414118528366089,0.25851526856422424,-0.9606896638870239,-0.193603515625,0.1956787109375,-0.96142578125,0.0,0.31201171875,0.93212890625
1432,583,-2.592175245285034,0.22311502695083618,-0.9320275783538818,-0.193115234375,0.1920166015625,-0.96240234375,0.0,0.293701171875,0.931640625
1433,587,-2.596320629119873,0.3193470239639282,-0.9001623392105103,-0.2376708984375,0.54296875,-0.80517578125,0.0,0.2939453125,0.94189453125
1434,586,-2.414118528366089,0.25851526856422424,-0.9606896638870239,-0.193603515625,0.1956787109375,-0.96142578125,0.0,0.31201171875,0.93212890625
1435,587,-2.596320629119873,0.3193470239639282,-0.9001623392105103,-0.2376708984375,0.54296875,-0.80517578125,0.0,0.2939453125,0.94189453125
1436,588,-2.4367637634277344,0.3510705828666687,-0.9258483648300171,-0.2376708984375,0.54296875,-0.80517578125,0.0,0.311279296875,0.9423828125
1437,589,-2.591160774230957,0.42151349782943726,-0.79109126329422,-0.2470703125,0.80126953125,-0.54443359375,0.0,0.2939453125,0.95849609375
1438,588,-2.4367637634277344,0.3510705828666687,-0.9258483648300171,-0.2376708984375,0.54296875,-0.80517578125,0.0,0.311279296875,0.9423828125
1439,587,-2.596320629119873,0.3193470239639282,-0.9001623392105103,-0.2376708984375,0.54296875,-0.80517578125,0.0,0.2939453125,0.94189453125
1440,589,-2.591160774230957,0.42151349782943726,-0.79109126329422,-0.2470703125,0.80126953125,-0.54443359375,0.0,0.2939453125,0.95849609375
1441,590,-2.4464635848999023,0.4502829611301422,-0.8143823146820068,-0.2470703125,0.80126953125,-0.54443359375,0.0,0.310546875,0.95849609375
1442,588,-2.4367637634277344,0.3510705828666687,-0.9258483648300171,-0.2376708984375,0.54296875,-0.80517578125,0.0,0.311279296875,0.9423828125
1443,591,-2.564166307449341,0.4897775650024414,-0.6513403058052063,-0.236572265625,0.90673828125,-0.349609375,0.0,0.295166015625,0.97607421875
1444,590,-2.4464635848999023,0.4502829611301422,-0.8143823146820068,-0.2470703125,0.80126953125,-0.54443359375,0.0,0.310546875,0.95849609375
1445,589,-2.591160774230957,0.42151349782943726,-0.79109126329422,-0.2470703125,0.80126953125,-0.54443359375,0.0,0.2939453125,0.95849609375
1446,591,-2.564166307449341,0.4897775650024414,-0.6513403058052063,-0.236572265625,0.90673828125,-0.349609375,0.0,0.295166015625,0.97607421875
1447,592,-2.453387498855591,0.5118034482002258,-0.6691747903823853,-0.236572265625,0.90673828125,-0.349609375,0.0,0.30908203125,0.97607421875
1448,590,-2.4464635848999023,0.4502829611301422,-0.8143823146820068,-0.2470703125,0.80126953125,-0.54443359375,0.0,0.310546875,0.95849609375
1449,592,-2.453387498855591,0.5118034482002258,-0.6691747903823853,-0.236572265625,0.90673828125,-0.349609375,0.0,0.30908203125,0.97607421875
1450,591,-2.564166307449341,0.4897775650024414,-0.6513403058052063,-0.236572265625,0.90673828125,-0.349609375,0.0,0.295166015625,0.97607421875
1451,593,-2.4922215938568115,0.5404938459396362,-0.5083861947059631,-0.224609375,0.94873046875,-0.2235107421875,0.0,0.30224609375,0.9951171875
1452,594,-2.7603771686553955,0.0,-1.2854044437408447,0.61669921875,0.212646484375,-0.7578125,0.0,0.3056640625,0.61328125
1453,595,-2.7317821979522705,0.4519915282726288,-1.135351538658142,0.60009765625,0.2454833984375,-0.76123046875,0.0,0.323974609375,0.654296875
1454,596,-2.6216042041778564,-4.440891999238953e-18,-1.1672592163085938,0.61669921875,0.212646484375,-0.7578125,0.0,0.322509765625,0.61083984375
1455,594,-2.7603771686553955,0.0,-1.2854044437408447,0.61669921875,0.212646484375,-0.7578125,0.0,0.3056640625,0.61328125
1456,597,-2.867873430252075,0.4116765558719635,-1.252108097076416,0.60107421875,0.243408203125,-0.76123046875,0.0,0.306396484375,0.6533203125
1457,595,-2.7317821979522705,0.4519915282726288,-1.135351538658142,0.60009765625,0.2454833984375,-0.76123046875,0.0,0.323974609375,0.654296875
1458,598,-2.94115948677063,0.6164724826812744,-1.222375512123108,0.521484375,0.408447265625,-0.7490234375,0.0,0.3056640625,0.67529296875
1459,595,-2.7317821979522705,0.4519915282726288,-1.135351538658142,0.60009765625,0.2454833984375,-0.76123046875,0.0,0.323974609375,0.654296875
1460,597,-2.867873430252075,0.4116765558719635,-1.252108097076416,0.60107421875,0.243408203125,-0.76123046875,0.0,0.306396484375,0.6533203125
1461,598,-2.94115948677063,0.6164724826812744,-1.222375512123108,0.521484375,0.408447265625,-0.7490234375,0.0,0.3056640625,0.67529296875
1462,599,-2.8192076683044434,0.6526027321815491,-1.1177489757537842,0.521484375,0.408447265625,-0.7490234375,0.0,0.3232421875,0.67578125
1463,595,-2.7317821979522705,0.4519915282726288,-1.135351538658142,0.60009765625,0.2454833984375,-0.76123046875,0.0,0.323974609375,0.654296875
1464,600,-3.0746753215789795,0.8689177632331848,-1.141845703125,0.447509765625,0.54443359375,-0.70947265625,0.0,0.30517578125,0.708984375
1465,599,-2.8192076683044434,0.6526027321815491,-1.1177489757537842,0.521484375,0.408447265625,-0.7490234375,0.0,0.3232421875,0.67578125
1466,598,-2.94115948677063,0.6164724826812744,-1.222375512123108,0.521484375,0.408447265625,-0.7490234375,0.0,0.3056640625,0.67529296875
1467,600,-3.0746753215789795,0.8689177632331848,-1.141845703125,0.447509765625,0.54443359375,-0.70947265625,0.0,0.30517578125,0.708984375
1468,601,-2.9640867710113525,0.9016798734664917,-1.046968936920166,0.447509765625,0.54443359375,-0.70947265625,0.0,0.32275390625,0.708984375
1469,599,-2.8192076683044434,0.6526027321815491,-1.1177489757537842,0.521484375,0.408447265625,-0.7490234375,0.0,0.3232421875,0.67578125
1470,602,-3.2025487422943115,1.0673913955688477,-1.033779263496399,0.37841796875,0.64501953125,-0.6640625,0.0,0.3076171875,0.74072265625
1471,601,-2.9640867710113525,0.9016798734664917,-1.046968936920166,0.447509765625,0.54443359375,-0.70947265625,0.0,0.32275390625,0.708984375
1472,600,-3.0746753215789795,0.8689177632331848,-1.141845703125,0.447509765625,0.54443359375,-0.70947265625,0.0,0.30517578125,0.708984375
1473,602,-3.2025487422943115,1.0673913955688477,-1.033779263496399,0.37841796875,0.64501953125,-0.6640625,0.0,0.3076171875,0.74072265625
1474,603,-3.117879629135132,1.092476725578308,-0.9611376523971558,0.37841796875,0.64501953125,-0.6640625,0.0,0.3212890625,0.74072265625
1475,601,-2.9640867710113525,0.9016798734664917,-1.046968936920166,0.447509765625,0.54443359375,-0.70947265625,0.0,0.32275390625,0.708984375
1476,603,-3.117879629135132,1.092476725578308,-0.9611376523971558,0.37841796875,0.64501953125,-0.6640625,0.0,0.3212890625,0.74072265625
1477,602,-3.2025487422943115,1.0673913955688477,-1.033779263496399,0.37841796875,0.64501953125,-0.6640625,0.0,0.3076171875,0.74072265625
1478,604,-3.2927086353302,1.2289371490478516,-0.8944714069366455,0.321044921875,0.71484375,-0.62109375,0.0,0.314453125,0.76708984375
1479,605,-0.5455559492111206,0.0,1.155050277709961,-0.998046875,-0.0305023193359375,0.056854248046875,0.0,0.207275390625,0.00878143310546875
1480,606,-0.5764563083648682,0.6343314051628113,0.9529174566268921,-0.998046875,-0.031707763671875,0.05401611328125,0.0,0.2188720703125,0.07635498046875
1481,607,-0.5584745407104492,0.0,0.9269644618034363,-0.998046875,-0.0305023193359375,0.056854248046875,0.0,0.2310791015625,0.01325225830078125
1482,605,-0.5455559492111206,0.0,1.155050277709961,-0.998046875,-0.0305023193359375,0.056854248046875,0.0,0.207275390625,0.00878143310546875
1483,608,-0.5645092725753784,0.6265994310379028,1.1571581363677979,-0.998046875,-0.031585693359375,0.054290771484375,0.0,0.197998046875,0.07244873046875
1484,606,-0.5764563083648682,0.6343314051628113,0.9529174566268921,-0.998046875,-0.031707763671875,0.05401611328125,0.0,0.2188720703125,0.07635498046875
1485,608,-0.5645092725753784,0.6265994310379028,1.1571581363677979,-0.998046875,-0.031585693359375,0.054290771484375,0.0,0.197998046875,0.07244873046875
1486,609,-0.6010412573814392,1.3314188718795776,0.8975341320037842,-0.998046875,-0.03387451171875,0.048919677734375,0.0,0.21435546875,0.150390625
1487,606,-0.5764563083648682,0.6343314051628113,0.9529174566268921,-0.998046875,-0.031707763671875,0.05401611328125,0.0,0.2188720703125,0.07635498046875
1488,608,-0.5645092725753784,0.6265994310379028,1.1571581363677979,-0.998046875,-0.031585693359375,0.054290771484375,0.0,0.197998046875,0.07244873046875
1489,610,-0.5970861911773682,1.4116886854171753,1.0488866567611694,-0.998046875,-0.03436279296875,0.047821044921875,0.0,0.197265625,0.156494140625
1490,609,-0.6010412573814392,1.3314188718795776,0.8975341320037842,-0.998046875,-0.03387451171875,0.048919677734375,0.0,0.21435546875,0.150390625
1491,611,-0.6679101586341858,2.7366485595703125,0.5255663990974426,-0.99853515625,-0.035614013671875,0.04498291015625,0.0,0.2320556640625,0.3037109375
1492,609,-0.6010412573814392,1.3314188718795776,0.8975341320037842,-0.998046875,-0.03387451171875,0.048919677734375,0.0,0.21435546875,0.150390625
1493,610,-0.5970861911773682,1.4116886854171753,1.0488866567611694,-0.998046875,-0.03436279296875,0.047821044921875,0.0,0.197265625,0.156494140625
1494,612,-1.398626685142517,0.43958526849746704,0.3081738352775574,0.89794921875,0.1844482421875,-0.39990234375,0.0,0.90478515625,0.68994140625
1495,613,-1.2309945821762085,0.0,0.5129677653312683,0.90185546875,0.1566162109375,-0.402099609375,0.0,0.931640625,0.646484375
1496,614,-1.341317057609558,0.0,0.26548367738723755,0.90185546875,0.1566162109375,-0.402099609375,0.0,0.904296875,0.64599609375
1497,612,-1.398626685142517,0.43958526849746704,0.3081738352775574,0.89794921875,0.1844482421875,-0.39990234375,0.0,0.90478515625,0.68994140625
1498,615,-1.2892321348190308,0.43622875213623047,0.5522558689117432,0.89794921875,0.184814453125,-0.39990234375,0.0,0.93212890625,0.6904296875
1499,613,-1.2309945821762085,0.0,0.5129677653312683,0.90185546875,0.1566162109375,-0.402099609375,0.0,0.931640625,0.646484375
1500,612,-1.398626685142517,0.43958526849746704,0.3081738352775574,0.89794921875,0.1844482421875,-0.39990234375,0.0,0.90478515625,0.68994140625
1501,616,-1.3412401676177979,0.633639931678772,0.5616552829742432,0.8134765625,0.457763671875,-0.3583984375,0.0,0.9306640625,0.71142578125
1502,615,-1.2892321348190308,0.43622875213623047,0.5522558689117432,0.89794921875,0.184814453125,-0.39990234375,0.0,0.93212890625,0.6904296875
1503,612,-1.398626685142517,0.43958526849746704,0.3081738352775574,0.89794921875,0.1844482421875,-0.39990234375,0.0,0.90478515625,0.68994140625
1504,617,-1.4392735958099365,0.6366431713104248,0.3429296910762787,0.81298828125,0.458984375,-0.358154296875,0.0,0.90576171875,0.71142578125
1505,616,-1.3412401676177979,0.633639931678772,0.5616552829742432,0.8134765625,0.457763671875,-0.3583984375,0.0,0.9306640625,0.71142578125
1506,617,-1.4392735958099365,0.6366431713104248,0.3429296910762787,0.81298828125,0.458984375,-0.358154296875,0.0,0.90576171875,0.71142578125
1507,618,-1.4956152439117432,0.8367988467216492,0.6199657917022705,0.619140625,0.73828125,-0.267333984375,0.0,0.9296875,0.73876953125
1508,616,-1.3412401676177979,0.633639931678772,0.5616552829742432,0.8134765625,0.457763671875,-0.3583984375,0.0,0.9306640625,0.71142578125
1509,617,-1.4392735958099365,0.6366431713104248,0.3429296910762787,0.81298828125,0.458984375,-0.358154296875,0.0,0.90576171875,0.71142578125
1510,619,-1.584509253501892,0.8395278453826904,0.4216235280036926,0.61865234375,0.73876953125,-0.26708984375,0.0,0.90625,0.73876953125
1511,618,-1.4956152439117432,0.8367988467216492,0.6199657917022705,0.619140625,0.73828125,-0.267333984375,0.0,0.9296875,0.73876953125
1512,619,-1.584509253501892,0.8395278453826904,0.4216235280036926,0.61865234375,0.73876953125,-0.26708984375,0.0,0.90625,0.73876953125
1513,620,-1.698553442955017,0.9609353542327881,0.683837890625,0.423095703125,0.888671875,-0.1773681640625,0.0,0.927734375,0.7666015625
1514,618,-1.4956152439117432,0.8367988467216492,0.6199657917022705,0.619140625,0.73828125,-0.267333984375,0.0,0.9296875,0.73876953125
1515,619,-1.584509253501892,0.8395278453826904,0.4216235280036926,0.61865234375,0.73876953125,-0.26708984375,0.0,0.90625,0.73876953125
1516,621,-1.7666125297546387,0.9630212187767029,0.5319799780845642,0.4228515625,0.888671875,-0.17724609375,0.0,0.90771484375,0.7666015625
1517,620,-1.698553442955017,0.9609353542327881,0.683837890625,0.423095703125,0.888671875,-0.1773681640625,0.0,0.927734375,0.7666015625
1518,620,-1.698553442955017,0.9609353542327881,0.683837890625,0.423095703125,0.888671875,-0.1773681640625,0.0,0.927734375,0.7666015625
1519,621,-1.7666125297546387,0.9630212187767029,0.5319799780845642,0.4228515625,0.888671875,-0.17724609375,0.0,0.90771484375,0.7666015625
1520,622,-1.9373400211334229,1.0313632488250732,0.7001440525054932,0.274169921875,0.95556640625,-0.10980224609375,0.0,0.91748046875,0.794921875
1521,623,0.8583459258079529,0.3833705186843872,2.4972729682922363,0.9921875,-0.0714111328125,0.1004638671875,0.0,0.277099609375,0.324951171875
1522,624,0.8140862584114075,0.0,2.6687233448028564,0.99267578125,-0.06964111328125,0.1004638671875,0.0,0.295166015625,0.284423828125
1523,625,0.8316953778266907,0.0,2.494741439819336,0.99267578125,-0.06964111328125,0.1004638671875,0.0,0.27685546875,0.284423828125
1524,623,0.8583459258079529,0.3833705186843872,2.4972729682922363,0.9921875,-0.0714111328125,0.1004638671875,0.0,0.277099609375,0.324951171875
1525,626,0.8409802317619324,0.3839048743247986,2.6692211627960205,0.9921875,-0.0714111328125,0.1004638671875,0.0,0.295166015625,0.324951171875
1526,624,0.8140862584114075,0.0,2.6687233448028564,0.99267578125,-0.06964111328125,0.1004638671875,0.0,0.295166015625,0.284423828125
1527,627,0.88215571641922,0.718360960483551,2.5076587200164795,0.9931640625,0.06298828125,0.10009765625,0.0,0.27783203125,0.360107421875
1528,626,0.8409802317619324,0.3839048743247986,2.6692211627960205,0.9921875,-0.0714111328125,0.1004638671875,0.0,0.295166015625,0.324951171875
1529,623,0.8583459258079529,0.3833705186843872,2.4972729682922363,0.9921875,-0.0714111328125,0.1004638671875,0.0,0.277099609375,0.324951171875
1530,627,0.88215571641922,0.718360960483551,2.5076587200164795,0.9931640625,0.06298828125,0.10009765625,0.0,0.27783203125,0.360107421875
1531,628,0.86659175157547,0.7188426852226257,2.6617431640625,0.9931640625,0.06298828125,0.10009765625,0.0,0.294189453125,0.360107421875
1532,626,0.8409802317619324,0.3839048743247986,2.6692211627960205,0.9921875,-0.0714111328125,0.1004638671875,0.0,0.295166015625,0.324951171875
1533,629,0.8011755347251892,1.1699687242507935,2.5053343772888184,0.96044921875,0.261474609375,0.09619140625,0.0,0.27880859375,0.408203125
1534,628,0.86659175157547,0.7188426852226257,2.6617431640625,0.9931640625,0.06298828125,0.10009765625,0.0,0.294189453125,0.360107421875
1535,627,0.88215571641922,0.718360960483551,2.5076587200164795,0.9931640625,0.06298828125,0.10009765625,0.0,0.27783203125,0.360107421875
1536,629,0.8011755347251892,1.1699687242507935,2.5053343772888184,0.96044921875,0.261474609375,0.09619140625,0.0,0.27880859375,0.408203125
1537,630,0.7870641946792603,1.1704013347625732,2.6450610160827637,0.96044921875,0.261474609375,0.09619140625,0.0,0.29345703125,0.408203125
1538,628,0.86659175157547,0.7188426852226257,2.6617431640625,0.9931640625,0.06298828125,0.10009765625,0.0,0.294189453125,0.360107421875
1539,631,0.6458886861801147,1.5511975288391113,2.505012035369873,0.9072265625,0.4111328125,0.09033203125,0.0,0.280517578125,0.451416015625
1540,630,0.7870641946792603,1.1704013347625732,2.6450610160827637,0.96044921875,0.261474609375,0.09619140625,0.0,0.29345703125,0.408203125
1541,629,0.8011755347251892,1.1699687242507935,2.5053343772888184,0.96044921875,0.261474609375,0.09619140625,0.0,0.27880859375,0.408203125
1542,631,0.6458886861801147,1.5511975288391113,2.505012035369873,0.9072265625,0.4111328125,0.09033203125,0.0,0.280517578125,0.451416015625
1543,632,0.6350793242454529,1.5515323877334595,2.611987352371216,0.9072265625,0.4111328125,0.09033203125,0.0,0.291748046875,0.451416015625
1544,630,0.7870641946792603,1.1704013347625732,2.6450610160827637,0.96044921875,0.261474609375,0.09619140625,0.0,0.29345703125,0.408203125
1545,632,0.6350793242454529,1.5515323877334595,2.611987352371216,0.9072265625,0.4111328125,0.09033203125,0.0,0.291748046875,0.451416015625
1546,631,0.6458886861801147,1.5511975288391113,2.505012035369873,0.9072265625,0.4111328125,0.09033203125,0.0,0.280517578125,0.451416015625
1547,633,0.4541369378566742,1.8662546873092651,2.538701057434082,0.85498046875,0.51123046875,0.0848388671875,0.0,0.2861328125,0.489990234375
1548,634,1.0033336877822876,0.2200033962726593,2.7599828243255615,0.9931640625,0.059295654296875,0.10009765625,0.0,0.81201171875,0.83837890625
1549,635,0.998441755771637,0.0,2.9459829330444336,0.9931640625,0.06256103515625,0.10009765625,0.0,0.79248046875,0.86181640625
1550,636,1.0170905590057373,0.0,2.760958194732666,0.9931640625,0.06256103515625,0.10009765625,0.0,0.81201171875,0.86181640625
1551,634,1.0033336877822876,0.2200033962726593,2.7599828243255615,0.9931640625,0.059295654296875,0.10009765625,0.0,0.81201171875,0.83837890625
1552,637,0.9848669171333313,0.22056788206100464,2.9428343772888184,0.9931640625,0.059295654296875,0.10009765625,0.0,0.79248046875,0.83837890625
1553,635,0.998441755771637,0.0,2.9459829330444336,0.9931640625,0.06256103515625,0.10009765625,0.0,0.79248046875,0.86181640625
1554,638,0.9918566942214966,0.41238462924957275,2.767822265625,0.94921875,0.299560546875,0.094970703125,0.0,0.81103515625,0.818359375
1555,637,0.9848669171333313,0.22056788206100464,2.9428343772888184,0.9931640625,0.059295654296875,0.10009765625,0.0,0.79248046875,0.83837890625
1556,634,1.0033336877822876,0.2200033962726593,2.7599828243255615,0.9931640625,0.059295654296875,0.10009765625,0.0,0.81201171875,0.83837890625
1557,638,0.9918566942214966,0.41238462924957275,2.767822265625,0.94921875,0.299560546875,0.094970703125,0.0,0.81103515625,0.818359375
1558,639,0.9753075838088989,0.41288885474205017,2.9316844940185547,0.94921875,0.299560546875,0.094970703125,0.0,0.7939453125,0.818359375
1559,637,0.9848669171333313,0.22056788206100464,2.9428343772888184,0.9931640625,0.059295654296875,0.10009765625,0.0,0.79248046875,0.83837890625
1560,640,0.857208251953125,0.6564115881919861,2.761186361312866,0.7978515625,0.59765625,0.0787353515625,0.0,0.81005859375,0.7890625
1561,639,0.9753075838088989,0.41288885474205017,2.9316844940185547,0.94921875,0.299560546875,0.094970703125,0.0,0.7939453125,0.818359375
1562,638,0.9918566942214966,0.41238462924957275,2.767822265625,0.94921875,0.299560546875,0.094970703125,0.0,0.81103515625,0.818359375
1563,640,0.857208251953125,0.6564115881919861,2.761186361312866,0.7978515625,0.59765625,0.0787353515625,0.0,0.81005859375,0.7890625
1564,641,0.8422009348869324,0.6568669080734253,2.909780263900757,0.7978515625,0.59765625,0.0787353515625,0.0,0.79443359375,0.7890625
1565,639,0.9753075838088989,0.41288885474205017,2.9316844940185547,0.94921875,0.299560546875,0.094970703125,0.0,0.7939453125,0.818359375
1566,642,0.6519128084182739,0.8508437275886536,2.757443904876709,0.65087890625,0.75634765625,0.06341552734375,0.0,0.80859375,0.75927734375
1567,641,0.8422009348869324,0.6568669080734253,2.909780263900757,0.7978515625,0.59765625,0.0787353515625,0.0,0.79443359375,0.7890625
1568,640,0.857208251953125,0.6564115881919861,2.761186361312866,0.7978515625,0.59765625,0.0787353515625,0.0,0.81005859375,0.7890625
1569,642,0.6519128084182739,0.8508437275886536,2.757443904876709,0.65087890625,0.75634765625,0.06341552734375,0.0,0.80859375,0.75927734375
1570,643,0.6404211521148682,0.8511936664581299,2.871203660964966,0.65087890625,0.75634765625,0.06341552734375,0.0,0.79638671875,0.75927734375
1571,641,0.8422009348869324,0.6568669080734253,2.909780263900757,0.7978515625,0.59765625,0.0787353515625,0.0,0.79443359375,0.7890625
1572,643,0.6404211521148682,0.8511936664581299,2.871203660964966,0.65087890625,0.75634765625,0.06341552734375,0.0,0.79638671875,0.75927734375
1573,642,0.6519128084182739,0.8508437275886536,2.757443904876709,0.65087890625,0.75634765625,0.06341552734375,0.0,0.80859375,0.75927734375
1574,644,0.41538205742836,1.0035797357559204,2.7905468940734863,0.546875,0.83544921875,0.05267333984375,0.0,0.80224609375,0.72998046875
1575,645,-0.6483215093612671,2.3557028770446777,-1.1609399318695068,0.67333984375,0.41015625,0.615234375,0.0,0.0877685546875,0.267822265625
1576,646,-0.5440661311149597,2.3594558238983154,-1.277587890625,0.67333984375,0.410400390625,0.615234375,0.0,0.07135009765625,0.267822265625
1577,647,-0.8087316751480103,2.82242751121521,-1.3947656154632568,0.63330078125,0.50927734375,0.58251953125,0.0,0.0794677734375,0.324462890625
1578,646,-0.5440661311149597,2.3594558238983154,-1.277587890625,0.67333984375,0.410400390625,0.615234375,0.0,0.07135009765625,0.267822265625
1579,645,-0.6483215093612671,2.3557028770446777,-1.1609399318695068,0.67333984375,0.41015625,0.615234375,0.0,0.0877685546875,0.267822265625
1580,648,-0.48545041680336,1.7917858362197876,-1.000766634941101,0.71533203125,0.2626953125,0.6474609375,0.0,0.09033203125,0.203857421875
1581,646,-0.5440661311149597,2.3594558238983154,-1.277587890625,0.67333984375,0.410400390625,0.615234375,0.0,0.07135009765625,0.267822265625
1582,648,-0.48545041680336,1.7917858362197876,-1.000766634941101,0.71533203125,0.2626953125,0.6474609375,0.0,0.09033203125,0.203857421875
1583,649,-0.34928098320961,1.7966985702514648,-1.1531225442886353,0.71533203125,0.2626953125,0.6474609375,0.0,0.06884765625,0.203857421875
1584,649,-0.34928098320961,1.7966985702514648,-1.1531225442886353,0.71533203125,0.2626953125,0.6474609375,0.0,0.06884765625,0.203857421875
1585,648,-0.48545041680336,1.7917858362197876,-1.000766634941101,0.71533203125,0.2626953125,0.6474609375,0.0,0.09033203125,0.203857421875
1586,650,-0.3915661573410034,1.1232606172561646,-0.9235424399375916,0.74267578125,0.06756591796875,0.666015625,0.0,0.09149169921875,0.132568359375
1587,649,-0.34928098320961,1.7966985702514648,-1.1531225442886353,0.71533203125,0.2626953125,0.6474609375,0.0,0.06884765625,0.203857421875
1588,650,-0.3915661573410034,1.1232606172561646,-0.9235424399375916,0.74267578125,0.06756591796875,0.666015625,0.0,0.09149169921875,0.132568359375
1589,651,-0.2413989156484604,1.1286754608154297,-1.091555118560791,0.74267578125,0.0677490234375,0.666015625,0.0,0.06781005859375,0.132568359375
1590,652,-0.2497302144765854,0.6325511932373047,-1.1319457292556763,0.7451171875,-0.06427001953125,0.6640625,0.0,0.0665283203125,0.08026123046875
1591,651,-0.2413989156484604,1.1286754608154297,-1.091555118560791,0.74267578125,0.0677490234375,0.666015625,0.0,0.06781005859375,0.132568359375
1592,650,-0.3915661573410034,1.1232606172561646,-0.9235424399375916,0.74267578125,0.06756591796875,0.666015625,0.0,0.09149169921875,0.132568359375
1593,652,-0.2497302144765854,0.6325511932373047,-1.1319457292556763,0.7451171875,-0.06427001953125,0.6640625,0.0,0.0665283203125,0.08026123046875
1594,650,-0.3915661573410034,1.1232606172561646,-0.9235424399375916,0.74267578125,0.06756591796875,0.666015625,0.0,0.09149169921875,0.132568359375
1595,653,-0.4172961413860321,0.626506507396698,-0.9444506764411926,0.7451171875,-0.06427001953125,0.6640625,0.0,0.09295654296875,0.08026123046875
1596,654,-0.2684768736362457,0.0,-1.1705822944641113,0.7451171875,-0.0626220703125,0.6640625,0.0,0.06640625,0.01369476318359375
1597,652,-0.2497302144765854,0.6325511932373047,-1.1319457292556763,0.7451171875,-0.06427001953125,0.6640625,0.0,0.0665283203125,0.08026123046875
1598,653,-0.4172961413860321,0.626506507396698,-0.9444506764411926,0.7451171875,-0.06427001953125,0.6640625,0.0,0.09295654296875,0.08026123046875
1599,654,-0.2684768736362457,0.0,-1.1705822944641113,0.7451171875,-0.0626220703125,0.6640625,0.0,0.06640625,0.01369476318359375
1600,653,-0.4172961413860321,0.626506507396698,-0.9444506764411926,0.7451171875,-0.06427001953125,0.6640625,0.0,0.09295654296875,0.08026123046875
1601,655,-0.4380476176738739,0.0,-0.9802677035331726,0.7451171875,-0.0626220703125,0.6640625,0.0,0.09320068359375,0.01434326171875
1602,656,0.547198474407196,0.20755107700824738,2.366018056869507,0.08416748046875,-0.0238037109375,0.99609375,0.0,0.1253662109375,0.81103515625
1603,657,0.3632003664970398,0.0,2.3769278526306152,0.08428955078125,-0.0223388671875,0.99609375,0.0,0.1435546875,0.7880859375
1604,658,0.5375386476516724,0.0,2.362179756164551,0.08428955078125,-0.0223388671875,0.99609375,0.0,0.125244140625,0.7890625
1605,656,0.547198474407196,0.20755107700824738,2.366018056869507,0.08416748046875,-0.0238037109375,0.99609375,0.0,0.1253662109375,0.81103515625
1606,659,0.3752111792564392,0.2160671204328537,2.380754232406616,0.08416748046875,-0.0238037109375,0.99609375,0.0,0.1434326171875,0.81103515625
1607,657,0.3632003664970398,0.0,2.3769278526306152,0.08428955078125,-0.0223388671875,0.99609375,0.0,0.1435546875,0.7880859375
1608,660,0.5483471751213074,0.4042937755584717,2.370964288711548,0.08917236328125,0.08380126953125,0.99267578125,0.0,0.126220703125,0.83154296875
1609,659,0.3752111792564392,0.2160671204328537,2.380754232406616,0.08416748046875,-0.0238037109375,0.99609375,0.0,0.1434326171875,0.81103515625
1610,656,0.547198474407196,0.20755107700824738,2.366018056869507,0.08416748046875,-0.0238037109375,0.99609375,0.0,0.1253662109375,0.81103515625
1611,660,0.5483471751213074,0.4042937755584717,2.370964288711548,0.08917236328125,0.08380126953125,0.99267578125,0.0,0.126220703125,0.83154296875
1612,661,0.3942236304283142,0.4119254946708679,2.384167432785034,0.08917236328125,0.08380126953125,0.99267578125,0.0,0.1424560546875,0.83154296875
1613,659,0.3752111792564392,0.2160671204328537,2.380754232406616,0.08416748046875,-0.0238037109375,0.99609375,0.0,0.1434326171875,0.81103515625
1614,662,0.550006091594696,0.6663087606430054,2.3235278129577637,0.0948486328125,0.246337890625,0.96435546875,0.0,0.126953125,0.859375
1615,661,0.3942236304283142,0.4119254946708679,2.384167432785034,0.08917236328125,0.08380126953125,0.99267578125,0.0,0.1424560546875,0.83154296875
1616,660,0.5483471751213074,0.4042937755584717,2.370964288711548,0.08917236328125,0.08380126953125,0.99267578125,0.0,0.126220703125,0.83154296875
1617,662,0.550006091594696,0.6663087606430054,2.3235278129577637,0.0948486328125,0.246337890625,0.96435546875,0.0,0.126953125,0.859375
1618,663,0.4102465808391571,0.6732292771339417,2.335505247116089,0.0948486328125,0.246337890625,0.96435546875,0.0,0.1417236328125,0.859375
1619,661,0.3942236304283142,0.4119254946708679,2.384167432785034,0.08917236328125,0.08380126953125,0.99267578125,0.0,0.1424560546875,0.83154296875
1620,664,0.5374963283538818,0.8857319951057434,2.243762254714966,0.09759521484375,0.373779296875,0.92236328125,0.0,0.1287841796875,0.8837890625
1621,663,0.4102465808391571,0.6732292771339417,2.335505247116089,0.0948486328125,0.246337890625,0.96435546875,0.0,0.1417236328125,0.859375
1622,662,0.550006091594696,0.6663087606430054,2.3235278129577637,0.0948486328125,0.246337890625,0.96435546875,0.0,0.126953125,0.859375
1623,664,0.5374963283538818,0.8857319951057434,2.243762254714966,0.09759521484375,0.373779296875,0.92236328125,0.0,0.1287841796875,0.8837890625
1624,665,0.43049681186676025,0.8910306096076965,2.252937078475952,0.09759521484375,0.373779296875,0.92236328125,0.0,0.1400146484375,0.8837890625
1625,663,0.4102465808391571,0.6732292771339417,2.335505247116089,0.0948486328125,0.246337890625,0.96435546875,0.0,0.1417236328125,0.859375
1626,665,0.43049681186676025,0.8910306096076965,2.252937078475952,0.09759521484375,0.373779296875,0.92236328125,0.0,0.1400146484375,0.8837890625
1627,664,0.5374963283538818,0.8857319951057434,2.243762254714966,0.09759521484375,0.373779296875,0.92236328125,0.0,0.1287841796875,0.8837890625
1628,666,0.4847082495689392,1.06741464138031,2.153205633163452,0.09844970703125,0.466796875,0.87890625,0.0,0.1343994140625,0.9052734375
1629,667,0.0968640148639679,0.4277743697166443,1.981447696685791,0.5517578125,0.052886962890625,-0.83251953125,0.0,0.529296875,0.322265625
1630,668,0.23324152827262878,0.0,2.044893741607666,0.55126953125,0.052337646484375,-0.83251953125,0.0,0.55322265625,0.28076171875
1631,669,0.09535050392150879,0.0,1.9535516500473022,0.55126953125,0.052337646484375,-0.83251953125,0.0,0.5361328125,0.277587890625
1632,667,0.0968640148639679,0.4277743697166443,1.981447696685791,0.5517578125,0.052886962890625,-0.83251953125,0.0,0.529296875,0.322265625
1633,670,0.2206079065799713,0.42756250500679016,2.063410520553589,0.5517578125,0.052947998046875,-0.83251953125,0.0,0.54443359375,0.324951171875
1634,668,0.23324152827262878,0.0,2.044893741607666,0.55126953125,0.052337646484375,-0.83251953125,0.0,0.55322265625,0.28076171875
1635,667,0.0968640148639679,0.4277743697166443,1.981447696685791,0.5517578125,0.052886962890625,-0.83251953125,0.0,0.529296875,0.322265625
1636,671,0.2570507824420929,0.9232706427574158,2.119455575942993,0.55126953125,0.0531005859375,-0.83251953125,0.0,0.541015625,0.37744140625
1637,670,0.2206079065799713,0.42756250500679016,2.063410520553589,0.5517578125,0.052947998046875,-0.83251953125,0.0,0.54443359375,0.324951171875
1638,667,0.0968640148639679,0.4277743697166443,1.981447696685791,0.5517578125,0.052886962890625,-0.83251953125,0.0,0.529296875,0.322265625
1639,672,0.1663171350955963,0.9854970574378967,2.063298225402832,0.55126953125,0.05291748046875,-0.83251953125,0.0,0.52880859375,0.3818359375
1640,671,0.2570507824420929,0.9232706427574158,2.119455575942993,0.55126953125,0.0531005859375,-0.83251953125,0.0,0.541015625,0.37744140625
1641,673,0.48671019077301025,1.9193464517593384,2.3342480659484863,0.55126953125,0.05242919921875,-0.83251953125,0.0,0.5537109375,0.486328125
1642,671,0.2570507824420929,0.9232706427574158,2.119455575942993,0.55126953125,0.0531005859375,-0.83251953125,0.0,0.541015625,0.37744140625
1643,672,0.1663171350955963,0.9854970574378967,2.063298225402832,0.55126953125,0.05291748046875,-0.83251953125,0.0,0.52880859375,0.3818359375
1644,674,1.205349087715149,0.4146312177181244,3.1033618450164795,0.78857421875,0.035736083984375,-0.61376953125,0.0,0.1370849609375,0.41015625
1645,675,1.3288323879241943,8.881783998477905e-18,3.237027883529663,0.78857421875,0.036895751953125,-0.61376953125,0.0,0.11761474609375,0.45361328125
1646,676,1.2144689559936523,0.0,3.0901479721069336,0.78857421875,0.036895751953125,-0.61376953125,0.0,0.13720703125,0.453857421875
1647,674,1.205349087715149,0.4146312177181244,3.1033618450164795,0.78857421875,0.035736083984375,-0.61376953125,0.0,0.1370849609375,0.41015625
1648,677,1.3182995319366455,0.41301676630973816,3.2483325004577637,0.78857421875,0.035736083984375,-0.61376953125,0.0,0.11773681640625,0.41015625
1649,675,1.3288323879241943,8.881783998477905e-18,3.237027883529663,0.78857421875,0.036895751953125,-0.61376953125,0.0,0.11761474609375,0.45361328125
1650,678,1.2040441036224365,0.7468143105506897,3.120170831680298,0.783203125,0.128662109375,-0.6083984375,0.0,0.135986328125,0.375244140625
1651,677,1.3182995319366455,0.41301676630973816,3.2483325004577637,0.78857421875,0.035736083984375,-0.61376953125,0.0,0.11773681640625,0.41015625
1652,674,1.205349087715149,0.4146312177181244,3.1033618450164795,0.78857421875,0.035736083984375,-0.61376953125,0.0,0.1370849609375,0.41015625
1653,678,1.2040441036224365,0.7468143105506897,3.120170831680298,0.783203125,0.128662109375,-0.6083984375,0.0,0.135986328125,0.375244140625
1654,679,1.3052624464035034,0.7453692555427551,3.2500805854797363,0.783203125,0.128662109375,-0.6083984375,0.0,0.11871337890625,0.375244140625
1655,677,1.3182995319366455,0.41301676630973816,3.2483325004577637,0.78857421875,0.035736083984375,-0.61376953125,0.0,0.11773681640625,0.41015625
1656,680,1.1376622915267944,1.1851190328598022,3.1864964962005615,0.76123046875,0.268798828125,-0.59033203125,0.0,0.13525390625,0.328369140625
1657,679,1.3052624464035034,0.7453692555427551,3.2500805854797363,0.783203125,0.128662109375,-0.6083984375,0.0,0.11871337890625,0.375244140625
1658,678,1.2040441036224365,0.7468143105506897,3.120170831680298,0.783203125,0.128662109375,-0.6083984375,0.0,0.135986328125,0.375244140625
1659,680,1.1376622915267944,1.1851190328598022,3.1864964962005615,0.76123046875,0.268798828125,-0.59033203125,0.0,0.13525390625,0.328369140625
1660,681,1.2294445037841797,1.1838059425354004,3.3042993545532227,0.76123046875,0.268798828125,-0.59033203125,0.0,0.11956787109375,0.328369140625
1661,679,1.3052624464035034,0.7453692555427551,3.2500805854797363,0.783203125,0.128662109375,-0.6083984375,0.0,0.11871337890625,0.375244140625
1662,682,1.041927456855774,1.547754168510437,3.287302255630493,0.7314453125,0.381591796875,-0.5654296875,0.0,0.1334228515625,0.28759765625
1663,681,1.2294445037841797,1.1838059425354004,3.3042993545532227,0.76123046875,0.268798828125,-0.59033203125,0.0,0.11956787109375,0.328369140625
1664,680,1.1376622915267944,1.1851190328598022,3.1864964962005615,0.76123046875,0.268798828125,-0.59033203125,0.0,0.13525390625,0.328369140625
1665,682,1.041927456855774,1.547754168510437,3.287302255630493,0.7314453125,0.381591796875,-0.5654296875,0.0,0.1334228515625,0.28759765625
1666,683,1.1121996641159058,1.546749234199524,3.377492666244507,0.7314453125,0.381591796875,-0.5654296875,0.0,0.12139892578125,0.28759765625
1667,681,1.2294445037841797,1.1838059425354004,3.3042993545532227,0.76123046875,0.268798828125,-0.59033203125,0.0,0.11956787109375,0.328369140625
1668,683,1.1121996641159058,1.546749234199524,3.377492666244507,0.7314453125,0.381591796875,-0.5654296875,0.0,0.12139892578125,0.28759765625
1669,682,1.041927456855774,1.547754168510437,3.287302255630493,0.7314453125,0.381591796875,-0.5654296875,0.0,0.1334228515625,0.28759765625
1670,684,0.9569494128227234,1.8419405221939087,3.42926025390625,0.701171875,0.4638671875,-0.54150390625,0.0,0.12744140625,0.252685546875
1671,685,1.458825707435608,0.0,3.692946195602417,-0.826171875,-0.0001728534698486328,-0.5634765625,0.0,0.174560546875,0.88427734375
1672,686,1.5622423887252808,0.2109190672636032,3.541315793991089,-0.826171875,-0.003772735595703125,-0.5634765625,0.0,0.1932373046875,0.9052734375
1673,687,1.5636975765228271,0.0,3.5392448902130127,-0.826171875,-0.0001728534698486328,-0.5634765625,0.0,0.193115234375,0.88427734375
1674,685,1.458825707435608,0.0,3.692946195602417,-0.826171875,-0.0001728534698486328,-0.5634765625,0.0,0.174560546875,0.88427734375
1675,688,1.4586559534072876,0.21078361570835114,3.693127393722534,-0.826171875,-0.003787994384765625,-0.5634765625,0.0,0.1744384765625,0.9052734375
1676,686,1.5622423887252808,0.2109190672636032,3.541315793991089,-0.826171875,-0.003772735595703125,-0.5634765625,0.0,0.1932373046875,0.9052734375
1677,686,1.5622423887252808,0.2109190672636032,3.541315793991089,-0.826171875,-0.003772735595703125,-0.5634765625,0.0,0.1932373046875,0.9052734375
1678,688,1.4586559534072876,0.21078361570835114,3.693127393722534,-0.826171875,-0.003787994384765625,-0.5634765625,0.0,0.1744384765625,0.9052734375
1679,689,1.462799072265625,0.362970232963562,3.6845386028289795,-0.81787109375,0.1409912109375,-0.55810546875,0.0,0.1751708984375,0.92138671875
1680,686,1.5622423887252808,0.2109190672636032,3.541315793991089,-0.826171875,-0.003772735595703125,-0.5634765625,0.0,0.1932373046875,0.9052734375
1681,689,1.462799072265625,0.362970232963562,3.6845386028289795,-0.81787109375,0.1409912109375,-0.55810546875,0.0,0.1751708984375,0.92138671875
1682,690,1.5556261539459229,0.3630906641483307,3.5484936237335205,-0.81787109375,0.1409912109375,-0.55810546875,0.0,0.192626953125,0.92138671875
1683,690,1.5556261539459229,0.3630906641483307,3.5484936237335205,-0.81787109375,0.1409912109375,-0.55810546875,0.0,0.192626953125,0.92138671875
1684,689,1.462799072265625,0.362970232963562,3.6845386028289795,-0.81787109375,0.1409912109375,-0.55810546875,0.0,0.1751708984375,0.92138671875
1685,691,1.5132946968078613,0.5645448565483093,3.7098753452301025,-0.77197265625,0.356689453125,-0.5263671875,0.0,0.1756591796875,0.9443359375
1686,690,1.5556261539459229,0.3630906641483307,3.5484936237335205,-0.81787109375,0.1409912109375,-0.55810546875,0.0,0.192626953125,0.92138671875
1687,691,1.5132946968078613,0.5645448565483093,3.7098753452301025,-0.77197265625,0.356689453125,-0.5263671875,0.0,0.1756591796875,0.9443359375
1688,692,1.597471833229065,0.5646576881408691,3.5865111351013184,-0.77197265625,0.356689453125,-0.5263671875,0.0,0.1920166015625,0.9443359375
1689,692,1.597471833229065,0.5646576881408691,3.5865111351013184,-0.77197265625,0.356689453125,-0.5263671875,0.0,0.1920166015625,0.9443359375
1690,691,1.5132946968078613,0.5645448565483093,3.7098753452301025,-0.77197265625,0.356689453125,-0.5263671875,0.0,0.1756591796875,0.9443359375
1691,693,1.5983104705810547,0.731991171836853,3.746840715408325,-0.7109375,0.50927734375,-0.484619140625,0.0,0.1776123046875,0.96484375
1692,692,1.597471833229065,0.5646576881408691,3.5865111351013184,-0.77197265625,0.356689453125,-0.5263671875,0.0,0.1920166015625,0.9443359375
1693,693,1.5983104705810547,0.731991171836853,3.746840715408325,-0.7109375,0.50927734375,-0.484619140625,0.0,0.1776123046875,0.96484375
1694,694,1.6627575159072876,0.732073962688446,3.6523900032043457,-0.7109375,0.50927734375,-0.484619140625,0.0,0.1900634765625,0.96484375
1695,694,1.6627575159072876,0.732073962688446,3.6523900032043457,-0.7109375,0.50927734375,-0.484619140625,0.0,0.1900634765625,0.96484375
1696,693,1.5983104705810547,0.731991171836853,3.746840715408325,-0.7109375,0.50927734375,-0.484619140625,0.0,0.1776123046875,0.96484375
1697,695,1.7176488637924194,0.8684665560722351,3.7591819763183594,-0.65380859375,0.61181640625,-0.445556640625,0.0,0.183837890625,0.98388671875
1698,696,0.39873167872428894,0.6019880175590515,2.4111621379852295,0.15234375,0.0469970703125,-0.9873046875,0.0,0.2376708984375,0.0703125
1699,697,0.6190159320831299,0.0,2.416747570037842,0.153564453125,0.04705810546875,-0.98681640625,0.0,0.2705078125,0.011627197265625
1700,698,0.392901748418808,0.0,2.380246639251709,0.153564453125,0.04705810546875,-0.98681640625,0.0,0.246826171875,0.0077056884765625
1701,696,0.39873167872428894,0.6019880175590515,2.4111621379852295,0.15234375,0.0469970703125,-0.9873046875,0.0,0.2376708984375,0.0703125
1702,699,0.6023584008216858,0.6063616275787354,2.4417505264282227,0.152099609375,0.0469970703125,-0.9873046875,0.0,0.2587890625,0.07427978515625
1703,697,0.6190159320831299,0.0,2.416747570037842,0.153564453125,0.04705810546875,-0.98681640625,0.0,0.2705078125,0.011627197265625
1704,696,0.39873167872428894,0.6019880175590515,2.4111621379852295,0.15234375,0.0469970703125,-0.9873046875,0.0,0.2376708984375,0.0703125
1705,700,0.6659020781517029,1.3009757995605469,2.485217332839966,0.152587890625,0.04681396484375,-0.9873046875,0.0,0.254150390625,0.1475830078125
1706,699,0.6023584008216858,0.6063616275787354,2.4417505264282227,0.152099609375,0.0469970703125,-0.9873046875,0.0,0.2587890625,0.07427978515625
1707,696,0.39873167872428894,0.6019880175590515,2.4111621379852295,0.15234375,0.0469970703125,-0.9873046875,0.0,0.2376708984375,0.0703125
1708,701,0.515228271484375,1.3845129013061523,2.465441942214966,0.1533203125,0.0467529296875,-0.9873046875,0.0,0.237060546875,0.153564453125
1709,700,0.6659020781517029,1.3009757995605469,2.485217332839966,0.152587890625,0.04681396484375,-0.9873046875,0.0,0.254150390625,0.1475830078125
1710,702,1.048559546470642,2.6990785598754883,2.611442804336548,0.1552734375,0.04656982421875,-0.98681640625,0.0,0.271484375,0.29931640625
1711,700,0.6659020781517029,1.3009757995605469,2.485217332839966,0.152587890625,0.04681396484375,-0.9873046875,0.0,0.254150390625,0.1475830078125
1712,701,0.515228271484375,1.3845129013061523,2.465441942214966,0.1533203125,0.0467529296875,-0.9873046875,0.0,0.237060546875,0.153564453125
1713,703,-1.0522081851959229,0.0,0.7351019978523254,0.89013671875,0.2225341796875,-0.397216796875,0.0,0.447265625,0.280029296875
1714,704,-1.0855724811553955,0.6936770677566528,1.0488183498382568,0.88623046875,0.241455078125,-0.394775390625,0.0,0.421142578125,0.2109375
1715,705,-0.9414151310920715,0.0,0.9824998378753662,0.89013671875,0.2225341796875,-0.397216796875,0.0,0.4208984375,0.27978515625
1716,703,-1.0522081851959229,0.0,0.7351019978523254,0.89013671875,0.2225341796875,-0.397216796875,0.0,0.447265625,0.280029296875
1717,706,-1.1949670314788818,0.6970333456993103,0.804736316204071,0.88623046875,0.24169921875,-0.394775390625,0.0,0.447509765625,0.2108154296875
1718,704,-1.0855724811553955,0.6936770677566528,1.0488183498382568,0.88623046875,0.241455078125,-0.394775390625,0.0,0.421142578125,0.2109375
1719,706,-1.1949670314788818,0.6970333456993103,0.804736316204071,0.88623046875,0.24169921875,-0.394775390625,0.0,0.447509765625,0.2108154296875
1720,707,-1.2005419731140137,1.1168317794799805,1.0879589319229126,0.85595703125,0.352294921875,-0.378662109375,0.0,0.42138671875,0.165771484375
1721,704,-1.0855724811553955,0.6936770677566528,1.0488183498382568,0.88623046875,0.241455078125,-0.394775390625,0.0,0.421142578125,0.2109375
1722,706,-1.1949670314788818,0.6970333456993103,0.804736316204071,0.88623046875,0.24169921875,-0.394775390625,0.0,0.447509765625,0.2108154296875
1723,708,-1.2985765933990479,1.1198275089263916,0.8692284822463989,0.85546875,0.35302734375,-0.378662109375,0.0,0.447509765625,0.1656494140625
1724,707,-1.2005419731140137,1.1168317794799805,1.0879589319229126,0.85595703125,0.352294921875,-0.378662109375,0.0,0.42138671875,0.165771484375
1725,708,-1.2985765933990479,1.1198275089263916,0.8692284822463989,0.85546875,0.35302734375,-0.378662109375,0.0,0.447509765625,0.1656494140625
1726,709,-1.4213292598724365,1.6322851181030273,1.1781225204467773,0.8095703125,0.466064453125,-0.3564453125,0.0,0.42236328125,0.10113525390625
1727,707,-1.2005419731140137,1.1168317794799805,1.0879589319229126,0.85595703125,0.352294921875,-0.378662109375,0.0,0.42138671875,0.165771484375
1728,708,-1.2985765933990479,1.1198275089263916,0.8692284822463989,0.85546875,0.35302734375,-0.378662109375,0.0,0.447509765625,0.1656494140625
1729,710,-1.5102282762527466,1.635006070137024,0.9797704815864563,0.8095703125,0.466552734375,-0.3564453125,0.0,0.447021484375,0.10101318359375
1730,709,-1.4213292598724365,1.6322851181030273,1.1781225204467773,0.8095703125,0.466064453125,-0.3564453125,0.0,0.42236328125,0.10113525390625
1731,710,-1.5102282762527466,1.635006070137024,0.9797704815864563,0.8095703125,0.466552734375,-0.3564453125,0.0,0.447021484375,0.10101318359375
1732,711,-1.677740454673767,2.026393175125122,1.2372632026672363,0.75390625,0.568359375,-0.330078125,0.0,0.428466796875,0.0477294921875
1733,709,-1.4213292598724365,1.6322851181030273,1.1781225204467773,0.8095703125,0.466064453125,-0.3564453125,0.0,0.42236328125,0.10113525390625
1734,710,-1.5102282762527466,1.635006070137024,0.9797704815864563,0.8095703125,0.466552734375,-0.3564453125,0.0,0.447021484375,0.10101318359375
1735,712,-1.723028540611267,2.0277740955352783,1.1362011432647705,0.75341796875,0.568359375,-0.329833984375,0.0,0.44091796875,0.047698974609375
1736,711,-1.677740454673767,2.026393175125122,1.2372632026672363,0.75390625,0.568359375,-0.330078125,0.0,0.428466796875,0.0477294921875
1737,711,-1.677740454673767,2.026393175125122,1.2372632026672363,0.75390625,0.568359375,-0.330078125,0.0,0.428466796875,0.0477294921875
1738,712,-1.723028540611267,2.0277740955352783,1.1362011432647705,0.75341796875,0.568359375,-0.329833984375,0.0,0.44091796875,0.047698974609375
1739,713,-1.930245280265808,2.3233563899993896,1.2917284965515137,0.69775390625,0.64892578125,-0.3037109375,0.0,0.434814453125,0.0038700103759765625
1740,714,0.5080346465110779,0.26604166626930237,2.692629337310791,0.55615234375,0.052703857421875,-0.82958984375,0.0,0.254638671875,0.626953125
1741,715,0.6861327886581421,0.0,2.7939693927764893,0.5546875,0.054962158203125,-0.83056640625,0.0,0.286865234375,0.6123046875
1742,716,0.49871429800987244,0.0,2.668654441833496,0.5546875,0.054962158203125,-0.83056640625,0.0,0.26611328125,0.60107421875
1743,714,0.5080346465110779,0.26604166626930237,2.692629337310791,0.55615234375,0.052703857421875,-0.82958984375,0.0,0.254638671875,0.626953125
1744,717,0.6790478229522705,0.2664182484149933,2.8067259788513184,0.55615234375,0.052154541015625,-0.8291015625,0.0,0.273681640625,0.63720703125
1745,715,0.6861327886581421,0.0,2.7939693927764893,0.5546875,0.054962158203125,-0.83056640625,0.0,0.286865234375,0.6123046875
1746,718,0.6155810356140137,0.6520317792892456,2.7873265743255615,0.5576171875,0.04864501953125,-0.82861328125,0.0,0.2484130859375,0.66943359375
1747,717,0.6790478229522705,0.2664182484149933,2.8067259788513184,0.55615234375,0.052154541015625,-0.8291015625,0.0,0.273681640625,0.63720703125
1748,714,0.5080346465110779,0.26604166626930237,2.692629337310791,0.55615234375,0.052703857421875,-0.82958984375,0.0,0.254638671875,0.626953125
1749,718,0.6155810356140137,0.6520317792892456,2.7873265743255615,0.5576171875,0.04864501953125,-0.82861328125,0.0,0.2484130859375,0.66943359375
1750,719,0.7394494414329529,0.6080034971237183,2.869020938873291,0.5576171875,0.04827880859375,-0.82861328125,0.0,0.264404296875,0.6728515625
1751,717,0.6790478229522705,0.2664182484149933,2.8067259788513184,0.55615234375,0.052154541015625,-0.8291015625,0.0,0.273681640625,0.63720703125
1752,720,0.8254760503768921,1.0268330574035645,2.950441837310791,0.55712890625,0.04742431640625,-0.8291015625,0.0,0.254150390625,0.7177734375
1753,719,0.7394494414329529,0.6080034971237183,2.869020938873291,0.5576171875,0.04827880859375,-0.82861328125,0.0,0.264404296875,0.6728515625
1754,718,0.6155810356140137,0.6520317792892456,2.7873265743255615,0.5576171875,0.04864501953125,-0.82861328125,0.0,0.2484130859375,0.66943359375
1755,720,0.8254760503768921,1.0268330574035645,2.950441837310791,0.55712890625,0.04742431640625,-0.8291015625,0.0,0.254150390625,0.7177734375
1756,721,0.9132983088493347,0.95847088098526,3.0049731731414795,0.55712890625,0.04803466796875,-0.8291015625,0.0,0.26708984375,0.71630859375
1757,719,0.7394494414329529,0.6080034971237183,2.869020938873291,0.5576171875,0.04827880859375,-0.82861328125,0.0,0.264404296875,0.6728515625
1758,722,1.228155493736267,1.2213380336761475,3.2315893173217773,0.55517578125,0.05084228515625,-0.830078125,0.0,0.28955078125,0.76025390625
1759,721,0.9132983088493347,0.95847088098526,3.0049731731414795,0.55712890625,0.04803466796875,-0.8291015625,0.0,0.26708984375,0.71630859375
1760,720,0.8254760503768921,1.0268330574035645,2.950441837310791,0.55712890625,0.04742431640625,-0.8291015625,0.0,0.254150390625,0.7177734375
1761,723,-0.13096190989017487,0.28214114904403687,2.0973291397094727,-0.489501953125,-0.052642822265625,0.87060546875,0.0,0.74365234375,0.6328125
1762,724,-0.2768179476261139,0.0,1.998452067375183,-0.490234375,-0.051422119140625,0.8701171875,0.0,0.7685546875,0.6083984375
1763,725,-0.11966559290885925,0.0,2.0868940353393555,-0.490234375,-0.051422119140625,0.8701171875,0.0,0.75,0.60400390625
1764,723,-0.13096190989017487,0.28214114904403687,2.0973291397094727,-0.489501953125,-0.052642822265625,0.87060546875,0.0,0.74365234375,0.6328125
1765,726,-0.27403929829597473,0.2896172106266022,2.0170092582702637,-0.489501953125,-0.0528564453125,0.87060546875,0.0,0.76025390625,0.6376953125
1766,724,-0.2768179476261139,0.0,1.998452067375183,-0.490234375,-0.051422119140625,0.8701171875,0.0,0.7685546875,0.6083984375
1767,727,-0.22625243663787842,0.6999301910400391,2.069272518157959,-0.487548828125,-0.053863525390625,0.87158203125,0.0,0.7431640625,0.677734375
1768,726,-0.27403929829597473,0.2896172106266022,2.0170092582702637,-0.489501953125,-0.0528564453125,0.87060546875,0.0,0.76025390625,0.6376953125
1769,723,-0.13096190989017487,0.28214114904403687,2.0973291397094727,-0.489501953125,-0.052642822265625,0.87060546875,0.0,0.74365234375,0.6328125
1770,727,-0.22625243663787842,0.6999301910400391,2.069272518157959,-0.487548828125,-0.053863525390625,0.87158203125,0.0,0.7431640625,0.677734375
1771,728,-0.32884642481803894,0.658835232257843,2.0096092224121094,-0.487548828125,-0.053863525390625,0.87158203125,0.0,0.75634765625,0.6767578125
1772,726,-0.27403929829597473,0.2896172106266022,2.0170092582702637,-0.489501953125,-0.0528564453125,0.87060546875,0.0,0.76025390625,0.6376953125
1773,729,-0.6228002905845642,1.4093774557113647,1.8921411037445068,-0.48583984375,-0.053741455078125,0.87255859375,0.0,0.77001953125,0.76123046875
1774,728,-0.32884642481803894,0.658835232257843,2.0096092224121094,-0.487548828125,-0.053863525390625,0.87158203125,0.0,0.75634765625,0.6767578125
1775,727,-0.22625243663787842,0.6999301910400391,2.069272518157959,-0.487548828125,-0.053863525390625,0.87158203125,0.0,0.7431640625,0.677734375
1776,730,1.543359398841858,0.14198891818523407,3.8795971870422363,0.3017578125,0.263671875,-0.916015625,0.0,0.912109375,0.9677734375
1777,731,1.6985249519348145,0.0,3.8894309997558594,0.306884765625,0.27197265625,-0.912109375,0.0,0.8935546875,0.97900390625
1778,732,1.5199792385101318,0.0,3.8276443481445312,0.306884765625,0.27197265625,-0.912109375,0.0,0.91259765625,0.9833984375
1779,730,1.543359398841858,0.14198891818523407,3.8795971870422363,0.3017578125,0.263671875,-0.916015625,0.0,0.912109375,0.9677734375
1780,733,1.7157824039459229,0.09420029073953629,3.9216086864471436,0.3017578125,0.263671875,-0.916015625,0.0,0.89306640625,0.96826171875
1781,731,1.6985249519348145,0.0,3.8894309997558594,0.306884765625,0.27197265625,-0.912109375,0.0,0.8935546875,0.97900390625
1782,733,1.7157824039459229,0.09420029073953629,3.9216086864471436,0.3017578125,0.263671875,-0.916015625,0.0,0.89306640625,0.96826171875
1783,730,1.543359398841858,0.14198891818523407,3.8795971870422363,0.3017578125,0.263671875,-0.916015625,0.0,0.912109375,0.9677734375
1784,734,1.5707043409347534,0.23365992307662964,3.913386106491089,0.3330078125,0.4970703125,-0.80126953125,0.0,0.9111328125,0.95751953125
1785,733,1.7157824039459229,0.09420029073953629,3.9216086864471436,0.3017578125,0.263671875,-0.916015625,0.0,0.89306640625,0.96826171875
1786,734,1.5707043409347534,0.23365992307662964,3.913386106491089,0.3330078125,0.4970703125,-0.80126953125,0.0,0.9111328125,0.95751953125
1787,735,1.7252148389816284,0.19083495438098907,3.9510326385498047,0.3330078125,0.4970703125,-0.80126953125,0.0,0.89404296875,0.9580078125
1788,736,1.580507755279541,0.3354387879371643,4.022502422332764,0.3447265625,0.76220703125,-0.5478515625,0.0,0.91064453125,0.94189453125
1789,735,1.7252148389816284,0.19083495438098907,3.9510326385498047,0.3330078125,0.4970703125,-0.80126953125,0.0,0.89404296875,0.9580078125
1790,734,1.5707043409347534,0.23365992307662964,3.913386106491089,0.3330078125,0.4970703125,-0.80126953125,0.0,0.9111328125,0.95751953125
1791,736,1.580507755279541,0.3354387879371643,4.022502422332764,0.3447265625,0.76220703125,-0.5478515625,0.0,0.91064453125,0.94189453125
1792,737,1.7206237316131592,0.2966066002845764,4.056640625,0.3447265625,0.76220703125,-0.5478515625,0.0,0.89453125,0.94189453125
1793,735,1.7252148389816284,0.19083495438098907,3.9510326385498047,0.3330078125,0.4970703125,-0.80126953125,0.0,0.89404296875,0.9580078125
1794,738,1.58233642578125,0.40097081661224365,4.166096210479736,0.329345703125,0.8740234375,-0.35693359375,0.0,0.90869140625,0.9248046875
1795,737,1.7206237316131592,0.2966066002845764,4.056640625,0.3447265625,0.76220703125,-0.5478515625,0.0,0.89453125,0.94189453125
1796,736,1.580507755279541,0.3354387879371643,4.022502422332764,0.3447265625,0.76220703125,-0.5478515625,0.0,0.91064453125,0.94189453125
1797,738,1.58233642578125,0.40097081661224365,4.166096210479736,0.329345703125,0.8740234375,-0.35693359375,0.0,0.90869140625,0.9248046875
1798,739,1.689611792564392,0.3712417185306549,4.1922287940979,0.329345703125,0.8740234375,-0.35693359375,0.0,0.896484375,0.9248046875
1799,737,1.7206237316131592,0.2966066002845764,4.056640625,0.3447265625,0.76220703125,-0.5478515625,0.0,0.89453125,0.94189453125
1800,739,1.689611792564392,0.3712417185306549,4.1922287940979,0.329345703125,0.8740234375,-0.35693359375,0.0,0.896484375,0.9248046875
1801,738,1.58233642578125,0.40097081661224365,4.166096210479736,0.329345703125,0.8740234375,-0.35693359375,0.0,0.90869140625,0.9248046875
1802,740,1.6123095750808716,0.4318852424621582,4.328369140625,0.31201171875,0.9208984375,-0.233154296875,0.0,0.90283203125,0.908203125
1803,741,-0.9323657155036926,0.5245381593704224,1.3766796588897705,-0.48486328125,-0.049835205078125,0.873046875,0.0,0.62255859375,0.06329345703125
1804,742,-1.0920984745025635,0.0,1.2595889568328857,-0.485107421875,-0.047210693359375,0.873046875,0.0,0.6513671875,0.012786865234375
1805,743,-0.9198208451271057,0.0,1.356053113937378,-0.485107421875,-0.047210693359375,0.873046875,0.0,0.63037109375,0.0094757080078125
1806,741,-0.9323657155036926,0.5245381593704224,1.3766796588897705,-0.48486328125,-0.049835205078125,0.873046875,0.0,0.62255859375,0.06329345703125
1807,744,-1.0872668027877808,0.5323572754859924,1.29180908203125,-0.48486328125,-0.050201416015625,0.873046875,0.0,0.64013671875,0.06689453125
1808,742,-1.0920984745025635,0.0,1.2595889568328857,-0.485107421875,-0.047210693359375,0.873046875,0.0,0.6513671875,0.012786865234375
1809,741,-0.9323657155036926,0.5245381593704224,1.3766796588897705,-0.48486328125,-0.049835205078125,0.873046875,0.0,0.62255859375,0.06329345703125
1810,745,-1.1455090045928955,1.1002568006515503,1.2933471202850342,-0.486083984375,-0.053131103515625,0.8720703125,0.0,0.63671875,0.125244140625
1811,744,-1.0872668027877808,0.5323572754859924,1.29180908203125,-0.48486328125,-0.050201416015625,0.873046875,0.0,0.64013671875,0.06689453125
1812,741,-0.9323657155036926,0.5245381593704224,1.3766796588897705,-0.48486328125,-0.049835205078125,0.873046875,0.0,0.62255859375,0.06329345703125
1813,746,-1.0328320264816284,1.1658051013946533,1.3605223894119263,-0.486572265625,-0.05316162109375,0.8720703125,0.0,0.6220703125,0.1300048828125
1814,745,-1.1455090045928955,1.1002568006515503,1.2933471202850342,-0.486083984375,-0.053131103515625,0.8720703125,0.0,0.63671875,0.125244140625
1815,747,-1.4590734243392944,2.2483808994293213,1.187780737876892,-0.48828125,-0.05328369140625,0.87109375,0.0,0.65234375,0.2529296875
1816,745,-1.1455090045928955,1.1002568006515503,1.2933471202850342,-0.486083984375,-0.053131103515625,0.8720703125,0.0,0.63671875,0.125244140625
1817,746,-1.0328320264816284,1.1658051013946533,1.3605223894119263,-0.486572265625,-0.05316162109375,0.8720703125,0.0,0.6220703125,0.1300048828125
1818,748,0.5902490019798279,0.21115992963314056,3.04394268989563,0.54931640625,-0.00691986083984375,-0.83544921875,0.0,0.2352294921875,0.912109375
1819,749,0.743732750415802,0.0,3.146153450012207,0.54931640625,-0.005168914794921875,-0.83544921875,0.0,0.254638671875,0.8896484375
1820,750,0.5879615545272827,0.0,3.043748140335083,0.54931640625,-0.005168914794921875,-0.83544921875,0.0,0.235107421875,0.8896484375
1821,748,0.5902490019798279,0.21115992963314056,3.04394268989563,0.54931640625,-0.00691986083984375,-0.83544921875,0.0,0.2352294921875,0.912109375
1822,751,0.743817150592804,0.21054652333259583,3.144909620285034,0.54931640625,-0.00691986083984375,-0.83544921875,0.0,0.254638671875,0.912109375
1823,749,0.743732750415802,0.0,3.146153450012207,0.54931640625,-0.005168914794921875,-0.83544921875,0.0,0.254638671875,0.8896484375
1824,752,0.5994494557380676,0.3633052408695221,3.0482420921325684,0.54443359375,0.1407470703125,-0.8271484375,0.0,0.236328125,0.927734375
1825,751,0.743817150592804,0.21054652333259583,3.144909620285034,0.54931640625,-0.00691986083984375,-0.83544921875,0.0,0.254638671875,0.912109375
1826,748,0.5902490019798279,0.21115992963314056,3.04394268989563,0.54931640625,-0.00691986083984375,-0.83544921875,0.0,0.2352294921875,0.912109375
1827,752,0.5994494557380676,0.3633052408695221,3.0482420921325684,0.54443359375,0.1407470703125,-0.8271484375,0.0,0.236328125,0.927734375
1828,753,0.7370715141296387,0.36275580525398254,3.138720750808716,0.54443359375,0.1407470703125,-0.8271484375,0.0,0.253662109375,0.927734375
1829,751,0.743817150592804,0.21054652333259583,3.144909620285034,0.54931640625,-0.00691986083984375,-0.83544921875,0.0,0.254638671875,0.912109375
1830,754,0.5756994485855103,0.5648647546768188,3.099562883377075,0.51416015625,0.3564453125,-0.7802734375,0.0,0.237060546875,0.94970703125
1831,753,0.7370715141296387,0.36275580525398254,3.138720750808716,0.54443359375,0.1407470703125,-0.8271484375,0.0,0.253662109375,0.927734375
1832,752,0.5994494557380676,0.3633052408695221,3.0482420921325684,0.54443359375,0.1407470703125,-0.8271484375,0.0,0.236328125,0.927734375
1833,754,0.5756994485855103,0.5648647546768188,3.099562883377075,0.51416015625,0.3564453125,-0.7802734375,0.0,0.237060546875,0.94970703125
1834,755,0.7004907131195068,0.5643680691719055,3.1816089153289795,0.51416015625,0.3564453125,-0.7802734375,0.0,0.252685546875,0.94970703125
1835,753,0.7370715141296387,0.36275580525398254,3.138720750808716,0.54443359375,0.1407470703125,-0.8271484375,0.0,0.253662109375,0.927734375
1836,756,0.5407873392105103,0.7322621941566467,3.185537099838257,0.47412109375,0.50927734375,-0.71826171875,0.0,0.2388916015625,0.9697265625
1837,755,0.7004907131195068,0.5643680691719055,3.1816089153289795,0.51416015625,0.3564453125,-0.7802734375,0.0,0.252685546875,0.94970703125
1838,754,0.5756994485855103,0.5648647546768188,3.099562883377075,0.51416015625,0.3564453125,-0.7802734375,0.0,0.237060546875,0.94970703125
1839,756,0.5407873392105103,0.7322621941566467,3.185537099838257,0.47412109375,0.50927734375,-0.71826171875,0.0,0.2388916015625,0.9697265625
1840,757,0.636334240436554,0.7318820953369141,3.248354434967041,0.47412109375,0.50927734375,-0.71826171875,0.0,0.2509765625,0.9697265625
1841,755,0.7004907131195068,0.5643680691719055,3.1816089153289795,0.51416015625,0.3564453125,-0.7802734375,0.0,0.252685546875,0.94970703125
1842,757,0.636334240436554,0.7318820953369141,3.248354434967041,0.47412109375,0.50927734375,-0.71826171875,0.0,0.2509765625,0.9697265625
1843,756,0.5407873392105103,0.7322621941566467,3.185537099838257,0.47412109375,0.50927734375,-0.71826171875,0.0,0.2388916015625,0.9697265625
1844,758,0.5309900045394897,0.8685380220413208,3.3053393363952637,0.436279296875,0.61181640625,-0.66015625,0.0,0.2449951171875,0.98828125
1845,759,-0.4085632264614105,0.2943478226661682,2.0843334197998047,0.55322265625,0.052642822265625,-0.8310546875,0.0,0.125732421875,0.66748046875
1846,760,-0.23374366760253906,0.0,2.181504487991333,0.55322265625,0.05426025390625,-0.8310546875,0.0,0.156494140625,0.646484375
1847,761,-0.41913095116615295,0.0,2.057931900024414,0.55322265625,0.05426025390625,-0.8310546875,0.0,0.1346435546875,0.6376953125
1848,759,-0.4085632264614105,0.2943478226661682,2.0843334197998047,0.55322265625,0.052642822265625,-0.8310546875,0.0,0.125732421875,0.66748046875
1849,762,-0.24184203147888184,0.2942611873149872,2.195178270339966,0.55322265625,0.052215576171875,-0.8310546875,0.0,0.1453857421875,0.67529296875
1850,760,-0.23374366760253906,0.0,2.181504487991333,0.55322265625,0.05426025390625,-0.8310546875,0.0,0.156494140625,0.646484375
1851,763,-0.3042553663253784,0.6668314933776855,2.1762475967407227,0.5537109375,0.050567626953125,-0.8310546875,0.0,0.1251220703125,0.70947265625
1852,762,-0.24184203147888184,0.2942611873149872,2.195178270339966,0.55322265625,0.052215576171875,-0.8310546875,0.0,0.1453857421875,0.67529296875
1853,759,-0.4085632264614105,0.2943478226661682,2.0843334197998047,0.55322265625,0.052642822265625,-0.8310546875,0.0,0.125732421875,0.66748046875
1854,763,-0.3042553663253784,0.6668314933776855,2.1762475967407227,0.5537109375,0.050567626953125,-0.8310546875,0.0,0.1251220703125,0.70947265625
1855,764,-0.18243408203125,0.6254528164863586,2.254995107650757,0.5537109375,0.05059814453125,-0.8310546875,0.0,0.1409912109375,0.7109375
1856,762,-0.24184203147888184,0.2942611873149872,2.195178270339966,0.55322265625,0.052215576171875,-0.8310546875,0.0,0.1453857421875,0.67529296875
1857,765,0.15013670921325684,1.291236400604248,2.5175023078918457,0.55419921875,0.050689697265625,-0.83056640625,0.0,0.1571044921875,0.7919921875
1858,764,-0.18243408203125,0.6254528164863586,2.254995107650757,0.5537109375,0.05059814453125,-0.8310546875,0.0,0.1409912109375,0.7109375
1859,763,-0.3042553663253784,0.6668314933776855,2.1762475967407227,0.5537109375,0.050567626953125,-0.8310546875,0.0,0.1251220703125,0.70947265625
1860,766,0.7180138826370239,0.17378780245780945,3.3604979515075684,0.75732421875,0.286865234375,-0.5869140625,0.0,0.1251220703125,0.9287109375
1861,767,0.8652777075767517,4.440891999238953e-18,3.4754137992858887,0.76416015625,0.255615234375,-0.59228515625,0.0,0.1429443359375,0.912109375
1862,768,0.7512321472167969,0.0,3.3283302783966064,0.76416015625,0.255615234375,-0.59228515625,0.0,0.125244140625,0.91162109375
1863,766,0.7180138826370239,0.17378780245780945,3.3604979515075684,0.75732421875,0.286865234375,-0.5869140625,0.0,0.1251220703125,0.9287109375
1864,769,0.8309655785560608,0.17217712104320526,3.5054712295532227,0.75732421875,0.287109375,-0.5869140625,0.0,0.143310546875,0.92919921875
1865,767,0.8652777075767517,4.440891999238953e-18,3.4754137992858887,0.76416015625,0.255615234375,-0.59228515625,0.0,0.1429443359375,0.912109375
1866,770,0.6965795755386353,0.2683526873588562,3.3903441429138184,0.63916015625,0.591796875,-0.4912109375,0.0,0.12548828125,0.939453125
1867,769,0.8309655785560608,0.17217712104320526,3.5054712295532227,0.75732421875,0.287109375,-0.5869140625,0.0,0.143310546875,0.92919921875
1868,766,0.7180138826370239,0.17378780245780945,3.3604979515075684,0.75732421875,0.286865234375,-0.5869140625,0.0,0.1251220703125,0.9287109375
1869,770,0.6965795755386353,0.2683526873588562,3.3903441429138184,0.63916015625,0.591796875,-0.4912109375,0.0,0.12548828125,0.939453125
1870,771,0.7978014945983887,0.26691141724586487,3.520258665084839,0.63916015625,0.591796875,-0.4912109375,0.0,0.142822265625,0.939453125
1871,769,0.8309655785560608,0.17217712104320526,3.5054712295532227,0.75732421875,0.287109375,-0.5869140625,0.0,0.143310546875,0.92919921875
1872,772,0.6125426888465881,0.36571359634399414,3.466630697250366,0.42919921875,0.8427734375,-0.324951171875,0.0,0.1258544921875,0.9560546875
1873,771,0.7978014945983887,0.26691141724586487,3.520258665084839,0.63916015625,0.591796875,-0.4912109375,0.0,0.142822265625,0.939453125
1874,770,0.6965795755386353,0.2683526873588562,3.3903441429138184,0.63916015625,0.591796875,-0.4912109375,0.0,0.12548828125,0.939453125
1875,772,0.6125426888465881,0.36571359634399414,3.466630697250366,0.42919921875,0.8427734375,-0.324951171875,0.0,0.1258544921875,0.9560546875
1876,773,0.704327404499054,0.3644040524959564,3.5844359397888184,0.42919921875,0.8427734375,-0.324951171875,0.0,0.1424560546875,0.9560546875
1877,771,0.7978014945983887,0.26691141724586487,3.520258665084839,0.63916015625,0.591796875,-0.4912109375,0.0,0.142822265625,0.939453125
1878,774,0.5090856552124023,0.4249761402606964,3.570080518722534,0.272705078125,0.9404296875,-0.2020263671875,0.0,0.1275634765625,0.97412109375
1879,773,0.704327404499054,0.3644040524959564,3.5844359397888184,0.42919921875,0.8427734375,-0.324951171875,0.0,0.1424560546875,0.9560546875
1880,772,0.6125426888465881,0.36571359634399414,3.466630697250366,0.42919921875,0.8427734375,-0.324951171875,0.0,0.1258544921875,0.9560546875
1881,774,0.5090856552124023,0.4249761402606964,3.570080518722534,0.272705078125,0.9404296875,-0.2020263671875,0.0,0.1275634765625,0.97412109375
1882,775,0.5793591141700745,0.4239751100540161,3.6602783203125,0.272705078125,0.9404296875,-0.2020263671875,0.0,0.1407470703125,0.97412109375
1883,773,0.704327404499054,0.3644040524959564,3.5844359397888184,0.42919921875,0.8427734375,-0.324951171875,0.0,0.1424560546875,0.9560546875
1884,775,0.5793591141700745,0.4239751100540161,3.6602783203125,0.272705078125,0.9404296875,-0.2020263671875,0.0,0.1407470703125,0.97412109375
1885,774,0.5090856552124023,0.4249761402606964,3.570080518722534,0.272705078125,0.9404296875,-0.2020263671875,0.0,0.1275634765625,0.97412109375
1886,776,0.42268186807632446,0.45777225494384766,3.7102415561676025,0.171630859375,0.9775390625,-0.12286376953125,0.0,0.1341552734375,0.9921875
1887,777,0.9351965188980103,0.29733291268348694,3.6585278511047363,0.7373046875,0.361328125,-0.57080078125,0.0,0.83056640625,0.75439453125
1888,778,1.1339433193206787,0.0,3.7336385250091553,0.74072265625,0.350341796875,-0.5732421875,0.0,0.84912109375,0.72265625
1889,779,1.0199280977249146,0.0,3.5863091945648193,0.74072265625,0.350341796875,-0.5732421875,0.0,0.83056640625,0.72216796875
1890,777,0.9351965188980103,0.29733291268348694,3.6585278511047363,0.7373046875,0.361328125,-0.57080078125,0.0,0.83056640625,0.75439453125
1891,780,1.048150658607483,0.29572227597236633,3.8035008907318115,0.7373046875,0.361328125,-0.57080078125,0.0,0.849609375,0.75439453125
1892,778,1.1339433193206787,0.0,3.7336385250091553,0.74072265625,0.350341796875,-0.5732421875,0.0,0.84912109375,0.72265625
1893,781,0.8766149878501892,0.5002247095108032,3.718522787094116,0.69677734375,0.474365234375,-0.53759765625,0.0,0.8310546875,0.77734375
1894,780,1.048150658607483,0.29572227597236633,3.8035008907318115,0.7373046875,0.361328125,-0.57080078125,0.0,0.849609375,0.75439453125
1895,777,0.9351965188980103,0.29733291268348694,3.6585278511047363,0.7373046875,0.361328125,-0.57080078125,0.0,0.83056640625,0.75439453125
1896,781,0.8766149878501892,0.5002247095108032,3.718522787094116,0.69677734375,0.474365234375,-0.53759765625,0.0,0.8310546875,0.77734375
1897,782,0.9778356552124023,0.49878713488578796,3.848439931869507,0.69677734375,0.474365234375,-0.53759765625,0.0,0.8486328125,0.77734375
1898,780,1.048150658607483,0.29572227597236633,3.8035008907318115,0.7373046875,0.361328125,-0.57080078125,0.0,0.849609375,0.75439453125
1899,783,0.7534692287445068,0.7474502921104431,3.8269336223602295,0.63330078125,0.6015625,-0.48681640625,0.0,0.83203125,0.8095703125
1900,782,0.9778356552124023,0.49878713488578796,3.848439931869507,0.69677734375,0.474365234375,-0.53759765625,0.0,0.8486328125,0.77734375
1901,781,0.8766149878501892,0.5002247095108032,3.718522787094116,0.69677734375,0.474365234375,-0.53759765625,0.0,0.8310546875,0.77734375
1902,783,0.7534692287445068,0.7474502921104431,3.8269336223602295,0.63330078125,0.6015625,-0.48681640625,0.0,0.83203125,0.8095703125
1903,784,0.845259964466095,0.7461445331573486,3.9447436332702637,0.63330078125,0.6015625,-0.48681640625,0.0,0.84814453125,0.8095703125
1904,782,0.9778356552124023,0.49878713488578796,3.848439931869507,0.69677734375,0.474365234375,-0.53759765625,0.0,0.8486328125,0.77734375
1905,785,0.6370691061019897,0.935932993888855,3.9661521911621094,0.56494140625,0.70263671875,-0.432373046875,0.0,0.8359375,0.83740234375
1906,784,0.845259964466095,0.7461445331573486,3.9447436332702637,0.63330078125,0.6015625,-0.48681640625,0.0,0.84814453125,0.8095703125
1907,783,0.7534692287445068,0.7474502921104431,3.8269336223602295,0.63330078125,0.6015625,-0.48681640625,0.0,0.83203125,0.8095703125
1908,785,0.6370691061019897,0.935932993888855,3.9661521911621094,0.56494140625,0.70263671875,-0.432373046875,0.0,0.8359375,0.83740234375
1909,786,0.6838330030441284,0.9352704286575317,4.026179313659668,0.56494140625,0.70263671875,-0.432373046875,0.0,0.84423828125,0.83740234375
1910,784,0.845259964466095,0.7461445331573486,3.9447436332702637,0.63330078125,0.6015625,-0.48681640625,0.0,0.84814453125,0.8095703125
1911,786,0.6838330030441284,0.9352704286575317,4.026179313659668,0.56494140625,0.70263671875,-0.432373046875,0.0,0.84423828125,0.83740234375
1912,785,0.6370691061019897,0.935932993888855,3.9661521911621094,0.56494140625,0.70263671875,-0.432373046875,0.0,0.8359375,0.83740234375
1913,787,0.524249255657196,1.0777782201766968,4.103857517242432,0.50390625,0.7734375,-0.384033203125,0.0,0.83984375,0.86181640625
1914,788,-0.06175170838832855,0.3099115788936615,2.752683162689209,0.55859375,0.051849365234375,-0.82763671875,0.0,0.0628662109375,0.529296875
1915,789,0.013603688217699528,0.0,2.7835237979888916,0.5576171875,0.05316162109375,-0.828125,0.0,0.07537841796875,0.498046875
1916,790,-0.06001009792089462,0.0,2.7336692810058594,0.5576171875,0.05316162109375,-0.828125,0.0,0.06610107421875,0.496826171875
1917,788,-0.06175170838832855,0.3099115788936615,2.752683162689209,0.55859375,0.051849365234375,-0.82763671875,0.0,0.0628662109375,0.529296875
1918,791,0.004467773251235485,0.3095442056655884,2.796945810317993,0.55908203125,0.0517578125,-0.82763671875,0.0,0.0711669921875,0.5302734375
1919,789,0.013603688217699528,0.0,2.7835237979888916,0.5576171875,0.05316162109375,-0.828125,0.0,0.07537841796875,0.498046875
1920,788,-0.06175170838832855,0.3099115788936615,2.752683162689209,0.55859375,0.051849365234375,-0.82763671875,0.0,0.0628662109375,0.529296875
1921,792,0.020317383110523224,0.6932815313339233,2.8316845893859863,0.5615234375,0.049835205078125,-0.826171875,0.0,0.0693359375,0.57080078125
1922,791,0.004467773251235485,0.3095442056655884,2.796945810317993,0.55908203125,0.0517578125,-0.82763671875,0.0,0.0711669921875,0.5302734375
1923,788,-0.06175170838832855,0.3099115788936615,2.752683162689209,0.55859375,0.051849365234375,-0.82763671875,0.0,0.0628662109375,0.529296875
1924,793,-0.028990477323532104,0.7407673001289368,2.800661563873291,0.56298828125,0.049102783203125,-0.8251953125,0.0,0.0626220703125,0.57470703125
1925,792,0.020317383110523224,0.6932815313339233,2.8316845893859863,0.5615234375,0.049835205078125,-0.826171875,0.0,0.0693359375,0.57080078125
1926,794,0.13616332411766052,1.4607576131820679,2.9560813903808594,0.56494140625,0.04827880859375,-0.82373046875,0.0,0.07611083984375,0.65283203125
1927,792,0.020317383110523224,0.6932815313339233,2.8316845893859863,0.5615234375,0.049835205078125,-0.826171875,0.0,0.0693359375,0.57080078125
1928,793,-0.028990477323532104,0.7407673001289368,2.800661563873291,0.56298828125,0.049102783203125,-0.8251953125,0.0,0.0626220703125,0.57470703125
1929,795,-3.4283015727996826,0.0,-0.5050999522209167,-0.95263671875,0.125732421875,-0.27685546875,0.0,0.2393798828125,0.5263671875
1930,796,-3.4283037185668945,0.0,-0.5050926208496094,-0.96875,0.1573486328125,-0.1923828125,0.0,0.2393798828125,0.5263671875
1931,797,-3.419214963912964,0.024701308459043503,-0.5306372046470642,-0.95751953125,0.2030029296875,-0.2059326171875,0.0,0.2413330078125,0.52978515625
1932,798,-3.4368462562561035,0.06498616933822632,-0.408935546875,-0.95751953125,0.202880859375,-0.205810546875,0.0,0.227783203125,0.5302734375
1933,797,-3.419214963912964,0.024701308459043503,-0.5306372046470642,-0.95751953125,0.2030029296875,-0.2059326171875,0.0,0.2413330078125,0.52978515625
1934,796,-3.4283037185668945,0.0,-0.5050926208496094,-0.96875,0.1573486328125,-0.1923828125,0.0,0.2393798828125,0.5263671875
1935,798,-3.4368462562561035,0.06498616933822632,-0.408935546875,-0.95751953125,0.202880859375,-0.205810546875,0.0,0.227783203125,0.5302734375
1936,796,-3.4283037185668945,0.0,-0.5050926208496094,-0.96875,0.1573486328125,-0.1923828125,0.0,0.2393798828125,0.5263671875
1937,799,-3.4449586868286133,0.0,-0.42125850915908813,-0.96875,0.1573486328125,-0.1923828125,0.0,0.2308349609375,0.52392578125
1938,797,-3.419214963912964,0.024701308459043503,-0.5306372046470642,-0.95751953125,0.2030029296875,-0.2059326171875,0.0,0.2413330078125,0.52978515625
1939,798,-3.4368462562561035,0.06498616933822632,-0.408935546875,-0.95751953125,0.202880859375,-0.205810546875,0.0,0.227783203125,0.5302734375
1940,800,-3.388234853744507,0.25889214873313904,-0.43919432163238525,-0.9443359375,0.24658203125,-0.2183837890625,0.0,0.2257080078125,0.55126953125
1941,797,-3.419214963912964,0.024701308459043503,-0.5306372046470642,-0.95751953125,0.2030029296875,-0.2059326171875,0.0,0.2413330078125,0.52978515625
1942,800,-3.388234853744507,0.25889214873313904,-0.43919432163238525,-0.9443359375,0.24658203125,-0.2183837890625,0.0,0.2257080078125,0.55126953125
1943,801,-3.362818479537964,0.20081962645053864,-0.6146532893180847,-0.9443359375,0.2467041015625,-0.2183837890625,0.0,0.2452392578125,0.55078125
1944,800,-3.388234853744507,0.25889214873313904,-0.43919432163238525,-0.9443359375,0.24658203125,-0.2183837890625,0.0,0.2257080078125,0.55126953125
1945,802,-3.243713855743408,0.5435898303985596,-0.7137255668640137,-0.92236328125,0.30615234375,-0.2349853515625,0.0,0.24658203125,0.59033203125
1946,801,-3.362818479537964,0.20081962645053864,-0.6146532893180847,-0.9443359375,0.2467041015625,-0.2183837890625,0.0,0.2452392578125,0.55078125
1947,800,-3.388234853744507,0.25889214873313904,-0.43919432163238525,-0.9443359375,0.24658203125,-0.2183837890625,0.0,0.2257080078125,0.55126953125
1948,803,-3.2709288597106934,0.6057587265968323,-0.5258960127830505,-0.92236328125,0.30615234375,-0.2349853515625,0.0,0.2257080078125,0.5908203125
1949,802,-3.243713855743408,0.5435898303985596,-0.7137255668640137,-0.92236328125,0.30615234375,-0.2349853515625,0.0,0.24658203125,0.59033203125
1950,802,-3.243713855743408,0.5435898303985596,-0.7137255668640137,-0.92236328125,0.30615234375,-0.2349853515625,0.0,0.24658203125,0.59033203125
1951,803,-3.2709288597106934,0.6057587265968323,-0.5258960127830505,-0.92236328125,0.30615234375,-0.2349853515625,0.0,0.2257080078125,0.5908203125
1952,804,-3.1025211811065674,0.9605635404586792,-0.6414111256599426,-0.8837890625,0.390869140625,-0.25732421875,0.0,0.22900390625,0.6337890625
1953,802,-3.243713855743408,0.5435898303985596,-0.7137255668640137,-0.92236328125,0.30615234375,-0.2349853515625,0.0,0.24658203125,0.59033203125
1954,804,-3.1025211811065674,0.9605635404586792,-0.6414111256599426,-0.8837890625,0.390869140625,-0.25732421875,0.0,0.22900390625,0.6337890625
1955,805,-3.0796923637390137,0.9084100127220154,-0.7989880442619324,-0.88330078125,0.39208984375,-0.2578125,0.0,0.24658203125,0.63330078125
1956,805,-3.0796923637390137,0.9084100127220154,-0.7989880442619324,-0.88330078125,0.39208984375,-0.2578125,0.0,0.24658203125,0.63330078125
1957,804,-3.1025211811065674,0.9605635404586792,-0.6414111256599426,-0.8837890625,0.390869140625,-0.25732421875,0.0,0.22900390625,0.6337890625
1958,806,-2.9405858516693115,1.2041563987731934,-0.7256298661231995,-0.837890625,0.469970703125,-0.27685546875,0.0,0.2325439453125,0.66552734375
1959,805,-3.0796923637390137,0.9084100127220154,-0.7989880442619324,-0.88330078125,0.39208984375,-0.2578125,0.0,0.24658203125,0.63330078125
1960,806,-2.9405858516693115,1.2041563987731934,-0.7256298661231995,-0.837890625,0.469970703125,-0.27685546875,0.0,0.2325439453125,0.66552734375
1961,807,-2.92264723777771,1.1631770133972168,-0.84944087266922,-0.837890625,0.469970703125,-0.277099609375,0.0,0.246337890625,0.6650390625
1962,806,-2.9405858516693115,1.2041563987731934,-0.7256298661231995,-0.837890625,0.469970703125,-0.27685546875,0.0,0.2325439453125,0.66552734375
1963,808,-2.8293046951293945,1.3213212490081787,-0.8495519757270813,-0.8173828125,0.50048828125,-0.2841796875,0.0,0.2430419921875,0.68408203125
1964,807,-2.92264723777771,1.1631770133972168,-0.84944087266922,-0.837890625,0.469970703125,-0.277099609375,0.0,0.246337890625,0.6650390625
1965,806,-2.9405858516693115,1.2041563987731934,-0.7256298661231995,-0.837890625,0.469970703125,-0.27685546875,0.0,0.2325439453125,0.66552734375
1966,809,-2.8376612663269043,1.3404200077056885,-0.791851818561554,-0.81787109375,0.50048828125,-0.2841796875,0.0,0.236572265625,0.68408203125
1967,808,-2.8293046951293945,1.3213212490081787,-0.8495519757270813,-0.8173828125,0.50048828125,-0.2841796875,0.0,0.2430419921875,0.68408203125
1968,810,-2.7656869888305664,1.4065073728561401,-0.8390820026397705,-0.7451171875,0.59375,-0.304443359375,0.0,0.240478515625,0.69482421875
1969,808,-2.8293046951293945,1.3213212490081787,-0.8495519757270813,-0.8173828125,0.50048828125,-0.2841796875,0.0,0.2430419921875,0.68408203125
1970,809,-2.8376612663269043,1.3404200077056885,-0.791851818561554,-0.81787109375,0.50048828125,-0.2841796875,0.0,0.236572265625,0.68408203125
1971,811,-1.522039771080017,0.2546321153640747,1.3260400295257568,-0.48046875,-0.05157470703125,0.87548828125,0.0,0.7080078125,0.677734375
1972,812,-1.6535992622375488,8.881783998477905e-18,1.2380683422088623,-0.4814453125,-0.053558349609375,0.875,0.0,0.72998046875,0.6552734375
1973,813,-1.511595606803894,0.0,1.3168996572494507,-0.4814453125,-0.053558349609375,0.875,0.0,0.71337890625,0.6513671875
1974,811,-1.522039771080017,0.2546321153640747,1.3260400295257568,-0.48046875,-0.05157470703125,0.87548828125,0.0,0.7080078125,0.677734375
1975,814,-1.6520202159881592,0.260599285364151,1.2555980682373047,-0.480224609375,-0.051239013671875,0.87548828125,0.0,0.72265625,0.681640625
1976,812,-1.6535992622375488,8.881783998477905e-18,1.2380683422088623,-0.4814453125,-0.053558349609375,0.875,0.0,0.72998046875,0.6552734375
1977,815,-1.6065783500671387,0.6544727683067322,1.3027465343475342,-0.480224609375,-0.050262451171875,0.87548828125,0.0,0.70703125,0.720703125
1978,814,-1.6520202159881592,0.260599285364151,1.2555980682373047,-0.480224609375,-0.051239013671875,0.87548828125,0.0,0.72265625,0.681640625
1979,811,-1.522039771080017,0.2546321153640747,1.3260400295257568,-0.48046875,-0.05157470703125,0.87548828125,0.0,0.7080078125,0.677734375
1980,815,-1.6065783500671387,0.6544727683067322,1.3027465343475342,-0.480224609375,-0.050262451171875,0.87548828125,0.0,0.70703125,0.720703125
1981,816,-1.7015001773834229,0.6141796112060547,1.2481787204742432,-0.480224609375,-0.05023193359375,0.87548828125,0.0,0.71923828125,0.71875
1982,814,-1.6520202159881592,0.260599285364151,1.2555980682373047,-0.480224609375,-0.051239013671875,0.87548828125,0.0,0.72265625,0.681640625
1983,817,-1.9674242734909058,1.3324012756347656,1.1438109874725342,-0.4814453125,-0.051055908203125,0.875,0.0,0.73193359375,0.79931640625
1984,816,-1.7015001773834229,0.6141796112060547,1.2481787204742432,-0.480224609375,-0.05023193359375,0.87548828125,0.0,0.71923828125,0.71875
1985,815,-1.6065783500671387,0.6544727683067322,1.3027465343475342,-0.480224609375,-0.050262451171875,0.87548828125,0.0,0.70703125,0.720703125
1986,818,-1.0072546005249023,0.6135417222976685,1.8651952743530273,0.5556640625,0.0521240234375,-0.82958984375,0.0,0.316650390625,0.07159423828125
1987,819,-0.8445335030555725,0.0,1.9357695579528809,0.556640625,0.05230712890625,-0.8291015625,0.0,0.344970703125,0.01084136962890625
1988,820,-1.006784439086914,0.0,1.8274555206298828,0.556640625,0.05230712890625,-0.8291015625,0.0,0.32470703125,0.007579803466796875
1989,818,-1.0072546005249023,0.6135417222976685,1.8651952743530273,0.5556640625,0.0521240234375,-0.82958984375,0.0,0.316650390625,0.07159423828125
1990,821,-0.8619555234909058,0.6141965389251709,1.9634984731674194,0.5556640625,0.052093505859375,-0.82958984375,0.0,0.334716796875,0.07464599609375
1991,819,-0.8445335030555725,0.0,1.9357695579528809,0.556640625,0.05230712890625,-0.8291015625,0.0,0.344970703125,0.01084136962890625
1992,822,-0.948962390422821,1.3047890663146973,1.948513150215149,0.552734375,0.052581787109375,-0.83154296875,0.0,0.314697265625,0.1448974609375
1993,821,-0.8619555234909058,0.6141965389251709,1.9634984731674194,0.5556640625,0.052093505859375,-0.82958984375,0.0,0.334716796875,0.07464599609375
1994,818,-1.0072546005249023,0.6135417222976685,1.8651952743530273,0.5556640625,0.0521240234375,-0.82958984375,0.0,0.316650390625,0.07159423828125
1995,822,-0.948962390422821,1.3047890663146973,1.948513150215149,0.552734375,0.052581787109375,-0.83154296875,0.0,0.314697265625,0.1448974609375
1996,823,-0.82183837890625,1.3049160242080688,2.0323119163513184,0.55224609375,0.05279541015625,-0.83203125,0.0,0.33056640625,0.1474609375
1997,821,-0.8619555234909058,0.6141965389251709,1.9634984731674194,0.5556640625,0.052093505859375,-0.82958984375,0.0,0.334716796875,0.07464599609375
1998,824,-0.5561474561691284,2.6912684440612793,2.2965526580810547,0.54931640625,0.0535888671875,-0.833984375,0.0,0.345458984375,0.297607421875
1999,823,-0.82183837890625,1.3049160242080688,2.0323119163513184,0.55224609375,0.05279541015625,-0.83203125,0.0,0.33056640625,0.1474609375
2000,822,-0.948962390422821,1.3047890663146973,1.948513150215149,0.552734375,0.052581787109375,-0.83154296875,0.0,0.314697265625,0.1448974609375
2001,825,-3.384479522705078,0.0,-0.34847357869148254,-0.5927734375,0.312255859375,-0.7421875,0.0,0.818359375,0.60791015625
2002,826,-3.3844845294952393,0.0,-0.34846967458724976,-0.66015625,0.39208984375,-0.640625,0.0,0.818359375,0.60791015625
2003,827,-3.3683812618255615,0.019957933574914932,-0.3531225621700287,-0.62255859375,0.428955078125,-0.65478515625,0.0,0.8203125,0.6103515625
2004,826,-3.3844845294952393,0.0,-0.34846967458724976,-0.66015625,0.39208984375,-0.640625,0.0,0.818359375,0.60791015625
2005,828,-3.384488821029663,0.0,-0.34846484661102295,-0.64208984375,0.360107421875,-0.6767578125,0.0,0.818359375,0.60791015625
2006,827,-3.3683812618255615,0.019957933574914932,-0.3531225621700287,-0.62255859375,0.428955078125,-0.65478515625,0.0,0.8203125,0.6103515625
2007,828,-3.384488821029663,0.0,-0.34846484661102295,-0.64208984375,0.360107421875,-0.6767578125,0.0,0.818359375,0.60791015625
2008,829,-3.477165460586548,0.017942003905773163,-0.25102537870407104,-0.62255859375,0.4287109375,-0.65478515625,0.0,0.8046875,0.61083984375
2009,827,-3.3683812618255615,0.019957933574914932,-0.3531225621700287,-0.62255859375,0.428955078125,-0.65478515625,0.0,0.8203125,0.6103515625
2010,828,-3.384488821029663,0.0,-0.34846484661102295,-0.64208984375,0.360107421875,-0.6767578125,0.0,0.818359375,0.60791015625
2011,830,-3.4721057415008545,0.0,-0.2653701603412628,-0.64208984375,0.360107421875,-0.6767578125,0.0,0.80615234375,0.6083984375
2012,829,-3.477165460586548,0.017942003905773163,-0.25102537870407104,-0.62255859375,0.4287109375,-0.65478515625,0.0,0.8046875,0.61083984375
2013,827,-3.3683812618255615,0.019957933574914932,-0.3531225621700287,-0.62255859375,0.428955078125,-0.65478515625,0.0,0.8203125,0.6103515625
2014,829,-3.477165460586548,0.017942003905773163,-0.25102537870407104,-0.62255859375,0.4287109375,-0.65478515625,0.0,0.8046875,0.61083984375
2015,831,-3.4478759765625,0.17648611962795258,-0.17409422993659973,-0.6025390625,0.4873046875,-0.63232421875,0.0,0.80224609375,0.62939453125
2016,827,-3.3683812618255615,0.019957933574914932,-0.3531225621700287,-0.62255859375,0.428955078125,-0.65478515625,0.0,0.8203125,0.6103515625
2017,831,-3.4478759765625,0.17648611962795258,-0.17409422993659973,-0.6025390625,0.4873046875,-0.63232421875,0.0,0.80224609375,0.62939453125
2018,832,-3.291048526763916,0.17939311265945435,-0.3212817311286926,-0.6025390625,0.487548828125,-0.63232421875,0.0,0.82470703125,0.62841796875
2019,831,-3.4478759765625,0.17648611962795258,-0.17409422993659973,-0.6025390625,0.4873046875,-0.63232421875,0.0,0.80224609375,0.62939453125
2020,833,-3.1760897636413574,0.465676486492157,-0.1976977437734604,-0.5693359375,0.56689453125,-0.595703125,0.0,0.826171875,0.66357421875
2021,832,-3.291048526763916,0.17939311265945435,-0.3212817311286926,-0.6025390625,0.487548828125,-0.63232421875,0.0,0.82470703125,0.62841796875
2022,831,-3.4478759765625,0.17648611962795258,-0.17409422993659973,-0.6025390625,0.4873046875,-0.63232421875,0.0,0.80224609375,0.62939453125
2023,834,-3.343973398208618,0.46256276965141296,-0.04013427719473839,-0.5693359375,0.56640625,-0.595703125,0.0,0.80224609375,0.6640625
2024,833,-3.1760897636413574,0.465676486492157,-0.1976977437734604,-0.5693359375,0.56689453125,-0.595703125,0.0,0.826171875,0.66357421875
2025,833,-3.1760897636413574,0.465676486492157,-0.1976977437734604,-0.5693359375,0.56689453125,-0.595703125,0.0,0.826171875,0.66357421875
2026,834,-3.343973398208618,0.46256276965141296,-0.04013427719473839,-0.5693359375,0.56640625,-0.595703125,0.0,0.80224609375,0.6640625
2027,835,-3.172898769378662,0.7507807612419128,0.11221923679113388,-0.51416015625,0.6708984375,-0.53466796875,0.0,0.8056640625,0.70263671875
2028,833,-3.1760897636413574,0.465676486492157,-0.1976977437734604,-0.5693359375,0.56689453125,-0.595703125,0.0,0.826171875,0.66357421875
2029,835,-3.172898769378662,0.7507807612419128,0.11221923679113388,-0.51416015625,0.6708984375,-0.53466796875,0.0,0.8056640625,0.70263671875
2030,836,-3.0320565700531006,0.7533929944038391,-0.019968261942267418,-0.51318359375,0.67236328125,-0.533203125,0.0,0.826171875,0.7021484375
2031,836,-3.0320565700531006,0.7533929944038391,-0.019968261942267418,-0.51318359375,0.67236328125,-0.533203125,0.0,0.826171875,0.7021484375
2032,835,-3.172898769378662,0.7507807612419128,0.11221923679113388,-0.51416015625,0.6708984375,-0.53466796875,0.0,0.8056640625,0.70263671875
2033,837,-3.007786989212036,0.9375378489494324,0.2489672750234604,-0.4541015625,0.7578125,-0.46875,0.0,0.81005859375,0.732421875
2034,836,-3.0320565700531006,0.7533929944038391,-0.019968261942267418,-0.51318359375,0.67236328125,-0.533203125,0.0,0.826171875,0.7021484375
2035,837,-3.007786989212036,0.9375378489494324,0.2489672750234604,-0.4541015625,0.7578125,-0.46875,0.0,0.81005859375,0.732421875
2036,838,-2.8971235752105713,0.9395875930786133,0.14510497450828552,-0.453857421875,0.7578125,-0.46875,0.0,0.82568359375,0.73193359375
2037,837,-3.007786989212036,0.9375378489494324,0.2489672750234604,-0.4541015625,0.7578125,-0.46875,0.0,0.81005859375,0.732421875
2038,839,-2.8388586044311523,1.0459240674972534,0.2706249952316284,-0.42919921875,0.78759765625,-0.44189453125,0.0,0.822265625,0.74951171875
2039,838,-2.8971235752105713,0.9395875930786133,0.14510497450828552,-0.453857421875,0.7578125,-0.46875,0.0,0.82568359375,0.73193359375
2040,837,-3.007786989212036,0.9375378489494324,0.2489672750234604,-0.4541015625,0.7578125,-0.46875,0.0,0.81005859375,0.732421875
2041,840,-2.8904330730438232,1.0449687242507935,0.31903076171875,-0.4296875,0.787109375,-0.442138671875,0.0,0.814453125,0.75
2042,839,-2.8388586044311523,1.0459240674972534,0.2706249952316284,-0.42919921875,0.78759765625,-0.44189453125,0.0,0.822265625,0.74951171875
2043,841,-2.802000045776367,1.0960243940353394,0.3575536906719208,-0.34765625,0.86865234375,-0.353271484375,0.0,0.81884765625,0.76025390625
2044,839,-2.8388586044311523,1.0459240674972534,0.2706249952316284,-0.42919921875,0.78759765625,-0.44189453125,0.0,0.822265625,0.74951171875
2045,840,-2.8904330730438232,1.0449687242507935,0.31903076171875,-0.4296875,0.787109375,-0.442138671875,0.0,0.814453125,0.75
2046,842,-3.700085401535034,0.0,-0.5734832882881165,-0.89501953125,0.094482421875,0.43603515625,0.0,0.82861328125,0.415771484375
2047,843,-3.7000815868377686,0.0,-0.57347571849823,-0.9033203125,0.10400390625,0.41650390625,0.0,0.82861328125,0.415771484375
2048,844,-3.7115697860717773,0.030457744374871254,-0.6036596298217773,-0.90087890625,0.1322021484375,0.413330078125,0.0,0.8310546875,0.419921875
2049,843,-3.7000815868377686,0.0,-0.57347571849823,-0.9033203125,0.10400390625,0.41650390625,0.0,0.82861328125,0.415771484375
2050,845,-3.7000768184661865,0.0,-0.5734650492668152,-0.89892578125,0.08612060546875,0.42919921875,0.0,0.82861328125,0.415771484375
2051,844,-3.7115697860717773,0.030457744374871254,-0.6036596298217773,-0.90087890625,0.1322021484375,0.413330078125,0.0,0.8310546875,0.419921875
2052,845,-3.7000768184661865,0.0,-0.5734650492668152,-0.89892578125,0.08612060546875,0.42919921875,0.0,0.82861328125,0.415771484375
2053,846,-3.649299144744873,0.07428319752216339,-0.48198485374450684,-0.90087890625,0.132080078125,0.41357421875,0.0,0.81591796875,0.420166015625
2054,844,-3.7115697860717773,0.030457744374871254,-0.6036596298217773,-0.90087890625,0.1322021484375,0.413330078125,0.0,0.8310546875,0.419921875
2055,845,-3.7000768184661865,0.0,-0.5734650492668152,-0.89892578125,0.08612060546875,0.42919921875,0.0,0.82861328125,0.415771484375
2056,847,-3.6605279445648193,0.0,-0.49060049653053284,-0.89892578125,0.08612060546875,0.42919921875,0.0,0.8193359375,0.4130859375
2057,846,-3.649299144744873,0.07428319752216339,-0.48198485374450684,-0.90087890625,0.132080078125,0.41357421875,0.0,0.81591796875,0.420166015625
2058,848,-3.639312744140625,0.29251936078071594,-0.5326293706893921,-0.900390625,0.1767578125,0.397216796875,0.0,0.8134765625,0.443603515625
2059,844,-3.7115697860717773,0.030457744374871254,-0.6036596298217773,-0.90087890625,0.1322021484375,0.413330078125,0.0,0.8310546875,0.419921875
2060,846,-3.649299144744873,0.07428319752216339,-0.48198485374450684,-0.90087890625,0.132080078125,0.41357421875,0.0,0.81591796875,0.420166015625
2061,848,-3.639312744140625,0.29251936078071594,-0.5326293706893921,-0.900390625,0.1767578125,0.397216796875,0.0,0.8134765625,0.443603515625
2062,849,-3.7290844917297363,0.22934091091156006,-0.7080395221710205,-0.900390625,0.1767578125,0.397216796875,0.0,0.83544921875,0.443115234375
2063,844,-3.7115697860717773,0.030457744374871254,-0.6036596298217773,-0.90087890625,0.1322021484375,0.413330078125,0.0,0.8310546875,0.419921875
2064,848,-3.639312744140625,0.29251936078071594,-0.5326293706893921,-0.900390625,0.1767578125,0.397216796875,0.0,0.8134765625,0.443603515625
2065,850,-3.7121970653533936,0.6175189018249512,-0.860034167766571,-0.89697265625,0.2376708984375,0.373291015625,0.0,0.8369140625,0.48681640625
2066,849,-3.7290844917297363,0.22934091091156006,-0.7080395221710205,-0.900390625,0.1767578125,0.397216796875,0.0,0.83544921875,0.443115234375
2067,848,-3.639312744140625,0.29251936078071594,-0.5326293706893921,-0.900390625,0.1767578125,0.397216796875,0.0,0.8134765625,0.443603515625
2068,851,-3.6161022186279297,0.6851527094841003,-0.6722631454467773,-0.89697265625,0.237548828125,0.373291015625,0.0,0.8134765625,0.487548828125
2069,850,-3.7121970653533936,0.6175189018249512,-0.860034167766571,-0.89697265625,0.2376708984375,0.373291015625,0.0,0.8369140625,0.48681640625
2070,852,-3.5671825408935547,1.0905016660690308,-0.8709582090377808,-0.88427734375,0.32470703125,0.33544921875,0.0,0.81689453125,0.53515625
2071,850,-3.7121970653533936,0.6175189018249512,-0.860034167766571,-0.89697265625,0.2376708984375,0.373291015625,0.0,0.8369140625,0.48681640625
2072,851,-3.6161022186279297,0.6851527094841003,-0.6722631454467773,-0.89697265625,0.237548828125,0.373291015625,0.0,0.8134765625,0.487548828125
2073,852,-3.5671825408935547,1.0905016660690308,-0.8709582090377808,-0.88427734375,0.32470703125,0.33544921875,0.0,0.81689453125,0.53515625
2074,853,-3.6478025913238525,1.033760666847229,-1.0284862518310547,-0.8837890625,0.326171875,0.3349609375,0.0,0.83642578125,0.53466796875
2075,850,-3.7121970653533936,0.6175189018249512,-0.860034167766571,-0.89697265625,0.2376708984375,0.373291015625,0.0,0.8369140625,0.48681640625
2076,853,-3.6478025913238525,1.033760666847229,-1.0284862518310547,-0.8837890625,0.326171875,0.3349609375,0.0,0.83642578125,0.53466796875
2077,852,-3.5671825408935547,1.0905016660690308,-0.8709582090377808,-0.88427734375,0.32470703125,0.33544921875,0.0,0.81689453125,0.53515625
2078,854,-3.4957737922668457,1.372475266456604,-1.042352318763733,-0.8642578125,0.406982421875,0.295654296875,0.0,0.82080078125,0.5703125
2079,853,-3.6478025913238525,1.033760666847229,-1.0284862518310547,-0.8837890625,0.326171875,0.3349609375,0.0,0.83642578125,0.53466796875
2080,854,-3.4957737922668457,1.372475266456604,-1.042352318763733,-0.8642578125,0.406982421875,0.295654296875,0.0,0.82080078125,0.5703125
2081,855,-3.559119701385498,1.3278908729553223,-1.166133999824524,-0.8642578125,0.406982421875,0.295654296875,0.0,0.83642578125,0.56982421875
2082,854,-3.4957737922668457,1.372475266456604,-1.042352318763733,-0.8642578125,0.406982421875,0.295654296875,0.0,0.82080078125,0.5703125
2083,856,-3.487062931060791,1.510311245918274,-1.2210851907730103,-0.85400390625,0.43896484375,0.279052734375,0.0,0.83251953125,0.5908203125
2084,855,-3.559119701385498,1.3278908729553223,-1.166133999824524,-0.8642578125,0.406982421875,0.295654296875,0.0,0.83642578125,0.56982421875
2085,854,-3.4957737922668457,1.372475266456604,-1.042352318763733,-0.8642578125,0.406982421875,0.295654296875,0.0,0.82080078125,0.5703125
2086,857,-3.4575438499450684,1.531090497970581,-1.163394808769226,-0.85400390625,0.4384765625,0.279052734375,0.0,0.82568359375,0.59130859375
2087,856,-3.487062931060791,1.510311245918274,-1.2210851907730103,-0.85400390625,0.43896484375,0.279052734375,0.0,0.83251953125,0.5908203125
2088,858,-3.429450511932373,1.60969877243042,-1.2501269578933716,-0.8134765625,0.53662109375,0.2230224609375,0.0,0.82958984375,0.60302734375
2089,856,-3.487062931060791,1.510311245918274,-1.2210851907730103,-0.85400390625,0.43896484375,0.279052734375,0.0,0.83251953125,0.5908203125
2090,857,-3.4575438499450684,1.531090497970581,-1.163394808769226,-0.85400390625,0.4384765625,0.279052734375,0.0,0.82568359375,0.59130859375
2091,859,-1.6502013206481934,0.4137263894081116,1.56887686252594,0.5498046875,0.052337646484375,-0.83349609375,0.0,0.7685546875,0.05548095703125
2092,860,-1.4911253452301025,0.0,1.6481642723083496,0.55078125,0.052093505859375,-0.8330078125,0.0,0.79541015625,0.0166778564453125
2093,861,-1.6535309553146362,0.0,1.540977954864502,0.55078125,0.052093505859375,-0.8330078125,0.0,0.775390625,0.01250457763671875
2094,859,-1.6502013206481934,0.4137263894081116,1.56887686252594,0.5498046875,0.052337646484375,-0.83349609375,0.0,0.7685546875,0.05548095703125
2095,862,-1.503334879875183,0.41447120904922485,1.6661717891693115,0.5498046875,0.052398681640625,-0.83349609375,0.0,0.78662109375,0.059326171875
2096,860,-1.4911253452301025,0.0,1.6481642723083496,0.55078125,0.052093505859375,-0.8330078125,0.0,0.79541015625,0.0166778564453125
2097,859,-1.6502013206481934,0.4137263894081116,1.56887686252594,0.5498046875,0.052337646484375,-0.83349609375,0.0,0.7685546875,0.05548095703125
2098,863,-1.4579747915267944,0.9491251111030579,1.7292113304138184,0.54833984375,0.05364990234375,-0.83447265625,0.0,0.78271484375,0.11590576171875
2099,862,-1.503334879875183,0.41447120904922485,1.6661717891693115,0.5498046875,0.052398681640625,-0.83349609375,0.0,0.78662109375,0.059326171875
2100,859,-1.6502013206481934,0.4137263894081116,1.56887686252594,0.5498046875,0.052337646484375,-0.83349609375,0.0,0.7685546875,0.05548095703125
2101,864,-1.567104458808899,1.0167793035507202,1.6621874570846558,0.5478515625,0.053985595703125,-0.83447265625,0.0,0.76806640625,0.1201171875
2102,863,-1.4579747915267944,0.9491251111030579,1.7292113304138184,0.54833984375,0.05364990234375,-0.83447265625,0.0,0.78271484375,0.11590576171875
2103,865,-1.1825878620147705,2.021772623062134,1.9805272817611694,0.54736328125,0.055206298828125,-0.8349609375,0.0,0.79736328125,0.2342529296875
2104,863,-1.4579747915267944,0.9491251111030579,1.7292113304138184,0.54833984375,0.05364990234375,-0.83447265625,0.0,0.78271484375,0.11590576171875
2105,864,-1.567104458808899,1.0167793035507202,1.6621874570846558,0.5478515625,0.053985595703125,-0.83447265625,0.0,0.76806640625,0.1201171875
2106,866,-3.7419917583465576,0.0,-0.4369170665740967,0.97216796875,0.2340087890625,0.0,0.0,0.74853515625,0.3369140625
2107,867,-3.7419917583465576,0.0,-0.4369228184223175,0.96435546875,0.1697998046875,0.2037353515625,0.0,0.74853515625,0.3369140625
2108,868,-3.7530224323272705,0.04421355202794075,-0.4239135682582855,0.94970703125,0.2197265625,0.22265625,0.0,0.7509765625,0.341552734375
2109,867,-3.7419917583465576,0.0,-0.4369228184223175,0.96435546875,0.1697998046875,0.2037353515625,0.0,0.74853515625,0.3369140625
2110,869,-3.7419891357421875,0.0,-0.43693193793296814,0.9580078125,0.1712646484375,0.2301025390625,0.0,0.74853515625,0.3369140625
2111,868,-3.7530224323272705,0.04421355202794075,-0.4239135682582855,0.94970703125,0.2197265625,0.22265625,0.0,0.7509765625,0.341552734375
2112,869,-3.7419891357421875,0.0,-0.43693193793296814,0.9580078125,0.1712646484375,0.2301025390625,0.0,0.74853515625,0.3369140625
2113,870,-3.7217857837677,0.03108794055879116,-0.5442113876342773,0.94970703125,0.2196044921875,0.22265625,0.0,0.73779296875,0.341796875
2114,868,-3.7530224323272705,0.04421355202794075,-0.4239135682582855,0.94970703125,0.2197265625,0.22265625,0.0,0.7509765625,0.341552734375
2115,869,-3.7419891357421875,0.0,-0.43693193793296814,0.9580078125,0.1712646484375,0.2301025390625,0.0,0.74853515625,0.3369140625
2116,871,-3.7207677364349365,0.0,-0.5253003835678101,0.9580078125,0.1712646484375,0.2301025390625,0.0,0.7392578125,0.338134765625
2117,870,-3.7217857837677,0.03108794055879116,-0.5442113876342773,0.94970703125,0.2196044921875,0.22265625,0.0,0.73779296875,0.341796875
2118,872,-3.7594621181488037,0.24970696866512299,-0.6032153367996216,0.93994140625,0.264404296875,0.21533203125,0.0,0.73583984375,0.36572265625
2119,868,-3.7530224323272705,0.04421355202794075,-0.4239135682582855,0.94970703125,0.2197265625,0.22265625,0.0,0.7509765625,0.341552734375
2120,870,-3.7217857837677,0.03108794055879116,-0.5442113876342773,0.94970703125,0.2196044921875,0.22265625,0.0,0.73779296875,0.341796875
2121,872,-3.7594621181488037,0.24970696866512299,-0.6032153367996216,0.93994140625,0.264404296875,0.21533203125,0.0,0.73583984375,0.36572265625
2122,873,-3.804499387741089,0.26862627267837524,-0.4297851324081421,0.93994140625,0.264404296875,0.2152099609375,0.0,0.7548828125,0.365478515625
2123,868,-3.7530224323272705,0.04421355202794075,-0.4239135682582855,0.94970703125,0.2197265625,0.22265625,0.0,0.7509765625,0.341552734375
2124,872,-3.7594621181488037,0.24970696866512299,-0.6032153367996216,0.93994140625,0.264404296875,0.21533203125,0.0,0.73583984375,0.36572265625
2125,874,-3.9111595153808594,0.6772447824478149,-0.49934813380241394,0.9228515625,0.326904296875,0.2039794921875,0.0,0.755859375,0.410400390625
2126,873,-3.804499387741089,0.26862627267837524,-0.4297851324081421,0.93994140625,0.264404296875,0.2152099609375,0.0,0.7548828125,0.365478515625
2127,872,-3.7594621181488037,0.24970696866512299,-0.6032153367996216,0.93994140625,0.264404296875,0.21533203125,0.0,0.73583984375,0.36572265625
2128,875,-3.862955331802368,0.6569905877113342,-0.685009777545929,0.9228515625,0.32666015625,0.2039794921875,0.0,0.73583984375,0.41064453125
2129,874,-3.9111595153808594,0.6772447824478149,-0.49934813380241394,0.9228515625,0.326904296875,0.2039794921875,0.0,0.755859375,0.410400390625
2130,876,-4.0248003005981445,1.088289499282837,-0.7528747320175171,0.890625,0.41552734375,0.1859130859375,0.0,0.73876953125,0.45947265625
2131,874,-3.9111595153808594,0.6772447824478149,-0.49934813380241394,0.9228515625,0.326904296875,0.2039794921875,0.0,0.755859375,0.410400390625
2132,875,-3.862955331802368,0.6569905877113342,-0.685009777545929,0.9228515625,0.32666015625,0.2039794921875,0.0,0.73583984375,0.41064453125
2133,876,-4.0248003005981445,1.088289499282837,-0.7528747320175171,0.890625,0.41552734375,0.1859130859375,0.0,0.73876953125,0.45947265625
2134,877,-4.065241813659668,1.1052807569503784,-0.5971264243125916,0.89013671875,0.41650390625,0.1856689453125,0.0,0.755859375,0.459228515625
2135,874,-3.9111595153808594,0.6772447824478149,-0.49934813380241394,0.9228515625,0.326904296875,0.2039794921875,0.0,0.755859375,0.410400390625
2136,878,-4.188175678253174,1.3892124891281128,-0.8026086091995239,0.85107421875,0.497802734375,0.166748046875,0.0,0.7421875,0.49560546875
2137,877,-4.065241813659668,1.1052807569503784,-0.5971264243125916,0.89013671875,0.41650390625,0.1856689453125,0.0,0.755859375,0.459228515625
2138,876,-4.0248003005981445,1.088289499282837,-0.7528747320175171,0.890625,0.41552734375,0.1859130859375,0.0,0.73876953125,0.45947265625
2139,878,-4.188175678253174,1.3892124891281128,-0.8026086091995239,0.85107421875,0.497802734375,0.166748046875,0.0,0.7421875,0.49560546875
2140,879,-4.219955921173096,1.4025617837905884,-0.6802221536636353,0.85107421875,0.497802734375,0.166748046875,0.0,0.75537109375,0.495361328125
2141,877,-4.065241813659668,1.1052807569503784,-0.5971264243125916,0.89013671875,0.41650390625,0.1856689453125,0.0,0.755859375,0.459228515625
2142,878,-4.188175678253174,1.3892124891281128,-0.8026086091995239,0.85107421875,0.497802734375,0.166748046875,0.0,0.7421875,0.49560546875
2143,880,-4.309414386749268,1.5729748010635376,-0.7585729956626892,0.8330078125,0.5302734375,0.158447265625,0.0,0.75244140625,0.51708984375
2144,879,-4.219955921173096,1.4025617837905884,-0.6802221536636353,0.85107421875,0.497802734375,0.166748046875,0.0,0.75537109375,0.495361328125
2145,878,-4.188175678253174,1.3892124891281128,-0.8026086091995239,0.85107421875,0.497802734375,0.166748046875,0.0,0.7421875,0.49560546875
2146,881,-4.2946062088012695,1.5667507648468018,-0.8156079053878784,0.8330078125,0.52978515625,0.1585693359375,0.0,0.74609375,0.51708984375
2147,880,-4.309414386749268,1.5729748010635376,-0.7585729956626892,0.8330078125,0.5302734375,0.158447265625,0.0,0.75244140625,0.51708984375
2148,882,-4.371906757354736,1.6608390808105469,-0.8121777176856995,0.7685546875,0.62646484375,0.131103515625,0.0,0.75,0.529296875
2149,880,-4.309414386749268,1.5729748010635376,-0.7585729956626892,0.8330078125,0.5302734375,0.158447265625,0.0,0.75244140625,0.51708984375
2150,881,-4.2946062088012695,1.5667507648468018,-0.8156079053878784,0.8330078125,0.52978515625,0.1585693359375,0.0,0.74609375,0.51708984375
2151,883,-4.042257785797119,0.0,-0.7193540930747986,0.317138671875,0.461181640625,0.82861328125,0.0,0.220703125,0.84033203125
2152,884,-3.9209296703338623,0.0,-0.7657709121704102,0.317138671875,0.461181640625,0.82861328125,0.0,0.2071533203125,0.84228515625
2153,885,-3.9055211544036865,0.10105279088020325,-0.8279003500938416,0.3095703125,0.52587890625,0.7919921875,0.0,0.204833984375,0.8544921875
2154,886,-4.065635681152344,0.0017941760597750545,-0.7114086747169495,0.317138671875,0.461181640625,0.82861328125,0.0,0.2232666015625,0.84033203125
2155,883,-4.042257785797119,0.0,-0.7193540930747986,0.317138671875,0.461181640625,0.82861328125,0.0,0.220703125,0.84033203125
2156,885,-3.9055211544036865,0.10105279088020325,-0.8279003500938416,0.3095703125,0.52587890625,0.7919921875,0.0,0.204833984375,0.8544921875
2157,887,-4.063807487487793,0.0,-0.7113099694252014,0.32373046875,0.377685546875,0.8671875,0.0,0.2230224609375,0.83984375
2158,883,-4.042257785797119,0.0,-0.7193540930747986,0.317138671875,0.461181640625,0.82861328125,0.0,0.220703125,0.84033203125
2159,886,-4.065635681152344,0.0017941760597750545,-0.7114086747169495,0.317138671875,0.461181640625,0.82861328125,0.0,0.2232666015625,0.84033203125
2160,888,-4.063807964324951,0.0,-0.7113096714019775,0.257080078125,0.356689453125,0.8984375,0.0,0.2230224609375,0.83984375
2161,887,-4.063807487487793,0.0,-0.7113099694252014,0.32373046875,0.377685546875,0.8671875,0.0,0.2230224609375,0.83984375
2162,886,-4.065635681152344,0.0017941760597750545,-0.7114086747169495,0.317138671875,0.461181640625,0.82861328125,0.0,0.2232666015625,0.84033203125
2163,889,-4.063808441162109,0.0,-0.7113094925880432,0.5302734375,0.372802734375,0.76123046875,0.0,0.2230224609375,0.83984375
2164,888,-4.063807964324951,0.0,-0.7113096714019775,0.257080078125,0.356689453125,0.8984375,0.0,0.2230224609375,0.83984375
2165,886,-4.065635681152344,0.0017941760597750545,-0.7114086747169495,0.317138671875,0.461181640625,0.82861328125,0.0,0.2232666015625,0.84033203125
2166,885,-3.9055211544036865,0.10105279088020325,-0.8279003500938416,0.3095703125,0.52587890625,0.7919921875,0.0,0.204833984375,0.8544921875
2167,890,-4.112113952636719,0.11690246313810349,-0.757678210735321,0.3095703125,0.5263671875,0.7919921875,0.0,0.227783203125,0.853515625
2168,886,-4.065635681152344,0.0017941760597750545,-0.7114086747169495,0.317138671875,0.461181640625,0.82861328125,0.0,0.2232666015625,0.84033203125
2169,891,-4.143849849700928,0.31766605377197266,-0.8864989876747131,0.2958984375,0.61328125,0.732421875,0.0,0.2293701171875,0.87841796875
2170,890,-4.112113952636719,0.11690246313810349,-0.757678210735321,0.3095703125,0.5263671875,0.7919921875,0.0,0.227783203125,0.853515625
2171,885,-3.9055211544036865,0.10105279088020325,-0.8279003500938416,0.3095703125,0.52587890625,0.7919921875,0.0,0.204833984375,0.8544921875
2172,891,-4.143849849700928,0.31766605377197266,-0.8864989876747131,0.2958984375,0.61328125,0.732421875,0.0,0.2293701171875,0.87841796875
2173,885,-3.9055211544036865,0.10105279088020325,-0.8279003500938416,0.3095703125,0.52587890625,0.7919921875,0.0,0.204833984375,0.8544921875
2174,892,-3.9226958751678467,0.30069833993911743,-0.961669921875,0.2958984375,0.61328125,0.732421875,0.0,0.204833984375,0.8798828125
2175,893,-3.990898370742798,0.5006757974624634,-1.1302343606948853,0.271240234375,0.7236328125,0.63427734375,0.0,0.208740234375,0.90771484375
2176,891,-4.143849849700928,0.31766605377197266,-0.8864989876747131,0.2958984375,0.61328125,0.732421875,0.0,0.2293701171875,0.87841796875
2177,892,-3.9226958751678467,0.30069833993911743,-0.961669921875,0.2958984375,0.61328125,0.732421875,0.0,0.204833984375,0.8798828125
2178,893,-3.990898370742798,0.5006757974624634,-1.1302343606948853,0.271240234375,0.7236328125,0.63427734375,0.0,0.208740234375,0.90771484375
2179,894,-4.176431179046631,0.5149127840995789,-1.067169189453125,0.2705078125,0.7265625,0.6318359375,0.0,0.2293701171875,0.90673828125
2180,891,-4.143849849700928,0.31766605377197266,-0.8864989876747131,0.2958984375,0.61328125,0.732421875,0.0,0.2293701171875,0.87841796875
2181,895,-4.065739631652832,0.6272292733192444,-1.286043643951416,0.2427978515625,0.81201171875,0.53076171875,0.0,0.2130126953125,0.93017578125
2182,894,-4.176431179046631,0.5149127840995789,-1.067169189453125,0.2705078125,0.7265625,0.6318359375,0.0,0.2293701171875,0.90673828125
2183,893,-3.990898370742798,0.5006757974624634,-1.1302343606948853,0.271240234375,0.7236328125,0.63427734375,0.0,0.208740234375,0.90771484375
2184,895,-4.065739631652832,0.6272292733192444,-1.286043643951416,0.2427978515625,0.81201171875,0.53076171875,0.0,0.2130126953125,0.93017578125
2185,896,-4.211520671844482,0.6384168267250061,-1.2364904880523682,0.24267578125,0.81201171875,0.53076171875,0.0,0.2291259765625,0.92919921875
2186,894,-4.176431179046631,0.5149127840995789,-1.067169189453125,0.2705078125,0.7265625,0.6318359375,0.0,0.2293701171875,0.90673828125
2187,897,-4.200531005859375,0.7061116695404053,-1.352441430091858,0.2314453125,0.83984375,0.491455078125,0.0,0.225341796875,0.94287109375
2188,896,-4.211520671844482,0.6384168267250061,-1.2364904880523682,0.24267578125,0.81201171875,0.53076171875,0.0,0.2291259765625,0.92919921875
2189,895,-4.065739631652832,0.6272292733192444,-1.286043643951416,0.2427978515625,0.81201171875,0.53076171875,0.0,0.2130126953125,0.93017578125
2190,897,-4.200531005859375,0.7061116695404053,-1.352441430091858,0.2314453125,0.83984375,0.491455078125,0.0,0.225341796875,0.94287109375
2191,895,-4.065739631652832,0.6272292733192444,-1.286043643951416,0.2427978515625,0.81201171875,0.53076171875,0.0,0.2130126953125,0.93017578125
2192,898,-4.132591247558594,0.7008973360061646,-1.3755358457565308,0.231689453125,0.83935546875,0.4921875,0.0,0.2177734375,0.943359375
2193,899,-4.190927028656006,0.7356323599815369,-1.4320348501205444,0.19287109375,0.912109375,0.361572265625,0.0,0.2222900390625,0.951171875
2194,897,-4.200531005859375,0.7061116695404053,-1.352441430091858,0.2314453125,0.83984375,0.491455078125,0.0,0.225341796875,0.94287109375
2195,898,-4.132591247558594,0.7008973360061646,-1.3755358457565308,0.231689453125,0.83935546875,0.4921875,0.0,0.2177734375,0.943359375
2196,900,-3.6641578674316406,0.0,-0.2840445935726166,0.9716796875,0.01355743408203125,0.2364501953125,0.0,0.72607421875,0.63232421875
2197,901,-3.664156436920166,0.0,-0.284050852060318,0.97412109375,0.043182373046875,0.22216796875,0.0,0.72607421875,0.63232421875
2198,902,-3.670281171798706,0.03334105387330055,-0.2641552686691284,0.96484375,0.07928466796875,0.250244140625,0.0,0.7236328125,0.62841796875
2199,901,-3.664156436920166,0.0,-0.284050852060318,0.97412109375,0.043182373046875,0.22216796875,0.0,0.72607421875,0.63232421875
2200,903,-3.664154291152954,0.0,-0.28406044840812683,0.96826171875,0.0298004150390625,0.2481689453125,0.0,0.72607421875,0.63232421875
2201,902,-3.670281171798706,0.03334105387330055,-0.2641552686691284,0.96484375,0.07928466796875,0.250244140625,0.0,0.7236328125,0.62841796875
2202,903,-3.664154291152954,0.0,-0.28406044840812683,0.96826171875,0.0298004150390625,0.2481689453125,0.0,0.72607421875,0.63232421875
2203,904,-3.63842511177063,0.04080848768353462,-0.38936278223991394,0.96484375,0.0791015625,0.250244140625,0.0,0.7373046875,0.62841796875
2204,902,-3.670281171798706,0.03334105387330055,-0.2641552686691284,0.96484375,0.07928466796875,0.250244140625,0.0,0.7236328125,0.62841796875
2205,903,-3.664154291152954,0.0,-0.28406044840812683,0.96826171875,0.0298004150390625,0.2481689453125,0.0,0.72607421875,0.63232421875
2206,905,-3.6417882442474365,0.0,-0.37133872509002686,0.96826171875,0.0298004150390625,0.2481689453125,0.0,0.7353515625,0.63232421875
2207,904,-3.63842511177063,0.04080848768353462,-0.38936278223991394,0.96484375,0.0791015625,0.250244140625,0.0,0.7373046875,0.62841796875
2208,906,-3.6512413024902344,0.24183295667171478,-0.4067626893520355,0.95947265625,0.1253662109375,0.251708984375,0.0,0.73974609375,0.60693359375
2209,902,-3.670281171798706,0.03334105387330055,-0.2641552686691284,0.96484375,0.07928466796875,0.250244140625,0.0,0.7236328125,0.62841796875
2210,904,-3.63842511177063,0.04080848768353462,-0.38936278223991394,0.96484375,0.0791015625,0.250244140625,0.0,0.7373046875,0.62841796875
2211,906,-3.6512413024902344,0.24183295667171478,-0.4067626893520355,0.95947265625,0.1253662109375,0.251708984375,0.0,0.73974609375,0.60693359375
2212,907,-3.697174549102783,0.23107224702835083,-0.2262621968984604,0.95947265625,0.12548828125,0.251708984375,0.0,0.7197265625,0.60791015625
2213,902,-3.670281171798706,0.03334105387330055,-0.2641552686691284,0.96484375,0.07928466796875,0.250244140625,0.0,0.7236328125,0.62841796875
2214,906,-3.6512413024902344,0.24183295667171478,-0.4067626893520355,0.95947265625,0.1253662109375,0.251708984375,0.0,0.73974609375,0.60693359375
2215,908,-3.754958391189575,0.6026178598403931,-0.21602538228034973,0.94873046875,0.1900634765625,0.252685546875,0.0,0.71875,0.568359375
2216,907,-3.697174549102783,0.23107224702835083,-0.2262621968984604,0.95947265625,0.12548828125,0.251708984375,0.0,0.7197265625,0.60791015625
2217,906,-3.6512413024902344,0.24183295667171478,-0.4067626893520355,0.95947265625,0.1253662109375,0.251708984375,0.0,0.73974609375,0.60693359375
2218,909,-3.7057933807373047,0.6141409277915955,-0.409248024225235,0.94873046875,0.18994140625,0.252685546875,0.0,0.73974609375,0.56787109375
2219,908,-3.754958391189575,0.6026178598403931,-0.21602538228034973,0.94873046875,0.1900634765625,0.252685546875,0.0,0.71875,0.568359375
2220,910,-3.8105998039245605,1.0094306468963623,-0.39049315452575684,0.92529296875,0.282958984375,0.25244140625,0.0,0.736328125,0.52490234375
2221,908,-3.754958391189575,0.6026178598403931,-0.21602538228034973,0.94873046875,0.1900634765625,0.252685546875,0.0,0.71875,0.568359375
2222,909,-3.7057933807373047,0.6141409277915955,-0.409248024225235,0.94873046875,0.18994140625,0.252685546875,0.0,0.73974609375,0.56787109375
2223,910,-3.8105998039245605,1.0094306468963623,-0.39049315452575684,0.92529296875,0.282958984375,0.25244140625,0.0,0.736328125,0.52490234375
2224,911,-3.8518481254577637,0.9997676610946655,-0.2283959835767746,0.9248046875,0.284423828125,0.252197265625,0.0,0.71875,0.525390625
2225,908,-3.754958391189575,0.6026178598403931,-0.21602538228034973,0.94873046875,0.1900634765625,0.252685546875,0.0,0.71875,0.568359375
2226,912,-3.9282360076904297,1.2898625135421753,-0.3774194121360779,0.89453125,0.37109375,0.249755859375,0.0,0.73291015625,0.492919921875
2227,911,-3.8518481254577637,0.9997676610946655,-0.2283959835767746,0.9248046875,0.284423828125,0.252197265625,0.0,0.71875,0.525390625
2228,910,-3.8105998039245605,1.0094306468963623,-0.39049315452575684,0.92529296875,0.282958984375,0.25244140625,0.0,0.736328125,0.52490234375
2229,912,-3.9282360076904297,1.2898625135421753,-0.3774194121360779,0.89453125,0.37109375,0.249755859375,0.0,0.73291015625,0.492919921875
2230,913,-3.9606456756591797,1.2822697162628174,-0.25005125999450684,0.89453125,0.37109375,0.249755859375,0.0,0.71875,0.493408203125
2231,911,-3.8518481254577637,0.9997676610946655,-0.2283959835767746,0.9248046875,0.284423828125,0.252197265625,0.0,0.71875,0.525390625
2232,912,-3.9282360076904297,1.2898625135421753,-0.3774194121360779,0.89453125,0.37109375,0.249755859375,0.0,0.73291015625,0.492919921875
2233,914,-4.0223388671875,1.4497178792953491,-0.2933935523033142,0.8798828125,0.405517578125,0.248046875,0.0,0.72216796875,0.474365234375
2234,913,-3.9606456756591797,1.2822697162628174,-0.25005125999450684,0.89453125,0.37109375,0.249755859375,0.0,0.71875,0.493408203125
2235,912,-3.9282360076904297,1.2898625135421753,-0.3774194121360779,0.89453125,0.37109375,0.249755859375,0.0,0.73291015625,0.492919921875
2236,915,-4.007232666015625,1.4532549381256104,-0.3527490198612213,0.8798828125,0.4052734375,0.248046875,0.0,0.728515625,0.47412109375
2237,914,-4.0223388671875,1.4497178792953491,-0.2933935523033142,0.8798828125,0.405517578125,0.248046875,0.0,0.72216796875,0.474365234375
2238,916,-4.0680389404296875,1.5397608280181885,-0.3282788097858429,0.82470703125,0.51171875,0.2403564453125,0.0,0.724609375,0.46337890625
2239,914,-4.0223388671875,1.4497178792953491,-0.2933935523033142,0.8798828125,0.405517578125,0.248046875,0.0,0.72216796875,0.474365234375
2240,915,-4.007232666015625,1.4532549381256104,-0.3527490198612213,0.8798828125,0.4052734375,0.248046875,0.0,0.728515625,0.47412109375
2241,917,-0.8858691453933716,0.5967293977737427,2.3423216342926025,-0.1136474609375,-0.04608154296875,0.99267578125,0.0,0.27880859375,0.071044921875
2242,918,-1.040795922279358,0.0,2.2966322898864746,-0.1151123046875,-0.04608154296875,0.9921875,0.0,0.306884765625,0.012481689453125
2243,919,-0.846068799495697,0.0,2.3192100524902344,-0.1151123046875,-0.04608154296875,0.9921875,0.0,0.28662109375,0.00867462158203125
2244,917,-0.8858691453933716,0.5967293977737427,2.3423216342926025,-0.1136474609375,-0.04608154296875,0.99267578125,0.0,0.27880859375,0.071044921875
2245,920,-1.0584276914596558,0.5923128128051758,2.322080135345459,-0.113525390625,-0.04608154296875,0.99267578125,0.0,0.296875,0.073974609375
2246,918,-1.040795922279358,0.0,2.2966322898864746,-0.1151123046875,-0.04608154296875,0.9921875,0.0,0.306884765625,0.012481689453125
2247,921,-1.0000792741775513,1.286339282989502,2.3608715534210205,-0.11065673828125,-0.045013427734375,0.99267578125,0.0,0.27685546875,0.1444091796875
2248,920,-1.0584276914596558,0.5923128128051758,2.322080135345459,-0.113525390625,-0.04608154296875,0.99267578125,0.0,0.296875,0.073974609375
2249,917,-0.8858691453933716,0.5967293977737427,2.3423216342926025,-0.1136474609375,-0.04608154296875,0.99267578125,0.0,0.27880859375,0.071044921875
2250,921,-1.0000792741775513,1.286339282989502,2.3608715534210205,-0.11065673828125,-0.045013427734375,0.99267578125,0.0,0.27685546875,0.1444091796875
2251,922,-1.1527355909347534,1.2821881771087646,2.343996524810791,-0.1102294921875,-0.044647216796875,0.99267578125,0.0,0.292724609375,0.14697265625
2252,920,-1.0584276914596558,0.5923128128051758,2.322080135345459,-0.113525390625,-0.04608154296875,0.99267578125,0.0,0.296875,0.073974609375
2253,923,-1.561364769935608,2.6592471599578857,2.359511613845825,-0.10858154296875,-0.043426513671875,0.9931640625,0.0,0.3076171875,0.297119140625
2254,922,-1.1527355909347534,1.2821881771087646,2.343996524810791,-0.1102294921875,-0.044647216796875,0.99267578125,0.0,0.292724609375,0.14697265625
2255,921,-1.0000792741775513,1.286339282989502,2.3608715534210205,-0.11065673828125,-0.045013427734375,0.99267578125,0.0,0.27685546875,0.1444091796875
2256,924,-0.6469860672950745,0.25775963068008423,2.776689291000366,-0.9833984375,-0.022186279296875,-0.1805419921875,0.0,0.0897216796875,0.68310546875
2257,925,-0.6033613085746765,0.0,2.569106340408325,-0.9833984375,-0.0211029052734375,-0.180419921875,0.0,0.119384765625,0.66455078125
2258,926,-0.6423951387405396,0.0,2.7863876819610596,-0.9833984375,-0.0211029052734375,-0.180419921875,0.0,0.097412109375,0.6572265625
2259,924,-0.6469860672950745,0.25775963068008423,2.776689291000366,-0.9833984375,-0.022186279296875,-0.1805419921875,0.0,0.0897216796875,0.68310546875
2260,927,-0.610137939453125,0.2667554020881653,2.579418897628784,-0.9833984375,-0.0224456787109375,-0.1806640625,0.0,0.109375,0.6904296875
2261,925,-0.6033613085746765,0.0,2.569106340408325,-0.9833984375,-0.0211029052734375,-0.180419921875,0.0,0.119384765625,0.66455078125
2262,928,-0.633087158203125,0.6371967792510986,2.6561694145202637,-0.9833984375,-0.0226593017578125,-0.178955078125,0.0,0.08917236328125,0.72509765625
2263,927,-0.610137939453125,0.2667554020881653,2.579418897628784,-0.9833984375,-0.0224456787109375,-0.1806640625,0.0,0.109375,0.6904296875
2264,924,-0.6469860672950745,0.25775963068008423,2.776689291000366,-0.9833984375,-0.022186279296875,-0.1805419921875,0.0,0.0897216796875,0.68310546875
2265,928,-0.633087158203125,0.6371967792510986,2.6561694145202637,-0.9833984375,-0.0226593017578125,-0.178955078125,0.0,0.08917236328125,0.72509765625
2266,929,-0.6064611673355103,0.6019905209541321,2.511528253555298,-0.98388671875,-0.0223846435546875,-0.1783447265625,0.0,0.10498046875,0.72607421875
2267,927,-0.610137939453125,0.2667554020881653,2.579418897628784,-0.9833984375,-0.0224456787109375,-0.1806640625,0.0,0.109375,0.6904296875
2268,930,-0.5522632002830505,1.2861900329589844,2.125419855117798,-0.984375,-0.0213470458984375,-0.176025390625,0.0,0.12103271484375,0.8076171875
2269,929,-0.6064611673355103,0.6019905209541321,2.511528253555298,-0.98388671875,-0.0223846435546875,-0.1783447265625,0.0,0.10498046875,0.72607421875
2270,928,-0.633087158203125,0.6371967792510986,2.6561694145202637,-0.9833984375,-0.0226593017578125,-0.178955078125,0.0,0.08917236328125,0.72509765625
2271,931,-3.4989116191864014,0.0,-0.056846629828214645,0.49609375,0.1798095703125,-0.849609375,0.0,0.1737060546875,0.53271484375
2272,932,-3.5006706714630127,-1.734723437202716e-20,-0.05787423625588417,0.4873046875,0.2332763671875,-0.84130859375,0.0,0.173583984375,0.53271484375
2273,933,-3.4988763332366943,0.00014755249139852822,-0.0567944310605526,0.4873046875,0.2332763671875,-0.84130859375,0.0,0.1737060546875,0.53271484375
2274,934,-3.5109002590179443,0.1847294420003891,-0.012580566108226776,0.479248046875,0.2744140625,-0.83349609375,0.0,0.1768798828125,0.55224609375
2275,933,-3.4988763332366943,0.00014755249139852822,-0.0567944310605526,0.4873046875,0.2332763671875,-0.84130859375,0.0,0.1737060546875,0.53271484375
2276,932,-3.5006706714630127,-1.734723437202716e-20,-0.05787423625588417,0.4873046875,0.2332763671875,-0.84130859375,0.0,0.173583984375,0.53271484375
2277,934,-3.5109002590179443,0.1847294420003891,-0.012580566108226776,0.479248046875,0.2744140625,-0.83349609375,0.0,0.1768798828125,0.55224609375
2278,932,-3.5006706714630127,-1.734723437202716e-20,-0.05787423625588417,0.4873046875,0.2332763671875,-0.84130859375,0.0,0.173583984375,0.53271484375
2279,935,-3.589174747467041,0.0,-0.10911551862955093,0.4873046875,0.2332763671875,-0.84130859375,0.0,0.162841796875,0.53369140625
2280,935,-3.589174747467041,0.0,-0.10911551862955093,0.4873046875,0.2332763671875,-0.84130859375,0.0,0.162841796875,0.53369140625
2281,936,-3.638188362121582,0.17426013946533203,-0.08918212354183197,0.479248046875,0.2744140625,-0.833984375,0.0,0.1612548828125,0.552734375
2282,934,-3.5109002590179443,0.1847294420003891,-0.012580566108226776,0.479248046875,0.2744140625,-0.83349609375,0.0,0.1768798828125,0.55224609375
2283,936,-3.638188362121582,0.17426013946533203,-0.08918212354183197,0.479248046875,0.2744140625,-0.833984375,0.0,0.1612548828125,0.552734375
2284,937,-3.5824644565582275,0.5221498012542725,0.06440673768520355,0.465087890625,0.336669921875,-0.81884765625,0.0,0.177978515625,0.58935546875
2285,934,-3.5109002590179443,0.1847294420003891,-0.012580566108226776,0.479248046875,0.2744140625,-0.83349609375,0.0,0.1768798828125,0.55224609375
2286,936,-3.638188362121582,0.17426013946533203,-0.08918212354183197,0.479248046875,0.2744140625,-0.833984375,0.0,0.1612548828125,0.552734375
2287,938,-3.7187230587005615,0.5109452605247498,-0.01759033091366291,0.465087890625,0.336669921875,-0.81884765625,0.0,0.1612548828125,0.58984375
2288,937,-3.5824644565582275,0.5221498012542725,0.06440673768520355,0.465087890625,0.336669921875,-0.81884765625,0.0,0.177978515625,0.58935546875
2289,939,-3.801363468170166,0.8662278652191162,0.10397704690694809,0.440673828125,0.42529296875,-0.79052734375,0.0,0.163818359375,0.63037109375
2290,937,-3.5824644565582275,0.5221498012542725,0.06440673768520355,0.465087890625,0.336669921875,-0.81884765625,0.0,0.177978515625,0.58935546875
2291,938,-3.7187230587005615,0.5109452605247498,-0.01759033091366291,0.465087890625,0.336669921875,-0.81884765625,0.0,0.1612548828125,0.58984375
2292,939,-3.801363468170166,0.8662278652191162,0.10397704690694809,0.440673828125,0.42529296875,-0.79052734375,0.0,0.163818359375,0.63037109375
2293,940,-3.687052011489868,0.8756265640258789,0.17277343571186066,0.4404296875,0.42626953125,-0.7900390625,0.0,0.1778564453125,0.6298828125
2294,937,-3.5824644565582275,0.5221498012542725,0.06440673768520355,0.465087890625,0.336669921875,-0.81884765625,0.0,0.177978515625,0.58935546875
2295,941,-3.872692823410034,1.11343252658844,0.22820556163787842,0.413330078125,0.50732421875,-0.75634765625,0.0,0.1666259765625,0.66015625
2296,940,-3.687052011489868,0.8756265640258789,0.17277343571186066,0.4404296875,0.42626953125,-0.7900390625,0.0,0.1778564453125,0.6298828125
2297,939,-3.801363468170166,0.8662278652191162,0.10397704690694809,0.440673828125,0.42529296875,-0.79052734375,0.0,0.163818359375,0.63037109375
2298,941,-3.872692823410034,1.11343252658844,0.22820556163787842,0.413330078125,0.50732421875,-0.75634765625,0.0,0.1666259765625,0.66015625
2299,942,-3.7828729152679443,1.1208187341690063,0.2822583019733429,0.413330078125,0.50732421875,-0.755859375,0.0,0.177734375,0.65966796875
2300,940,-3.687052011489868,0.8756265640258789,0.17277343571186066,0.4404296875,0.42626953125,-0.7900390625,0.0,0.1778564453125,0.6298828125
2301,941,-3.872692823410034,1.11343252658844,0.22820556163787842,0.413330078125,0.50732421875,-0.75634765625,0.0,0.1666259765625,0.66015625
2302,943,-3.8623180389404297,1.262154459953308,0.3384496867656708,0.401123046875,0.53955078125,-0.740234375,0.0,0.175048828125,0.677734375
2303,942,-3.7828729152679443,1.1208187341690063,0.2822583019733429,0.413330078125,0.50732421875,-0.755859375,0.0,0.177734375,0.65966796875
2304,941,-3.872692823410034,1.11343252658844,0.22820556163787842,0.413330078125,0.50732421875,-0.75634765625,0.0,0.1666259765625,0.66015625
2305,944,-3.9041764736175537,1.2587088346481323,0.3132617175579071,0.401123046875,0.53955078125,-0.740234375,0.0,0.169921875,0.677734375
2306,943,-3.8623180389404297,1.262154459953308,0.3384496867656708,0.401123046875,0.53955078125,-0.740234375,0.0,0.175048828125,0.677734375
2307,945,-3.9175682067871094,1.3351246118545532,0.37730222940444946,0.35888671875,0.6357421875,-0.68359375,0.0,0.1729736328125,0.68798828125
2308,943,-3.8623180389404297,1.262154459953308,0.3384496867656708,0.401123046875,0.53955078125,-0.740234375,0.0,0.175048828125,0.677734375
2309,944,-3.9041764736175537,1.2587088346481323,0.3132617175579071,0.401123046875,0.53955078125,-0.740234375,0.0,0.169921875,0.677734375
2310,946,-3.3447554111480713,0.0,0.35270658135414124,0.0,-0.059112548828125,-0.998046875,0.0,0.149658203125,0.464599609375
2311,947,-3.3447647094726562,0.0,0.35270658135414124,0.1326904296875,-0.130859375,-0.982421875,0.0,0.149658203125,0.464599609375
2312,948,-3.318143129348755,0.05066457763314247,0.3495532274246216,0.1319580078125,-0.08245849609375,-0.98779296875,0.0,0.1527099609375,0.469970703125
2313,949,-3.42110538482666,0.0,0.34239500761032104,0.1326904296875,-0.130859375,-0.982421875,0.0,0.1416015625,0.465087890625
2314,948,-3.318143129348755,0.05066457763314247,0.3495532274246216,0.1319580078125,-0.08245849609375,-0.98779296875,0.0,0.1527099609375,0.469970703125
2315,947,-3.3447647094726562,0.0,0.35270658135414124,0.1326904296875,-0.130859375,-0.982421875,0.0,0.149658203125,0.464599609375
2316,949,-3.42110538482666,0.0,0.34239500761032104,0.1326904296875,-0.130859375,-0.982421875,0.0,0.1416015625,0.465087890625
2317,950,-3.446397542953491,0.04685971140861511,0.3327368199825287,0.1319580078125,-0.0826416015625,-0.98779296875,0.0,0.13916015625,0.47021484375
2318,948,-3.318143129348755,0.05066457763314247,0.3495532274246216,0.1319580078125,-0.08245849609375,-0.98779296875,0.0,0.1527099609375,0.469970703125
2319,951,-3.475255012512207,0.24602068960666656,0.313232421875,0.1309814453125,-0.035247802734375,-0.99072265625,0.0,0.1368408203125,0.4912109375
2320,948,-3.318143129348755,0.05066457763314247,0.3495532274246216,0.1319580078125,-0.08245849609375,-0.98779296875,0.0,0.1527099609375,0.469970703125
2321,950,-3.446397542953491,0.04685971140861511,0.3327368199825287,0.1319580078125,-0.0826416015625,-0.98779296875,0.0,0.13916015625,0.47021484375
2322,951,-3.475255012512207,0.24602068960666656,0.313232421875,0.1309814453125,-0.035247802734375,-0.99072265625,0.0,0.1368408203125,0.4912109375
2323,952,-3.290358781814575,0.2515094578266144,0.33748045563697815,0.1309814453125,-0.035125732421875,-0.99072265625,0.0,0.156494140625,0.490966796875
2324,948,-3.318143129348755,0.05066457763314247,0.3495532274246216,0.1319580078125,-0.08245849609375,-0.98779296875,0.0,0.1527099609375,0.469970703125
2325,951,-3.475255012512207,0.24602068960666656,0.313232421875,0.1309814453125,-0.035247802734375,-0.99072265625,0.0,0.1368408203125,0.4912109375
2326,953,-3.297743558883667,0.6275038123130798,0.32948485016822815,0.1290283203125,0.0303192138671875,-0.9912109375,0.0,0.157470703125,0.5302734375
2327,952,-3.290358781814575,0.2515094578266144,0.33748045563697815,0.1309814453125,-0.035125732421875,-0.99072265625,0.0,0.156494140625,0.490966796875
2328,951,-3.475255012512207,0.24602068960666656,0.313232421875,0.1309814453125,-0.035247802734375,-0.99072265625,0.0,0.1368408203125,0.4912109375
2329,954,-3.495673656463623,0.6216320395469666,0.3035327196121216,0.1290283203125,0.0302581787109375,-0.9912109375,0.0,0.1365966796875,0.53076171875
2330,953,-3.297743558883667,0.6275038123130798,0.32948485016822815,0.1290283203125,0.0303192138671875,-0.9912109375,0.0,0.157470703125,0.5302734375
2331,955,-3.490760326385498,1.0296611785888672,0.3363989293575287,0.1253662109375,0.125732421875,-0.98388671875,0.0,0.1396484375,0.57373046875
2332,953,-3.297743558883667,0.6275038123130798,0.32948485016822815,0.1290283203125,0.0303192138671875,-0.9912109375,0.0,0.157470703125,0.5302734375
2333,954,-3.495673656463623,0.6216320395469666,0.3035327196121216,0.1290283203125,0.0302581787109375,-0.9912109375,0.0,0.1365966796875,0.53076171875
2334,955,-3.490760326385498,1.0296611785888672,0.3363989293575287,0.1253662109375,0.125732421875,-0.98388671875,0.0,0.1396484375,0.57373046875
2335,956,-3.324714183807373,1.0345875024795532,0.35817137360572815,0.125244140625,0.127197265625,-0.98388671875,0.0,0.1572265625,0.5732421875
2336,953,-3.297743558883667,0.6275038123130798,0.32948485016822815,0.1290283203125,0.0303192138671875,-0.9912109375,0.0,0.157470703125,0.5302734375
2337,957,-3.482518196105957,1.3267693519592285,0.40205809473991394,0.12054443359375,0.2177734375,-0.96875,0.0,0.1429443359375,0.60546875
2338,956,-3.324714183807373,1.0345875024795532,0.35817137360572815,0.125244140625,0.127197265625,-0.98388671875,0.0,0.1572265625,0.5732421875
2339,955,-3.490760326385498,1.0296611785888672,0.3363989293575287,0.1253662109375,0.125732421875,-0.98388671875,0.0,0.1396484375,0.57373046875
2340,957,-3.482518196105957,1.3267693519592285,0.40205809473991394,0.12054443359375,0.2177734375,-0.96875,0.0,0.1429443359375,0.60546875
2341,958,-3.352044105529785,1.3306386470794678,0.4191650152206421,0.12054443359375,0.2178955078125,-0.96875,0.0,0.15673828125,0.60498046875
2342,956,-3.324714183807373,1.0345875024795532,0.35817137360572815,0.125244140625,0.127197265625,-0.98388671875,0.0,0.1572265625,0.5732421875
2343,957,-3.482518196105957,1.3267693519592285,0.40205809473991394,0.12054443359375,0.2177734375,-0.96875,0.0,0.1429443359375,0.60546875
2344,959,-3.398810863494873,1.5042803287506104,0.4563891589641571,0.11834716796875,0.25439453125,-0.9599609375,0.0,0.1533203125,0.6240234375
2345,958,-3.352044105529785,1.3306386470794678,0.4191650152206421,0.12054443359375,0.2178955078125,-0.96875,0.0,0.15673828125,0.60498046875
2346,957,-3.482518196105957,1.3267693519592285,0.40205809473991394,0.12054443359375,0.2177734375,-0.96875,0.0,0.1429443359375,0.60546875
2347,960,-3.4596123695373535,1.502478003501892,0.44841551780700684,0.11834716796875,0.25390625,-0.9599609375,0.0,0.1468505859375,0.6240234375
2348,959,-3.398810863494873,1.5042803287506104,0.4563891589641571,0.11834716796875,0.25439453125,-0.9599609375,0.0,0.1533203125,0.6240234375
2349,961,-3.433997631072998,1.5993562936782837,0.4900854527950287,0.11016845703125,0.367919921875,-0.92333984375,0.0,0.150634765625,0.63525390625
2350,959,-3.398810863494873,1.5042803287506104,0.4563891589641571,0.11834716796875,0.25439453125,-0.9599609375,0.0,0.1533203125,0.6240234375
2351,960,-3.4596123695373535,1.502478003501892,0.44841551780700684,0.11834716796875,0.25390625,-0.9599609375,0.0,0.1468505859375,0.6240234375
2352,962,-4.289310455322266,0.0,-0.4858733117580414,0.9423828125,0.30859375,0.13037109375,0.0,0.59375,0.603515625
2353,963,-4.289309501647949,0.0,-0.4858799874782562,0.935546875,0.225341796875,0.272216796875,0.0,0.59375,0.603515625
2354,964,-4.302618503570557,0.031386107206344604,-0.46517089009284973,0.9189453125,0.31689453125,0.2354736328125,0.0,0.5966796875,0.60693359375
2355,963,-4.289309501647949,0.0,-0.4858799874782562,0.935546875,0.225341796875,0.272216796875,0.0,0.59375,0.603515625
2356,965,-4.289306640625,0.0,-0.48588892817497253,0.9404296875,0.23974609375,0.2410888671875,0.0,0.59375,0.603515625
2357,964,-4.302618503570557,0.031386107206344604,-0.46517089009284973,0.9189453125,0.31689453125,0.2354736328125,0.0,0.5966796875,0.60693359375
2358,965,-4.289306640625,0.0,-0.48588892817497253,0.9404296875,0.23974609375,0.2410888671875,0.0,0.59375,0.603515625
2359,966,-4.265407562255859,0.03138609975576401,-0.6103540062904358,0.9189453125,0.316650390625,0.2354736328125,0.0,0.5810546875,0.607421875
2360,964,-4.302618503570557,0.031386107206344604,-0.46517089009284973,0.9189453125,0.31689453125,0.2354736328125,0.0,0.5966796875,0.60693359375
2361,965,-4.289306640625,0.0,-0.48588892817497253,0.9404296875,0.23974609375,0.2410888671875,0.0,0.59375,0.603515625
2362,967,-4.263418674468994,0.0,-0.5868954658508301,0.9404296875,0.23974609375,0.2410888671875,0.0,0.5830078125,0.60400390625
2363,966,-4.265407562255859,0.03138609975576401,-0.6103540062904358,0.9189453125,0.316650390625,0.2354736328125,0.0,0.5810546875,0.607421875
2364,968,-4.313014030456543,0.19789569079875946,-0.6527807712554932,0.8935546875,0.385986328125,0.22900390625,0.0,0.57861328125,0.6259765625
2365,964,-4.302618503570557,0.031386107206344604,-0.46517089009284973,0.9189453125,0.31689453125,0.2354736328125,0.0,0.5966796875,0.60693359375
2366,966,-4.265407562255859,0.03138609975576401,-0.6103540062904358,0.9189453125,0.316650390625,0.2354736328125,0.0,0.5810546875,0.607421875
2367,968,-4.313014030456543,0.19789569079875946,-0.6527807712554932,0.8935546875,0.385986328125,0.22900390625,0.0,0.57861328125,0.6259765625
2368,969,-4.366660118103027,0.19789572060108185,-0.4434790015220642,0.8935546875,0.385986328125,0.22900390625,0.0,0.60107421875,0.62548828125
2369,964,-4.302618503570557,0.031386107206344604,-0.46517089009284973,0.9189453125,0.31689453125,0.2354736328125,0.0,0.5966796875,0.60693359375
2370,968,-4.313014030456543,0.19789569079875946,-0.6527807712554932,0.8935546875,0.385986328125,0.22900390625,0.0,0.57861328125,0.6259765625
2371,970,-4.499273777008057,0.5010654926300049,-0.4742407202720642,0.85107421875,0.4775390625,0.2181396484375,0.0,0.6025390625,0.66015625
2372,969,-4.366660118103027,0.19789572060108185,-0.4434790015220642,0.8935546875,0.385986328125,0.22900390625,0.0,0.60107421875,0.62548828125
2373,968,-4.313014030456543,0.19789569079875946,-0.6527807712554932,0.8935546875,0.385986328125,0.22900390625,0.0,0.57861328125,0.6259765625
2374,971,-4.441851615905762,0.5010654926300049,-0.6982934474945068,0.85107421875,0.4775390625,0.2181396484375,0.0,0.578125,0.6611328125
2375,970,-4.499273777008057,0.5010654926300049,-0.4742407202720642,0.85107421875,0.4775390625,0.2181396484375,0.0,0.6025390625,0.66015625
2376,972,-4.641453742980957,0.8120619058609009,-0.7241772413253784,0.7763671875,0.59814453125,0.198974609375,0.0,0.58203125,0.69970703125
2377,970,-4.499273777008057,0.5010654926300049,-0.4742407202720642,0.85107421875,0.4775390625,0.2181396484375,0.0,0.6025390625,0.66015625
2378,971,-4.441851615905762,0.5010654926300049,-0.6982934474945068,0.85107421875,0.4775390625,0.2181396484375,0.0,0.578125,0.6611328125
2379,972,-4.641453742980957,0.8120619058609009,-0.7241772413253784,0.7763671875,0.59814453125,0.198974609375,0.0,0.58203125,0.69970703125
2380,973,-4.689628601074219,0.8120619058609009,-0.5362182259559631,0.77490234375,0.60009765625,0.1986083984375,0.0,0.6025390625,0.69921875
2381,970,-4.499273777008057,0.5010654926300049,-0.4742407202720642,0.85107421875,0.4775390625,0.2181396484375,0.0,0.6025390625,0.66015625
2382,974,-4.841843605041504,1.0201438665390015,-0.7451232671737671,0.693359375,0.6982421875,0.177734375,0.0,0.58642578125,0.72998046875
2383,973,-4.689628601074219,0.8120619058609009,-0.5362182259559631,0.77490234375,0.60009765625,0.1986083984375,0.0,0.6025390625,0.69921875
2384,972,-4.641453742980957,0.8120619058609009,-0.7241772413253784,0.7763671875,0.59814453125,0.198974609375,0.0,0.58203125,0.69970703125
2385,974,-4.841843605041504,1.0201438665390015,-0.7451232671737671,0.693359375,0.6982421875,0.177734375,0.0,0.58642578125,0.72998046875
2386,975,-4.879695892333984,1.0201438665390015,-0.5974340438842773,0.693359375,0.6982421875,0.177734375,0.0,0.6025390625,0.7294921875
2387,973,-4.689628601074219,0.8120619058609009,-0.5362182259559631,0.77490234375,0.60009765625,0.1986083984375,0.0,0.6025390625,0.69921875
2388,974,-4.841843605041504,1.0201438665390015,-0.7451232671737671,0.693359375,0.6982421875,0.177734375,0.0,0.58642578125,0.72998046875
2389,976,-4.989774703979492,1.1404834985733032,-0.6691650152206421,0.6591796875,0.73291015625,0.1689453125,0.0,0.5986328125,0.74755859375
2390,975,-4.879695892333984,1.0201438665390015,-0.5974340438842773,0.693359375,0.6982421875,0.177734375,0.0,0.6025390625,0.7294921875
2391,974,-4.841843605041504,1.0201438665390015,-0.7451232671737671,0.693359375,0.6982421875,0.177734375,0.0,0.58642578125,0.72998046875
2392,977,-4.972132682800293,1.1404833793640137,-0.7379955649375916,0.65966796875,0.732421875,0.1690673828125,0.0,0.59130859375,0.748046875
2393,976,-4.989774703979492,1.1404834985733032,-0.6691650152206421,0.6591796875,0.73291015625,0.1689453125,0.0,0.5986328125,0.74755859375
2394,978,-5.066426753997803,1.20012629032135,-0.7219287157058716,0.54638671875,0.82568359375,0.1400146484375,0.0,0.595703125,0.7587890625
2395,976,-4.989774703979492,1.1404834985733032,-0.6691650152206421,0.6591796875,0.73291015625,0.1689453125,0.0,0.5986328125,0.74755859375
2396,977,-4.972132682800293,1.1404833793640137,-0.7379955649375916,0.65966796875,0.732421875,0.1690673828125,0.0,0.59130859375,0.748046875
2397,979,-0.43177610635757446,0.37259581685066223,3.3734960556030273,-0.98486328125,-0.021087646484375,-0.171875,0.0,0.80078125,0.0555419921875
2398,980,-0.39021360874176025,0.0,3.1840078830718994,-0.98486328125,-0.0221405029296875,-0.1724853515625,0.0,0.82666015625,0.0201263427734375
2399,981,-0.4232972264289856,0.0,3.373877763748169,-0.98486328125,-0.0221405029296875,-0.1724853515625,0.0,0.80712890625,0.0169219970703125
2400,979,-0.43177610635757446,0.37259581685066223,3.3734960556030273,-0.98486328125,-0.021087646484375,-0.171875,0.0,0.80078125,0.0555419921875
2401,982,-0.4015222191810608,0.38193678855895996,3.200515031814575,-0.98486328125,-0.020965576171875,-0.171875,0.0,0.81884765625,0.059417724609375
2402,980,-0.39021360874176025,0.0,3.1840078830718994,-0.98486328125,-0.0221405029296875,-0.1724853515625,0.0,0.82666015625,0.0201263427734375
2403,979,-0.43177610635757446,0.37259581685066223,3.3734960556030273,-0.98486328125,-0.021087646484375,-0.171875,0.0,0.80078125,0.0555419921875
2404,983,-0.4042700231075287,0.9203393459320068,3.15112042427063,-0.9853515625,-0.0198974609375,-0.1705322265625,0.0,0.814453125,0.1160888671875
2405,982,-0.4015222191810608,0.38193678855895996,3.200515031814575,-0.98486328125,-0.020965576171875,-0.171875,0.0,0.81884765625,0.059417724609375
2406,979,-0.43177610635757446,0.37259581685066223,3.3734960556030273,-0.98486328125,-0.021087646484375,-0.171875,0.0,0.80078125,0.0555419921875
2407,984,-0.42747679352760315,0.9815148711204529,3.279240608215332,-0.9853515625,-0.0198211669921875,-0.170166015625,0.0,0.80029296875,0.1202392578125
2408,983,-0.4042700231075287,0.9203393459320068,3.15112042427063,-0.9853515625,-0.0198974609375,-0.1705322265625,0.0,0.814453125,0.1160888671875
2409,985,-0.3713720738887787,2.009873151779175,2.833635091781616,-0.9853515625,-0.01953125,-0.169189453125,0.0,0.82958984375,0.234375
2410,983,-0.4042700231075287,0.9203393459320068,3.15112042427063,-0.9853515625,-0.0198974609375,-0.1705322265625,0.0,0.814453125,0.1160888671875
2411,984,-0.42747679352760315,0.9815148711204529,3.279240608215332,-0.9853515625,-0.0198211669921875,-0.170166015625,0.0,0.80029296875,0.1202392578125
2412,986,-3.8741414546966553,0.0,-0.022594301030039787,0.974609375,0.20068359375,-0.09820556640625,0.0,0.400390625,0.61767578125
2413,987,-3.8741424083709717,0.0,-0.022603385150432587,0.94287109375,0.27197265625,-0.191162109375,0.0,0.400390625,0.61767578125
2414,988,-3.880449056625366,0.04039853811264038,0.008708495646715164,0.93359375,0.322021484375,-0.1571044921875,0.0,0.397705078125,0.61279296875
2415,987,-3.8741424083709717,0.0,-0.022603385150432587,0.94287109375,0.27197265625,-0.191162109375,0.0,0.400390625,0.61767578125
2416,989,-3.8741447925567627,0.0,-0.02261345088481903,0.94677734375,0.27587890625,-0.1651611328125,0.0,0.400390625,0.61767578125
2417,988,-3.880449056625366,0.04039853811264038,0.008708495646715164,0.93359375,0.322021484375,-0.1571044921875,0.0,0.397705078125,0.61279296875
2418,989,-3.8741447925567627,0.0,-0.02261345088481903,0.94677734375,0.27587890625,-0.1651611328125,0.0,0.400390625,0.61767578125
2419,990,-3.906620502471924,0.05485568940639496,-0.11719726026058197,0.93359375,0.32177734375,-0.1571044921875,0.0,0.411376953125,0.6123046875
2420,988,-3.880449056625366,0.04039853811264038,0.008708495646715164,0.93359375,0.322021484375,-0.1571044921875,0.0,0.397705078125,0.61279296875
2421,989,-3.8741447925567627,0.0,-0.02261345088481903,0.94677734375,0.27587890625,-0.1651611328125,0.0,0.400390625,0.61767578125
2422,991,-3.8873939514160156,0.0,-0.09857722371816635,0.94677734375,0.27587890625,-0.1651611328125,0.0,0.408447265625,0.6181640625
2423,990,-3.906620502471924,0.05485568940639496,-0.11719726026058197,0.93359375,0.32177734375,-0.1571044921875,0.0,0.411376953125,0.6123046875
2424,992,-3.9719645977020264,0.24595294892787933,-0.10765624791383743,0.91845703125,0.3662109375,-0.14892578125,0.0,0.413330078125,0.59130859375
2425,988,-3.880449056625366,0.04039853811264038,0.008708495646715164,0.93359375,0.322021484375,-0.1571044921875,0.0,0.397705078125,0.61279296875
2426,990,-3.906620502471924,0.05485568940639496,-0.11719726026058197,0.93359375,0.32177734375,-0.1571044921875,0.0,0.411376953125,0.6123046875
2427,992,-3.9719645977020264,0.24595294892787933,-0.10765624791383743,0.91845703125,0.3662109375,-0.14892578125,0.0,0.413330078125,0.59130859375
2428,993,-3.9342308044433594,0.22511592507362366,0.0738549754023552,0.91845703125,0.3662109375,-0.14892578125,0.0,0.393798828125,0.591796875
2429,988,-3.880449056625366,0.04039853811264038,0.008708495646715164,0.93359375,0.322021484375,-0.1571044921875,0.0,0.397705078125,0.61279296875
2430,992,-3.9719645977020264,0.24595294892787933,-0.10765624791383743,0.91845703125,0.3662109375,-0.14892578125,0.0,0.413330078125,0.59130859375
2431,994,-4.067184925079346,0.5699529647827148,0.14385986328125,0.89453125,0.42578125,-0.1370849609375,0.0,0.392578125,0.55224609375
2432,993,-3.9342308044433594,0.22511592507362366,0.0738549754023552,0.91845703125,0.3662109375,-0.14892578125,0.0,0.393798828125,0.591796875
2433,992,-3.9719645977020264,0.24595294892787933,-0.10765624791383743,0.91845703125,0.3662109375,-0.14892578125,0.0,0.413330078125,0.59130859375
2434,995,-4.107581615447998,0.5922604203224182,-0.0504467748105526,0.89453125,0.42578125,-0.1370849609375,0.0,0.41357421875,0.5517578125
2435,994,-4.067184925079346,0.5699529647827148,0.14385986328125,0.89453125,0.42578125,-0.1370849609375,0.0,0.392578125,0.55224609375
2436,996,-4.283769607543945,0.9482137560844421,0.04877685382962227,0.85205078125,0.509765625,-0.11859130859375,0.0,0.41015625,0.5087890625
2437,994,-4.067184925079346,0.5699529647827148,0.14385986328125,0.89453125,0.42578125,-0.1370849609375,0.0,0.392578125,0.55224609375
2438,995,-4.107581615447998,0.5922604203224182,-0.0504467748105526,0.89453125,0.42578125,-0.1370849609375,0.0,0.41357421875,0.5517578125
2439,996,-4.283769607543945,0.9482137560844421,0.04877685382962227,0.85205078125,0.509765625,-0.11859130859375,0.0,0.41015625,0.5087890625
2440,997,-4.249884128570557,0.9295011758804321,0.21178221702575684,0.8515625,0.51123046875,-0.1182861328125,0.0,0.392578125,0.50927734375
2441,994,-4.067184925079346,0.5699529647827148,0.14385986328125,0.89453125,0.42578125,-0.1370849609375,0.0,0.392578125,0.55224609375
2442,998,-4.446857929229736,1.1897704601287842,0.13656005263328552,0.80322265625,0.58740234375,-0.099609375,0.0,0.40673828125,0.477294921875
2443,997,-4.249884128570557,0.9295011758804321,0.21178221702575684,0.8515625,0.51123046875,-0.1182861328125,0.0,0.392578125,0.50927734375
2444,996,-4.283769607543945,0.9482137560844421,0.04877685382962227,0.85205078125,0.509765625,-0.11859130859375,0.0,0.41015625,0.5087890625
2445,998,-4.446857929229736,1.1897704601287842,0.13656005263328552,0.80322265625,0.58740234375,-0.099609375,0.0,0.40673828125,0.477294921875
2446,999,-4.420227527618408,1.1750659942626953,0.2646411061286926,0.80322265625,0.58740234375,-0.09954833984375,0.0,0.392822265625,0.4775390625
2447,997,-4.249884128570557,0.9295011758804321,0.21178221702575684,0.8515625,0.51123046875,-0.1182861328125,0.0,0.392578125,0.50927734375
2448,998,-4.446857929229736,1.1897704601287842,0.13656005263328552,0.80322265625,0.58740234375,-0.099609375,0.0,0.40673828125,0.477294921875
2449,1000,-4.531517028808594,1.321124792098999,0.26712891459465027,0.78173828125,0.6171875,-0.0916748046875,0.0,0.396240234375,0.45849609375
2450,999,-4.420227527618408,1.1750659942626953,0.2646411061286926,0.80322265625,0.58740234375,-0.09954833984375,0.0,0.392822265625,0.4775390625
2451,998,-4.446857929229736,1.1897704601287842,0.13656005263328552,0.80322265625,0.58740234375,-0.099609375,0.0,0.40673828125,0.477294921875
2452,1001,-4.54392671585083,1.327975869178772,0.20743896067142487,0.78173828125,0.61669921875,-0.091796875,0.0,0.402587890625,0.45849609375
2453,1000,-4.531517028808594,1.321124792098999,0.26712891459465027,0.78173828125,0.6171875,-0.0916748046875,0.0,0.396240234375,0.45849609375
2454,1002,-4.6072001457214355,1.3964108228683472,0.26303955912590027,0.70556640625,0.70556640625,-0.065673828125,0.0,0.398681640625,0.44775390625
2455,1000,-4.531517028808594,1.321124792098999,0.26712891459465027,0.78173828125,0.6171875,-0.0916748046875,0.0,0.396240234375,0.45849609375
2456,1001,-4.54392671585083,1.327975869178772,0.20743896067142487,0.78173828125,0.61669921875,-0.091796875,0.0,0.402587890625,0.45849609375
2457,1003,-0.9580480456352234,0.46372318267822266,2.78417706489563,0.9951171875,0.0257110595703125,0.096923828125,0.0,0.65869140625,0.058837890625
2458,1004,-0.9635008573532104,8.881783998477905e-18,2.9615702629089355,0.99462890625,0.025787353515625,0.09796142578125,0.0,0.68603515625,0.014678955078125
2459,1005,-0.943091869354248,0.0,2.7660422325134277,0.99462890625,0.025787353515625,0.09796142578125,0.0,0.666015625,0.0106658935546875
2460,1003,-0.9580480456352234,0.46372318267822266,2.78417706489563,0.9951171875,0.0257110595703125,0.096923828125,0.0,0.65869140625,0.058837890625
2461,1006,-0.9741650223731995,0.4643636643886566,2.9593286514282227,0.9951171875,0.0257110595703125,0.0968017578125,0.0,0.6767578125,0.0625
2462,1004,-0.9635008573532104,8.881783998477905e-18,2.9615702629089355,0.99462890625,0.025787353515625,0.09796142578125,0.0,0.68603515625,0.014678955078125
2463,1003,-0.9580480456352234,0.46372318267822266,2.78417706489563,0.9951171875,0.0257110595703125,0.096923828125,0.0,0.65869140625,0.058837890625
2464,1007,-0.9963610768318176,1.0303809642791748,3.0305516719818115,0.9951171875,0.02508544921875,0.0977783203125,0.0,0.6728515625,0.122314453125
2465,1006,-0.9741650223731995,0.4643636643886566,2.9593286514282227,0.9951171875,0.0257110595703125,0.0968017578125,0.0,0.6767578125,0.0625
2466,1003,-0.9580480456352234,0.46372318267822266,2.78417706489563,0.9951171875,0.0257110595703125,0.096923828125,0.0,0.65869140625,0.058837890625
2467,1008,-0.9851049780845642,1.10115647315979,2.902529239654541,0.99462890625,0.0248870849609375,0.0985107421875,0.0,0.65771484375,0.126953125
2468,1007,-0.9963610768318176,1.0303809642791748,3.0305516719818115,0.9951171875,0.02508544921875,0.0977783203125,0.0,0.6728515625,0.122314453125
2469,1009,-1.0611865520477295,2.165928363800049,3.396906614303589,0.99462890625,0.0242462158203125,0.100830078125,0.0,0.6875,0.246826171875
2470,1007,-0.9963610768318176,1.0303809642791748,3.0305516719818115,0.9951171875,0.02508544921875,0.0977783203125,0.0,0.6728515625,0.122314453125
2471,1008,-0.9851049780845642,1.10115647315979,2.902529239654541,0.99462890625,0.0248870849609375,0.0985107421875,0.0,0.65771484375,0.126953125
2472,1010,-3.64650297164917,0.0,0.39381518959999084,-0.1126708984375,-0.119873046875,-0.986328125,0.0,0.63232421875,0.52734375
2473,1011,-3.646507740020752,-2.2204459996194763e-18,0.3938157260417938,-0.12646484375,-0.1070556640625,-0.986328125,0.0,0.63232421875,0.52734375
2474,1012,-3.633331775665283,0.019148200750350952,0.3900463879108429,-0.132080078125,0.08807373046875,-0.9873046875,0.0,0.63427734375,0.529296875
2475,1011,-3.646507740020752,-2.2204459996194763e-18,0.3938157260417938,-0.12646484375,-0.1070556640625,-0.986328125,0.0,0.63232421875,0.52734375
2476,1013,-3.76159405708313,0.015597447752952576,0.4068847596645355,-0.132080078125,0.087646484375,-0.9873046875,0.0,0.62060546875,0.52978515625
2477,1012,-3.633331775665283,0.019148200750350952,0.3900463879108429,-0.132080078125,0.08807373046875,-0.9873046875,0.0,0.63427734375,0.529296875
2478,1011,-3.646507740020752,-2.2204459996194763e-18,0.3938157260417938,-0.12646484375,-0.1070556640625,-0.986328125,0.0,0.63232421875,0.52734375
2479,1014,-3.74967885017395,0.0,0.4070500135421753,-0.12646484375,-0.1070556640625,-0.986328125,0.0,0.62158203125,0.5283203125
2480,1013,-3.76159405708313,0.015597447752952576,0.4068847596645355,-0.132080078125,0.087646484375,-0.9873046875,0.0,0.62060546875,0.52978515625
2481,1014,-3.74967885017395,0.0,0.4070500135421753,-0.12646484375,-0.1070556640625,-0.986328125,0.0,0.62158203125,0.5283203125
2482,1015,-3.7496843338012695,0.0,0.4070504307746887,-0.0885009765625,-0.068359375,-0.99365234375,0.0,0.62158203125,0.5283203125
2483,1013,-3.76159405708313,0.015597447752952576,0.4068847596645355,-0.132080078125,0.087646484375,-0.9873046875,0.0,0.62060546875,0.52978515625
2484,1012,-3.633331775665283,0.019148200750350952,0.3900463879108429,-0.132080078125,0.08807373046875,-0.9873046875,0.0,0.63427734375,0.529296875
2485,1013,-3.76159405708313,0.015597447752952576,0.4068847596645355,-0.132080078125,0.087646484375,-0.9873046875,0.0,0.62060546875,0.52978515625
2486,1016,-3.7888219356536865,0.16391955316066742,0.4250805675983429,-0.1328125,0.247802734375,-0.95947265625,0.0,0.6181640625,0.5458984375
2487,1012,-3.633331775665283,0.019148200750350952,0.3900463879108429,-0.132080078125,0.08807373046875,-0.9873046875,0.0,0.63427734375,0.529296875
2488,1016,-3.7888219356536865,0.16391955316066742,0.4250805675983429,-0.1328125,0.247802734375,-0.95947265625,0.0,0.6181640625,0.5458984375
2489,1017,-3.6039061546325684,0.1690390408039093,0.40080565214157104,-0.1328125,0.248291015625,-0.95947265625,0.0,0.6376953125,0.544921875
2490,1016,-3.7888219356536865,0.16391955316066742,0.4250805675983429,-0.1328125,0.247802734375,-0.95947265625,0.0,0.6181640625,0.5458984375
2491,1018,-3.5972959995269775,0.4539163112640381,0.49049314856529236,-0.12890625,0.439208984375,-0.88916015625,0.0,0.63916015625,0.57666015625
2492,1017,-3.6039061546325684,0.1690390408039093,0.40080565214157104,-0.1328125,0.248291015625,-0.95947265625,0.0,0.6376953125,0.544921875
2493,1016,-3.7888219356536865,0.16391955316066742,0.4250805675983429,-0.1328125,0.247802734375,-0.95947265625,0.0,0.6181640625,0.5458984375
2494,1019,-3.795241594314575,0.44843435287475586,0.5164843797683716,-0.12890625,0.439208984375,-0.88916015625,0.0,0.6181640625,0.5771484375
2495,1018,-3.5972959995269775,0.4539163112640381,0.49049314856529236,-0.12890625,0.439208984375,-0.88916015625,0.0,0.63916015625,0.57666015625
2496,1020,-3.75585675239563,0.7657665014266968,0.7209252715110779,-0.117919921875,0.6337890625,-0.76416015625,0.0,0.62158203125,0.61669921875
2497,1018,-3.5972959995269775,0.4539163112640381,0.49049314856529236,-0.12890625,0.439208984375,-0.88916015625,0.0,0.63916015625,0.57666015625
2498,1019,-3.795241594314575,0.44843435287475586,0.5164843797683716,-0.12890625,0.439208984375,-0.88916015625,0.0,0.6181640625,0.5771484375
2499,1020,-3.75585675239563,0.7657665014266968,0.7209252715110779,-0.117919921875,0.6337890625,-0.76416015625,0.0,0.62158203125,0.61669921875
2500,1021,-3.5897953510284424,0.7703642249107361,0.6991283893585205,-0.11773681640625,0.63623046875,-0.7626953125,0.0,0.63916015625,0.6162109375
2501,1018,-3.5972959995269775,0.4539163112640381,0.49049314856529236,-0.12890625,0.439208984375,-0.88916015625,0.0,0.63916015625,0.57666015625
2502,1022,-3.7026031017303467,1.005236029624939,0.9815429449081421,-0.10650634765625,0.75,-0.65283203125,0.0,0.62548828125,0.654296875
2503,1021,-3.5897953510284424,0.7703642249107361,0.6991283893585205,-0.11773681640625,0.63623046875,-0.7626953125,0.0,0.63916015625,0.6162109375
2504,1020,-3.75585675239563,0.7657665014266968,0.7209252715110779,-0.117919921875,0.6337890625,-0.76416015625,0.0,0.62158203125,0.61669921875
2505,1022,-3.7026031017303467,1.005236029624939,0.9815429449081421,-0.10650634765625,0.75,-0.65283203125,0.0,0.62548828125,0.654296875
2506,1023,-3.5721185207366943,1.008851170539856,0.9644116163253784,-0.10650634765625,0.75,-0.65283203125,0.0,0.63916015625,0.65380859375
2507,1021,-3.5897953510284424,0.7703642249107361,0.6991283893585205,-0.11773681640625,0.63623046875,-0.7626953125,0.0,0.63916015625,0.6162109375
2508,1022,-3.7026031017303467,1.005236029624939,0.9815429449081421,-0.10650634765625,0.75,-0.65283203125,0.0,0.62548828125,0.654296875
2509,1024,-3.589792490005493,1.1496855020523071,1.1392797231674194,-0.10211181640625,0.78369140625,-0.6123046875,0.0,0.6357421875,0.67724609375
2510,1023,-3.5721185207366943,1.008851170539856,0.9644116163253784,-0.10650634765625,0.75,-0.65283203125,0.0,0.63916015625,0.65380859375
2511,1022,-3.7026031017303467,1.005236029624939,0.9815429449081421,-0.10650634765625,0.75,-0.65283203125,0.0,0.62548828125,0.654296875
2512,1025,-3.650599241256714,1.1480016708374023,1.1472655534744263,-0.1021728515625,0.78369140625,-0.61279296875,0.0,0.62939453125,0.67724609375
2513,1024,-3.589792490005493,1.1496855020523071,1.1392797231674194,-0.10211181640625,0.78369140625,-0.6123046875,0.0,0.6357421875,0.67724609375
2514,1026,-3.6019773483276367,1.2297234535217285,1.2762181758880615,-0.09051513671875,0.8564453125,-0.50830078125,0.0,0.63330078125,0.69384765625
2515,1024,-3.589792490005493,1.1496855020523071,1.1392797231674194,-0.10211181640625,0.78369140625,-0.6123046875,0.0,0.6357421875,0.67724609375
2516,1025,-3.650599241256714,1.1480016708374023,1.1472655534744263,-0.1021728515625,0.78369140625,-0.61279296875,0.0,0.62939453125,0.67724609375
2517,1027,-4.296918869018555,0.05737306550145149,-0.1969018578529358,0.91845703125,0.381591796875,-0.1026611328125,0.0,0.054901123046875,0.65478515625
2518,1028,-4.261460304260254,0.0,-0.09293626248836517,0.91796875,0.383544921875,-0.1014404296875,0.0,0.041900634765625,0.6552734375
2519,1029,-4.276602745056152,0.0,-0.20193733274936676,0.93115234375,0.341064453125,-0.12939453125,0.0,0.052093505859375,0.66064453125
2520,1028,-4.261460304260254,0.0,-0.09293626248836517,0.91796875,0.383544921875,-0.1014404296875,0.0,0.041900634765625,0.6552734375
2521,1027,-4.296918869018555,0.05737306550145149,-0.1969018578529358,0.91845703125,0.381591796875,-0.1026611328125,0.0,0.054901123046875,0.65478515625
2522,1030,-4.306094646453857,0.14292670786380768,0.04568847641348839,0.9052734375,0.41796875,-0.07794189453125,0.0,0.03741455078125,0.63427734375
2523,1030,-4.306094646453857,0.14292670786380768,0.04568847641348839,0.9052734375,0.41796875,-0.07794189453125,0.0,0.03741455078125,0.63427734375
2524,1031,-4.260697841644287,0.0,-0.08599548041820526,0.91748046875,0.38427734375,-0.100830078125,0.0,0.041259765625,0.65478515625
2525,1028,-4.261460304260254,0.0,-0.09293626248836517,0.91796875,0.383544921875,-0.1014404296875,0.0,0.041900634765625,0.6552734375
2526,1027,-4.296918869018555,0.05737306550145149,-0.1969018578529358,0.91845703125,0.381591796875,-0.1026611328125,0.0,0.054901123046875,0.65478515625
2527,1032,-4.359468936920166,0.22929690778255463,-0.11082763224840164,0.9052734375,0.41796875,-0.0780029296875,0.0,0.056976318359375,0.6337890625
2528,1030,-4.306094646453857,0.14292670786380768,0.04568847641348839,0.9052734375,0.41796875,-0.07794189453125,0.0,0.03741455078125,0.63427734375
2529,1032,-4.359468936920166,0.22929690778255463,-0.11082763224840164,0.9052734375,0.41796875,-0.0780029296875,0.0,0.056976318359375,0.6337890625
2530,1033,-4.429308891296387,0.4330183267593384,0.2510131895542145,0.88232421875,0.46826171875,-0.04254150390625,0.0,0.03607177734375,0.5947265625
2531,1030,-4.306094646453857,0.14292670786380768,0.04568847641348839,0.9052734375,0.41796875,-0.07794189453125,0.0,0.03741455078125,0.63427734375
2532,1032,-4.359468936920166,0.22929690778255463,-0.11082763224840164,0.9052734375,0.41796875,-0.0780029296875,0.0,0.056976318359375,0.6337890625
2533,1034,-4.486445426940918,0.5254735946655273,0.0834667980670929,0.8828125,0.46826171875,-0.0426025390625,0.0,0.057037353515625,0.59423828125
2534,1033,-4.429308891296387,0.4330183267593384,0.2510131895542145,0.88232421875,0.46826171875,-0.04254150390625,0.0,0.03607177734375,0.5947265625
2535,1035,-4.650061130523682,0.8138508200645447,0.32359617948532104,0.8427734375,0.5380859375,0.00952911376953125,0.0,0.05364990234375,0.55126953125
2536,1033,-4.429308891296387,0.4330183267593384,0.2510131895542145,0.88232421875,0.46826171875,-0.04254150390625,0.0,0.03607177734375,0.5947265625
2537,1034,-4.486445426940918,0.5254735946655273,0.0834667980670929,0.8828125,0.46826171875,-0.0426025390625,0.0,0.057037353515625,0.59423828125
2538,1035,-4.650061130523682,0.8138508200645447,0.32359617948532104,0.8427734375,0.5380859375,0.00952911376953125,0.0,0.05364990234375,0.55126953125
2539,1036,-4.602123737335205,0.7362865209579468,0.46415770053863525,0.84228515625,0.5390625,0.010345458984375,0.0,0.03607177734375,0.5517578125
2540,1033,-4.429308891296387,0.4330183267593384,0.2510131895542145,0.88232421875,0.46826171875,-0.04254150390625,0.0,0.03607177734375,0.5947265625
2541,1037,-4.802640438079834,1.0008044242858887,0.5091235041618347,0.79638671875,0.6015625,0.060272216796875,0.0,0.05010986328125,0.51953125
2542,1036,-4.602123737335205,0.7362865209579468,0.46415770053863525,0.84228515625,0.5390625,0.010345458984375,0.0,0.03607177734375,0.5517578125
2543,1035,-4.650061130523682,0.8138508200645447,0.32359617948532104,0.8427734375,0.5380859375,0.00952911376953125,0.0,0.05364990234375,0.55126953125
2544,1037,-4.802640438079834,1.0008044242858887,0.5091235041618347,0.79638671875,0.6015625,0.060272216796875,0.0,0.05010986328125,0.51953125
2545,1038,-4.764974117279053,0.9398553371429443,0.61956787109375,0.79638671875,0.6015625,0.060333251953125,0.0,0.03631591796875,0.52001953125
2546,1036,-4.602123737335205,0.7362865209579468,0.46415770053863525,0.84228515625,0.5390625,0.010345458984375,0.0,0.03607177734375,0.5517578125
2547,1037,-4.802640438079834,1.0008044242858887,0.5091235041618347,0.79638671875,0.6015625,0.060272216796875,0.0,0.05010986328125,0.51953125
2548,1039,-4.87431001663208,1.0715349912643433,0.6861254572868347,0.77587890625,0.62548828125,0.08056640625,0.0,0.03961181640625,0.5009765625
2549,1038,-4.764974117279053,0.9398553371429443,0.61956787109375,0.79638671875,0.6015625,0.060333251953125,0.0,0.03631591796875,0.52001953125
2550,1037,-4.802640438079834,1.0008044242858887,0.5091235041618347,0.79638671875,0.6015625,0.060272216796875,0.0,0.05010986328125,0.51953125
2551,1040,-4.891861915588379,1.0999376773834229,0.634655773639679,0.7763671875,0.62548828125,0.080322265625,0.0,0.046051025390625,0.50048828125
2552,1039,-4.87431001663208,1.0715349912643433,0.6861254572868347,0.77587890625,0.62548828125,0.08056640625,0.0,0.03961181640625,0.5009765625
2553,1041,-4.9493889808654785,1.140970230102539,0.7170336842536926,0.703125,0.6962890625,0.144287109375,0.0,0.042236328125,0.489990234375
2554,1039,-4.87431001663208,1.0715349912643433,0.6861254572868347,0.77587890625,0.62548828125,0.08056640625,0.0,0.03961181640625,0.5009765625
2555,1040,-4.891861915588379,1.0999376773834229,0.634655773639679,0.7763671875,0.62548828125,0.080322265625,0.0,0.046051025390625,0.50048828125
2556,1042,-2.9031944274902344,0.24885770678520203,1.0711840391159058,-0.09454345703125,0.192626953125,0.9765625,0.0,0.5498046875,0.8994140625
2557,1043,-3.0958311557769775,0.0,1.0925829410552979,-0.09527587890625,0.158203125,0.98291015625,0.0,0.56787109375,0.8759765625
2558,1044,-2.906428813934326,0.0,1.1109356880187988,-0.09527587890625,0.158203125,0.98291015625,0.0,0.5498046875,0.8759765625
2559,1042,-2.9031944274902344,0.24885770678520203,1.0711840391159058,-0.09454345703125,0.192626953125,0.9765625,0.0,0.5498046875,0.8994140625
2560,1045,-3.09045147895813,0.24943120777606964,1.0529394149780273,-0.09454345703125,0.1927490234375,0.9765625,0.0,0.56787109375,0.8994140625
2561,1043,-3.0958311557769775,0.0,1.0925829410552979,-0.09527587890625,0.158203125,0.98291015625,0.0,0.56787109375,0.8759765625
2562,1046,-2.909078359603882,0.3788539171218872,1.034887671470642,-0.08648681640625,0.424560546875,0.9013671875,0.0,0.5498046875,0.91259765625
2563,1045,-3.09045147895813,0.24943120777606964,1.0529394149780273,-0.09454345703125,0.1927490234375,0.9765625,0.0,0.56787109375,0.8994140625
2564,1042,-2.9031944274902344,0.24885770678520203,1.0711840391159058,-0.09454345703125,0.192626953125,0.9765625,0.0,0.5498046875,0.8994140625
2565,1046,-2.909078359603882,0.3788539171218872,1.034887671470642,-0.08648681640625,0.424560546875,0.9013671875,0.0,0.5498046875,0.91259765625
2566,1047,-3.0768823623657227,0.3793701231479645,1.0185449123382568,-0.08648681640625,0.424560546875,0.9013671875,0.0,0.56787109375,0.91259765625
2567,1045,-3.09045147895813,0.24943120777606964,1.0529394149780273,-0.09454345703125,0.1927490234375,0.9765625,0.0,0.56787109375,0.8994140625
2568,1048,-2.9064042568206787,0.534708559513092,0.9313305616378784,-0.0728759765625,0.6357421875,0.76806640625,0.0,0.55029296875,0.93359375
2569,1047,-3.0768823623657227,0.3793701231479645,1.0185449123382568,-0.08648681640625,0.424560546875,0.9013671875,0.0,0.56787109375,0.91259765625
2570,1046,-2.909078359603882,0.3788539171218872,1.034887671470642,-0.08648681640625,0.424560546875,0.9013671875,0.0,0.5498046875,0.91259765625
2571,1048,-2.9064042568206787,0.534708559513092,0.9313305616378784,-0.0728759765625,0.6357421875,0.76806640625,0.0,0.55029296875,0.93359375
2572,1049,-3.0585734844207764,0.5351756811141968,0.9165136218070984,-0.0728759765625,0.6357421875,0.76806640625,0.0,0.56787109375,0.93359375
2573,1047,-3.0768823623657227,0.3793701231479645,1.0185449123382568,-0.08648681640625,0.424560546875,0.9013671875,0.0,0.56787109375,0.91259765625
2574,1050,-2.911363363265991,0.6516364216804504,0.8011156916618347,-0.0599365234375,0.7666015625,0.6396484375,0.0,0.5517578125,0.95556640625
2575,1049,-3.0585734844207764,0.5351756811141968,0.9165136218070984,-0.0728759765625,0.6357421875,0.76806640625,0.0,0.56787109375,0.93359375
2576,1048,-2.9064042568206787,0.534708559513092,0.9313305616378784,-0.0728759765625,0.6357421875,0.76806640625,0.0,0.55029296875,0.93359375
2577,1050,-2.911363363265991,0.6516364216804504,0.8011156916618347,-0.0599365234375,0.7666015625,0.6396484375,0.0,0.5517578125,0.95556640625
2578,1051,-3.0278656482696533,0.651996910572052,0.7897680401802063,-0.0599365234375,0.7666015625,0.6396484375,0.0,0.56591796875,0.95556640625
2579,1049,-3.0585734844207764,0.5351756811141968,0.9165136218070984,-0.0728759765625,0.6357421875,0.76806640625,0.0,0.56787109375,0.93359375
2580,1051,-3.0278656482696533,0.651996910572052,0.7897680401802063,-0.0599365234375,0.7666015625,0.6396484375,0.0,0.56591796875,0.95556640625
2581,1050,-2.911363363265991,0.6516364216804504,0.8011156916618347,-0.0599365234375,0.7666015625,0.6396484375,0.0,0.5517578125,0.95556640625
2582,1052,-2.95620059967041,0.7382200360298157,0.6604467630386353,-0.04949951171875,0.84326171875,0.53515625,0.0,0.55908203125,0.97509765625
2583,1053,-0.7567248344421387,0.19166110455989838,3.335212230682373,0.9951171875,0.026397705078125,0.093505859375,0.0,0.413818359375,0.6845703125
2584,1054,-0.7654951810836792,0.0,3.4835548400878906,0.99560546875,0.0257720947265625,0.0921630859375,0.0,0.43408203125,0.66943359375
2585,1055,-0.7509742379188538,0.0,3.3250527381896973,0.99560546875,0.0257720947265625,0.0921630859375,0.0,0.41796875,0.6650390625
2586,1053,-0.7567248344421387,0.19166110455989838,3.335212230682373,0.9951171875,0.026397705078125,0.093505859375,0.0,0.413818359375,0.6845703125
2587,1056,-0.7705370783805847,0.19149330258369446,3.4828174114227295,0.9951171875,0.0264739990234375,0.09368896484375,0.0,0.4287109375,0.6884765625
2588,1054,-0.7654951810836792,0.0,3.4835548400878906,0.99560546875,0.0257720947265625,0.0921630859375,0.0,0.43408203125,0.66943359375
2589,1057,-0.7767931818962097,0.5880322456359863,3.4360105991363525,0.9951171875,0.0264434814453125,0.09521484375,0.0,0.413330078125,0.7275390625
2590,1056,-0.7705370783805847,0.19149330258369446,3.4828174114227295,0.9951171875,0.0264739990234375,0.09368896484375,0.0,0.4287109375,0.6884765625
2591,1053,-0.7567248344421387,0.19166110455989838,3.335212230682373,0.9951171875,0.026397705078125,0.093505859375,0.0,0.413818359375,0.6845703125
2592,1057,-0.7767931818962097,0.5880322456359863,3.4360105991363525,0.9951171875,0.0264434814453125,0.09521484375,0.0,0.413330078125,0.7275390625
2593,1058,-0.7859020829200745,0.5443918704986572,3.542187452316284,0.9951171875,0.026458740234375,0.09521484375,0.0,0.42529296875,0.72607421875
2594,1056,-0.7705370783805847,0.19149330258369446,3.4828174114227295,0.9951171875,0.0264739990234375,0.09368896484375,0.0,0.4287109375,0.6884765625
2595,1059,-0.8341162204742432,1.2498018741607666,3.8511180877685547,0.9951171875,0.0259552001953125,0.09600830078125,0.0,0.437744140625,0.80615234375
2596,1058,-0.7859020829200745,0.5443918704986572,3.542187452316284,0.9951171875,0.026458740234375,0.09521484375,0.0,0.42529296875,0.72607421875
2597,1057,-0.7767931818962097,0.5880322456359863,3.4360105991363525,0.9951171875,0.0264434814453125,0.09521484375,0.0,0.413330078125,0.7275390625
2598,1060,-1.8368226289749146,0.0,2.484876871109009,-0.96435546875,0.164794921875,-0.2071533203125,0.0,0.07861328125,0.88818359375
2599,1061,-1.755601167678833,0.23317956924438477,2.2922143936157227,-0.958984375,0.1912841796875,-0.208740234375,0.0,0.09588623046875,0.91064453125
2600,1062,-1.7967649698257446,0.0,2.298348903656006,-0.96435546875,0.164794921875,-0.2071533203125,0.0,0.09564208984375,0.88916015625
2601,1060,-1.8368226289749146,0.0,2.484876871109009,-0.96435546875,0.164794921875,-0.2071533203125,0.0,0.07861328125,0.88818359375
2602,1063,-1.791817545890808,0.2520694136619568,2.475878953933716,-0.958984375,0.192138671875,-0.2088623046875,0.0,0.0777587890625,0.91064453125
2603,1061,-1.755601167678833,0.23317956924438477,2.2922143936157227,-0.958984375,0.1912841796875,-0.208740234375,0.0,0.09588623046875,0.91064453125
2604,1061,-1.755601167678833,0.23317956924438477,2.2922143936157227,-0.958984375,0.1912841796875,-0.208740234375,0.0,0.09588623046875,0.91064453125
2605,1063,-1.791817545890808,0.2520694136619568,2.475878953933716,-0.958984375,0.192138671875,-0.2088623046875,0.0,0.0777587890625,0.91064453125
2606,1064,-1.7546942234039307,0.3809840977191925,2.4599242210388184,-0.88720703125,0.406982421875,-0.216796875,0.0,0.07781982421875,0.9248046875
2607,1061,-1.755601167678833,0.23317956924438477,2.2922143936157227,-0.958984375,0.1912841796875,-0.208740234375,0.0,0.09588623046875,0.91064453125
2608,1064,-1.7546942234039307,0.3809840977191925,2.4599242210388184,-0.88720703125,0.406982421875,-0.216796875,0.0,0.07781982421875,0.9248046875
2609,1065,-1.722237467765808,0.36405661702156067,2.295351505279541,-0.88720703125,0.406982421875,-0.216796875,0.0,0.09619140625,0.9248046875
2610,1065,-1.722237467765808,0.36405661702156067,2.295351505279541,-0.88720703125,0.406982421875,-0.216796875,0.0,0.09619140625,0.9248046875
2611,1064,-1.7546942234039307,0.3809840977191925,2.4599242210388184,-0.88720703125,0.406982421875,-0.216796875,0.0,0.07781982421875,0.9248046875
2612,1066,-1.651356816291809,0.5369616746902466,2.4562108516693115,-0.75537109375,0.61962890625,-0.2127685546875,0.0,0.0780029296875,0.94677734375
2613,1065,-1.722237467765808,0.36405661702156067,2.295351505279541,-0.88720703125,0.406982421875,-0.216796875,0.0,0.09619140625,0.9248046875
2614,1066,-1.651356816291809,0.5369616746902466,2.4562108516693115,-0.75537109375,0.61962890625,-0.2127685546875,0.0,0.0780029296875,0.94677734375
2615,1067,-1.6219249963760376,0.5216113924980164,2.3069677352905273,-0.75537109375,0.61962890625,-0.2127685546875,0.0,0.09600830078125,0.94677734375
2616,1067,-1.6219249963760376,0.5216113924980164,2.3069677352905273,-0.75537109375,0.61962890625,-0.2127685546875,0.0,0.09600830078125,0.94677734375
2617,1066,-1.651356816291809,0.5369616746902466,2.4562108516693115,-0.75537109375,0.61962890625,-0.2127685546875,0.0,0.0780029296875,0.94677734375
2618,1068,-1.5208795070648193,0.6536151170730591,2.451594114303589,-0.62841796875,0.75146484375,-0.201171875,0.0,0.080078125,0.96728515625
2619,1067,-1.6219249963760376,0.5216113924980164,2.3069677352905273,-0.75537109375,0.61962890625,-0.2127685546875,0.0,0.09600830078125,0.94677734375
2620,1068,-1.5208795070648193,0.6536151170730591,2.451594114303589,-0.62841796875,0.75146484375,-0.201171875,0.0,0.080078125,0.96728515625
2621,1069,-1.498345971107483,0.6418617367744446,2.3373265266418457,-0.62841796875,0.75146484375,-0.201171875,0.0,0.09393310546875,0.96728515625
2622,1069,-1.498345971107483,0.6418617367744446,2.3373265266418457,-0.62841796875,0.75146484375,-0.201171875,0.0,0.09393310546875,0.96728515625
2623,1068,-1.5208795070648193,0.6536151170730591,2.451594114303589,-0.62841796875,0.75146484375,-0.201171875,0.0,0.080078125,0.96728515625
2624,1070,-1.3762530088424683,0.7359873056411743,2.41168212890625,-0.52490234375,0.830078125,-0.1888427734375,0.0,0.0870361328125,0.986328125
2625,1071,-2.6624748706817627,0.43093931674957275,1.4296923875808716,0.44384765625,-0.06549072265625,0.8935546875,0.0,0.73681640625,0.18408203125
2626,1072,-2.8351597785949707,0.0,1.4846765995025635,0.44384765625,-0.06378173828125,0.89404296875,0.0,0.716796875,0.2288818359375
2627,1073,-2.6645448207855225,0.0,1.3999749422073364,0.44384765625,-0.06378173828125,0.89404296875,0.0,0.73681640625,0.2293701171875
2628,1071,-2.6624748706817627,0.43093931674957275,1.4296923875808716,0.44384765625,-0.06549072265625,0.8935546875,0.0,0.73681640625,0.18408203125
2629,1074,-2.8310723304748535,0.4264984726905823,1.5130761861801147,0.44384765625,-0.06549072265625,0.8935546875,0.0,0.716796875,0.18408203125
2630,1072,-2.8351597785949707,0.0,1.4846765995025635,0.44384765625,-0.06378173828125,0.89404296875,0.0,0.716796875,0.2288818359375
2631,1075,-2.667958974838257,0.7954140305519104,1.460048794746399,0.440673828125,0.06884765625,0.89501953125,0.0,0.73583984375,0.1456298828125
2632,1074,-2.8310723304748535,0.4264984726905823,1.5130761861801147,0.44384765625,-0.06549072265625,0.8935546875,0.0,0.716796875,0.18408203125
2633,1071,-2.6624748706817627,0.43093931674957275,1.4296923875808716,0.44384765625,-0.06549072265625,0.8935546875,0.0,0.73681640625,0.18408203125
2634,1075,-2.667958974838257,0.7954140305519104,1.460048794746399,0.440673828125,0.06884765625,0.89501953125,0.0,0.73583984375,0.1456298828125
2635,1076,-2.819047212600708,0.7914360761642456,1.534765601158142,0.440673828125,0.06884765625,0.89501953125,0.0,0.7177734375,0.1456298828125
2636,1074,-2.8310723304748535,0.4264984726905823,1.5130761861801147,0.44384765625,-0.06549072265625,0.8935546875,0.0,0.716796875,0.18408203125
2637,1077,-2.7256579399108887,1.2861732244491577,1.3872240781784058,0.421630859375,0.26708984375,0.86669921875,0.0,0.73486328125,0.09320068359375
2638,1076,-2.819047212600708,0.7914360761642456,1.534765601158142,0.440673828125,0.06884765625,0.89501953125,0.0,0.7177734375,0.1456298828125
2639,1075,-2.667958974838257,0.7954140305519104,1.460048794746399,0.440673828125,0.06884765625,0.89501953125,0.0,0.73583984375,0.1456298828125
2640,1077,-2.7256579399108887,1.2861732244491577,1.3872240781784058,0.421630859375,0.26708984375,0.86669921875,0.0,0.73486328125,0.09320068359375
2641,1078,-2.862663507461548,1.2825640439987183,1.454980492591858,0.421630859375,0.26708984375,0.86669921875,0.0,0.71875,0.09320068359375
2642,1076,-2.819047212600708,0.7914360761642456,1.534765601158142,0.440673828125,0.06884765625,0.89501953125,0.0,0.7177734375,0.1456298828125
2643,1079,-2.826124906539917,1.699599266052246,1.2465063333511353,0.394287109375,0.41650390625,0.8193359375,0.0,0.73291015625,0.046173095703125
2644,1078,-2.862663507461548,1.2825640439987183,1.454980492591858,0.421630859375,0.26708984375,0.86669921875,0.0,0.71875,0.09320068359375
2645,1077,-2.7256579399108887,1.2861732244491577,1.3872240781784058,0.421630859375,0.26708984375,0.86669921875,0.0,0.73486328125,0.09320068359375
2646,1079,-2.826124906539917,1.699599266052246,1.2465063333511353,0.394287109375,0.41650390625,0.8193359375,0.0,0.73291015625,0.046173095703125
2647,1080,-2.931020498275757,1.6968421936035156,1.2983813285827637,0.394287109375,0.41650390625,0.8193359375,0.0,0.720703125,0.046173095703125
2648,1078,-2.862663507461548,1.2825640439987183,1.454980492591858,0.421630859375,0.26708984375,0.86669921875,0.0,0.71875,0.09320068359375
2649,1080,-2.931020498275757,1.6968421936035156,1.2983813285827637,0.394287109375,0.41650390625,0.8193359375,0.0,0.720703125,0.046173095703125
2650,1079,-2.826124906539917,1.699599266052246,1.2465063333511353,0.394287109375,0.41650390625,0.8193359375,0.0,0.73291015625,0.046173095703125
2651,1081,-2.9771227836608887,2.0397191047668457,1.0913524627685547,0.36865234375,0.51611328125,0.77294921875,0.0,0.7265625,0.004291534423828125
2652,1082,-4.021873474121094,0.0,0.31248220801353455,0.70263671875,0.279296875,-0.654296875,0.0,0.01486968994140625,0.7041015625
2653,1083,-4.021881103515625,0.0,0.3124743103981018,0.57958984375,0.371337890625,-0.72509765625,0.0,0.01486968994140625,0.7041015625
2654,1084,-4.01163387298584,0.03393400087952614,0.33795166015625,0.497314453125,0.5107421875,-0.701171875,0.0,0.0178070068359375,0.70751953125
2655,1083,-4.021881103515625,0.0,0.3124743103981018,0.57958984375,0.371337890625,-0.72509765625,0.0,0.01486968994140625,0.7041015625
2656,1085,-4.021889686584473,0.0,0.31246843934059143,0.54296875,0.39306640625,-0.7421875,0.0,0.01486968994140625,0.7041015625
2657,1084,-4.01163387298584,0.03393400087952614,0.33795166015625,0.497314453125,0.5107421875,-0.701171875,0.0,0.0178070068359375,0.70751953125
2658,1085,-4.021889686584473,0.0,0.31246843934059143,0.54296875,0.39306640625,-0.7421875,0.0,0.01486968994140625,0.7041015625
2659,1086,-4.112631797790527,0.02235337719321251,0.2578808665275574,0.49755859375,0.51025390625,-0.70166015625,0.0,0.004222869873046875,0.7080078125
2660,1084,-4.01163387298584,0.03393400087952614,0.33795166015625,0.497314453125,0.5107421875,-0.701171875,0.0,0.0178070068359375,0.70751953125
2661,1085,-4.021889686584473,0.0,0.31246843934059143,0.54296875,0.39306640625,-0.7421875,0.0,0.01486968994140625,0.7041015625
2662,1087,-4.08927583694458,0.0,0.2631378769874573,0.54296875,0.39306640625,-0.7421875,0.0,0.006175994873046875,0.705078125
2663,1086,-4.112631797790527,0.02235337719321251,0.2578808665275574,0.49755859375,0.51025390625,-0.70166015625,0.0,0.004222869873046875,0.7080078125
2664,1088,-4.186848163604736,0.14084641635417938,0.2934936583042145,0.4482421875,0.60986328125,-0.6533203125,0.0,0.00206756591796875,0.72265625
2665,1084,-4.01163387298584,0.03393400087952614,0.33795166015625,0.497314453125,0.5107421875,-0.701171875,0.0,0.0178070068359375,0.70751953125
2666,1086,-4.112631797790527,0.02235337719321251,0.2578808665275574,0.49755859375,0.51025390625,-0.70166015625,0.0,0.004222869873046875,0.7080078125
2667,1088,-4.186848163604736,0.14084641635417938,0.2934936583042145,0.4482421875,0.60986328125,-0.6533203125,0.0,0.00206756591796875,0.72265625
2668,1089,-4.0412445068359375,0.1575431078672409,0.4089331030845642,0.447998046875,0.6103515625,-0.6533203125,0.0,0.0216522216796875,0.72216796875
2669,1084,-4.01163387298584,0.03393400087952614,0.33795166015625,0.497314453125,0.5107421875,-0.701171875,0.0,0.0178070068359375,0.70751953125
2670,1088,-4.186848163604736,0.14084641635417938,0.2934936583042145,0.4482421875,0.60986328125,-0.6533203125,0.0,0.00206756591796875,0.72265625
2671,1090,-4.163549900054932,0.36664146184921265,0.5373266339302063,0.3740234375,0.72607421875,-0.5771484375,0.0,0.02288818359375,0.7509765625
2672,1089,-4.0412445068359375,0.1575431078672409,0.4089331030845642,0.447998046875,0.6103515625,-0.6533203125,0.0,0.0216522216796875,0.72216796875
2673,1088,-4.186848163604736,0.14084641635417938,0.2934936583042145,0.4482421875,0.60986328125,-0.6533203125,0.0,0.00206756591796875,0.72265625
2674,1091,-4.319418907165527,0.34876570105552673,0.4137499928474426,0.374267578125,0.72607421875,-0.5771484375,0.0,0.0019321441650390625,0.75146484375
2675,1090,-4.163549900054932,0.36664146184921265,0.5373266339302063,0.3740234375,0.72607421875,-0.5771484375,0.0,0.02288818359375,0.7509765625
2676,1092,-4.476567268371582,0.5447859168052673,0.6177783012390137,0.26611328125,0.84765625,-0.45849609375,0.0,0.005283355712890625,0.78564453125
2677,1090,-4.163549900054932,0.36664146184921265,0.5373266339302063,0.3740234375,0.72607421875,-0.5771484375,0.0,0.02288818359375,0.7509765625
2678,1091,-4.319418907165527,0.34876570105552673,0.4137499928474426,0.374267578125,0.72607421875,-0.5771484375,0.0,0.0019321441650390625,0.75146484375
2679,1092,-4.476567268371582,0.5447859168052673,0.6177783012390137,0.26611328125,0.84765625,-0.45849609375,0.0,0.005283355712890625,0.78564453125
2680,1093,-4.345803260803223,0.5597817897796631,0.7214428782463074,0.264404296875,0.849609375,-0.456298828125,0.0,0.0228729248046875,0.78515625
2681,1090,-4.163549900054932,0.36664146184921265,0.5373266339302063,0.3740234375,0.72607421875,-0.5771484375,0.0,0.02288818359375,0.7509765625
2682,1094,-4.623108863830566,0.6550018191337585,0.8277856111526489,0.1715087890625,0.9208984375,-0.349609375,0.0,0.0089263916015625,0.814453125
2683,1093,-4.345803260803223,0.5597817897796631,0.7214428782463074,0.264404296875,0.849609375,-0.456298828125,0.0,0.0228729248046875,0.78515625
2684,1092,-4.476567268371582,0.5447859168052673,0.6177783012390137,0.26611328125,0.84765625,-0.45849609375,0.0,0.005283355712890625,0.78564453125
2685,1094,-4.623108863830566,0.6550018191337585,0.8277856111526489,0.1715087890625,0.9208984375,-0.349609375,0.0,0.0089263916015625,0.814453125
2686,1095,-4.520359516143799,0.6667856574058533,0.9092480540275574,0.17138671875,0.9208984375,-0.349365234375,0.0,0.0227508544921875,0.81396484375
2687,1093,-4.345803260803223,0.5597817897796631,0.7214428782463074,0.264404296875,0.849609375,-0.456298828125,0.0,0.0228729248046875,0.78515625
2688,1094,-4.623108863830566,0.6550018191337585,0.8277856111526489,0.1715087890625,0.9208984375,-0.349609375,0.0,0.0089263916015625,0.814453125
2689,1096,-4.652015686035156,0.72288978099823,1.0083569288253784,0.137451171875,0.94091796875,-0.3095703125,0.0,0.0195159912109375,0.83203125
2690,1095,-4.520359516143799,0.6667856574058533,0.9092480540275574,0.17138671875,0.9208984375,-0.349365234375,0.0,0.0227508544921875,0.81396484375
2691,1094,-4.623108863830566,0.6550018191337585,0.8277856111526489,0.1715087890625,0.9208984375,-0.349609375,0.0,0.0089263916015625,0.814453125
2692,1097,-4.699898719787598,0.7173975706100464,0.9704003930091858,0.1378173828125,0.94091796875,-0.31005859375,0.0,0.01308441162109375,0.83251953125
2693,1096,-4.652015686035156,0.72288978099823,1.0083569288253784,0.137451171875,0.94091796875,-0.3095703125,0.0,0.0195159912109375,0.83203125
2694,1098,-4.744442462921143,0.7412432432174683,1.0775268077850342,0.04547119140625,0.97900390625,-0.198974609375,0.0,0.0170135498046875,0.84423828125
2695,1096,-4.652015686035156,0.72288978099823,1.0083569288253784,0.137451171875,0.94091796875,-0.3095703125,0.0,0.0195159912109375,0.83203125
2696,1097,-4.699898719787598,0.7173975706100464,0.9704003930091858,0.1378173828125,0.94091796875,-0.31005859375,0.0,0.01308441162109375,0.83251953125
2697,1099,-2.2882702350616455,0.23335573077201843,1.960268497467041,-0.4345703125,0.01328277587890625,0.900390625,0.0,0.0286407470703125,0.708984375
2698,1100,-2.4896562099456787,0.0,1.867436170578003,-0.434326171875,0.0165252685546875,0.900390625,0.0,0.049774169921875,0.68212890625
2699,1101,-2.306640863418579,0.0,1.9556914567947388,-0.434326171875,0.0165252685546875,0.900390625,0.0,0.0285186767578125,0.68408203125
2700,1099,-2.2882702350616455,0.23335573077201843,1.960268497467041,-0.4345703125,0.01328277587890625,0.900390625,0.0,0.0286407470703125,0.708984375
2701,1102,-2.4677281379699707,0.2501726746559143,1.8734203577041626,-0.4345703125,0.01328277587890625,0.900390625,0.0,0.049652099609375,0.708984375
2702,1100,-2.4896562099456787,0.0,1.867436170578003,-0.434326171875,0.0165252685546875,0.900390625,0.0,0.049774169921875,0.68212890625
2703,1103,-2.2808825969696045,0.4431966245174408,1.9617016315460205,-0.40185546875,0.254638671875,0.87939453125,0.0,0.0297393798828125,0.73095703125
2704,1102,-2.4677281379699707,0.2501726746559143,1.8734203577041626,-0.4345703125,0.01328277587890625,0.900390625,0.0,0.049652099609375,0.708984375
2705,1099,-2.2882702350616455,0.23335573077201843,1.960268497467041,-0.4345703125,0.01328277587890625,0.900390625,0.0,0.0286407470703125,0.708984375
2706,1103,-2.2808825969696045,0.4431966245174408,1.9617016315460205,-0.40185546875,0.254638671875,0.87939453125,0.0,0.0297393798828125,0.73095703125
2707,1104,-2.4416985511779785,0.45826834440231323,1.8838744163513184,-0.40185546875,0.254638671875,0.87939453125,0.0,0.048553466796875,0.73095703125
2708,1102,-2.4677281379699707,0.2501726746559143,1.8734203577041626,-0.4345703125,0.01328277587890625,0.900390625,0.0,0.049652099609375,0.708984375
2709,1105,-2.2093334197998047,0.7150245308876038,1.8472436666488647,-0.318359375,0.55810546875,0.76611328125,0.0,0.030609130859375,0.7626953125
2710,1104,-2.4416985511779785,0.45826834440231323,1.8838744163513184,-0.40185546875,0.254638671875,0.87939453125,0.0,0.048553466796875,0.73095703125
2711,1103,-2.2808825969696045,0.4431966245174408,1.9617016315460205,-0.40185546875,0.254638671875,0.87939453125,0.0,0.0297393798828125,0.73095703125
2712,1105,-2.2093334197998047,0.7150245308876038,1.8472436666488647,-0.318359375,0.55810546875,0.76611328125,0.0,0.030609130859375,0.7626953125
2713,1106,-2.355159282684326,0.7286911010742188,1.776674747467041,-0.318359375,0.55810546875,0.76611328125,0.0,0.047698974609375,0.7626953125
2714,1104,-2.4416985511779785,0.45826834440231323,1.8838744163513184,-0.40185546875,0.254638671875,0.87939453125,0.0,0.048553466796875,0.73095703125
2715,1107,-2.1169519424438477,0.9374710917472839,1.6555346250534058,-0.244873046875,0.72314453125,0.64599609375,0.0,0.032623291015625,0.794921875
2716,1106,-2.355159282684326,0.7286911010742188,1.776674747467041,-0.318359375,0.55810546875,0.76611328125,0.0,0.047698974609375,0.7626953125
2717,1105,-2.2093334197998047,0.7150245308876038,1.8472436666488647,-0.318359375,0.55810546875,0.76611328125,0.0,0.030609130859375,0.7626953125
2718,1107,-2.1169519424438477,0.9374710917472839,1.6555346250534058,-0.244873046875,0.72314453125,0.64599609375,0.0,0.032623291015625,0.794921875
2719,1108,-2.228602170944214,0.9479337930679321,1.6015087366104126,-0.244873046875,0.72314453125,0.64599609375,0.0,0.045684814453125,0.794921875
2720,1106,-2.355159282684326,0.7286911010742188,1.776674747467041,-0.318359375,0.55810546875,0.76611328125,0.0,0.047698974609375,0.7626953125
2721,1108,-2.228602170944214,0.9479337930679321,1.6015087366104126,-0.244873046875,0.72314453125,0.64599609375,0.0,0.045684814453125,0.794921875
2722,1107,-2.1169519424438477,0.9374710917472839,1.6555346250534058,-0.244873046875,0.72314453125,0.64599609375,0.0,0.032623291015625,0.794921875
2723,1109,-2.0527703762054443,1.1195977926254272,1.4147924184799194,-0.194580078125,0.806640625,0.55810546875,0.0,0.039154052734375,0.82666015625
2724,1110,-1.4019335508346558,0.3689980208873749,2.8102171421051025,0.95654296875,0.0158538818359375,0.291259765625,0.0,0.83447265625,0.05645751953125
2725,1111,-1.4424171447753906,0.0,2.962801456451416,0.9560546875,0.016021728515625,0.29248046875,0.0,0.8603515625,0.0231781005859375
2726,1112,-1.3860423564910889,0.0,2.7791736125946045,0.9560546875,0.016021728515625,0.29248046875,0.0,0.8408203125,0.01806640625
2727,1110,-1.4019335508346558,0.3689980208873749,2.8102171421051025,0.95654296875,0.0158538818359375,0.291259765625,0.0,0.83447265625,0.05645751953125
2728,1113,-1.4530004262924194,0.35926714539527893,2.978410482406616,0.95654296875,0.015838623046875,0.291015625,0.0,0.85302734375,0.060150146484375
2729,1111,-1.4424171447753906,0.0,2.962801456451416,0.9560546875,0.016021728515625,0.29248046875,0.0,0.8603515625,0.0231781005859375
2730,1110,-1.4019335508346558,0.3689980208873749,2.8102171421051025,0.95654296875,0.0158538818359375,0.291259765625,0.0,0.83447265625,0.05645751953125
2731,1114,-1.489904761314392,0.8913150429725647,3.0720458030700684,0.95703125,0.0161895751953125,0.289794921875,0.0,0.8486328125,0.11688232421875
2732,1113,-1.4530004262924194,0.35926714539527893,2.978410482406616,0.95654296875,0.015838623046875,0.291015625,0.0,0.85302734375,0.060150146484375
2733,1110,-1.4019335508346558,0.3689980208873749,2.8102171421051025,0.95654296875,0.0158538818359375,0.291259765625,0.0,0.83447265625,0.05645751953125
2734,1115,-1.455233097076416,0.9643029570579529,2.9530224800109863,0.95703125,0.0163421630859375,0.28955078125,0.0,0.83447265625,0.1209716796875
2735,1114,-1.489904761314392,0.8913150429725647,3.0720458030700684,0.95703125,0.0161895751953125,0.289794921875,0.0,0.8486328125,0.11688232421875
2736,1116,-1.6290026903152466,1.944637417793274,3.4708690643310547,0.95703125,0.01690673828125,0.2890625,0.0,0.86376953125,0.235107421875
2737,1114,-1.489904761314392,0.8913150429725647,3.0720458030700684,0.95703125,0.0161895751953125,0.289794921875,0.0,0.8486328125,0.11688232421875
2738,1115,-1.455233097076416,0.9643029570579529,2.9530224800109863,0.95703125,0.0163421630859375,0.28955078125,0.0,0.83447265625,0.1209716796875
2739,1117,-3.3811967372894287,0.23538365960121155,1.1208178997039795,-0.5126953125,-0.0237579345703125,0.8583984375,0.0,0.275146484375,0.79541015625
2740,1118,-3.5511598587036133,0.0,1.0131984949111938,-0.5126953125,-0.0223388671875,0.8583984375,0.0,0.294921875,0.77001953125
2741,1119,-3.3875558376312256,0.0,1.1108925342559814,-0.5126953125,-0.0223388671875,0.8583984375,0.0,0.27490234375,0.77099609375
2742,1117,-3.3811967372894287,0.23538365960121155,1.1208178997039795,-0.5126953125,-0.0237579345703125,0.8583984375,0.0,0.275146484375,0.79541015625
2743,1120,-3.5426385402679443,0.24465444684028625,1.0246484279632568,-0.5126953125,-0.0237579345703125,0.8583984375,0.0,0.294921875,0.79541015625
2744,1118,-3.5511598587036133,0.0,1.0131984949111938,-0.5126953125,-0.0223388671875,0.8583984375,0.0,0.294921875,0.77001953125
2745,1121,-3.3833203315734863,0.4495629072189331,1.125917911529541,-0.50634765625,0.08380126953125,0.8583984375,0.0,0.276123046875,0.81787109375
2746,1120,-3.5426385402679443,0.24465444684028625,1.0246484279632568,-0.5126953125,-0.0237579345703125,0.8583984375,0.0,0.294921875,0.79541015625
2747,1117,-3.3811967372894287,0.23538365960121155,1.1208178997039795,-0.5126953125,-0.0237579345703125,0.8583984375,0.0,0.275146484375,0.79541015625
2748,1121,-3.3833203315734863,0.4495629072189331,1.125917911529541,-0.50634765625,0.08380126953125,0.8583984375,0.0,0.276123046875,0.81787109375
2749,1122,-3.527994394302368,0.4578710198402405,1.0397387742996216,-0.50634765625,0.08380126953125,0.8583984375,0.0,0.2939453125,0.81787109375
2750,1120,-3.5426385402679443,0.24465444684028625,1.0246484279632568,-0.5126953125,-0.0237579345703125,0.8583984375,0.0,0.294921875,0.79541015625
2751,1123,-3.3517351150512695,0.7347992658615112,1.0850268602371216,-0.485595703125,0.246337890625,0.8388671875,0.0,0.27685546875,0.8486328125
2752,1122,-3.527994394302368,0.4578710198402405,1.0397387742996216,-0.50634765625,0.08380126953125,0.8583984375,0.0,0.2939453125,0.81787109375
2753,1121,-3.3833203315734863,0.4495629072189331,1.125917911529541,-0.50634765625,0.08380126953125,0.8583984375,0.0,0.276123046875,0.81787109375
2754,1123,-3.3517351150512695,0.7347992658615112,1.0850268602371216,-0.485595703125,0.246337890625,0.8388671875,0.0,0.27685546875,0.8486328125
2755,1124,-3.482928991317749,0.7423332333564758,1.0068823099136353,-0.485595703125,0.246337890625,0.8388671875,0.0,0.29296875,0.8486328125
2756,1122,-3.527994394302368,0.4578710198402405,1.0397387742996216,-0.50634765625,0.08380126953125,0.8583984375,0.0,0.2939453125,0.81787109375
2757,1125,-3.312152624130249,0.9736692309379578,1.0065478086471558,-0.458740234375,0.373779296875,0.80615234375,0.0,0.27880859375,0.875
2758,1124,-3.482928991317749,0.7423332333564758,1.0068823099136353,-0.485595703125,0.246337890625,0.8388671875,0.0,0.29296875,0.8486328125
2759,1123,-3.3517351150512695,0.7347992658615112,1.0850268602371216,-0.485595703125,0.246337890625,0.8388671875,0.0,0.27685546875,0.8486328125
2760,1125,-3.312152624130249,0.9736692309379578,1.0065478086471558,-0.458740234375,0.373779296875,0.80615234375,0.0,0.27880859375,0.875
2761,1126,-3.4125964641571045,0.9794374108314514,0.9467211961746216,-0.458740234375,0.373779296875,0.80615234375,0.0,0.291015625,0.875
2762,1124,-3.482928991317749,0.7423332333564758,1.0068823099136353,-0.485595703125,0.246337890625,0.8388671875,0.0,0.29296875,0.8486328125
2763,1126,-3.4125964641571045,0.9794374108314514,0.9467211961746216,-0.458740234375,0.373779296875,0.80615234375,0.0,0.291015625,0.875
2764,1125,-3.312152624130249,0.9736692309379578,1.0065478086471558,-0.458740234375,0.373779296875,0.80615234375,0.0,0.27880859375,0.875
2765,1127,-3.3013341426849365,1.1714537143707275,0.8929516673088074,-0.4326171875,0.466796875,0.771484375,0.0,0.284912109375,0.8984375
2766,1128,-2.158329963684082,0.42897284030914307,2.380673885345459,-0.8681640625,-0.0692138671875,0.4912109375,0.0,0.6943359375,0.061187744140625
2767,1129,-2.2231671810150146,0.0,2.207176446914673,-0.8681640625,-0.06744384765625,0.4912109375,0.0,0.7138671875,0.016326904296875
2768,1130,-2.1293835639953613,0.0,2.3729248046875,-0.8681640625,-0.06744384765625,0.4912109375,0.0,0.69384765625,0.016021728515625
2769,1128,-2.158329963684082,0.42897284030914307,2.380673885345459,-0.8681640625,-0.0692138671875,0.4912109375,0.0,0.6943359375,0.061187744140625
2770,1131,-2.250807523727417,0.42619118094444275,2.216850519180298,-0.8681640625,-0.0692138671875,0.4912109375,0.0,0.7138671875,0.061187744140625
2771,1129,-2.2231671810150146,0.0,2.207176446914673,-0.8681640625,-0.06744384765625,0.4912109375,0.0,0.7138671875,0.016326904296875
2772,1132,-2.1885313987731934,0.7934966683387756,2.380312442779541,-0.86962890625,0.065185546875,0.48974609375,0.0,0.6953125,0.09954833984375
2773,1131,-2.250807523727417,0.42619118094444275,2.216850519180298,-0.8681640625,-0.0692138671875,0.4912109375,0.0,0.7138671875,0.061187744140625
2774,1128,-2.158329963684082,0.42897284030914307,2.380673885345459,-0.8681640625,-0.0692138671875,0.4912109375,0.0,0.6943359375,0.061187744140625
2775,1132,-2.1885313987731934,0.7934966683387756,2.380312442779541,-0.86962890625,0.065185546875,0.48974609375,0.0,0.6953125,0.09954833984375
2776,1133,-2.2714061737060547,0.7910058498382568,2.2335057258605957,-0.86962890625,0.065185546875,0.48974609375,0.0,0.712890625,0.09954833984375
2777,1131,-2.250807523727417,0.42619118094444275,2.216850519180298,-0.8681640625,-0.0692138671875,0.4912109375,0.0,0.7138671875,0.061187744140625
2778,1134,-2.11843204498291,1.2847434282302856,2.323378801345825,-0.841796875,0.263671875,0.470703125,0.0,0.69580078125,0.1519775390625
2779,1133,-2.2714061737060547,0.7910058498382568,2.2335057258605957,-0.86962890625,0.065185546875,0.48974609375,0.0,0.712890625,0.09954833984375
2780,1132,-2.1885313987731934,0.7934966683387756,2.380312442779541,-0.86962890625,0.065185546875,0.48974609375,0.0,0.6953125,0.09954833984375
2781,1134,-2.11843204498291,1.2847434282302856,2.323378801345825,-0.841796875,0.263671875,0.470703125,0.0,0.69580078125,0.1519775390625
2782,1135,-2.19357967376709,1.2824821472167969,2.190253973007202,-0.841796875,0.263671875,0.470703125,0.0,0.7119140625,0.1519775390625
2783,1133,-2.2714061737060547,0.7910058498382568,2.2335057258605957,-0.86962890625,0.065185546875,0.48974609375,0.0,0.712890625,0.09954833984375
2784,1136,-1.982959508895874,1.699029803276062,2.219294309616089,-0.7958984375,0.4130859375,0.4423828125,0.0,0.69775390625,0.1990966796875
2785,1135,-2.19357967376709,1.2824821472167969,2.190253973007202,-0.841796875,0.263671875,0.470703125,0.0,0.7119140625,0.1519775390625
2786,1134,-2.11843204498291,1.2847434282302856,2.323378801345825,-0.841796875,0.263671875,0.470703125,0.0,0.69580078125,0.1519775390625
2787,1136,-1.982959508895874,1.699029803276062,2.219294309616089,-0.7958984375,0.4130859375,0.4423828125,0.0,0.69775390625,0.1990966796875
2788,1137,-2.040497303009033,1.6972968578338623,2.11737060546875,-0.7958984375,0.4130859375,0.4423828125,0.0,0.7099609375,0.1990966796875
2789,1135,-2.19357967376709,1.2824821472167969,2.190253973007202,-0.841796875,0.263671875,0.470703125,0.0,0.7119140625,0.1519775390625
2790,1137,-2.040497303009033,1.6972968578338623,2.11737060546875,-0.7958984375,0.4130859375,0.4423828125,0.0,0.7099609375,0.1990966796875
2791,1136,-1.982959508895874,1.699029803276062,2.219294309616089,-0.7958984375,0.4130859375,0.4423828125,0.0,0.69775390625,0.1990966796875
2792,1138,-1.8359105587005615,2.0404770374298096,2.0632762908935547,-0.7509765625,0.51318359375,0.415283203125,0.0,0.7041015625,0.240966796875
2793,1139,-2.190155029296875,0.0,2.5945470333099365,-0.38525390625,0.305419921875,-0.87060546875,0.0,0.68310546875,0.6220703125
2794,1140,-1.9295098781585693,0.3165964186191559,2.5903050899505615,-0.3798828125,0.32568359375,-0.86572265625,0.0,0.70263671875,0.65673828125
2795,1141,-2.0037167072296143,-8.881783998477905e-18,2.512082815170288,-0.38525390625,0.305419921875,-0.87060546875,0.0,0.70263671875,0.62451171875
2796,1139,-2.190155029296875,0.0,2.5945470333099365,-0.38525390625,0.305419921875,-0.87060546875,0.0,0.68310546875,0.6220703125
2797,1142,-2.107595205307007,0.34186071157455444,2.677934408187866,-0.379638671875,0.326171875,-0.86572265625,0.0,0.6826171875,0.6572265625
2798,1140,-1.9295098781585693,0.3165964186191559,2.5903050899505615,-0.3798828125,0.32568359375,-0.86572265625,0.0,0.70263671875,0.65673828125
2799,1140,-1.9295098781585693,0.3165964186191559,2.5903050899505615,-0.3798828125,0.32568359375,-0.86572265625,0.0,0.70263671875,0.65673828125
2800,1142,-2.107595205307007,0.34186071157455444,2.677934408187866,-0.379638671875,0.326171875,-0.86572265625,0.0,0.6826171875,0.6572265625
2801,1143,-2.035043239593506,0.5614230036735535,2.73834228515625,-0.3408203125,0.453857421875,-0.8232421875,0.0,0.68310546875,0.6826171875
2802,1140,-1.9295098781585693,0.3165964186191559,2.5903050899505615,-0.3798828125,0.32568359375,-0.86572265625,0.0,0.70263671875,0.65673828125
2803,1143,-2.035043239593506,0.5614230036735535,2.73834228515625,-0.3408203125,0.453857421875,-0.8232421875,0.0,0.68310546875,0.6826171875
2804,1144,-1.8754626512527466,0.5387846827507019,2.6598119735717773,-0.3408203125,0.453857421875,-0.8232421875,0.0,0.70263671875,0.68212890625
2805,1145,-1.9202898740768433,0.8307479023933411,2.874829053878784,-0.288330078125,0.58837890625,-0.75537109375,0.0,0.68359375,0.71826171875
2806,1144,-1.8754626512527466,0.5387846827507019,2.6598119735717773,-0.3408203125,0.453857421875,-0.8232421875,0.0,0.70263671875,0.68212890625
2807,1143,-2.035043239593506,0.5614230036735535,2.73834228515625,-0.3408203125,0.453857421875,-0.8232421875,0.0,0.68310546875,0.6826171875
2808,1145,-1.9202898740768433,0.8307479023933411,2.874829053878784,-0.288330078125,0.58837890625,-0.75537109375,0.0,0.68359375,0.71826171875
2809,1146,-1.7755743265151978,0.810219407081604,2.8036205768585205,-0.288330078125,0.58837890625,-0.75537109375,0.0,0.70166015625,0.71826171875
2810,1144,-1.8754626512527466,0.5387846827507019,2.6598119735717773,-0.3408203125,0.453857421875,-0.8232421875,0.0,0.70263671875,0.68212890625
2811,1147,-1.6853166818618774,1.0201339721679688,2.97002911567688,-0.2398681640625,0.6875,-0.685546875,0.0,0.69970703125,0.7490234375
2812,1146,-1.7755743265151978,0.810219407081604,2.8036205768585205,-0.288330078125,0.58837890625,-0.75537109375,0.0,0.70166015625,0.71826171875
2813,1145,-1.9202898740768433,0.8307479023933411,2.874829053878784,-0.288330078125,0.58837890625,-0.75537109375,0.0,0.68359375,0.71826171875
2814,1147,-1.6853166818618774,1.0201339721679688,2.97002911567688,-0.2398681640625,0.6875,-0.685546875,0.0,0.69970703125,0.7490234375
2815,1145,-1.9202898740768433,0.8307479023933411,2.874829053878784,-0.288330078125,0.58837890625,-0.75537109375,0.0,0.68359375,0.71826171875
2816,1148,-1.7961138486862183,1.03584885597229,3.024545907974243,-0.2398681640625,0.6875,-0.685546875,0.0,0.68603515625,0.7490234375
2817,1147,-1.6853166818618774,1.0201339721679688,2.97002911567688,-0.2398681640625,0.6875,-0.685546875,0.0,0.69970703125,0.7490234375
2818,1148,-1.7961138486862183,1.03584885597229,3.024545907974243,-0.2398681640625,0.6875,-0.685546875,0.0,0.68603515625,0.7490234375
2819,1149,-1.640635371208191,1.1850831508636475,3.1553759574890137,-0.199951171875,0.75537109375,-0.6240234375,0.0,0.69287109375,0.7763671875
2820,1150,-3.189385414123535,0.42678526043891907,1.4344408512115479,0.74755859375,-0.0714111328125,0.66015625,0.0,0.74365234375,0.06024169921875
2821,1151,-3.3379147052764893,0.0,1.557557463645935,0.74755859375,-0.06964111328125,0.66064453125,0.0,0.76318359375,0.01525115966796875
2822,1152,-3.2118422985076904,0.0,1.4148473739624023,0.74755859375,-0.06964111328125,0.66064453125,0.0,0.7431640625,0.01531219482421875
2823,1150,-3.189385414123535,0.42678526043891907,1.4344408512115479,0.74755859375,-0.0714111328125,0.66015625,0.0,0.74365234375,0.06024169921875
2824,1153,-3.3139190673828125,0.4273670017719269,1.57546865940094,0.74755859375,-0.0714111328125,0.66015625,0.0,0.76318359375,0.06024169921875
2825,1151,-3.3379147052764893,0.0,1.557557463645935,0.74755859375,-0.06964111328125,0.66064453125,0.0,0.76318359375,0.01525115966796875
2826,1154,-3.1749260425567627,0.7914647459983826,1.458742618560791,0.748046875,0.06298828125,0.66064453125,0.0,0.74462890625,0.0986328125
2827,1153,-3.3139190673828125,0.4273670017719269,1.57546865940094,0.74755859375,-0.0714111328125,0.66015625,0.0,0.76318359375,0.06024169921875
2828,1150,-3.189385414123535,0.42678526043891907,1.4344408512115479,0.74755859375,-0.0714111328125,0.66015625,0.0,0.74365234375,0.06024169921875
2829,1154,-3.1749260425567627,0.7914647459983826,1.458742618560791,0.748046875,0.06298828125,0.66064453125,0.0,0.74462890625,0.0986328125
2830,1155,-3.28652286529541,0.7919891476631165,1.5851171016693115,0.748046875,0.06298828125,0.66064453125,0.0,0.76220703125,0.0986328125
2831,1153,-3.3139190673828125,0.4273670017719269,1.57546865940094,0.74755859375,-0.0714111328125,0.66015625,0.0,0.76318359375,0.06024169921875
2832,1156,-3.2450616359710693,1.2830967903137207,1.4052709341049194,0.72412109375,0.261474609375,0.63818359375,0.0,0.7451171875,0.151123046875
2833,1155,-3.28652286529541,0.7919891476631165,1.5851171016693115,0.748046875,0.06298828125,0.66064453125,0.0,0.76220703125,0.0986328125
2834,1154,-3.1749260425567627,0.7914647459983826,1.458742618560791,0.748046875,0.06298828125,0.66064453125,0.0,0.74462890625,0.0986328125
2835,1156,-3.2450616359710693,1.2830967903137207,1.4052709341049194,0.72412109375,0.261474609375,0.63818359375,0.0,0.7451171875,0.151123046875
2836,1157,-3.346256732940674,1.2835676670074463,1.5198705196380615,0.72412109375,0.261474609375,0.63818359375,0.0,0.76123046875,0.151123046875
2837,1155,-3.28652286529541,0.7919891476631165,1.5851171016693115,0.748046875,0.06298828125,0.66064453125,0.0,0.76220703125,0.0986328125
2838,1158,-3.382174491882324,1.6981121301651,1.3063890933990479,0.68408203125,0.4111328125,0.6025390625,0.0,0.7470703125,0.1981201171875
2839,1157,-3.346256732940674,1.2835676670074463,1.5198705196380615,0.72412109375,0.261474609375,0.63818359375,0.0,0.76123046875,0.151123046875
2840,1156,-3.2450616359710693,1.2830967903137207,1.4052709341049194,0.72412109375,0.261474609375,0.63818359375,0.0,0.7451171875,0.151123046875
2841,1158,-3.382174491882324,1.6981121301651,1.3063890933990479,0.68408203125,0.4111328125,0.6025390625,0.0,0.7470703125,0.1981201171875
2842,1159,-3.45965576171875,1.698476791381836,1.3941235542297363,0.68408203125,0.4111328125,0.6025390625,0.0,0.75927734375,0.1981201171875
2843,1157,-3.346256732940674,1.2835676670074463,1.5198705196380615,0.72412109375,0.261474609375,0.63818359375,0.0,0.76123046875,0.151123046875
2844,1159,-3.45965576171875,1.698476791381836,1.3941235542297363,0.68408203125,0.4111328125,0.6025390625,0.0,0.75927734375,0.1981201171875
2845,1158,-3.382174491882324,1.6981121301651,1.3063890933990479,0.68408203125,0.4111328125,0.6025390625,0.0,0.7470703125,0.1981201171875
2846,1160,-3.573131561279297,2.0410916805267334,1.2144335508346558,0.64501953125,0.51123046875,0.56787109375,0.0,0.75341796875,0.239990234375
2847,1161,-3.016008138656616,0.26188918948173523,1.7774022817611694,-0.09661865234375,0.0594482421875,0.99365234375,0.0,0.60888671875,0.72998046875
2848,1162,-3.218825101852417,0.0,1.7741718292236328,-0.0965576171875,0.06256103515625,0.9931640625,0.0,0.6298828125,0.70263671875
2849,1163,-3.0171122550964355,0.0,1.7937815189361572,-0.0965576171875,0.06256103515625,0.9931640625,0.0,0.60888671875,0.70263671875
2850,1161,-3.016008138656616,0.26188918948173523,1.7774022817611694,-0.09661865234375,0.0594482421875,0.99365234375,0.0,0.60888671875,0.72998046875
2851,1164,-3.2151408195495605,0.2625037431716919,1.7580053806304932,-0.09661865234375,0.0594482421875,0.99365234375,0.0,0.6298828125,0.72998046875
2852,1162,-3.218825101852417,0.0,1.7741718292236328,-0.0965576171875,0.06256103515625,0.9931640625,0.0,0.6298828125,0.70263671875
2853,1165,-3.0245890617370605,0.47132453322410583,1.7649389505386353,-0.091552734375,0.299560546875,0.94970703125,0.0,0.60986328125,0.751953125
2854,1164,-3.2151408195495605,0.2625037431716919,1.7580053806304932,-0.09661865234375,0.0594482421875,0.99365234375,0.0,0.6298828125,0.72998046875
2855,1161,-3.016008138656616,0.26188918948173523,1.7774022817611694,-0.09661865234375,0.0594482421875,0.99365234375,0.0,0.60888671875,0.72998046875
2856,1165,-3.0245890617370605,0.47132453322410583,1.7649389505386353,-0.091552734375,0.299560546875,0.94970703125,0.0,0.60986328125,0.751953125
2857,1166,-3.2030327320098877,0.4718693494796753,1.74755859375,-0.091552734375,0.299560546875,0.94970703125,0.0,0.62890625,0.751953125
2858,1164,-3.2151408195495605,0.2625037431716919,1.7580053806304932,-0.09661865234375,0.0594482421875,0.99365234375,0.0,0.6298828125,0.72998046875
2859,1167,-3.017881393432617,0.7369745969772339,1.6183325052261353,-0.07586669921875,0.59765625,0.7978515625,0.0,0.61083984375,0.78369140625
2860,1166,-3.2030327320098877,0.4718693494796753,1.74755859375,-0.091552734375,0.299560546875,0.94970703125,0.0,0.62890625,0.751953125
2861,1165,-3.0245890617370605,0.47132453322410583,1.7649389505386353,-0.091552734375,0.299560546875,0.94970703125,0.0,0.60986328125,0.751953125
2862,1167,-3.017881393432617,0.7369745969772339,1.6183325052261353,-0.07586669921875,0.59765625,0.7978515625,0.0,0.61083984375,0.78369140625
2863,1168,-3.1797001361846924,0.7374745011329651,1.6025731563568115,-0.07586669921875,0.59765625,0.7978515625,0.0,0.6279296875,0.78369140625
2864,1166,-3.2030327320098877,0.4718693494796753,1.74755859375,-0.091552734375,0.299560546875,0.94970703125,0.0,0.62890625,0.751953125
2865,1169,-3.014606237411499,0.9486426115036011,1.3948290348052979,-0.06109619140625,0.75634765625,0.6513671875,0.0,0.61279296875,0.81591796875
2866,1168,-3.1797001361846924,0.7374745011329651,1.6025731563568115,-0.07586669921875,0.59765625,0.7978515625,0.0,0.6279296875,0.78369140625
2867,1167,-3.017881393432617,0.7369745969772339,1.6183325052261353,-0.07586669921875,0.59765625,0.7978515625,0.0,0.61083984375,0.78369140625
2868,1169,-3.014606237411499,0.9486426115036011,1.3948290348052979,-0.06109619140625,0.75634765625,0.6513671875,0.0,0.61279296875,0.81591796875
2869,1170,-3.138495445251465,0.9490235447883606,1.3827612400054932,-0.06109619140625,0.75634765625,0.6513671875,0.0,0.6259765625,0.81591796875
2870,1168,-3.1797001361846924,0.7374745011329651,1.6025731563568115,-0.07586669921875,0.59765625,0.7978515625,0.0,0.6279296875,0.78369140625
2871,1170,-3.138495445251465,0.9490235447883606,1.3827612400054932,-0.06109619140625,0.75634765625,0.6513671875,0.0,0.6259765625,0.81591796875
2872,1169,-3.014606237411499,0.9486426115036011,1.3948290348052979,-0.06109619140625,0.75634765625,0.6513671875,0.0,0.61279296875,0.81591796875
2873,1171,-3.051555633544922,1.1149150133132935,1.1374682188034058,-0.05072021484375,0.83544921875,0.546875,0.0,0.619140625,0.84765625
2874,1172,-2.7085070610046387,0.40315550565719604,2.1563427448272705,-0.986328125,0.07110595703125,0.1494140625,0.0,0.367919921875,0.486572265625
2875,1173,-2.768125295639038,0.0,1.9603216648101807,-0.98583984375,0.07318115234375,0.1494140625,0.0,0.38916015625,0.444091796875
2876,1174,-2.73773193359375,0.0,2.160949230194092,-0.98583984375,0.07318115234375,0.1494140625,0.0,0.367919921875,0.444091796875
2877,1172,-2.7085070610046387,0.40315550565719604,2.1563427448272705,-0.986328125,0.07110595703125,0.1494140625,0.0,0.367919921875,0.486572265625
2878,1175,-2.7384276390075684,0.40376585721969604,1.9585204124450684,-0.986328125,0.07110595703125,0.1494140625,0.0,0.388916015625,0.486572265625
2879,1173,-2.768125295639038,0.0,1.9603216648101807,-0.98583984375,0.07318115234375,0.1494140625,0.0,0.38916015625,0.444091796875
2880,1176,-2.6901934146881104,0.6962575316429138,2.143972158432007,-0.95849609375,0.245361328125,0.145751953125,0.0,0.369140625,0.517578125
2881,1175,-2.7384276390075684,0.40376585721969604,1.9585204124450684,-0.986328125,0.07110595703125,0.1494140625,0.0,0.388916015625,0.486572265625
2882,1172,-2.7085070610046387,0.40315550565719604,2.1563427448272705,-0.986328125,0.07110595703125,0.1494140625,0.0,0.367919921875,0.486572265625
2883,1176,-2.6901934146881104,0.6962575316429138,2.143972158432007,-0.95849609375,0.245361328125,0.145751953125,0.0,0.369140625,0.517578125
2884,1177,-2.717010974884033,0.6968106627464294,1.96670401096344,-0.95849609375,0.245361328125,0.145751953125,0.0,0.387939453125,0.517578125
2885,1175,-2.7384276390075684,0.40376585721969604,1.9585204124450684,-0.986328125,0.07110595703125,0.1494140625,0.0,0.388916015625,0.486572265625
2886,1178,-2.5353147983551025,1.0733089447021484,2.1132616996765137,-0.86474609375,0.484375,0.13232421875,0.0,0.369873046875,0.56005859375
2887,1177,-2.717010974884033,0.6968106627464294,1.96670401096344,-0.95849609375,0.245361328125,0.145751953125,0.0,0.387939453125,0.517578125
2888,1176,-2.6901934146881104,0.6962575316429138,2.143972158432007,-0.95849609375,0.245361328125,0.145751953125,0.0,0.369140625,0.517578125
2889,1178,-2.5353147983551025,1.0733089447021484,2.1132616996765137,-0.86474609375,0.484375,0.13232421875,0.0,0.369873046875,0.56005859375
2890,1179,-2.5596325397491455,1.0738089084625244,1.9525048732757568,-0.86474609375,0.484375,0.13232421875,0.0,0.386962890625,0.56005859375
2891,1177,-2.717010974884033,0.6968106627464294,1.96670401096344,-0.95849609375,0.245361328125,0.145751953125,0.0,0.387939453125,0.517578125
2892,1179,-2.5596325397491455,1.0738089084625244,1.9525048732757568,-0.86474609375,0.484375,0.13232421875,0.0,0.386962890625,0.56005859375
2893,1178,-2.5353147983551025,1.0733089447021484,2.1132616996765137,-0.86474609375,0.484375,0.13232421875,0.0,0.369873046875,0.56005859375
2894,1180,-2.30855393409729,1.3779391050338745,2.0606298446655273,-0.75927734375,0.64013671875,0.1168212890625,0.0,0.3720703125,0.6005859375
2895,1179,-2.5596325397491455,1.0738089084625244,1.9525048732757568,-0.86474609375,0.484375,0.13232421875,0.0,0.386962890625,0.56005859375
2896,1180,-2.30855393409729,1.3779391050338745,2.0606298446655273,-0.75927734375,0.64013671875,0.1168212890625,0.0,0.3720703125,0.6005859375
2897,1181,-2.32717227935791,1.378316044807434,1.9375585317611694,-0.75927734375,0.64013671875,0.1168212890625,0.0,0.385009765625,0.6005859375
2898,1181,-2.32717227935791,1.378316044807434,1.9375585317611694,-0.75927734375,0.64013671875,0.1168212890625,0.0,0.385009765625,0.6005859375
2899,1180,-2.30855393409729,1.3779391050338745,2.0606298446655273,-0.75927734375,0.64013671875,0.1168212890625,0.0,0.3720703125,0.6005859375
2900,1182,-2.060488224029541,1.6202670335769653,1.9609105587005615,-0.67333984375,0.73193359375,0.10406494140625,0.0,0.37841796875,0.6376953125
2901,1183,-2.898104190826416,0.41143089532852173,2.0330564975738525,-0.474365234375,0.06451416015625,0.8779296875,0.0,0.472412109375,0.4736328125
2902,1184,-3.0755233764648438,0.0,1.968400239944458,-0.474365234375,0.06658935546875,0.8779296875,0.0,0.493408203125,0.43115234375
2903,1185,-2.8968586921691895,0.0,2.0649380683898926,-0.474365234375,0.06658935546875,0.8779296875,0.0,0.47216796875,0.430419921875
2904,1183,-2.898104190826416,0.41143089532852173,2.0330564975738525,-0.474365234375,0.06451416015625,0.8779296875,0.0,0.472412109375,0.4736328125
2905,1186,-3.0742383003234863,0.4042738974094391,1.9384349584579468,-0.474365234375,0.06451416015625,0.8779296875,0.0,0.493408203125,0.4736328125
2906,1184,-3.0755233764648438,0.0,1.968400239944458,-0.474365234375,0.06658935546875,0.8779296875,0.0,0.493408203125,0.43115234375
2907,1187,-2.9079625606536865,0.7040740251541138,2.0072948932647705,-0.467041015625,0.23876953125,0.8515625,0.0,0.473388671875,0.50439453125
2908,1186,-3.0742383003234863,0.4042738974094391,1.9384349584579468,-0.474365234375,0.06451416015625,0.8779296875,0.0,0.493408203125,0.4736328125
2909,1183,-2.898104190826416,0.41143089532852173,2.0330564975738525,-0.474365234375,0.06451416015625,0.8779296875,0.0,0.472412109375,0.4736328125
2910,1187,-2.9079625606536865,0.7040740251541138,2.0072948932647705,-0.467041015625,0.23876953125,0.8515625,0.0,0.473388671875,0.50439453125
2911,1188,-3.065800666809082,0.6976545453071594,1.9224975109100342,-0.467041015625,0.23876953125,0.8515625,0.0,0.4921875,0.50439453125
2912,1186,-3.0742383003234863,0.4042738974094391,1.9384349584579468,-0.474365234375,0.06451416015625,0.8779296875,0.0,0.493408203125,0.4736328125
2913,1189,-2.853760242462158,1.0815845727920532,1.8601806163787842,-0.4306640625,0.478271484375,0.765625,0.0,0.474365234375,0.54736328125
2914,1188,-3.065800666809082,0.6976545453071594,1.9224975109100342,-0.467041015625,0.23876953125,0.8515625,0.0,0.4921875,0.50439453125
2915,1187,-2.9079625606536865,0.7040740251541138,2.0072948932647705,-0.467041015625,0.23876953125,0.8515625,0.0,0.473388671875,0.50439453125
2916,1189,-2.853760242462158,1.0815845727920532,1.8601806163787842,-0.4306640625,0.478271484375,0.765625,0.0,0.474365234375,0.54736328125
2917,1190,-2.996894359588623,1.0757670402526855,1.783290982246399,-0.4306640625,0.478271484375,0.765625,0.0,0.4912109375,0.54736328125
2918,1188,-3.065800666809082,0.6976545453071594,1.9224975109100342,-0.467041015625,0.23876953125,0.8515625,0.0,0.4921875,0.50439453125
2919,1191,-2.771296977996826,1.386796236038208,1.6433080434799194,-0.385498046875,0.634765625,0.66943359375,0.0,0.476318359375,0.587890625
2920,1190,-2.996894359588623,1.0757670402526855,1.783290982246399,-0.4306640625,0.478271484375,0.765625,0.0,0.4912109375,0.54736328125
2921,1189,-2.853760242462158,1.0815845727920532,1.8601806163787842,-0.4306640625,0.478271484375,0.765625,0.0,0.474365234375,0.54736328125
2922,1191,-2.771296977996826,1.386796236038208,1.6433080434799194,-0.385498046875,0.634765625,0.66943359375,0.0,0.476318359375,0.587890625
2923,1192,-2.880882501602173,1.382343053817749,1.584438443183899,-0.385498046875,0.634765625,0.66943359375,0.0,0.4892578125,0.587890625
2924,1190,-2.996894359588623,1.0757670402526855,1.783290982246399,-0.4306640625,0.478271484375,0.765625,0.0,0.4912109375,0.54736328125
2925,1192,-2.880882501602173,1.382343053817749,1.584438443183899,-0.385498046875,0.634765625,0.66943359375,0.0,0.4892578125,0.587890625
2926,1191,-2.771296977996826,1.386796236038208,1.6433080434799194,-0.385498046875,0.634765625,0.66943359375,0.0,0.476318359375,0.587890625
2927,1193,-2.71140193939209,1.628259539604187,1.3819457292556763,-0.34765625,0.72705078125,0.59228515625,0.0,0.482666015625,0.625
2928,1194,-3.2279772758483887,0.24893955886363983,1.7588086128234863,0.74853515625,0.059356689453125,0.66064453125,0.0,0.161376953125,0.72412109375
2929,1195,-3.3500053882598877,0.0,1.9206287860870361,0.748046875,0.06256103515625,0.66064453125,0.0,0.1824951171875,0.69775390625
2930,1196,-3.215975284576416,0.0,1.768785834312439,0.748046875,0.06256103515625,0.66064453125,0.0,0.1612548828125,0.69775390625
2931,1194,-3.2279772758483887,0.24893955886363983,1.7588086128234863,0.74853515625,0.059356689453125,0.66064453125,0.0,0.161376953125,0.72412109375
2932,1197,-3.360405206680298,0.2495540827512741,1.908779263496399,0.74853515625,0.059356689453125,0.66064453125,0.0,0.182373046875,0.72412109375
2933,1195,-3.3500053882598877,0.0,1.9206287860870361,0.748046875,0.06256103515625,0.66064453125,0.0,0.1824951171875,0.69775390625
2934,1198,-3.243103504180908,0.45837080478668213,1.7584569454193115,0.7158203125,0.299560546875,0.630859375,0.0,0.1624755859375,0.74609375
2935,1197,-3.360405206680298,0.2495540827512741,1.908779263496399,0.74853515625,0.059356689453125,0.66064453125,0.0,0.182373046875,0.72412109375
2936,1194,-3.2279772758483887,0.24893955886363983,1.7588086128234863,0.74853515625,0.059356689453125,0.66064453125,0.0,0.161376953125,0.72412109375
2937,1198,-3.243103504180908,0.45837080478668213,1.7584569454193115,0.7158203125,0.299560546875,0.630859375,0.0,0.1624755859375,0.74609375
2938,1199,-3.3617777824401855,0.4589196741580963,1.89285147190094,0.7158203125,0.299560546875,0.630859375,0.0,0.1812744140625,0.74609375
2939,1197,-3.360405206680298,0.2495540827512741,1.908779263496399,0.74853515625,0.059356689453125,0.66064453125,0.0,0.182373046875,0.72412109375
2940,1200,-3.3579583168029785,0.7240249514579773,1.6670947074890137,0.60205078125,0.59765625,0.529296875,0.0,0.163330078125,0.77783203125
2941,1199,-3.3617777824401855,0.4589196741580963,1.89285147190094,0.7158203125,0.299560546875,0.630859375,0.0,0.1812744140625,0.74609375
2942,1198,-3.243103504180908,0.45837080478668213,1.7584569454193115,0.7158203125,0.299560546875,0.630859375,0.0,0.1624755859375,0.74609375
2943,1200,-3.3579583168029785,0.7240249514579773,1.6670947074890137,0.60205078125,0.59765625,0.529296875,0.0,0.163330078125,0.77783203125
2944,1201,-3.4655749797821045,0.7245206236839294,1.788967251777649,0.60205078125,0.59765625,0.529296875,0.0,0.180419921875,0.77783203125
2945,1199,-3.3617777824401855,0.4589196741580963,1.89285147190094,0.7158203125,0.299560546875,0.630859375,0.0,0.1812744140625,0.74609375
2946,1202,-3.537123918533325,0.9356889128684998,1.5334398746490479,0.49169921875,0.75634765625,0.43115234375,0.0,0.165283203125,0.81005859375
2947,1201,-3.4655749797821045,0.7245206236839294,1.788967251777649,0.60205078125,0.59765625,0.529296875,0.0,0.180419921875,0.77783203125
2948,1200,-3.3579583168029785,0.7240249514579773,1.6670947074890137,0.60205078125,0.59765625,0.529296875,0.0,0.163330078125,0.77783203125
2949,1202,-3.537123918533325,0.9356889128684998,1.5334398746490479,0.49169921875,0.75634765625,0.43115234375,0.0,0.165283203125,0.81005859375
2950,1203,-3.619515895843506,0.9360698461532593,1.6267406940460205,0.49169921875,0.75634765625,0.43115234375,0.0,0.1783447265625,0.81005859375
2951,1201,-3.4655749797821045,0.7245206236839294,1.788967251777649,0.60205078125,0.59765625,0.529296875,0.0,0.180419921875,0.77783203125
2952,1203,-3.619515895843506,0.9360698461532593,1.6267406940460205,0.49169921875,0.75634765625,0.43115234375,0.0,0.1783447265625,0.81005859375
2953,1202,-3.537123918533325,0.9356889128684998,1.5334398746490479,0.49169921875,0.75634765625,0.43115234375,0.0,0.165283203125,0.81005859375
2954,1204,-3.767303466796875,1.101961374282837,1.4125341176986694,0.41357421875,0.83544921875,0.36181640625,0.0,0.171875,0.841796875
2955,1205,-2.8134491443634033,0.0,2.373286008834839,-0.4580078125,0.29150390625,-0.83984375,0.0,0.83447265625,0.23291015625
2956,1206,-2.533411741256714,0.4650769829750061,2.382033586502075,-0.45556640625,0.302001953125,-0.83740234375,0.0,0.85498046875,0.283203125
2957,1207,-2.6347854137420654,0.0,2.275881052017212,-0.4580078125,0.29150390625,-0.83984375,0.0,0.8544921875,0.234619140625
2958,1205,-2.8134491443634033,0.0,2.373286008834839,-0.4580078125,0.29150390625,-0.83984375,0.0,0.83447265625,0.23291015625
2959,1208,-2.705875873565674,0.48218482732772827,2.481999397277832,-0.45556640625,0.302001953125,-0.83740234375,0.0,0.83447265625,0.283203125
2960,1206,-2.533411741256714,0.4650769829750061,2.382033586502075,-0.45556640625,0.302001953125,-0.83740234375,0.0,0.85498046875,0.283203125
2961,1209,-2.6190202236175537,0.800506055355072,2.556567430496216,-0.42578125,0.412353515625,-0.80517578125,0.0,0.8349609375,0.3193359375
2962,1206,-2.533411741256714,0.4650769829750061,2.382033586502075,-0.45556640625,0.302001953125,-0.83740234375,0.0,0.85498046875,0.283203125
2963,1208,-2.705875873565674,0.48218482732772827,2.481999397277832,-0.45556640625,0.302001953125,-0.83740234375,0.0,0.83447265625,0.283203125
2964,1209,-2.6190202236175537,0.800506055355072,2.556567430496216,-0.42578125,0.412353515625,-0.80517578125,0.0,0.8349609375,0.3193359375
2965,1210,-2.464470148086548,0.7851762771606445,2.466984748840332,-0.42578125,0.412353515625,-0.80517578125,0.0,0.85400390625,0.3193359375
2966,1206,-2.533411741256714,0.4650769829750061,2.382033586502075,-0.45556640625,0.302001953125,-0.83740234375,0.0,0.85498046875,0.283203125
2967,1211,-2.470073699951172,1.1962467432022095,2.729081869125366,-0.379150390625,0.54541015625,-0.74755859375,0.0,0.8359375,0.36865234375
2968,1210,-2.464470148086548,0.7851762771606445,2.466984748840332,-0.42578125,0.412353515625,-0.80517578125,0.0,0.85400390625,0.3193359375
2969,1209,-2.6190202236175537,0.800506055355072,2.556567430496216,-0.42578125,0.412353515625,-0.80517578125,0.0,0.8349609375,0.3193359375
2970,1211,-2.470073699951172,1.1962467432022095,2.729081869125366,-0.379150390625,0.54541015625,-0.74755859375,0.0,0.8359375,0.36865234375
2971,1212,-2.3299286365509033,1.182342529296875,2.6478514671325684,-0.379150390625,0.54541015625,-0.74755859375,0.0,0.853515625,0.36865234375
2972,1210,-2.464470148086548,0.7851762771606445,2.466984748840332,-0.42578125,0.412353515625,-0.80517578125,0.0,0.85400390625,0.3193359375
2973,1213,-2.3062267303466797,1.5036300420761108,2.921015501022339,-0.333740234375,0.64599609375,-0.6865234375,0.0,0.837890625,0.41162109375
2974,1212,-2.3299286365509033,1.182342529296875,2.6478514671325684,-0.379150390625,0.54541015625,-0.74755859375,0.0,0.853515625,0.36865234375
2975,1211,-2.470073699951172,1.1962467432022095,2.729081869125366,-0.379150390625,0.54541015625,-0.74755859375,0.0,0.8359375,0.36865234375
2976,1213,-2.3062267303466797,1.5036300420761108,2.921015501022339,-0.333740234375,0.64599609375,-0.6865234375,0.0,0.837890625,0.41162109375
2977,1214,-2.198932409286499,1.4929826259613037,2.858818292617798,-0.333740234375,0.64599609375,-0.6865234375,0.0,0.85107421875,0.41162109375
2978,1212,-2.3299286365509033,1.182342529296875,2.6478514671325684,-0.379150390625,0.54541015625,-0.74755859375,0.0,0.853515625,0.36865234375
2979,1214,-2.198932409286499,1.4929826259613037,2.858818292617798,-0.333740234375,0.64599609375,-0.6865234375,0.0,0.85107421875,0.41162109375
2980,1213,-2.3062267303466797,1.5036300420761108,2.921015501022339,-0.333740234375,0.64599609375,-0.6865234375,0.0,0.837890625,0.41162109375
2981,1215,-2.1115753650665283,1.7358441352844238,3.09252667427063,-0.2958984375,0.71533203125,-0.6328125,0.0,0.8447265625,0.44873046875
2982,1216,-2.8855724334716797,0.4202878475189209,2.0604639053344727,0.748046875,0.0711669921875,0.66015625,0.0,0.2734375,0.525390625
2983,1217,-2.996685743331909,-1.1102229998097382e-18,2.2329564094543457,0.74755859375,0.07318115234375,0.66015625,0.0,0.252197265625,0.56982421875
2984,1218,-2.862325668334961,0.0,2.0807347297668457,0.74755859375,0.07318115234375,0.66015625,0.0,0.2734375,0.5693359375
2985,1216,-2.8855724334716797,0.4202878475189209,2.0604639053344727,0.748046875,0.0711669921875,0.66015625,0.0,0.2734375,0.525390625
2986,1219,-3.0180015563964844,0.4209023118019104,2.2104344367980957,0.748046875,0.0711669921875,0.66015625,0.0,0.25244140625,0.525390625
2987,1217,-2.996685743331909,-1.1102229998097382e-18,2.2329564094543457,0.74755859375,0.07318115234375,0.66015625,0.0,0.252197265625,0.56982421875
2988,1220,-2.906816244125366,0.713394045829773,2.0543675422668457,0.72705078125,0.245361328125,0.64111328125,0.0,0.272216796875,0.494384765625
2989,1219,-3.0180015563964844,0.4209023118019104,2.2104344367980957,0.748046875,0.0711669921875,0.66015625,0.0,0.25244140625,0.525390625
2990,1216,-2.8855724334716797,0.4202878475189209,2.0604639053344727,0.748046875,0.0711669921875,0.66015625,0.0,0.2734375,0.525390625
2991,1220,-2.906816244125366,0.713394045829773,2.0543675422668457,0.72705078125,0.245361328125,0.64111328125,0.0,0.272216796875,0.494384765625
2992,1221,-3.0254900455474854,0.713947057723999,2.1887645721435547,0.72705078125,0.245361328125,0.64111328125,0.0,0.25341796875,0.494384765625
2993,1219,-3.0180015563964844,0.4209023118019104,2.2104344367980957,0.748046875,0.0711669921875,0.66015625,0.0,0.25244140625,0.525390625
2994,1222,-3.029810667037964,1.090445637702942,1.955361247062683,0.65673828125,0.484375,0.578125,0.0,0.271484375,0.451416015625
2995,1221,-3.0254900455474854,0.713947057723999,2.1887645721435547,0.72705078125,0.245361328125,0.64111328125,0.0,0.25341796875,0.494384765625
2996,1220,-2.906816244125366,0.713394045829773,2.0543675422668457,0.72705078125,0.245361328125,0.64111328125,0.0,0.272216796875,0.494384765625
2997,1222,-3.029810667037964,1.090445637702942,1.955361247062683,0.65673828125,0.484375,0.578125,0.0,0.271484375,0.451416015625
2998,1223,-3.13742733001709,1.0909452438354492,2.0772314071655273,0.65673828125,0.484375,0.578125,0.0,0.25439453125,0.451416015625
2999,1221,-3.0254900455474854,0.713947057723999,2.1887645721435547,0.72705078125,0.245361328125,0.64111328125,0.0,0.25341796875,0.494384765625
3000,1224,-3.215773344039917,1.3950716257095337,1.8153270483016968,0.5771484375,0.64013671875,0.5068359375,0.0,0.269287109375,0.411376953125
3001,1223,-3.13742733001709,1.0909452438354492,2.0772314071655273,0.65673828125,0.484375,0.578125,0.0,0.25439453125,0.451416015625
3002,1222,-3.029810667037964,1.090445637702942,1.955361247062683,0.65673828125,0.484375,0.578125,0.0,0.271484375,0.451416015625
3003,1224,-3.215773344039917,1.3950716257095337,1.8153270483016968,0.5771484375,0.64013671875,0.5068359375,0.0,0.269287109375,0.411376953125
3004,1225,-3.298159122467041,1.3954527378082275,1.908632755279541,0.5771484375,0.64013671875,0.5068359375,0.0,0.25634765625,0.411376953125
3005,1223,-3.13742733001709,1.0909452438354492,2.0772314071655273,0.65673828125,0.484375,0.578125,0.0,0.25439453125,0.451416015625
3006,1225,-3.298159122467041,1.3954527378082275,1.908632755279541,0.5771484375,0.64013671875,0.5068359375,0.0,0.25634765625,0.411376953125
3007,1224,-3.215773344039917,1.3950716257095337,1.8153270483016968,0.5771484375,0.64013671875,0.5068359375,0.0,0.269287109375,0.411376953125
3008,1226,-3.451507568359375,1.6373990774154663,1.6892015933990479,0.51220703125,0.73193359375,0.44921875,0.0,0.262939453125,0.3740234375
3009,1227,-3.713503360748291,0.23246678709983826,1.336940884590149,0.73486328125,0.1983642578125,0.6484375,0.0,0.78125,0.90380859375
3010,1228,-3.809910297393799,0.0,1.5047582387924194,0.73974609375,0.1644287109375,0.65283203125,0.0,0.798828125,0.88232421875
3011,1229,-3.684016227722168,0.0,1.3621512651443481,0.73974609375,0.1644287109375,0.65283203125,0.0,0.78125,0.88232421875
3012,1227,-3.713503360748291,0.23246678709983826,1.336940884590149,0.73486328125,0.1983642578125,0.6484375,0.0,0.78125,0.90380859375
3013,1230,-3.8380370140075684,0.23304444551467896,1.4779638051986694,0.73486328125,0.1983642578125,0.6484375,0.0,0.79931640625,0.904296875
3014,1228,-3.809910297393799,0.0,1.5047582387924194,0.73974609375,0.1644287109375,0.65283203125,0.0,0.798828125,0.88232421875
3015,1231,-3.7463536262512207,0.3624630570411682,1.320436954498291,0.6796875,0.424560546875,0.59814453125,0.0,0.78125,0.91748046875
3016,1230,-3.8380370140075684,0.23304444551467896,1.4779638051986694,0.73486328125,0.1983642578125,0.6484375,0.0,0.79931640625,0.904296875
3017,1227,-3.713503360748291,0.23246678709983826,1.336940884590149,0.73486328125,0.1983642578125,0.6484375,0.0,0.78125,0.90380859375
3018,1231,-3.7463536262512207,0.3624630570411682,1.320436954498291,0.6796875,0.424560546875,0.59814453125,0.0,0.78125,0.91748046875
3019,1232,-3.857950448989868,0.3629792630672455,1.446813941001892,0.6796875,0.424560546875,0.59814453125,0.0,0.79931640625,0.91748046875
3020,1230,-3.8380370140075684,0.23304444551467896,1.4779638051986694,0.73486328125,0.1983642578125,0.6484375,0.0,0.79931640625,0.904296875
3021,1233,-3.8286919593811035,0.5183217525482178,1.257570743560791,0.57958984375,0.6357421875,0.50927734375,0.0,0.78125,0.9384765625
3022,1232,-3.857950448989868,0.3629792630672455,1.446813941001892,0.6796875,0.424560546875,0.59814453125,0.0,0.79931640625,0.91748046875
3023,1231,-3.7463536262512207,0.3624630570411682,1.320436954498291,0.6796875,0.424560546875,0.59814453125,0.0,0.78125,0.91748046875
3024,1233,-3.8286919593811035,0.5183217525482178,1.257570743560791,0.57958984375,0.6357421875,0.50927734375,0.0,0.78125,0.9384765625
3025,1234,-3.929893732070923,0.518788754940033,1.3721752166748047,0.57958984375,0.6357421875,0.50927734375,0.0,0.79931640625,0.9384765625
3026,1232,-3.857950448989868,0.3629792630672455,1.446813941001892,0.6796875,0.424560546875,0.59814453125,0.0,0.79931640625,0.91748046875
3027,1235,-3.9371025562286377,0.6352496147155762,1.185268521308899,0.483154296875,0.7666015625,0.42333984375,0.0,0.783203125,0.96044921875
3028,1234,-3.929893732070923,0.518788754940033,1.3721752166748047,0.57958984375,0.6357421875,0.50927734375,0.0,0.79931640625,0.9384765625
3029,1233,-3.8286919593811035,0.5183217525482178,1.257570743560791,0.57958984375,0.6357421875,0.50927734375,0.0,0.78125,0.9384765625
3030,1235,-3.9371025562286377,0.6352496147155762,1.185268521308899,0.483154296875,0.7666015625,0.42333984375,0.0,0.783203125,0.96044921875
3031,1236,-4.014583110809326,0.635606050491333,1.2730077505111694,0.483154296875,0.7666015625,0.42333984375,0.0,0.79736328125,0.96044921875
3032,1234,-3.929893732070923,0.518788754940033,1.3721752166748047,0.57958984375,0.6357421875,0.50927734375,0.0,0.79931640625,0.9384765625
3033,1236,-4.014583110809326,0.635606050491333,1.2730077505111694,0.483154296875,0.7666015625,0.42333984375,0.0,0.79736328125,0.96044921875
3034,1235,-3.9371025562286377,0.6352496147155762,1.185268521308899,0.483154296875,0.7666015625,0.42333984375,0.0,0.783203125,0.96044921875
3035,1237,-4.077358245849609,0.7218331694602966,1.1391454935073853,0.404296875,0.84326171875,0.353759765625,0.0,0.7900390625,0.9794921875
3036,1238,-2.2887299060821533,0.12827961146831512,3.0721263885498047,-0.92822265625,0.2462158203125,-0.27880859375,0.0,0.52001953125,0.92724609375
3037,1239,-2.2504971027374268,0.0,2.8529210090637207,-0.93359375,0.21337890625,-0.28759765625,0.0,0.5390625,0.9111328125
3038,1240,-2.3104467391967773,0.0,3.04746675491333,-0.93359375,0.21337890625,-0.28759765625,0.0,0.51953125,0.91455078125
3039,1238,-2.2887299060821533,0.12827961146831512,3.0721263885498047,-0.92822265625,0.2462158203125,-0.27880859375,0.0,0.52001953125,0.92724609375
3040,1241,-2.222921133041382,0.16681721806526184,2.887150764465332,-0.927734375,0.2479248046875,-0.278564453125,0.0,0.53955078125,0.927734375
3041,1239,-2.2504971027374268,0.0,2.8529210090637207,-0.93359375,0.21337890625,-0.28759765625,0.0,0.5390625,0.9111328125
3042,1241,-2.222921133041382,0.16681721806526184,2.887150764465332,-0.927734375,0.2479248046875,-0.278564453125,0.0,0.53955078125,0.927734375
3043,1238,-2.2887299060821533,0.12827961146831512,3.0721263885498047,-0.92822265625,0.2462158203125,-0.27880859375,0.0,0.52001953125,0.92724609375
3044,1242,-2.260479688644409,0.23304025828838348,3.0927562713623047,-0.8203125,0.54296875,-0.1787109375,0.0,0.5205078125,0.9384765625
3045,1241,-2.222921133041382,0.16681721806526184,2.887150764465332,-0.927734375,0.2479248046875,-0.278564453125,0.0,0.53955078125,0.927734375
3046,1242,-2.260479688644409,0.23304025828838348,3.0927562713623047,-0.8203125,0.54296875,-0.1787109375,0.0,0.5205078125,0.9384765625
3047,1243,-2.201509952545166,0.26757538318634033,2.927001953125,-0.8203125,0.54296875,-0.1787109375,0.0,0.5390625,0.93896484375
3048,1243,-2.201509952545166,0.26757538318634033,2.927001953125,-0.8203125,0.54296875,-0.1787109375,0.0,0.5390625,0.93896484375
3049,1242,-2.260479688644409,0.23304025828838348,3.0927562713623047,-0.8203125,0.54296875,-0.1787109375,0.0,0.5205078125,0.9384765625
3050,1244,-2.1536576747894287,0.34426137804985046,3.144904613494873,-0.59619140625,0.80126953125,-0.045166015625,0.0,0.5205078125,0.95654296875
3051,1243,-2.201509952545166,0.26757538318634033,2.927001953125,-0.8203125,0.54296875,-0.1787109375,0.0,0.5390625,0.93896484375
3052,1244,-2.1536576747894287,0.34426137804985046,3.144904613494873,-0.59619140625,0.80126953125,-0.045166015625,0.0,0.5205078125,0.95654296875
3053,1245,-2.100177526473999,0.3755805790424347,2.994584798812866,-0.59619140625,0.80126953125,-0.045166015625,0.0,0.53857421875,0.95654296875
3054,1245,-2.100177526473999,0.3755805790424347,2.994584798812866,-0.59619140625,0.80126953125,-0.045166015625,0.0,0.53857421875,0.95654296875
3055,1244,-2.1536576747894287,0.34426137804985046,3.144904613494873,-0.59619140625,0.80126953125,-0.045166015625,0.0,0.5205078125,0.95654296875
3056,1246,-2.00612473487854,0.4185754358768463,3.19225811958313,-0.42041015625,0.90673828125,0.039337158203125,0.0,0.5224609375,0.9765625
3057,1245,-2.100177526473999,0.3755805790424347,2.994584798812866,-0.59619140625,0.80126953125,-0.045166015625,0.0,0.53857421875,0.95654296875
3058,1246,-2.00612473487854,0.4185754358768463,3.19225811958313,-0.42041015625,0.90673828125,0.039337158203125,0.0,0.5224609375,0.9765625
3059,1247,-1.9651830196380615,0.44255340099334717,3.0771777629852295,-0.42041015625,0.90673828125,0.039337158203125,0.0,0.53662109375,0.9765625
3060,1247,-1.9651830196380615,0.44255340099334717,3.0771777629852295,-0.42041015625,0.90673828125,0.039337158203125,0.0,0.53662109375,0.9765625
3061,1246,-2.00612473487854,0.4185754358768463,3.19225811958313,-0.42041015625,0.90673828125,0.039337158203125,0.0,0.5224609375,0.9765625
3062,1248,-1.8320080041885376,0.47378653287887573,3.1983838081359863,-0.303955078125,0.94873046875,0.0894775390625,0.0,0.52978515625,0.99609375
3063,1249,-2.6265130043029785,0.0,2.8508636951446533,-0.2264404296875,-0.01233673095703125,-0.97412109375,0.0,0.4208984375,0.86865234375
3064,1250,-2.4277172088623047,0.23638314008712769,2.8016576766967773,-0.2264404296875,-0.0144500732421875,-0.97412109375,0.0,0.441650390625,0.89306640625
3065,1251,-2.4289488792419434,0.0,2.804935932159424,-0.2264404296875,-0.01233673095703125,-0.97412109375,0.0,0.441650390625,0.86865234375
3066,1249,-2.6265130043029785,0.0,2.8508636951446533,-0.2264404296875,-0.01233673095703125,-0.97412109375,0.0,0.4208984375,0.86865234375
3067,1252,-2.6225829124450684,0.2394106090068817,2.846916437149048,-0.2264404296875,-0.01445770263671875,-0.97412109375,0.0,0.4208984375,0.89306640625
3068,1250,-2.4277172088623047,0.23638314008712769,2.8016576766967773,-0.2264404296875,-0.0144500732421875,-0.97412109375,0.0,0.441650390625,0.89306640625
3069,1250,-2.4277172088623047,0.23638314008712769,2.8016576766967773,-0.2264404296875,-0.0144500732421875,-0.97412109375,0.0,0.441650390625,0.89306640625
3070,1252,-2.6225829124450684,0.2394106090068817,2.846916437149048,-0.2264404296875,-0.01445770263671875,-0.97412109375,0.0,0.4208984375,0.89306640625
3071,1253,-2.610689640045166,0.40488019585609436,2.841120481491089,-0.2222900390625,0.132568359375,-0.9658203125,0.0,0.421875,0.91015625
3072,1250,-2.4277172088623047,0.23638314008712769,2.8016576766967773,-0.2264404296875,-0.0144500732421875,-0.97412109375,0.0,0.441650390625,0.89306640625
3073,1253,-2.610689640045166,0.40488019585609436,2.841120481491089,-0.2222900390625,0.132568359375,-0.9658203125,0.0,0.421875,0.91015625
3074,1254,-2.436065673828125,0.4021681249141693,2.8005638122558594,-0.2222900390625,0.132568359375,-0.9658203125,0.0,0.440673828125,0.91015625
3075,1255,-2.5859429836273193,0.6246719360351562,2.8960351943969727,-0.2069091796875,0.3486328125,-0.9140625,0.0,0.422607421875,0.9345703125
3076,1254,-2.436065673828125,0.4021681249141693,2.8005638122558594,-0.2222900390625,0.132568359375,-0.9658203125,0.0,0.440673828125,0.91015625
3077,1253,-2.610689640045166,0.40488019585609436,2.841120481491089,-0.2222900390625,0.132568359375,-0.9658203125,0.0,0.421875,0.91015625
3078,1255,-2.5859429836273193,0.6246719360351562,2.8960351943969727,-0.2069091796875,0.3486328125,-0.9140625,0.0,0.422607421875,0.9345703125
3079,1256,-2.427591562271118,0.6222139000892639,2.859262704849243,-0.2069091796875,0.3486328125,-0.9140625,0.0,0.43994140625,0.9345703125
3080,1254,-2.436065673828125,0.4021681249141693,2.8005638122558594,-0.2222900390625,0.132568359375,-0.9658203125,0.0,0.440673828125,0.91015625
3081,1257,-2.5426135063171387,0.8074663281440735,2.986147403717041,-0.188232421875,0.501953125,-0.84423828125,0.0,0.424560546875,0.95703125
3082,1256,-2.427591562271118,0.6222139000892639,2.859262704849243,-0.2069091796875,0.3486328125,-0.9140625,0.0,0.43994140625,0.9345703125
3083,1255,-2.5859429836273193,0.6246719360351562,2.8960351943969727,-0.2069091796875,0.3486328125,-0.9140625,0.0,0.422607421875,0.9345703125
3084,1257,-2.5426135063171387,0.8074663281440735,2.986147403717041,-0.188232421875,0.501953125,-0.84423828125,0.0,0.424560546875,0.95703125
3085,1258,-2.4213738441467285,0.8055859804153442,2.957995653152466,-0.188232421875,0.501953125,-0.84423828125,0.0,0.43798828125,0.95703125
3086,1256,-2.427591562271118,0.6222139000892639,2.859262704849243,-0.2069091796875,0.3486328125,-0.9140625,0.0,0.43994140625,0.9345703125
3087,1258,-2.4213738441467285,0.8055859804153442,2.957995653152466,-0.188232421875,0.501953125,-0.84423828125,0.0,0.43798828125,0.95703125
3088,1257,-2.5426135063171387,0.8074663281440735,2.986147403717041,-0.188232421875,0.501953125,-0.84423828125,0.0,0.424560546875,0.95703125
3089,1259,-2.454082489013672,0.9560043215751648,3.0822386741638184,-0.171142578125,0.60498046875,-0.77734375,0.0,0.431396484375,0.97705078125
3090,1260,-3.7735588550567627,0.2393123358488083,1.7476366758346558,0.93359375,-0.006526947021484375,-0.3583984375,0.0,0.6142578125,0.8818359375
3091,1261,-3.702666759490967,0.0,1.9353933334350586,0.93359375,-0.004596710205078125,-0.3583984375,0.0,0.634765625,0.85791015625
3092,1262,-3.7753167152404785,0.0,1.7461320161819458,0.93359375,-0.004596710205078125,-0.3583984375,0.0,0.6142578125,0.85791015625
3093,1260,-3.7735588550567627,0.2393123358488083,1.7476366758346558,0.93359375,-0.006526947021484375,-0.3583984375,0.0,0.6142578125,0.8818359375
3094,1263,-3.701866388320923,0.2386445701122284,1.934423804283142,0.93359375,-0.006526947021484375,-0.3583984375,0.0,0.634765625,0.8818359375
3095,1261,-3.702666759490967,0.0,1.9353933334350586,0.93359375,-0.004596710205078125,-0.3583984375,0.0,0.634765625,0.85791015625
3096,1264,-3.768152952194214,0.40494170784950256,1.7572802305221558,0.92431640625,0.1407470703125,-0.354248046875,0.0,0.615234375,0.8994140625
3097,1263,-3.701866388320923,0.2386445701122284,1.934423804283142,0.93359375,-0.006526947021484375,-0.3583984375,0.0,0.634765625,0.8818359375
3098,1260,-3.7735588550567627,0.2393123358488083,1.7476366758346558,0.93359375,-0.006526947021484375,-0.3583984375,0.0,0.6142578125,0.8818359375
3099,1264,-3.768152952194214,0.40494170784950256,1.7572802305221558,0.92431640625,0.1407470703125,-0.354248046875,0.0,0.615234375,0.8994140625
3100,1265,-3.703902006149292,0.40434354543685913,1.9246679544448853,0.92431640625,0.1407470703125,-0.354248046875,0.0,0.63427734375,0.8994140625
3101,1263,-3.701866388320923,0.2386445701122284,1.934423804283142,0.93359375,-0.006526947021484375,-0.3583984375,0.0,0.634765625,0.8818359375
3102,1266,-3.821739912033081,0.6243646740913391,1.7875829935073853,0.87255859375,0.3564453125,-0.333740234375,0.0,0.61572265625,0.923828125
3103,1265,-3.703902006149292,0.40434354543685913,1.9246679544448853,0.92431640625,0.1407470703125,-0.354248046875,0.0,0.63427734375,0.8994140625
3104,1264,-3.768152952194214,0.40494170784950256,1.7572802305221558,0.92431640625,0.1407470703125,-0.354248046875,0.0,0.615234375,0.8994140625
3105,1266,-3.821739912033081,0.6243646740913391,1.7875829935073853,0.87255859375,0.3564453125,-0.333740234375,0.0,0.61572265625,0.923828125
3106,1267,-3.7634801864624023,0.6238240003585815,1.939367651939392,0.87255859375,0.3564453125,-0.333740234375,0.0,0.63330078125,0.923828125
3107,1265,-3.703902006149292,0.40434354543685913,1.9246679544448853,0.92431640625,0.1407470703125,-0.354248046875,0.0,0.63427734375,0.8994140625
3108,1268,-3.907198905944824,0.806597888469696,1.8414428234100342,0.80419921875,0.50927734375,-0.306884765625,0.0,0.61767578125,0.9462890625
3109,1267,-3.7634801864624023,0.6238240003585815,1.939367651939392,0.87255859375,0.3564453125,-0.333740234375,0.0,0.63330078125,0.923828125
3110,1266,-3.821739912033081,0.6243646740913391,1.7875829935073853,0.87255859375,0.3564453125,-0.333740234375,0.0,0.61572265625,0.923828125
3111,1268,-3.907198905944824,0.806597888469696,1.8414428234100342,0.80419921875,0.50927734375,-0.306884765625,0.0,0.61767578125,0.9462890625
3112,1269,-3.862593412399292,0.8061841130256653,1.9576562643051147,0.80419921875,0.50927734375,-0.306884765625,0.0,0.63134765625,0.9462890625
3113,1267,-3.7634801864624023,0.6238240003585815,1.939367651939392,0.87255859375,0.3564453125,-0.333740234375,0.0,0.63330078125,0.923828125
3114,1269,-3.862593412399292,0.8061841130256653,1.9576562643051147,0.80419921875,0.50927734375,-0.306884765625,0.0,0.63134765625,0.9462890625
3115,1268,-3.907198905944824,0.806597888469696,1.8414428234100342,0.80419921875,0.50927734375,-0.306884765625,0.0,0.61767578125,0.9462890625
3116,1270,-3.9919304847717285,0.9549514055252075,1.941162109375,0.7392578125,0.61181640625,-0.281494140625,0.0,0.62451171875,0.966796875
3117,1271,-3.0834405422210693,0.4607180655002594,2.5009350776672363,0.206787109375,0.0357666015625,-0.9775390625,0.0,0.91064453125,0.1754150390625
3118,1272,-2.8868408203125,0.0,2.525110960006714,0.206787109375,0.03692626953125,-0.9775390625,0.0,0.88916015625,0.2236328125
3119,1273,-3.08516263961792,0.0,2.483175754547119,0.206787109375,0.03692626953125,-0.9775390625,0.0,0.91064453125,0.2237548828125
3120,1271,-3.0834405422210693,0.4607180655002594,2.5009350776672363,0.206787109375,0.0357666015625,-0.9775390625,0.0,0.91064453125,0.1754150390625
3121,1274,-2.887691020965576,0.4589647650718689,2.5422630310058594,0.206787109375,0.0357666015625,-0.9775390625,0.0,0.8896484375,0.1754150390625
3122,1272,-2.8868408203125,0.0,2.525110960006714,0.206787109375,0.03692626953125,-0.9775390625,0.0,0.88916015625,0.2236328125
3123,1275,-3.0727226734161377,0.8223414421081543,2.5158374309539795,0.2059326171875,0.128662109375,-0.97021484375,0.0,0.9091796875,0.1373291015625
3124,1274,-2.887691020965576,0.4589647650718689,2.5422630310058594,0.206787109375,0.0357666015625,-0.9775390625,0.0,0.8896484375,0.1754150390625
3125,1271,-3.0834405422210693,0.4607180655002594,2.5009350776672363,0.206787109375,0.0357666015625,-0.9775390625,0.0,0.91064453125,0.1754150390625
3126,1275,-3.0727226734161377,0.8223414421081543,2.5158374309539795,0.2059326171875,0.128662109375,-0.97021484375,0.0,0.9091796875,0.1373291015625
3127,1276,-2.8973114490509033,0.8207683563232422,2.552870988845825,0.2059326171875,0.128662109375,-0.97021484375,0.0,0.890625,0.1373291015625
3128,1274,-2.887691020965576,0.4589647650718689,2.5422630310058594,0.206787109375,0.0357666015625,-0.9775390625,0.0,0.8896484375,0.1754150390625
3129,1277,-3.0813989639282227,1.29949152469635,2.617626905441284,0.2012939453125,0.268798828125,-0.94189453125,0.0,0.90869140625,0.08612060546875
3130,1276,-2.8973114490509033,0.8207683563232422,2.552870988845825,0.2059326171875,0.128662109375,-0.97021484375,0.0,0.890625,0.1373291015625
3131,1275,-3.0727226734161377,0.8223414421081543,2.5158374309539795,0.2059326171875,0.128662109375,-0.97021484375,0.0,0.9091796875,0.1373291015625
3132,1277,-3.0813989639282227,1.29949152469635,2.617626905441284,0.2012939453125,0.268798828125,-0.94189453125,0.0,0.90869140625,0.08612060546875
3133,1278,-2.9223315715789795,1.2980659008026123,2.6512084007263184,0.2012939453125,0.268798828125,-0.94189453125,0.0,0.8916015625,0.08612060546875
3134,1276,-2.8973114490509033,0.8207683563232422,2.552870988845825,0.2059326171875,0.128662109375,-0.97021484375,0.0,0.890625,0.1373291015625
3135,1279,-3.090285062789917,1.6942652463912964,2.7687034606933594,0.1942138671875,0.381591796875,-0.90380859375,0.0,0.90673828125,0.041778564453125
3136,1278,-2.9223315715789795,1.2980659008026123,2.6512084007263184,0.2012939453125,0.268798828125,-0.94189453125,0.0,0.8916015625,0.08612060546875
3137,1277,-3.0813989639282227,1.29949152469635,2.617626905441284,0.2012939453125,0.268798828125,-0.94189453125,0.0,0.90869140625,0.08612060546875
3138,1279,-3.090285062789917,1.6942652463912964,2.7687034606933594,0.1942138671875,0.381591796875,-0.90380859375,0.0,0.90673828125,0.041778564453125
3139,1280,-2.968496084213257,1.6931756734848022,2.7944140434265137,0.1942138671875,0.381591796875,-0.90380859375,0.0,0.8935546875,0.041778564453125
3140,1278,-2.9223315715789795,1.2980659008026123,2.6512084007263184,0.2012939453125,0.268798828125,-0.94189453125,0.0,0.8916015625,0.08612060546875
3141,1280,-2.968496084213257,1.6931756734848022,2.7944140434265137,0.1942138671875,0.381591796875,-0.90380859375,0.0,0.8935546875,0.041778564453125
3142,1279,-3.090285062789917,1.6942652463912964,2.7687034606933594,0.1942138671875,0.381591796875,-0.90380859375,0.0,0.90673828125,0.041778564453125
3143,1281,-3.061332941055298,2.014524221420288,2.946484327316284,0.18701171875,0.4638671875,-0.8662109375,0.0,0.89990234375,0.003753662109375
3144,1282,-3.3212292194366455,0.3703901469707489,2.367121458053589,0.7099609375,0.25927734375,-0.65478515625,0.0,0.392822265625,0.3837890625
3145,1283,-3.0939910411834717,0.0,2.465980052947998,0.70947265625,0.2607421875,-0.65478515625,0.0,0.37158203125,0.425537109375
3146,1284,-3.2315621376037598,0.0,2.31685209274292,0.70947265625,0.2607421875,-0.65478515625,0.0,0.392822265625,0.424072265625
3147,1282,-3.3212292194366455,0.3703901469707489,2.367121458053589,0.7099609375,0.25927734375,-0.65478515625,0.0,0.392822265625,0.3837890625
3148,1285,-3.1883533000946045,0.38296690583229065,2.516169309616089,0.7099609375,0.25927734375,-0.65478515625,0.0,0.371826171875,0.3837890625
3149,1283,-3.0939910411834717,0.0,2.465980052947998,0.70947265625,0.2607421875,-0.65478515625,0.0,0.37158203125,0.425537109375
3150,1286,-3.3931853771209717,0.6970440745353699,2.417658567428589,0.68310546875,0.35400390625,-0.638671875,0.0,0.391845703125,0.34814453125
3151,1285,-3.1883533000946045,0.38296690583229065,2.516169309616089,0.7099609375,0.25927734375,-0.65478515625,0.0,0.371826171875,0.3837890625
3152,1282,-3.3212292194366455,0.3703901469707489,2.367121458053589,0.7099609375,0.25927734375,-0.65478515625,0.0,0.392822265625,0.3837890625
3153,1286,-3.3931853771209717,0.6970440745353699,2.417658567428589,0.68310546875,0.35400390625,-0.638671875,0.0,0.391845703125,0.34814453125
3154,1287,-3.274111270904541,0.7083141207695007,2.551220655441284,0.68310546875,0.35400390625,-0.638671875,0.0,0.372802734375,0.34814453125
3155,1285,-3.1883533000946045,0.38296690583229065,2.516169309616089,0.7099609375,0.25927734375,-0.65478515625,0.0,0.371826171875,0.3837890625
3156,1288,-3.552651882171631,1.1081842184066772,2.5363550186157227,0.65234375,0.434326171875,-0.62109375,0.0,0.390869140625,0.30029296875
3157,1287,-3.274111270904541,0.7083141207695007,2.551220655441284,0.68310546875,0.35400390625,-0.638671875,0.0,0.372802734375,0.34814453125
3158,1286,-3.3931853771209717,0.6970440745353699,2.417658567428589,0.68310546875,0.35400390625,-0.638671875,0.0,0.391845703125,0.34814453125
3159,1288,-3.552651882171631,1.1081842184066772,2.5363550186157227,0.65234375,0.434326171875,-0.62109375,0.0,0.390869140625,0.30029296875
3160,1289,-3.444671630859375,1.1184055805206299,2.657468318939209,0.65234375,0.434326171875,-0.62109375,0.0,0.373779296875,0.30029296875
3161,1287,-3.274111270904541,0.7083141207695007,2.551220655441284,0.68310546875,0.35400390625,-0.638671875,0.0,0.372802734375,0.34814453125
3162,1288,-3.552651882171631,1.1081842184066772,2.5363550186157227,0.65234375,0.434326171875,-0.62109375,0.0,0.390869140625,0.30029296875
3163,1290,-3.583909273147583,1.414571762084961,2.718823194503784,0.62109375,0.52490234375,-0.58203125,0.0,0.376708984375,0.265380859375
3164,1289,-3.444671630859375,1.1184055805206299,2.657468318939209,0.65234375,0.434326171875,-0.62109375,0.0,0.373779296875,0.30029296875
3165,1288,-3.552651882171631,1.1081842184066772,2.5363550186157227,0.65234375,0.434326171875,-0.62109375,0.0,0.390869140625,0.30029296875
3166,1291,-3.671051025390625,1.427550196647644,2.638684034347534,0.607421875,0.56103515625,-0.5625,0.0,0.388916015625,0.262939453125
3167,1290,-3.583909273147583,1.414571762084961,2.718823194503784,0.62109375,0.52490234375,-0.58203125,0.0,0.376708984375,0.265380859375
3168,1290,-3.583909273147583,1.414571762084961,2.718823194503784,0.62109375,0.52490234375,-0.58203125,0.0,0.376708984375,0.265380859375
3169,1291,-3.671051025390625,1.427550196647644,2.638684034347534,0.607421875,0.56103515625,-0.5625,0.0,0.388916015625,0.262939453125
3170,1292,-3.8648149967193604,1.6912256479263306,2.874589681625366,0.50390625,0.75146484375,-0.426025390625,0.0,0.3818359375,0.22119140625
3171,1293,-2.7385478019714355,0.33355262875556946,3.1678271293640137,-0.39892578125,0.302734375,-0.86572265625,0.0,0.5498046875,0.63623046875
3172,1294,-2.528097629547119,0.0,2.957062244415283,-0.3984375,0.297119140625,-0.86767578125,0.0,0.5693359375,0.59814453125
3173,1295,-2.7163379192352295,0.0,3.043464183807373,-0.3984375,0.297119140625,-0.86767578125,0.0,0.55029296875,0.60205078125
3174,1293,-2.7385478019714355,0.33355262875556946,3.1678271293640137,-0.39892578125,0.302734375,-0.86572265625,0.0,0.5498046875,0.63623046875
3175,1296,-2.5558793544769287,0.37744057178497314,3.099006175994873,-0.39892578125,0.302734375,-0.86572265625,0.0,0.56982421875,0.63623046875
3176,1294,-2.528097629547119,0.0,2.957062244415283,-0.3984375,0.297119140625,-0.86767578125,0.0,0.5693359375,0.59814453125
3177,1297,-2.7485132217407227,0.5564988851547241,3.253347158432007,-0.406005859375,0.408447265625,-0.8173828125,0.0,0.5498046875,0.66162109375
3178,1296,-2.5558793544769287,0.37744057178497314,3.099006175994873,-0.39892578125,0.302734375,-0.86572265625,0.0,0.56982421875,0.63623046875
3179,1293,-2.7385478019714355,0.33355262875556946,3.1678271293640137,-0.39892578125,0.302734375,-0.86572265625,0.0,0.5498046875,0.63623046875
3180,1297,-2.7485132217407227,0.5564988851547241,3.253347158432007,-0.406005859375,0.408447265625,-0.8173828125,0.0,0.5498046875,0.66162109375
3181,1298,-2.5848212242126465,0.5958311557769775,3.1916747093200684,-0.406005859375,0.408447265625,-0.8173828125,0.0,0.5693359375,0.66162109375
3182,1296,-2.5558793544769287,0.37744057178497314,3.099006175994873,-0.39892578125,0.302734375,-0.86572265625,0.0,0.56982421875,0.63623046875
3183,1299,-2.7415013313293457,0.8313173651695251,3.4229419231414795,-0.4072265625,0.54443359375,-0.7333984375,0.0,0.55078125,0.69775390625
3184,1298,-2.5848212242126465,0.5958311557769775,3.1916747093200684,-0.406005859375,0.408447265625,-0.8173828125,0.0,0.5693359375,0.66162109375
3185,1297,-2.7485132217407227,0.5564988851547241,3.253347158432007,-0.406005859375,0.408447265625,-0.8173828125,0.0,0.5498046875,0.66162109375
3186,1299,-2.7415013313293457,0.8313173651695251,3.4229419231414795,-0.4072265625,0.54443359375,-0.7333984375,0.0,0.55078125,0.69775390625
3187,1300,-2.593062162399292,0.8669831156730652,3.367016553878784,-0.4072265625,0.54443359375,-0.7333984375,0.0,0.56884765625,0.69775390625
3188,1298,-2.5848212242126465,0.5958311557769775,3.1916747093200684,-0.406005859375,0.408447265625,-0.8173828125,0.0,0.5693359375,0.66162109375
3189,1301,-2.705249547958374,1.0473809242248535,3.60155987739563,-0.400146484375,0.64501953125,-0.65087890625,0.0,0.552734375,0.7294921875
3190,1300,-2.593062162399292,0.8669831156730652,3.367016553878784,-0.4072265625,0.54443359375,-0.7333984375,0.0,0.56884765625,0.69775390625
3191,1299,-2.7415013313293457,0.8313173651695251,3.4229419231414795,-0.4072265625,0.54443359375,-0.7333984375,0.0,0.55078125,0.69775390625
3192,1301,-2.705249547958374,1.0473809242248535,3.60155987739563,-0.400146484375,0.64501953125,-0.65087890625,0.0,0.552734375,0.7294921875
3193,1302,-2.591600179672241,1.074689507484436,3.5587425231933594,-0.400146484375,0.64501953125,-0.65087890625,0.0,0.56689453125,0.7294921875
3194,1300,-2.593062162399292,0.8669831156730652,3.367016553878784,-0.4072265625,0.54443359375,-0.7333984375,0.0,0.56884765625,0.69775390625
3195,1302,-2.591600179672241,1.074689507484436,3.5587425231933594,-0.400146484375,0.64501953125,-0.65087890625,0.0,0.56689453125,0.7294921875
3196,1301,-2.705249547958374,1.0473809242248535,3.60155987739563,-0.400146484375,0.64501953125,-0.65087890625,0.0,0.552734375,0.7294921875
3197,1303,-2.6194403171539307,1.2232438325881958,3.7605223655700684,-0.390380859375,0.71484375,-0.580078125,0.0,0.5595703125,0.7568359375
3198,1304,-3.0654962062835693,0.3692758083343506,2.83447003364563,0.19775390625,0.33056640625,-0.9228515625,0.0,0.50244140625,0.32763671875
3199,1305,-2.845019578933716,0.0,2.748870849609375,0.19775390625,0.331787109375,-0.92236328125,0.0,0.52392578125,0.28662109375
3200,1306,-3.04298996925354,0.0,2.706437110900879,0.19775390625,0.331787109375,-0.92236328125,0.0,0.50244140625,0.286376953125
3201,1304,-3.0654962062835693,0.3692758083343506,2.83447003364563,0.19775390625,0.33056640625,-0.9228515625,0.0,0.50244140625,0.32763671875
3202,1307,-2.869746685028076,0.3675265312194824,2.875800609588623,0.19775390625,0.33056640625,-0.9228515625,0.0,0.5234375,0.32763671875
3203,1305,-2.845019578933716,0.0,2.748870849609375,0.19775390625,0.331787109375,-0.92236328125,0.0,0.52392578125,0.28662109375
3204,1308,-3.0755810737609863,0.6884615421295166,2.9460644721984863,0.1907958984375,0.4228515625,-0.8857421875,0.0,0.50390625,0.363037109375
3205,1307,-2.869746685028076,0.3675265312194824,2.875800609588623,0.19775390625,0.33056640625,-0.9228515625,0.0,0.5234375,0.32763671875
3206,1304,-3.0654962062835693,0.3692758083343506,2.83447003364563,0.19775390625,0.33056640625,-0.9228515625,0.0,0.50244140625,0.32763671875
3207,1308,-3.0755810737609863,0.6884615421295166,2.9460644721984863,0.1907958984375,0.4228515625,-0.8857421875,0.0,0.50390625,0.363037109375
3208,1309,-2.900162935256958,0.6868924498558044,2.983100414276123,0.1907958984375,0.4228515625,-0.8857421875,0.0,0.5224609375,0.363037109375
3209,1307,-2.869746685028076,0.3675265312194824,2.875800609588623,0.19775390625,0.33056640625,-0.9228515625,0.0,0.5234375,0.32763671875
3210,1310,-3.1110992431640625,1.0840219259262085,3.171503782272339,0.176513671875,0.5556640625,-0.8125,0.0,0.50439453125,0.410888671875
3211,1309,-2.900162935256958,0.6868924498558044,2.983100414276123,0.1907958984375,0.4228515625,-0.8857421875,0.0,0.5224609375,0.363037109375
3212,1308,-3.0755810737609863,0.6884615421295166,2.9460644721984863,0.1907958984375,0.4228515625,-0.8857421875,0.0,0.50390625,0.363037109375
3213,1310,-3.1110992431640625,1.0840219259262085,3.171503782272339,0.176513671875,0.5556640625,-0.8125,0.0,0.50439453125,0.410888671875
3214,1311,-2.952031135559082,1.0826003551483154,3.205092668533325,0.176513671875,0.5556640625,-0.8125,0.0,0.521484375,0.410888671875
3215,1309,-2.900162935256958,0.6868924498558044,2.983100414276123,0.1907958984375,0.4228515625,-0.8857421875,0.0,0.5224609375,0.363037109375
3216,1312,-3.141741991043091,1.3914952278137207,3.421889543533325,0.1614990234375,0.65625,-0.7373046875,0.0,0.5068359375,0.45263671875
3217,1311,-2.952031135559082,1.0826003551483154,3.205092668533325,0.176513671875,0.5556640625,-0.8125,0.0,0.521484375,0.410888671875
3218,1310,-3.1110992431640625,1.0840219259262085,3.171503782272339,0.176513671875,0.5556640625,-0.8125,0.0,0.50439453125,0.410888671875
3219,1312,-3.141741991043091,1.3914952278137207,3.421889543533325,0.1614990234375,0.65625,-0.7373046875,0.0,0.5068359375,0.45263671875
3220,1313,-3.0199522972106934,1.390405535697937,3.4476025104522705,0.1614990234375,0.65625,-0.7373046875,0.0,0.51953125,0.45263671875
3221,1311,-2.952031135559082,1.0826003551483154,3.205092668533325,0.176513671875,0.5556640625,-0.8125,0.0,0.521484375,0.410888671875
3222,1313,-3.0199522972106934,1.390405535697937,3.4476025104522705,0.1614990234375,0.65625,-0.7373046875,0.0,0.51953125,0.45263671875
3223,1312,-3.141741991043091,1.3914952278137207,3.421889543533325,0.1614990234375,0.65625,-0.7373046875,0.0,0.5068359375,0.45263671875
3224,1314,-3.130131244659424,1.6268787384033203,3.6781909465789795,0.1484375,0.72509765625,-0.67236328125,0.0,0.51318359375,0.48876953125
3225,1315,-3.817190408706665,0.0,2.1047494411468506,0.97509765625,0.2186279296875,-0.036285400390625,0.0,0.35107421875,0.90771484375
3226,1316,-3.8537309169769287,0.19687464833259583,2.308601140975952,0.96484375,0.26123046875,-0.0355224609375,0.0,0.3701171875,0.9267578125
3227,1317,-3.8096635341644287,0.0,2.3070268630981445,0.97509765625,0.2186279296875,-0.036285400390625,0.0,0.3701171875,0.90771484375
3228,1315,-3.817190408706665,0.0,2.1047494411468506,0.97509765625,0.2186279296875,-0.036285400390625,0.0,0.35107421875,0.90771484375
3229,1318,-3.8615667819976807,0.19862805306911469,2.1086864471435547,0.96435546875,0.261474609375,-0.0355224609375,0.0,0.350830078125,0.9267578125
3230,1316,-3.8537309169769287,0.19687464833259583,2.308601140975952,0.96484375,0.26123046875,-0.0355224609375,0.0,0.3701171875,0.9267578125
3231,1319,-3.8994712829589844,0.30157384276390076,2.121469736099243,0.8056640625,0.591796875,-0.026397705078125,0.0,0.35107421875,0.9375
3232,1316,-3.8537309169769287,0.19687464833259583,2.308601140975952,0.96484375,0.26123046875,-0.0355224609375,0.0,0.3701171875,0.9267578125
3233,1318,-3.8615667819976807,0.19862805306911469,2.1086864471435547,0.96435546875,0.261474609375,-0.0355224609375,0.0,0.350830078125,0.9267578125
3234,1319,-3.8994712829589844,0.30157384276390076,2.121469736099243,0.8056640625,0.591796875,-0.026397705078125,0.0,0.35107421875,0.9375
3235,1320,-3.8924479484558105,0.30000486969947815,2.3006176948547363,0.8056640625,0.591796875,-0.026397705078125,0.0,0.369873046875,0.9375
3236,1316,-3.8537309169769287,0.19687464833259583,2.308601140975952,0.96484375,0.26123046875,-0.0355224609375,0.0,0.3701171875,0.9267578125
3237,1321,-4.022221088409424,0.4075634777545929,2.135571241378784,0.5380859375,0.8427734375,-0.013702392578125,0.0,0.35107421875,0.95556640625
3238,1320,-3.8924479484558105,0.30000486969947815,2.3006176948547363,0.8056640625,0.591796875,-0.026397705078125,0.0,0.369873046875,0.9375
3239,1319,-3.8994712829589844,0.30157384276390076,2.121469736099243,0.8056640625,0.591796875,-0.026397705078125,0.0,0.35107421875,0.9375
3240,1321,-4.022221088409424,0.4075634777545929,2.135571241378784,0.5380859375,0.8427734375,-0.013702392578125,0.0,0.35107421875,0.95556640625
3241,1322,-4.015854358673096,0.4061379134654999,2.298022508621216,0.5380859375,0.8427734375,-0.013702392578125,0.0,0.369873046875,0.95556640625
3242,1320,-3.8924479484558105,0.30000486969947815,2.3006176948547363,0.8056640625,0.591796875,-0.026397705078125,0.0,0.369873046875,0.9375
3243,1323,-4.179390907287598,0.47207823395729065,2.161364793777466,0.33935546875,0.9404296875,-0.0050506591796875,0.0,0.353271484375,0.97607421875
3244,1322,-4.015854358673096,0.4061379134654999,2.298022508621216,0.5380859375,0.8427734375,-0.013702392578125,0.0,0.369873046875,0.95556640625
3245,1321,-4.022221088409424,0.4075634777545929,2.135571241378784,0.5380859375,0.8427734375,-0.013702392578125,0.0,0.35107421875,0.95556640625
3246,1323,-4.179390907287598,0.47207823395729065,2.161364793777466,0.33935546875,0.9404296875,-0.0050506591796875,0.0,0.353271484375,0.97607421875
3247,1324,-4.174516677856445,0.4709884524345398,2.2857420444488525,0.33935546875,0.9404296875,-0.0050506591796875,0.0,0.367919921875,0.97607421875
3248,1322,-4.015854358673096,0.4061379134654999,2.298022508621216,0.5380859375,0.8427734375,-0.013702392578125,0.0,0.369873046875,0.95556640625
3249,1324,-4.174516677856445,0.4709884524345398,2.2857420444488525,0.33935546875,0.9404296875,-0.0050506591796875,0.0,0.367919921875,0.97607421875
3250,1323,-4.179390907287598,0.47207823395729065,2.161364793777466,0.33935546875,0.9404296875,-0.0050506591796875,0.0,0.353271484375,0.97607421875
3251,1325,-4.344789981842041,0.507780909538269,2.2304491996765137,0.2110595703125,0.9775390625,0.0002913475036621094,0.0,0.360595703125,0.99658203125
3252,1326,-3.4178178310394287,0.23890264332294464,2.8730809688568115,-0.34228515625,-0.0063629150390625,-0.939453125,0.0,0.82470703125,0.89111328125
3253,1327,-3.2280144691467285,0.0,2.8050873279571533,-0.34228515625,-0.004505157470703125,-0.939453125,0.0,0.845703125,0.86669921875
3254,1328,-3.418590545654297,0.0,2.87450909614563,-0.34228515625,-0.004505157470703125,-0.939453125,0.0,0.82470703125,0.86669921875
3255,1326,-3.4178178310394287,0.23890264332294464,2.8730809688568115,-0.34228515625,-0.0063629150390625,-0.939453125,0.0,0.82470703125,0.89111328125
3256,1329,-3.2298266887664795,0.23905014991760254,2.8046019077301025,-0.34228515625,-0.0063629150390625,-0.939453125,0.0,0.845703125,0.89111328125
3257,1327,-3.2280144691467285,0.0,2.8050873279571533,-0.34228515625,-0.004505157470703125,-0.939453125,0.0,0.845703125,0.86669921875
3258,1329,-3.2298266887664795,0.23905014991760254,2.8046019077301025,-0.34228515625,-0.0063629150390625,-0.939453125,0.0,0.845703125,0.89111328125
3259,1326,-3.4178178310394287,0.23890264332294464,2.8730809688568115,-0.34228515625,-0.0063629150390625,-0.939453125,0.0,0.82470703125,0.89111328125
3260,1330,-3.4086992740631104,0.40457701683044434,2.868112802505493,-0.3388671875,0.1409912109375,-0.93017578125,0.0,0.82568359375,0.90869140625
3261,1329,-3.2298266887664795,0.23905014991760254,2.8046019077301025,-0.34228515625,-0.0063629150390625,-0.939453125,0.0,0.845703125,0.89111328125
3262,1330,-3.4086992740631104,0.40457701683044434,2.868112802505493,-0.3388671875,0.1409912109375,-0.93017578125,0.0,0.82568359375,0.90869140625
3263,1331,-3.2402336597442627,0.4047080874443054,2.8067479133605957,-0.3388671875,0.1409912109375,-0.93017578125,0.0,0.8447265625,0.90869140625
3264,1332,-3.380133628845215,0.6240164041519165,2.9225804805755615,-0.320068359375,0.356689453125,-0.8779296875,0.0,0.82666015625,0.93310546875
3265,1331,-3.2402336597442627,0.4047080874443054,2.8067479133605957,-0.3388671875,0.1409912109375,-0.93017578125,0.0,0.8447265625,0.90869140625
3266,1330,-3.4086992740631104,0.40457701683044434,2.868112802505493,-0.3388671875,0.1409912109375,-0.93017578125,0.0,0.82568359375,0.90869140625
3267,1332,-3.380133628845215,0.6240164041519165,2.9225804805755615,-0.320068359375,0.356689453125,-0.8779296875,0.0,0.82666015625,0.93310546875
3268,1333,-3.227368116378784,0.6241393089294434,2.866935968399048,-0.320068359375,0.356689453125,-0.8779296875,0.0,0.84375,0.93310546875
3269,1331,-3.2402336597442627,0.4047080874443054,2.8067479133605957,-0.3388671875,0.1409912109375,-0.93017578125,0.0,0.8447265625,0.90869140625
3270,1334,-3.328425884246826,0.8063028454780579,3.0092480182647705,-0.294921875,0.50927734375,-0.80859375,0.0,0.82861328125,0.955078125
3271,1333,-3.227368116378784,0.6241393089294434,2.866935968399048,-0.320068359375,0.356689453125,-0.8779296875,0.0,0.84375,0.93310546875
3272,1332,-3.380133628845215,0.6240164041519165,2.9225804805755615,-0.320068359375,0.356689453125,-0.8779296875,0.0,0.82666015625,0.93310546875
3273,1334,-3.328425884246826,0.8063028454780579,3.0092480182647705,-0.294921875,0.50927734375,-0.80859375,0.0,0.82861328125,0.955078125
3274,1335,-3.211465358734131,0.806393027305603,2.9666454792022705,-0.294921875,0.50927734375,-0.80859375,0.0,0.841796875,0.955078125
3275,1333,-3.227368116378784,0.6241393089294434,2.866935968399048,-0.320068359375,0.356689453125,-0.8779296875,0.0,0.84375,0.93310546875
3276,1335,-3.211465358734131,0.806393027305603,2.9666454792022705,-0.294921875,0.50927734375,-0.80859375,0.0,0.841796875,0.955078125
3277,1334,-3.328425884246826,0.8063028454780579,3.0092480182647705,-0.294921875,0.50927734375,-0.80859375,0.0,0.82861328125,0.955078125
3278,1336,-3.230729341506958,0.9548735618591309,3.0959324836730957,-0.271240234375,0.61181640625,-0.7431640625,0.0,0.8349609375,0.97509765625
3279,1337,-3.7424049377441406,0.0,2.5017762184143066,0.943359375,0.330322265625,-0.034088134765625,0.0,0.370849609375,0.74267578125
3280,1338,-3.850902557373047,0.3313691020011902,2.7100415229797363,0.9365234375,0.348876953125,-0.033660888671875,0.0,0.350830078125,0.7080078125
3281,1339,-3.7350852489471436,0.0,2.7043631076812744,0.943359375,0.330322265625,-0.034088134765625,0.0,0.35107421875,0.7421875
3282,1337,-3.7424049377441406,0.0,2.5017762184143066,0.943359375,0.330322265625,-0.034088134765625,0.0,0.370849609375,0.74267578125
3283,1340,-3.858738899230957,0.33312246203422546,2.510126829147339,0.9365234375,0.348876953125,-0.033660888671875,0.0,0.37109375,0.7080078125
3284,1338,-3.850902557373047,0.3313691020011902,2.7100415229797363,0.9365234375,0.348876953125,-0.033660888671875,0.0,0.350830078125,0.7080078125
3285,1341,-3.948637008666992,0.5539957880973816,2.5259838104248047,0.8798828125,0.474365234375,-0.03033447265625,0.0,0.37060546875,0.6826171875
3286,1338,-3.850902557373047,0.3313691020011902,2.7100415229797363,0.9365234375,0.348876953125,-0.033660888671875,0.0,0.350830078125,0.7080078125
3287,1340,-3.858738899230957,0.33312246203422546,2.510126829147339,0.9365234375,0.348876953125,-0.033660888671875,0.0,0.37109375,0.7080078125
3288,1341,-3.948637008666992,0.5539957880973816,2.5259838104248047,0.8798828125,0.474365234375,-0.03033447265625,0.0,0.37060546875,0.6826171875
3289,1342,-3.9416136741638184,0.5524308681488037,2.705134153366089,0.8798828125,0.474365234375,-0.03033447265625,0.0,0.351318359375,0.6826171875
3290,1338,-3.850902557373047,0.3313691020011902,2.7100415229797363,0.9365234375,0.348876953125,-0.033660888671875,0.0,0.350830078125,0.7080078125
3291,1343,-4.1263651847839355,0.8231321573257446,2.5436620712280273,0.79833984375,0.6015625,-0.026031494140625,0.0,0.369873046875,0.64697265625
3292,1342,-3.9416136741638184,0.5524308681488037,2.705134153366089,0.8798828125,0.474365234375,-0.03033447265625,0.0,0.351318359375,0.6826171875
3293,1341,-3.948637008666992,0.5539957880973816,2.5259838104248047,0.8798828125,0.474365234375,-0.03033447265625,0.0,0.37060546875,0.6826171875
3294,1343,-4.1263651847839355,0.8231321573257446,2.5436620712280273,0.79833984375,0.6015625,-0.026031494140625,0.0,0.369873046875,0.64697265625
3295,1344,-4.119997501373291,0.8217106461524963,2.706120491027832,0.79833984375,0.6015625,-0.026031494140625,0.0,0.35205078125,0.64697265625
3296,1342,-3.9416136741638184,0.5524308681488037,2.705134153366089,0.8798828125,0.474365234375,-0.03033447265625,0.0,0.351318359375,0.6826171875
3297,1345,-4.317691326141357,1.028319239616394,2.5928661823272705,0.7109375,0.70263671875,-0.0217132568359375,0.0,0.365478515625,0.61572265625
3298,1344,-4.119997501373291,0.8217106461524963,2.706120491027832,0.79833984375,0.6015625,-0.026031494140625,0.0,0.35205078125,0.64697265625
3299,1343,-4.1263651847839355,0.8231321573257446,2.5436620712280273,0.79833984375,0.6015625,-0.026031494140625,0.0,0.369873046875,0.64697265625
3300,1345,-4.317691326141357,1.028319239616394,2.5928661823272705,0.7109375,0.70263671875,-0.0217132568359375,0.0,0.365478515625,0.61572265625
3301,1346,-4.314451217651367,1.0275980234146118,2.6756396293640137,0.7109375,0.70263671875,-0.0217132568359375,0.0,0.3564453125,0.61572265625
3302,1344,-4.119997501373291,0.8217106461524963,2.706120491027832,0.79833984375,0.6015625,-0.026031494140625,0.0,0.35205078125,0.64697265625
3303,1346,-4.314451217651367,1.0275980234146118,2.6756396293640137,0.7109375,0.70263671875,-0.0217132568359375,0.0,0.3564453125,0.61572265625
3304,1345,-4.317691326141357,1.028319239616394,2.5928661823272705,0.7109375,0.70263671875,-0.0217132568359375,0.0,0.365478515625,0.61572265625
3305,1347,-4.504889965057373,1.1827356815338135,2.64300537109375,0.63330078125,0.7734375,-0.0180511474609375,0.0,0.36083984375,0.5888671875
3306,1348,-3.461308479309082,0.16401095688343048,3.091752767562866,0.77294921875,0.248291015625,-0.583984375,0.0,0.95361328125,0.96142578125
3307,1349,-3.329864025115967,0.0,3.1953420639038086,0.7705078125,0.245849609375,-0.58837890625,0.0,0.93310546875,0.974609375
3308,1350,-3.456374406814575,0.0,3.033320188522339,0.7705078125,0.245849609375,-0.58837890625,0.0,0.9541015625,0.97900390625
3309,1348,-3.461308479309082,0.16401095688343048,3.091752767562866,0.77294921875,0.248291015625,-0.583984375,0.0,0.95361328125,0.96142578125
3310,1351,-3.3355095386505127,0.11198701709508896,3.2383813858032227,0.77294921875,0.248291015625,-0.583984375,0.0,0.93310546875,0.9619140625
3311,1349,-3.329864025115967,0.0,3.1953420639038086,0.7705078125,0.245849609375,-0.58837890625,0.0,0.93310546875,0.974609375
3312,1352,-3.4585814476013184,0.26380640268325806,3.1389966011047363,0.73779296875,0.4970703125,-0.45654296875,0.0,0.95263671875,0.9501953125
3313,1351,-3.3355095386505127,0.11198701709508896,3.2383813858032227,0.77294921875,0.248291015625,-0.583984375,0.0,0.93310546875,0.9619140625
3314,1348,-3.461308479309082,0.16401095688343048,3.091752767562866,0.77294921875,0.248291015625,-0.583984375,0.0,0.95361328125,0.96142578125
3315,1352,-3.4585814476013184,0.26380640268325806,3.1389966011047363,0.73779296875,0.4970703125,-0.45654296875,0.0,0.95263671875,0.9501953125
3316,1353,-3.345850706100464,0.21718603372573853,3.270388126373291,0.73779296875,0.4970703125,-0.45654296875,0.0,0.93359375,0.9501953125
3317,1351,-3.3355095386505127,0.11198701709508896,3.2383813858032227,0.77294921875,0.248291015625,-0.583984375,0.0,0.93310546875,0.9619140625
3318,1354,-3.519192934036255,0.37460556626319885,3.241711378097534,0.599609375,0.76220703125,-0.243896484375,0.0,0.95166015625,0.93310546875
3319,1353,-3.345850706100464,0.21718603372573853,3.270388126373291,0.73779296875,0.4970703125,-0.45654296875,0.0,0.93359375,0.9501953125
3320,1352,-3.4585814476013184,0.26380640268325806,3.1389966011047363,0.73779296875,0.4970703125,-0.45654296875,0.0,0.95263671875,0.9501953125
3321,1354,-3.519192934036255,0.37460556626319885,3.241711378097534,0.599609375,0.76220703125,-0.243896484375,0.0,0.95166015625,0.93310546875
3322,1355,-3.416964530944824,0.3323317766189575,3.3608617782592773,0.599609375,0.76220703125,-0.243896484375,0.0,0.9345703125,0.93310546875
3323,1353,-3.345850706100464,0.21718603372573853,3.270388126373291,0.73779296875,0.4970703125,-0.45654296875,0.0,0.93359375,0.9501953125
3324,1356,-3.6087450981140137,0.4459454119205475,3.3698484897613525,0.4755859375,0.8740234375,-0.09796142578125,0.0,0.9501953125,0.91455078125
3325,1355,-3.416964530944824,0.3323317766189575,3.3608617782592773,0.599609375,0.76220703125,-0.243896484375,0.0,0.9345703125,0.93310546875
3326,1354,-3.519192934036255,0.37460556626319885,3.241711378097534,0.599609375,0.76220703125,-0.243896484375,0.0,0.95166015625,0.93310546875
3327,1356,-3.6087450981140137,0.4459454119205475,3.3698484897613525,0.4755859375,0.8740234375,-0.09796142578125,0.0,0.9501953125,0.91455078125
3328,1357,-3.5304765701293945,0.413581520318985,3.461071729660034,0.4755859375,0.8740234375,-0.09796142578125,0.0,0.9365234375,0.91455078125
3329,1355,-3.416964530944824,0.3323317766189575,3.3608617782592773,0.599609375,0.76220703125,-0.243896484375,0.0,0.9345703125,0.93310546875
3330,1357,-3.5304765701293945,0.413581520318985,3.461071729660034,0.4755859375,0.8740234375,-0.09796142578125,0.0,0.9365234375,0.91455078125
3331,1356,-3.6087450981140137,0.4459454119205475,3.3698484897613525,0.4755859375,0.8740234375,-0.09796142578125,0.0,0.9501953125,0.91455078125
3332,1358,-3.6852738857269287,0.4795996844768524,3.5323803424835205,0.389404296875,0.9208984375,-0.007354736328125,0.0,0.943359375,0.89599609375
3333,1359,1.4366466999053955,0.6483604311943054,0.5640453696250916,-0.380859375,0.90380859375,0.1961669921875,0.0,0.8994140625,0.89306640625
3334,1360,1.4432384967803955,0.615721583366394,0.7272143363952637,-0.381103515625,0.9033203125,0.1961669921875,0.0,0.88037109375,0.89306640625
3335,1361,1.6622778177261353,0.690875232219696,0.6480004787445068,-0.252685546875,0.94677734375,0.1995849609375,0.0,0.8896484375,0.91943359375
3336,1360,1.4432384967803955,0.615721583366394,0.7272143363952637,-0.381103515625,0.9033203125,0.1961669921875,0.0,0.88037109375,0.89306640625
3337,1359,1.4366466999053955,0.6483604311943054,0.5640453696250916,-0.380859375,0.90380859375,0.1961669921875,0.0,0.8994140625,0.89306640625
3338,1362,1.2280114889144897,0.5571967363357544,0.5288988947868347,-0.576171875,0.79638671875,0.1826171875,0.0,0.90185546875,0.8662109375
3339,1360,1.4432384967803955,0.615721583366394,0.7272143363952637,-0.381103515625,0.9033203125,0.1961669921875,0.0,0.88037109375,0.89306640625
3340,1362,1.2280114889144897,0.5571967363357544,0.5288988947868347,-0.576171875,0.79638671875,0.1826171875,0.0,0.90185546875,0.8662109375
3341,1363,1.2366174459457397,0.5145649313926697,0.7420287728309631,-0.5771484375,0.7958984375,0.1824951171875,0.0,0.87744140625,0.8662109375
3342,1363,1.2366174459457397,0.5145649313926697,0.7420287728309631,-0.5771484375,0.7958984375,0.1824951171875,0.0,0.87744140625,0.8662109375
3343,1362,1.2280114889144897,0.5571967363357544,0.5288988947868347,-0.576171875,0.79638671875,0.1826171875,0.0,0.90185546875,0.8662109375
3344,1364,1.0686156749725342,0.4101797342300415,0.4955834746360779,-0.83154296875,0.537109375,0.1409912109375,0.0,0.90234375,0.84228515625
3345,1363,1.2366174459457397,0.5145649313926697,0.7420287728309631,-0.5771484375,0.7958984375,0.1824951171875,0.0,0.87744140625,0.8662109375
3346,1364,1.0686156749725342,0.4101797342300415,0.4955834746360779,-0.83154296875,0.537109375,0.1409912109375,0.0,0.90234375,0.84228515625
3347,1365,1.0781091451644897,0.3631703853607178,0.7306005954742432,-0.83251953125,0.53564453125,0.1407470703125,0.0,0.876953125,0.841796875
3348,1365,1.0781091451644897,0.3631703853607178,0.7306005954742432,-0.83251953125,0.53564453125,0.1407470703125,0.0,0.876953125,0.841796875
3349,1364,1.0686156749725342,0.4101797342300415,0.4955834746360779,-0.83154296875,0.537109375,0.1409912109375,0.0,0.90234375,0.84228515625
3350,1366,1.0221874713897705,0.27302736043930054,0.45682859420776367,-0.9677734375,0.2374267578125,0.0865478515625,0.0,0.90283203125,0.82666015625
3351,1365,1.0781091451644897,0.3631703853607178,0.7306005954742432,-0.83251953125,0.53564453125,0.1407470703125,0.0,0.876953125,0.841796875
3352,1366,1.0221874713897705,0.27302736043930054,0.45682859420776367,-0.9677734375,0.2374267578125,0.0865478515625,0.0,0.90283203125,0.82666015625
3353,1367,1.032779574394226,0.22056978940963745,0.7190966606140137,-0.9677734375,0.2359619140625,0.0863037109375,0.0,0.87646484375,0.826171875
3354,1367,1.032779574394226,0.22056978940963745,0.7190966606140137,-0.9677734375,0.2359619140625,0.0863037109375,0.0,0.87646484375,0.826171875
3355,1366,1.0221874713897705,0.27302736043930054,0.45682859420776367,-0.9677734375,0.2374267578125,0.0865478515625,0.0,0.90283203125,0.82666015625
3356,1368,0.9611095786094666,0.0,0.4176076054573059,-0.97509765625,0.20654296875,0.0806884765625,0.0,0.90185546875,0.7998046875
3357,1367,1.032779574394226,0.22056978940963745,0.7190966606140137,-0.9677734375,0.2359619140625,0.0863037109375,0.0,0.87646484375,0.826171875
3358,1368,0.9611095786094666,0.0,0.4176076054573059,-0.97509765625,0.20654296875,0.0806884765625,0.0,0.90185546875,0.7998046875
3359,1369,0.9836796522140503,0.0,0.6903209686279297,-0.97509765625,0.20654296875,0.0806884765625,0.0,0.8759765625,0.8046875
3360,1370,0.3741381764411926,1.3362854719161987,-1.135134220123291,0.0138702392578125,0.716796875,0.697265625,0.0,0.178955078125,0.47314453125
3361,1371,0.5395727157592773,1.3220443725585938,-1.1237841844558716,0.01385498046875,0.716796875,0.697265625,0.0,0.1614990234375,0.47314453125
3362,1372,0.49915891885757446,1.569955587387085,-1.4544165134429932,0.0279998779296875,0.80126953125,0.59765625,0.0,0.1702880859375,0.51611328125
3363,1373,0.3044836223125458,1.037852168083191,-0.8547484874725342,-0.009765625,0.5517578125,0.833984375,0.0,0.1815185546875,0.4296875
3364,1371,0.5395727157592773,1.3220443725585938,-1.1237841844558716,0.01385498046875,0.716796875,0.697265625,0.0,0.1614990234375,0.47314453125
3365,1370,0.3741381764411926,1.3362854719161987,-1.135134220123291,0.0138702392578125,0.716796875,0.697265625,0.0,0.178955078125,0.47314453125
3366,1373,0.3044836223125458,1.037852168083191,-0.8547484874725342,-0.009765625,0.5517578125,0.833984375,0.0,0.1815185546875,0.4296875
3367,1374,0.5205602645874023,1.0192489624023438,-0.8399145603179932,-0.0098114013671875,0.55126953125,0.83447265625,0.0,0.15869140625,0.4296875
3368,1371,0.5395727157592773,1.3220443725585938,-1.1237841844558716,0.01385498046875,0.716796875,0.697265625,0.0,0.1614990234375,0.47314453125
3369,1375,0.2505822777748108,0.6697516441345215,-0.6786205768585205,-0.0447998046875,0.250732421875,0.966796875,0.0,0.1826171875,0.386474609375
3370,1374,0.5205602645874023,1.0192489624023438,-0.8399145603179932,-0.0098114013671875,0.55126953125,0.83447265625,0.0,0.15869140625,0.4296875
3371,1373,0.3044836223125458,1.037852168083191,-0.8547484874725342,-0.009765625,0.5517578125,0.833984375,0.0,0.1815185546875,0.4296875
3372,1375,0.2505822777748108,0.6697516441345215,-0.6786205768585205,-0.0447998046875,0.250732421875,0.966796875,0.0,0.1826171875,0.386474609375
3373,1376,0.48887327313423157,0.6492361426353455,-0.6622607111930847,-0.044891357421875,0.25,0.96728515625,0.0,0.1573486328125,0.386474609375
3374,1374,0.5205602645874023,1.0192489624023438,-0.8399145603179932,-0.0098114013671875,0.55126953125,0.83447265625,0.0,0.15869140625,0.4296875
3375,1377,0.21308226883411407,0.38649100065231323,-0.6786108016967773,-0.0673828125,0.01326751708984375,0.99755859375,0.0,0.1839599609375,0.3564453125
3376,1376,0.48887327313423157,0.6492361426353455,-0.6622607111930847,-0.044891357421875,0.25,0.96728515625,0.0,0.1573486328125,0.386474609375
3377,1375,0.2505822777748108,0.6697516441345215,-0.6786205768585205,-0.0447998046875,0.250732421875,0.966796875,0.0,0.1826171875,0.386474609375
3378,1377,0.21308226883411407,0.38649100065231323,-0.6786108016967773,-0.0673828125,0.01326751708984375,0.99755859375,0.0,0.1839599609375,0.3564453125
3379,1378,0.47899413108825684,0.3635997772216797,-0.6603540182113647,-0.0673828125,0.01328277587890625,0.99755859375,0.0,0.1558837890625,0.3564453125
3380,1376,0.48887327313423157,0.6492361426353455,-0.6622607111930847,-0.044891357421875,0.25,0.96728515625,0.0,0.1573486328125,0.386474609375
3381,1378,0.47899413108825684,0.3635997772216797,-0.6603540182113647,-0.0673828125,0.01328277587890625,0.99755859375,0.0,0.1558837890625,0.3564453125
3382,1377,0.21308226883411407,0.38649100065231323,-0.6786108016967773,-0.0673828125,0.01326751708984375,0.99755859375,0.0,0.1839599609375,0.3564453125
3383,1379,0.178823783993721,0.0,-0.6746298670768738,-0.06707763671875,0.0162200927734375,0.99755859375,0.0,0.1839599609375,0.315673828125
3384,1378,0.47899413108825684,0.3635997772216797,-0.6603540182113647,-0.0673828125,0.01328277587890625,0.99755859375,0.0,0.1558837890625,0.3564453125
3385,1379,0.178823783993721,0.0,-0.6746298670768738,-0.06707763671875,0.0162200927734375,0.99755859375,0.0,0.1839599609375,0.315673828125
3386,1380,0.4502979516983032,0.0,-0.6563705801963806,-0.06707763671875,0.0162200927734375,0.99755859375,0.0,0.155517578125,0.318115234375
3387,1381,-1.376348853111267,1.0049792528152466,-2.7757530212402344,-0.92724609375,0.373779296875,-0.01476287841796875,0.0,0.94921875,0.84326171875
3388,1382,-1.3801915645599365,0.9996806383132935,-2.668426513671875,-0.92724609375,0.373779296875,-0.01476287841796875,0.0,0.93701171875,0.84326171875
3389,1383,-1.283911108970642,1.1813632249832153,-2.709869384765625,-0.88427734375,0.466796875,-0.0086212158203125,0.0,0.943359375,0.8671875
3390,1384,-1.4558629989624023,0.7871778607368469,-2.8058433532714844,-0.96875,0.246337890625,-0.022552490234375,0.0,0.951171875,0.81591796875
3391,1382,-1.3801915645599365,0.9996806383132935,-2.668426513671875,-0.92724609375,0.373779296875,-0.01476287841796875,0.0,0.93701171875,0.84326171875
3392,1381,-1.376348853111267,1.0049792528152466,-2.7757530212402344,-0.92724609375,0.373779296875,-0.01476287841796875,0.0,0.94921875,0.84326171875
3393,1384,-1.4558629989624023,0.7871778607368469,-2.8058433532714844,-0.96875,0.246337890625,-0.022552490234375,0.0,0.951171875,0.81591796875
3394,1385,-1.4608837366104126,0.7802573442459106,-2.6656603813171387,-0.96875,0.246337890625,-0.022552490234375,0.0,0.93505859375,0.81591796875
3395,1382,-1.3801915645599365,0.9996806383132935,-2.668426513671875,-0.92724609375,0.373779296875,-0.01476287841796875,0.0,0.93701171875,0.84326171875
3396,1386,-1.50222647190094,0.5258740186691284,-2.8276379108428955,-0.99609375,0.08380126953125,-0.03155517578125,0.0,0.95166015625,0.78564453125
3397,1385,-1.4608837366104126,0.7802573442459106,-2.6656603813171387,-0.96875,0.246337890625,-0.022552490234375,0.0,0.93505859375,0.81591796875
3398,1384,-1.4558629989624023,0.7871778607368469,-2.8058433532714844,-0.96875,0.246337890625,-0.022552490234375,0.0,0.951171875,0.81591796875
3399,1386,-1.50222647190094,0.5258740186691284,-2.8276379108428955,-0.99609375,0.08380126953125,-0.03155517578125,0.0,0.95166015625,0.78564453125
3400,1387,-1.5077685117721558,0.5182422995567322,-2.6730480194091797,-0.99609375,0.08380126953125,-0.03155517578125,0.0,0.9345703125,0.78515625
3401,1385,-1.4608837366104126,0.7802573442459106,-2.6656603813171387,-0.96875,0.246337890625,-0.022552490234375,0.0,0.93505859375,0.81591796875
3402,1388,-1.4965380430221558,0.330015629529953,-2.846094846725464,-0.9990234375,-0.0193939208984375,-0.036773681640625,0.0,0.95166015625,0.765625
3403,1387,-1.5077685117721558,0.5182422995567322,-2.6730480194091797,-0.99609375,0.08380126953125,-0.03155517578125,0.0,0.9345703125,0.78515625
3404,1386,-1.50222647190094,0.5258740186691284,-2.8276379108428955,-0.99609375,0.08380126953125,-0.03155517578125,0.0,0.95166015625,0.78564453125
3405,1388,-1.4965380430221558,0.330015629529953,-2.846094846725464,-0.9990234375,-0.0193939208984375,-0.036773681640625,0.0,0.95166015625,0.765625
3406,1389,-1.502722144126892,0.3214995861053467,-2.6735899448394775,-0.9990234375,-0.01934814453125,-0.036773681640625,0.0,0.93505859375,0.76513671875
3407,1387,-1.5077685117721558,0.5182422995567322,-2.6730480194091797,-0.99609375,0.08380126953125,-0.03155517578125,0.0,0.9345703125,0.78515625
3408,1389,-1.502722144126892,0.3214995861053467,-2.6735899448394775,-0.9990234375,-0.01934814453125,-0.036773681640625,0.0,0.93505859375,0.76513671875
3409,1388,-1.4965380430221558,0.330015629529953,-2.846094846725464,-0.9990234375,-0.0193939208984375,-0.036773681640625,0.0,0.95166015625,0.765625
3410,1390,-1.490803837776184,0.0,-2.858612298965454,-0.9990234375,-0.0159912109375,-0.036590576171875,0.0,0.951171875,0.73486328125
3411,1389,-1.502722144126892,0.3214995861053467,-2.6735899448394775,-0.9990234375,-0.01934814453125,-0.036773681640625,0.0,0.93505859375,0.76513671875
3412,1390,-1.490803837776184,0.0,-2.858612298965454,-0.9990234375,-0.0159912109375,-0.036590576171875,0.0,0.951171875,0.73486328125
3413,1391,-1.497205138206482,0.0,-2.6836984157562256,-0.9990234375,-0.0159912109375,-0.036590576171875,0.0,0.93505859375,0.7353515625
3414,1392,1.7324461936950684,0.9094226360321045,0.20228515565395355,0.7080078125,0.6875,0.162353515625,0.0,0.56689453125,0.7470703125
3415,1393,1.7443102598190308,0.923858106136322,0.08947509527206421,0.7080078125,0.6875,0.162353515625,0.0,0.5791015625,0.7470703125
3416,1394,1.5665050745010376,1.0609431266784668,0.14628173410892487,0.634765625,0.75537109375,0.1634521484375,0.0,0.57275390625,0.7236328125
3417,1395,1.905975341796875,0.7165974378585815,0.2135913074016571,0.79296875,0.58837890625,0.15869140625,0.0,0.56494140625,0.7744140625
3418,1393,1.7443102598190308,0.923858106136322,0.08947509527206421,0.7080078125,0.6875,0.162353515625,0.0,0.5791015625,0.7470703125
3419,1392,1.7324461936950684,0.9094226360321045,0.20228515565395355,0.7080078125,0.6875,0.162353515625,0.0,0.56689453125,0.7470703125
3420,1395,1.905975341796875,0.7165974378585815,0.2135913074016571,0.79296875,0.58837890625,0.15869140625,0.0,0.56494140625,0.7744140625
3421,1396,1.9214671850204468,0.7354546785354614,0.06624756008386612,0.79296875,0.58837890625,0.15869140625,0.0,0.58056640625,0.7744140625
3422,1393,1.7443102598190308,0.923858106136322,0.08947509527206421,0.7080078125,0.6875,0.162353515625,0.0,0.5791015625,0.7470703125
3423,1397,2.066655158996582,0.4672605097293854,0.20635008811950684,0.87841796875,0.453857421875,0.150390625,0.0,0.564453125,0.8056640625
3424,1396,1.9214671850204468,0.7354546785354614,0.06624756008386612,0.79296875,0.58837890625,0.15869140625,0.0,0.58056640625,0.7744140625
3425,1395,1.905975341796875,0.7165974378585815,0.2135913074016571,0.79296875,0.58837890625,0.15869140625,0.0,0.56494140625,0.7744140625
3426,1397,2.066655158996582,0.4672605097293854,0.20635008811950684,0.87841796875,0.453857421875,0.150390625,0.0,0.564453125,0.8056640625
3427,1398,2.083732843399048,0.48805585503578186,0.04386718571186066,0.87841796875,0.453857421875,0.150390625,0.0,0.58154296875,0.8056640625
3428,1396,1.9214671850204468,0.7354546785354614,0.06624756008386612,0.79296875,0.58837890625,0.15869140625,0.0,0.58056640625,0.7744140625
3429,1399,2.1471362113952637,0.2631608247756958,0.1983642578125,0.921875,0.35986328125,0.1429443359375,0.0,0.5634765625,0.82861328125
3430,1398,2.083732843399048,0.48805585503578186,0.04386718571186066,0.87841796875,0.453857421875,0.150390625,0.0,0.58154296875,0.8056640625
3431,1397,2.066655158996582,0.4672605097293854,0.20635008811950684,0.87841796875,0.453857421875,0.150390625,0.0,0.564453125,0.8056640625
3432,1399,2.1471362113952637,0.2631608247756958,0.1983642578125,0.921875,0.35986328125,0.1429443359375,0.0,0.5634765625,0.82861328125
3433,1400,2.1662023067474365,0.28636834025382996,0.017043456435203552,0.921875,0.35986328125,0.1429443359375,0.0,0.58251953125,0.82861328125
3434,1398,2.083732843399048,0.48805585503578186,0.04386718571186066,0.87841796875,0.453857421875,0.150390625,0.0,0.58154296875,0.8056640625
3435,1400,2.1662023067474365,0.28636834025382996,0.017043456435203552,0.921875,0.35986328125,0.1429443359375,0.0,0.58251953125,0.82861328125
3436,1399,2.1471362113952637,0.2631608247756958,0.1983642578125,0.921875,0.35986328125,0.1429443359375,0.0,0.5634765625,0.82861328125
3437,1401,2.253563165664673,0.0,0.1771215796470642,0.92138671875,0.361083984375,0.14306640625,0.0,0.56298828125,0.8583984375
3438,1400,2.1662023067474365,0.28636834025382996,0.017043456435203552,0.921875,0.35986328125,0.1429443359375,0.0,0.58251953125,0.82861328125
3439,1401,2.253563165664673,0.0,0.1771215796470642,0.92138671875,0.361083984375,0.14306640625,0.0,0.56298828125,0.8583984375
3440,1402,2.282425880432129,0.0,-0.008746212348341942,0.92138671875,0.361083984375,0.14306640625,0.0,0.58251953125,0.861328125
3441,1403,-1.904974341392517,0.6891395449638367,-3.116595506668091,-0.13916015625,0.7666015625,0.626953125,0.0,0.11822509765625,0.9365234375
3442,1404,-1.800087809562683,0.6888120770454407,-3.092926025390625,-0.13916015625,0.7666015625,0.626953125,0.0,0.1043701171875,0.9365234375
3443,1405,-1.824862003326416,0.7683468461036682,-3.226267099380493,-0.11572265625,0.84326171875,0.5244140625,0.0,0.11126708984375,0.95556640625
3444,1406,-1.9474620819091797,0.5818324089050293,-3.0045909881591797,-0.16796875,0.6357421875,0.75341796875,0.0,0.12017822265625,0.91455078125
3445,1404,-1.800087809562683,0.6888120770454407,-3.092926025390625,-0.13916015625,0.7666015625,0.626953125,0.0,0.1043701171875,0.9365234375
3446,1403,-1.904974341392517,0.6891395449638367,-3.116595506668091,-0.13916015625,0.7666015625,0.626953125,0.0,0.11822509765625,0.9365234375
3447,1406,-1.9474620819091797,0.5818324089050293,-3.0045909881591797,-0.16796875,0.6357421875,0.75341796875,0.0,0.12017822265625,0.91455078125
3448,1407,-1.810461401939392,0.5814034342765808,-2.9736742973327637,-0.16796875,0.6357421875,0.75341796875,0.0,0.1024169921875,0.91455078125
3449,1404,-1.800087809562683,0.6888120770454407,-3.092926025390625,-0.13916015625,0.7666015625,0.626953125,0.0,0.1043701171875,0.9365234375
3450,1408,-1.9758189916610718,0.43870750069618225,-2.9136853218078613,-0.197998046875,0.424560546875,0.88330078125,0.0,0.1195068359375,0.89453125
3451,1407,-1.810461401939392,0.5814034342765808,-2.9736742973327637,-0.16796875,0.6357421875,0.75341796875,0.0,0.1024169921875,0.91455078125
3452,1406,-1.9474620819091797,0.5818324089050293,-3.0045909881591797,-0.16796875,0.6357421875,0.75341796875,0.0,0.12017822265625,0.91455078125
3453,1408,-1.9758189916610718,0.43870750069618225,-2.9136853218078613,-0.197998046875,0.424560546875,0.88330078125,0.0,0.1195068359375,0.89453125
3454,1409,-1.8247473239898682,0.4382333755493164,-2.879592180252075,-0.197998046875,0.424560546875,0.88330078125,0.0,0.10308837890625,0.89453125
3455,1407,-1.810461401939392,0.5814034342765808,-2.9736742973327637,-0.16796875,0.6357421875,0.75341796875,0.0,0.1024169921875,0.91455078125
3456,1410,-1.9921178817749023,0.31935083866119385,-2.883892774581909,-0.216552734375,0.1680908203125,0.9619140625,0.0,0.11920166015625,0.88232421875
3457,1409,-1.8247473239898682,0.4382333755493164,-2.879592180252075,-0.197998046875,0.424560546875,0.88330078125,0.0,0.10308837890625,0.89453125
3458,1408,-1.9758189916610718,0.43870750069618225,-2.9136853218078613,-0.197998046875,0.424560546875,0.88330078125,0.0,0.1195068359375,0.89453125
3459,1410,-1.9921178817749023,0.31935083866119385,-2.883892774581909,-0.216552734375,0.1680908203125,0.9619140625,0.0,0.11920166015625,0.88232421875
3460,1411,-1.8235362768173218,0.31882020831108093,-2.845843553543091,-0.216552734375,0.1680908203125,0.9619140625,0.0,0.10345458984375,0.88232421875
3461,1409,-1.8247473239898682,0.4382333755493164,-2.879592180252075,-0.197998046875,0.424560546875,0.88330078125,0.0,0.10308837890625,0.89453125
3462,1411,-1.8235362768173218,0.31882020831108093,-2.845843553543091,-0.216552734375,0.1680908203125,0.9619140625,0.0,0.10345458984375,0.88232421875
3463,1410,-1.9921178817749023,0.31935083866119385,-2.883892774581909,-0.216552734375,0.1680908203125,0.9619140625,0.0,0.11920166015625,0.88232421875
3464,1412,-2.0032780170440674,4.440891999238953e-18,-2.841898202896118,-0.2177734375,0.134765625,0.966796875,0.0,0.1190185546875,0.8544921875
3465,1411,-1.8235362768173218,0.31882020831108093,-2.845843553543091,-0.216552734375,0.1680908203125,0.9619140625,0.0,0.10345458984375,0.88232421875
3466,1412,-2.0032780170440674,4.440891999238953e-18,-2.841898202896118,-0.2177734375,0.134765625,0.966796875,0.0,0.1190185546875,0.8544921875
3467,1413,-1.8324010372161865,0.0,-2.8034112453460693,-0.2177734375,0.134765625,0.966796875,0.0,0.10357666015625,0.8544921875
3468,1414,2.070317268371582,1.3437762260437012,-0.14249755442142487,0.7587890625,0.64599609375,0.0833740234375,0.0,0.4443359375,0.6171875
3469,1415,2.0744969844818115,1.353556752204895,-0.2563427686691284,0.7587890625,0.64599609375,0.0833740234375,0.0,0.432373046875,0.6171875
3470,1416,1.8458960056304932,1.566866159439087,-0.18900634348392487,0.693359375,0.71533203125,0.0869140625,0.0,0.438232421875,0.650390625
3471,1417,2.2984251976013184,1.0584255456924438,-0.14104247093200684,0.83447265625,0.54541015625,0.0775146484375,0.0,0.4462890625,0.57861328125
3472,1415,2.0744969844818115,1.353556752204895,-0.2563427686691284,0.7587890625,0.64599609375,0.0833740234375,0.0,0.432373046875,0.6171875
3473,1414,2.070317268371582,1.3437762260437012,-0.14249755442142487,0.7587890625,0.64599609375,0.0833740234375,0.0,0.4443359375,0.6171875
3474,1417,2.2984251976013184,1.0584255456924438,-0.14104247093200684,0.83447265625,0.54541015625,0.0775146484375,0.0,0.4462890625,0.57861328125
3475,1418,2.303891658782959,1.0711978673934937,-0.2897412180900574,0.83447265625,0.54541015625,0.0775146484375,0.0,0.430419921875,0.5791015625
3476,1415,2.0744969844818115,1.353556752204895,-0.2563427686691284,0.7587890625,0.64599609375,0.0833740234375,0.0,0.432373046875,0.6171875
3477,1419,2.504870653152466,0.6935931444168091,-0.15708251297473907,0.908203125,0.412353515625,0.06878662109375,0.0,0.447021484375,0.53466796875
3478,1418,2.303891658782959,1.0711978673934937,-0.2897412180900574,0.83447265625,0.54541015625,0.0775146484375,0.0,0.430419921875,0.5791015625
3479,1417,2.2984251976013184,1.0584255456924438,-0.14104247093200684,0.83447265625,0.54541015625,0.0775146484375,0.0,0.4462890625,0.57861328125
3480,1419,2.504870653152466,0.6935931444168091,-0.15708251297473907,0.908203125,0.412353515625,0.06878662109375,0.0,0.447021484375,0.53466796875
3481,1420,2.5108983516693115,0.7076748609542847,-0.32106199860572815,0.908203125,0.412353515625,0.06878662109375,0.0,0.4296875,0.53466796875
3482,1418,2.303891658782959,1.0711978673934937,-0.2897412180900574,0.83447265625,0.54541015625,0.0775146484375,0.0,0.430419921875,0.5791015625
3483,1421,2.6046507358551025,0.39955341815948486,-0.16908203065395355,0.9453125,0.320068359375,0.062255859375,0.0,0.447998046875,0.50244140625
3484,1420,2.5108983516693115,0.7076748609542847,-0.32106199860572815,0.908203125,0.412353515625,0.06878662109375,0.0,0.4296875,0.53466796875
3485,1419,2.504870653152466,0.6935931444168091,-0.15708251297473907,0.908203125,0.412353515625,0.06878662109375,0.0,0.447021484375,0.53466796875
3486,1421,2.6046507358551025,0.39955341815948486,-0.16908203065395355,0.9453125,0.320068359375,0.062255859375,0.0,0.447998046875,0.50244140625
3487,1422,2.611377000808716,0.41526851058006287,-0.35207030177116394,0.9453125,0.320068359375,0.062255859375,0.0,0.4287109375,0.50244140625
3488,1420,2.5108983516693115,0.7076748609542847,-0.32106199860572815,0.908203125,0.412353515625,0.06878662109375,0.0,0.4296875,0.53466796875
3489,1422,2.611377000808716,0.41526851058006287,-0.35207030177116394,0.9453125,0.320068359375,0.062255859375,0.0,0.4287109375,0.50244140625
3490,1421,2.6046507358551025,0.39955341815948486,-0.16908203065395355,0.9453125,0.320068359375,0.062255859375,0.0,0.447998046875,0.50244140625
3491,1423,2.7423224449157715,4.440891999238953e-18,-0.19703605771064758,0.94482421875,0.3212890625,0.06231689453125,0.0,0.447998046875,0.457763671875
3492,1422,2.611377000808716,0.41526851058006287,-0.35207030177116394,0.9453125,0.320068359375,0.062255859375,0.0,0.4287109375,0.50244140625
3493,1423,2.7423224449157715,4.440891999238953e-18,-0.19703605771064758,0.94482421875,0.3212890625,0.06231689453125,0.0,0.447998046875,0.457763671875
3494,1424,2.7546422481536865,0.0,-0.38382014632225037,0.94482421875,0.3212890625,0.06231689453125,0.0,0.428466796875,0.4560546875
3495,1425,-0.022561034187674522,1.6563307046890259,-2.367507219314575,0.8984375,0.367919921875,-0.2391357421875,0.0,0.67578125,0.6240234375
3496,1426,0.021760253235697746,1.5612547397613525,-2.347277879714966,0.935546875,0.25439453125,-0.2451171875,0.0,0.67822265625,0.61279296875
3497,1427,0.0066809081472456455,1.5594522953033447,-2.406717538833618,0.935546875,0.25390625,-0.2451171875,0.0,0.671875,0.61328125
3498,1426,0.021760253235697746,1.5612547397613525,-2.347277879714966,0.935546875,0.25439453125,-0.2451171875,0.0,0.67822265625,0.61279296875
3499,1428,0.041276853531599045,1.3837437629699707,-2.4451451301574707,0.9443359375,0.2177734375,-0.2462158203125,0.0,0.66796875,0.59423828125
3500,1427,0.0066809081472456455,1.5594522953033447,-2.406717538833618,0.935546875,0.25390625,-0.2451171875,0.0,0.671875,0.61328125
3501,1426,0.021760253235697746,1.5612547397613525,-2.347277879714966,0.935546875,0.25439453125,-0.2451171875,0.0,0.67822265625,0.61279296875
3502,1429,0.0736413523554802,1.38761305809021,-2.3175952434539795,0.9443359375,0.2178955078125,-0.2462158203125,0.0,0.681640625,0.59375
3503,1428,0.041276853531599045,1.3837437629699707,-2.4451451301574707,0.9443359375,0.2177734375,-0.2462158203125,0.0,0.66796875,0.59423828125
3504,1430,0.14041747152805328,1.0915616750717163,-2.314763069152832,0.96044921875,0.127197265625,-0.24755859375,0.0,0.68212890625,0.56201171875
3505,1428,0.041276853531599045,1.3837437629699707,-2.4451451301574707,0.9443359375,0.2177734375,-0.2462158203125,0.0,0.66796875,0.59423828125
3506,1429,0.0736413523554802,1.38761305809021,-2.3175952434539795,0.9443359375,0.2178955078125,-0.2462158203125,0.0,0.681640625,0.59375
3507,1430,0.14041747152805328,1.0915616750717163,-2.314763069152832,0.96044921875,0.127197265625,-0.24755859375,0.0,0.68212890625,0.56201171875
3508,1431,0.09923339635133743,1.0866354703903198,-2.477088451385498,0.96044921875,0.125732421875,-0.24755859375,0.0,0.66455078125,0.5625
3509,1428,0.041276853531599045,1.3837437629699707,-2.4451451301574707,0.9443359375,0.2177734375,-0.2462158203125,0.0,0.66796875,0.59423828125
3510,1432,0.17704467475414276,0.6844780445098877,-2.3003149032592773,0.96875,0.0303192138671875,-0.2467041015625,0.0,0.6826171875,0.51904296875
3511,1431,0.09923339635133743,1.0866354703903198,-2.477088451385498,0.96044921875,0.125732421875,-0.24755859375,0.0,0.66455078125,0.5625
3512,1430,0.14041747152805328,1.0915616750717163,-2.314763069152832,0.96044921875,0.127197265625,-0.24755859375,0.0,0.68212890625,0.56201171875
3513,1432,0.17704467475414276,0.6844780445098877,-2.3003149032592773,0.96875,0.0303192138671875,-0.2467041015625,0.0,0.6826171875,0.51904296875
3514,1433,0.12795042991638184,0.6786063313484192,-2.4938085079193115,0.96875,0.0302581787109375,-0.2467041015625,0.0,0.66162109375,0.51953125
3515,1431,0.09923339635133743,1.0866354703903198,-2.477088451385498,0.96044921875,0.125732421875,-0.24755859375,0.0,0.66455078125,0.5625
3516,1432,0.17704467475414276,0.6844780445098877,-2.3003149032592773,0.96875,0.0303192138671875,-0.2467041015625,0.0,0.6826171875,0.51904296875
3517,1434,0.12649047374725342,0.302994966506958,-2.471250057220459,0.96875,-0.035247802734375,-0.2447509765625,0.0,0.662109375,0.47998046875
3518,1433,0.12795042991638184,0.6786063313484192,-2.4938085079193115,0.96875,0.0302581787109375,-0.2467041015625,0.0,0.66162109375,0.51953125
3519,1432,0.17704467475414276,0.6844780445098877,-2.3003149032592773,0.96875,0.0303192138671875,-0.2467041015625,0.0,0.6826171875,0.51904296875
3520,1435,0.17234863340854645,0.308483749628067,-2.2904980182647705,0.96875,-0.035125732421875,-0.2447509765625,0.0,0.681640625,0.479736328125
3521,1434,0.12649047374725342,0.302994966506958,-2.471250057220459,0.96875,-0.035247802734375,-0.2447509765625,0.0,0.662109375,0.47998046875
3522,1436,0.15085570514202118,0.10763885080814362,-2.311846971511841,0.96630859375,-0.08465576171875,-0.24267578125,0.0,0.677734375,0.458740234375
3523,1434,0.12649047374725342,0.302994966506958,-2.471250057220459,0.96875,-0.035247802734375,-0.2447509765625,0.0,0.662109375,0.47998046875
3524,1435,0.17234863340854645,0.308483749628067,-2.2904980182647705,0.96875,-0.035125732421875,-0.2447509765625,0.0,0.681640625,0.479736328125
3525,1436,0.15085570514202118,0.10763885080814362,-2.311846971511841,0.96630859375,-0.08465576171875,-0.24267578125,0.0,0.677734375,0.458740234375
3526,1437,0.11904296278953552,0.10383398830890656,-2.4372265338897705,0.96630859375,-0.08489990234375,-0.24267578125,0.0,0.66455078125,0.458984375
3527,1434,0.12649047374725342,0.302994966506958,-2.471250057220459,0.96875,-0.035247802734375,-0.2447509765625,0.0,0.662109375,0.47998046875
3528,1438,0.11988583207130432,0.0,-2.37723970413208,0.9619140625,-0.130859375,-0.2401123046875,0.0,0.669921875,0.44775390625
3529,1437,0.11904296278953552,0.10383398830890656,-2.4372265338897705,0.96630859375,-0.08489990234375,-0.24267578125,0.0,0.66455078125,0.458984375
3530,1436,0.15085570514202118,0.10763885080814362,-2.311846971511841,0.96630859375,-0.08465576171875,-0.24267578125,0.0,0.677734375,0.458740234375
3531,1438,0.11988583207130432,0.0,-2.37723970413208,0.9619140625,-0.130859375,-0.2401123046875,0.0,0.669921875,0.44775390625
3532,1436,0.15085570514202118,0.10763885080814362,-2.311846971511841,0.96630859375,-0.08465576171875,-0.24267578125,0.0,0.677734375,0.458740234375
3533,1439,0.12371179461479187,0.0,-2.3619158267974854,0.9619140625,-0.130859375,-0.2401123046875,0.0,0.671875,0.447509765625
3534,1440,0.12371823936700821,0.0,-2.3618974685668945,0.93896484375,-0.084228515625,-0.33349609375,0.0,0.671875,0.447509765625
3535,1439,0.12371179461479187,0.0,-2.3619158267974854,0.9619140625,-0.130859375,-0.2401123046875,0.0,0.671875,0.447509765625
3536,1436,0.15085570514202118,0.10763885080814362,-2.311846971511841,0.96630859375,-0.08465576171875,-0.24267578125,0.0,0.677734375,0.458740234375
3537,1441,2.132704973220825,0.561945915222168,0.6573413014411926,0.5048828125,0.75146484375,-0.42431640625,0.0,0.460205078125,0.9765625
3538,1442,2.054918050765991,0.5727424621582031,0.5838891267776489,0.5048828125,0.75146484375,-0.42431640625,0.0,0.4482421875,0.9765625
3539,1443,2.0151426792144775,0.6484086513519287,0.7158422470092773,0.439453125,0.830078125,-0.343505859375,0.0,0.4541015625,0.9931640625
3540,1444,2.2167980670928955,0.4514853060245514,0.5761449933052063,0.58251953125,0.61962890625,-0.52587890625,0.0,0.4619140625,0.958984375
3541,1442,2.054918050765991,0.5727424621582031,0.5838891267776489,0.5048828125,0.75146484375,-0.42431640625,0.0,0.4482421875,0.9765625
3542,1441,2.132704973220825,0.561945915222168,0.6573413014411926,0.5048828125,0.75146484375,-0.42431640625,0.0,0.460205078125,0.9765625
3543,1444,2.2167980670928955,0.4514853060245514,0.5761449933052063,0.58251953125,0.61962890625,-0.52587890625,0.0,0.4619140625,0.958984375
3544,1445,2.115201473236084,0.4655858874320984,0.48020994663238525,0.58251953125,0.61962890625,-0.52587890625,0.0,0.446533203125,0.958984375
3545,1442,2.054918050765991,0.5727424621582031,0.5838891267776489,0.5048828125,0.75146484375,-0.42431640625,0.0,0.4482421875,0.9765625
3546,1446,2.2749340534210205,0.30675724148750305,0.5038623213768005,0.65625,0.406982421875,-0.63525390625,0.0,0.46240234375,0.93994140625
3547,1445,2.115201473236084,0.4655858874320984,0.48020994663238525,0.58251953125,0.61962890625,-0.52587890625,0.0,0.446533203125,0.958984375
3548,1444,2.2167980670928955,0.4514853060245514,0.5761449933052063,0.58251953125,0.61962890625,-0.52587890625,0.0,0.4619140625,0.958984375
3549,1446,2.2749340534210205,0.30675724148750305,0.5038623213768005,0.65625,0.406982421875,-0.63525390625,0.0,0.46240234375,0.93994140625
3550,1447,2.1629016399383545,0.32230666279792786,0.3980688452720642,0.65625,0.406982421875,-0.63525390625,0.0,0.446044921875,0.93994140625
3551,1445,2.115201473236084,0.4655858874320984,0.48020994663238525,0.58251953125,0.61962890625,-0.52587890625,0.0,0.446533203125,0.958984375
3552,1448,2.2937023639678955,0.1865350306034088,0.4794653356075287,0.681640625,0.2178955078125,-0.6982421875,0.0,0.462890625,0.9267578125
3553,1447,2.1629016399383545,0.32230666279792786,0.3980688452720642,0.65625,0.406982421875,-0.63525390625,0.0,0.446044921875,0.93994140625
3554,1446,2.2749340534210205,0.30675724148750305,0.5038623213768005,0.65625,0.406982421875,-0.63525390625,0.0,0.46240234375,0.93994140625
3555,1448,2.2937023639678955,0.1865350306034088,0.4794653356075287,0.681640625,0.2178955078125,-0.6982421875,0.0,0.462890625,0.9267578125
3556,1449,2.1686742305755615,0.20388701558113098,0.36140379309654236,0.681640625,0.2181396484375,-0.6982421875,0.0,0.445556640625,0.92724609375
3557,1447,2.1629016399383545,0.32230666279792786,0.3980688452720642,0.65625,0.406982421875,-0.63525390625,0.0,0.446044921875,0.93994140625
3558,1449,2.1686742305755615,0.20388701558113098,0.36140379309654236,0.681640625,0.2181396484375,-0.6982421875,0.0,0.445556640625,0.92724609375
3559,1448,2.2937023639678955,0.1865350306034088,0.4794653356075287,0.681640625,0.2178955078125,-0.6982421875,0.0,0.462890625,0.9267578125
3560,1450,2.310914993286133,0.0,0.44030630588531494,0.6806640625,0.2022705078125,-0.7041015625,0.0,0.462646484375,0.908203125
3561,1449,2.1686742305755615,0.20388701558113098,0.36140379309654236,0.681640625,0.2181396484375,-0.6982421875,0.0,0.445556640625,0.92724609375
3562,1450,2.310914993286133,0.0,0.44030630588531494,0.6806640625,0.2022705078125,-0.7041015625,0.0,0.462646484375,0.908203125
3563,1451,2.1843793392181396,0.0,0.32027000188827515,0.6806640625,0.2022705078125,-0.7041015625,0.0,0.445556640625,0.90673828125
3564,1452,2.557936906814575,0.8735446929931641,0.6271654963493347,0.748046875,0.3408203125,-0.5693359375,0.0,0.31640625,0.87646484375
3565,1453,2.493680477142334,0.8706129789352417,0.541003406047821,0.748046875,0.3408203125,-0.5693359375,0.0,0.30517578125,0.87646484375
3566,1454,2.452028751373291,1.0545083284378052,0.6329003572463989,0.71435546875,0.435546875,-0.5478515625,0.0,0.310791015625,0.89794921875
3567,1455,2.6296887397766113,0.6524804830551147,0.6017162799835205,0.77978515625,0.212158203125,-0.5888671875,0.0,0.318115234375,0.85205078125
3568,1453,2.493680477142334,0.8706129789352417,0.541003406047821,0.748046875,0.3408203125,-0.5693359375,0.0,0.30517578125,0.87646484375
3569,1452,2.557936906814575,0.8735446929931641,0.6271654963493347,0.748046875,0.3408203125,-0.5693359375,0.0,0.31640625,0.87646484375
3570,1455,2.6296887397766113,0.6524804830551147,0.6017162799835205,0.77978515625,0.212158203125,-0.5888671875,0.0,0.318115234375,0.85205078125
3571,1456,2.5457592010498047,0.6486531496047974,0.4891723394393921,0.77978515625,0.212158203125,-0.5888671875,0.0,0.30322265625,0.85205078125
3572,1453,2.493680477142334,0.8706129789352417,0.541003406047821,0.748046875,0.3408203125,-0.5693359375,0.0,0.30517578125,0.87646484375
3573,1457,2.668599843978882,0.38929125666618347,0.590649425983429,0.7998046875,0.04852294921875,-0.59814453125,0.0,0.31884765625,0.82421875
3574,1456,2.5457592010498047,0.6486531496047974,0.4891723394393921,0.77978515625,0.212158203125,-0.5888671875,0.0,0.30322265625,0.85205078125
3575,1455,2.6296887397766113,0.6524804830551147,0.6017162799835205,0.77978515625,0.212158203125,-0.5888671875,0.0,0.318115234375,0.85205078125
3576,1457,2.668599843978882,0.38929125666618347,0.590649425983429,0.7998046875,0.04852294921875,-0.59814453125,0.0,0.31884765625,0.82421875
3577,1458,2.576047420501709,0.3850727379322052,0.46654295921325684,0.7998046875,0.04852294921875,-0.59814453125,0.0,0.302490234375,0.82421875
3578,1456,2.5457592010498047,0.6486531496047974,0.4891723394393921,0.77978515625,0.212158203125,-0.5888671875,0.0,0.30322265625,0.85205078125
3579,1459,2.6675548553466797,0.19337649643421173,0.6092968583106995,0.80126953125,-0.059295654296875,-0.595703125,0.0,0.31982421875,0.80322265625
3580,1458,2.576047420501709,0.3850727379322052,0.46654295921325684,0.7998046875,0.04852294921875,-0.59814453125,0.0,0.302490234375,0.82421875
3581,1457,2.668599843978882,0.38929125666618347,0.590649425983429,0.7998046875,0.04852294921875,-0.59814453125,0.0,0.31884765625,0.82421875
3582,1459,2.6675548553466797,0.19337649643421173,0.6092968583106995,0.80126953125,-0.059295654296875,-0.595703125,0.0,0.31982421875,0.80322265625
3583,1460,2.5642759799957275,0.188664972782135,0.4708032011985779,0.80126953125,-0.059295654296875,-0.595703125,0.0,0.3017578125,0.80322265625
3584,1458,2.576047420501709,0.3850727379322052,0.46654295921325684,0.7998046875,0.04852294921875,-0.59814453125,0.0,0.302490234375,0.82421875
3585,1460,2.5642759799957275,0.188664972782135,0.4708032011985779,0.80126953125,-0.059295654296875,-0.595703125,0.0,0.3017578125,0.80322265625
3586,1459,2.6675548553466797,0.19337649643421173,0.6092968583106995,0.80126953125,-0.059295654296875,-0.595703125,0.0,0.31982421875,0.80322265625
3587,1461,2.662261486053467,0.0,0.6209193468093872,0.80126953125,-0.0577392578125,-0.595703125,0.0,0.31982421875,0.783203125
3588,1460,2.5642759799957275,0.188664972782135,0.4708032011985779,0.80126953125,-0.059295654296875,-0.595703125,0.0,0.3017578125,0.80322265625
3589,1461,2.662261486053467,0.0,0.6209193468093872,0.80126953125,-0.0577392578125,-0.595703125,0.0,0.31982421875,0.783203125
3590,1462,2.558086395263672,0.0,0.4807644784450531,0.80126953125,-0.0577392578125,-0.595703125,0.0,0.301513671875,0.78369140625
3591,1463,2.8491735458374023,1.2384446859359741,0.20880858600139618,0.3056640625,0.64013671875,-0.70458984375,0.0,0.297607421875,0.456298828125
3592,1464,2.744396924972534,1.2380985021591187,0.16303466260433197,0.3056640625,0.64013671875,-0.70458984375,0.0,0.309814453125,0.456298828125
3593,1465,2.7004711627960205,1.4606982469558716,0.4046655297279358,0.270751953125,0.73193359375,-0.625,0.0,0.3037109375,0.422119140625
3594,1466,2.9513511657714844,0.9587277770042419,0.020803222432732582,0.348876953125,0.484375,-0.80224609375,0.0,0.2958984375,0.4931640625
3595,1464,2.744396924972534,1.2380985021591187,0.16303466260433197,0.3056640625,0.64013671875,-0.70458984375,0.0,0.309814453125,0.456298828125
3596,1463,2.8491735458374023,1.2384446859359741,0.20880858600139618,0.3056640625,0.64013671875,-0.70458984375,0.0,0.297607421875,0.456298828125
3597,1466,2.9513511657714844,0.9587277770042419,0.020803222432732582,0.348876953125,0.484375,-0.80224609375,0.0,0.2958984375,0.4931640625
3598,1467,2.8144946098327637,0.9582687020301819,-0.03898925706744194,0.348876953125,0.484375,-0.80224609375,0.0,0.3115234375,0.4931640625
3599,1464,2.744396924972534,1.2380985021591187,0.16303466260433197,0.3056640625,0.64013671875,-0.70458984375,0.0,0.309814453125,0.456298828125
3600,1468,3.0173583030700684,0.6124213933944702,-0.10847412049770355,0.387451171875,0.245361328125,-0.888671875,0.0,0.295166015625,0.53271484375
3601,1467,2.8144946098327637,0.9582687020301819,-0.03898925706744194,0.348876953125,0.484375,-0.80224609375,0.0,0.3115234375,0.4931640625
3602,1466,2.9513511657714844,0.9587277770042419,0.020803222432732582,0.348876953125,0.484375,-0.80224609375,0.0,0.2958984375,0.4931640625
3603,1468,3.0173583030700684,0.6124213933944702,-0.10847412049770355,0.387451171875,0.245361328125,-0.888671875,0.0,0.295166015625,0.53271484375
3604,1469,2.8664402961730957,0.6119133830070496,-0.1744067370891571,0.387451171875,0.245361328125,-0.888671875,0.0,0.312255859375,0.53271484375
3605,1467,2.8144946098327637,0.9582687020301819,-0.03898925706744194,0.348876953125,0.484375,-0.80224609375,0.0,0.3115234375,0.4931640625
3606,1470,3.034202814102173,0.34323376417160034,-0.12111327797174454,0.399169921875,0.07098388671875,-0.9140625,0.0,0.2939453125,0.56103515625
3607,1469,2.8664402961730957,0.6119133830070496,-0.1744067370891571,0.387451171875,0.245361328125,-0.888671875,0.0,0.312255859375,0.53271484375
3608,1468,3.0173583030700684,0.6124213933944702,-0.10847412049770355,0.387451171875,0.245361328125,-0.888671875,0.0,0.295166015625,0.53271484375
3609,1470,3.034202814102173,0.34323376417160034,-0.12111327797174454,0.399169921875,0.07098388671875,-0.9140625,0.0,0.2939453125,0.56103515625
3610,1471,2.865790843963623,0.34267303347587585,-0.19469726085662842,0.399169921875,0.07098388671875,-0.9140625,0.0,0.3134765625,0.56103515625
3611,1469,2.8664402961730957,0.6119133830070496,-0.1744067370891571,0.387451171875,0.245361328125,-0.888671875,0.0,0.312255859375,0.53271484375
3612,1471,2.865790843963623,0.34267303347587585,-0.19469726085662842,0.399169921875,0.07098388671875,-0.9140625,0.0,0.3134765625,0.56103515625
3613,1470,3.034202814102173,0.34323376417160034,-0.12111327797174454,0.399169921875,0.07098388671875,-0.9140625,0.0,0.2939453125,0.56103515625
3614,1472,3.0463597774505615,0.0,-0.1432916671037674,0.399169921875,0.07318115234375,-0.9140625,0.0,0.2939453125,0.59716796875
3615,1471,2.865790843963623,0.34267303347587585,-0.19469726085662842,0.399169921875,0.07098388671875,-0.9140625,0.0,0.3134765625,0.56103515625
3616,1472,3.0463597774505615,0.0,-0.1432916671037674,0.399169921875,0.07318115234375,-0.9140625,0.0,0.2939453125,0.59716796875
3617,1473,2.875715970993042,0.0,-0.2178029716014862,0.399169921875,0.07318115234375,-0.9140625,0.0,0.3134765625,0.59716796875
3618,1474,1.6468639373779297,0.9196595549583435,-0.5864721536636353,-0.66455078125,0.74560546875,0.048126220703125,0.0,0.07061767578125,0.91748046875
3619,1475,1.6758837699890137,0.9356582164764404,-0.43349364399909973,-0.66455078125,0.74560546875,0.048065185546875,0.0,0.05419921875,0.91748046875
3620,1476,1.83538818359375,1.0477837324142456,-0.5551123023033142,-0.564453125,0.8251953125,0.0207366943359375,0.0,0.0623779296875,0.93994140625
3621,1474,1.6468639373779297,0.9196595549583435,-0.5864721536636353,-0.66455078125,0.74560546875,0.048126220703125,0.0,0.07061767578125,0.91748046875
3622,1477,1.5163341760635376,0.7768691778182983,-0.3627099394798279,-0.78564453125,0.61279296875,0.08489990234375,0.0,0.0517578125,0.892578125
3623,1475,1.6758837699890137,0.9356582164764404,-0.43349364399909973,-0.66455078125,0.74560546875,0.048065185546875,0.0,0.05419921875,0.91748046875
3624,1474,1.6468639373779297,0.9196595549583435,-0.5864721536636353,-0.66455078125,0.74560546875,0.048126220703125,0.0,0.07061767578125,0.91748046875
3625,1478,1.4784313440322876,0.7559744119644165,-0.5625171065330505,-0.78564453125,0.61279296875,0.08502197265625,0.0,0.0732421875,0.892578125
3626,1477,1.5163341760635376,0.7768691778182983,-0.3627099394798279,-0.78564453125,0.61279296875,0.08489990234375,0.0,0.0517578125,0.892578125
3627,1478,1.4784313440322876,0.7559744119644165,-0.5625171065330505,-0.78564453125,0.61279296875,0.08502197265625,0.0,0.0732421875,0.892578125
3628,1479,1.3899987936019897,0.5645521283149719,-0.3065820336341858,-0.90673828125,0.4013671875,0.1300048828125,0.0,0.05072021484375,0.8662109375
3629,1477,1.5163341760635376,0.7768691778182983,-0.3627099394798279,-0.78564453125,0.61279296875,0.08489990234375,0.0,0.0517578125,0.892578125
3630,1478,1.4784313440322876,0.7559744119644165,-0.5625171065330505,-0.78564453125,0.61279296875,0.08502197265625,0.0,0.0732421875,0.892578125
3631,1480,1.34820556640625,0.541510283946991,-0.5269140601158142,-0.90673828125,0.400634765625,0.130126953125,0.0,0.07440185546875,0.8662109375
3632,1479,1.3899987936019897,0.5645521283149719,-0.3065820336341858,-0.90673828125,0.4013671875,0.1300048828125,0.0,0.05072021484375,0.8662109375
3633,1480,1.34820556640625,0.541510283946991,-0.5269140601158142,-0.90673828125,0.400634765625,0.130126953125,0.0,0.07440185546875,0.8662109375
3634,1481,1.3519030809402466,0.3890730142593384,-0.2682812511920929,-0.95703125,0.243408203125,0.1561279296875,0.0,0.0494384765625,0.84716796875
3635,1479,1.3899987936019897,0.5645521283149719,-0.3065820336341858,-0.90673828125,0.4013671875,0.1300048828125,0.0,0.05072021484375,0.8662109375
3636,1480,1.34820556640625,0.541510283946991,-0.5269140601158142,-0.90673828125,0.400634765625,0.130126953125,0.0,0.07440185546875,0.8662109375
3637,1482,1.3052550554275513,0.3633600175380707,-0.5141674876213074,-0.95703125,0.244140625,0.156005859375,0.0,0.07586669921875,0.84716796875
3638,1481,1.3519030809402466,0.3890730142593384,-0.2682812511920929,-0.95703125,0.243408203125,0.1561279296875,0.0,0.0494384765625,0.84716796875
3639,1482,1.3052550554275513,0.3633600175380707,-0.5141674876213074,-0.95703125,0.244140625,0.156005859375,0.0,0.07586669921875,0.84716796875
3640,1483,1.2444274425506592,0.10520455986261368,-0.4785204827785492,-0.95654296875,0.246826171875,0.1556396484375,0.0,0.076171875,0.81884765625
3641,1481,1.3519030809402466,0.3890730142593384,-0.2682812511920929,-0.95703125,0.243408203125,0.1561279296875,0.0,0.0494384765625,0.84716796875
3642,1484,2.6134033203125,1.5416702032089233,-0.42513182759284973,0.9111328125,0.381591796875,-0.1571044921875,0.0,0.467041015625,0.45068359375
3643,1485,2.593561887741089,1.5426712036132812,-0.5377343893051147,0.9111328125,0.381591796875,-0.1571044921875,0.0,0.455078125,0.45068359375
3644,1486,2.4519848823547363,1.836857557296753,-0.4521142542362213,0.873046875,0.4638671875,-0.1497802734375,0.0,0.461181640625,0.485595703125
3645,1487,2.751271963119507,1.1787269115447998,-0.43489012122154236,0.94921875,0.268798828125,-0.164794921875,0.0,0.468994140625,0.409912109375
3646,1485,2.593561887741089,1.5426712036132812,-0.5377343893051147,0.9111328125,0.381591796875,-0.1571044921875,0.0,0.455078125,0.45068359375
3647,1484,2.6134033203125,1.5416702032089233,-0.42513182759284973,0.9111328125,0.381591796875,-0.1571044921875,0.0,0.467041015625,0.45068359375
3648,1487,2.751271963119507,1.1787269115447998,-0.43489012122154236,0.94921875,0.268798828125,-0.164794921875,0.0,0.468994140625,0.409912109375
3649,1488,2.725356340408325,1.1800365447998047,-0.5819604396820068,0.94921875,0.268798828125,-0.164794921875,0.0,0.453125,0.409912109375
3650,1485,2.593561887741089,1.5426712036132812,-0.5377343893051147,0.9111328125,0.381591796875,-0.1571044921875,0.0,0.455078125,0.45068359375
3651,1489,2.8436572551727295,0.7402867078781128,-0.44727781414985657,0.97705078125,0.128662109375,-0.1710205078125,0.0,0.4697265625,0.36279296875
3652,1488,2.725356340408325,1.1800365447998047,-0.5819604396820068,0.94921875,0.268798828125,-0.164794921875,0.0,0.453125,0.409912109375
3653,1487,2.751271963119507,1.1787269115447998,-0.43489012122154236,0.94921875,0.268798828125,-0.164794921875,0.0,0.468994140625,0.409912109375
3654,1489,2.8436572551727295,0.7402867078781128,-0.44727781414985657,0.97705078125,0.128662109375,-0.1710205078125,0.0,0.4697265625,0.36279296875
3655,1490,2.8150768280029297,0.7417316436767578,-0.6094701886177063,0.97705078125,0.128662109375,-0.1710205078125,0.0,0.452392578125,0.36279296875
3656,1488,2.725356340408325,1.1800365447998047,-0.5819604396820068,0.94921875,0.268798828125,-0.164794921875,0.0,0.453125,0.409912109375
3657,1491,2.855994701385498,0.4079378545284271,-0.4427221715450287,0.984375,0.035736083984375,-0.173095703125,0.0,0.470703125,0.327880859375
3658,1490,2.8150768280029297,0.7417316436767578,-0.6094701886177063,0.97705078125,0.128662109375,-0.1710205078125,0.0,0.452392578125,0.36279296875
3659,1489,2.8436572551727295,0.7402867078781128,-0.44727781414985657,0.97705078125,0.128662109375,-0.1710205078125,0.0,0.4697265625,0.36279296875
3660,1491,2.855994701385498,0.4079378545284271,-0.4427221715450287,0.984375,0.035736083984375,-0.173095703125,0.0,0.470703125,0.327880859375
3661,1492,2.8241002559661865,0.40954840183258057,-0.6237084865570068,0.984375,0.035736083984375,-0.173095703125,0.0,0.451416015625,0.327880859375
3662,1490,2.8150768280029297,0.7417316436767578,-0.6094701886177063,0.97705078125,0.128662109375,-0.1710205078125,0.0,0.452392578125,0.36279296875
3663,1492,2.8241002559661865,0.40954840183258057,-0.6237084865570068,0.984375,0.035736083984375,-0.173095703125,0.0,0.451416015625,0.327880859375
3664,1491,2.855994701385498,0.4079378545284271,-0.4427221715450287,0.984375,0.035736083984375,-0.173095703125,0.0,0.470703125,0.327880859375
3665,1493,2.870420455932617,0.0,-0.4477098882198334,0.984375,0.03692626953125,-0.173095703125,0.0,0.470947265625,0.284912109375
3666,1492,2.8241002559661865,0.40954840183258057,-0.6237084865570068,0.984375,0.035736083984375,-0.173095703125,0.0,0.451416015625,0.327880859375
3667,1493,2.870420455932617,0.0,-0.4477098882198334,0.984375,0.03692626953125,-0.173095703125,0.0,0.470947265625,0.284912109375
3668,1494,2.8381807804107666,0.0,-0.6310232877731323,0.984375,0.03692626953125,-0.173095703125,0.0,0.451416015625,0.284912109375
3669,1495,-0.09663207828998566,1.3920990228652954,-2.8584985733032227,0.767578125,0.6357421875,0.0806884765625,0.0,0.463134765625,0.724609375
3670,1496,-0.0401013158261776,1.3191287517547607,-2.821537971496582,0.8359375,0.53955078125,0.09881591796875,0.0,0.465087890625,0.71435546875
3671,1497,-0.03218139708042145,1.315683126449585,-2.869743585586548,0.83642578125,0.53955078125,0.098876953125,0.0,0.4599609375,0.71484375
3672,1496,-0.0401013158261776,1.3191287517547607,-2.821537971496582,0.8359375,0.53955078125,0.09881591796875,0.0,0.465087890625,0.71435546875
3673,1498,0.05848754569888115,1.1704068183898926,-2.8719518184661865,0.85546875,0.50732421875,0.10430908203125,0.0,0.456787109375,0.69677734375
3674,1497,-0.03218139708042145,1.315683126449585,-2.869743585586548,0.83642578125,0.53955078125,0.098876953125,0.0,0.4599609375,0.71484375
3675,1496,-0.0401013158261776,1.3191287517547607,-2.821537971496582,0.8359375,0.53955078125,0.09881591796875,0.0,0.465087890625,0.71435546875
3676,1499,0.041490476578474045,1.177793025970459,-2.7685093879699707,0.85546875,0.50732421875,0.10430908203125,0.0,0.4677734375,0.69677734375
3677,1498,0.05848754569888115,1.1704068183898926,-2.8719518184661865,0.85546875,0.50732421875,0.10430908203125,0.0,0.456787109375,0.69677734375
3678,1500,0.1786523461341858,0.9326008558273315,-2.719977855682373,0.89697265625,0.42626953125,0.116943359375,0.0,0.468017578125,0.6669921875
3679,1498,0.05848754569888115,1.1704068183898926,-2.8719518184661865,0.85546875,0.50732421875,0.10430908203125,0.0,0.456787109375,0.69677734375
3680,1499,0.041490476578474045,1.177793025970459,-2.7685093879699707,0.85546875,0.50732421875,0.10430908203125,0.0,0.4677734375,0.69677734375
3681,1500,0.1786523461341858,0.9326008558273315,-2.719977855682373,0.89697265625,0.42626953125,0.116943359375,0.0,0.468017578125,0.6669921875
3682,1501,0.2002880871295929,0.9232020974159241,-2.851628303527832,0.8974609375,0.42529296875,0.11712646484375,0.0,0.453857421875,0.6669921875
3683,1498,0.05848754569888115,1.1704068183898926,-2.8719518184661865,0.85546875,0.50732421875,0.10430908203125,0.0,0.456787109375,0.69677734375
3684,1502,0.3180175721645355,0.5791240930557251,-2.6628880500793457,0.9326171875,0.336669921875,0.1292724609375,0.0,0.468017578125,0.62646484375
3685,1501,0.2002880871295929,0.9232020974159241,-2.851628303527832,0.8974609375,0.42529296875,0.11712646484375,0.0,0.453857421875,0.6669921875
3686,1500,0.1786523461341858,0.9326008558273315,-2.719977855682373,0.89697265625,0.42626953125,0.116943359375,0.0,0.468017578125,0.6669921875
3687,1502,0.3180175721645355,0.5791240930557251,-2.6628880500793457,0.9326171875,0.336669921875,0.1292724609375,0.0,0.468017578125,0.62646484375
3688,1503,0.3438037037849426,0.5679195523262024,-2.8198132514953613,0.9326171875,0.336669921875,0.1292724609375,0.0,0.451171875,0.626953125
3689,1501,0.2002880871295929,0.9232020974159241,-2.851628303527832,0.8974609375,0.42529296875,0.11712646484375,0.0,0.453857421875,0.6669921875
3690,1502,0.3180175721645355,0.5791240930557251,-2.6628880500793457,0.9326171875,0.336669921875,0.1292724609375,0.0,0.468017578125,0.62646484375
3691,1504,0.4401037395000458,0.23123441636562347,-2.7714672088623047,0.9521484375,0.274169921875,0.1368408203125,0.0,0.451416015625,0.58984375
3692,1503,0.3438037037849426,0.5679195523262024,-2.8198132514953613,0.9326171875,0.336669921875,0.1292724609375,0.0,0.451171875,0.626953125
3693,1502,0.3180175721645355,0.5791240930557251,-2.6628880500793457,0.9326171875,0.336669921875,0.1292724609375,0.0,0.468017578125,0.62646484375
3694,1505,0.4160131812095642,0.24170371890068054,-2.6248741149902344,0.95166015625,0.274169921875,0.1368408203125,0.0,0.467041015625,0.58935546875
3695,1504,0.4401037395000458,0.23123441636562347,-2.7714672088623047,0.9521484375,0.274169921875,0.1368408203125,0.0,0.451416015625,0.58984375
3696,1506,0.4615405201911926,0.057121824473142624,-2.630056142807007,0.96337890625,0.227783203125,0.1419677734375,0.0,0.4638671875,0.56982421875
3697,1504,0.4401037395000458,0.23123441636562347,-2.7714672088623047,0.9521484375,0.274169921875,0.1368408203125,0.0,0.451416015625,0.58984375
3698,1505,0.4160131812095642,0.24170371890068054,-2.6248741149902344,0.95166015625,0.274169921875,0.1368408203125,0.0,0.467041015625,0.58935546875
3699,1506,0.4615405201911926,0.057121824473142624,-2.630056142807007,0.96337890625,0.227783203125,0.1419677734375,0.0,0.4638671875,0.56982421875
3700,1507,0.47824826836586,0.04986106604337692,-2.731745481491089,0.96337890625,0.2275390625,0.14208984375,0.0,0.452880859375,0.56982421875
3701,1504,0.4401037395000458,0.23123441636562347,-2.7714672088623047,0.9521484375,0.274169921875,0.1368408203125,0.0,0.451416015625,0.58984375
3702,1508,0.4752342104911804,-8.881783998477905e-18,-2.650294542312622,0.97265625,0.18115234375,0.1468505859375,0.0,0.4609375,0.56396484375
3703,1507,0.47824826836586,0.04986106604337692,-2.731745481491089,0.96337890625,0.2275390625,0.14208984375,0.0,0.452880859375,0.56982421875
3704,1506,0.4615405201911926,0.057121824473142624,-2.630056142807007,0.96337890625,0.227783203125,0.1419677734375,0.0,0.4638671875,0.56982421875
3705,1508,0.4752342104911804,-8.881783998477905e-18,-2.650294542312622,0.97265625,0.18115234375,0.1468505859375,0.0,0.4609375,0.56396484375
3706,1509,0.4833168685436249,0.0,-2.7038204669952393,0.97265625,0.18115234375,0.1468505859375,0.0,0.455322265625,0.564453125
3707,1507,0.47824826836586,0.04986106604337692,-2.731745481491089,0.96337890625,0.2275390625,0.14208984375,0.0,0.452880859375,0.56982421875
3708,1510,1.7185033559799194,0.9595367908477783,-0.7903454303741455,0.76416015625,0.64501953125,0.00827789306640625,0.0,0.459716796875,0.84765625
3709,1511,1.7408568859100342,0.9344514012336731,-0.899642288684845,0.76416015625,0.64501953125,0.00827789306640625,0.0,0.447509765625,0.84765625
3710,1512,1.5752917528152466,1.0959970951080322,-0.9107629060745239,0.69873046875,0.71484375,-0.0211334228515625,0.0,0.45361328125,0.87158203125
3711,1513,1.8682433366775513,0.7687399387359619,-0.6976245045661926,0.837890625,0.54443359375,0.046417236328125,0.0,0.46142578125,0.81982421875
3712,1511,1.7408568859100342,0.9344514012336731,-0.899642288684845,0.76416015625,0.64501953125,0.00827789306640625,0.0,0.447509765625,0.84765625
3713,1510,1.7185033559799194,0.9595367908477783,-0.7903454303741455,0.76416015625,0.64501953125,0.00827789306640625,0.0,0.459716796875,0.84765625
3714,1513,1.8682433366775513,0.7687399387359619,-0.6976245045661926,0.837890625,0.54443359375,0.046417236328125,0.0,0.46142578125,0.81982421875
3715,1514,1.897438883781433,0.7359777688980103,-0.8403820395469666,0.837890625,0.54443359375,0.046417236328125,0.0,0.445556640625,0.81982421875
3716,1511,1.7408568859100342,0.9344514012336731,-0.899642288684845,0.76416015625,0.64501953125,0.00827789306640625,0.0,0.447509765625,0.84765625
3717,1515,2.0004992485046387,0.5196627974510193,-0.6053857207298279,0.908203125,0.408447265625,0.09197998046875,0.0,0.462158203125,0.7880859375
3718,1514,1.897438883781433,0.7359777688980103,-0.8403820395469666,0.837890625,0.54443359375,0.046417236328125,0.0,0.445556640625,0.81982421875
3719,1513,1.8682433366775513,0.7687399387359619,-0.6976245045661926,0.837890625,0.54443359375,0.046417236328125,0.0,0.46142578125,0.81982421875
3720,1515,2.0004992485046387,0.5196627974510193,-0.6053857207298279,0.908203125,0.408447265625,0.09197998046875,0.0,0.462158203125,0.7880859375
3721,1516,2.0326952934265137,0.48353254795074463,-0.7628100514411926,0.908203125,0.408447265625,0.09197998046875,0.0,0.44482421875,0.7880859375
3722,1514,1.897438883781433,0.7359777688980103,-0.8403820395469666,0.837890625,0.54443359375,0.046417236328125,0.0,0.445556640625,0.81982421875
3723,1517,2.0583605766296387,0.319051593542099,-0.537524402141571,0.94140625,0.306396484375,0.14208984375,0.0,0.462646484375,0.76513671875
3724,1516,2.0326952934265137,0.48353254795074463,-0.7628100514411926,0.908203125,0.408447265625,0.09197998046875,0.0,0.44482421875,0.7880859375
3725,1515,2.0004992485046387,0.5196627974510193,-0.6053857207298279,0.908203125,0.408447265625,0.09197998046875,0.0,0.462158203125,0.7880859375
3726,1517,2.0583605766296387,0.319051593542099,-0.537524402141571,0.94140625,0.306396484375,0.14208984375,0.0,0.462646484375,0.76513671875
3727,1518,2.094289541244507,0.27873659133911133,-0.7132006883621216,0.94140625,0.306396484375,0.1422119140625,0.0,0.443603515625,0.7646484375
3728,1516,2.0326952934265137,0.48353254795074463,-0.7628100514411926,0.908203125,0.408447265625,0.09197998046875,0.0,0.44482421875,0.7880859375
3729,1519,2.176945447921753,0.0,-0.6341533064842224,0.9404296875,0.30224609375,0.15576171875,0.0,0.44482421875,0.73388671875
3730,1518,2.094289541244507,0.27873659133911133,-0.7132006883621216,0.94140625,0.306396484375,0.1422119140625,0.0,0.443603515625,0.7646484375
3731,1517,2.0583605766296387,0.319051593542099,-0.537524402141571,0.94140625,0.306396484375,0.14208984375,0.0,0.462646484375,0.76513671875
3732,1519,2.176945447921753,0.0,-0.6341533064842224,0.9404296875,0.30224609375,0.15576171875,0.0,0.44482421875,0.73388671875
3733,1517,2.0583605766296387,0.319051593542099,-0.537524402141571,0.94140625,0.306396484375,0.14208984375,0.0,0.462646484375,0.76513671875
3734,1520,2.141200065612793,0.0,-0.45531973242759705,0.9404296875,0.30224609375,0.15576171875,0.0,0.462890625,0.73046875
3735,1521,-1.0530321598052979,0.7982175350189209,-3.367748975753784,0.20166015625,0.97900390625,-0.0313720703125,0.0,0.333984375,0.69384765625
3736,1522,-0.9545825123786926,0.7798640131950378,-3.307459592819214,0.33837890625,0.94091796875,0.01325225830078125,0.0,0.331298828125,0.7060546875
3737,1523,-0.9370275735855103,0.774371862411499,-3.3659863471984863,0.3388671875,0.94091796875,0.013427734375,0.0,0.337890625,0.70556640625
3738,1522,-0.9545825123786926,0.7798640131950378,-3.307459592819214,0.33837890625,0.94091796875,0.01325225830078125,0.0,0.331298828125,0.7060546875
3739,1524,-0.7761254906654358,0.7119760513305664,-3.347388744354248,0.38818359375,0.9208984375,0.030059814453125,0.0,0.342041015625,0.7236328125
3740,1523,-0.9370275735855103,0.774371862411499,-3.3659863471984863,0.3388671875,0.94091796875,0.013427734375,0.0,0.337890625,0.70556640625
3741,1522,-0.9545825123786926,0.7798640131950378,-3.307459592819214,0.33837890625,0.94091796875,0.01325225830078125,0.0,0.331298828125,0.7060546875
3742,1525,-0.8138073682785034,0.7237598896026611,-3.221796751022339,0.38818359375,0.9208984375,0.029998779296875,0.0,0.328125,0.72412109375
3743,1524,-0.7761254906654358,0.7119760513305664,-3.347388744354248,0.38818359375,0.9208984375,0.030059814453125,0.0,0.342041015625,0.7236328125
3744,1526,-0.5747582912445068,0.6167560815811157,-3.1290807723999023,0.52197265625,0.849609375,0.07684326171875,0.0,0.328125,0.7529296875
3745,1524,-0.7761254906654358,0.7119760513305664,-3.347388744354248,0.38818359375,0.9208984375,0.030059814453125,0.0,0.342041015625,0.7236328125
3746,1525,-0.8138073682785034,0.7237598896026611,-3.221796751022339,0.38818359375,0.9208984375,0.029998779296875,0.0,0.328125,0.72412109375
3747,1526,-0.5747582912445068,0.6167560815811157,-3.1290807723999023,0.52197265625,0.849609375,0.07684326171875,0.0,0.328125,0.7529296875
3748,1527,-0.5268090963363647,0.60176020860672,-3.288914680480957,0.5244140625,0.84765625,0.0777587890625,0.0,0.345703125,0.75244140625
3749,1524,-0.7761254906654358,0.7119760513305664,-3.347388744354248,0.38818359375,0.9208984375,0.030059814453125,0.0,0.342041015625,0.7236328125
3750,1528,-0.33628904819488525,0.4236157536506653,-3.027850389480591,0.67431640625,0.72607421875,0.13427734375,0.0,0.328125,0.787109375
3751,1527,-0.5268090963363647,0.60176020860672,-3.288914680480957,0.5244140625,0.84765625,0.0777587890625,0.0,0.345703125,0.75244140625
3752,1526,-0.5747582912445068,0.6167560815811157,-3.1290807723999023,0.52197265625,0.849609375,0.07684326171875,0.0,0.328125,0.7529296875
3753,1528,-0.33628904819488525,0.4236157536506653,-3.027850389480591,0.67431640625,0.72607421875,0.13427734375,0.0,0.328125,0.787109375
3754,1529,-0.27912473678588867,0.40573999285697937,-3.2183713912963867,0.67431640625,0.72607421875,0.13427734375,0.0,0.34912109375,0.7861328125
3755,1527,-0.5268090963363647,0.60176020860672,-3.288914680480957,0.5244140625,0.84765625,0.0777587890625,0.0,0.345703125,0.75244140625
3756,1528,-0.33628904819488525,0.4236157536506653,-3.027850389480591,0.67431640625,0.72607421875,0.13427734375,0.0,0.328125,0.787109375
3757,1530,-0.11836425215005875,0.19782069325447083,-3.139681339263916,0.77294921875,0.60986328125,0.1746826171875,0.0,0.348876953125,0.81494140625
3758,1529,-0.27912473678588867,0.40573999285697937,-3.2183713912963867,0.67431640625,0.72607421875,0.13427734375,0.0,0.34912109375,0.7861328125
3759,1528,-0.33628904819488525,0.4236157536506653,-3.027850389480591,0.67431640625,0.72607421875,0.13427734375,0.0,0.328125,0.787109375
3760,1531,-0.17176513373851776,0.21451738476753235,-2.9617063999176025,0.7724609375,0.6103515625,0.174560546875,0.0,0.329345703125,0.81591796875
3761,1530,-0.11836425215005875,0.19782069325447083,-3.139681339263916,0.77294921875,0.60986328125,0.1746826171875,0.0,0.348876953125,0.81494140625
3762,1532,-0.09486328065395355,0.09090827405452728,-2.9604504108428955,0.83837890625,0.50537109375,0.2041015625,0.0,0.333251953125,0.83056640625
3763,1530,-0.11836425215005875,0.19782069325447083,-3.139681339263916,0.77294921875,0.60986328125,0.1746826171875,0.0,0.348876953125,0.81494140625
3764,1531,-0.17176513373851776,0.21451738476753235,-2.9617063999176025,0.7724609375,0.6103515625,0.174560546875,0.0,0.329345703125,0.81591796875
3765,1532,-0.09486328065395355,0.09090827405452728,-2.9604504108428955,0.83837890625,0.50537109375,0.2041015625,0.0,0.333251953125,0.83056640625
3766,1533,-0.057825926691293716,0.07932765036821365,-3.0839014053344727,0.8388671875,0.5048828125,0.2042236328125,0.0,0.3466796875,0.830078125
3767,1530,-0.11836425215005875,0.19782069325447083,-3.139681339263916,0.77294921875,0.60986328125,0.1746826171875,0.0,0.348876953125,0.81494140625
3768,1532,-0.09486328065395355,0.09090827405452728,-2.9604504108428955,0.83837890625,0.50537109375,0.2041015625,0.0,0.333251953125,0.83056640625
3769,1534,-0.04567870870232582,0.006953824777156115,-3.007316827774048,0.89013671875,0.39306640625,0.230224609375,0.0,0.34033203125,0.83935546875
3770,1533,-0.057825926691293716,0.07932765036821365,-3.0839014053344727,0.8388671875,0.5048828125,0.2042236328125,0.0,0.3466796875,0.830078125
3771,1534,-0.04567870870232582,0.006953824777156115,-3.007316827774048,0.89013671875,0.39306640625,0.230224609375,0.0,0.34033203125,0.83935546875
3772,1532,-0.09486328065395355,0.09090827405452728,-2.9604504108428955,0.83837890625,0.50537109375,0.2041015625,0.0,0.333251953125,0.83056640625
3773,1535,-0.04568847641348839,0.006953824777156115,-3.007293701171875,0.87255859375,0.312744140625,0.37548828125,0.0,0.34033203125,0.83935546875
3774,1536,3.0621252059936523,0.8431003093719482,0.44993162155151367,-0.416259765625,0.72314453125,-0.55126953125,0.0,0.26416015625,0.85205078125
3775,1537,2.9654760360717773,0.8334893584251404,0.5102685689926147,-0.416259765625,0.72314453125,-0.55126953125,0.0,0.252197265625,0.85205078125
3776,1538,3.121180295944214,1.000788927078247,0.6780053377151489,-0.36865234375,0.806640625,-0.462158203125,0.0,0.25830078125,0.880859375
3777,1539,2.987924814224243,0.6417064666748047,0.2658129930496216,-0.478515625,0.55810546875,-0.677734375,0.0,0.26611328125,0.822265625
3778,1537,2.9654760360717773,0.8334893584251404,0.5102685689926147,-0.416259765625,0.72314453125,-0.55126953125,0.0,0.252197265625,0.85205078125
3779,1536,3.0621252059936523,0.8431003093719482,0.44993162155151367,-0.416259765625,0.72314453125,-0.55126953125,0.0,0.26416015625,0.85205078125
3780,1539,2.987924814224243,0.6417064666748047,0.2658129930496216,-0.478515625,0.55810546875,-0.677734375,0.0,0.26611328125,0.822265625
3781,1540,2.861686944961548,0.6291525363922119,0.3446142375469208,-0.478515625,0.55810546875,-0.677734375,0.0,0.25048828125,0.822265625
3782,1537,2.9654760360717773,0.8334893584251404,0.5102685689926147,-0.416259765625,0.72314453125,-0.55126953125,0.0,0.252197265625,0.85205078125
3783,1541,2.946962833404541,0.39329904317855835,0.14606933295726776,-0.5302734375,0.254638671875,-0.80859375,0.0,0.266845703125,0.79296875
3784,1540,2.861686944961548,0.6291525363922119,0.3446142375469208,-0.478515625,0.55810546875,-0.677734375,0.0,0.25048828125,0.822265625
3785,1539,2.987924814224243,0.6417064666748047,0.2658129930496216,-0.478515625,0.55810546875,-0.677734375,0.0,0.26611328125,0.822265625
3786,1541,2.946962833404541,0.39329904317855835,0.14606933295726776,-0.5302734375,0.254638671875,-0.80859375,0.0,0.266845703125,0.79296875
3787,1542,2.807746410369873,0.3794543743133545,0.23297119140625,-0.5302734375,0.254638671875,-0.80859375,0.0,0.2496337890625,0.79296875
3788,1540,2.861686944961548,0.6291525363922119,0.3446142375469208,-0.478515625,0.55810546875,-0.677734375,0.0,0.25048828125,0.822265625
3789,1542,2.807746410369873,0.3794543743133545,0.23297119140625,-0.5302734375,0.254638671875,-0.80859375,0.0,0.2496337890625,0.79296875
3790,1541,2.946962833404541,0.39329904317855835,0.14606933295726776,-0.5302734375,0.254638671875,-0.80859375,0.0,0.266845703125,0.79296875
3791,1543,2.96783185005188,0.20214465260505676,0.1309545934200287,-0.5302734375,0.01303863525390625,-0.84765625,0.0,0.267822265625,0.77294921875
3792,1542,2.807746410369873,0.3794543743133545,0.23297119140625,-0.5302734375,0.254638671875,-0.80859375,0.0,0.2496337890625,0.79296875
3793,1543,2.96783185005188,0.20214465260505676,0.1309545934200287,-0.5302734375,0.01303863525390625,-0.84765625,0.0,0.267822265625,0.77294921875
3794,1544,2.812476634979248,0.1866968423128128,0.22792723774909973,-0.5302734375,0.01303863525390625,-0.84765625,0.0,0.24853515625,0.77294921875
3795,1544,2.812476634979248,0.1866968423128128,0.22792723774909973,-0.5302734375,0.01303863525390625,-0.84765625,0.0,0.24853515625,0.77294921875
3796,1543,2.96783185005188,0.20214465260505676,0.1309545934200287,-0.5302734375,0.01303863525390625,-0.84765625,0.0,0.267822265625,0.77294921875
3797,1545,2.981365919113159,8.881783998477905e-18,0.1185390055179596,-0.53076171875,0.0165252685546875,-0.84765625,0.0,0.26806640625,0.75146484375
3798,1544,2.812476634979248,0.1866968423128128,0.22792723774909973,-0.5302734375,0.01303863525390625,-0.84765625,0.0,0.24853515625,0.77294921875
3799,1545,2.981365919113159,8.881783998477905e-18,0.1185390055179596,-0.53076171875,0.0165252685546875,-0.84765625,0.0,0.26806640625,0.75146484375
3800,1546,2.8234081268310547,0.0,0.21744360029697418,-0.53076171875,0.0165252685546875,-0.84765625,0.0,0.2484130859375,0.7529296875
3801,1547,2.102121591567993,0.7123411893844604,-0.3639477491378784,0.814453125,0.501953125,0.29052734375,0.0,0.26171875,0.8857421875
3802,1548,2.139589786529541,0.7140685319900513,-0.47196531295776367,0.814453125,0.501953125,0.29052734375,0.0,0.273681640625,0.8857421875
3803,1549,2.0215611457824707,0.8505138754844666,-0.4501928687095642,0.7490234375,0.60498046875,0.26953125,0.0,0.267578125,0.86767578125
3804,1550,2.181907892227173,0.5438976287841797,-0.32044675946235657,0.8837890625,0.3486328125,0.31201171875,0.0,0.259765625,0.90576171875
3805,1548,2.139589786529541,0.7140685319900513,-0.47196531295776367,0.814453125,0.501953125,0.29052734375,0.0,0.273681640625,0.8857421875
3806,1547,2.102121591567993,0.7123411893844604,-0.3639477491378784,0.814453125,0.501953125,0.29052734375,0.0,0.26171875,0.8857421875
3807,1550,2.181907892227173,0.5438976287841797,-0.32044675946235657,0.8837890625,0.3486328125,0.31201171875,0.0,0.259765625,0.90576171875
3808,1551,2.2308435440063477,0.5461556315422058,-0.46153318881988525,0.8837890625,0.3486328125,0.31201171875,0.0,0.275634765625,0.90576171875
3809,1548,2.139589786529541,0.7140685319900513,-0.47196531295776367,0.814453125,0.501953125,0.29052734375,0.0,0.273681640625,0.8857421875
3810,1552,2.231682062149048,0.3417660593986511,-0.29830077290534973,0.935546875,0.132568359375,0.32666015625,0.0,0.259033203125,0.927734375
3811,1551,2.2308435440063477,0.5461556315422058,-0.46153318881988525,0.8837890625,0.3486328125,0.31201171875,0.0,0.275634765625,0.90576171875
3812,1550,2.181907892227173,0.5438976287841797,-0.32044675946235657,0.8837890625,0.3486328125,0.31201171875,0.0,0.259765625,0.90576171875
3813,1552,2.231682062149048,0.3417660593986511,-0.29830077290534973,0.935546875,0.132568359375,0.32666015625,0.0,0.259033203125,0.927734375
3814,1553,2.285642147064209,0.34425729513168335,-0.4538842737674713,0.935546875,0.132568359375,0.32666015625,0.0,0.2763671875,0.927734375
3815,1551,2.2308435440063477,0.5461556315422058,-0.46153318881988525,0.8837890625,0.3486328125,0.31201171875,0.0,0.275634765625,0.90576171875
3816,1554,2.22674560546875,0.189477801322937,-0.29234617948532104,0.94482421875,-0.015228271484375,0.327392578125,0.0,0.258056640625,0.94384765625
3817,1553,2.285642147064209,0.34425729513168335,-0.4538842737674713,0.935546875,0.132568359375,0.32666015625,0.0,0.2763671875,0.927734375
3818,1552,2.231682062149048,0.3417660593986511,-0.29830077290534973,0.935546875,0.132568359375,0.32666015625,0.0,0.259033203125,0.927734375
3819,1554,2.22674560546875,0.189477801322937,-0.29234617948532104,0.94482421875,-0.015228271484375,0.327392578125,0.0,0.258056640625,0.94384765625
3820,1555,2.2869603633880615,0.1922587901353836,-0.4659667909145355,0.94482421875,-0.015228271484375,0.327392578125,0.0,0.27734375,0.94384765625
3821,1553,2.285642147064209,0.34425729513168335,-0.4538842737674713,0.935546875,0.132568359375,0.32666015625,0.0,0.2763671875,0.927734375
3822,1555,2.2869603633880615,0.1922587901353836,-0.4659667909145355,0.94482421875,-0.015228271484375,0.327392578125,0.0,0.27734375,0.94384765625
3823,1554,2.22674560546875,0.189477801322937,-0.29234617948532104,0.94482421875,-0.015228271484375,0.327392578125,0.0,0.258056640625,0.94384765625
3824,1556,2.2249062061309814,-4.440891999238953e-18,-0.2947682738304138,0.94482421875,-0.01336669921875,0.327392578125,0.0,0.2578125,0.9638671875
3825,1555,2.2869603633880615,0.1922587901353836,-0.4659667909145355,0.94482421875,-0.015228271484375,0.327392578125,0.0,0.27734375,0.94384765625
3826,1556,2.2249062061309814,-4.440891999238953e-18,-0.2947682738304138,0.94482421875,-0.01336669921875,0.327392578125,0.0,0.2578125,0.9638671875
3827,1557,2.285874843597412,0.0,-0.4706908166408539,0.94482421875,-0.01336669921875,0.327392578125,0.0,0.27734375,0.9638671875
3828,1558,-0.7939050197601318,1.1979444026947021,-3.691495180130005,0.1259765625,0.6962890625,0.70654296875,0.0,0.0877685546875,0.473388671875
3829,1559,-0.7374218702316284,1.128509283065796,-3.6331725120544434,0.212158203125,0.62548828125,0.7509765625,0.0,0.08514404296875,0.484375
3830,1560,-0.6960924863815308,1.1569119691848755,-3.6685168743133545,0.2125244140625,0.62548828125,0.7509765625,0.0,0.091552734375,0.484130859375
3831,1559,-0.7374218702316284,1.128509283065796,-3.6331725120544434,0.212158203125,0.62548828125,0.7509765625,0.0,0.08514404296875,0.484375
3832,1561,-0.546459972858429,1.0577787160873413,-3.632051944732666,0.2386474609375,0.6015625,0.76220703125,0.0,0.09564208984375,0.5029296875
3833,1560,-0.6960924863815308,1.1569119691848755,-3.6685168743133545,0.2125244140625,0.62548828125,0.7509765625,0.0,0.091552734375,0.484130859375
3834,1559,-0.7374218702316284,1.128509283065796,-3.6331725120544434,0.212158203125,0.62548828125,0.7509765625,0.0,0.08514404296875,0.484375
3835,1562,-0.6351428031921387,0.9968295693397522,-3.5562071800231934,0.238525390625,0.6015625,0.76220703125,0.0,0.08184814453125,0.50341796875
3836,1561,-0.546459972858429,1.0577787160873413,-3.632051944732666,0.2386474609375,0.6015625,0.76220703125,0.0,0.09564208984375,0.5029296875
3837,1563,-0.43052244186401367,0.7932608127593994,-3.4623863697052,0.3017578125,0.5390625,0.7861328125,0.0,0.08160400390625,0.53515625
3838,1561,-0.546459972858429,1.0577787160873413,-3.632051944732666,0.2386474609375,0.6015625,0.76220703125,0.0,0.09564208984375,0.5029296875
3839,1562,-0.6351428031921387,0.9968295693397522,-3.5562071800231934,0.238525390625,0.6015625,0.76220703125,0.0,0.08184814453125,0.50341796875
3840,1563,-0.43052244186401367,0.7932608127593994,-3.4623863697052,0.3017578125,0.5390625,0.7861328125,0.0,0.08160400390625,0.53515625
3841,1564,-0.317657470703125,0.8708251118659973,-3.5589122772216797,0.302978515625,0.5380859375,0.78662109375,0.0,0.09918212890625,0.53466796875
3842,1561,-0.546459972858429,1.0577787160873413,-3.632051944732666,0.2386474609375,0.6015625,0.76220703125,0.0,0.09564208984375,0.5029296875
3843,1565,-0.1685754358768463,0.48999258875846863,-3.38066029548645,0.365966796875,0.46826171875,0.80419921875,0.0,0.08154296875,0.578125
3844,1564,-0.317657470703125,0.8708251118659973,-3.5589122772216797,0.302978515625,0.5380859375,0.78662109375,0.0,0.09918212890625,0.53466796875
3845,1563,-0.43052244186401367,0.7932608127593994,-3.4623863697052,0.3017578125,0.5390625,0.7861328125,0.0,0.08160400390625,0.53515625
3846,1565,-0.1685754358768463,0.48999258875846863,-3.38066029548645,0.365966796875,0.46826171875,0.80419921875,0.0,0.08154296875,0.578125
3847,1566,-0.03404296934604645,0.58244788646698,-3.4957151412963867,0.365966796875,0.46826171875,0.80419921875,0.0,0.1025390625,0.57763671875
3848,1564,-0.317657470703125,0.8708251118659973,-3.5589122772216797,0.302978515625,0.5380859375,0.78662109375,0.0,0.09918212890625,0.53466796875
3849,1565,-0.1685754358768463,0.48999258875846863,-3.38066029548645,0.365966796875,0.46826171875,0.80419921875,0.0,0.08154296875,0.578125
3850,1567,0.19343750178813934,0.28627118468284607,-3.449605703353882,0.4072265625,0.41796875,0.81201171875,0.0,0.10247802734375,0.6171875
3851,1566,-0.03404296934604645,0.58244788646698,-3.4957151412963867,0.365966796875,0.46826171875,0.80419921875,0.0,0.1025390625,0.57763671875
3852,1565,-0.1685754358768463,0.48999258875846863,-3.38066029548645,0.365966796875,0.46826171875,0.80419921875,0.0,0.08154296875,0.578125
3853,1568,0.06776367127895355,0.19990098476409912,-3.3421263694763184,0.4072265625,0.41796875,0.81201171875,0.0,0.0828857421875,0.61767578125
3854,1567,0.19343750178813934,0.28627118468284607,-3.449605703353882,0.4072265625,0.41796875,0.81201171875,0.0,0.10247802734375,0.6171875
3855,1569,0.20937132835388184,0.05443505570292473,-3.3487706184387207,0.437255859375,0.378662109375,0.8154296875,0.0,0.0867919921875,0.638671875
3856,1567,0.19343750178813934,0.28627118468284607,-3.449605703353882,0.4072265625,0.41796875,0.81201171875,0.0,0.10247802734375,0.6171875
3857,1568,0.06776367127895355,0.19990098476409912,-3.3421263694763184,0.4072265625,0.41796875,0.81201171875,0.0,0.0828857421875,0.61767578125
3858,1569,0.20937132835388184,0.05443505570292473,-3.3487706184387207,0.437255859375,0.378662109375,0.8154296875,0.0,0.0867919921875,0.638671875
3859,1570,0.2965417504310608,0.11434733867645264,-3.423326253890991,0.4375,0.378662109375,0.81591796875,0.0,0.10040283203125,0.63818359375
3860,1567,0.19343750178813934,0.28627118468284607,-3.449605703353882,0.4072265625,0.41796875,0.81201171875,0.0,0.10247802734375,0.6171875
3861,1570,0.2965417504310608,0.11434733867645264,-3.423326253890991,0.4375,0.378662109375,0.81591796875,0.0,0.10040283203125,0.63818359375
3862,1569,0.20937132835388184,0.05443505570292473,-3.3487706184387207,0.437255859375,0.378662109375,0.8154296875,0.0,0.0867919921875,0.638671875
3863,1571,0.30011552572250366,0.0,-3.377636671066284,0.464599609375,0.341064453125,0.8173828125,0.0,0.09259033203125,0.6484375
3864,1570,0.2965417504310608,0.11434733867645264,-3.423326253890991,0.4375,0.378662109375,0.81591796875,0.0,0.10040283203125,0.63818359375
3865,1571,0.30011552572250366,0.0,-3.377636671066284,0.464599609375,0.341064453125,0.8173828125,0.0,0.09259033203125,0.6484375
3866,1572,0.3208434283733368,0.0,-3.389418601989746,0.464599609375,0.341064453125,0.8173828125,0.0,0.09478759765625,0.64990234375
3867,1573,0.3000866174697876,0.0,-3.377622604370117,0.420166015625,0.243896484375,0.8740234375,0.0,0.09259033203125,0.6484375
3868,1571,0.30011552572250366,0.0,-3.377636671066284,0.464599609375,0.341064453125,0.8173828125,0.0,0.09259033203125,0.6484375
3869,1569,0.20937132835388184,0.05443505570292473,-3.3487706184387207,0.437255859375,0.378662109375,0.8154296875,0.0,0.0867919921875,0.638671875
3870,1574,2.0145812034606934,1.2495498657226562,-1.0688891410827637,0.53759765625,0.65625,0.52978515625,0.0,0.56298828125,0.431640625
3871,1575,2.0941882133483887,1.2505508661270142,-1.1509655714035034,0.53759765625,0.65625,0.52978515625,0.0,0.5751953125,0.431640625
3872,1576,1.8892858028411865,1.4667718410491943,-1.2674083709716797,0.489990234375,0.72509765625,0.484130859375,0.0,0.5693359375,0.398681640625
3873,1577,2.1698315143585205,0.9668034911155701,-0.8973791599273682,0.59326171875,0.5556640625,0.58203125,0.0,0.5615234375,0.469970703125
3874,1575,2.0941882133483887,1.2505508661270142,-1.1509655714035034,0.53759765625,0.65625,0.52978515625,0.0,0.5751953125,0.431640625
3875,1574,2.0145812034606934,1.2495498657226562,-1.0688891410827637,0.53759765625,0.65625,0.52978515625,0.0,0.56298828125,0.431640625
3876,1577,2.1698315143585205,0.9668034911155701,-0.8973791599273682,0.59326171875,0.5556640625,0.58203125,0.0,0.5615234375,0.469970703125
3877,1578,2.273806095123291,0.9681093096733093,-1.00457763671875,0.59326171875,0.5556640625,0.58203125,0.0,0.5771484375,0.469970703125
3878,1575,2.0941882133483887,1.2505508661270142,-1.1509655714035034,0.53759765625,0.65625,0.52978515625,0.0,0.5751953125,0.431640625
3879,1579,2.3169896602630615,0.6033107042312622,-0.7483910918235779,0.64794921875,0.4228515625,0.63330078125,0.0,0.560546875,0.51416015625
3880,1578,2.273806095123291,0.9681093096733093,-1.00457763671875,0.59326171875,0.5556640625,0.58203125,0.0,0.5771484375,0.469970703125
3881,1577,2.1698315143585205,0.9668034911155701,-0.8973791599273682,0.59326171875,0.5556640625,0.58203125,0.0,0.5615234375,0.469970703125
3882,1579,2.3169896602630615,0.6033107042312622,-0.7483910918235779,0.64794921875,0.4228515625,0.63330078125,0.0,0.560546875,0.51416015625
3883,1580,2.431650400161743,0.6047519445419312,-0.8666088581085205,0.64794921875,0.4228515625,0.63330078125,0.0,0.57763671875,0.51416015625
3884,1578,2.273806095123291,0.9681093096733093,-1.00457763671875,0.59326171875,0.5556640625,0.58203125,0.0,0.5771484375,0.469970703125
3885,1581,2.385502815246582,0.30994468927383423,-0.6722216606140137,0.67529296875,0.33056640625,0.6591796875,0.0,0.5595703125,0.54638671875
3886,1580,2.431650400161743,0.6047519445419312,-0.8666088581085205,0.64794921875,0.4228515625,0.63330078125,0.0,0.57763671875,0.51416015625
3887,1579,2.3169896602630615,0.6033107042312622,-0.7483910918235779,0.64794921875,0.4228515625,0.63330078125,0.0,0.560546875,0.51416015625
3888,1581,2.385502815246582,0.30994468927383423,-0.6722216606140137,0.67529296875,0.33056640625,0.6591796875,0.0,0.5595703125,0.54638671875
3889,1582,2.513453245162964,0.3115515112876892,-0.8041406273841858,0.67529296875,0.33056640625,0.6591796875,0.0,0.57861328125,0.54638671875
3890,1580,2.431650400161743,0.6047519445419312,-0.8666088581085205,0.64794921875,0.4228515625,0.63330078125,0.0,0.57763671875,0.51416015625
3891,1582,2.513453245162964,0.3115515112876892,-0.8041406273841858,0.67529296875,0.33056640625,0.6591796875,0.0,0.57861328125,0.54638671875
3892,1581,2.385502815246582,0.30994468927383423,-0.6722216606140137,0.67529296875,0.33056640625,0.6591796875,0.0,0.5595703125,0.54638671875
3893,1583,2.464965581893921,1.776356799695581e-17,-0.5975318551063538,0.67529296875,0.331787109375,0.65869140625,0.0,0.5595703125,0.5810546875
3894,1582,2.513453245162964,0.3115515112876892,-0.8041406273841858,0.67529296875,0.33056640625,0.6591796875,0.0,0.57861328125,0.54638671875
3895,1583,2.464965581893921,1.776356799695581e-17,-0.5975318551063538,0.67529296875,0.331787109375,0.65869140625,0.0,0.5595703125,0.5810546875
3896,1584,2.5947365760803223,0.0,-0.7305089235305786,0.67529296875,0.331787109375,0.65869140625,0.0,0.5791015625,0.5810546875
3897,1585,-0.2455419898033142,1.4533851146697998,-3.5414891242980957,0.322021484375,0.70556640625,0.63134765625,0.0,0.338134765625,0.46044921875
3898,1586,-0.22135131061077118,1.3780992031097412,-3.4696593284606934,0.374267578125,0.6171875,0.6923828125,0.0,0.33544921875,0.471435546875
3899,1587,-0.17048461735248566,1.3849502801895142,-3.5032665729522705,0.37451171875,0.61669921875,0.6923828125,0.0,0.341796875,0.47119140625
3900,1586,-0.22135131061077118,1.3780992031097412,-3.4696593284606934,0.374267578125,0.6171875,0.6923828125,0.0,0.33544921875,0.471435546875
3901,1588,-0.0687280222773552,1.2467447519302368,-3.4392967224121094,0.3896484375,0.58740234375,0.70947265625,0.0,0.345947265625,0.489990234375
3902,1587,-0.17048461735248566,1.3849502801895142,-3.5032665729522705,0.37451171875,0.61669921875,0.6923828125,0.0,0.341796875,0.47119140625
3903,1586,-0.22135131061077118,1.3780992031097412,-3.4696593284606934,0.374267578125,0.6171875,0.6923828125,0.0,0.33544921875,0.471435546875
3904,1589,-0.17787840962409973,1.2320401668548584,-3.367182493209839,0.3896484375,0.58740234375,0.70947265625,0.0,0.33203125,0.490478515625
3905,1588,-0.0687280222773552,1.2467447519302368,-3.4392967224121094,0.3896484375,0.58740234375,0.70947265625,0.0,0.345947265625,0.489990234375
3906,1590,-0.06576293706893921,0.98647540807724,-3.228469133377075,0.4248046875,0.51123046875,0.7470703125,0.0,0.331787109375,0.5224609375
3907,1588,-0.0687280222773552,1.2467447519302368,-3.4392967224121094,0.3896484375,0.58740234375,0.70947265625,0.0,0.345947265625,0.489990234375
3908,1589,-0.17787840962409973,1.2320401668548584,-3.367182493209839,0.3896484375,0.58740234375,0.70947265625,0.0,0.33203125,0.490478515625
3909,1590,-0.06576293706893921,0.98647540807724,-3.228469133377075,0.4248046875,0.51123046875,0.7470703125,0.0,0.331787109375,0.5224609375
3910,1591,0.073150634765625,1.00518798828125,-3.320241689682007,0.42529296875,0.509765625,0.74755859375,0.0,0.349365234375,0.52197265625
3911,1588,-0.0687280222773552,1.2467447519302368,-3.4392967224121094,0.3896484375,0.58740234375,0.70947265625,0.0,0.345947265625,0.489990234375
3912,1592,0.06491576880216599,0.6269272565841675,-3.083848714828491,0.4580078125,0.42578125,0.7802734375,0.0,0.331787109375,0.5654296875
3913,1591,0.073150634765625,1.00518798828125,-3.320241689682007,0.42529296875,0.509765625,0.74755859375,0.0,0.349365234375,0.52197265625
3914,1590,-0.06576293706893921,0.98647540807724,-3.228469133377075,0.4248046875,0.51123046875,0.7470703125,0.0,0.331787109375,0.5224609375
3915,1592,0.06491576880216599,0.6269272565841675,-3.083848714828491,0.4580078125,0.42578125,0.7802734375,0.0,0.331787109375,0.5654296875
3916,1593,0.2305029183626175,0.6492346525192261,-3.193247079849243,0.4580078125,0.42578125,0.7802734375,0.0,0.352783203125,0.564453125
3917,1591,0.073150634765625,1.00518798828125,-3.320241689682007,0.42529296875,0.509765625,0.74755859375,0.0,0.349365234375,0.52197265625
3918,1592,0.06491576880216599,0.6269272565841675,-3.083848714828491,0.4580078125,0.42578125,0.7802734375,0.0,0.331787109375,0.5654296875
3919,1594,0.33381712436676025,0.3029272258281708,-3.0884082317352295,0.47802734375,0.3662109375,0.79833984375,0.0,0.352783203125,0.60400390625
3920,1593,0.2305029183626175,0.6492346525192261,-3.193247079849243,0.4580078125,0.42578125,0.7802734375,0.0,0.352783203125,0.564453125
3921,1592,0.06491576880216599,0.6269272565841675,-3.083848714828491,0.4580078125,0.42578125,0.7802734375,0.0,0.331787109375,0.5654296875
3922,1595,0.1791345179080963,0.2820901870727539,-2.986215829849243,0.47802734375,0.3662109375,0.79833984375,0.0,0.333251953125,0.6044921875
3923,1594,0.33381712436676025,0.3029272258281708,-3.0884082317352295,0.47802734375,0.3662109375,0.79833984375,0.0,0.352783203125,0.60400390625
3924,1596,0.259552001953125,0.09737281501293182,-2.9603428840637207,0.491943359375,0.31982421875,0.8095703125,0.0,0.337158203125,0.62548828125
3925,1594,0.33381712436676025,0.3029272258281708,-3.0884082317352295,0.47802734375,0.3662109375,0.79833984375,0.0,0.352783203125,0.60400390625
3926,1595,0.1791345179080963,0.2820901870727539,-2.986215829849243,0.47802734375,0.3662109375,0.79833984375,0.0,0.333251953125,0.6044921875
3927,1596,0.259552001953125,0.09737281501293182,-2.9603428840637207,0.491943359375,0.31982421875,0.8095703125,0.0,0.337158203125,0.62548828125
3928,1597,0.3668493628501892,0.1118299663066864,-3.031226634979248,0.491943359375,0.319580078125,0.81005859375,0.0,0.3505859375,0.62548828125
3929,1594,0.33381712436676025,0.3029272258281708,-3.0884082317352295,0.47802734375,0.3662109375,0.79833984375,0.0,0.352783203125,0.60400390625
3930,1598,0.34607845544815063,0.0,-2.980771780014038,0.50390625,0.27587890625,0.81884765625,0.0,0.344970703125,0.63720703125
3931,1597,0.3668493628501892,0.1118299663066864,-3.031226634979248,0.491943359375,0.319580078125,0.81005859375,0.0,0.3505859375,0.62548828125
3932,1596,0.259552001953125,0.09737281501293182,-2.9603428840637207,0.491943359375,0.31982421875,0.8095703125,0.0,0.337158203125,0.62548828125
3933,1598,0.34607845544815063,0.0,-2.980771780014038,0.50390625,0.27587890625,0.81884765625,0.0,0.344970703125,0.63720703125
3934,1596,0.259552001953125,0.09737281501293182,-2.9603428840637207,0.491943359375,0.31982421875,0.8095703125,0.0,0.337158203125,0.62548828125
3935,1599,0.33529365062713623,0.0,-2.974133014678955,0.50390625,0.27587890625,0.81884765625,0.0,0.343505859375,0.63671875
3936,1600,0.3352728486061096,0.0,-2.9741220474243164,0.455810546875,0.2315673828125,0.859375,0.0,0.343505859375,0.63671875
3937,1599,0.33529365062713623,0.0,-2.974133014678955,0.50390625,0.27587890625,0.81884765625,0.0,0.343505859375,0.63671875
3938,1596,0.259552001953125,0.09737281501293182,-2.9603428840637207,0.491943359375,0.31982421875,0.8095703125,0.0,0.337158203125,0.62548828125
3939,1601,3.6415953636169434,1.5310393571853638,0.05234618857502937,-0.9033203125,0.41650390625,-0.10302734375,0.0,0.2064208984375,0.442138671875
3940,1602,3.630566358566284,1.5335720777511597,0.1592749059200287,-0.9033203125,0.41650390625,-0.10302734375,0.0,0.195068359375,0.442138671875
3941,1603,3.825083017349243,1.8460021018981934,0.11785888671875,-0.8505859375,0.51611328125,-0.0999755859375,0.0,0.20068359375,0.480712890625
3942,1604,3.4864110946655273,1.150488018989563,0.028818359598517418,-0.9580078125,0.26708984375,-0.10516357421875,0.0,0.2081298828125,0.39892578125
3943,1602,3.630566358566284,1.5335720777511597,0.1592749059200287,-0.9033203125,0.41650390625,-0.10302734375,0.0,0.195068359375,0.442138671875
3944,1601,3.6415953636169434,1.5310393571853638,0.05234618857502937,-0.9033203125,0.41650390625,-0.10302734375,0.0,0.2064208984375,0.442138671875
3945,1604,3.4864110946655273,1.150488018989563,0.028818359598517418,-0.9580078125,0.26708984375,-0.10516357421875,0.0,0.2081298828125,0.39892578125
3946,1605,3.472007989883423,1.1538033485412598,0.16847899556159973,-0.9580078125,0.26708984375,-0.10516357421875,0.0,0.193359375,0.39892578125
3947,1602,3.630566358566284,1.5335720777511597,0.1592749059200287,-0.9033203125,0.41650390625,-0.10302734375,0.0,0.195068359375,0.442138671875
3948,1606,3.4030444622039795,0.6993432641029358,0.023664550855755806,-0.9921875,0.06884765625,-0.10394287109375,0.0,0.2088623046875,0.350830078125
3949,1605,3.472007989883423,1.1538033485412598,0.16847899556159973,-0.9580078125,0.26708984375,-0.10516357421875,0.0,0.193359375,0.39892578125
3950,1604,3.4864110946655273,1.150488018989563,0.028818359598517418,-0.9580078125,0.26708984375,-0.10516357421875,0.0,0.2081298828125,0.39892578125
3951,1606,3.4030444622039795,0.6993432641029358,0.023664550855755806,-0.9921875,0.06884765625,-0.10394287109375,0.0,0.2088623046875,0.350830078125
3952,1607,3.3871569633483887,0.7029973268508911,0.1776782125234604,-0.9921875,0.06884765625,-0.10394287109375,0.0,0.192626953125,0.350830078125
3953,1605,3.472007989883423,1.1538033485412598,0.16847899556159973,-0.9580078125,0.26708984375,-0.10516357421875,0.0,0.193359375,0.39892578125
3954,1608,3.425788402557373,0.3641156554222107,0.024934081360697746,-0.99267578125,-0.06561279296875,-0.100830078125,0.0,0.2098388671875,0.3154296875
3955,1607,3.3871569633483887,0.7029973268508911,0.1776782125234604,-0.9921875,0.06884765625,-0.10394287109375,0.0,0.192626953125,0.350830078125
3956,1606,3.4030444622039795,0.6993432641029358,0.023664550855755806,-0.9921875,0.06884765625,-0.10394287109375,0.0,0.2088623046875,0.350830078125
3957,1608,3.425788402557373,0.3641156554222107,0.024934081360697746,-0.99267578125,-0.06561279296875,-0.100830078125,0.0,0.2098388671875,0.3154296875
3958,1609,3.4080686569213867,0.36819490790367126,0.19680175185203552,-0.99267578125,-0.06561279296875,-0.100830078125,0.0,0.191650390625,0.3154296875
3959,1607,3.3871569633483887,0.7029973268508911,0.1776782125234604,-0.9921875,0.06884765625,-0.10394287109375,0.0,0.192626953125,0.350830078125
3960,1609,3.4080686569213867,0.36819490790367126,0.19680175185203552,-0.99267578125,-0.06561279296875,-0.100830078125,0.0,0.191650390625,0.3154296875
3961,1608,3.425788402557373,0.3641156554222107,0.024934081360697746,-0.99267578125,-0.06561279296875,-0.100830078125,0.0,0.2098388671875,0.3154296875
3962,1610,3.448164939880371,1.776356799695581e-17,0.034902118146419525,-0.99267578125,-0.06378173828125,-0.100830078125,0.0,0.2099609375,0.277099609375
3963,1609,3.4080686569213867,0.36819490790367126,0.19680175185203552,-0.99267578125,-0.06561279296875,-0.100830078125,0.0,0.191650390625,0.3154296875
3964,1610,3.448164939880371,1.776356799695581e-17,0.034902118146419525,-0.99267578125,-0.06378173828125,-0.100830078125,0.0,0.2099609375,0.277099609375
3965,1611,3.430495500564575,0.0,0.20883461833000183,-0.99267578125,-0.06378173828125,-0.100830078125,0.0,0.1915283203125,0.276611328125
3966,1612,3.394704580307007,1.2421441078186035,-0.04871581867337227,-0.361083984375,0.634765625,-0.68310546875,0.0,0.95068359375,0.6025390625
3967,1613,3.2953014373779297,1.246234655380249,0.0076440428383648396,-0.361083984375,0.634765625,-0.68310546875,0.0,0.9384765625,0.6025390625
3968,1614,3.469133138656616,1.468040108680725,0.18214599788188934,-0.315673828125,0.72705078125,-0.60986328125,0.0,0.9443359375,0.63671875
3969,1615,3.2969322204589844,0.9605265855789185,-0.2362329065799713,-0.418212890625,0.478271484375,-0.7724609375,0.0,0.9521484375,0.5654296875
3970,1613,3.2953014373779297,1.246234655380249,0.0076440428383648396,-0.361083984375,0.634765625,-0.68310546875,0.0,0.9384765625,0.6025390625
3971,1612,3.394704580307007,1.2421441078186035,-0.04871581867337227,-0.361083984375,0.634765625,-0.68310546875,0.0,0.95068359375,0.6025390625
3972,1615,3.2969322204589844,0.9605265855789185,-0.2362329065799713,-0.418212890625,0.478271484375,-0.7724609375,0.0,0.9521484375,0.5654296875
3973,1616,3.1670982837677,0.9658704996109009,-0.16261962056159973,-0.418212890625,0.478271484375,-0.7724609375,0.0,0.9365234375,0.5654296875
3974,1613,3.2953014373779297,1.246234655380249,0.0076440428383648396,-0.361083984375,0.634765625,-0.68310546875,0.0,0.9384765625,0.6025390625
3975,1617,3.2224607467651367,0.6131965517997742,-0.3579394519329071,-0.471435546875,0.23876953125,-0.84912109375,0.0,0.953125,0.5263671875
3976,1616,3.1670982837677,0.9658704996109009,-0.16261962056159973,-0.418212890625,0.478271484375,-0.7724609375,0.0,0.9365234375,0.5654296875
3977,1615,3.2969322204589844,0.9605265855789185,-0.2362329065799713,-0.418212890625,0.478271484375,-0.7724609375,0.0,0.9521484375,0.5654296875
3978,1617,3.2224607467651367,0.6131965517997742,-0.3579394519329071,-0.471435546875,0.23876953125,-0.84912109375,0.0,0.953125,0.5263671875
3979,1618,3.0792808532714844,0.6190934777259827,-0.2767675817012787,-0.471435546875,0.23876953125,-0.84912109375,0.0,0.93603515625,0.5263671875
3980,1616,3.1670982837677,0.9658704996109009,-0.16261962056159973,-0.418212890625,0.478271484375,-0.7724609375,0.0,0.9365234375,0.5654296875
3981,1619,3.2142040729522705,0.3437003493309021,-0.37229979038238525,-0.490234375,0.06439208984375,-0.869140625,0.0,0.9541015625,0.497802734375
3982,1618,3.0792808532714844,0.6190934777259827,-0.2767675817012787,-0.471435546875,0.23876953125,-0.84912109375,0.0,0.93603515625,0.5263671875
3983,1617,3.2224607467651367,0.6131965517997742,-0.3579394519329071,-0.471435546875,0.23876953125,-0.84912109375,0.0,0.953125,0.5263671875
3984,1619,3.2142040729522705,0.3437003493309021,-0.37229979038238525,-0.490234375,0.06439208984375,-0.869140625,0.0,0.9541015625,0.497802734375
3985,1620,3.0544323921203613,0.3502746820449829,-0.28171631693840027,-0.490234375,0.06439208984375,-0.869140625,0.0,0.93505859375,0.497802734375
3986,1618,3.0792808532714844,0.6190934777259827,-0.2767675817012787,-0.471435546875,0.23876953125,-0.84912109375,0.0,0.93603515625,0.5263671875
3987,1620,3.0544323921203613,0.3502746820449829,-0.28171631693840027,-0.490234375,0.06439208984375,-0.869140625,0.0,0.93505859375,0.497802734375
3988,1619,3.2142040729522705,0.3437003493309021,-0.37229979038238525,-0.490234375,0.06439208984375,-0.869140625,0.0,0.9541015625,0.497802734375
3989,1621,3.193227529525757,0.0,-0.3868013918399811,-0.489990234375,0.06658935546875,-0.869140625,0.0,0.9541015625,0.461669921875
3990,1620,3.0544323921203613,0.3502746820449829,-0.28171631693840027,-0.490234375,0.06439208984375,-0.869140625,0.0,0.93505859375,0.497802734375
3991,1621,3.193227529525757,0.0,-0.3868013918399811,-0.489990234375,0.06658935546875,-0.869140625,0.0,0.9541015625,0.461669921875
3992,1622,3.0308992862701416,0.0,-0.295282781124115,-0.489990234375,0.06658935546875,-0.869140625,0.0,0.9345703125,0.4609375
3993,1623,3.6285057067871094,0.8712866306304932,0.48650145530700684,-0.74609375,0.33349609375,-0.57666015625,0.0,0.416748046875,0.88671875
3994,1624,3.5626513957977295,0.8709555864334106,0.5714989900588989,-0.74609375,0.33349609375,-0.57666015625,0.0,0.405517578125,0.88671875
3995,1625,3.663891553878784,1.0543200969696045,0.5826367139816284,-0.71533203125,0.428466796875,-0.55224609375,0.0,0.4111328125,0.90771484375
3996,1626,3.5829248428344727,0.6491650342941284,0.4294970631599426,-0.7744140625,0.204345703125,-0.59912109375,0.0,0.41845703125,0.8623046875
3997,1624,3.5626513957977295,0.8709555864334106,0.5714989900588989,-0.74609375,0.33349609375,-0.57666015625,0.0,0.405517578125,0.88671875
3998,1623,3.6285057067871094,0.8712866306304932,0.48650145530700684,-0.74609375,0.33349609375,-0.57666015625,0.0,0.416748046875,0.88671875
3999,1626,3.5829248428344727,0.6491650342941284,0.4294970631599426,-0.7744140625,0.204345703125,-0.59912109375,0.0,0.41845703125,0.8623046875
4000,1627,3.4969115257263184,0.6487323641777039,0.5405200123786926,-0.7744140625,0.204345703125,-0.59912109375,0.0,0.40380859375,0.8623046875
4001,1624,3.5626513957977295,0.8709555864334106,0.5714989900588989,-0.74609375,0.33349609375,-0.57666015625,0.0,0.405517578125,0.88671875
4002,1628,3.55963134765625,0.3854115307331085,0.40129393339157104,-0.7900390625,0.040496826171875,-0.61181640625,0.0,0.41943359375,0.833984375
4003,1627,3.4969115257263184,0.6487323641777039,0.5405200123786926,-0.7744140625,0.204345703125,-0.59912109375,0.0,0.40380859375,0.8623046875
4004,1626,3.5829248428344727,0.6491650342941284,0.4294970631599426,-0.7744140625,0.204345703125,-0.59912109375,0.0,0.41845703125,0.8623046875
4005,1628,3.55963134765625,0.3854115307331085,0.40129393339157104,-0.7900390625,0.040496826171875,-0.61181640625,0.0,0.41943359375,0.833984375
4006,1629,3.464775323867798,0.38493362069129944,0.5237206816673279,-0.7900390625,0.040496826171875,-0.61181640625,0.0,0.403076171875,0.833984375
4007,1627,3.4969115257263184,0.6487323641777039,0.5405200123786926,-0.7744140625,0.204345703125,-0.59912109375,0.0,0.40380859375,0.8623046875
4008,1629,3.464775323867798,0.38493362069129944,0.5237206816673279,-0.7900390625,0.040496826171875,-0.61181640625,0.0,0.403076171875,0.833984375
4009,1628,3.55963134765625,0.3854115307331085,0.40129393339157104,-0.7900390625,0.040496826171875,-0.61181640625,0.0,0.41943359375,0.833984375
4010,1630,3.5762205123901367,0.18930476903915405,0.40202391147613525,-0.78857421875,-0.0673828125,-0.611328125,0.0,0.420166015625,0.8134765625
4011,1629,3.464775323867798,0.38493362069129944,0.5237206816673279,-0.7900390625,0.040496826171875,-0.61181640625,0.0,0.403076171875,0.833984375
4012,1630,3.5762205123901367,0.18930476903915405,0.40202391147613525,-0.78857421875,-0.0673828125,-0.611328125,0.0,0.420166015625,0.8134765625
4013,1631,3.470377206802368,0.1887703686952591,0.5386499166488647,-0.78857421875,-0.0673828125,-0.611328125,0.0,0.402099609375,0.8134765625
4014,1631,3.470377206802368,0.1887703686952591,0.5386499166488647,-0.78857421875,-0.0673828125,-0.611328125,0.0,0.402099609375,0.8134765625
4015,1630,3.5762205123901367,0.18930476903915405,0.40202391147613525,-0.78857421875,-0.0673828125,-0.611328125,0.0,0.420166015625,0.8134765625
4016,1632,3.586974620819092,0.0,0.4085288941860199,-0.78857421875,-0.0657958984375,-0.611328125,0.0,0.42041015625,0.79345703125
4017,1631,3.470377206802368,0.1887703686952591,0.5386499166488647,-0.78857421875,-0.0673828125,-0.611328125,0.0,0.402099609375,0.8134765625
4018,1632,3.586974620819092,0.0,0.4085288941860199,-0.78857421875,-0.0657958984375,-0.611328125,0.0,0.42041015625,0.79345703125
4019,1633,3.4800496101379395,0.0,0.5464901924133301,-0.78857421875,-0.0657958984375,-0.611328125,0.0,0.402099609375,0.79345703125
4020,1634,0.5032592415809631,1.5967352390289307,-3.2592687606811523,0.08172607421875,0.51171875,0.85546875,0.0,0.1883544921875,0.461181640625
4021,1635,0.48775023221969604,1.5066921710968018,-3.2039074897766113,0.09490966796875,0.405517578125,0.9091796875,0.0,0.1856689453125,0.471923828125
4022,1636,0.5484838485717773,1.5102293491363525,-3.2118260860443115,0.094970703125,0.4052734375,0.9091796875,0.0,0.192138671875,0.471923828125
4023,1635,0.48775023221969604,1.5066921710968018,-3.2039074897766113,0.09490966796875,0.405517578125,0.9091796875,0.0,0.1856689453125,0.471923828125
4024,1637,0.6006213426589966,1.346836805343628,-3.147554874420166,0.09881591796875,0.37109375,0.92333984375,0.0,0.1961669921875,0.49072265625
4025,1636,0.5484838485717773,1.5102293491363525,-3.2118260860443115,0.094970703125,0.4052734375,0.9091796875,0.0,0.192138671875,0.471923828125
4026,1635,0.48775023221969604,1.5066921710968018,-3.2039074897766113,0.09490966796875,0.405517578125,0.9091796875,0.0,0.1856689453125,0.471923828125
4027,1638,0.4702990651130676,1.33924400806427,-3.130556583404541,0.09881591796875,0.37109375,0.92333984375,0.0,0.182373046875,0.490966796875
4028,1637,0.6006213426589966,1.346836805343628,-3.147554874420166,0.09881591796875,0.37109375,0.92333984375,0.0,0.1961669921875,0.49072265625
4029,1639,0.4904223382472992,1.0567419528961182,-3.0214672088623047,0.107666015625,0.284423828125,0.95263671875,0.0,0.18212890625,0.52294921875
4030,1637,0.6006213426589966,1.346836805343628,-3.147554874420166,0.09881591796875,0.37109375,0.92333984375,0.0,0.1961669921875,0.49072265625
4031,1638,0.4702990651130676,1.33924400806427,-3.130556583404541,0.09881591796875,0.37109375,0.92333984375,0.0,0.182373046875,0.490966796875
4032,1639,0.4904223382472992,1.0567419528961182,-3.0214672088623047,0.107666015625,0.284423828125,0.95263671875,0.0,0.18212890625,0.52294921875
4033,1640,0.6562792658805847,1.0664048194885254,-3.043097972869873,0.10784912109375,0.282958984375,0.953125,0.0,0.19970703125,0.5224609375
4034,1637,0.6006213426589966,1.346836805343628,-3.147554874420166,0.09881591796875,0.37109375,0.92333984375,0.0,0.1961669921875,0.49072265625
4035,1641,0.5147631764411926,0.6595920920372009,-2.926872491836548,0.1160888671875,0.1900634765625,0.97509765625,0.0,0.1820068359375,0.56591796875
4036,1640,0.6562792658805847,1.0664048194885254,-3.043097972869873,0.10784912109375,0.282958984375,0.953125,0.0,0.19970703125,0.5224609375
4037,1639,0.4904223382472992,1.0567419528961182,-3.0214672088623047,0.107666015625,0.284423828125,0.95263671875,0.0,0.18212890625,0.52294921875
4038,1641,0.5147631764411926,0.6595920920372009,-2.926872491836548,0.1160888671875,0.1900634765625,0.97509765625,0.0,0.1820068359375,0.56591796875
4039,1642,0.7124670147895813,0.6711151599884033,-2.952659845352173,0.1160888671875,0.18994140625,0.97509765625,0.0,0.2030029296875,0.5654296875
4040,1640,0.6562792658805847,1.0664048194885254,-3.043097972869873,0.10784912109375,0.282958984375,0.953125,0.0,0.19970703125,0.5224609375
4041,1641,0.5147631764411926,0.6595920920372009,-2.926872491836548,0.1160888671875,0.1900634765625,0.97509765625,0.0,0.1820068359375,0.56591796875
4042,1643,0.7303356528282166,0.2988072335720062,-2.901057004928589,0.12109375,0.1253662109375,0.98486328125,0.0,0.202880859375,0.60498046875
4043,1642,0.7124670147895813,0.6711151599884033,-2.952659845352173,0.1160888671875,0.18994140625,0.97509765625,0.0,0.2030029296875,0.5654296875
4044,1641,0.5147631764411926,0.6595920920372009,-2.926872491836548,0.1160888671875,0.1900634765625,0.97509765625,0.0,0.1820068359375,0.56591796875
4045,1644,0.5456469655036926,0.28804653882980347,-2.8769726753234863,0.12109375,0.12548828125,0.98486328125,0.0,0.183349609375,0.60546875
4046,1643,0.7303356528282166,0.2988072335720062,-2.901057004928589,0.12109375,0.1253662109375,0.98486328125,0.0,0.202880859375,0.60498046875
4047,1645,0.5907983183860779,0.0903153270483017,-2.8660008907318115,0.12457275390625,0.076416015625,0.9892578125,0.0,0.187255859375,0.62646484375
4048,1643,0.7303356528282166,0.2988072335720062,-2.901057004928589,0.12109375,0.1253662109375,0.98486328125,0.0,0.202880859375,0.60498046875
4049,1644,0.5456469655036926,0.28804653882980347,-2.8769726753234863,0.12109375,0.12548828125,0.98486328125,0.0,0.183349609375,0.60546875
4050,1645,0.5907983183860779,0.0903153270483017,-2.8660008907318115,0.12457275390625,0.076416015625,0.9892578125,0.0,0.187255859375,0.62646484375
4051,1646,0.7189099192619324,0.09778276085853577,-2.8827147483825684,0.12457275390625,0.076171875,0.9892578125,0.0,0.2008056640625,0.6259765625
4052,1643,0.7303356528282166,0.2988072335720062,-2.901057004928589,0.12109375,0.1253662109375,0.98486328125,0.0,0.202880859375,0.60498046875
4053,1647,0.6758039593696594,0.0,-2.87422776222229,0.1275634765625,0.0298004150390625,0.9912109375,0.0,0.1959228515625,0.63623046875
4054,1646,0.7189099192619324,0.09778276085853577,-2.8827147483825684,0.12457275390625,0.076171875,0.9892578125,0.0,0.2008056640625,0.6259765625
4055,1645,0.5907983183860779,0.0903153270483017,-2.8660008907318115,0.12457275390625,0.076416015625,0.9892578125,0.0,0.187255859375,0.62646484375
4056,1647,0.6758039593696594,0.0,-2.87422776222229,0.1275634765625,0.0298004150390625,0.9912109375,0.0,0.1959228515625,0.63623046875
4057,1645,0.5907983183860779,0.0903153270483017,-2.8660008907318115,0.12457275390625,0.076416015625,0.9892578125,0.0,0.187255859375,0.62646484375
4058,1648,0.64700847864151,0.0,-2.8705198764801025,0.1275634765625,0.0298004150390625,0.9912109375,0.0,0.19287109375,0.6357421875
4059,1649,0.646989643573761,0.0,-2.870518207550049,0.08575439453125,0.01031494140625,0.99609375,0.0,0.19287109375,0.6357421875
4060,1648,0.64700847864151,0.0,-2.8705198764801025,0.1275634765625,0.0298004150390625,0.9912109375,0.0,0.19287109375,0.6357421875
4061,1645,0.5907983183860779,0.0903153270483017,-2.8660008907318115,0.12457275390625,0.076416015625,0.9892578125,0.0,0.187255859375,0.62646484375
4062,1650,1.45953369140625,1.4634816646575928,-2.2382006645202637,0.007305145263671875,0.59375,-0.8046875,0.0,0.124755859375,0.64697265625
4063,1651,1.4457299709320068,1.3782955408096313,-2.3011791706085205,-0.038360595703125,0.50048828125,-0.86474609375,0.0,0.12744140625,0.6357421875
4064,1652,1.3890306949615479,1.3973944187164307,-2.287602424621582,-0.038543701171875,0.50048828125,-0.86474609375,0.0,0.1209716796875,0.63623046875
4065,1651,1.4457299709320068,1.3782955408096313,-2.3011791706085205,-0.038360595703125,0.50048828125,-0.86474609375,0.0,0.12744140625,0.6357421875
4066,1653,1.2894359827041626,1.261130690574646,-2.3587353229522705,-0.052642822265625,0.469970703125,-0.88134765625,0.0,0.11688232421875,0.6171875
4067,1652,1.3890306949615479,1.3973944187164307,-2.287602424621582,-0.038543701171875,0.50048828125,-0.86474609375,0.0,0.1209716796875,0.63623046875
4068,1651,1.4457299709320068,1.3782955408096313,-2.3011791706085205,-0.038360595703125,0.50048828125,-0.86474609375,0.0,0.12744140625,0.6357421875
4069,1654,1.411104679107666,1.2201513051986694,-2.3878612518310547,-0.0526123046875,0.469970703125,-0.880859375,0.0,0.1307373046875,0.61669921875
4070,1653,1.2894359827041626,1.261130690574646,-2.3587353229522705,-0.052642822265625,0.469970703125,-0.88134765625,0.0,0.11688232421875,0.6171875
4071,1655,1.3061413764953613,0.9653842449188232,-2.5151097774505615,-0.087158203125,0.39208984375,-0.91552734375,0.0,0.1309814453125,0.5849609375
4072,1653,1.2894359827041626,1.261130690574646,-2.3587353229522705,-0.052642822265625,0.469970703125,-0.88134765625,0.0,0.11688232421875,0.6171875
4073,1654,1.411104679107666,1.2201513051986694,-2.3878612518310547,-0.0526123046875,0.469970703125,-0.880859375,0.0,0.1307373046875,0.61669921875
4074,1655,1.3061413764953613,0.9653842449188232,-2.5151097774505615,-0.087158203125,0.39208984375,-0.91552734375,0.0,0.1309814453125,0.5849609375
4075,1656,1.1512975692749023,1.0175378322601318,-2.478037118911743,-0.08770751953125,0.390869140625,-0.91650390625,0.0,0.11334228515625,0.58544921875
4076,1653,1.2894359827041626,1.261130690574646,-2.3587353229522705,-0.052642822265625,0.469970703125,-0.88134765625,0.0,0.11688232421875,0.6171875
4077,1657,1.1662609577178955,0.6005641222000122,-2.6359643936157227,-0.12286376953125,0.30615234375,-0.94384765625,0.0,0.1309814453125,0.5419921875
4078,1656,1.1512975692749023,1.0175378322601318,-2.478037118911743,-0.08770751953125,0.390869140625,-0.91650390625,0.0,0.11334228515625,0.58544921875
4079,1655,1.3061413764953613,0.9653842449188232,-2.5151097774505615,-0.087158203125,0.39208984375,-0.91552734375,0.0,0.1309814453125,0.5849609375
4080,1657,1.1662609577178955,0.6005641222000122,-2.6359643936157227,-0.12286376953125,0.30615234375,-0.94384765625,0.0,0.1309814453125,0.5419921875
4081,1658,0.9816857576370239,0.6627329587936401,-2.591778516769409,-0.12286376953125,0.30615234375,-0.94384765625,0.0,0.1099853515625,0.54248046875
4082,1656,1.1512975692749023,1.0175378322601318,-2.478037118911743,-0.08770751953125,0.390869140625,-0.91650390625,0.0,0.11334228515625,0.58544921875
4083,1657,1.1662609577178955,0.6005641222000122,-2.6359643936157227,-0.12286376953125,0.30615234375,-0.94384765625,0.0,0.1309814453125,0.5419921875
4084,1659,0.8577440977096558,0.3158664107322693,-2.6686973571777344,-0.1463623046875,0.24658203125,-0.9580078125,0.0,0.11004638671875,0.5029296875
4085,1658,0.9816857576370239,0.6627329587936401,-2.591778516769409,-0.12286376953125,0.30615234375,-0.94384765625,0.0,0.1099853515625,0.54248046875
4086,1657,1.1662609577178955,0.6005641222000122,-2.6359643936157227,-0.12286376953125,0.30615234375,-0.94384765625,0.0,0.1309814453125,0.5419921875
4087,1660,1.0301611423492432,0.2577939033508301,-2.709979295730591,-0.146240234375,0.2467041015625,-0.9580078125,0.0,0.129638671875,0.50244140625
4088,1659,0.8577440977096558,0.3158664107322693,-2.6686973571777344,-0.1463623046875,0.24658203125,-0.9580078125,0.0,0.11004638671875,0.5029296875
4089,1659,0.8577440977096558,0.3158664107322693,-2.6686973571777344,-0.1463623046875,0.24658203125,-0.9580078125,0.0,0.11004638671875,0.5029296875
4090,1660,1.0301611423492432,0.2577939033508301,-2.709979295730591,-0.146240234375,0.2467041015625,-0.9580078125,0.0,0.129638671875,0.50244140625
4091,1661,0.9312463402748108,0.08167558163404465,-2.7313013076782227,-0.16357421875,0.2008056640625,-0.9658203125,0.0,0.125732421875,0.481689453125
4092,1659,0.8577440977096558,0.3158664107322693,-2.6686973571777344,-0.1463623046875,0.24658203125,-0.9580078125,0.0,0.11004638671875,0.5029296875
4093,1661,0.9312463402748108,0.08167558163404465,-2.7313013076782227,-0.16357421875,0.2008056640625,-0.9658203125,0.0,0.125732421875,0.481689453125
4094,1662,0.8116515874862671,0.12196044623851776,-2.702669620513916,-0.1636962890625,0.2005615234375,-0.9658203125,0.0,0.11212158203125,0.48193359375
4095,1662,0.8116515874862671,0.12196044623851776,-2.702669620513916,-0.1636962890625,0.2005615234375,-0.9658203125,0.0,0.11212158203125,0.48193359375
4096,1661,0.9312463402748108,0.08167558163404465,-2.7313013076782227,-0.16357421875,0.2008056640625,-0.9658203125,0.0,0.125732421875,0.481689453125
4097,1663,0.841654360294342,0.0,-2.727983236312866,-0.179443359375,0.1573486328125,-0.97119140625,0.0,0.11932373046875,0.470458984375
4098,1662,0.8116515874862671,0.12196044623851776,-2.702669620513916,-0.1636962890625,0.2005615234375,-0.9658203125,0.0,0.11212158203125,0.48193359375
4099,1663,0.841654360294342,0.0,-2.727983236312866,-0.179443359375,0.1573486328125,-0.97119140625,0.0,0.11932373046875,0.470458984375
4100,1664,0.8275073766708374,0.0,-2.7253692150115967,-0.179443359375,0.1573486328125,-0.97119140625,0.0,0.11785888671875,0.47021484375
4101,1665,0.841681182384491,0.0,-2.72798490524292,-0.044464111328125,0.0216522216796875,-0.99853515625,0.0,0.11932373046875,0.470458984375
4102,1663,0.841654360294342,0.0,-2.727983236312866,-0.179443359375,0.1573486328125,-0.97119140625,0.0,0.11932373046875,0.470458984375
4103,1661,0.9312463402748108,0.08167558163404465,-2.7313013076782227,-0.16357421875,0.2008056640625,-0.9658203125,0.0,0.125732421875,0.481689453125
4104,1666,3.095717668533325,1.5277578830718994,-0.9349401593208313,-0.464599609375,0.381591796875,0.79931640625,0.0,0.33056640625,0.453857421875
4105,1667,3.194777727127075,1.5287628173828125,-0.8778454661369324,-0.464599609375,0.381591796875,0.79931640625,0.0,0.318603515625,0.453857421875
4106,1668,3.2200512886047363,1.8229491710662842,-1.041353702545166,-0.446044921875,0.4638671875,0.765625,0.0,0.324462890625,0.48876953125
4107,1669,3.0146617889404297,1.1648144721984863,-0.822985827922821,-0.48291015625,0.268798828125,0.83349609375,0.0,0.332275390625,0.4130859375
4108,1667,3.194777727127075,1.5287628173828125,-0.8778454661369324,-0.464599609375,0.381591796875,0.79931640625,0.0,0.318603515625,0.453857421875
4109,1666,3.095717668533325,1.5277578830718994,-0.9349401593208313,-0.464599609375,0.381591796875,0.79931640625,0.0,0.33056640625,0.453857421875
4110,1669,3.0146617889404297,1.1648144721984863,-0.822985827922821,-0.48291015625,0.268798828125,0.83349609375,0.0,0.332275390625,0.4130859375
4111,1670,3.144045352935791,1.1661276817321777,-0.7484130859375,-0.48291015625,0.268798828125,0.83349609375,0.0,0.316650390625,0.4130859375
4112,1667,3.194777727127075,1.5287628173828125,-0.8778454661369324,-0.464599609375,0.381591796875,0.79931640625,0.0,0.318603515625,0.453857421875
4113,1671,2.9648375511169434,0.7263778448104858,-0.7442114353179932,-0.49609375,0.128662109375,0.8583984375,0.0,0.333251953125,0.3662109375
4114,1670,3.144045352935791,1.1661276817321777,-0.7484130859375,-0.48291015625,0.268798828125,0.83349609375,0.0,0.316650390625,0.4130859375
4115,1669,3.0146617889404297,1.1648144721984863,-0.822985827922821,-0.48291015625,0.268798828125,0.83349609375,0.0,0.332275390625,0.4130859375
4116,1671,2.9648375511169434,0.7263778448104858,-0.7442114353179932,-0.49609375,0.128662109375,0.8583984375,0.0,0.333251953125,0.3662109375
4117,1672,3.1075220108032227,0.7278229594230652,-0.661975085735321,-0.49609375,0.128662109375,0.8583984375,0.0,0.31591796875,0.3662109375
4118,1670,3.144045352935791,1.1661276817321777,-0.7484130859375,-0.48291015625,0.268798828125,0.83349609375,0.0,0.316650390625,0.4130859375
4119,1673,2.953418016433716,0.3940253257751465,-0.737683117389679,-0.499267578125,0.03570556640625,0.86572265625,0.0,0.334228515625,0.331298828125
4120,1672,3.1075220108032227,0.7278229594230652,-0.661975085735321,-0.49609375,0.128662109375,0.8583984375,0.0,0.31591796875,0.3662109375
4121,1671,2.9648375511169434,0.7263778448104858,-0.7442114353179932,-0.49609375,0.128662109375,0.8583984375,0.0,0.333251953125,0.3662109375
4122,1673,2.953418016433716,0.3940253257751465,-0.737683117389679,-0.499267578125,0.03570556640625,0.86572265625,0.0,0.334228515625,0.331298828125
4123,1674,3.1126415729522705,0.3956398069858551,-0.6459106206893921,-0.499267578125,0.03570556640625,0.86572265625,0.0,0.31494140625,0.331298828125
4124,1672,3.1075220108032227,0.7278229594230652,-0.661975085735321,-0.49609375,0.128662109375,0.8583984375,0.0,0.31591796875,0.3662109375
4125,1674,3.1126415729522705,0.3956398069858551,-0.6459106206893921,-0.499267578125,0.03570556640625,0.86572265625,0.0,0.31494140625,0.331298828125
4126,1673,2.953418016433716,0.3940253257751465,-0.737683117389679,-0.499267578125,0.03570556640625,0.86572265625,0.0,0.334228515625,0.331298828125
4127,1675,2.9481701850891113,0.0,-0.7239078879356384,-0.499267578125,0.03692626953125,0.86572265625,0.0,0.334228515625,0.289794921875
4128,1674,3.1126415729522705,0.3956398069858551,-0.6459106206893921,-0.499267578125,0.03570556640625,0.86572265625,0.0,0.31494140625,0.331298828125
4129,1675,2.9481701850891113,0.0,-0.7239078879356384,-0.499267578125,0.03692626953125,0.86572265625,0.0,0.334228515625,0.289794921875
4130,1676,3.109328269958496,0.0,-0.6309520602226257,-0.499267578125,0.03692626953125,0.86572265625,0.0,0.314697265625,0.28955078125
4131,1677,3.8259594440460205,1.5325409173965454,-0.4054199159145355,-0.87451171875,0.4111328125,0.2578125,0.0,0.59130859375,0.431884765625
4132,1678,3.8562254905700684,1.5322060585021973,-0.30224609375,-0.87451171875,0.4111328125,0.2578125,0.0,0.580078125,0.431884765625
4133,1679,4.021180152893066,1.8472630977630615,-0.40565916895866394,-0.82421875,0.51123046875,0.243408203125,0.0,0.58544921875,0.47021484375
4134,1680,3.6727073192596436,1.1514099836349487,-0.37883543968200684,-0.92578125,0.261474609375,0.2724609375,0.0,0.59326171875,0.388671875
4135,1678,3.8562254905700684,1.5322060585021973,-0.30224609375,-0.87451171875,0.4111328125,0.2578125,0.0,0.580078125,0.431884765625
4136,1677,3.8259594440460205,1.5325409173965454,-0.4054199159145355,-0.87451171875,0.4111328125,0.2578125,0.0,0.59130859375,0.431884765625
4137,1680,3.6727073192596436,1.1514099836349487,-0.37883543968200684,-0.92578125,0.261474609375,0.2724609375,0.0,0.59326171875,0.388671875
4138,1681,3.7122459411621094,1.150977373123169,-0.2440771460533142,-0.92578125,0.261474609375,0.2724609375,0.0,0.578125,0.388671875
4139,1678,3.8562254905700684,1.5322060585021973,-0.30224609375,-0.87451171875,0.4111328125,0.2578125,0.0,0.580078125,0.431884765625
4140,1682,3.592750072479248,0.6998512744903564,-0.3643432557582855,-0.95751953125,0.06298828125,0.28125,0.0,0.59375,0.340576171875
4141,1681,3.7122459411621094,1.150977373123169,-0.2440771460533142,-0.92578125,0.261474609375,0.2724609375,0.0,0.578125,0.388671875
4142,1680,3.6727073192596436,1.1514099836349487,-0.37883543968200684,-0.92578125,0.261474609375,0.2724609375,0.0,0.59326171875,0.388671875
4143,1682,3.592750072479248,0.6998512744903564,-0.3643432557582855,-0.95751953125,0.06298828125,0.28125,0.0,0.59375,0.340576171875
4144,1683,3.63634991645813,0.6993695497512817,-0.21573974192142487,-0.95751953125,0.06298828125,0.28125,0.0,0.57763671875,0.340576171875
4145,1681,3.7122459411621094,1.150977373123169,-0.2440771460533142,-0.92578125,0.261474609375,0.2724609375,0.0,0.578125,0.388671875
4146,1684,3.613662004470825,0.3649134337902069,-0.3809155225753784,-0.95703125,-0.07147216796875,0.280517578125,0.0,0.5947265625,0.30517578125
4147,1683,3.63634991645813,0.6993695497512817,-0.21573974192142487,-0.95751953125,0.06298828125,0.28125,0.0,0.57763671875,0.340576171875
4148,1682,3.592750072479248,0.6998512744903564,-0.3643432557582855,-0.95751953125,0.06298828125,0.28125,0.0,0.59375,0.340576171875
4149,1684,3.613662004470825,0.3649134337902069,-0.3809155225753784,-0.95703125,-0.07147216796875,0.280517578125,0.0,0.5947265625,0.30517578125
4150,1685,3.6623167991638184,0.36437907814979553,-0.21508055925369263,-0.95703125,-0.07147216796875,0.280517578125,0.0,0.57666015625,0.30517578125
4151,1683,3.63634991645813,0.6993695497512817,-0.21573974192142487,-0.95751953125,0.06298828125,0.28125,0.0,0.57763671875,0.340576171875
4152,1685,3.6623167991638184,0.36437907814979553,-0.21508055925369263,-0.95703125,-0.07147216796875,0.280517578125,0.0,0.57666015625,0.30517578125
4153,1684,3.613662004470825,0.3649134337902069,-0.3809155225753784,-0.95703125,-0.07147216796875,0.280517578125,0.0,0.5947265625,0.30517578125
4154,1686,3.637521982192993,0.0,-0.3901028037071228,-0.95751953125,-0.06964111328125,0.280517578125,0.0,0.5947265625,0.266845703125
4155,1685,3.6623167991638184,0.36437907814979553,-0.21508055925369263,-0.95703125,-0.07147216796875,0.280517578125,0.0,0.57666015625,0.30517578125
4156,1686,3.637521982192993,0.0,-0.3901028037071228,-0.95751953125,-0.06964111328125,0.280517578125,0.0,0.5947265625,0.266845703125
4157,1687,3.6866884231567383,0.0,-0.22238971292972565,-0.95751953125,-0.06964111328125,0.280517578125,0.0,0.57666015625,0.266845703125
4158,1688,2.4821715354919434,0.7130825519561768,-0.9823046922683716,0.84130859375,0.50927734375,0.1812744140625,0.0,0.7509765625,0.896484375
4159,1689,2.506312131881714,0.7129997611045837,-1.0940722227096558,0.84130859375,0.50927734375,0.1812744140625,0.0,0.7626953125,0.896484375
4160,1690,2.391110897064209,0.8494751453399658,-1.0605688095092773,0.7734375,0.61181640625,0.16650390625,0.0,0.7568359375,0.87841796875
4161,1691,2.567458391189575,0.5456662774085999,-0.9458556771278381,0.9130859375,0.356689453125,0.197021484375,0.0,0.7490234375,0.91650390625
4162,1689,2.506312131881714,0.7129997611045837,-1.0940722227096558,0.84130859375,0.50927734375,0.1812744140625,0.0,0.7626953125,0.896484375
4163,1688,2.4821715354919434,0.7130825519561768,-0.9823046922683716,0.84130859375,0.50927734375,0.1812744140625,0.0,0.7509765625,0.896484375
4164,1691,2.567458391189575,0.5456662774085999,-0.9458556771278381,0.9130859375,0.356689453125,0.197021484375,0.0,0.7490234375,0.91650390625
4165,1692,2.5989904403686523,0.54555344581604,-1.0918371677398682,0.9130859375,0.356689453125,0.197021484375,0.0,0.7646484375,0.91650390625
4166,1689,2.506312131881714,0.7129997611045837,-1.0940722227096558,0.84130859375,0.50927734375,0.1812744140625,0.0,0.7626953125,0.896484375
4167,1693,2.6205406188964844,0.344099223613739,-0.9263916015625,0.9677734375,0.1409912109375,0.2088623046875,0.0,0.748046875,0.9384765625
4168,1692,2.5989904403686523,0.54555344581604,-1.0918371677398682,0.9130859375,0.356689453125,0.197021484375,0.0,0.7646484375,0.91650390625
4169,1691,2.567458391189575,0.5456662774085999,-0.9458556771278381,0.9130859375,0.356689453125,0.197021484375,0.0,0.7490234375,0.91650390625
4170,1693,2.6205406188964844,0.344099223613739,-0.9263916015625,0.9677734375,0.1409912109375,0.2088623046875,0.0,0.748046875,0.9384765625
4171,1694,2.655311107635498,0.34397879242897034,-1.0873767137527466,0.9677734375,0.1409912109375,0.2088623046875,0.0,0.765625,0.9384765625
4172,1692,2.5989904403686523,0.54555344581604,-1.0918371677398682,0.9130859375,0.356689453125,0.197021484375,0.0,0.7646484375,0.91650390625
4173,1695,2.6171116828918457,0.19192764163017273,-0.9172521829605103,0.9775390625,-0.00673675537109375,0.2110595703125,0.0,0.7470703125,0.95458984375
4174,1694,2.655311107635498,0.34397879242897034,-1.0873767137527466,0.9677734375,0.1409912109375,0.2088623046875,0.0,0.765625,0.9384765625
4175,1693,2.6205406188964844,0.344099223613739,-0.9263916015625,0.9677734375,0.1409912109375,0.2088623046875,0.0,0.748046875,0.9384765625
4176,1695,2.6171116828918457,0.19192764163017273,-0.9172521829605103,0.9775390625,-0.00673675537109375,0.2110595703125,0.0,0.7470703125,0.95458984375
4177,1696,2.6559131145477295,0.19179217517375946,-1.096895694732666,0.9775390625,-0.00673675537109375,0.2110595703125,0.0,0.7666015625,0.95458984375
4178,1694,2.655311107635498,0.34397879242897034,-1.0873767137527466,0.9677734375,0.1409912109375,0.2088623046875,0.0,0.765625,0.9384765625
4179,1696,2.6559131145477295,0.19179217517375946,-1.096895694732666,0.9775390625,-0.00673675537109375,0.2110595703125,0.0,0.7666015625,0.95458984375
4180,1695,2.6171116828918457,0.19192764163017273,-0.9172521829605103,0.9775390625,-0.00673675537109375,0.2110595703125,0.0,0.7470703125,0.95458984375
4181,1697,2.6159167289733887,4.440891999238953e-18,-0.9161435961723328,0.9775390625,-0.004871368408203125,0.2110595703125,0.0,0.7470703125,0.974609375
4182,1696,2.6559131145477295,0.19179217517375946,-1.096895694732666,0.9775390625,-0.00673675537109375,0.2110595703125,0.0,0.7666015625,0.95458984375
4183,1697,2.6159167289733887,4.440891999238953e-18,-0.9161435961723328,0.9775390625,-0.004871368408203125,0.2110595703125,0.0,0.7470703125,0.974609375
4184,1698,2.6552212238311768,0.0,-1.098125696182251,0.9775390625,-0.004871368408203125,0.2110595703125,0.0,0.7666015625,0.974609375
4185,1699,0.8404528498649597,1.7178133726119995,-3.7205662727355957,0.162353515625,0.62646484375,0.76220703125,0.0,0.2257080078125,0.51953125
4186,1700,0.8137633800506592,1.6299490928649902,-3.6426780223846436,0.160888671875,0.5302734375,0.83251953125,0.0,0.228271484375,0.50732421875
4187,1701,0.8722289800643921,1.6237250566482544,-3.6500158309936523,0.160888671875,0.52978515625,0.83251953125,0.0,0.2220458984375,0.50732421875
4188,1702,0.8995177745819092,1.4461867809295654,-3.5463244915008545,0.159912109375,0.497802734375,0.8525390625,0.0,0.2183837890625,0.48583984375
4189,1701,0.8722289800643921,1.6237250566482544,-3.6500158309936523,0.160888671875,0.52978515625,0.83251953125,0.0,0.2220458984375,0.50732421875
4190,1700,0.8137633800506592,1.6299490928649902,-3.6426780223846436,0.160888671875,0.5302734375,0.83251953125,0.0,0.228271484375,0.50732421875
4191,1702,0.8995177745819092,1.4461867809295654,-3.5463244915008545,0.159912109375,0.497802734375,0.8525390625,0.0,0.2183837890625,0.48583984375
4192,1700,0.8137633800506592,1.6299490928649902,-3.6426780223846436,0.160888671875,0.5302734375,0.83251953125,0.0,0.228271484375,0.50732421875
4193,1703,0.7740576267242432,1.459536075592041,-3.530585765838623,0.159912109375,0.497802734375,0.8525390625,0.0,0.231689453125,0.485595703125
4194,1704,0.7540783286094666,1.162255048751831,-3.3561084270477295,0.15673828125,0.41650390625,0.8955078125,0.0,0.232177734375,0.449462890625
4195,1702,0.8995177745819092,1.4461867809295654,-3.5463244915008545,0.159912109375,0.497802734375,0.8525390625,0.0,0.2183837890625,0.48583984375
4196,1703,0.7740576267242432,1.459536075592041,-3.530585765838623,0.159912109375,0.497802734375,0.8525390625,0.0,0.231689453125,0.485595703125
4197,1704,0.7540783286094666,1.162255048751831,-3.3561084270477295,0.15673828125,0.41650390625,0.8955078125,0.0,0.232177734375,0.449462890625
4198,1705,0.9137377738952637,1.145263671875,-3.3761401176452637,0.1566162109375,0.41552734375,0.89599609375,0.0,0.2152099609375,0.44970703125
4199,1702,0.8995177745819092,1.4461867809295654,-3.5463244915008545,0.159912109375,0.497802734375,0.8525390625,0.0,0.2183837890625,0.48583984375
4200,1706,0.7202233672142029,0.7342190146446228,-3.176788330078125,0.15185546875,0.326904296875,0.9326171875,0.0,0.232666015625,0.400634765625
4201,1705,0.9137377738952637,1.145263671875,-3.3761401176452637,0.1566162109375,0.41552734375,0.89599609375,0.0,0.2152099609375,0.44970703125
4202,1704,0.7540783286094666,1.162255048751831,-3.3561084270477295,0.15673828125,0.41650390625,0.8955078125,0.0,0.232177734375,0.449462890625
4203,1706,0.7202233672142029,0.7342190146446228,-3.176788330078125,0.15185546875,0.326904296875,0.9326171875,0.0,0.232666015625,0.400634765625
4204,1707,0.9105456471443176,0.7139648199081421,-3.2006711959838867,0.15185546875,0.32666015625,0.9326171875,0.0,0.21240234375,0.40087890625
4205,1705,0.9137377738952637,1.145263671875,-3.3761401176452637,0.1566162109375,0.41552734375,0.89599609375,0.0,0.2152099609375,0.44970703125
4206,1706,0.7202233672142029,0.7342190146446228,-3.176788330078125,0.15185546875,0.326904296875,0.9326171875,0.0,0.232666015625,0.400634765625
4207,1708,0.8728308081626892,0.30668124556541443,-3.0742650032043457,0.147705078125,0.264404296875,0.953125,0.0,0.2127685546875,0.35595703125
4208,1707,0.9105456471443176,0.7139648199081421,-3.2006711959838867,0.15185546875,0.32666015625,0.9326171875,0.0,0.21240234375,0.40087890625
4209,1706,0.7202233672142029,0.7342190146446228,-3.176788330078125,0.15185546875,0.326904296875,0.9326171875,0.0,0.232666015625,0.400634765625
4210,1709,0.6950414776802063,0.3256005346775055,-3.0519628524780273,0.147705078125,0.264404296875,0.953125,0.0,0.231689453125,0.355712890625
4211,1708,0.8728308081626892,0.30668124556541443,-3.0742650032043457,0.147705078125,0.264404296875,0.953125,0.0,0.2127685546875,0.35595703125
4212,1710,0.7086242437362671,0.1011878252029419,-3.0019640922546387,0.1441650390625,0.2166748046875,0.96533203125,0.0,0.2281494140625,0.331787109375
4213,1708,0.8728308081626892,0.30668124556541443,-3.0742650032043457,0.147705078125,0.264404296875,0.953125,0.0,0.2127685546875,0.35595703125
4214,1709,0.6950414776802063,0.3256005346775055,-3.0519628524780273,0.147705078125,0.264404296875,0.953125,0.0,0.231689453125,0.355712890625
4215,1710,0.7086242437362671,0.1011878252029419,-3.0019640922546387,0.1441650390625,0.2166748046875,0.96533203125,0.0,0.2281494140625,0.331787109375
4216,1711,0.8319470286369324,0.08806221932172775,-3.0174365043640137,0.1441650390625,0.216552734375,0.96533203125,0.0,0.2149658203125,0.33203125
4217,1708,0.8728308081626892,0.30668124556541443,-3.0742650032043457,0.147705078125,0.264404296875,0.953125,0.0,0.2127685546875,0.35595703125
4218,1712,0.7832422256469727,0.0,-2.9949426651000977,0.1405029296875,0.1712646484375,0.97509765625,0.0,0.21923828125,0.322021484375
4219,1711,0.8319470286369324,0.08806221932172775,-3.0174365043640137,0.1441650390625,0.216552734375,0.96533203125,0.0,0.2149658203125,0.33203125
4220,1710,0.7086242437362671,0.1011878252029419,-3.0019640922546387,0.1441650390625,0.2166748046875,0.96533203125,0.0,0.2281494140625,0.331787109375
4221,1712,0.7832422256469727,0.0,-2.9949426651000977,0.1405029296875,0.1712646484375,0.97509765625,0.0,0.21923828125,0.322021484375
4222,1710,0.7086242437362671,0.1011878252029419,-3.0019640922546387,0.1441650390625,0.2166748046875,0.96533203125,0.0,0.2281494140625,0.331787109375
4223,1713,0.7456251978874207,0.0,-2.989522695541382,0.140625,0.1712646484375,0.97509765625,0.0,0.22314453125,0.321533203125
4224,1714,0.7456129789352417,0.0,-2.9895172119140625,0.3857421875,0.254638671875,0.88671875,0.0,0.22314453125,0.321533203125
4225,1713,0.7456251978874207,0.0,-2.989522695541382,0.140625,0.1712646484375,0.97509765625,0.0,0.22314453125,0.321533203125
4226,1710,0.7086242437362671,0.1011878252029419,-3.0019640922546387,0.1441650390625,0.2166748046875,0.96533203125,0.0,0.2281494140625,0.331787109375
4227,1715,1.595925211906433,1.6666730642318726,-3.006924867630005,-0.50830078125,0.53662109375,-0.67333984375,0.0,0.79931640625,0.6171875
4228,1716,1.5476354360580444,1.5672855377197266,-3.049710512161255,-0.5751953125,0.43896484375,-0.6904296875,0.0,0.80224609375,0.60498046875
4229,1717,1.5049548149108887,1.5880647897720337,-3.0009472370147705,-0.5751953125,0.4384765625,-0.6904296875,0.0,0.79541015625,0.60498046875
4230,1716,1.5476354360580444,1.5672855377197266,-3.049710512161255,-0.5751953125,0.43896484375,-0.6904296875,0.0,0.80224609375,0.60498046875
4231,1718,1.3783544301986694,1.4294495582580566,-2.99169659614563,-0.59423828125,0.406982421875,-0.693359375,0.0,0.79052734375,0.58447265625
4232,1717,1.5049548149108887,1.5880647897720337,-3.0009472370147705,-0.5751953125,0.4384765625,-0.6904296875,0.0,0.79541015625,0.60498046875
4233,1716,1.5476354360580444,1.5672855377197266,-3.049710512161255,-0.5751953125,0.43896484375,-0.6904296875,0.0,0.80224609375,0.60498046875
4234,1719,1.4699304103851318,1.3848652839660645,-3.0963330268859863,-0.59423828125,0.406982421875,-0.693359375,0.0,0.80615234375,0.583984375
4235,1718,1.3783544301986694,1.4294495582580566,-2.99169659614563,-0.59423828125,0.406982421875,-0.693359375,0.0,0.79052734375,0.58447265625
4236,1718,1.3783544301986694,1.4294495582580566,-2.99169659614563,-0.59423828125,0.406982421875,-0.693359375,0.0,0.79052734375,0.58447265625
4237,1719,1.4699304103851318,1.3848652839660645,-3.0963330268859863,-0.59423828125,0.406982421875,-0.693359375,0.0,0.80615234375,0.583984375
4238,1720,1.3092418909072876,1.0907349586486816,-3.1278162002563477,-0.63818359375,0.326171875,-0.697265625,0.0,0.80615234375,0.54833984375
4239,1718,1.3783544301986694,1.4294495582580566,-2.99169659614563,-0.59423828125,0.406982421875,-0.693359375,0.0,0.79052734375,0.58447265625
4240,1720,1.3092418909072876,1.0907349586486816,-3.1278162002563477,-0.63818359375,0.326171875,-0.697265625,0.0,0.80615234375,0.54833984375
4241,1721,1.1927038431167603,1.1474759578704834,-2.9946484565734863,-0.638671875,0.32470703125,-0.697265625,0.0,0.78662109375,0.548828125
4242,1721,1.1927038431167603,1.1474759578704834,-2.9946484565734863,-0.638671875,0.32470703125,-0.697265625,0.0,0.78662109375,0.548828125
4243,1720,1.3092418909072876,1.0907349586486816,-3.1278162002563477,-0.63818359375,0.326171875,-0.697265625,0.0,0.80615234375,0.54833984375
4244,1722,1.1289172172546387,0.6744931936264038,-3.1253392696380615,-0.6787109375,0.2376708984375,-0.6953125,0.0,0.80615234375,0.5009765625
4245,1721,1.1927038431167603,1.1474759578704834,-2.9946484565734863,-0.638671875,0.32470703125,-0.697265625,0.0,0.78662109375,0.548828125
4246,1722,1.1289172172546387,0.6744931936264038,-3.1253392696380615,-0.6787109375,0.2376708984375,-0.6953125,0.0,0.80615234375,0.5009765625
4247,1723,0.9900036454200745,0.742127001285553,-2.966608762741089,-0.6787109375,0.237548828125,-0.69482421875,0.0,0.783203125,0.50146484375
4248,1722,1.1289172172546387,0.6744931936264038,-3.1253392696380615,-0.6787109375,0.2376708984375,-0.6953125,0.0,0.80615234375,0.5009765625
4249,1724,0.8516894578933716,0.3494936227798462,-2.936528205871582,-0.7021484375,0.1767578125,-0.68994140625,0.0,0.783203125,0.457763671875
4250,1723,0.9900036454200745,0.742127001285553,-2.966608762741089,-0.6787109375,0.237548828125,-0.69482421875,0.0,0.783203125,0.50146484375
4251,1722,1.1289172172546387,0.6744931936264038,-3.1253392696380615,-0.6787109375,0.2376708984375,-0.6953125,0.0,0.80615234375,0.5009765625
4252,1725,0.9814587235450745,0.2863151729106903,-3.0848119258880615,-0.7021484375,0.1767578125,-0.68994140625,0.0,0.8046875,0.45703125
4253,1724,0.8516894578933716,0.3494936227798462,-2.936528205871582,-0.7021484375,0.1767578125,-0.68994140625,0.0,0.783203125,0.457763671875
4254,1724,0.8516894578933716,0.3494936227798462,-2.936528205871582,-0.7021484375,0.1767578125,-0.68994140625,0.0,0.783203125,0.457763671875
4255,1725,0.9814587235450745,0.2863151729106903,-3.0848119258880615,-0.7021484375,0.1767578125,-0.68994140625,0.0,0.8046875,0.45703125
4256,1726,0.8909569978713989,0.08743201941251755,-3.029932737350464,-0.7177734375,0.130126953125,-0.68359375,0.0,0.80029296875,0.433837890625
4257,1724,0.8516894578933716,0.3494936227798462,-2.936528205871582,-0.7021484375,0.1767578125,-0.68994140625,0.0,0.783203125,0.457763671875
4258,1726,0.8909569978713989,0.08743201941251755,-3.029932737350464,-0.7177734375,0.130126953125,-0.68359375,0.0,0.80029296875,0.433837890625
4259,1727,0.8009423613548279,0.13125747442245483,-2.927075147628784,-0.71826171875,0.1300048828125,-0.68359375,0.0,0.78564453125,0.434326171875
4260,1728,0.8077493906021118,0.0,-2.9511401653289795,-0.7314453125,0.08612060546875,-0.6767578125,0.0,0.79150390625,0.421630859375
4261,1727,0.8009423613548279,0.13125747442245483,-2.927075147628784,-0.71826171875,0.1300048828125,-0.68359375,0.0,0.78564453125,0.434326171875
4262,1726,0.8909569978713989,0.08743201941251755,-3.029932737350464,-0.7177734375,0.130126953125,-0.68359375,0.0,0.80029296875,0.433837890625
4263,1728,0.8077493906021118,0.0,-2.9511401653289795,-0.7314453125,0.08612060546875,-0.6767578125,0.0,0.79150390625,0.421630859375
4264,1726,0.8909569978713989,0.08743201941251755,-3.029932737350464,-0.7177734375,0.130126953125,-0.68359375,0.0,0.80029296875,0.433837890625
4265,1729,0.8226525783538818,0.0,-2.9672465324401855,-0.7314453125,0.08612060546875,-0.6767578125,0.0,0.7939453125,0.42236328125
4266,1730,0.8226681351661682,2.2204459996194763e-18,-2.9672646522521973,-0.73779296875,0.1258544921875,-0.6630859375,0.0,0.7939453125,0.42236328125
4267,1729,0.8226525783538818,0.0,-2.9672465324401855,-0.7314453125,0.08612060546875,-0.6767578125,0.0,0.7939453125,0.42236328125
4268,1726,0.8909569978713989,0.08743201941251755,-3.029932737350464,-0.7177734375,0.130126953125,-0.68359375,0.0,0.80029296875,0.433837890625
4269,1731,1.977131962776184,0.7249000668525696,-2.3100109100341797,0.95556640625,0.0163421630859375,-0.294189453125,0.0,0.0019321441650390625,0.62158203125
4270,1732,2.040114164352417,1.2105530500411987,-2.0774755477905273,0.9541015625,0.0196380615234375,-0.29931640625,0.0,0.0134429931640625,0.67724609375
4271,1733,2.08414363861084,1.4479485750198364,-1.9216150045394897,0.955078125,0.017303466796875,-0.29541015625,0.0,0.0235595703125,0.70556640625
4272,1734,2.004950523376465,0.6710675954818726,-2.2229113578796387,0.95556640625,0.0161895751953125,-0.294189453125,0.0,0.01265716552734375,0.61865234375
4273,1731,1.977131962776184,0.7249000668525696,-2.3100109100341797,0.95556640625,0.0163421630859375,-0.294189453125,0.0,0.0019321441650390625,0.62158203125
4274,1733,2.08414363861084,1.4479485750198364,-1.9216150045394897,0.955078125,0.017303466796875,-0.29541015625,0.0,0.0235595703125,0.70556640625
4275,1734,2.004950523376465,0.6710675954818726,-2.2229113578796387,0.95556640625,0.0161895751953125,-0.294189453125,0.0,0.01265716552734375,0.61865234375
4276,1735,1.9509118795394897,0.285831093788147,-2.419334650039673,0.9560546875,0.0158538818359375,-0.292724609375,0.0,0.0022411346435546875,0.57373046875
4277,1731,1.977131962776184,0.7249000668525696,-2.3100109100341797,0.95556640625,0.0163421630859375,-0.294189453125,0.0,0.0019321441650390625,0.62158203125
4278,1734,2.004950523376465,0.6710675954818726,-2.2229113578796387,0.95556640625,0.0161895751953125,-0.294189453125,0.0,0.01265716552734375,0.61865234375
4279,1736,1.9889556169509888,0.2786540687084198,-2.295400381088257,0.9560546875,0.015838623046875,-0.292724609375,0.0,0.01560211181640625,0.57666015625
4280,1735,1.9509118795394897,0.285831093788147,-2.419334650039673,0.9560546875,0.0158538818359375,-0.292724609375,0.0,0.0022411346435546875,0.57373046875
4281,1735,1.9509118795394897,0.285831093788147,-2.419334650039673,0.9560546875,0.0158538818359375,-0.292724609375,0.0,0.0022411346435546875,0.57373046875
4282,1736,1.9889556169509888,0.2786540687084198,-2.295400381088257,0.9560546875,0.015838623046875,-0.292724609375,0.0,0.01560211181640625,0.57666015625
4283,1737,1.9890029430389404,0.0,-2.3100264072418213,0.95654296875,0.016021728515625,-0.29150390625,0.0,0.0216064453125,0.5478515625
4284,1735,1.9509118795394897,0.285831093788147,-2.419334650039673,0.9560546875,0.0158538818359375,-0.292724609375,0.0,0.0022411346435546875,0.57373046875
4285,1737,1.9890029430389404,0.0,-2.3100264072418213,0.95654296875,0.016021728515625,-0.29150390625,0.0,0.0216064453125,0.5478515625
4286,1738,1.947691798210144,3.552713599391162e-17,-2.446157217025757,0.95654296875,0.016021728515625,-0.29150390625,0.0,0.007160186767578125,0.54443359375
4287,1739,1.7856932878494263,0.44765526056289673,-2.317092180252075,0.94775390625,-0.015655517578125,0.318359375,0.0,0.66162109375,0.88330078125
4288,1740,1.7321771383285522,0.7742944955825806,-2.141587972640991,0.95458984375,-0.0034236907958984375,0.297607421875,0.0,0.67138671875,0.92138671875
4289,1741,1.6945348978042603,0.9350631237030029,-2.018935441970825,0.9482421875,-0.0162353515625,0.31640625,0.0,0.6796875,0.94140625
4290,1742,1.7595702409744263,0.4151577651500702,-2.241610050201416,0.94775390625,-0.015625,0.318359375,0.0,0.6708984375,0.88232421875
4291,1739,1.7856932878494263,0.44765526056289673,-2.317092180252075,0.94775390625,-0.015655517578125,0.318359375,0.0,0.66162109375,0.88330078125
4292,1741,1.6945348978042603,0.9350631237030029,-2.018935441970825,0.9482421875,-0.0162353515625,0.31640625,0.0,0.6796875,0.94140625
4293,1743,1.771262764930725,0.15507908165454865,-2.286221981048584,0.94873046875,-0.01515960693359375,0.31591796875,0.0,0.67333984375,0.8544921875
4294,1739,1.7856932878494263,0.44765526056289673,-2.317092180252075,0.94775390625,-0.015655517578125,0.318359375,0.0,0.66162109375,0.88330078125
4295,1742,1.7595702409744263,0.4151577651500702,-2.241610050201416,0.94775390625,-0.015625,0.318359375,0.0,0.6708984375,0.88232421875
4296,1743,1.771262764930725,0.15507908165454865,-2.286221981048584,0.94873046875,-0.01515960693359375,0.31591796875,0.0,0.67333984375,0.8544921875
4297,1744,1.8059747219085693,0.15537439286708832,-2.3911778926849365,0.94873046875,-0.01554107666015625,0.315673828125,0.0,0.662109375,0.8515625
4298,1739,1.7856932878494263,0.44765526056289673,-2.317092180252075,0.94775390625,-0.015655517578125,0.318359375,0.0,0.66162109375,0.88330078125
4299,1744,1.8059747219085693,0.15537439286708832,-2.3911778926849365,0.94873046875,-0.01554107666015625,0.315673828125,0.0,0.662109375,0.8515625
4300,1743,1.771262764930725,0.15507908165454865,-2.286221981048584,0.94873046875,-0.01515960693359375,0.31591796875,0.0,0.67333984375,0.8544921875
4301,1745,1.7688102722167969,0.0,-2.287799119949341,0.94921875,-0.018341064453125,0.313720703125,0.0,0.67724609375,0.8388671875
4302,1744,1.8059747219085693,0.15537439286708832,-2.3911778926849365,0.94873046875,-0.01554107666015625,0.315673828125,0.0,0.662109375,0.8515625
4303,1745,1.7688102722167969,0.0,-2.287799119949341,0.94921875,-0.018341064453125,0.313720703125,0.0,0.67724609375,0.8388671875
4304,1746,1.805966854095459,-1.776356799695581e-17,-2.400301933288574,0.94921875,-0.018341064453125,0.313720703125,0.0,0.66552734375,0.83544921875
4305,1747,4.084339618682861,0.5712560415267944,0.22605223953723907,-0.50927734375,0.7666015625,-0.3916015625,0.0,0.81884765625,0.95166015625
4306,1748,4.018487453460693,0.5709248185157776,0.31105223298072815,-0.50927734375,0.7666015625,-0.3916015625,0.0,0.80615234375,0.95166015625
4307,1749,4.149776458740234,0.6504595875740051,0.3450634777545929,-0.42626953125,0.84326171875,-0.326904296875,0.0,0.8125,0.96923828125
4308,1748,4.018487453460693,0.5709248185157776,0.31105223298072815,-0.50927734375,0.7666015625,-0.3916015625,0.0,0.80615234375,0.95166015625
4309,1747,4.084339618682861,0.5712560415267944,0.22605223953723907,-0.50927734375,0.7666015625,-0.3916015625,0.0,0.81884765625,0.95166015625
4310,1750,4.000855445861816,0.46394529938697815,0.1401391625404358,-0.611328125,0.6357421875,-0.47119140625,0.0,0.82080078125,0.9326171875
4311,1748,4.018487453460693,0.5709248185157776,0.31105223298072815,-0.50927734375,0.7666015625,-0.3916015625,0.0,0.80615234375,0.95166015625
4312,1750,4.000855445861816,0.46394529938697815,0.1401391625404358,-0.611328125,0.6357421875,-0.47119140625,0.0,0.82080078125,0.9326171875
4313,1751,3.914846181869507,0.4635162353515625,0.2511621117591858,-0.611328125,0.6357421875,-0.47119140625,0.0,0.80419921875,0.9326171875
4314,1751,3.914846181869507,0.4635162353515625,0.2511621117591858,-0.611328125,0.6357421875,-0.47119140625,0.0,0.80419921875,0.9326171875
4315,1750,4.000855445861816,0.46394529938697815,0.1401391625404358,-0.611328125,0.6357421875,-0.47119140625,0.0,0.82080078125,0.9326171875
4316,1752,3.9305102825164795,0.32082399725914,0.0759594738483429,-0.716796875,0.424560546875,-0.5537109375,0.0,0.82080078125,0.91259765625
4317,1751,3.914846181869507,0.4635162353515625,0.2511621117591858,-0.611328125,0.6357421875,-0.47119140625,0.0,0.80419921875,0.9326171875
4318,1752,3.9305102825164795,0.32082399725914,0.0759594738483429,-0.716796875,0.424560546875,-0.5537109375,0.0,0.82080078125,0.91259765625
4319,1753,3.835662841796875,0.32034987211227417,0.1983911097049713,-0.716796875,0.424560546875,-0.5537109375,0.0,0.8037109375,0.91259765625
4320,1753,3.835662841796875,0.32034987211227417,0.1983911097049713,-0.716796875,0.424560546875,-0.5537109375,0.0,0.8037109375,0.91259765625
4321,1752,3.9305102825164795,0.32082399725914,0.0759594738483429,-0.716796875,0.424560546875,-0.5537109375,0.0,0.82080078125,0.91259765625
4322,1754,3.9104185104370117,0.20146358013153076,0.04857421666383743,-0.7734375,0.20751953125,-0.5986328125,0.0,0.82080078125,0.8994140625
4323,1753,3.835662841796875,0.32034987211227417,0.1983911097049713,-0.716796875,0.424560546875,-0.5537109375,0.0,0.8037109375,0.91259765625
4324,1754,3.9104185104370117,0.20146358013153076,0.04857421666383743,-0.7734375,0.20751953125,-0.5986328125,0.0,0.82080078125,0.8994140625
4325,1755,3.804570198059082,0.20093676447868347,0.18519531190395355,-0.7734375,0.20751953125,-0.5986328125,0.0,0.80419921875,0.8994140625
4326,1755,3.804570198059082,0.20093676447868347,0.18519531190395355,-0.7734375,0.20751953125,-0.5986328125,0.0,0.80419921875,0.8994140625
4327,1754,3.9104185104370117,0.20146358013153076,0.04857421666383743,-0.7734375,0.20751953125,-0.5986328125,0.0,0.82080078125,0.8994140625
4328,1756,3.8827078342437744,8.881783998477905e-18,0.025378666818141937,-0.7783203125,0.1766357421875,-0.6025390625,0.0,0.8203125,0.88134765625
4329,1755,3.804570198059082,0.20093676447868347,0.18519531190395355,-0.7734375,0.20751953125,-0.5986328125,0.0,0.80419921875,0.8994140625
4330,1756,3.8827078342437744,8.881783998477905e-18,0.025378666818141937,-0.7783203125,0.1766357421875,-0.6025390625,0.0,0.8203125,0.88134765625
4331,1757,3.7756950855255127,0.0,0.16355091333389282,-0.7783203125,0.1766357421875,-0.6025390625,0.0,0.8046875,0.88134765625
4332,1758,4.150681018829346,0.872039258480072,-0.14982421696186066,-0.437744140625,0.373779296875,-0.81787109375,0.0,0.77734375,0.86962890625
4333,1759,4.055007457733154,0.8667406439781189,-0.10103759169578552,-0.437744140625,0.373779296875,-0.81787109375,0.0,0.765625,0.86962890625
4334,1760,4.138007640838623,1.0484232902526855,-0.0370190404355526,-0.422119140625,0.466796875,-0.77734375,0.0,0.771484375,0.89111328125
4335,1761,4.138349533081055,0.6542378664016724,-0.23394286632537842,-0.450927734375,0.246337890625,-0.85791015625,0.0,0.77880859375,0.84521484375
4336,1759,4.055007457733154,0.8667406439781189,-0.10103759169578552,-0.437744140625,0.373779296875,-0.81787109375,0.0,0.765625,0.86962890625
4337,1758,4.150681018829346,0.872039258480072,-0.14982421696186066,-0.437744140625,0.373779296875,-0.81787109375,0.0,0.77734375,0.86962890625
4338,1761,4.138349533081055,0.6542378664016724,-0.23394286632537842,-0.450927734375,0.246337890625,-0.85791015625,0.0,0.77880859375,0.84521484375
4339,1762,4.013383865356445,0.6473173499107361,-0.17022216320037842,-0.450927734375,0.246337890625,-0.85791015625,0.0,0.76416015625,0.84521484375
4340,1759,4.055007457733154,0.8667406439781189,-0.10103759169578552,-0.437744140625,0.373779296875,-0.81787109375,0.0,0.765625,0.86962890625
4341,1763,4.134870529174805,0.39293405413627625,-0.28505614399909973,-0.456298828125,0.08380126953125,-0.8857421875,0.0,0.77978515625,0.8173828125
4342,1762,4.013383865356445,0.6473173499107361,-0.17022216320037842,-0.450927734375,0.246337890625,-0.85791015625,0.0,0.76416015625,0.84521484375
4343,1761,4.138349533081055,0.6542378664016724,-0.23394286632537842,-0.450927734375,0.246337890625,-0.85791015625,0.0,0.77880859375,0.84521484375
4344,1763,4.134870529174805,0.39293405413627625,-0.28505614399909973,-0.456298828125,0.08380126953125,-0.8857421875,0.0,0.77978515625,0.8173828125
4345,1764,3.9970617294311523,0.38530233502388,-0.21479247510433197,-0.456298828125,0.08380126953125,-0.8857421875,0.0,0.76318359375,0.8173828125
4346,1762,4.013383865356445,0.6473173499107361,-0.17022216320037842,-0.450927734375,0.246337890625,-0.85791015625,0.0,0.76416015625,0.84521484375
4347,1764,3.9970617294311523,0.38530233502388,-0.21479247510433197,-0.456298828125,0.08380126953125,-0.8857421875,0.0,0.76318359375,0.8173828125
4348,1763,4.134870529174805,0.39293405413627625,-0.28505614399909973,-0.456298828125,0.08380126953125,-0.8857421875,0.0,0.77978515625,0.8173828125
4349,1765,4.153767108917236,0.19707567989826202,-0.28905272483825684,-0.453125,-0.02386474609375,-0.89111328125,0.0,0.78076171875,0.796875
4350,1764,3.9970617294311523,0.38530233502388,-0.21479247510433197,-0.456298828125,0.08380126953125,-0.8857421875,0.0,0.76318359375,0.8173828125
4351,1765,4.153767108917236,0.19707567989826202,-0.28905272483825684,-0.453125,-0.02386474609375,-0.89111328125,0.0,0.78076171875,0.796875
4352,1766,3.9999876022338867,0.1885596364736557,-0.21064452826976776,-0.453125,-0.02386474609375,-0.89111328125,0.0,0.76220703125,0.796875
4353,1766,3.9999876022338867,0.1885596364736557,-0.21064452826976776,-0.453125,-0.02386474609375,-0.89111328125,0.0,0.76220703125,0.796875
4354,1765,4.153767108917236,0.19707567989826202,-0.28905272483825684,-0.453125,-0.02386474609375,-0.89111328125,0.0,0.78076171875,0.796875
4355,1767,4.165230751037598,0.0,-0.2899453938007355,-0.453125,-0.0223388671875,-0.89111328125,0.0,0.78076171875,0.77587890625
4356,1766,3.9999876022338867,0.1885596364736557,-0.21064452826976776,-0.453125,-0.02386474609375,-0.89111328125,0.0,0.76220703125,0.796875
4357,1767,4.165230751037598,0.0,-0.2899453938007355,-0.453125,-0.0223388671875,-0.89111328125,0.0,0.78076171875,0.77587890625
4358,1768,4.009430408477783,0.0,-0.21071673929691315,-0.453125,-0.0223388671875,-0.89111328125,0.0,0.76220703125,0.77685546875
4359,1769,2.2439513206481934,0.825836718082428,-2.5345678329467773,0.88037109375,0.024871826171875,-0.473876953125,0.0,0.8779296875,0.548828125
4360,1770,2.3353869915008545,1.3511219024658203,-2.337162971496582,0.88427734375,0.021484375,-0.466796875,0.0,0.8896484375,0.607421875
4361,1771,2.4010608196258545,1.6111624240875244,-2.200772762298584,0.8818359375,0.023834228515625,-0.47119140625,0.0,0.89990234375,0.63720703125
4362,1772,2.2898027896881104,0.773635983467102,-2.451608896255493,0.8798828125,0.02508544921875,-0.474609375,0.0,0.888671875,0.54541015625
4363,1769,2.2439513206481934,0.825836718082428,-2.5345678329467773,0.88037109375,0.024871826171875,-0.473876953125,0.0,0.8779296875,0.548828125
4364,1771,2.4010608196258545,1.6111624240875244,-2.200772762298584,0.8818359375,0.023834228515625,-0.47119140625,0.0,0.89990234375,0.63720703125
4365,1772,2.2898027896881104,0.773635983467102,-2.451608896255493,0.8798828125,0.02508544921875,-0.474609375,0.0,0.888671875,0.54541015625
4366,1773,2.211749792098999,0.3556959331035614,-2.618121385574341,0.87939453125,0.0257110595703125,-0.47509765625,0.0,0.87841796875,0.49853515625
4367,1769,2.2439513206481934,0.825836718082428,-2.5345678329467773,0.88037109375,0.024871826171875,-0.473876953125,0.0,0.8779296875,0.548828125
4368,1772,2.2898027896881104,0.773635983467102,-2.451608896255493,0.8798828125,0.02508544921875,-0.474609375,0.0,0.888671875,0.54541015625
4369,1774,2.274042844772339,0.35616832971572876,-2.504326105117798,0.87939453125,0.0257110595703125,-0.475341796875,0.0,0.8916015625,0.50146484375
4370,1773,2.211749792098999,0.3556959331035614,-2.618121385574341,0.87939453125,0.0257110595703125,-0.47509765625,0.0,0.87841796875,0.49853515625
4371,1773,2.211749792098999,0.3556959331035614,-2.618121385574341,0.87939453125,0.0257110595703125,-0.47509765625,0.0,0.87841796875,0.49853515625
4372,1774,2.274042844772339,0.35616832971572876,-2.504326105117798,0.87939453125,0.0257110595703125,-0.475341796875,0.0,0.8916015625,0.50146484375
4373,1775,2.281787157058716,0.0,-2.5074663162231445,0.8798828125,0.0257720947265625,-0.47412109375,0.0,0.89892578125,0.464599609375
4374,1773,2.211749792098999,0.3556959331035614,-2.618121385574341,0.87939453125,0.0257110595703125,-0.47509765625,0.0,0.87841796875,0.49853515625
4375,1775,2.281787157058716,0.0,-2.5074663162231445,0.8798828125,0.0257720947265625,-0.47412109375,0.0,0.89892578125,0.464599609375
4376,1776,2.213496446609497,0.0,-2.6360669136047363,0.8798828125,0.0257720947265625,-0.47412109375,0.0,0.88427734375,0.461669921875
4377,1777,2.2540283203125,0.35225027799606323,-1.4723033905029297,-0.170654296875,0.8740234375,0.45458984375,0.0,0.40185546875,0.92919921875
4378,1778,2.3632495403289795,0.38197940587997437,-1.4884839057922363,-0.170654296875,0.8740234375,0.45458984375,0.0,0.413818359375,0.92919921875
4379,1779,2.2743823528289795,0.4128938317298889,-1.62753164768219,-0.2012939453125,0.9208984375,0.33349609375,0.0,0.407958984375,0.91259765625
4380,1780,2.2763524055480957,0.27761515974998474,-1.3350170850753784,-0.11309814453125,0.76220703125,0.63720703125,0.0,0.400146484375,0.94580078125
4381,1778,2.3632495403289795,0.38197940587997437,-1.4884839057922363,-0.170654296875,0.8740234375,0.45458984375,0.0,0.413818359375,0.92919921875
4382,1777,2.2540283203125,0.35225027799606323,-1.4723033905029297,-0.170654296875,0.8740234375,0.45458984375,0.0,0.40185546875,0.92919921875
4383,1780,2.2763524055480957,0.27761515974998474,-1.3350170850753784,-0.11309814453125,0.76220703125,0.63720703125,0.0,0.400146484375,0.94580078125
4384,1781,2.4190099239349365,0.316447377204895,-1.356148600578308,-0.11309814453125,0.76220703125,0.63720703125,0.0,0.415771484375,0.94580078125
4385,1778,2.3632495403289795,0.38197940587997437,-1.4884839057922363,-0.170654296875,0.8740234375,0.45458984375,0.0,0.413818359375,0.92919921875
4386,1782,2.3118650913238525,0.1718435287475586,-1.235451579093933,-0.006801605224609375,0.4970703125,0.86767578125,0.0,0.3994140625,0.96142578125
4387,1781,2.4190099239349365,0.316447377204895,-1.356148600578308,-0.11309814453125,0.76220703125,0.63720703125,0.0,0.415771484375,0.94580078125
4388,1780,2.2763524055480957,0.27761515974998474,-1.3350170850753784,-0.11309814453125,0.76220703125,0.63720703125,0.0,0.400146484375,0.94580078125
4389,1782,2.3118650913238525,0.1718435287475586,-1.235451579093933,-0.006801605224609375,0.4970703125,0.86767578125,0.0,0.3994140625,0.96142578125
4390,1783,2.46917724609375,0.21466849744319916,-1.258754849433899,-0.006805419921875,0.4970703125,0.86767578125,0.0,0.41650390625,0.96142578125
4391,1781,2.4190099239349365,0.316447377204895,-1.356148600578308,-0.11309814453125,0.76220703125,0.63720703125,0.0,0.415771484375,0.94580078125
4392,1784,2.3316807746887207,0.0752088725566864,-1.2117456197738647,0.072998046875,0.256103515625,0.9638671875,0.0,0.3984375,0.97216796875
4393,1783,2.46917724609375,0.21466849744319916,-1.258754849433899,-0.006805419921875,0.4970703125,0.86767578125,0.0,0.41650390625,0.96142578125
4394,1782,2.3118650913238525,0.1718435287475586,-1.235451579093933,-0.006801605224609375,0.4970703125,0.86767578125,0.0,0.3994140625,0.96142578125
4395,1784,2.3316807746887207,0.0752088725566864,-1.2117456197738647,0.072998046875,0.256103515625,0.9638671875,0.0,0.3984375,0.97216796875
4396,1785,2.5072338581085205,0.12299749255180359,-1.2377465963363647,0.072998046875,0.256103515625,0.9638671875,0.0,0.417724609375,0.97216796875
4397,1783,2.46917724609375,0.21466849744319916,-1.258754849433899,-0.006805419921875,0.4970703125,0.86767578125,0.0,0.41650390625,0.96142578125
4398,1785,2.5072338581085205,0.12299749255180359,-1.2377465963363647,0.072998046875,0.256103515625,0.9638671875,0.0,0.417724609375,0.97216796875
4399,1784,2.3316807746887207,0.0752088725566864,-1.2117456197738647,0.072998046875,0.256103515625,0.9638671875,0.0,0.3984375,0.97216796875
4400,1786,2.3541176319122314,0.0,-1.19313383102417,0.0718994140625,0.259765625,0.962890625,0.0,0.398193359375,0.98046875
4401,1785,2.5072338581085205,0.12299749255180359,-1.2377465963363647,0.072998046875,0.256103515625,0.9638671875,0.0,0.417724609375,0.97216796875
4402,1786,2.3541176319122314,0.0,-1.19313383102417,0.0718994140625,0.259765625,0.962890625,0.0,0.398193359375,0.98046875
4403,1787,2.546502113342285,0.0,-1.2075021266937256,0.0718994140625,0.259765625,0.962890625,0.0,0.417724609375,0.98583984375
4404,1788,3.7234082221984863,0.8322022557258606,-0.6435497999191284,-0.626953125,0.75634765625,0.1864013671875,0.0,0.370361328125,0.86279296875
4405,1789,3.7555956840515137,0.8318523168563843,-0.5338354110717773,-0.626953125,0.75634765625,0.1864013671875,0.0,0.3583984375,0.86279296875
4406,1790,3.9622533321380615,0.9845883846282959,-0.6535620093345642,-0.5263671875,0.83544921875,0.1571044921875,0.0,0.3642578125,0.89208984375
4407,1789,3.7555956840515137,0.8318523168563843,-0.5338354110717773,-0.626953125,0.75634765625,0.1864013671875,0.0,0.3583984375,0.86279296875
4408,1788,3.7234082221984863,0.8322022557258606,-0.6435497999191284,-0.626953125,0.75634765625,0.1864013671875,0.0,0.370361328125,0.86279296875
4409,1791,3.5219531059265137,0.637875497341156,-0.6033105254173279,-0.7685546875,0.59765625,0.2274169921875,0.0,0.372314453125,0.8330078125
4410,1789,3.7555956840515137,0.8318523168563843,-0.5338354110717773,-0.626953125,0.75634765625,0.1864013671875,0.0,0.3583984375,0.86279296875
4411,1791,3.5219531059265137,0.637875497341156,-0.6033105254173279,-0.7685546875,0.59765625,0.2274169921875,0.0,0.372314453125,0.8330078125
4412,1792,3.5640013217926025,0.6374201774597168,-0.46000242233276367,-0.7685546875,0.59765625,0.2274169921875,0.0,0.3564453125,0.8330078125
4413,1792,3.5640013217926025,0.6374201774597168,-0.46000242233276367,-0.7685546875,0.59765625,0.2274169921875,0.0,0.3564453125,0.8330078125
4414,1791,3.5219531059265137,0.637875497341156,-0.6033105254173279,-0.7685546875,0.59765625,0.2274169921875,0.0,0.372314453125,0.8330078125
4415,1793,3.3903942108154297,0.3938974440097809,-0.5734838843345642,-0.9150390625,0.299560546875,0.26953125,0.0,0.373046875,0.80419921875
4416,1792,3.5640013217926025,0.6374201774597168,-0.46000242233276367,-0.7685546875,0.59765625,0.2274169921875,0.0,0.3564453125,0.8330078125
4417,1793,3.3903942108154297,0.3938974440097809,-0.5734838843345642,-0.9150390625,0.299560546875,0.26953125,0.0,0.373046875,0.80419921875
4418,1794,3.436762571334839,0.3933931887149811,-0.41545164585113525,-0.9150390625,0.299560546875,0.26953125,0.0,0.355712890625,0.80419921875
4419,1795,3.3773412704467773,0.20157645642757416,-0.5802148580551147,-0.9580078125,0.059112548828125,0.28125,0.0,0.3740234375,0.78369140625
4420,1794,3.436762571334839,0.3933931887149811,-0.41545164585113525,-0.9150390625,0.299560546875,0.26953125,0.0,0.355712890625,0.80419921875
4421,1793,3.3903942108154297,0.3938974440097809,-0.5734838843345642,-0.9150390625,0.299560546875,0.26953125,0.0,0.373046875,0.80419921875
4422,1795,3.3773412704467773,0.20157645642757416,-0.5802148580551147,-0.9580078125,0.059112548828125,0.28125,0.0,0.3740234375,0.78369140625
4423,1796,3.4290831089019775,0.20101195573806763,-0.4038647413253784,-0.9580078125,0.059112548828125,0.28125,0.0,0.354736328125,0.78369140625
4424,1794,3.436762571334839,0.3933931887149811,-0.41545164585113525,-0.9150390625,0.299560546875,0.26953125,0.0,0.355712890625,0.80419921875
4425,1796,3.4290831089019775,0.20101195573806763,-0.4038647413253784,-0.9580078125,0.059112548828125,0.28125,0.0,0.354736328125,0.78369140625
4426,1795,3.3773412704467773,0.20157645642757416,-0.5802148580551147,-0.9580078125,0.059112548828125,0.28125,0.0,0.3740234375,0.78369140625
4427,1797,3.3647661209106445,0.0,-0.578208327293396,-0.95751953125,0.06256103515625,0.28125,0.0,0.3740234375,0.7626953125
4428,1796,3.4290831089019775,0.20101195573806763,-0.4038647413253784,-0.9580078125,0.059112548828125,0.28125,0.0,0.354736328125,0.78369140625
4429,1797,3.3647661209106445,0.0,-0.578208327293396,-0.95751953125,0.06256103515625,0.28125,0.0,0.3740234375,0.7626953125
4430,1798,3.4171018600463867,0.0,-0.3999575078487396,-0.95751953125,0.06256103515625,0.28125,0.0,0.354736328125,0.7626953125
4431,1799,0.499725341796875,1.2571004629135132,-4.332454681396484,0.07196044921875,0.82568359375,0.55908203125,0.0,0.64990234375,0.56787109375
4432,1800,0.47905272245407104,1.1974577903747559,-4.241722106933594,0.08685302734375,0.73291015625,0.6748046875,0.0,0.64697265625,0.5791015625
4433,1801,0.549530029296875,1.1974576711654663,-4.250789642333984,0.0869140625,0.732421875,0.67529296875,0.0,0.654296875,0.5791015625
4434,1802,0.6043407917022705,1.077118158340454,-4.132376670837402,0.09136962890625,0.6982421875,0.7099609375,0.0,0.6591796875,0.59716796875
4435,1801,0.549530029296875,1.1974576711654663,-4.250789642333984,0.0869140625,0.732421875,0.67529296875,0.0,0.654296875,0.5791015625
4436,1800,0.47905272245407104,1.1974577903747559,-4.241722106933594,0.08685302734375,0.73291015625,0.6748046875,0.0,0.64697265625,0.5791015625
4437,1802,0.6043407917022705,1.077118158340454,-4.132376670837402,0.09136962890625,0.6982421875,0.7099609375,0.0,0.6591796875,0.59716796875
4438,1800,0.47905272245407104,1.1974577903747559,-4.241722106933594,0.08685302734375,0.73291015625,0.6748046875,0.0,0.64697265625,0.5791015625
4439,1803,0.4531237781047821,1.077118158340454,-4.112919807434082,0.09130859375,0.6982421875,0.7099609375,0.0,0.64306640625,0.59765625
4440,1804,0.4665466248989105,0.8690361380577087,-3.913688898086548,0.10211181640625,0.60009765625,0.79345703125,0.0,0.642578125,0.6279296875
4441,1802,0.6043407917022705,1.077118158340454,-4.132376670837402,0.09136962890625,0.6982421875,0.7099609375,0.0,0.6591796875,0.59716796875
4442,1803,0.4531237781047821,1.077118158340454,-4.112919807434082,0.09130859375,0.6982421875,0.7099609375,0.0,0.64306640625,0.59765625
4443,1804,0.4665466248989105,0.8690361380577087,-3.913688898086548,0.10211181640625,0.60009765625,0.79345703125,0.0,0.642578125,0.6279296875
4444,1805,0.65899658203125,0.8690361380577087,-3.9384496212005615,0.102294921875,0.59814453125,0.794921875,0.0,0.6630859375,0.626953125
4445,1802,0.6043407917022705,1.077118158340454,-4.132376670837402,0.09136962890625,0.6982421875,0.7099609375,0.0,0.6591796875,0.59716796875
4446,1806,0.4793713390827179,0.5580397844314575,-3.7139086723327637,0.11212158203125,0.4775390625,0.87158203125,0.0,0.642578125,0.66650390625
4447,1805,0.65899658203125,0.8690361380577087,-3.9384496212005615,0.102294921875,0.59814453125,0.794921875,0.0,0.6630859375,0.626953125
4448,1804,0.4665466248989105,0.8690361380577087,-3.913688898086548,0.10211181640625,0.60009765625,0.79345703125,0.0,0.642578125,0.6279296875
4449,1806,0.4793713390827179,0.5580397844314575,-3.7139086723327637,0.11212158203125,0.4775390625,0.87158203125,0.0,0.642578125,0.66650390625
4450,1807,0.7087731957435608,0.5580397844314575,-3.743428945541382,0.11212158203125,0.4775390625,0.87158203125,0.0,0.6669921875,0.666015625
4451,1805,0.65899658203125,0.8690361380577087,-3.9384496212005615,0.102294921875,0.59814453125,0.794921875,0.0,0.6630859375,0.626953125
4452,1808,0.714141845703125,0.2548699676990509,-3.606893301010132,0.11773681640625,0.385986328125,0.9150390625,0.0,0.6669921875,0.70068359375
4453,1807,0.7087731957435608,0.5580397844314575,-3.743428945541382,0.11212158203125,0.4775390625,0.87158203125,0.0,0.6669921875,0.666015625
4454,1806,0.4793713390827179,0.5580397844314575,-3.7139086723327637,0.11212158203125,0.4775390625,0.87158203125,0.0,0.642578125,0.66650390625
4455,1808,0.714141845703125,0.2548699676990509,-3.606893301010132,0.11773681640625,0.385986328125,0.9150390625,0.0,0.6669921875,0.70068359375
4456,1806,0.4793713390827179,0.5580397844314575,-3.7139086723327637,0.11212158203125,0.4775390625,0.87158203125,0.0,0.642578125,0.66650390625
4457,1809,0.4998413026332855,0.2548699975013733,-3.5793237686157227,0.11773681640625,0.385986328125,0.9150390625,0.0,0.64453125,0.70166015625
4458,1810,0.5436816215515137,0.08836038410663605,-3.5278453826904297,0.1212158203125,0.312744140625,0.94189453125,0.0,0.64892578125,0.7197265625
4459,1808,0.714141845703125,0.2548699676990509,-3.606893301010132,0.11773681640625,0.385986328125,0.9150390625,0.0,0.6669921875,0.70068359375
4460,1809,0.4998413026332855,0.2548699975013733,-3.5793237686157227,0.11773681640625,0.385986328125,0.9150390625,0.0,0.64453125,0.70166015625
4461,1810,0.5436816215515137,0.08836038410663605,-3.5278453826904297,0.1212158203125,0.312744140625,0.94189453125,0.0,0.64892578125,0.7197265625
4462,1811,0.6923315525054932,0.08836037665605545,-3.546971321105957,0.1212158203125,0.3125,0.9423828125,0.0,0.66455078125,0.71923828125
4463,1808,0.714141845703125,0.2548699676990509,-3.606893301010132,0.11773681640625,0.385986328125,0.9150390625,0.0,0.6669921875,0.70068359375
4464,1812,0.633043646812439,0.0,-3.5173416137695312,0.1239013671875,0.23974609375,0.962890625,0.0,0.658203125,0.72900390625
4465,1811,0.6923315525054932,0.08836037665605545,-3.546971321105957,0.1212158203125,0.3125,0.9423828125,0.0,0.66455078125,0.71923828125
4466,1810,0.5436816215515137,0.08836038410663605,-3.5278453826904297,0.1212158203125,0.312744140625,0.94189453125,0.0,0.64892578125,0.7197265625
4467,1812,0.633043646812439,0.0,-3.5173416137695312,0.1239013671875,0.23974609375,0.962890625,0.0,0.658203125,0.72900390625
4468,1810,0.5436816215515137,0.08836038410663605,-3.5278453826904297,0.1212158203125,0.312744140625,0.94189453125,0.0,0.64892578125,0.7197265625
4469,1813,0.6117073893547058,-2.2204459996194763e-18,-3.5145986080169678,0.1239013671875,0.23974609375,0.962890625,0.0,0.65625,0.72900390625
4470,1814,0.6116864681243896,-2.2204459996194763e-18,-3.5145931243896484,0.218994140625,0.323974609375,0.92041015625,0.0,0.65625,0.72900390625
4471,1813,0.6117073893547058,-2.2204459996194763e-18,-3.5145986080169678,0.1239013671875,0.23974609375,0.962890625,0.0,0.65625,0.72900390625
4472,1810,0.5436816215515137,0.08836038410663605,-3.5278453826904297,0.1212158203125,0.312744140625,0.94189453125,0.0,0.64892578125,0.7197265625
4473,1815,1.8730639219284058,0.9760265350341797,-3.13311505317688,-0.00608062744140625,0.052581787109375,-0.99853515625,0.0,0.908203125,0.33984375
4474,1816,2.1073858737945557,1.6820746660232544,-3.0970189571380615,-0.0263214111328125,0.05975341796875,-0.998046875,0.0,0.9208984375,0.4169921875
4475,1817,2.256755828857422,1.9986284971237183,-3.0820043087005615,-0.01285552978515625,0.054718017578125,-0.99853515625,0.0,0.9306640625,0.452392578125
4476,1818,1.985357642173767,0.976120114326477,-3.1342151165008545,-0.00689697265625,0.05279541015625,-0.99853515625,0.0,0.919921875,0.341552734375
4477,1815,1.8730639219284058,0.9760265350341797,-3.13311505317688,-0.00608062744140625,0.052581787109375,-0.99853515625,0.0,0.908203125,0.33984375
4478,1817,2.256755828857422,1.9986284971237183,-3.0820043087005615,-0.01285552978515625,0.054718017578125,-0.99853515625,0.0,0.9306640625,0.452392578125
4479,1819,1.9324663877487183,0.4666779935359955,-3.1597900390625,-0.0023784637451171875,0.052093505859375,-0.99853515625,0.0,0.9228515625,0.287841796875
4480,1815,1.8730639219284058,0.9760265350341797,-3.13311505317688,-0.00608062744140625,0.052581787109375,-0.99853515625,0.0,0.908203125,0.33984375
4481,1818,1.985357642173767,0.976120114326477,-3.1342151165008545,-0.00689697265625,0.05279541015625,-0.99853515625,0.0,0.919921875,0.341552734375
4482,1819,1.9324663877487183,0.4666779935359955,-3.1597900390625,-0.0023784637451171875,0.052093505859375,-0.99853515625,0.0,0.9228515625,0.287841796875
4483,1820,1.803078532218933,0.4661950170993805,-3.1600756645202637,-0.0022735595703125,0.0521240234375,-0.99853515625,0.0,0.90966796875,0.28564453125
4484,1815,1.8730639219284058,0.9760265350341797,-3.13311505317688,-0.00608062744140625,0.052581787109375,-0.99853515625,0.0,0.908203125,0.33984375
4485,1820,1.803078532218933,0.4661950170993805,-3.1600756645202637,-0.0022735595703125,0.0521240234375,-0.99853515625,0.0,0.90966796875,0.28564453125
4486,1819,1.9324663877487183,0.4666779935359955,-3.1597900390625,-0.0023784637451171875,0.052093505859375,-0.99853515625,0.0,0.9228515625,0.287841796875
4487,1821,1.9316798448562622,0.0,-3.1846587657928467,-0.0012331008911132812,0.05230712890625,-0.99853515625,0.0,0.9306640625,0.2393798828125
4488,1820,1.803078532218933,0.4661950170993805,-3.1600756645202637,-0.0022735595703125,0.0521240234375,-0.99853515625,0.0,0.90966796875,0.28564453125
4489,1821,1.9316798448562622,0.0,-3.1846587657928467,-0.0012331008911132812,0.05230712890625,-0.99853515625,0.0,0.9306640625,0.2393798828125
4490,1822,1.7873575687408447,0.0,-3.184060573577881,-0.0012331008911132812,0.05230712890625,-0.99853515625,0.0,0.91552734375,0.2369384765625
4491,1823,2.4326188564300537,0.9666960835456848,-2.928596019744873,-0.91455078125,-0.0213165283203125,0.4033203125,0.0,0.654296875,0.32763671875
4492,1824,2.3375139236450195,1.6828434467315674,-3.105797052383423,-0.92041015625,-0.025726318359375,0.39013671875,0.0,0.66650390625,0.40478515625
4493,1825,2.2769877910614014,2.0068891048431396,-3.227257013320923,-0.91650390625,-0.0222625732421875,0.39990234375,0.0,0.6767578125,0.440185546875
4494,1826,2.387115955352783,0.9718350172042847,-3.031867504119873,-0.9150390625,-0.021331787109375,0.403076171875,0.0,0.666015625,0.329345703125
4495,1823,2.4326188564300537,0.9666960835456848,-2.928596019744873,-0.91455078125,-0.0213165283203125,0.4033203125,0.0,0.654296875,0.32763671875
4496,1825,2.2769877910614014,2.0068891048431396,-3.227257013320923,-0.91650390625,-0.0222625732421875,0.39990234375,0.0,0.6767578125,0.440185546875
4497,1827,2.4088335037231445,0.45953622460365295,-3.00896954536438,-0.91455078125,-0.02215576171875,0.404296875,0.0,0.6689453125,0.275634765625
4498,1823,2.4326188564300537,0.9666960835456848,-2.928596019744873,-0.91455078125,-0.0213165283203125,0.4033203125,0.0,0.654296875,0.32763671875
4499,1826,2.387115955352783,0.9718350172042847,-3.031867504119873,-0.9150390625,-0.021331787109375,0.403076171875,0.0,0.666015625,0.329345703125
4500,1827,2.4088335037231445,0.45953622460365295,-3.00896954536438,-0.91455078125,-0.02215576171875,0.404296875,0.0,0.6689453125,0.275634765625
4501,1828,2.4615814685821533,0.4526467025279999,-2.890676259994507,-0.91455078125,-0.0222625732421875,0.404296875,0.0,0.6552734375,0.2734375
4502,1823,2.4326188564300537,0.9666960835456848,-2.928596019744873,-0.91455078125,-0.0213165283203125,0.4033203125,0.0,0.654296875,0.32763671875
4503,1828,2.4615814685821533,0.4526467025279999,-2.890676259994507,-0.91455078125,-0.0222625732421875,0.404296875,0.0,0.6552734375,0.2734375
4504,1827,2.4088335037231445,0.45953622460365295,-3.00896954536438,-0.91455078125,-0.02215576171875,0.404296875,0.0,0.6689453125,0.275634765625
4505,1829,2.410332679748535,0.0,-3.032480001449585,-0.9140625,-0.023193359375,0.404541015625,0.0,0.67626953125,0.2279052734375
4506,1828,2.4615814685821533,0.4526467025279999,-2.890676259994507,-0.91455078125,-0.0222625732421875,0.404296875,0.0,0.6552734375,0.2734375
4507,1829,2.410332679748535,0.0,-3.032480001449585,-0.9140625,-0.023193359375,0.404541015625,0.0,0.67626953125,0.2279052734375
4508,1830,2.4686453342437744,0.0,-2.9001097679138184,-0.9140625,-0.023193359375,0.404541015625,0.0,0.66162109375,0.2261962890625
4509,1831,3.5851879119873047,0.7128906846046448,-0.9944823980331421,-0.1689453125,0.50927734375,0.84375,0.0,0.865234375,0.96630859375
4510,1832,3.6973533630371094,0.7132707834243774,-0.9722631573677063,-0.1689453125,0.50927734375,0.84375,0.0,0.85302734375,0.96630859375
4511,1833,3.6613218784332275,0.8495466709136963,-1.0869396924972534,-0.15576171875,0.61181640625,0.77587890625,0.0,0.859375,0.984375
4512,1834,3.550882577896118,0.5453766584396362,-0.9084911942481995,-0.1827392578125,0.3564453125,0.91650390625,0.0,0.8671875,0.9462890625
4513,1832,3.6973533630371094,0.7132707834243774,-0.9722631573677063,-0.1689453125,0.50927734375,0.84375,0.0,0.85302734375,0.96630859375
4514,1831,3.5851879119873047,0.7128906846046448,-0.9944823980331421,-0.1689453125,0.50927734375,0.84375,0.0,0.865234375,0.96630859375
4515,1834,3.550882577896118,0.5453766584396362,-0.9084911942481995,-0.1827392578125,0.3564453125,0.91650390625,0.0,0.8671875,0.9462890625
4516,1835,3.697382688522339,0.5458733439445496,-0.8794726133346558,-0.1827392578125,0.3564453125,0.91650390625,0.0,0.8515625,0.9462890625
4517,1832,3.6973533630371094,0.7132707834243774,-0.9722631573677063,-0.1689453125,0.50927734375,0.84375,0.0,0.85302734375,0.96630859375
4518,1836,3.5331432819366455,0.34376436471939087,-0.8549878001213074,-0.19287109375,0.1407470703125,0.97119140625,0.0,0.86767578125,0.92431640625
4519,1835,3.697382688522339,0.5458733439445496,-0.8794726133346558,-0.1827392578125,0.3564453125,0.91650390625,0.0,0.8515625,0.9462890625
4520,1834,3.550882577896118,0.5453766584396362,-0.9084911942481995,-0.1827392578125,0.3564453125,0.91650390625,0.0,0.8671875,0.9462890625
4521,1836,3.5331432819366455,0.34376436471939087,-0.8549878001213074,-0.19287109375,0.1407470703125,0.97119140625,0.0,0.86767578125,0.92431640625
4522,1837,3.694704532623291,0.3443138003349304,-0.822985827922821,-0.19287109375,0.1407470703125,0.97119140625,0.0,0.8505859375,0.92431640625
4523,1835,3.697382688522339,0.5458733439445496,-0.8794726133346558,-0.1827392578125,0.3564453125,0.91650390625,0.0,0.8515625,0.9462890625
4524,1838,3.5245628356933594,0.19155509769916534,-0.8581811189651489,-0.1943359375,-0.007022857666015625,0.98095703125,0.0,0.86865234375,0.908203125
4525,1837,3.694704532623291,0.3443138003349304,-0.822985827922821,-0.19287109375,0.1407470703125,0.97119140625,0.0,0.8505859375,0.92431640625
4526,1836,3.5331432819366455,0.34376436471939087,-0.8549878001213074,-0.19287109375,0.1407470703125,0.97119140625,0.0,0.86767578125,0.92431640625
4527,1838,3.5245628356933594,0.19155509769916534,-0.8581811189651489,-0.1943359375,-0.007022857666015625,0.98095703125,0.0,0.86865234375,0.908203125
4528,1839,3.704846143722534,0.19216850399971008,-0.822467029094696,-0.1943359375,-0.007022857666015625,0.98095703125,0.0,0.849609375,0.908203125
4529,1837,3.694704532623291,0.3443138003349304,-0.822985827922821,-0.19287109375,0.1407470703125,0.97119140625,0.0,0.8505859375,0.92431640625
4530,1839,3.704846143722534,0.19216850399971008,-0.822467029094696,-0.1943359375,-0.007022857666015625,0.98095703125,0.0,0.849609375,0.908203125
4531,1838,3.5245628356933594,0.19155509769916534,-0.8581811189651489,-0.1943359375,-0.007022857666015625,0.98095703125,0.0,0.86865234375,0.908203125
4532,1840,3.5242085456848145,0.0,-0.8592581152915955,-0.1943359375,-0.005168914794921875,0.98095703125,0.0,0.869140625,0.88818359375
4533,1839,3.704846143722534,0.19216850399971008,-0.822467029094696,-0.1943359375,-0.007022857666015625,0.98095703125,0.0,0.849609375,0.908203125
4534,1840,3.5242085456848145,0.0,-0.8592581152915955,-0.1943359375,-0.005168914794921875,0.98095703125,0.0,0.869140625,0.88818359375
4535,1841,3.7068421840667725,0.0,-0.8230863809585571,-0.1943359375,-0.005168914794921875,0.98095703125,0.0,0.849609375,0.8876953125
4536,1842,1.7177441120147705,1.05487060546875,-3.828450918197632,-0.80126953125,-0.034332275390625,0.59716796875,0.0,0.75634765625,0.3203125
4537,1843,1.566174864768982,1.70778489112854,-3.9958178997039795,-0.78369140625,-0.0229034423828125,0.62060546875,0.0,0.77001953125,0.39306640625
4538,1844,1.4588372707366943,2.0320985317230225,-4.119438171386719,-0.7998046875,-0.0335693359375,0.59912109375,0.0,0.7822265625,0.429931640625
4539,1845,1.6529754400253296,0.9956673979759216,-3.9194188117980957,-0.80078125,-0.03387451171875,0.59814453125,0.0,0.76904296875,0.31591796875
4540,1842,1.7177441120147705,1.05487060546875,-3.828450918197632,-0.80126953125,-0.034332275390625,0.59716796875,0.0,0.75634765625,0.3203125
4541,1844,1.4588372707366943,2.0320985317230225,-4.119438171386719,-0.7998046875,-0.0335693359375,0.59912109375,0.0,0.7822265625,0.429931640625
4542,1845,1.6529754400253296,0.9956673979759216,-3.9194188117980957,-0.80078125,-0.03387451171875,0.59814453125,0.0,0.76904296875,0.31591796875
4543,1846,1.7822753190994263,0.47582578659057617,-3.7756309509277344,-0.7978515625,-0.0309906005859375,0.60205078125,0.0,0.75732421875,0.2578125
4544,1842,1.7177441120147705,1.05487060546875,-3.828450918197632,-0.80126953125,-0.034332275390625,0.59716796875,0.0,0.75634765625,0.3203125
4545,1845,1.6529754400253296,0.9956673979759216,-3.9194188117980957,-0.80078125,-0.03387451171875,0.59814453125,0.0,0.76904296875,0.31591796875
4546,1847,1.6908307075500488,0.48152855038642883,-3.895662784576416,-0.7978515625,-0.031158447265625,0.60205078125,0.0,0.7724609375,0.2607421875
4547,1846,1.7822753190994263,0.47582578659057617,-3.7756309509277344,-0.7978515625,-0.0309906005859375,0.60205078125,0.0,0.75732421875,0.2578125
4548,1846,1.7822753190994263,0.47582578659057617,-3.7756309509277344,-0.7978515625,-0.0309906005859375,0.60205078125,0.0,0.75732421875,0.2578125
4549,1847,1.6908307075500488,0.48152855038642883,-3.895662784576416,-0.7978515625,-0.031158447265625,0.60205078125,0.0,0.7724609375,0.2607421875
4550,1848,1.6911410093307495,4.440891999238953e-18,-3.918978452682495,-0.79638671875,-0.029449462890625,0.60400390625,0.0,0.78173828125,0.2137451171875
4551,1846,1.7822753190994263,0.47582578659057617,-3.7756309509277344,-0.7978515625,-0.0309906005859375,0.60205078125,0.0,0.75732421875,0.2578125
4552,1848,1.6911410093307495,4.440891999238953e-18,-3.918978452682495,-0.79638671875,-0.029449462890625,0.60400390625,0.0,0.78173828125,0.2137451171875
4553,1849,1.7928696870803833,0.0,-3.7846157550811768,-0.79638671875,-0.029449462890625,0.60400390625,0.0,0.76416015625,0.2110595703125
4554,1850,3.2483105659484863,0.9162790179252625,-1.6971789598464966,-0.360595703125,0.70263671875,0.61328125,0.0,0.65673828125,0.8505859375
4555,1851,3.314234495162964,0.9169415831565857,-1.6591771841049194,-0.360595703125,0.70263671875,0.61328125,0.0,0.6484375,0.8505859375
4556,1852,3.366903066635132,1.0587868690490723,-1.829226016998291,-0.322265625,0.7734375,0.54541015625,0.0,0.65234375,0.8740234375
4557,1851,3.314234495162964,0.9169415831565857,-1.6591771841049194,-0.360595703125,0.70263671875,0.61328125,0.0,0.6484375,0.8505859375
4558,1850,3.2483105659484863,0.9162790179252625,-1.6971789598464966,-0.360595703125,0.70263671875,0.61328125,0.0,0.65673828125,0.8505859375
4559,1853,3.1294262409210205,0.7271531224250793,-1.5609545707702637,-0.4033203125,0.6015625,0.689453125,0.0,0.66064453125,0.8232421875
4560,1851,3.314234495162964,0.9169415831565857,-1.6591771841049194,-0.360595703125,0.70263671875,0.61328125,0.0,0.6484375,0.8505859375
4561,1853,3.1294262409210205,0.7271531224250793,-1.5609545707702637,-0.4033203125,0.6015625,0.689453125,0.0,0.66064453125,0.8232421875
4562,1854,3.2588207721710205,0.7284589409828186,-1.4863756895065308,-0.4033203125,0.6015625,0.689453125,0.0,0.64453125,0.8232421875
4563,1855,3.0428686141967773,0.4797957241535187,-1.4218188524246216,-0.443115234375,0.474365234375,0.7607421875,0.0,0.6611328125,0.7919921875
4564,1854,3.2588207721710205,0.7284589409828186,-1.4863756895065308,-0.4033203125,0.6015625,0.689453125,0.0,0.64453125,0.8232421875
4565,1853,3.1294262409210205,0.7271531224250793,-1.5609545707702637,-0.4033203125,0.6015625,0.689453125,0.0,0.66064453125,0.8232421875
4566,1855,3.0428686141967773,0.4797957241535187,-1.4218188524246216,-0.443115234375,0.474365234375,0.7607421875,0.0,0.6611328125,0.7919921875
4567,1856,3.185556650161743,0.48123326897621155,-1.339577555656433,-0.443115234375,0.474365234375,0.7607421875,0.0,0.64404296875,0.7919921875
4568,1854,3.2588207721710205,0.7284589409828186,-1.4863756895065308,-0.4033203125,0.6015625,0.689453125,0.0,0.64453125,0.8232421875
4569,1857,2.994649648666382,0.27673083543777466,-1.3537120819091797,-0.464599609375,0.380615234375,0.79931640625,0.0,0.662109375,0.76904296875
4570,1856,3.185556650161743,0.48123326897621155,-1.339577555656433,-0.443115234375,0.474365234375,0.7607421875,0.0,0.64404296875,0.7919921875
4571,1855,3.0428686141967773,0.4797957241535187,-1.4218188524246216,-0.443115234375,0.474365234375,0.7607421875,0.0,0.6611328125,0.7919921875
4572,1857,2.994649648666382,0.27673083543777466,-1.3537120819091797,-0.464599609375,0.380615234375,0.79931640625,0.0,0.662109375,0.76904296875
4573,1858,3.1538755893707275,0.27834147214889526,-1.261938452720642,-0.464599609375,0.380615234375,0.79931640625,0.0,0.64306640625,0.76904296875
4574,1856,3.185556650161743,0.48123326897621155,-1.339577555656433,-0.443115234375,0.474365234375,0.7607421875,0.0,0.64404296875,0.7919921875
4575,1858,3.1538755893707275,0.27834147214889526,-1.261938452720642,-0.464599609375,0.380615234375,0.79931640625,0.0,0.64306640625,0.76904296875
4576,1857,2.994649648666382,0.27673083543777466,-1.3537120819091797,-0.464599609375,0.380615234375,0.79931640625,0.0,0.662109375,0.76904296875
4577,1859,2.938554525375366,0.0,-1.25413978099823,-0.46435546875,0.381591796875,0.79931640625,0.0,0.66259765625,0.73779296875
4578,1858,3.1538755893707275,0.27834147214889526,-1.261938452720642,-0.464599609375,0.380615234375,0.79931640625,0.0,0.64306640625,0.76904296875
4579,1859,2.938554525375366,0.0,-1.25413978099823,-0.46435546875,0.381591796875,0.79931640625,0.0,0.66259765625,0.73779296875
4580,1860,3.099707841873169,0.0,-1.1604790687561035,-0.46435546875,0.381591796875,0.79931640625,0.0,0.642578125,0.7373046875
4581,1861,2.5911591053009033,0.4473804831504822,-2.294001340866089,0.87890625,0.0263671875,-0.476806640625,0.0,0.94970703125,0.89013671875
4582,1862,2.6708710193634033,0.7739388346672058,-2.130078077316284,0.888671875,0.01303863525390625,-0.458251953125,0.0,0.95947265625,0.92822265625
4583,1863,2.72708797454834,0.9354705810546875,-2.016428232192993,0.88037109375,0.024078369140625,-0.473388671875,0.0,0.9677734375,0.9482421875
4584,1864,2.6293230056762695,0.4151934087276459,-2.225290536880493,0.87841796875,0.0264434814453125,-0.476806640625,0.0,0.958984375,0.88916015625
4585,1861,2.5911591053009033,0.4473804831504822,-2.294001340866089,0.87890625,0.0263671875,-0.476806640625,0.0,0.94970703125,0.89013671875
4586,1863,2.72708797454834,0.9354705810546875,-2.016428232192993,0.88037109375,0.024078369140625,-0.473388671875,0.0,0.9677734375,0.9482421875
4587,1865,2.614266872406006,0.15491196513175964,-2.2679431438446045,0.8779296875,0.026458740234375,-0.478271484375,0.0,0.96142578125,0.861328125
4588,1861,2.5911591053009033,0.4473804831504822,-2.294001340866089,0.87890625,0.0263671875,-0.476806640625,0.0,0.94970703125,0.89013671875
4589,1864,2.6293230056762695,0.4151934087276459,-2.225290536880493,0.87841796875,0.0264434814453125,-0.476806640625,0.0,0.958984375,0.88916015625
4590,1865,2.614266872406006,0.15491196513175964,-2.2679431438446045,0.8779296875,0.026458740234375,-0.478271484375,0.0,0.96142578125,0.861328125
4591,1866,2.5619120597839355,0.15503574907779694,-2.36393666267395,0.8779296875,0.0263671875,-0.478515625,0.0,0.9501953125,0.8583984375
4592,1861,2.5911591053009033,0.4473804831504822,-2.294001340866089,0.87890625,0.0263671875,-0.476806640625,0.0,0.94970703125,0.89013671875
4593,1866,2.5619120597839355,0.15503574907779694,-2.36393666267395,0.8779296875,0.0263671875,-0.478515625,0.0,0.9501953125,0.8583984375
4594,1865,2.614266872406006,0.15491196513175964,-2.2679431438446045,0.8779296875,0.026458740234375,-0.478271484375,0.0,0.96142578125,0.861328125
4595,1867,2.617983341217041,0.0,-2.269725799560547,0.876953125,0.0257720947265625,-0.4794921875,0.0,0.96533203125,0.845703125
4596,1866,2.5619120597839355,0.15503574907779694,-2.36393666267395,0.8779296875,0.0263671875,-0.478515625,0.0,0.9501953125,0.8583984375
4597,1867,2.617983341217041,0.0,-2.269725799560547,0.876953125,0.0257720947265625,-0.4794921875,0.0,0.96533203125,0.845703125
4598,1868,2.561180353164673,-1.776356799695581e-17,-2.3733508586883545,0.876953125,0.0257720947265625,-0.4794921875,0.0,0.95361328125,0.8427734375
4599,1869,2.7402868270874023,0.7375946640968323,-2.5338096618652344,-0.912109375,-0.0197906494140625,0.4091796875,0.0,0.492919921875,0.599609375
4600,1870,2.652726411819458,1.2442505359649658,-2.7052855491638184,-0.90673828125,-0.01390838623046875,0.421875,0.0,0.50439453125,0.6552734375
4601,1871,2.5910468101501465,1.496063232421875,-2.829540967941284,-0.9111328125,-0.0186767578125,0.411865234375,0.0,0.5146484375,0.68359375
4602,1872,2.7017059326171875,0.6924744844436646,-2.621752977371216,-0.91259765625,-0.0198974609375,0.40869140625,0.0,0.50390625,0.59619140625
4603,1869,2.7402868270874023,0.7375946640968323,-2.5338096618652344,-0.912109375,-0.0197906494140625,0.4091796875,0.0,0.492919921875,0.599609375
4604,1871,2.5910468101501465,1.496063232421875,-2.829540967941284,-0.9111328125,-0.0186767578125,0.411865234375,0.0,0.5146484375,0.68359375
4605,1872,2.7017059326171875,0.6924744844436646,-2.621752977371216,-0.91259765625,-0.0198974609375,0.40869140625,0.0,0.50390625,0.59619140625
4606,1873,2.7764830589294434,0.288484662771225,-2.474375009536743,-0.9130859375,-0.0211181640625,0.407470703125,0.0,0.493408203125,0.5517578125
4607,1869,2.7402868270874023,0.7375946640968323,-2.5338096618652344,-0.912109375,-0.0197906494140625,0.4091796875,0.0,0.492919921875,0.599609375
4608,1872,2.7017059326171875,0.6924744844436646,-2.621752977371216,-0.91259765625,-0.0198974609375,0.40869140625,0.0,0.50390625,0.59619140625
4609,1874,2.7237346172332764,0.2953741252422333,-2.592665910720825,-0.9130859375,-0.02099609375,0.407470703125,0.0,0.5068359375,0.5546875
4610,1873,2.7764830589294434,0.288484662771225,-2.474375009536743,-0.9130859375,-0.0211181640625,0.407470703125,0.0,0.493408203125,0.5517578125
4611,1873,2.7764830589294434,0.288484662771225,-2.474375009536743,-0.9130859375,-0.0211181640625,0.407470703125,0.0,0.493408203125,0.5517578125
4612,1874,2.7237346172332764,0.2953741252422333,-2.592665910720825,-0.9130859375,-0.02099609375,0.407470703125,0.0,0.5068359375,0.5546875
4613,1875,2.723858594894409,0.0,-2.6081395149230957,-0.9130859375,-0.0221405029296875,0.406982421875,0.0,0.51318359375,0.5244140625
4614,1873,2.7764830589294434,0.288484662771225,-2.474375009536743,-0.9130859375,-0.0211181640625,0.407470703125,0.0,0.493408203125,0.5517578125
4615,1875,2.723858594894409,0.0,-2.6081395149230957,-0.9130859375,-0.0221405029296875,0.406982421875,0.0,0.51318359375,0.5244140625
4616,1876,2.7820940017700195,0.0,-2.4777963161468506,-0.9130859375,-0.0221405029296875,0.406982421875,0.0,0.498291015625,0.52197265625
4617,1877,0.8792266845703125,0.0,-3.3419344425201416,-0.77783203125,0.286865234375,0.55908203125,0.0,0.91845703125,0.826171875
4618,1878,0.8792371153831482,0.0,-3.3419201374053955,-0.68603515625,0.377685546875,0.62158203125,0.0,0.91845703125,0.826171875
4619,1879,0.8601086139678955,0.05876844748854637,-3.39874267578125,-0.65576171875,0.453857421875,0.60302734375,0.0,0.9248046875,0.83203125
4620,1880,0.9048522114753723,0.0,-3.313652276992798,-0.68603515625,0.377685546875,0.62158203125,0.0,0.9140625,0.82666015625
4621,1879,0.8601086139678955,0.05876844748854637,-3.39874267578125,-0.65576171875,0.453857421875,0.60302734375,0.0,0.9248046875,0.83203125
4622,1878,0.8792371153831482,0.0,-3.3419201374053955,-0.68603515625,0.377685546875,0.62158203125,0.0,0.91845703125,0.826171875
4623,1880,0.9048522114753723,0.0,-3.313652276992798,-0.68603515625,0.377685546875,0.62158203125,0.0,0.9140625,0.82666015625
4624,1881,0.9583605527877808,0.04777057096362114,-3.2836155891418457,-0.65625,0.45361328125,0.60302734375,0.0,0.90869140625,0.83251953125
4625,1879,0.8601086139678955,0.05876844748854637,-3.39874267578125,-0.65576171875,0.453857421875,0.60302734375,0.0,0.9248046875,0.83203125
4626,1879,0.8601086139678955,0.05876844748854637,-3.39874267578125,-0.65576171875,0.453857421875,0.60302734375,0.0,0.9248046875,0.83203125
4627,1881,0.9583605527877808,0.04777057096362114,-3.2836155891418457,-0.65625,0.45361328125,0.60302734375,0.0,0.90869140625,0.83251953125
4628,1882,1.0275585651397705,0.1580270677804947,-3.2930688858032227,-0.62158203125,0.525390625,0.58056640625,0.0,0.90625,0.84619140625
4629,1879,0.8601086139678955,0.05876844748854637,-3.39874267578125,-0.65576171875,0.453857421875,0.60302734375,0.0,0.9248046875,0.83203125
4630,1882,1.0275585651397705,0.1580270677804947,-3.2930688858032227,-0.62158203125,0.525390625,0.58056640625,0.0,0.90625,0.84619140625
4631,1883,0.8859057426452637,0.17387673258781433,-3.4590392112731934,-0.62158203125,0.52587890625,0.58056640625,0.0,0.92919921875,0.84521484375
4632,1884,0.993853747844696,0.3746403455734253,-3.536170482635498,-0.57080078125,0.61328125,0.5458984375,0.0,0.9306640625,0.8701171875
4633,1883,0.8859057426452637,0.17387673258781433,-3.4590392112731934,-0.62158203125,0.52587890625,0.58056640625,0.0,0.92919921875,0.84521484375
4634,1882,1.0275585651397705,0.1580270677804947,-3.2930688858032227,-0.62158203125,0.525390625,0.58056640625,0.0,0.90625,0.84619140625
4635,1884,0.993853747844696,0.3746403455734253,-3.536170482635498,-0.57080078125,0.61328125,0.5458984375,0.0,0.9306640625,0.8701171875
4636,1882,1.0275585651397705,0.1580270677804947,-3.2930688858032227,-0.62158203125,0.525390625,0.58056640625,0.0,0.90625,0.84619140625
4637,1885,1.1454906463623047,0.3576726019382477,-3.358502149581909,-0.57080078125,0.61328125,0.5458984375,0.0,0.90625,0.87158203125
4638,1886,1.2768762111663818,0.557650089263916,-3.484215021133423,-0.4892578125,0.7236328125,0.486572265625,0.0,0.91015625,0.8994140625
4639,1884,0.993853747844696,0.3746403455734253,-3.536170482635498,-0.57080078125,0.61328125,0.5458984375,0.0,0.9306640625,0.8701171875
4640,1885,1.1454906463623047,0.3576726019382477,-3.358502149581909,-0.57080078125,0.61328125,0.5458984375,0.0,0.90625,0.87158203125
4641,1886,1.2768762111663818,0.557650089263916,-3.484215021133423,-0.4892578125,0.7236328125,0.486572265625,0.0,0.91015625,0.8994140625
4642,1887,1.149660587310791,0.5718870162963867,-3.6332640647888184,-0.48681640625,0.7265625,0.48486328125,0.0,0.9306640625,0.8984375
4643,1884,0.993853747844696,0.3746403455734253,-3.536170482635498,-0.57080078125,0.61328125,0.5458984375,0.0,0.9306640625,0.8701171875
4644,1888,1.3939549922943115,0.684203565120697,-3.611375570297241,-0.4033203125,0.81201171875,0.421875,0.0,0.91455078125,0.921875
4645,1887,1.149660587310791,0.5718870162963867,-3.6332640647888184,-0.48681640625,0.7265625,0.48486328125,0.0,0.9306640625,0.8984375
4646,1886,1.2768762111663818,0.557650089263916,-3.484215021133423,-0.4892578125,0.7236328125,0.486572265625,0.0,0.91015625,0.8994140625
4647,1888,1.3939549922943115,0.684203565120697,-3.611375570297241,-0.4033203125,0.81201171875,0.421875,0.0,0.91455078125,0.921875
4648,1889,1.2939965724945068,0.695391058921814,-3.728492259979248,-0.4033203125,0.81201171875,0.421875,0.0,0.9306640625,0.9208984375
4649,1887,1.149660587310791,0.5718870162963867,-3.6332640647888184,-0.48681640625,0.7265625,0.48486328125,0.0,0.9306640625,0.8984375
4650,1888,1.3939549922943115,0.684203565120697,-3.611375570297241,-0.4033203125,0.81201171875,0.421875,0.0,0.91455078125,0.921875
4651,1890,1.4057897329330444,0.7630859017372131,-3.7611682415008545,-0.370849609375,0.83984375,0.396728515625,0.0,0.9267578125,0.9345703125
4652,1889,1.2939965724945068,0.695391058921814,-3.728492259979248,-0.4033203125,0.81201171875,0.421875,0.0,0.9306640625,0.9208984375
4653,1888,1.3939549922943115,0.684203565120697,-3.611375570297241,-0.4033203125,0.81201171875,0.421875,0.0,0.91455078125,0.921875
4654,1891,1.4523742198944092,0.7578716278076172,-3.70658802986145,-0.37158203125,0.83935546875,0.397216796875,0.0,0.91943359375,0.93505859375
4655,1890,1.4057897329330444,0.7630859017372131,-3.7611682415008545,-0.370849609375,0.83984375,0.396728515625,0.0,0.9267578125,0.9345703125
4656,1892,1.4832922220230103,0.7926066517829895,-3.781684398651123,-0.2646484375,0.912109375,0.31298828125,0.0,0.923828125,0.94287109375
4657,1890,1.4057897329330444,0.7630859017372131,-3.7611682415008545,-0.370849609375,0.83984375,0.396728515625,0.0,0.9267578125,0.9345703125
4658,1891,1.4523742198944092,0.7578716278076172,-3.70658802986145,-0.37158203125,0.83935546875,0.397216796875,0.0,0.91943359375,0.93505859375
4659,1893,4.19175386428833,0.5561995506286621,-0.7774658203125,-0.61572265625,0.7666015625,0.18310546875,0.0,0.0165863037109375,0.974609375
4660,1894,4.222024917602539,0.5558720827102661,-0.6742895245552063,-0.61572265625,0.7666015625,0.18310546875,0.0,0.00412750244140625,0.974609375
4661,1895,4.326534271240234,0.6354068517684937,-0.760729968547821,-0.5146484375,0.84326171875,0.1536865234375,0.0,0.0103607177734375,0.99169921875
4662,1894,4.222024917602539,0.5558720827102661,-0.6742895245552063,-0.61572265625,0.7666015625,0.18310546875,0.0,0.00412750244140625,0.974609375
4663,1893,4.19175386428833,0.5561995506286621,-0.7774658203125,-0.61572265625,0.7666015625,0.18310546875,0.0,0.0165863037109375,0.974609375
4664,1896,4.073215007781982,0.4488924741744995,-0.7601830959320068,-0.73974609375,0.6357421875,0.2191162109375,0.0,0.01849365234375,0.9560546875
4665,1894,4.222024917602539,0.5558720827102661,-0.6742895245552063,-0.61572265625,0.7666015625,0.18310546875,0.0,0.00412750244140625,0.974609375
4666,1896,4.073215007781982,0.4488924741744995,-0.7601830959320068,-0.73974609375,0.6357421875,0.2191162109375,0.0,0.01849365234375,0.9560546875
4667,1897,4.112754821777344,0.448463499546051,-0.6254174709320068,-0.73974609375,0.6357421875,0.2191162109375,0.0,0.0022182464599609375,0.9560546875
4668,1897,4.112754821777344,0.448463499546051,-0.6254174709320068,-0.73974609375,0.6357421875,0.2191162109375,0.0,0.0022182464599609375,0.9560546875
4669,1896,4.073215007781982,0.4488924741744995,-0.7601830959320068,-0.73974609375,0.6357421875,0.2191162109375,0.0,0.01849365234375,0.9560546875
4670,1898,3.979982852935791,0.3057675361633301,-0.7408007383346558,-0.86865234375,0.424560546875,0.256103515625,0.0,0.01873779296875,0.93603515625
4671,1897,4.112754821777344,0.448463499546051,-0.6254174709320068,-0.73974609375,0.6357421875,0.2191162109375,0.0,0.0022182464599609375,0.9560546875
4672,1898,3.979982852935791,0.3057675361633301,-0.7408007383346558,-0.86865234375,0.424560546875,0.256103515625,0.0,0.01873779296875,0.93603515625
4673,1899,4.023582458496094,0.30529341101646423,-0.5921947956085205,-0.86865234375,0.424560546875,0.256103515625,0.0,0.0019741058349609375,0.93603515625
4674,1899,4.023582458496094,0.30529341101646423,-0.5921947956085205,-0.86865234375,0.424560546875,0.256103515625,0.0,0.0019741058349609375,0.93603515625
4675,1898,3.979982852935791,0.3057675361633301,-0.7408007383346558,-0.86865234375,0.424560546875,0.256103515625,0.0,0.01873779296875,0.93603515625
4676,1900,3.9460227489471436,0.18641085922718048,-0.7405712604522705,-0.93701171875,0.21533203125,0.275390625,0.0,0.018768310546875,0.92333984375
4677,1899,4.023582458496094,0.30529341101646423,-0.5921947956085205,-0.86865234375,0.424560546875,0.256103515625,0.0,0.0019741058349609375,0.93603515625
4678,1900,3.9460227489471436,0.18641085922718048,-0.7405712604522705,-0.93701171875,0.21533203125,0.275390625,0.0,0.018768310546875,0.92333984375
4679,1901,3.9946727752685547,0.18588024377822876,-0.5747387409210205,-0.93701171875,0.21533203125,0.275390625,0.0,0.0019321441650390625,0.92333984375
4680,1901,3.9946727752685547,0.18588024377822876,-0.5747387409210205,-0.93701171875,0.21533203125,0.275390625,0.0,0.0019321441650390625,0.92333984375
4681,1900,3.9460227489471436,0.18641085922718048,-0.7405712604522705,-0.93701171875,0.21533203125,0.275390625,0.0,0.018768310546875,0.92333984375
4682,1902,3.9116976261138916,8.881783998477905e-18,-0.7318946719169617,-0.9423828125,0.1866455078125,0.27685546875,0.0,0.0184478759765625,0.90576171875
4683,1901,3.9946727752685547,0.18588024377822876,-0.5747387409210205,-0.93701171875,0.21533203125,0.275390625,0.0,0.0019321441650390625,0.92333984375
4684,1902,3.9116976261138916,8.881783998477905e-18,-0.7318946719169617,-0.9423828125,0.1866455078125,0.27685546875,0.0,0.0184478759765625,0.90576171875
4685,1903,3.9609134197235107,0.0,-0.5642450451850891,-0.9423828125,0.1866455078125,0.27685546875,0.0,0.0022602081298828125,0.90576171875
4686,1904,2.029353618621826,0.7429502010345459,-3.5622410774230957,-0.91943359375,-0.024871826171875,0.392822265625,0.0,0.47216796875,0.71044921875
4687,1905,1.9558391571044922,1.2116246223449707,-3.7056760787963867,-0.9140625,-0.0192108154296875,0.405517578125,0.0,0.48193359375,0.76171875
4688,1906,1.9046844244003296,1.4446607828140259,-3.809896230697632,-0.919921875,-0.0252838134765625,0.391357421875,0.0,0.490478515625,0.78759765625
4689,1907,1.9987335205078125,0.7004876732826233,-3.6376218795776367,-0.9189453125,-0.0243377685546875,0.394287109375,0.0,0.481201171875,0.70751953125
4690,1904,2.029353618621826,0.7429502010345459,-3.5622410774230957,-0.91943359375,-0.024871826171875,0.392822265625,0.0,0.47216796875,0.71044921875
4691,1906,1.9046844244003296,1.4446607828140259,-3.809896230697632,-0.919921875,-0.0252838134765625,0.391357421875,0.0,0.490478515625,0.78759765625
4692,1907,1.9987335205078125,0.7004876732826233,-3.6376218795776367,-0.9189453125,-0.0243377685546875,0.394287109375,0.0,0.481201171875,0.70751953125
4693,1908,2.0613110065460205,0.32704779505729675,-3.5148777961730957,-0.916015625,-0.0219879150390625,0.40087890625,0.0,0.472412109375,0.66650390625
4694,1904,2.029353618621826,0.7429502010345459,-3.5622410774230957,-0.91943359375,-0.024871826171875,0.392822265625,0.0,0.47216796875,0.71044921875
4695,1907,1.9987335205078125,0.7004876732826233,-3.6376218795776367,-0.9189453125,-0.0243377685546875,0.394287109375,0.0,0.481201171875,0.70751953125
4696,1909,2.0170018672943115,0.33223757147789,-3.6146326065063477,-0.916015625,-0.0221099853515625,0.400390625,0.0,0.483642578125,0.66845703125
4697,1908,2.0613110065460205,0.32704779505729675,-3.5148777961730957,-0.916015625,-0.0219879150390625,0.40087890625,0.0,0.472412109375,0.66650390625
4698,1908,2.0613110065460205,0.32704779505729675,-3.5148777961730957,-0.916015625,-0.0219879150390625,0.40087890625,0.0,0.472412109375,0.66650390625
4699,1909,2.0170018672943115,0.33223757147789,-3.6146326065063477,-0.916015625,-0.0221099853515625,0.400390625,0.0,0.483642578125,0.66845703125
4700,1910,2.0171096324920654,0.0,-3.632052183151245,-0.91455078125,-0.0210418701171875,0.40380859375,0.0,0.490234375,0.63427734375
4701,1908,2.0613110065460205,0.32704779505729675,-3.5148777961730957,-0.916015625,-0.0219879150390625,0.40087890625,0.0,0.472412109375,0.66650390625
4702,1910,2.0171096324920654,0.0,-3.632052183151245,-0.91455078125,-0.0210418701171875,0.40380859375,0.0,0.490234375,0.63427734375
4703,1911,2.0664727687835693,0.0,-3.519873857498169,-0.91455078125,-0.0210418701171875,0.40380859375,0.0,0.4775390625,0.63232421875
4704,1912,2.3578264713287354,0.4836418926715851,-2.8303003311157227,-0.916015625,-0.0226593017578125,0.40087890625,0.0,0.320556640625,0.89501953125
4705,1913,2.258103609085083,0.8023667931556702,-3.0393762588500977,-0.91455078125,-0.0213470458984375,0.40380859375,0.0,0.3330078125,0.9345703125
4706,1914,2.18863582611084,0.9623087048530579,-3.1883020401000977,-0.91455078125,-0.0213470458984375,0.40380859375,0.0,0.343994140625,0.9560546875
4707,1915,2.3145318031311035,0.45767542719841003,-2.929758310317993,-0.91552734375,-0.0223846435546875,0.401611328125,0.0,0.33203125,0.89599609375
4708,1912,2.3578264713287354,0.4836418926715851,-2.8303003311157227,-0.916015625,-0.0226593017578125,0.40087890625,0.0,0.320556640625,0.89501953125
4709,1914,2.18863582611084,0.9623087048530579,-3.1883020401000977,-0.91455078125,-0.0213470458984375,0.40380859375,0.0,0.343994140625,0.9560546875
4710,1916,2.340249538421631,0.21042174100875854,-2.8867101669311523,-0.91650390625,-0.0224151611328125,0.3994140625,0.0,0.33544921875,0.8701171875
4711,1912,2.3578264713287354,0.4836418926715851,-2.8303003311157227,-0.916015625,-0.0226593017578125,0.40087890625,0.0,0.320556640625,0.89501953125
4712,1915,2.3145318031311035,0.45767542719841003,-2.929758310317993,-0.91552734375,-0.0223846435546875,0.401611328125,0.0,0.33203125,0.89599609375
4713,1916,2.340249538421631,0.21042174100875854,-2.8867101669311523,-0.91650390625,-0.0224151611328125,0.3994140625,0.0,0.33544921875,0.8701171875
4714,1917,2.398970365524292,0.20378687977790833,-2.750842332839966,-0.91650390625,-0.0221405029296875,0.399658203125,0.0,0.32080078125,0.8642578125
4715,1912,2.3578264713287354,0.4836418926715851,-2.8303003311157227,-0.916015625,-0.0226593017578125,0.40087890625,0.0,0.320556640625,0.89501953125
4716,1917,2.398970365524292,0.20378687977790833,-2.750842332839966,-0.91650390625,-0.0221405029296875,0.399658203125,0.0,0.32080078125,0.8642578125
4717,1916,2.340249538421631,0.21042174100875854,-2.8867101669311523,-0.91650390625,-0.0224151611328125,0.3994140625,0.0,0.33544921875,0.8701171875
4718,1918,2.340139150619507,0.0,-2.896442413330078,-0.91650390625,-0.0211029052734375,0.39990234375,0.0,0.34326171875,0.84912109375
4719,1917,2.398970365524292,0.20378687977790833,-2.750842332839966,-0.91650390625,-0.0221405029296875,0.399658203125,0.0,0.32080078125,0.8642578125
4720,1918,2.340139150619507,0.0,-2.896442413330078,-0.91650390625,-0.0211029052734375,0.39990234375,0.0,0.34326171875,0.84912109375
4721,1919,2.406264305114746,0.0,-2.746509075164795,-0.91650390625,-0.0211029052734375,0.39990234375,0.0,0.326904296875,0.84375
4722,1920,2.133507013320923,0.5004462003707886,-3.167368173599243,-0.99853515625,0.0019855499267578125,-0.05157470703125,0.0,0.14599609375,0.89501953125
4723,1921,2.1466546058654785,0.8217802047729492,-3.398149251937866,-0.99853515625,0.00548553466796875,-0.049285888671875,0.0,0.1585693359375,0.9345703125
4724,1922,2.1555817127227783,0.9822946786880493,-3.561253547668457,-0.99853515625,0.003940582275390625,-0.0511474609375,0.0,0.1695556640625,0.9560546875
4725,1923,2.1389970779418945,0.4756278097629547,-3.2757372856140137,-0.99853515625,0.00234222412109375,-0.051544189453125,0.0,0.15771484375,0.89599609375
4726,1920,2.133507013320923,0.5004462003707886,-3.167368173599243,-0.99853515625,0.0019855499267578125,-0.05157470703125,0.0,0.14599609375,0.89501953125
4727,1922,2.1555817127227783,0.9822946786880493,-3.561253547668457,-0.99853515625,0.003940582275390625,-0.0511474609375,0.0,0.1695556640625,0.9560546875
4728,1924,2.1363377571105957,0.22797243297100067,-3.226940870285034,-0.99853515625,0.0011806488037109375,-0.0523681640625,0.0,0.160888671875,0.8701171875
4729,1920,2.133507013320923,0.5004462003707886,-3.167368173599243,-0.99853515625,0.0019855499267578125,-0.05157470703125,0.0,0.14599609375,0.89501953125
4730,1923,2.1389970779418945,0.4756278097629547,-3.2757372856140137,-0.99853515625,0.00234222412109375,-0.051544189453125,0.0,0.15771484375,0.89599609375
4731,1924,2.1363377571105957,0.22797243297100067,-3.226940870285034,-0.99853515625,0.0011806488037109375,-0.0523681640625,0.0,0.160888671875,0.8701171875
4732,1925,2.128599166870117,0.22076180577278137,-3.0792529582977295,-0.99853515625,0.0012426376342773438,-0.052520751953125,0.0,0.1463623046875,0.8642578125
4733,1920,2.133507013320923,0.5004462003707886,-3.167368173599243,-0.99853515625,0.0019855499267578125,-0.05157470703125,0.0,0.14599609375,0.89501953125
4734,1925,2.128599166870117,0.22076180577278137,-3.0792529582977295,-0.99853515625,0.0012426376342773438,-0.052520751953125,0.0,0.1463623046875,0.8642578125
4735,1924,2.1363377571105957,0.22797243297100067,-3.226940870285034,-0.99853515625,0.0011806488037109375,-0.0523681640625,0.0,0.160888671875,0.8701171875
4736,1926,2.136751890182495,0.0,-3.2385237216949463,-0.99853515625,0.0014753341674804688,-0.05316162109375,0.0,0.16943359375,0.84814453125
4737,1925,2.128599166870117,0.22076180577278137,-3.0792529582977295,-0.99853515625,0.0012426376342773438,-0.052520751953125,0.0,0.1463623046875,0.8642578125
4738,1926,2.136751890182495,0.0,-3.2385237216949463,-0.99853515625,0.0014753341674804688,-0.05316162109375,0.0,0.16943359375,0.84814453125
4739,1927,2.1277754306793213,0.0,-3.0724291801452637,-0.99853515625,0.0014753341674804688,-0.05316162109375,0.0,0.153076171875,0.841796875
4740,1928,2.3412444591522217,0.7446076273918152,-3.5867271423339844,-0.9208984375,0.0207061767578125,-0.3896484375,0.0,0.51953125,0.7001953125
4741,1929,2.4125664234161377,1.2129682302474976,-3.7307615280151367,-0.916015625,0.0161285400390625,-0.401123046875,0.0,0.529296875,0.75146484375
4742,1930,2.4623143672943115,1.4461674690246582,-3.834986448287964,-0.92041015625,0.0208587646484375,-0.389892578125,0.0,0.5380859375,0.77734375
4743,1931,2.372194766998291,0.7021239399909973,-3.6625730991363525,-0.92041015625,0.0203704833984375,-0.39013671875,0.0,0.52880859375,0.697265625
4744,1928,2.3412444591522217,0.7446076273918152,-3.5867271423339844,-0.9208984375,0.0207061767578125,-0.3896484375,0.0,0.51953125,0.7001953125
4745,1930,2.4623143672943115,1.4461674690246582,-3.834986448287964,-0.92041015625,0.0208587646484375,-0.389892578125,0.0,0.5380859375,0.77734375
4746,1931,2.372194766998291,0.7021239399909973,-3.6625730991363525,-0.92041015625,0.0203704833984375,-0.39013671875,0.0,0.52880859375,0.697265625
4747,1932,2.311631441116333,0.32872623205184937,-3.538893938064575,-0.91943359375,0.02001953125,-0.39306640625,0.0,0.52001953125,0.65625
4748,1928,2.3412444591522217,0.7446076273918152,-3.5867271423339844,-0.9208984375,0.0207061767578125,-0.3896484375,0.0,0.51953125,0.7001953125
4749,1931,2.372194766998291,0.7021239399909973,-3.6625730991363525,-0.92041015625,0.0203704833984375,-0.39013671875,0.0,0.52880859375,0.697265625
4750,1933,2.3550963401794434,0.33403128385543823,-3.639817953109741,-0.91943359375,0.0199737548828125,-0.392822265625,0.0,0.53125,0.65869140625
4751,1932,2.311631441116333,0.32872623205184937,-3.538893938064575,-0.91943359375,0.02001953125,-0.39306640625,0.0,0.52001953125,0.65625
4752,1932,2.311631441116333,0.32872623205184937,-3.538893938064575,-0.91943359375,0.02001953125,-0.39306640625,0.0,0.52001953125,0.65625
4753,1933,2.3550963401794434,0.33403128385543823,-3.639817953109741,-0.91943359375,0.0199737548828125,-0.392822265625,0.0,0.53125,0.65869140625
4754,1934,2.3546767234802246,0.0,-3.6561031341552734,-0.91845703125,0.0203857421875,-0.39453125,0.0,0.53759765625,0.6240234375
4755,1932,2.311631441116333,0.32872623205184937,-3.538893938064575,-0.91943359375,0.02001953125,-0.39306640625,0.0,0.52001953125,0.65625
4756,1934,2.3546767234802246,0.0,-3.6561031341552734,-0.91845703125,0.0203857421875,-0.39453125,0.0,0.53759765625,0.6240234375
4757,1935,2.3065617084503174,0.0,-3.544078826904297,-0.91845703125,0.0203857421875,-0.39453125,0.0,0.52490234375,0.6220703125
4758,1936,2.3613030910491943,0.505499005317688,-3.259371280670166,-0.00485992431640625,0.050567626953125,-0.99853515625,0.0,0.0208892822265625,0.88623046875
4759,1937,2.6083550453186035,0.8133227825164795,-3.244722843170166,-0.006561279296875,0.05279541015625,-0.99853515625,0.0,0.033660888671875,0.9267578125
4760,1938,2.7798736095428467,0.9660307168960571,-3.2377781867980957,-0.004566192626953125,0.05096435546875,-0.99853515625,0.0,0.04486083984375,0.9482421875
4761,1939,2.468270778656006,0.47498011589050293,-3.261378049850464,-0.004726409912109375,0.05059814453125,-0.99853515625,0.0,0.032623291015625,0.88720703125
4762,1936,2.3613030910491943,0.505499005317688,-3.259371280670166,-0.00485992431640625,0.050567626953125,-0.99853515625,0.0,0.0208892822265625,0.88623046875
4763,1938,2.7798736095428467,0.9660307168960571,-3.2377781867980957,-0.004566192626953125,0.05096435546875,-0.99853515625,0.0,0.04486083984375,0.9482421875
4764,1940,2.407285690307617,0.23070873320102692,-3.273500919342041,-0.00518798828125,0.05035400390625,-0.99853515625,0.0,0.035491943359375,0.861328125
4765,1936,2.3613030910491943,0.505499005317688,-3.259371280670166,-0.00485992431640625,0.050567626953125,-0.99853515625,0.0,0.0208892822265625,0.88623046875
4766,1939,2.468270778656006,0.47498011589050293,-3.261378049850464,-0.004726409912109375,0.05059814453125,-0.99853515625,0.0,0.032623291015625,0.88720703125
4767,1940,2.407285690307617,0.23070873320102692,-3.273500919342041,-0.00518798828125,0.05035400390625,-0.99853515625,0.0,0.035491943359375,0.861328125
4768,1941,2.259624481201172,0.23077259957790375,-3.272634267807007,-0.005184173583984375,0.050323486328125,-0.99853515625,0.0,0.021209716796875,0.85595703125
4769,1936,2.3613030910491943,0.505499005317688,-3.259371280670166,-0.00485992431640625,0.050567626953125,-0.99853515625,0.0,0.0208892822265625,0.88623046875
4770,1941,2.259624481201172,0.23077259957790375,-3.272634267807007,-0.005184173583984375,0.050323486328125,-0.99853515625,0.0,0.021209716796875,0.85595703125
4771,1940,2.407285690307617,0.23070873320102692,-3.273500919342041,-0.00518798828125,0.05035400390625,-0.99853515625,0.0,0.035491943359375,0.861328125
4772,1942,2.406618356704712,-2.2204459996194763e-18,-3.2849950790405273,-0.0051727294921875,0.050201416015625,-0.99853515625,0.0,0.044219970703125,0.83935546875
4773,1941,2.259624481201172,0.23077259957790375,-3.272634267807007,-0.005184173583984375,0.050323486328125,-0.99853515625,0.0,0.021209716796875,0.85595703125
4774,1942,2.406618356704712,-2.2204459996194763e-18,-3.2849950790405273,-0.0051727294921875,0.050201416015625,-0.99853515625,0.0,0.044219970703125,0.83935546875
4775,1943,2.242560625076294,0.0,-3.2842442989349365,-0.0051727294921875,0.050201416015625,-0.99853515625,0.0,0.027862548828125,0.8330078125
4776,1944,2.981785774230957,1.0348269939422607,-3.420025587081909,-0.424072265625,0.046722412109375,-0.904296875,0.0,0.8740234375,0.34375
4777,1945,3.2096667289733887,1.682714819908142,-3.493191957473755,-0.41748046875,0.044342041015625,-0.90771484375,0.0,0.8876953125,0.4150390625
4778,1946,3.368217706680298,2.0043890476226807,-3.550405263900757,-0.421630859375,0.046234130859375,-0.90576171875,0.0,0.8994140625,0.451416015625
4779,1947,3.08211350440979,0.9732140302658081,-3.4699950218200684,-0.4248046875,0.04681396484375,-0.904296875,0.0,0.88671875,0.33935546875
4780,1944,2.981785774230957,1.0348269939422607,-3.420025587081909,-0.424072265625,0.046722412109375,-0.904296875,0.0,0.8740234375,0.34375
4781,1946,3.368217706680298,2.0043890476226807,-3.550405263900757,-0.421630859375,0.046234130859375,-0.90576171875,0.0,0.8994140625,0.451416015625
4782,1947,3.08211350440979,0.9732140302658081,-3.4699950218200684,-0.4248046875,0.04681396484375,-0.904296875,0.0,0.88671875,0.33935546875
4783,1948,2.888153553009033,0.4576735496520996,-3.4052417278289795,-0.425048828125,0.0469970703125,-0.90380859375,0.0,0.87451171875,0.282470703125
4784,1944,2.981785774230957,1.0348269939422607,-3.420025587081909,-0.424072265625,0.046722412109375,-0.904296875,0.0,0.8740234375,0.34375
4785,1947,3.08211350440979,0.9732140302658081,-3.4699950218200684,-0.4248046875,0.04681396484375,-0.904296875,0.0,0.88671875,0.33935546875
4786,1949,3.025331974029541,0.460899293422699,-3.470412492752075,-0.425048828125,0.0469970703125,-0.90380859375,0.0,0.89013671875,0.285400390625
4787,1948,2.888153553009033,0.4576735496520996,-3.4052417278289795,-0.425048828125,0.0469970703125,-0.90380859375,0.0,0.87451171875,0.282470703125
4788,1948,2.888153553009033,0.4576735496520996,-3.4052417278289795,-0.425048828125,0.0469970703125,-0.90380859375,0.0,0.87451171875,0.282470703125
4789,1949,3.025331974029541,0.460899293422699,-3.470412492752075,-0.425048828125,0.0469970703125,-0.90380859375,0.0,0.89013671875,0.285400390625
4790,1950,3.025219440460205,-2.2204459996194763e-18,-3.4932491779327393,-0.423583984375,0.04705810546875,-0.90478515625,0.0,0.89892578125,0.2376708984375
4791,1948,2.888153553009033,0.4576735496520996,-3.4052417278289795,-0.425048828125,0.0469970703125,-0.90380859375,0.0,0.87451171875,0.282470703125
4792,1950,3.025219440460205,-2.2204459996194763e-18,-3.4932491779327393,-0.423583984375,0.04705810546875,-0.90478515625,0.0,0.89892578125,0.2376708984375
4793,1951,2.8713502883911133,0.0,-3.4222633838653564,-0.423583984375,0.04705810546875,-0.90478515625,0.0,0.88134765625,0.2347412109375
4794,1952,2.602665424346924,0.7405317425727844,-3.5223217010498047,-0.007537841796875,0.05291748046875,-0.99853515625,0.0,0.94970703125,0.68798828125
4795,1953,2.7834270000457764,1.201897382736206,-3.4996678829193115,-0.0009965896606445312,0.0494384765625,-0.99853515625,0.0,0.95947265625,0.7392578125
4796,1954,2.910295248031616,1.4292950630187988,-3.488539934158325,-0.006656646728515625,0.05194091796875,-0.99853515625,0.0,0.96826171875,0.76513671875
4797,1955,2.681309223175049,0.6946364641189575,-3.525341749191284,-0.0074920654296875,0.0531005859375,-0.99853515625,0.0,0.958984375,0.68505859375
4798,1952,2.602665424346924,0.7405317425727844,-3.5223217010498047,-0.007537841796875,0.05291748046875,-0.99853515625,0.0,0.94970703125,0.68798828125
4799,1954,2.910295248031616,1.4292950630187988,-3.488539934158325,-0.006656646728515625,0.05194091796875,-0.99853515625,0.0,0.96826171875,0.76513671875
4800,1955,2.681309223175049,0.6946364641189575,-3.525341749191284,-0.0074920654296875,0.0531005859375,-0.99853515625,0.0,0.958984375,0.68505859375
4801,1956,2.5264575481414795,0.32918182015419006,-3.543787717819214,-0.007434844970703125,0.052886962890625,-0.99853515625,0.0,0.9501953125,0.64404296875
4802,1952,2.602665424346924,0.7405317425727844,-3.5223217010498047,-0.007537841796875,0.05291748046875,-0.99853515625,0.0,0.94970703125,0.68798828125
4803,1955,2.681309223175049,0.6946364641189575,-3.525341749191284,-0.0074920654296875,0.0531005859375,-0.99853515625,0.0,0.958984375,0.68505859375
4804,1957,2.635925769805908,0.329025536775589,-3.5446178913116455,-0.00742340087890625,0.052947998046875,-0.99853515625,0.0,0.96142578125,0.646484375
4805,1956,2.5264575481414795,0.32918182015419006,-3.543787717819214,-0.007434844970703125,0.052886962890625,-0.99853515625,0.0,0.9501953125,0.64404296875
4806,1956,2.5264575481414795,0.32918182015419006,-3.543787717819214,-0.007434844970703125,0.052886962890625,-0.99853515625,0.0,0.9501953125,0.64404296875
4807,1957,2.635925769805908,0.329025536775589,-3.5446178913116455,-0.00742340087890625,0.052947998046875,-0.99853515625,0.0,0.96142578125,0.646484375
4808,1958,2.6360325813293457,0.0,-3.5618679523468018,-0.00751495361328125,0.052337646484375,-0.99853515625,0.0,0.9677734375,0.6123046875
4809,1956,2.5264575481414795,0.32918182015419006,-3.543787717819214,-0.007434844970703125,0.052886962890625,-0.99853515625,0.0,0.9501953125,0.64404296875
4810,1958,2.6360325813293457,0.0,-3.5618679523468018,-0.00751495361328125,0.052337646484375,-0.99853515625,0.0,0.9677734375,0.6123046875
4811,1959,2.513500928878784,0.0,-3.560943603515625,-0.00751495361328125,0.052337646484375,-0.99853515625,0.0,0.955078125,0.60986328125
4812,1960,1.7612909078598022,0.979632556438446,-4.5166916847229,-0.91357421875,-0.016448974609375,0.406494140625,0.0,0.716796875,0.90087890625
4813,1961,1.877064824104309,0.7726147174835205,-4.264853477478027,-0.9140625,-0.0184326171875,0.4052734375,0.0,0.69873046875,0.86572265625
4814,1962,1.9078960418701172,0.8183912634849548,-4.193704605102539,-0.9140625,-0.0188751220703125,0.405029296875,0.0,0.689453125,0.86669921875
4815,1963,1.9423980712890625,0.5069674253463745,-4.130757808685303,-0.9150390625,-0.0211639404296875,0.40283203125,0.0,0.69580078125,0.83447265625
4816,1962,1.9078960418701172,0.8183912634849548,-4.193704605102539,-0.9140625,-0.0188751220703125,0.405029296875,0.0,0.689453125,0.86669921875
4817,1961,1.877064824104309,0.7726147174835205,-4.264853477478027,-0.9140625,-0.0184326171875,0.4052734375,0.0,0.69873046875,0.86572265625
4818,1963,1.9423980712890625,0.5069674253463745,-4.130757808685303,-0.9150390625,-0.0211639404296875,0.40283203125,0.0,0.69580078125,0.83447265625
4819,1964,1.9862902164459229,0.5329592823982239,-4.029541015625,-0.9150390625,-0.021514892578125,0.402587890625,0.0,0.6845703125,0.83251953125
4820,1962,1.9078960418701172,0.8183912634849548,-4.193704605102539,-0.9140625,-0.0188751220703125,0.405029296875,0.0,0.689453125,0.86669921875
4821,1965,1.9683172702789307,0.2510961592197418,-4.086574554443359,-0.91552734375,-0.0186004638671875,0.401611328125,0.0,0.70166015625,0.80908203125
4822,1964,1.9862902164459229,0.5329592823982239,-4.029541015625,-0.9150390625,-0.021514892578125,0.402587890625,0.0,0.6845703125,0.83251953125
4823,1963,1.9423980712890625,0.5069674253463745,-4.130757808685303,-0.9150390625,-0.0211639404296875,0.40283203125,0.0,0.69580078125,0.83447265625
4824,1965,1.9683172702789307,0.2510961592197418,-4.086574554443359,-0.91552734375,-0.0186004638671875,0.401611328125,0.0,0.70166015625,0.80908203125
4825,1966,2.0288684368133545,0.24350963532924652,-3.948467969894409,-0.91552734375,-0.0175933837890625,0.401611328125,0.0,0.68798828125,0.8017578125
4826,1964,1.9862902164459229,0.5329592823982239,-4.029541015625,-0.9150390625,-0.021514892578125,0.402587890625,0.0,0.6845703125,0.83251953125
4827,1966,2.0288684368133545,0.24350963532924652,-3.948467969894409,-0.91552734375,-0.0175933837890625,0.401611328125,0.0,0.68798828125,0.8017578125
4828,1965,1.9683172702789307,0.2510961592197418,-4.086574554443359,-0.91552734375,-0.0186004638671875,0.401611328125,0.0,0.70166015625,0.80908203125
4829,1967,1.9678844213485718,0.0,-4.095974445343018,-0.91552734375,-0.0140228271484375,0.401611328125,0.0,0.71435546875,0.7861328125
4830,1966,2.0288684368133545,0.24350963532924652,-3.948467969894409,-0.91552734375,-0.0175933837890625,0.401611328125,0.0,0.68798828125,0.8017578125
4831,1967,1.9678844213485718,0.0,-4.095974445343018,-0.91552734375,-0.0140228271484375,0.401611328125,0.0,0.71435546875,0.7861328125
4832,1968,2.034726858139038,0.0,-3.943962574005127,-0.91552734375,-0.0140228271484375,0.401611328125,0.0,0.69775390625,0.77783203125
4833,1969,3.7335565090179443,0.9144769906997681,-3.244987726211548,-0.0032482147216796875,0.05084228515625,-0.99853515625,0.0,0.4931640625,0.9326171875
4834,1970,3.447577476501465,0.7205985188484192,-3.2539258003234863,-0.0011739730834960938,0.04803466796875,-0.9990234375,0.0,0.476318359375,0.900390625
4835,1971,3.371384859085083,0.7710192203521729,-3.2511119842529297,-0.0007114410400390625,0.04742431640625,-0.9990234375,0.0,0.466796875,0.9013671875
4836,1971,3.371384859085083,0.7710192203521729,-3.2511119842529297,-0.0007114410400390625,0.04742431640625,-0.9990234375,0.0,0.466796875,0.9013671875
4837,1970,3.447577476501465,0.7205985188484192,-3.2539258003234863,-0.0011739730834960938,0.04803466796875,-0.9990234375,0.0,0.476318359375,0.900390625
4838,1972,3.2852141857147217,0.462110310792923,-3.2654857635498047,-0.00015747547149658203,0.04827880859375,-0.9990234375,0.0,0.474365234375,0.86865234375
4839,1971,3.371384859085083,0.7710192203521729,-3.2511119842529297,-0.0007114410400390625,0.04742431640625,-0.9990234375,0.0,0.466796875,0.9013671875
4840,1972,3.2852141857147217,0.462110310792923,-3.2654857635498047,-0.00015747547149658203,0.04827880859375,-0.9990234375,0.0,0.474365234375,0.86865234375
4841,1973,3.175779342651367,0.49458345770835876,-3.2644383907318115,-0.00018489360809326172,0.04864501953125,-0.9990234375,0.0,0.462646484375,0.8662109375
4842,1974,3.222599506378174,0.2101730853319168,-3.278714418411255,-0.0018138885498046875,0.05224609375,-0.99853515625,0.0,0.481201171875,0.84228515625
4843,1973,3.175779342651367,0.49458345770835876,-3.2644383907318115,-0.00018489360809326172,0.04864501953125,-0.9990234375,0.0,0.462646484375,0.8662109375
4844,1972,3.2852141857147217,0.462110310792923,-3.2654857635498047,-0.00015747547149658203,0.04827880859375,-0.9990234375,0.0,0.474365234375,0.86865234375
4845,1974,3.222599506378174,0.2101730853319168,-3.278714418411255,-0.0018138885498046875,0.05224609375,-0.99853515625,0.0,0.481201171875,0.84228515625
4846,1975,3.0709729194641113,0.20989534258842468,-3.2780699729919434,-0.002201080322265625,0.05279541015625,-0.99853515625,0.0,0.46728515625,0.83447265625
4847,1973,3.175779342651367,0.49458345770835876,-3.2644383907318115,-0.00018489360809326172,0.04864501953125,-0.9990234375,0.0,0.462646484375,0.8662109375
4848,1975,3.0709729194641113,0.20989534258842468,-3.2780699729919434,-0.002201080322265625,0.05279541015625,-0.99853515625,0.0,0.46728515625,0.83447265625
4849,1974,3.222599506378174,0.2101730853319168,-3.278714418411255,-0.0018138885498046875,0.05224609375,-0.99853515625,0.0,0.481201171875,0.84228515625
4850,1976,3.2216145992279053,0.0,-3.2901833057403564,-0.0037250518798828125,0.054962158203125,-0.99853515625,0.0,0.49169921875,0.82275390625
4851,1975,3.0709729194641113,0.20989534258842468,-3.2780699729919434,-0.002201080322265625,0.05279541015625,-0.99853515625,0.0,0.46728515625,0.83447265625
4852,1976,3.2216145992279053,0.0,-3.2901833057403564,-0.0037250518798828125,0.054962158203125,-0.99853515625,0.0,0.49169921875,0.82275390625
4853,1977,3.054309606552124,0.0,-3.2896525859832764,-0.0037250518798828125,0.054962158203125,-0.99853515625,0.0,0.476318359375,0.81396484375
4854,1978,2.787726402282715,0.9853219985961914,-4.613979339599609,-0.9189453125,0.023773193359375,-0.393798828125,0.0,0.5439453125,0.90478515625
4855,1979,2.674351215362549,0.7777500152587891,-4.361923694610596,-0.91845703125,0.0206298828125,-0.39501953125,0.0,0.5263671875,0.8701171875
4856,1980,2.644116163253784,0.8246418833732605,-4.288533687591553,-0.91845703125,0.019927978515625,-0.395263671875,0.0,0.5166015625,0.87109375
4857,1980,2.644116163253784,0.8246418833732605,-4.288533687591553,-0.91845703125,0.019927978515625,-0.395263671875,0.0,0.5166015625,0.87109375
4858,1979,2.674351215362549,0.7777500152587891,-4.361923694610596,-0.91845703125,0.0206298828125,-0.39501953125,0.0,0.5263671875,0.8701171875
4859,1981,2.6108946800231934,0.5116450190544128,-4.226356029510498,-0.91796875,0.01885986328125,-0.39599609375,0.0,0.5234375,0.8388671875
4860,1980,2.644116163253784,0.8246418833732605,-4.288533687591553,-0.91845703125,0.019927978515625,-0.395263671875,0.0,0.5166015625,0.87109375
4861,1981,2.6108946800231934,0.5116450190544128,-4.226356029510498,-0.91796875,0.01885986328125,-0.39599609375,0.0,0.5234375,0.8388671875
4862,1982,2.566920042037964,0.5385905504226685,-4.123958587646484,-0.91796875,0.0188446044921875,-0.39599609375,0.0,0.51171875,0.83642578125
4863,1982,2.566920042037964,0.5385905504226685,-4.123958587646484,-0.91796875,0.0188446044921875,-0.39599609375,0.0,0.51171875,0.83642578125
4864,1981,2.6108946800231934,0.5116450190544128,-4.226356029510498,-0.91796875,0.01885986328125,-0.39599609375,0.0,0.5234375,0.8388671875
4865,1983,2.5859973430633545,0.25672805309295654,-4.181523323059082,-0.91845703125,0.0179595947265625,-0.3955078125,0.0,0.52978515625,0.81298828125
4866,1982,2.566920042037964,0.5385905504226685,-4.123958587646484,-0.91796875,0.0188446044921875,-0.39599609375,0.0,0.51171875,0.83642578125
4867,1983,2.5859973430633545,0.25672805309295654,-4.181523323059082,-0.91845703125,0.0179595947265625,-0.3955078125,0.0,0.52978515625,0.81298828125
4868,1984,2.5262322425842285,0.24943354725837708,-4.04275369644165,-0.91845703125,0.01776123046875,-0.3955078125,0.0,0.515625,0.8056640625
4869,1984,2.5262322425842285,0.24943354725837708,-4.04275369644165,-0.91845703125,0.01776123046875,-0.3955078125,0.0,0.515625,0.8056640625
4870,1983,2.5859973430633545,0.25672805309295654,-4.181523323059082,-0.91845703125,0.0179595947265625,-0.3955078125,0.0,0.52978515625,0.81298828125
4871,1985,2.585536479949951,0.0,-4.191530704498291,-0.91845703125,0.0170440673828125,-0.394775390625,0.0,0.54248046875,0.78955078125
4872,1984,2.5262322425842285,0.24943354725837708,-4.04275369644165,-0.91845703125,0.01776123046875,-0.3955078125,0.0,0.515625,0.8056640625
4873,1985,2.585536479949951,0.0,-4.191530704498291,-0.91845703125,0.0170440673828125,-0.394775390625,0.0,0.54248046875,0.78955078125
4874,1986,2.519688844680786,0.0,-4.0382914543151855,-0.91845703125,0.0170440673828125,-0.394775390625,0.0,0.52587890625,0.78125
