VTX,IDX,in_POSITION0.x,in_POSITION0.y,in_POSITION0.z,in_NORMAL0.x,in_NORMAL0.y,in_NORMAL0.z,in_TEXCOORD0.x,in_TEXCOORD0.y
0,0,5.907658576965332,1.1442654132843018,-1.9008861780166626,0.09657113999128342,2.9367722836226183e-16,-2.398056983947754,0.5791015625,0.56591796875
1,1,5.813269138336182,1.1453371047973633,-1.9046874046325684,0.09657113999128342,2.9367722836226183e-16,-2.398056983947754,0.5810546875,0.56982421875
2,2,5.86153507232666,1.2392666339874268,-1.9027435779571533,0.09657113999128342,2.9367722836226183e-16,-2.398056983947754,0.583984375,0.56591796875
3,3,5.735677242279053,1.1442654132843018,2.3697614669799805,-0.09657113999128342,-2.9367722836226183e-16,2.398056983947754,0.5791015625,0.36767578125
4,4,5.689553737640381,1.2392666339874268,2.3679041862487793,-0.09657113999128342,-2.9367722836226183e-16,2.398056983947754,0.583984375,0.36767578125
5,5,5.641287803649902,1.1453371047973633,2.3659603595733643,-0.09657113999128342,-2.9367722836226183e-16,2.398056983947754,0.5810546875,0.36376953125
6,6,-6.384937763214111,2.270766019821167,1.8959591388702393,0.09749691188335419,0.08731324970722198,-2.3964293003082275,0.8369140625,0.332763671875
7,7,-6.411014556884766,2.3766942024230957,1.8987579345703125,0.09749691188335419,0.08731323480606079,-2.3964293003082275,0.8369140625,0.327880859375
8,8,-6.234294414520264,2.374687433242798,1.905874490737915,0.09749691188335419,0.08731324970722198,-2.3964293003082275,0.82861328125,0.327880859375
9,9,-6.211813449859619,2.270766019821167,-2.403068780899048,-0.09551748633384705,0.08731324970722198,2.3965089321136475,0.8369140625,0.53759765625
10,10,-6.060860633850098,2.374687433242798,-2.4008383750915527,-0.09551748633384705,0.08731324970722198,2.3965089321136475,0.82861328125,0.54150390625
11,11,-6.2375807762146,2.3766942024230957,-2.4079549312591553,-0.09551748633384705,0.08731323480606079,2.3965089321136475,0.8369140625,0.54150390625
12,12,-6.0439276695251465,2.9658727645874023,1.771531343460083,0.37987419962882996,0.8378466963768005,2.216689348220825,0.453125,0.346435546875
13,13,-6.2511115074157715,3.1710093021392822,1.7295000553131104,0.37987422943115234,0.837846577167511,2.216689348220825,0.44775390625,0.3583984375
14,14,-6.235221862792969,2.940915822982788,1.8137462139129639,0.37987422943115234,0.8378467559814453,2.216689348220825,0.45751953125,0.3544921875
15,15,-6.203604698181152,3.1710093021392822,0.5498138070106506,-0.2505374848842621,1.640971302986145,-1.7333338260650635,0.447998046875,0.414306640625
16,16,-6.082554340362549,3.088416337966919,0.4541243314743042,-0.2505373954772949,1.640971064567566,-1.733333945274353,0.443359375,0.41943359375
17,17,-6.198631286621094,3.0657567977905273,0.4494498372077942,-0.2505373954772949,1.640971064567566,-1.733333945274353,0.451171875,0.419189453125
18,18,-5.881857395172119,2.9658727645874023,-2.2530035972595215,0.556889533996582,0.8378499150276184,-2.178964138031006,0.453125,0.55859375
19,19,-6.0691375732421875,2.940915822982788,-2.3104641437530518,0.556889533996582,0.8378497362136841,-2.178964138031006,0.45751953125,0.55029296875
20,20,-6.091750144958496,3.1710093021392822,-2.2277684211730957,0.556889533996582,0.8378497362136841,-2.178964138031006,0.44775390625,0.54638671875
21,21,-6.139256477355957,3.1710093021392822,-1.0480822324752808,-0.38910454511642456,1.6409724950790405,1.7075738906860352,0.447998046875,0.490478515625
22,22,-6.142369747161865,3.0657567977905273,-0.9476433992385864,-0.38910454511642456,1.6409724950790405,1.7075738906860352,0.451171875,0.485595703125
23,23,-6.02629280090332,3.088416337966919,-0.9429688453674316,-0.38910460472106934,1.6409724950790405,1.7075738906860352,0.443359375,0.4853515625
24,24,-5.800961971282959,3.1508736610412598,-1.7591187953948975,-1.3622945547103882,1.1004759073257446,1.6410691738128662,0.27392578125,0.0094146728515625
25,25,-5.796394348144531,3.1002004146575928,-1.758754849433899,-1.4515131711959839,-0.11713927984237671,1.9077188968658447,0.27392578125,0.00626373291015625
26,26,-5.750284671783447,3.104562759399414,-1.723403811454773,-1.4515131711959839,-0.1171392872929573,1.9077190160751343,0.27197265625,0.006256103515625
27,24,-5.800961971282959,3.1508736610412598,-1.7591187953948975,-1.3622945547103882,1.1004759073257446,1.6410691738128662,0.27392578125,0.0094146728515625
28,26,-5.750284671783447,3.104562759399414,-1.723403811454773,-1.4515131711959839,-0.1171392872929573,1.9077190160751343,0.27197265625,0.006256103515625
29,27,-5.754852771759033,3.1552369594573975,-1.7237684726715088,-1.3633289337158203,1.0964299440383911,1.6429177522659302,0.27197265625,0.0094146728515625
30,27,-5.754852771759033,3.1552369594573975,-1.7237684726715088,-1.3633289337158203,1.0964299440383911,1.6429177522659302,0.27197265625,0.0094146728515625
31,28,-5.776586055755615,3.1784942150115967,-1.7946914434432983,-0.21379290521144867,2.3903987407684326,-0.016927972435951233,0.27392578125,0.01259613037109375
32,24,-5.800961971282959,3.1508736610412598,-1.7591187953948975,-1.3622945547103882,1.1004759073257446,1.6410691738128662,0.27392578125,0.0094146728515625
33,27,-5.754852771759033,3.1552369594573975,-1.7237684726715088,-1.3633289337158203,1.0964299440383911,1.6429177522659302,0.27197265625,0.0094146728515625
34,29,-5.730476379394531,3.1828575134277344,-1.7593413591384888,-0.2157922387123108,2.3902363777160645,-0.014298480935394764,0.27197265625,0.0125885009765625
35,28,-5.776586055755615,3.1784942150115967,-1.7946914434432983,-0.21379290521144867,2.3903987407684326,-0.016927972435951233,0.27392578125,0.01259613037109375
36,30,-5.74767541885376,3.1552176475524902,-1.8295440673828125,1.1540735960006714,1.291003704071045,-1.6617540121078491,0.27392578125,0.0157470703125
37,28,-5.776586055755615,3.1784942150115967,-1.7946914434432983,-0.21379290521144867,2.3903987407684326,-0.016927972435951233,0.27392578125,0.01259613037109375
38,29,-5.730476379394531,3.1828575134277344,-1.7593413591384888,-0.2157922387123108,2.3902363777160645,-0.014298480935394764,0.27197265625,0.0125885009765625
39,30,-5.74767541885376,3.1552176475524902,-1.8295440673828125,1.1540735960006714,1.291003704071045,-1.6617540121078491,0.27392578125,0.0157470703125
40,29,-5.730476379394531,3.1828575134277344,-1.7593413591384888,-0.2157922387123108,2.3902363777160645,-0.014298480935394764,0.27197265625,0.0125885009765625
41,31,-5.701491832733154,3.159618616104126,-1.7941619157791138,1.1546885967254639,1.2896429300308228,-1.6623831987380981,0.27197265625,0.0157470703125
42,31,-5.701491832733154,3.159618616104126,-1.7941619157791138,1.1546885967254639,1.2896429300308228,-1.6623831987380981,0.27197265625,0.0157470703125
43,32,-5.743106842041016,3.104543447494507,-1.8291795253753662,1.455012559890747,0.11204466968774796,-1.9053577184677124,0.27392578125,0.0189056396484375
44,30,-5.74767541885376,3.1552176475524902,-1.8295440673828125,1.1540735960006714,1.291003704071045,-1.6617540121078491,0.27392578125,0.0157470703125
45,31,-5.701491832733154,3.159618616104126,-1.7941619157791138,1.1546885967254639,1.2896429300308228,-1.6623831987380981,0.27197265625,0.0157470703125
46,33,-5.696961879730225,3.1086134910583496,-1.7935571670532227,1.455012559890747,0.11204469949007034,-1.9053577184677124,0.27197265625,0.0189208984375
47,32,-5.743106842041016,3.104543447494507,-1.8291795253753662,1.455012559890747,0.11204466968774796,-1.9053577184677124,0.27392578125,0.0189056396484375
48,34,-5.800961971282959,3.1508736610412598,-1.7591187953948975,-1.9057103395462036,-0.18220508098602295,-1.4474365711212158,0.047607421875,0.00902557373046875
49,35,-5.776586055755615,3.1784942150115967,-1.7946914434432983,-1.9015377759933472,-0.18560050427913666,-1.452484130859375,0.047607421875,0.006656646728515625
50,36,-5.796394348144531,3.1002004146575928,-1.758754849433899,-1.9015405178070068,-0.1855984926223755,-1.4524807929992676,0.04559326171875,0.0102081298828125
51,37,-5.74767541885376,3.1552176475524902,-1.8295440673828125,-1.9015384912490845,-0.18560273945331573,-1.452483057975769,0.045562744140625,0.005481719970703125
52,36,-5.796394348144531,3.1002004146575928,-1.758754849433899,-1.9015405178070068,-0.1855984926223755,-1.4524807929992676,0.04559326171875,0.0102081298828125
53,35,-5.776586055755615,3.1784942150115967,-1.7946914434432983,-1.9015377759933472,-0.18560050427913666,-1.452484130859375,0.047607421875,0.006656646728515625
54,37,-5.74767541885376,3.1552176475524902,-1.8295440673828125,-1.9015384912490845,-0.18560273945331573,-1.452483057975769,0.045562744140625,0.005481719970703125
55,38,-5.767413139343262,3.0768535137176514,-1.7936909198760986,-1.9015368223190308,-0.18560393154621124,-1.4524846076965332,0.04351806640625,0.009033203125
56,36,-5.796394348144531,3.1002004146575928,-1.758754849433899,-1.9015405178070068,-0.1855984926223755,-1.4524807929992676,0.04559326171875,0.0102081298828125
57,38,-5.767413139343262,3.0768535137176514,-1.7936909198760986,-1.9015368223190308,-0.18560393154621124,-1.4524846076965332,0.04351806640625,0.009033203125
58,37,-5.74767541885376,3.1552176475524902,-1.8295440673828125,-1.9015384912490845,-0.18560273945331573,-1.452483057975769,0.045562744140625,0.005481719970703125
59,39,-5.743106842041016,3.104543447494507,-1.8291795253753662,-1.9057103395462036,-0.1822400838136673,-1.4474321603775024,0.04351806640625,0.006664276123046875
60,40,4.439146995544434,2.3107635974884033,-0.2872622311115265,2.3981165885925293,-0.027227377519011497,0.09109676629304886,0.193359375,0.31787109375
61,41,4.445870399475098,2.903810501098633,-0.28700682520866394,2.3981165885925293,-0.027227358892560005,0.09109676629304886,0.2208251953125,0.31787109375
62,42,4.4432902336120605,2.903810501098633,-0.21908551454544067,2.397681713104248,0.053201138973236084,0.09108024090528488,0.2208251953125,0.314697265625
63,43,4.413198947906494,2.903810501098633,0.5730571746826172,2.397681713104248,0.05320115014910698,0.09108024090528488,0.2208251953125,0.27783203125
64,40,4.439146995544434,2.3107635974884033,-0.2872622311115265,2.3981165885925293,-0.027227377519011497,0.09109676629304886,0.193359375,0.31787109375
65,42,4.4432902336120605,2.903810501098633,-0.21908551454544067,2.397681713104248,0.053201138973236084,0.09108024090528488,0.2208251953125,0.314697265625
66,43,4.413198947906494,2.903810501098633,0.5730571746826172,2.397681713104248,0.05320115014910698,0.09108024090528488,0.2208251953125,0.27783203125
67,44,4.403895378112793,2.3107635974884033,0.6407231092453003,2.3981165885925293,-0.027227377519011497,0.09109676629304886,0.193359375,0.274658203125
68,40,4.439146995544434,2.3107635974884033,-0.2872622311115265,2.3981165885925293,-0.027227377519011497,0.09109676629304886,0.193359375,0.31787109375
69,44,4.403895378112793,2.3107635974884033,0.6407231092453003,2.3981165885925293,-0.027227377519011497,0.09109676629304886,0.193359375,0.274658203125
70,43,4.413198947906494,2.903810501098633,0.5730571746826172,2.397681713104248,0.05320115014910698,0.09108024090528488,0.2208251953125,0.27783203125
71,45,4.410618782043457,2.903810501098633,0.6409784555435181,2.3981165885925293,-0.02722739614546299,0.09109676629304886,0.2208251953125,0.274658203125
72,46,4.393927097320557,3.167879343032837,-0.09868714213371277,2.3645477294921875,0.40106090903282166,0.08982159197330475,0.2335205078125,0.30908203125
73,43,4.413198947906494,2.903810501098633,0.5730571746826172,2.397681713104248,0.05320115014910698,0.09108024090528488,0.2208251953125,0.27783203125
74,42,4.4432902336120605,2.903810501098633,-0.21908551454544067,2.397681713104248,0.053201138973236084,0.09108024090528488,0.2208251953125,0.314697265625
75,46,4.393927097320557,3.167879343032837,-0.09868714213371277,2.3645477294921875,0.40106090903282166,0.08982159197330475,0.2335205078125,0.30908203125
76,47,4.373112201690674,3.167879343032837,0.449260950088501,2.3645477294921875,0.40106093883514404,0.08982159197330475,0.2335205078125,0.28369140625
77,43,4.413198947906494,2.903810501098633,0.5730571746826172,2.397681713104248,0.05320115014910698,0.09108024090528488,0.2208251953125,0.27783203125
78,48,4.445870399475098,2.903810501098633,-0.28700682520866394,0.027206966653466225,2.399845600128174,0.0010335054248571396,0.1951904296875,0.69287109375
79,49,3.270690679550171,2.9171526432037354,-0.3316481411457062,0.027206966653466225,2.399845600128174,0.0010335054248571396,0.248779296875,0.69287109375
80,50,3.268110513687134,2.9171526432037354,-0.2637268304824829,0.027206966653466225,2.399845600128174,0.0010335054248571396,0.248779296875,0.689453125
81,48,4.445870399475098,2.903810501098633,-0.28700682520866394,0.027206966653466225,2.399845600128174,0.0010335054248571396,0.1951904296875,0.69287109375
82,50,3.268110513687134,2.9171526432037354,-0.2637268304824829,0.027206966653466225,2.399845600128174,0.0010335054248571396,0.248779296875,0.689453125
83,51,4.4432902336120605,2.903810501098633,-0.21908551454544067,0.027206966653466225,2.399845600128174,0.0010335054248571396,0.1951904296875,0.689453125
84,52,3.270690679550171,2.9171526432037354,-0.3316481411457062,-2.3981165885925293,0.027225887402892113,-0.09109676629304886,0.26708984375,0.302734375
85,53,3.263967275619507,2.324105739593506,-0.3319035470485687,-2.3981165885925293,0.027225887402892113,-0.09109676629304886,0.23974609375,0.302734375
86,54,3.268110513687134,2.9171526432037354,-0.2637268304824829,-2.3981165885925293,0.027226002886891365,-0.09109676629304886,0.26708984375,0.305908203125
87,55,3.2287161350250244,2.324105739593506,0.5960817933082581,-2.3981165885925293,0.027225889265537262,-0.09109676629304886,0.23974609375,0.345703125
88,54,3.268110513687134,2.9171526432037354,-0.2637268304824829,-2.3981165885925293,0.027226002886891365,-0.09109676629304886,0.26708984375,0.305908203125
89,53,3.263967275619507,2.324105739593506,-0.3319035470485687,-2.3981165885925293,0.027225887402892113,-0.09109676629304886,0.23974609375,0.302734375
90,55,3.2287161350250244,2.324105739593506,0.5960817933082581,-2.3981165885925293,0.027225889265537262,-0.09109676629304886,0.23974609375,0.345703125
91,56,3.2380197048187256,2.9171526432037354,0.528415858745575,-2.3981165885925293,0.027226002886891365,-0.09109676629304886,0.26708984375,0.342529296875
92,54,3.268110513687134,2.9171526432037354,-0.2637268304824829,-2.3981165885925293,0.027226002886891365,-0.09109676629304886,0.26708984375,0.305908203125
93,55,3.2287161350250244,2.324105739593506,0.5960817933082581,-2.3981165885925293,0.027225889265537262,-0.09109676629304886,0.23974609375,0.345703125
94,57,3.2354395389556885,2.9171526432037354,0.5963371992111206,-2.3981165885925293,0.027225887402892113,-0.09109676629304886,0.26708984375,0.345703125
95,56,3.2380197048187256,2.9171526432037354,0.528415858745575,-2.3981165885925293,0.027226002886891365,-0.09109676629304886,0.26708984375,0.342529296875
96,58,3.24564528465271,3.1806797981262207,0.4064320921897888,-2.3981165885925293,0.02722652442753315,-0.09109676629304886,0.279296875,0.3369140625
97,54,3.268110513687134,2.9171526432037354,-0.2637268304824829,-2.3981165885925293,0.027226002886891365,-0.09109676629304886,0.26708984375,0.305908203125
98,56,3.2380197048187256,2.9171526432037354,0.528415858745575,-2.3981165885925293,0.027226002886891365,-0.09109676629304886,0.26708984375,0.342529296875
99,58,3.24564528465271,3.1806797981262207,0.4064320921897888,-2.3981165885925293,0.02722652442753315,-0.09109676629304886,0.279296875,0.3369140625
100,59,3.2664601802825928,3.1806797981262207,-0.14151600003242493,-2.3981165885925293,0.02722652070224285,-0.09109676629304886,0.279296875,0.3115234375
101,54,3.268110513687134,2.9171526432037354,-0.2637268304824829,-2.3981165885925293,0.027226002886891365,-0.09109676629304886,0.26708984375,0.305908203125
102,60,4.403895378112793,2.3107635974884033,0.6407231092453003,-0.09110262989997864,-2.936771224831434e-16,2.398271083831787,0.1951904296875,0.60400390625
103,61,4.410618782043457,2.903810501098633,0.6409784555435181,-0.09110262989997864,-2.936771224831434e-16,2.398271083831787,0.1951904296875,0.6318359375
104,62,3.2354395389556885,2.9171526432037354,0.5963371992111206,-0.09110262989997864,-2.936771224831434e-16,2.398271083831787,0.248779296875,0.6318359375
105,60,4.403895378112793,2.3107635974884033,0.6407231092453003,-0.09110262989997864,-2.936771224831434e-16,2.398271083831787,0.1951904296875,0.60400390625
106,62,3.2354395389556885,2.9171526432037354,0.5963371992111206,-0.09110262989997864,-2.936771224831434e-16,2.398271083831787,0.248779296875,0.6318359375
107,63,3.2287161350250244,2.324105739593506,0.5960817933082581,-0.09110262989997864,-2.936771224831434e-16,2.398271083831787,0.248779296875,0.60400390625
108,64,3.263967275619507,2.324105739593506,-0.3319035470485687,0.09110262989997864,2.936771224831434e-16,-2.398271083831787,0.248779296875,0.72021484375
109,65,3.270690679550171,2.9171526432037354,-0.3316481411457062,0.09110262989997864,2.936771224831434e-16,-2.398271083831787,0.248779296875,0.69287109375
110,66,4.445870399475098,2.903810501098633,-0.28700682520866394,0.09110262989997864,2.936771224831434e-16,-2.398271083831787,0.1951904296875,0.69287109375
111,64,3.263967275619507,2.324105739593506,-0.3319035470485687,0.09110262989997864,2.936771224831434e-16,-2.398271083831787,0.248779296875,0.72021484375
112,66,4.445870399475098,2.903810501098633,-0.28700682520866394,0.09110262989997864,2.936771224831434e-16,-2.398271083831787,0.1951904296875,0.69287109375
113,67,4.439146995544434,2.3107635974884033,-0.2872622311115265,0.09110262989997864,2.936771224831434e-16,-2.398271083831787,0.1951904296875,0.72021484375
114,68,3.2380197048187256,2.9171526432037354,0.528415858745575,0.027206989005208015,2.399845600128174,0.0010335063561797142,0.248779296875,0.634765625
115,69,3.2354395389556885,2.9171526432037354,0.5963371992111206,0.027206989005208015,2.399845600128174,0.0010335063561797142,0.248779296875,0.6318359375
116,70,4.410618782043457,2.903810501098633,0.6409784555435181,0.027206989005208015,2.399845600128174,0.0010335063561797142,0.1951904296875,0.6318359375
117,68,3.2380197048187256,2.9171526432037354,0.528415858745575,0.027206989005208015,2.399845600128174,0.0010335063561797142,0.248779296875,0.634765625
118,70,4.410618782043457,2.903810501098633,0.6409784555435181,0.027206989005208015,2.399845600128174,0.0010335063561797142,0.1951904296875,0.6318359375
119,71,4.413198947906494,2.903810501098633,0.5730571746826172,0.027206989005208015,2.399845600128174,0.0010335063561797142,0.1951904296875,0.634765625
120,72,4.373112201690674,3.167879343032837,0.449260950088501,0.027207333594560623,2.399845600128174,0.0010335193946957588,0.1951904296875,0.6494140625
121,73,4.393927097320557,3.167879343032837,-0.09868714213371277,0.027207333594560623,2.399845600128174,0.0010335193946957588,0.1951904296875,0.67529296875
122,74,3.2664601802825928,3.1806797981262207,-0.14151600003242493,0.027207333594560623,2.399845600128174,0.0010335193946957588,0.248779296875,0.67529296875
123,72,4.373112201690674,3.167879343032837,0.449260950088501,0.027207333594560623,2.399845600128174,0.0010335193946957588,0.1951904296875,0.6494140625
124,74,3.2664601802825928,3.1806797981262207,-0.14151600003242493,0.027207333594560623,2.399845600128174,0.0010335193946957588,0.248779296875,0.67529296875
125,75,3.24564528465271,3.1806797981262207,0.4064320921897888,0.027207333594560623,2.399845600128174,0.0010335193946957588,0.248779296875,0.6494140625
126,76,3.268110513687134,2.9171526432037354,-0.2637268304824829,0.09409565478563309,1.0094174146652222,-2.175368070602417,0.248779296875,0.689453125
127,77,3.2664601802825928,3.1806797981262207,-0.14151600003242493,0.09409565478563309,1.0094174146652222,-2.175368070602417,0.248779296875,0.67529296875
128,78,4.393927097320557,3.167879343032837,-0.09868714213371277,0.09409565478563309,1.0094174146652222,-2.175368070602417,0.1951904296875,0.67529296875
129,76,3.268110513687134,2.9171526432037354,-0.2637268304824829,0.09409565478563309,1.0094174146652222,-2.175368070602417,0.248779296875,0.689453125
130,78,4.393927097320557,3.167879343032837,-0.09868714213371277,0.09409565478563309,1.0094174146652222,-2.175368070602417,0.1951904296875,0.67529296875
131,79,4.4432902336120605,2.903810501098633,-0.21908551454544067,0.09409565478563309,1.0094174146652222,-2.175368070602417,0.1951904296875,0.689453125
132,80,4.413198947906494,2.903810501098633,0.5730571746826172,-0.07120788842439651,1.0094170570373535,2.1762373447418213,0.1951904296875,0.634765625
133,81,4.373112201690674,3.167879343032837,0.449260950088501,-0.07120788842439651,1.0094170570373535,2.1762373447418213,0.1951904296875,0.6494140625
134,82,3.24564528465271,3.1806797981262207,0.4064320921897888,-0.07120788842439651,1.0094170570373535,2.1762373447418213,0.248779296875,0.6494140625
135,80,4.413198947906494,2.903810501098633,0.5730571746826172,-0.07120788842439651,1.0094170570373535,2.1762373447418213,0.1951904296875,0.634765625
136,82,3.24564528465271,3.1806797981262207,0.4064320921897888,-0.07120788842439651,1.0094170570373535,2.1762373447418213,0.248779296875,0.6494140625
137,83,3.2380197048187256,2.9171526432037354,0.528415858745575,-0.07120788842439651,1.009417176246643,2.1762373447418213,0.248779296875,0.634765625
138,84,-2.7643682956695557,4.369194030761719,-1.0250710248947144,-1.9164619445800781,-0.14056217670440674,-1.437852144241333,0.2305908203125,0.73388671875
139,85,-2.714616537094116,4.325272560119629,-1.0015357732772827,-0.9765300154685974,-1.7868387699127197,-1.2702745199203491,0.2275390625,0.73388671875
140,86,-4.118745803833008,3.7239603996276855,0.9237350821495056,-0.9765300154685974,-1.7868387699127197,-1.2702745199203491,0.2275390625,0.8427734375
141,84,-2.7643682956695557,4.369194030761719,-1.0250710248947144,-1.9164619445800781,-0.14056217670440674,-1.437852144241333,0.2305908203125,0.73388671875
142,86,-4.118745803833008,3.7239603996276855,0.9237350821495056,-0.9765300154685974,-1.7868387699127197,-1.2702745199203491,0.2275390625,0.8427734375
143,87,-4.1684980392456055,3.7678818702697754,0.9001997709274292,-1.953074336051941,0.09122851490974426,-1.391826868057251,0.2305908203125,0.8427734375
144,88,-2.743431329727173,4.44661808013916,-0.9772623777389526,-1.2231122255325317,2.0501177310943604,-0.24701189994812012,0.2353515625,0.73388671875
145,84,-2.7643682956695557,4.369194030761719,-1.0250710248947144,-1.9164619445800781,-0.14056217670440674,-1.437852144241333,0.2305908203125,0.73388671875
146,87,-4.1684980392456055,3.7678818702697754,0.9001997709274292,-1.953074336051941,0.09122851490974426,-1.391826868057251,0.2305908203125,0.8427734375
147,88,-2.743431329727173,4.44661808013916,-0.9772623777389526,-1.2231122255325317,2.0501177310943604,-0.24701189994812012,0.2353515625,0.73388671875
148,87,-4.1684980392456055,3.7678818702697754,0.9001997709274292,-1.953074336051941,0.09122851490974426,-1.391826868057251,0.2305908203125,0.8427734375
149,89,-4.158394813537598,3.8331246376037598,0.973898708820343,-1.0184522867202759,2.172365427017212,-0.05986369028687477,0.2353515625,0.8427734375
150,90,-2.690882682800293,4.404971122741699,-0.9014723300933838,1.4157297611236572,1.298006534576416,1.4390591382980347,0.239990234375,0.73388671875
151,88,-2.743431329727173,4.44661808013916,-0.9772623777389526,-1.2231122255325317,2.0501177310943604,-0.24701189994812012,0.2353515625,0.73388671875
152,89,-4.158394813537598,3.8331246376037598,0.973898708820343,-1.0184522867202759,2.172365427017212,-0.05986369028687477,0.2353515625,0.8427734375
153,90,-2.690882682800293,4.404971122741699,-0.9014723300933838,1.4157297611236572,1.298006534576416,1.4390591382980347,0.239990234375,0.73388671875
154,89,-4.158394813537598,3.8331246376037598,0.973898708820343,-1.0184522867202759,2.172365427017212,-0.05986369028687477,0.2353515625,0.8427734375
155,91,-4.068439960479736,3.8150391578674316,0.9873632192611694,1.2386943101882935,1.5231882333755493,1.3804117441177368,0.239990234375,0.8427734375
156,92,-2.6645877361297607,4.348850250244141,-0.9579540491104126,1.969689965248108,-0.39781954884529114,1.312274694442749,0.2430419921875,0.73388671875
157,90,-2.690882682800293,4.404971122741699,-0.9014723300933838,1.4157297611236572,1.298006534576416,1.4390591382980347,0.239990234375,0.73388671875
158,91,-4.068439960479736,3.8150391578674316,0.9873632192611694,1.2386943101882935,1.5231882333755493,1.3804117441177368,0.239990234375,0.8427734375
159,92,-2.6645877361297607,4.348850250244141,-0.9579540491104126,1.969689965248108,-0.39781954884529114,1.312274694442749,0.2430419921875,0.73388671875
160,91,-4.068439960479736,3.8150391578674316,0.9873632192611694,1.2386943101882935,1.5231882333755493,1.3804117441177368,0.239990234375,0.8427734375
161,93,-4.0687174797058105,3.7475388050079346,0.9673168063163757,1.969689965248108,-0.397819459438324,1.31227445602417,0.2430419921875,0.8427734375
162,94,-2.8378493785858154,4.369194030761719,0.7996107339859009,-2.035686492919922,-0.08956511318683624,1.2680543661117554,0.298583984375,0.74072265625
163,95,-4.0311360359191895,3.7239603996276855,-1.25179123878479,-1.075512170791626,-1.7868387699127197,1.187637209892273,0.301513671875,0.8486328125
164,96,-2.7863662242889404,4.325272560119629,0.7801522612571716,-1.075512170791626,-1.7868387699127197,1.187637209892273,0.301513671875,0.74072265625
165,94,-2.8378493785858154,4.369194030761719,0.7996107339859009,-2.035686492919922,-0.08956511318683624,1.2680543661117554,0.298583984375,0.74072265625
166,97,-4.082619667053223,3.7678818702697754,-1.232332706451416,-2.055269479751587,0.050653889775276184,1.2382670640945435,0.298583984375,0.8486328125
167,95,-4.0311360359191895,3.7239603996276855,-1.25179123878479,-1.075512170791626,-1.7868387699127197,1.187637209892273,0.301513671875,0.8486328125
168,98,-2.8092968463897705,4.446576118469238,0.7599417567253113,-1.2704222202301025,2.029099225997925,0.16966292262077332,0.2939453125,0.74072265625
169,97,-4.082619667053223,3.7678818702697754,-1.232332706451416,-2.055269479751587,0.050653889775276184,1.2382670640945435,0.298583984375,0.8486328125
170,94,-2.8378493785858154,4.369194030761719,0.7996107339859009,-2.035686492919922,-0.08956511318683624,1.2680543661117554,0.298583984375,0.74072265625
171,98,-2.8092968463897705,4.446576118469238,0.7599417567253113,-1.2704222202301025,2.029099225997925,0.16966292262077332,0.2939453125,0.74072265625
172,99,-4.05869197845459,3.827958583831787,-1.2935597896575928,-1.0125279426574707,2.1757278442382812,-0.031573981046676636,0.2939453125,0.8486328125
173,97,-4.082619667053223,3.7678818702697754,-1.232332706451416,-2.055269479751587,0.050653889775276184,1.2382670640945435,0.298583984375,0.8486328125
174,100,-2.7593469619750977,4.402709007263184,0.6746756434440613,1.4782954454421997,1.361093521118164,-1.3122763633728027,0.289306640625,0.74072265625
175,99,-4.05869197845459,3.827958583831787,-1.2935597896575928,-1.0125279426574707,2.1757278442382812,-0.031573981046676636,0.2939453125,0.8486328125
176,98,-2.8092968463897705,4.446576118469238,0.7599417567253113,-1.2704222202301025,2.029099225997925,0.16966292262077332,0.2939453125,0.74072265625
177,100,-2.7593469619750977,4.402709007263184,0.6746756434440613,1.4782954454421997,1.361093521118164,-1.3122763633728027,0.289306640625,0.74072265625
178,101,-3.975876808166504,3.8150391578674316,-1.3111683130264282,1.3403905630111694,1.5270862579345703,-1.2772482633590698,0.289306640625,0.8486328125
179,99,-4.05869197845459,3.827958583831787,-1.2935597896575928,-1.0125279426574707,2.1757278442382812,-0.031573981046676636,0.2939453125,0.8486328125
180,102,-2.732994794845581,4.348850250244141,0.7407345771789551,2.068836212158203,-0.39781829714775085,-1.1496353149414062,0.2861328125,0.74072265625
181,101,-3.975876808166504,3.8150391578674316,-1.3111683130264282,1.3403905630111694,1.5270862579345703,-1.2772482633590698,0.289306640625,0.8486328125
182,100,-2.7593469619750977,4.402709007263184,0.6746756434440613,1.4782954454421997,1.361093521118164,-1.3122763633728027,0.289306640625,0.74072265625
183,102,-2.732994794845581,4.348850250244141,0.7407345771789551,2.068836212158203,-0.39781829714775085,-1.1496353149414062,0.2861328125,0.74072265625
184,103,-3.9777653217315674,3.7475388050079346,-1.291209101676941,2.068836212158203,-0.39781829714775085,-1.1496353149414062,0.2861328125,0.8486328125
185,101,-3.975876808166504,3.8150391578674316,-1.3111683130264282,1.3403905630111694,1.5270862579345703,-1.2772482633590698,0.289306640625,0.8486328125
186,104,-4.113085746765137,3.757798194885254,-1.293073296546936,-2.046527147293091,1.250920057296753,-0.0832342654466629,0.018402099609375,0.83984375
187,105,-4.203743934631348,3.757798194885254,0.958160400390625,-2.046527147293091,1.250920295715332,-0.0832342654466629,0.018402099609375,0.74462890625
188,106,-4.159676551818848,3.8323941230773926,0.973577618598938,-1.1823797225952148,2.0879616737365723,-0.048932306468486786,0.01393890380859375,0.74462890625
189,104,-4.113085746765137,3.757798194885254,-1.293073296546936,-2.046527147293091,1.250920057296753,-0.0832342654466629,0.018402099609375,0.83984375
190,106,-4.159676551818848,3.8323941230773926,0.973577618598938,-1.1823797225952148,2.0879616737365723,-0.048932306468486786,0.01393890380859375,0.74462890625
191,107,-4.068256855010986,3.829601526260376,-1.2940317392349243,-1.1768262386322021,2.091102361679077,-0.04871048033237457,0.01393890380859375,0.83984375
192,107,-4.068256855010986,3.829601526260376,-1.2940317392349243,-1.1768262386322021,2.091102361679077,-0.04871048033237457,0.01393890380859375,0.83984375
193,106,-4.159676551818848,3.8323941230773926,0.973577618598938,-1.1823797225952148,2.0879616737365723,-0.048932306468486786,0.01393890380859375,0.74462890625
194,108,-4.081089973449707,3.8268256187438965,0.9630997180938721,1.5754865407943726,1.8094090223312378,0.0623193122446537,0.00946807861328125,0.74462890625
195,107,-4.068256855010986,3.829601526260376,-1.2940317392349243,-1.1768262386322021,2.091102361679077,-0.04871048033237457,0.01393890380859375,0.83984375
196,108,-4.081089973449707,3.8268256187438965,0.9630997180938721,1.5754865407943726,1.8094090223312378,0.0623193122446537,0.00946807861328125,0.74462890625
197,109,-3.990431547164917,3.8268256187438965,-1.288133978843689,1.6442335844039917,1.7470706701278687,0.06512574106454849,0.00946807861328125,0.83984375
198,109,-3.990431547164917,3.8268256187438965,-1.288133978843689,1.6442335844039917,1.7470706701278687,0.06512574106454849,0.00946807861328125,0.83984375
199,108,-4.081089973449707,3.8268256187438965,0.9630997180938721,1.5754865407943726,1.8094090223312378,0.0623193122446537,0.00946807861328125,0.74462890625
200,110,-4.081888198852539,3.7564146518707275,0.9630675911903381,2.3979029655456543,-0.027222683653235435,0.09656493365764618,0.006488800048828125,0.74462890625
201,109,-3.990431547164917,3.8268256187438965,-1.288133978843689,1.6442335844039917,1.7470706701278687,0.06512574106454849,0.00946807861328125,0.83984375
202,110,-4.081888198852539,3.7564146518707275,0.9630675911903381,2.3979029655456543,-0.027222683653235435,0.09656493365764618,0.006488800048828125,0.74462890625
203,111,-3.991229772567749,3.7564146518707275,-1.2881660461425781,2.3979029655456543,-0.027222683653235435,0.09656493365764618,0.006488800048828125,0.83984375
204,112,-4.579870700836182,3.5254039764404297,1.5642473697662354,2.3144731521606445,-0.5880982279777527,0.23949205875396729,0.18408203125,0.61572265625
205,113,-4.748632431030273,3.362853765487671,1.581845998764038,1.6628693342208862,-1.6826081275939941,0.4045955538749695,0.18408203125,0.6044921875
206,114,-4.720632076263428,3.2715389728546143,1.0870132446289062,1.6628693342208862,-1.6826081275939941,0.4045954942703247,0.1607666015625,0.6044921875
207,112,-4.579870700836182,3.5254039764404297,1.5642473697662354,2.3144731521606445,-0.5880982279777527,0.23949205875396729,0.18408203125,0.61572265625
208,114,-4.720632076263428,3.2715389728546143,1.0870132446289062,1.6628693342208862,-1.6826081275939941,0.4045954942703247,0.1607666015625,0.6044921875
209,115,-4.551869869232178,3.4340896606445312,1.0694146156311035,2.312805414199829,-0.5942075848579407,0.2405250519514084,0.1607666015625,0.61572265625
210,115,-4.551869869232178,3.4340896606445312,1.0694146156311035,2.312805414199829,-0.5942075848579407,0.2405250519514084,0.1607666015625,0.61572265625
211,116,-4.570682048797607,4.015639305114746,1.4743008613586426,2.3358139991760254,0.5504911541938782,0.030589155852794647,0.18408203125,0.638671875
212,112,-4.579870700836182,3.5254039764404297,1.5642473697662354,2.3144731521606445,-0.5880982279777527,0.23949205875396729,0.18408203125,0.61572265625
213,115,-4.551869869232178,3.4340896606445312,1.0694146156311035,2.312805414199829,-0.5942075848579407,0.2405250519514084,0.1607666015625,0.61572265625
214,117,-4.5426812171936035,3.9243245124816895,0.9794682264328003,2.3343751430511475,0.5566260814666748,0.02937564253807068,0.1607666015625,0.638671875
215,116,-4.570682048797607,4.015639305114746,1.4743008613586426,2.3358139991760254,0.5504911541938782,0.030589155852794647,0.18408203125,0.638671875
216,118,-4.73331880569458,4.179858207702637,1.4319452047348022,0.35868290066719055,2.337183713912964,-0.4109974205493927,0.18408203125,0.6494140625
217,116,-4.570682048797607,4.015639305114746,1.4743008613586426,2.3358139991760254,0.5504911541938782,0.030589155852794647,0.18408203125,0.638671875
218,117,-4.5426812171936035,3.9243245124816895,0.9794682264328003,2.3343751430511475,0.5566260814666748,0.02937564253807068,0.1607666015625,0.638671875
219,118,-4.73331880569458,4.179858207702637,1.4319452047348022,0.35868290066719055,2.337183713912964,-0.4109974205493927,0.18408203125,0.6494140625
220,117,-4.5426812171936035,3.9243245124816895,0.9794682264328003,2.3343751430511475,0.5566260814666748,0.02937564253807068,0.1607666015625,0.638671875
221,119,-4.705318927764893,4.088543891906738,0.9371128678321838,0.3490113914012909,2.338508367538452,-0.4117891490459442,0.1607666015625,0.6494140625
222,119,-4.705318927764893,4.088543891906738,0.9371128678321838,0.3490113914012909,2.338508367538452,-0.4117891490459442,0.1607666015625,0.6494140625
223,120,-5.837730884552002,4.185420989990234,1.3494415283203125,-0.26125746965408325,2.3434436321258545,-0.4472326338291168,0.18408203125,0.70068359375
224,118,-4.73331880569458,4.179858207702637,1.4319452047348022,0.35868290066719055,2.337183713912964,-0.4109974205493927,0.18408203125,0.6494140625
225,119,-4.705318927764893,4.088543891906738,0.9371128678321838,0.3490113914012909,2.338508367538452,-0.4117891490459442,0.1607666015625,0.6494140625
226,121,-5.809730529785156,4.094106674194336,0.8546092510223389,-0.2709764838218689,2.342275857925415,-0.4475671648979187,0.1607666015625,0.70068359375
227,120,-5.837730884552002,4.185420989990234,1.3494415283203125,-0.26125746965408325,2.3434436321258545,-0.4472326338291168,0.18408203125,0.70068359375
228,122,-6.006493091583252,4.022871017456055,1.3670402765274048,-2.31280517578125,0.5942090153694153,-0.24052420258522034,0.18408203125,0.7119140625
229,120,-5.837730884552002,4.185420989990234,1.3494415283203125,-0.26125746965408325,2.3434436321258545,-0.4472326338291168,0.18408203125,0.70068359375
230,121,-5.809730529785156,4.094106674194336,0.8546092510223389,-0.2709764838218689,2.342275857925415,-0.4475671648979187,0.1607666015625,0.70068359375
231,122,-6.006493091583252,4.022871017456055,1.3670402765274048,-2.31280517578125,0.5942090153694153,-0.24052420258522034,0.18408203125,0.7119140625
232,121,-5.809730529785156,4.094106674194336,0.8546092510223389,-0.2709764838218689,2.342275857925415,-0.4475671648979187,0.1607666015625,0.70068359375
233,123,-5.978492259979248,3.931556224822998,0.8722078800201416,-2.3144731521606445,0.5880985856056213,-0.23949101567268372,0.1607666015625,0.7119140625
234,123,-5.978492259979248,3.931556224822998,0.8722078800201416,-2.3144731521606445,0.5880985856056213,-0.23949101567268372,0.1607666015625,0.7119140625
235,124,-6.015681266784668,3.5326359272003174,1.456986904144287,-2.3343753814697266,-0.5566253066062927,-0.02937275916337967,0.18408203125,0.73486328125
236,122,-6.006493091583252,4.022871017456055,1.3670402765274048,-2.31280517578125,0.5942090153694153,-0.24052420258522034,0.18408203125,0.7119140625
237,123,-5.978492259979248,3.931556224822998,0.8722078800201416,-2.3144731521606445,0.5880985856056213,-0.23949101567268372,0.1607666015625,0.7119140625
238,125,-5.987680435180664,3.4413206577301025,0.9621542692184448,-2.3358142375946045,-0.5504911541938782,-0.030586138367652893,0.1607666015625,0.73486328125
239,124,-6.015681266784668,3.5326359272003174,1.456986904144287,-2.3343753814697266,-0.5566253066062927,-0.02937275916337967,0.18408203125,0.73486328125
240,126,-5.853044033050537,3.3684163093566895,1.4993422031402588,-1.7254279851913452,-1.6552079916000366,0.20781394839286804,0.18408203125,0.74560546875
241,124,-6.015681266784668,3.5326359272003174,1.456986904144287,-2.3343753814697266,-0.5566253066062927,-0.02937275916337967,0.18408203125,0.73486328125
242,125,-5.987680435180664,3.4413206577301025,0.9621542692184448,-2.3358142375946045,-0.5504911541938782,-0.030586138367652893,0.1607666015625,0.73486328125
243,126,-5.853044033050537,3.3684163093566895,1.4993422031402588,-1.7254279851913452,-1.6552079916000366,0.20781394839286804,0.18408203125,0.74560546875
244,125,-5.987680435180664,3.4413206577301025,0.9621542692184448,-2.3358142375946045,-0.5504911541938782,-0.030586138367652893,0.1607666015625,0.73486328125
245,127,-5.825043678283691,3.277101755142212,1.0045100450515747,-1.7254279851913452,-1.6552079916000366,0.20781394839286804,0.1607666015625,0.74560546875
246,128,-4.5426812171936035,3.9243245124816895,0.9794682264328003,0.17364828288555145,-0.43512535095214844,-2.353829860687256,0.42431640625,0.97998046875
247,129,-5.809730529785156,4.094106674194336,0.8546092510223389,0.17364826798439026,-0.43512162566185,-2.3538308143615723,0.365478515625,0.98779296875
248,130,-4.705318927764893,4.088543891906738,0.9371128678321838,0.17364828288555145,-0.4351215660572052,-2.3538308143615723,0.416748046875,0.98779296875
249,128,-4.5426812171936035,3.9243245124816895,0.9794682264328003,0.17364828288555145,-0.43512535095214844,-2.353829860687256,0.42431640625,0.97998046875
250,131,-5.978492259979248,3.931556224822998,0.8722078800201416,0.17364826798439026,-0.43512535095214844,-2.353829860687256,0.357666015625,0.97998046875
251,129,-5.809730529785156,4.094106674194336,0.8546092510223389,0.17364826798439026,-0.43512162566185,-2.3538308143615723,0.365478515625,0.98779296875
252,132,-5.987680435180664,3.4413206577301025,0.9621542692184448,0.17364826798439026,-0.43512603640556335,-2.353829860687256,0.357666015625,0.95703125
253,131,-5.978492259979248,3.931556224822998,0.8722078800201416,0.17364826798439026,-0.43512535095214844,-2.353829860687256,0.357666015625,0.97998046875
254,128,-4.5426812171936035,3.9243245124816895,0.9794682264328003,0.17364828288555145,-0.43512535095214844,-2.353829860687256,0.42431640625,0.97998046875
255,132,-5.987680435180664,3.4413206577301025,0.9621542692184448,0.17364826798439026,-0.43512603640556335,-2.353829860687256,0.357666015625,0.95703125
256,128,-4.5426812171936035,3.9243245124816895,0.9794682264328003,0.17364828288555145,-0.43512535095214844,-2.353829860687256,0.42431640625,0.97998046875
257,133,-4.551869869232178,3.4340896606445312,1.0694146156311035,0.17364826798439026,-0.43512603640556335,-2.353829860687256,0.42431640625,0.95703125
258,132,-5.987680435180664,3.4413206577301025,0.9621542692184448,0.17364826798439026,-0.43512603640556335,-2.353829860687256,0.357666015625,0.95703125
259,133,-4.551869869232178,3.4340896606445312,1.0694146156311035,0.17364826798439026,-0.43512603640556335,-2.353829860687256,0.42431640625,0.95703125
260,134,-4.720632076263428,3.2715389728546143,1.0870132446289062,0.1736481487751007,-0.43512701988220215,-2.3538296222686768,0.416748046875,0.94921875
261,132,-5.987680435180664,3.4413206577301025,0.9621542692184448,0.17364826798439026,-0.43512603640556335,-2.353829860687256,0.357666015625,0.95703125
262,134,-4.720632076263428,3.2715389728546143,1.0870132446289062,0.1736481487751007,-0.43512701988220215,-2.3538296222686768,0.416748046875,0.94921875
263,135,-5.825043678283691,3.277101755142212,1.0045100450515747,0.1736481487751007,-0.4351269602775574,-2.3538296222686768,0.365478515625,0.94921875
264,136,-5.853044033050537,3.3684163093566895,1.4993422031402588,-0.17364835739135742,0.43511930108070374,2.3538310527801514,0.440185546875,0.98876953125
265,137,-4.748632431030273,3.362853765487671,1.581845998764038,-0.17364835739135742,0.43511930108070374,2.3538310527801514,0.491455078125,0.98876953125
266,138,-4.579870700836182,3.5254039764404297,1.5642473697662354,-0.1736481785774231,0.4351262152194977,2.353829860687256,0.4990234375,0.98095703125
267,136,-5.853044033050537,3.3684163093566895,1.4993422031402588,-0.17364835739135742,0.43511930108070374,2.3538310527801514,0.440185546875,0.98876953125
268,138,-4.579870700836182,3.5254039764404297,1.5642473697662354,-0.1736481785774231,0.4351262152194977,2.353829860687256,0.4990234375,0.98095703125
269,139,-6.015681266784668,3.5326359272003174,1.456986904144287,-0.1736481785774231,0.43512624502182007,2.353829860687256,0.432373046875,0.98095703125
270,140,-6.006493091583252,4.022871017456055,1.3670402765274048,-0.1736481785774231,0.43512728810310364,2.3538296222686768,0.432373046875,0.9580078125
271,139,-6.015681266784668,3.5326359272003174,1.456986904144287,-0.1736481785774231,0.43512624502182007,2.353829860687256,0.432373046875,0.98095703125
272,138,-4.579870700836182,3.5254039764404297,1.5642473697662354,-0.1736481785774231,0.4351262152194977,2.353829860687256,0.4990234375,0.98095703125
273,140,-6.006493091583252,4.022871017456055,1.3670402765274048,-0.1736481785774231,0.43512728810310364,2.3538296222686768,0.432373046875,0.9580078125
274,138,-4.579870700836182,3.5254039764404297,1.5642473697662354,-0.1736481785774231,0.4351262152194977,2.353829860687256,0.4990234375,0.98095703125
275,141,-4.570682048797607,4.015639305114746,1.4743008613586426,-0.1736481785774231,0.435127317905426,2.3538296222686768,0.4990234375,0.9580078125
276,142,-4.73331880569458,4.179858207702637,1.4319452047348022,-0.1736484169960022,0.43512752652168274,2.3538296222686768,0.491455078125,0.9501953125
277,140,-6.006493091583252,4.022871017456055,1.3670402765274048,-0.1736481785774231,0.43512728810310364,2.3538296222686768,0.432373046875,0.9580078125
278,141,-4.570682048797607,4.015639305114746,1.4743008613586426,-0.1736481785774231,0.435127317905426,2.3538296222686768,0.4990234375,0.9580078125
279,142,-4.73331880569458,4.179858207702637,1.4319452047348022,-0.1736484169960022,0.43512752652168274,2.3538296222686768,0.491455078125,0.9501953125
280,143,-5.837730884552002,4.185420989990234,1.3494415283203125,-0.1736484169960022,0.43512752652168274,2.3538296222686768,0.440185546875,0.9501953125
281,140,-6.006493091583252,4.022871017456055,1.3670402765274048,-0.1736481785774231,0.43512728810310364,2.3538296222686768,0.432373046875,0.9580078125
282,144,-2.743126392364502,4.063713073730469,1.344007968902588,1.0897430181503296,2.094116449356079,0.4325937032699585,0.51953125,0.748046875
283,145,-2.7431209087371826,4.06385612487793,1.0295910835266113,1.1750975847244263,2.0926408767700195,-0.0006822086870670319,0.51953125,0.76025390625
284,146,-2.822934627532959,4.108425140380859,1.0263769626617432,-1.222686767578125,2.065185546875,0.006957922130823135,0.5244140625,0.76025390625
285,144,-2.743126392364502,4.063713073730469,1.344007968902588,1.0897430181503296,2.094116449356079,0.4325937032699585,0.51953125,0.748046875
286,146,-2.822934627532959,4.108425140380859,1.0263769626617432,-1.222686767578125,2.065185546875,0.006957922130823135,0.5244140625,0.76025390625
287,147,-2.8220603466033936,4.108280181884766,1.3220345973968506,-0.7954784035682678,2.2613508701324463,0.11622032523155212,0.5244140625,0.748046875
288,147,-2.8220603466033936,4.108280181884766,1.3220345973968506,-0.7954784035682678,2.2613508701324463,0.11622032523155212,0.5244140625,0.748046875
289,146,-2.822934627532959,4.108425140380859,1.0263769626617432,-1.222686767578125,2.065185546875,0.006957922130823135,0.5244140625,0.76025390625
290,148,-2.847752094268799,4.0013322830200195,1.0253775119781494,-2.3387136459350586,0.5388423800468445,0.008284926414489746,0.53125,0.76025390625
291,149,-2.8365135192871094,4.014708518981934,1.5055804252624512,0.4308444857597351,1.764636516571045,1.5685770511627197,0.51953125,0.7421875
292,144,-2.743126392364502,4.063713073730469,1.344007968902588,1.0897430181503296,2.094116449356079,0.4325937032699585,0.51953125,0.748046875
293,147,-2.8220603466033936,4.108280181884766,1.3220345973968506,-0.7954784035682678,2.2613508701324463,0.11622032523155212,0.5244140625,0.748046875
294,147,-2.8220603466033936,4.108280181884766,1.3220345973968506,-0.7954784035682678,2.2613508701324463,0.11622032523155212,0.5244140625,0.748046875
295,148,-2.847752094268799,4.0013322830200195,1.0253775119781494,-2.3387136459350586,0.5388423800468445,0.008284926414489746,0.53125,0.76025390625
296,150,-2.846618413925171,4.001187324523926,1.3155224323272705,-2.300102949142456,0.5868454575538635,-0.3537544310092926,0.53125,0.748046875
297,149,-2.8365135192871094,4.014708518981934,1.5055804252624512,0.4308444857597351,1.764636516571045,1.5685770511627197,0.51953125,0.7421875
298,147,-2.8220603466033936,4.108280181884766,1.3220345973968506,-0.7954784035682678,2.2613508701324463,0.11622032523155212,0.5244140625,0.748046875
299,151,-2.8972866535186768,4.070398330688477,1.4597710371017456,-0.6145516037940979,2.2486519813537598,0.570868730545044,0.5244140625,0.7421875
300,151,-2.8972866535186768,4.070398330688477,1.4597710371017456,-0.6145516037940979,2.2486519813537598,0.570868730545044,0.5244140625,0.7421875
301,147,-2.8220603466033936,4.108280181884766,1.3220345973968506,-0.7954784035682678,2.2613508701324463,0.11622032523155212,0.5244140625,0.748046875
302,150,-2.846618413925171,4.001187324523926,1.3155224323272705,-2.300102949142456,0.5868454575538635,-0.3537544310092926,0.53125,0.748046875
303,152,-2.9777767658233643,3.9433112144470215,1.5400669574737549,-0.520220935344696,1.1252979040145874,2.0550129413604736,0.51953125,0.7373046875
304,149,-2.8365135192871094,4.014708518981934,1.5055804252624512,0.4308444857597351,1.764636516571045,1.5685770511627197,0.51953125,0.7421875
305,151,-2.8972866535186768,4.070398330688477,1.4597710371017456,-0.6145516037940979,2.2486519813537598,0.570868730545044,0.5244140625,0.7421875
306,151,-2.8972866535186768,4.070398330688477,1.4597710371017456,-0.6145516037940979,2.2486519813537598,0.570868730545044,0.5244140625,0.7421875
307,150,-2.846618413925171,4.001187324523926,1.3155224323272705,-2.300102949142456,0.5868454575538635,-0.3537544310092926,0.53125,0.748046875
308,153,-2.903604745864868,3.9754538536071777,1.402932047843933,-1.6421810388565063,0.9772641658782959,-1.4519641399383545,0.53125,0.7421875
309,152,-2.9777767658233643,3.9433112144470215,1.5400669574737549,-0.520220935344696,1.1252979040145874,2.0550129413604736,0.51953125,0.7373046875
310,151,-2.8972866535186768,4.070398330688477,1.4597710371017456,-0.6145516037940979,2.2486519813537598,0.570868730545044,0.5244140625,0.7421875
311,154,-3.012277603149414,4.01393985748291,1.4929180145263672,-0.9355869889259338,2.2045652866363525,0.15674880146980286,0.5244140625,0.7373046875
312,154,-3.012277603149414,4.01393985748291,1.4929180145263672,-0.9355869889259338,2.2045652866363525,0.15674880146980286,0.5244140625,0.7373046875
313,151,-2.8972866535186768,4.070398330688477,1.4597710371017456,-0.6145516037940979,2.2486519813537598,0.570868730545044,0.5244140625,0.7421875
314,153,-2.903604745864868,3.9754538536071777,1.402932047843933,-1.6421810388565063,0.9772641658782959,-1.4519641399383545,0.53125,0.7421875
315,155,-4.5471391677856445,3.279350996017456,1.4768853187561035,-0.536108672618866,1.112648367881775,2.0578153133392334,0.51953125,0.66748046875
316,152,-2.9777767658233643,3.9433112144470215,1.5400669574737549,-0.520220935344696,1.1252979040145874,2.0550129413604736,0.51953125,0.7373046875
317,154,-3.012277603149414,4.01393985748291,1.4929180145263672,-0.9355869889259338,2.2045652866363525,0.15674880146980286,0.5244140625,0.7373046875
318,154,-3.012277603149414,4.01393985748291,1.4929180145263672,-0.9355869889259338,2.2045652866363525,0.15674880146980286,0.5244140625,0.7373046875
319,153,-2.903604745864868,3.9754538536071777,1.402932047843933,-1.6421810388565063,0.9772641658782959,-1.4519641399383545,0.53125,0.7421875
320,156,-2.9875950813293457,3.937081813812256,1.417645812034607,-0.6048671007156372,1.5182329416275024,-1.7575852870941162,0.53125,0.7373046875
321,155,-4.5471391677856445,3.279350996017456,1.4768853187561035,-0.536108672618866,1.112648367881775,2.0578153133392334,0.51953125,0.66748046875
322,154,-3.012277603149414,4.01393985748291,1.4929180145263672,-0.9355869889259338,2.2045652866363525,0.15674880146980286,0.5244140625,0.7373046875
323,157,-4.5761189460754395,3.352315902709961,1.4299455881118774,-0.9003013372421265,2.2245640754699707,-0.02778802439570427,0.5244140625,0.66748046875
324,157,-4.5761189460754395,3.352315902709961,1.4299455881118774,-0.9003013372421265,2.2245640754699707,-0.02778802439570427,0.5244140625,0.66748046875
325,154,-3.012277603149414,4.01393985748291,1.4929180145263672,-0.9355869889259338,2.2045652866363525,0.15674880146980286,0.5244140625,0.7373046875
326,156,-2.9875950813293457,3.937081813812256,1.417645812034607,-0.6048671007156372,1.5182329416275024,-1.7575852870941162,0.53125,0.7373046875
327,158,-4.760754585266113,3.222327947616577,1.46828293800354,-0.10600653290748596,1.1987582445144653,2.0764737129211426,0.51953125,0.65966796875
328,155,-4.5471391677856445,3.279350996017456,1.4768853187561035,-0.536108672618866,1.112648367881775,2.0578153133392334,0.51953125,0.66748046875
329,157,-4.5761189460754395,3.352315902709961,1.4299455881118774,-0.9003013372421265,2.2245640754699707,-0.02778802439570427,0.5244140625,0.66748046875
330,157,-4.5761189460754395,3.352315902709961,1.4299455881118774,-0.9003013372421265,2.2245640754699707,-0.02778802439570427,0.5244140625,0.66748046875
331,156,-2.9875950813293457,3.937081813812256,1.417645812034607,-0.6048671007156372,1.5182329416275024,-1.7575852870941162,0.53125,0.7373046875
332,159,-4.542232036590576,3.279350996017456,1.3550221920013428,-0.55743807554245,1.5426217317581177,-1.752022385597229,0.53125,0.66748046875
333,158,-4.760754585266113,3.222327947616577,1.46828293800354,-0.10600653290748596,1.1987582445144653,2.0764737129211426,0.51953125,0.65966796875
334,157,-4.5761189460754395,3.352315902709961,1.4299455881118774,-0.9003013372421265,2.2245640754699707,-0.02778802439570427,0.5244140625,0.66748046875
335,160,-4.758016586303711,3.301539421081543,1.422620415687561,-0.06599796563386917,2.3990912437438965,0.002372391289100051,0.5244140625,0.65966796875
336,160,-4.758016586303711,3.301539421081543,1.422620415687561,-0.06599796563386917,2.3990912437438965,0.002372391289100051,0.5244140625,0.65966796875
337,157,-4.5761189460754395,3.352315902709961,1.4299455881118774,-0.9003013372421265,2.2245640754699707,-0.02778802439570427,0.5244140625,0.66748046875
338,159,-4.542232036590576,3.279350996017456,1.3550221920013428,-0.55743807554245,1.5426217317581177,-1.752022385597229,0.53125,0.66748046875
339,161,-6.18277645111084,3.238474130630493,1.4110172986984253,-0.12928922474384308,1.1994690895080566,2.0747437477111816,0.51953125,0.60107421875
340,158,-4.760754585266113,3.222327947616577,1.46828293800354,-0.10600653290748596,1.1987582445144653,2.0764737129211426,0.51953125,0.65966796875
341,160,-4.758016586303711,3.301539421081543,1.422620415687561,-0.06599796563386917,2.3990912437438965,0.002372391289100051,0.5244140625,0.65966796875
342,160,-4.758016586303711,3.301539421081543,1.422620415687561,-0.06599796563386917,2.3990912437438965,0.002372391289100051,0.5244140625,0.65966796875
343,159,-4.542232036590576,3.279350996017456,1.3550221920013428,-0.55743807554245,1.5426217317581177,-1.752022385597229,0.53125,0.66748046875
344,162,-4.755847454071045,3.222327947616577,1.3464198112487793,0.03729486092925072,1.662775993347168,-1.73025643825531,0.53125,0.65966796875
345,161,-6.18277645111084,3.238474130630493,1.4110172986984253,-0.12928922474384308,1.1994690895080566,2.0747437477111816,0.51953125,0.60107421875
346,160,-4.758016586303711,3.301539421081543,1.422620415687561,-0.06599796563386917,2.3990912437438965,0.002372391289100051,0.5244140625,0.65966796875
347,163,-6.180038928985596,3.317685604095459,1.3653547763824463,-0.007091767154633999,2.3989107608795166,0.0719539225101471,0.5244140625,0.60107421875
348,163,-6.180038928985596,3.317685604095459,1.3653547763824463,-0.007091767154633999,2.3989107608795166,0.0719539225101471,0.5244140625,0.60107421875
349,160,-4.758016586303711,3.301539421081543,1.422620415687561,-0.06599796563386917,2.3990912437438965,0.002372391289100051,0.5244140625,0.65966796875
350,162,-4.755847454071045,3.222327947616577,1.3464198112487793,0.03729486092925072,1.662775993347168,-1.73025643825531,0.53125,0.65966796875
351,163,-6.180038928985596,3.317685604095459,1.3653547763824463,-0.007091767154633999,2.3989107608795166,0.0719539225101471,0.5244140625,0.60107421875
352,164,-6.315634250640869,3.240008592605591,1.3486300706863403,-1.4471927881240845,1.172176718711853,1.5138156414031982,0.51953125,0.59765625
353,161,-6.18277645111084,3.238474130630493,1.4110172986984253,-0.12928922474384308,1.1994690895080566,2.0747437477111816,0.51953125,0.60107421875
354,163,-6.180038928985596,3.317685604095459,1.3653547763824463,-0.007091767154633999,2.3989107608795166,0.0719539225101471,0.5244140625,0.60107421875
355,162,-4.755847454071045,3.222327947616577,1.3464198112487793,0.03729486092925072,1.662775993347168,-1.73025643825531,0.53125,0.65966796875
356,165,-6.1778693199157715,3.238474130630493,1.2891541719436646,0.1288105547428131,1.6623188257217407,-1.726298451423645,0.53125,0.60107421875
357,163,-6.180038928985596,3.317685604095459,1.3653547763824463,-0.007091767154633999,2.3989107608795166,0.0719539225101471,0.5244140625,0.60107421875
358,166,-6.28169059753418,3.318859100341797,1.3186380863189697,-0.6781170964241028,2.1822593212127686,0.7334181070327759,0.5244140625,0.59765625
359,164,-6.315634250640869,3.240008592605591,1.3486300706863403,-1.4471927881240845,1.172176718711853,1.5138156414031982,0.51953125,0.59765625
360,165,-6.1778693199157715,3.238474130630493,1.2891541719436646,0.1288105547428131,1.6623188257217407,-1.726298451423645,0.53125,0.60107421875
361,166,-6.28169059753418,3.318859100341797,1.3186380863189697,-0.6781170964241028,2.1822593212127686,0.7334181070327759,0.5244140625,0.59765625
362,163,-6.180038928985596,3.317685604095459,1.3653547763824463,-0.007091767154633999,2.3989107608795166,0.0719539225101471,0.5244140625,0.60107421875
363,166,-6.28169059753418,3.318859100341797,1.3186380863189697,-0.6781170964241028,2.1822593212127686,0.7334181070327759,0.5244140625,0.59765625
364,167,-6.387010097503662,3.240879535675049,1.213681936264038,-2.0321826934814453,1.2164314985275269,0.38798123598098755,0.51953125,0.59375
365,164,-6.315634250640869,3.240008592605591,1.3486300706863403,-1.4471927881240845,1.172176718711853,1.5138156414031982,0.51953125,0.59765625
366,165,-6.1778693199157715,3.238474130630493,1.2891541719436646,0.1288105547428131,1.6623188257217407,-1.726298451423645,0.53125,0.60107421875
367,168,-6.227522373199463,3.239046096801758,1.2685641050338745,1.170053243637085,1.6009085178375244,-1.352061152458191,0.53125,0.59765625
368,166,-6.28169059753418,3.318859100341797,1.3186380863189697,-0.6781170964241028,2.1822593212127686,0.7334181070327759,0.5244140625,0.59765625
369,166,-6.28169059753418,3.318859100341797,1.3186380863189697,-0.6781170964241028,2.1822593212127686,0.7334181070327759,0.5244140625,0.59765625
370,169,-6.340444087982178,3.3195719718933105,1.2162326574325562,0.3299902677536011,2.3648433685302734,0.24212345480918884,0.5244140625,0.59375
371,167,-6.387010097503662,3.240879535675049,1.213681936264038,-2.0321826934814453,1.2164314985275269,0.38798123598098755,0.51953125,0.59375
372,168,-6.227522373199463,3.239046096801758,1.2685641050338745,1.170053243637085,1.6009085178375244,-1.352061152458191,0.53125,0.59765625
373,169,-6.340444087982178,3.3195719718933105,1.2162326574325562,0.3299902677536011,2.3648433685302734,0.24212345480918884,0.5244140625,0.59375
374,166,-6.28169059753418,3.318859100341797,1.3186380863189697,-0.6781170964241028,2.1822593212127686,0.7334181070327759,0.5244140625,0.59765625
375,170,-6.374608993530273,3.240879535675049,0.9057372212409973,-1.9256774187088013,1.424612045288086,-0.1491623818874359,0.51953125,0.5810546875
376,167,-6.387010097503662,3.240879535675049,1.213681936264038,-2.0321826934814453,1.2164314985275269,0.38798123598098755,0.51953125,0.59375
377,169,-6.340444087982178,3.3195719718933105,1.2162326574325562,0.3299902677536011,2.3648433685302734,0.24212345480918884,0.5244140625,0.59375
378,168,-6.227522373199463,3.239046096801758,1.2685641050338745,1.170053243637085,1.6009085178375244,-1.352061152458191,0.53125,0.59765625
379,171,-6.265155792236328,3.2394957542419434,1.218589186668396,1.7878235578536987,1.5905600786209106,-0.18386757373809814,0.53125,0.59375
380,169,-6.340444087982178,3.3195719718933105,1.2162326574325562,0.3299902677536011,2.3648433685302734,0.24212345480918884,0.5244140625,0.59375
381,170,-6.374608993530273,3.240879535675049,0.9057372212409973,-1.9256774187088013,1.424612045288086,-0.1491623818874359,0.51953125,0.5810546875
382,169,-6.340444087982178,3.3195719718933105,1.2162326574325562,0.3299902677536011,2.3648433685302734,0.24212345480918884,0.5244140625,0.59375
383,172,-6.314137935638428,3.3194146156311035,0.9082752466201782,0.9570920467376709,2.2005362510681152,0.04020093008875847,0.5244140625,0.5810546875
384,172,-6.314137935638428,3.3194146156311035,0.9082752466201782,0.9570920467376709,2.2005362510681152,0.04020093008875847,0.5244140625,0.5810546875
385,169,-6.340444087982178,3.3195719718933105,1.2162326574325562,0.3299902677536011,2.3648433685302734,0.24212345480918884,0.5244140625,0.59375
386,171,-6.265155792236328,3.2394957542419434,1.218589186668396,1.7878235578536987,1.5905600786209106,-0.18386757373809814,0.53125,0.59375
387,172,-6.314137935638428,3.3194146156311035,0.9082752466201782,0.9570920467376709,2.2005362510681152,0.04020093008875847,0.5244140625,0.5810546875
388,171,-6.265155792236328,3.2394957542419434,1.218589186668396,1.7878235578536987,1.5905600786209106,-0.18386757373809814,0.53125,0.59375
389,173,-6.252708911895752,3.2394957542419434,0.9095008969306946,1.8212649822235107,1.5588465929031372,0.11398769915103912,0.53125,0.5810546875
390,174,-2.816835880279541,4.112570762634277,1.0275341272354126,-0.48312023282051086,2.3507936000823975,-0.01908133178949356,0.2135009765625,0.17041015625
391,175,-6.165485382080078,3.339219570159912,0.9492860436439514,-0.3564510941505432,1.305898666381836,1.9818105697631836,0.2081298828125,0.03076171875
392,176,-2.8024942874908447,4.031468391418457,1.0857690572738647,-0.3557819426059723,1.34251070022583,1.9573160409927368,0.2081298828125,0.17041015625
393,174,-2.816835880279541,4.112570762634277,1.0275341272354126,-0.48312023282051086,2.3507936000823975,-0.01908133178949356,0.2135009765625,0.17041015625
394,177,-6.1798272132873535,3.4203224182128906,0.8910511136054993,-0.502352237701416,2.3467438220977783,-0.020911993458867073,0.2135009765625,0.03076171875
395,175,-6.165485382080078,3.339219570159912,0.9492860436439514,-0.3564510941505432,1.305898666381836,1.9818105697631836,0.2081298828125,0.03076171875
396,178,-2.797586679458618,4.031468391418457,0.9639058709144592,-0.21964183449745178,1.4426946640014648,-1.9053586721420288,0.2191162109375,0.17041015625
397,177,-6.1798272132873535,3.4203224182128906,0.8910511136054993,-0.502352237701416,2.3467438220977783,-0.020911993458867073,0.2135009765625,0.03076171875
398,174,-2.816835880279541,4.112570762634277,1.0275341272354126,-0.48312023282051086,2.3507936000823975,-0.01908133178949356,0.2135009765625,0.17041015625
399,178,-2.797586679458618,4.031468391418457,0.9639058709144592,-0.21964183449745178,1.4426946640014648,-1.9053586721420288,0.2191162109375,0.17041015625
400,179,-6.160577774047852,3.339219570159912,0.8274227976799011,-0.22023482620716095,1.4088125228881836,-1.9304782152175903,0.2191162109375,0.03076171875
401,177,-6.1798272132873535,3.4203224182128906,0.8910511136054993,-0.502352237701416,2.3467438220977783,-0.020911993458867073,0.2135009765625,0.03076171875
402,180,-6.271926403045654,3.2926461696624756,0.8229386806488037,-0.45475029945373535,0.5136286616325378,-2.299867630004883,0.2191162109375,0.025604248046875
403,177,-6.1798272132873535,3.4203224182128906,0.8910511136054993,-0.502352237701416,2.3467438220977783,-0.020911993458867073,0.2135009765625,0.03076171875
404,179,-6.160577774047852,3.339219570159912,0.8274227976799011,-0.22023482620716095,1.4088125228881836,-1.9304782152175903,0.2191162109375,0.03076171875
405,181,-6.155947685241699,3.3047335147857666,0.8886396288871765,0.8201308846473694,-1.9780521392822266,-1.0838340520858765,0.2220458984375,0.03076171875
406,180,-6.271926403045654,3.2926461696624756,0.8229386806488037,-0.45475029945373535,0.5136286616325378,-2.299867630004883,0.2191162109375,0.025604248046875
407,179,-6.160577774047852,3.339219570159912,0.8274227976799011,-0.22023482620716095,1.4088125228881836,-1.9304782152175903,0.2191162109375,0.03076171875
408,181,-6.155947685241699,3.3047335147857666,0.8886396288871765,0.8201308846473694,-1.9780521392822266,-1.0838340520858765,0.2220458984375,0.03076171875
409,182,-6.249014854431152,3.2710628509521484,0.8848917484283447,1.49569833278656,-1.4837374687194824,-1.149526834487915,0.2220458984375,0.025604248046875
410,180,-6.271926403045654,3.2926461696624756,0.8229386806488037,-0.45475029945373535,0.5136286616325378,-2.299867630004883,0.2191162109375,0.025604248046875
411,182,-6.249014854431152,3.2710628509521484,0.8848917484283447,1.49569833278656,-1.4837374687194824,-1.149526834487915,0.2220458984375,0.025604248046875
412,183,-6.304513931274414,3.1938085556030273,0.8216264247894287,-0.16545739769935608,0.08703960478305817,-2.3927078247070312,0.2191162109375,0.02081298828125
413,180,-6.271926403045654,3.2926461696624756,0.8229386806488037,-0.45475029945373535,0.5136286616325378,-2.299867630004883,0.2191162109375,0.025604248046875
414,182,-6.249014854431152,3.2710628509521484,0.8848917484283447,1.49569833278656,-1.4837374687194824,-1.149526834487915,0.2220458984375,0.025604248046875
415,184,-6.271791458129883,3.193408966064453,0.883974552154541,2.124025583267212,-0.18016360700130463,-1.1027510166168213,0.2220458984375,0.02081298828125
416,183,-6.304513931274414,3.1938085556030273,0.8216264247894287,-0.16545739769935608,0.08703960478305817,-2.3927078247070312,0.2191162109375,0.02081298828125
417,180,-6.271926403045654,3.2926461696624756,0.8229386806488037,-0.45475029945373535,0.5136286616325378,-2.299867630004883,0.2191162109375,0.025604248046875
418,185,-6.334166049957275,3.3434042930603027,0.8848358392715454,-1.7457168102264404,1.644694447517395,-0.08633968234062195,0.2135009765625,0.025604248046875
419,177,-6.1798272132873535,3.4203224182128906,0.8910511136054993,-0.502352237701416,2.3467438220977783,-0.020911993458867073,0.2135009765625,0.03076171875
420,183,-6.304513931274414,3.1938085556030273,0.8216264247894287,-0.16545739769935608,0.08703960478305817,-2.3927078247070312,0.2191162109375,0.02081298828125
421,185,-6.334166049957275,3.3434042930603027,0.8848358392715454,-1.7457168102264404,1.644694447517395,-0.08633968234062195,0.2135009765625,0.025604248046875
422,180,-6.271926403045654,3.2926461696624756,0.8229386806488037,-0.45475029945373535,0.5136286616325378,-2.299867630004883,0.2191162109375,0.025604248046875
423,186,-6.276834011077881,3.2926461696624756,0.944801926612854,-0.5419977307319641,0.4191628396511078,2.3001182079315186,0.2081298828125,0.025604248046875
424,175,-6.165485382080078,3.339219570159912,0.9492860436439514,-0.3564510941505432,1.305898666381836,1.9818105697631836,0.2081298828125,0.03076171875
425,177,-6.1798272132873535,3.4203224182128906,0.8910511136054993,-0.502352237701416,2.3467438220977783,-0.020911993458867073,0.2135009765625,0.03076171875
426,186,-6.276834011077881,3.2926461696624756,0.944801926612854,-0.5419977307319641,0.4191628396511078,2.3001182079315186,0.2081298828125,0.025604248046875
427,177,-6.1798272132873535,3.4203224182128906,0.8910511136054993,-0.502352237701416,2.3467438220977783,-0.020911993458867073,0.2135009765625,0.03076171875
428,185,-6.334166049957275,3.3434042930603027,0.8848358392715454,-1.7457168102264404,1.644694447517395,-0.08633968234062195,0.2135009765625,0.025604248046875
429,187,-6.307791709899902,2.904693841934204,0.8214944005012512,0.02807801216840744,0.0007761559681966901,-2.399836301803589,0.2191162109375,0.0091705322265625
430,183,-6.304513931274414,3.1938085556030273,0.8216264247894287,-0.16545739769935608,0.08703960478305817,-2.3927078247070312,0.2191162109375,0.02081298828125
431,184,-6.271791458129883,3.193408966064453,0.883974552154541,2.124025583267212,-0.18016360700130463,-1.1027510166168213,0.2220458984375,0.02081298828125
432,187,-6.307791709899902,2.904693841934204,0.8214944005012512,0.02807801216840744,0.0007761559681966901,-2.399836301803589,0.2191162109375,0.0091705322265625
433,184,-6.271791458129883,3.193408966064453,0.883974552154541,2.124025583267212,-0.18016360700130463,-1.1027510166168213,0.2220458984375,0.02081298828125
434,188,-6.275068759918213,2.90429425239563,0.8838425874710083,2.1249396800994873,-0.02358042076230049,-1.1153825521469116,0.2220458984375,0.0091705322265625
435,183,-6.304513931274414,3.1938085556030273,0.8216264247894287,-0.16545739769935608,0.08703960478305817,-2.3927078247070312,0.2191162109375,0.02081298828125
436,187,-6.307791709899902,2.904693841934204,0.8214944005012512,0.02807801216840744,0.0007761559681966901,-2.399836301803589,0.2191162109375,0.0091705322265625
437,189,-6.393107891082764,2.9056332111358643,0.8824620246887207,-2.397902727127075,0.02722686529159546,-0.09656264632940292,0.2135009765625,0.0091705322265625
438,175,-6.165485382080078,3.339219570159912,0.9492860436439514,-0.3564510941505432,1.305898666381836,1.9818105697631836,0.2081298828125,0.03076171875
439,186,-6.276834011077881,3.2926461696624756,0.944801926612854,-0.5419977307319641,0.4191628396511078,2.3001182079315186,0.2081298828125,0.025604248046875
440,190,-6.249014854431152,3.2710628509521484,0.8848917484283447,1.3984144926071167,-1.483738899230957,1.2660796642303467,0.205322265625,0.025604248046875
441,175,-6.165485382080078,3.339219570159912,0.9492860436439514,-0.3564510941505432,1.305898666381836,1.9818105697631836,0.2081298828125,0.03076171875
442,190,-6.249014854431152,3.2710628509521484,0.8848917484283447,1.3984144926071167,-1.483738899230957,1.2660796642303467,0.205322265625,0.025604248046875
443,191,-6.155947685241699,3.3047335147857666,0.8886396288871765,0.7303232550621033,-1.9780521392822266,1.146271824836731,0.205322265625,0.03076171875
444,186,-6.276834011077881,3.2926461696624756,0.944801926612854,-0.5419977307319641,0.4191628396511078,2.3001182079315186,0.2081298828125,0.025604248046875
445,192,-6.271791458129883,3.193408966064453,0.883974552154541,2.028472423553467,-0.18016302585601807,1.2699778079986572,0.205322265625,0.02081298828125
446,190,-6.249014854431152,3.2710628509521484,0.8848917484283447,1.3984144926071167,-1.483738899230957,1.2660796642303467,0.205322265625,0.025604248046875
447,186,-6.276834011077881,3.2926461696624756,0.944801926612854,-0.5419977307319641,0.4191628396511078,2.3001182079315186,0.2081298828125,0.025604248046875
448,193,-6.309421539306641,3.1938085556030273,0.9434895515441895,-0.2168433666229248,0.07003472745418549,2.389158248901367,0.2081298828125,0.02081298828125
449,192,-6.271791458129883,3.193408966064453,0.883974552154541,2.028472423553467,-0.18016302585601807,1.2699778079986572,0.205322265625,0.02081298828125
450,193,-6.309421539306641,3.1938085556030273,0.9434895515441895,-0.2168433666229248,0.07003472745418549,2.389158248901367,0.2081298828125,0.02081298828125
451,186,-6.276834011077881,3.2926461696624756,0.944801926612854,-0.5419977307319641,0.4191628396511078,2.3001182079315186,0.2081298828125,0.025604248046875
452,185,-6.334166049957275,3.3434042930603027,0.8848358392715454,-1.7457168102264404,1.644694447517395,-0.08633968234062195,0.2135009765625,0.025604248046875
453,194,-6.275068759918213,2.90429425239563,0.8838425874710083,2.0283701419830322,-0.023579904809594154,1.282638669013977,0.205322265625,0.0091705322265625
454,192,-6.271791458129883,3.193408966064453,0.883974552154541,2.028472423553467,-0.18016302585601807,1.2699778079986572,0.205322265625,0.02081298828125
455,193,-6.309421539306641,3.1938085556030273,0.9434895515441895,-0.2168433666229248,0.07003472745418549,2.389158248901367,0.2081298828125,0.02081298828125
456,194,-6.275068759918213,2.90429425239563,0.8838425874710083,2.0283701419830322,-0.023579904809594154,1.282638669013977,0.205322265625,0.0091705322265625
457,193,-6.309421539306641,3.1938085556030273,0.9434895515441895,-0.2168433666229248,0.07003472745418549,2.389158248901367,0.2081298828125,0.02081298828125
458,195,-6.312699317932129,2.904693841934204,0.943357527256012,-0.02807305008172989,-0.0007772725075483322,2.399836301803589,0.2081298828125,0.0091705322265625
459,193,-6.309421539306641,3.1938085556030273,0.9434895515441895,-0.2168433666229248,0.07003472745418549,2.389158248901367,0.2081298828125,0.02081298828125
460,189,-6.393107891082764,2.9056332111358643,0.8824620246887207,-2.397902727127075,0.02722686529159546,-0.09656264632940292,0.2135009765625,0.0091705322265625
461,195,-6.312699317932129,2.904693841934204,0.943357527256012,-0.02807305008172989,-0.0007772725075483322,2.399836301803589,0.2081298828125,0.0091705322265625
462,183,-6.304513931274414,3.1938085556030273,0.8216264247894287,-0.16545739769935608,0.08703960478305817,-2.3927078247070312,0.2191162109375,0.02081298828125
463,189,-6.393107891082764,2.9056332111358643,0.8824620246887207,-2.397902727127075,0.02722686529159546,-0.09656264632940292,0.2135009765625,0.0091705322265625
464,196,-6.389830589294434,3.1947479248046875,0.8825940489768982,-2.3856801986694336,0.2421068549156189,-0.09958741068840027,0.2135009765625,0.02081298828125
465,183,-6.304513931274414,3.1938085556030273,0.8216264247894287,-0.16545739769935608,0.08703960478305817,-2.3927078247070312,0.2191162109375,0.02081298828125
466,196,-6.389830589294434,3.1947479248046875,0.8825940489768982,-2.3856801986694336,0.2421068549156189,-0.09958741068840027,0.2135009765625,0.02081298828125
467,185,-6.334166049957275,3.3434042930603027,0.8848358392715454,-1.7457168102264404,1.644694447517395,-0.08633968234062195,0.2135009765625,0.025604248046875
468,193,-6.309421539306641,3.1938085556030273,0.9434895515441895,-0.2168433666229248,0.07003472745418549,2.389158248901367,0.2081298828125,0.02081298828125
469,196,-6.389830589294434,3.1947479248046875,0.8825940489768982,-2.3856801986694336,0.2421068549156189,-0.09958741068840027,0.2135009765625,0.02081298828125
470,189,-6.393107891082764,2.9056332111358643,0.8824620246887207,-2.397902727127075,0.02722686529159546,-0.09656264632940292,0.2135009765625,0.0091705322265625
471,193,-6.309421539306641,3.1938085556030273,0.9434895515441895,-0.2168433666229248,0.07003472745418549,2.389158248901367,0.2081298828125,0.02081298828125
472,185,-6.334166049957275,3.3434042930603027,0.8848358392715454,-1.7457168102264404,1.644694447517395,-0.08633968234062195,0.2135009765625,0.025604248046875
473,196,-6.389830589294434,3.1947479248046875,0.8825940489768982,-2.3856801986694336,0.2421068549156189,-0.09958741068840027,0.2135009765625,0.02081298828125
474,197,-2.626171588897705,4.063713073730469,-1.5602209568023682,1.1209980249404907,2.0941171646118164,-0.3435662090778351,0.69873046875,0.73193359375
475,198,-2.73126220703125,4.108425140380859,-1.2500360012054443,-1.2181674242019653,2.065185546875,-0.10525347292423248,0.69384765625,0.744140625
476,199,-2.6514484882354736,4.06385612487793,-1.2468218803405762,1.1712381839752197,2.0926406383514404,0.09517055749893188,0.69873046875,0.744140625
477,197,-2.626171588897705,4.063713073730469,-1.5602209568023682,1.1209980249404907,2.0941171646118164,-0.3435662090778351,0.69873046875,0.73193359375
478,200,-2.7066166400909424,4.108280181884766,-1.544665813446045,-0.7835584282875061,2.261350393295288,-0.17980986833572388,0.69384765625,0.73193359375
479,198,-2.73126220703125,4.108425140380859,-1.2500360012054443,-1.2181674242019653,2.065185546875,-0.10525347292423248,0.69384765625,0.744140625
480,200,-2.7066166400909424,4.108280181884766,-1.544665813446045,-0.7835584282875061,2.261350393295288,-0.17980986833572388,0.69384765625,0.73193359375
481,201,-2.75607967376709,4.0013322830200195,-1.251035451889038,-2.330474376678467,0.5388424396514893,-0.1963169276714325,0.6875,0.744140625
482,198,-2.73126220703125,4.108425140380859,-1.2500360012054443,-1.2181674242019653,2.065185546875,-0.10525347292423248,0.69384765625,0.744140625
483,202,-2.706264019012451,4.014708518981934,-1.7287795543670654,0.5555785298347473,1.7646369934082031,-1.5288528203964233,0.69873046875,0.72607421875
484,200,-2.7066166400909424,4.108280181884766,-1.544665813446045,-0.7835584282875061,2.261350393295288,-0.17980986833572388,0.69384765625,0.73193359375
485,197,-2.626171588897705,4.063713073730469,-1.5602209568023682,1.1209980249404907,2.0941171646118164,-0.3435662090778351,0.69873046875,0.73193359375
486,200,-2.7066166400909424,4.108280181884766,-1.544665813446045,-0.7835584282875061,2.261350393295288,-0.17980986833572388,0.69384765625,0.73193359375
487,203,-2.731618642807007,4.001187324523926,-1.5401496887207031,-2.3211004734039307,0.5868456363677979,0.16765505075454712,0.6875,0.73193359375
488,201,-2.75607967376709,4.0013322830200195,-1.251035451889038,-2.330474376678467,0.5388424396514893,-0.1963169276714325,0.6875,0.744140625
489,202,-2.706264019012451,4.014708518981934,-1.7287795543670654,0.5555785298347473,1.7646369934082031,-1.5288528203964233,0.69873046875,0.72607421875
490,204,-2.7705237865448,4.070398330688477,-1.6880053281784058,-0.5666601061820984,2.2486512660980225,-0.6184370517730713,0.69384765625,0.72607421875
491,200,-2.7066166400909424,4.108280181884766,-1.544665813446045,-0.7835584282875061,2.261350393295288,-0.17980986833572388,0.69384765625,0.73193359375
492,204,-2.7705237865448,4.070398330688477,-1.6880053281784058,-0.5666601061820984,2.2486512660980225,-0.6184370517730713,0.69384765625,0.72607421875
493,203,-2.731618642807007,4.001187324523926,-1.5401496887207031,-2.3211004734039307,0.5868456363677979,0.16765505075454712,0.6875,0.73193359375
494,200,-2.7066166400909424,4.108280181884766,-1.544665813446045,-0.7835584282875061,2.261350393295288,-0.17980986833572388,0.69384765625,0.73193359375
495,205,-2.84429669380188,3.9433112144470215,-1.7745134830474854,-0.3532908856868744,1.1252987384796143,-2.090189218521118,0.69873046875,0.72119140625
496,204,-2.7705237865448,4.070398330688477,-1.6880053281784058,-0.5666601061820984,2.2486512660980225,-0.6184370517730713,0.69384765625,0.72607421875
497,202,-2.706264019012451,4.014708518981934,-1.7287795543670654,0.5555785298347473,1.7646369934082031,-1.5288528203964233,0.69873046875,0.72607421875
498,204,-2.7705237865448,4.070398330688477,-1.6880053281784058,-0.5666601061820984,2.2486512660980225,-0.6184370517730713,0.69384765625,0.72607421875
499,206,-2.7813918590545654,3.9754538536071777,-1.631858468055725,-1.753618597984314,0.9772631525993347,1.315211534500122,0.6875,0.72607421875
500,203,-2.731618642807007,4.001187324523926,-1.5401496887207031,-2.3211004734039307,0.5868456363677979,0.16765505075454712,0.6875,0.73193359375
501,205,-2.84429669380188,3.9433112144470215,-1.7745134830474854,-0.3532908856868744,1.1252987384796143,-2.090189218521118,0.69873046875,0.72119140625
502,207,-2.882477283477783,4.01393985748291,-1.7302916049957275,-0.9199532866477966,2.2045652866363525,-0.2314714789390564,0.69384765625,0.72119140625
503,204,-2.7705237865448,4.070398330688477,-1.6880053281784058,-0.5666601061820984,2.2486512660980225,-0.6184370517730713,0.69384765625,0.72607421875
504,207,-2.882477283477783,4.01393985748291,-1.7302916049957275,-0.9199532866477966,2.2045652866363525,-0.2314714789390564,0.69384765625,0.72119140625
505,206,-2.7813918590545654,3.9754538536071777,-1.631858468055725,-1.753618597984314,0.9772631525993347,1.315211534500122,0.6875,0.72607421875
506,204,-2.7705237865448,4.070398330688477,-1.6880053281784058,-0.5666601061820984,2.2486512660980225,-0.6184370517730713,0.69384765625,0.72607421875
507,208,-4.413658142089844,3.279350996017456,-1.8377301692962646,-0.3689022362232208,1.1126493215560913,-2.0942602157592773,0.69873046875,0.6513671875
508,207,-2.882477283477783,4.01393985748291,-1.7302916049957275,-0.9199532866477966,2.2045652866363525,-0.2314714789390564,0.69384765625,0.72119140625
509,205,-2.84429669380188,3.9433112144470215,-1.7745134830474854,-0.3532908856868744,1.1252987384796143,-2.090189218521118,0.69873046875,0.72119140625
510,207,-2.882477283477783,4.01393985748291,-1.7302916049957275,-0.9199532866477966,2.2045652866363525,-0.2314714789390564,0.69384765625,0.72119140625
511,209,-2.8639273643493652,3.937081813812256,-1.6532782316207886,-0.7442377805709839,1.5182323455810547,1.7032567262649536,0.6875,0.72119140625
512,206,-2.7813918590545654,3.9754538536071777,-1.631858468055725,-1.753618597984314,0.9772631525993347,1.315211534500122,0.6875,0.72607421875
513,208,-4.413658142089844,3.279350996017456,-1.8377301692962646,-0.3689022362232208,1.1126493215560913,-2.0942602157592773,0.69873046875,0.6513671875
514,210,-4.44631814956665,3.352315902709961,-1.793272614479065,-0.8996208310127258,2.2245640754699707,-0.044695161283016205,0.69384765625,0.6513671875
515,207,-2.882477283477783,4.01393985748291,-1.7302916049957275,-0.9199532866477966,2.2045652866363525,-0.2314714789390564,0.69384765625,0.72119140625
516,210,-4.44631814956665,3.352315902709961,-1.793272614479065,-0.8996208310127258,2.2245640754699707,-0.044695161283016205,0.69384765625,0.6513671875
517,209,-2.8639273643493652,3.937081813812256,-1.6532782316207886,-0.7442377805709839,1.5182323455810547,1.7032567262649536,0.6875,0.72119140625
518,207,-2.882477283477783,4.01393985748291,-1.7302916049957275,-0.9199532866477966,2.2045652866363525,-0.2314714789390564,0.69384765625,0.72119140625
519,211,-4.6272735595703125,3.222327947616577,-1.8463325500488281,0.06130746006965637,1.1987587213516235,-2.0782737731933594,0.69873046875,0.6435546875
520,210,-4.44631814956665,3.352315902709961,-1.793272614479065,-0.8996208310127258,2.2245640754699707,-0.044695161283016205,0.69384765625,0.6513671875
521,208,-4.413658142089844,3.279350996017456,-1.8377301692962646,-0.3689022362232208,1.1126493215560913,-2.0942602157592773,0.69873046875,0.6513671875
522,210,-4.44631814956665,3.352315902709961,-1.793272614479065,-0.8996208310127258,2.2245640754699707,-0.044695161283016205,0.69384765625,0.6513671875
523,212,-4.418565273284912,3.279350996017456,-1.715867042541504,-0.6965148448944092,1.5426214933395386,1.701525330543518,0.6875,0.6513671875
524,209,-2.8639273643493652,3.937081813812256,-1.6532782316207886,-0.7442377805709839,1.5182323455810547,1.7032567262649536,0.6875,0.72119140625
525,211,-4.6272735595703125,3.222327947616577,-1.8463325500488281,0.06130746006965637,1.1987587213516235,-2.0782737731933594,0.69873046875,0.6435546875
526,213,-4.628215789794922,3.301539421081543,-1.8005977869033813,-0.06559355556964874,2.3990912437438965,-0.0076719243079423904,0.69384765625,0.6435546875
527,210,-4.44631814956665,3.352315902709961,-1.793272614479065,-0.8996208310127258,2.2245640754699707,-0.044695161283016205,0.69384765625,0.6513671875
528,213,-4.628215789794922,3.301539421081543,-1.8005977869033813,-0.06559355556964874,2.3990912437438965,-0.0076719243079423904,0.69384765625,0.6435546875
529,212,-4.418565273284912,3.279350996017456,-1.715867042541504,-0.6965148448944092,1.5426214933395386,1.701525330543518,0.6875,0.6513671875
530,210,-4.44631814956665,3.352315902709961,-1.793272614479065,-0.8996208310127258,2.2245640754699707,-0.044695161283016205,0.69384765625,0.6513671875
531,214,-6.049295425415039,3.238474130630493,-1.9035981893539429,0.0379612073302269,1.1994694471359253,-2.0784213542938232,0.69873046875,0.5849609375
532,213,-4.628215789794922,3.301539421081543,-1.8005977869033813,-0.06559355556964874,2.3990912437438965,-0.0076719243079423904,0.69384765625,0.6435546875
533,211,-4.6272735595703125,3.222327947616577,-1.8463325500488281,0.06130746006965637,1.1987587213516235,-2.0782737731933594,0.69873046875,0.6435546875
534,213,-4.628215789794922,3.301539421081543,-1.8005977869033813,-0.06559355556964874,2.3990912437438965,-0.0076719243079423904,0.69384765625,0.6435546875
535,215,-4.632180690765381,3.222327947616577,-1.7244694232940674,-0.10195712745189667,1.6627761125564575,1.7276521921157837,0.6875,0.6435546875
536,212,-4.418565273284912,3.279350996017456,-1.715867042541504,-0.6965148448944092,1.5426214933395386,1.701525330543518,0.6875,0.6513671875
537,214,-6.049295425415039,3.238474130630493,-1.9035981893539429,0.0379612073302269,1.1994694471359253,-2.0784213542938232,0.69873046875,0.5849609375
538,216,-6.050238132476807,3.317685604095459,-1.857863426208496,-0.001282963901758194,2.3989107608795166,-0.07229094207286835,0.69384765625,0.5849609375
539,213,-4.628215789794922,3.301539421081543,-1.8005977869033813,-0.06559355556964874,2.3990912437438965,-0.0076719243079423904,0.69384765625,0.6435546875
540,216,-6.050238132476807,3.317685604095459,-1.857863426208496,-0.001282963901758194,2.3989107608795166,-0.07229094207286835,0.69384765625,0.5849609375
541,215,-4.632180690765381,3.222327947616577,-1.7244694232940674,-0.10195712745189667,1.6627761125564575,1.7276521921157837,0.6875,0.6435546875
542,213,-4.628215789794922,3.301539421081543,-1.8005977869033813,-0.06559355556964874,2.3990912437438965,-0.0076719243079423904,0.69384765625,0.6435546875
543,216,-6.050238132476807,3.317685604095459,-1.857863426208496,-0.001282963901758194,2.3989107608795166,-0.07229094207286835,0.69384765625,0.5849609375
544,214,-6.049295425415039,3.238474130630493,-1.9035981893539429,0.0379612073302269,1.1994694471359253,-2.0784213542938232,0.69873046875,0.5849609375
545,217,-6.186739444732666,3.240008592605591,-1.8520961999893188,-1.3216400146484375,1.1744099855422974,-1.6229701042175293,0.69873046875,0.58154296875
546,216,-6.050238132476807,3.317685604095459,-1.857863426208496,-0.001282963901758194,2.3989107608795166,-0.07229094207286835,0.69384765625,0.5849609375
547,218,-6.054202556610107,3.238474130630493,-1.7817350625991821,-0.010419625788927078,1.6623188257217407,1.731066107749939,0.6875,0.5849609375
548,215,-4.632180690765381,3.222327947616577,-1.7244694232940674,-0.10195712745189667,1.6627761125564575,1.7276521921157837,0.6875,0.6435546875
549,216,-6.050238132476807,3.317685604095459,-1.857863426208496,-0.001282963901758194,2.3989107608795166,-0.07229094207286835,0.69384765625,0.5849609375
550,217,-6.186739444732666,3.240008592605591,-1.8520961999893188,-1.3216400146484375,1.1744099855422974,-1.6229701042175293,0.69873046875,0.58154296875
551,219,-6.155317306518555,3.318859100341797,-1.819471836090088,-0.6177177429199219,2.182171583175659,-0.7852092385292053,0.69384765625,0.58154296875
552,218,-6.054202556610107,3.238474130630493,-1.7817350625991821,-0.010419625788927078,1.6623188257217407,1.731066107749939,0.6875,0.5849609375
553,216,-6.050238132476807,3.317685604095459,-1.857863426208496,-0.001282963901758194,2.3989107608795166,-0.07229094207286835,0.69384765625,0.5849609375
554,219,-6.155317306518555,3.318859100341797,-1.819471836090088,-0.6177177429199219,2.182171583175659,-0.7852092385292053,0.69384765625,0.58154296875
555,219,-6.155317306518555,3.318859100341797,-1.819471836090088,-0.6177177429199219,2.182171583175659,-0.7852092385292053,0.69384765625,0.58154296875
556,217,-6.186739444732666,3.240008592605591,-1.8520961999893188,-1.3216400146484375,1.1744099855422974,-1.6229701042175293,0.69873046875,0.58154296875
557,220,-6.268735408782959,3.240879535675049,-1.7233245372772217,-1.9742156267166138,1.3242199420928955,-0.33002638816833496,0.69873046875,0.57763671875
558,218,-6.054202556610107,3.238474130630493,-1.7817350625991821,-0.010419625788927078,1.6623188257217407,1.731066107749939,0.6875,0.5849609375
559,219,-6.155317306518555,3.318859100341797,-1.819471836090088,-0.6177177429199219,2.182171583175659,-0.7852092385292053,0.69384765625,0.58154296875
560,221,-6.105350971221924,3.239046096801758,-1.7652043104171753,1.060080885887146,1.600152611732483,1.4407438039779663,0.6875,0.58154296875
561,219,-6.155317306518555,3.318859100341797,-1.819471836090088,-0.6177177429199219,2.182171583175659,-0.7852092385292053,0.69384765625,0.58154296875
562,220,-6.268735408782959,3.240879535675049,-1.7233245372772217,-1.9742156267166138,1.3242199420928955,-0.33002638816833496,0.69873046875,0.57763671875
563,222,-6.222142219543457,3.3195719718933105,-1.7214481830596924,-0.3364333212375641,2.3709969520568848,-0.15870368480682373,0.69384765625,0.57763671875
564,221,-6.105350971221924,3.239046096801758,-1.7652043104171753,1.060080885887146,1.600152611732483,1.4407438039779663,0.6875,0.58154296875
565,219,-6.155317306518555,3.318859100341797,-1.819471836090088,-0.6177177429199219,2.182171583175659,-0.7852092385292053,0.69384765625,0.58154296875
566,222,-6.222142219543457,3.3195719718933105,-1.7214481830596924,-0.3364333212375641,2.3709969520568848,-0.15870368480682373,0.69384765625,0.57763671875
567,223,-6.282252311706543,3.240879535675049,-1.3876664638519287,-1.9843769073486328,1.3493367433547974,-0.03924639895558357,0.69873046875,0.56494140625
568,222,-6.222142219543457,3.3195719718933105,-1.7214481830596924,-0.3364333212375641,2.3709969520568848,-0.15870368480682373,0.69384765625,0.57763671875
569,220,-6.268735408782959,3.240879535675049,-1.7233245372772217,-1.9742156267166138,1.3242199420928955,-0.33002638816833496,0.69873046875,0.57763671875
570,221,-6.105350971221924,3.239046096801758,-1.7652043104171753,1.060080885887146,1.600152611732483,1.4407438039779663,0.6875,0.58154296875
571,222,-6.222142219543457,3.3195719718933105,-1.7214481830596924,-0.3364333212375641,2.3709969520568848,-0.15870368480682373,0.69384765625,0.57763671875
572,224,-6.146881103515625,3.2394957542419434,-1.7184172868728638,1.729042887687683,1.6289258003234863,0.34207218885421753,0.6875,0.57763671875
573,223,-6.282252311706543,3.240879535675049,-1.3876664638519287,-1.9843769073486328,1.3493367433547974,-0.03924639895558357,0.69873046875,0.56494140625
574,225,-6.22521448135376,3.3143250942230225,-1.3986759185791016,-0.260367214679718,2.3858048915863037,0.011991815641522408,0.69384765625,0.56494140625
575,222,-6.222142219543457,3.3195719718933105,-1.7214481830596924,-0.3364333212375641,2.3709969520568848,-0.15870368480682373,0.69384765625,0.57763671875
576,225,-6.22521448135376,3.3143250942230225,-1.3986759185791016,-0.260367214679718,2.3858048915863037,0.011991815641522408,0.69384765625,0.56494140625
577,224,-6.146881103515625,3.2394957542419434,-1.7184172868728638,1.729042887687683,1.6289258003234863,0.34207218885421753,0.6875,0.57763671875
578,222,-6.222142219543457,3.3195719718933105,-1.7214481830596924,-0.3364333212375641,2.3709969520568848,-0.15870368480682373,0.69384765625,0.57763671875
579,225,-6.22521448135376,3.3143250942230225,-1.3986759185791016,-0.260367214679718,2.3858048915863037,0.011991815641522408,0.69384765625,0.56494140625
580,226,-6.159327983856201,3.2394957542419434,-1.4093290567398071,1.7748976945877075,1.614463210105896,0.05699877813458443,0.6875,0.56494140625
581,224,-6.146881103515625,3.2394957542419434,-1.7184172868728638,1.729042887687683,1.6289258003234863,0.34207218885421753,0.6875,0.57763671875
582,227,-2.7762248516082764,3.646162271499634,-1.2141858339309692,-2.347756862640381,0.026387052610516548,0.49733880162239075,0.19580078125,0.35595703125
583,228,-2.7167139053344727,3.645470380783081,-1.1765533685684204,-0.09657113999128342,-2.9367722836226183e-16,2.398056983947754,0.1927490234375,0.35595703125
584,229,-2.710170030593872,4.222723007202148,-1.1762899160385132,-0.09814117848873138,-0.1567685455083847,2.3928632736206055,0.1927490234375,0.381591796875
585,227,-2.7762248516082764,3.646162271499634,-1.2141858339309692,-2.347756862640381,0.026387052610516548,0.49733880162239075,0.19580078125,0.35595703125
586,229,-2.710170030593872,4.222723007202148,-1.1762899160385132,-0.09814117848873138,-0.1567685455083847,2.3928632736206055,0.1927490234375,0.381591796875
587,230,-2.769680976867676,4.223414421081543,-1.213922381401062,-2.3675642013549805,0.030888931825757027,0.39203140139579773,0.19580078125,0.381591796875
588,230,-2.769680976867676,4.223414421081543,-1.213922381401062,-2.3675642013549805,0.030888931825757027,0.39203140139579773,0.19580078125,0.381591796875
589,229,-2.710170030593872,4.222723007202148,-1.1762899160385132,-0.09814117848873138,-0.1567685455083847,2.3928632736206055,0.1927490234375,0.381591796875
590,231,-2.7106428146362305,4.299786567687988,-1.1428260803222656,-0.09925283491611481,-0.9818255305290222,2.1877317428588867,0.1927490234375,0.38671875
591,230,-2.769680976867676,4.223414421081543,-1.213922381401062,-2.3675642013549805,0.030888931825757027,0.39203140139579773,0.19580078125,0.381591796875
592,232,-2.742969036102295,3.645824670791626,-1.3005125522613525,-1.5815463066101074,0.018752437084913254,-1.8050936460494995,0.2003173828125,0.35595703125
593,227,-2.7762248516082764,3.646162271499634,-1.2141858339309692,-2.347756862640381,0.026387052610516548,0.49733880162239075,0.19580078125,0.35595703125
594,230,-2.769680976867676,4.223414421081543,-1.213922381401062,-2.3675642013549805,0.030888931825757027,0.39203140139579773,0.19580078125,0.381591796875
595,231,-2.7106428146362305,4.299786567687988,-1.1428260803222656,-0.09925283491611481,-0.9818255305290222,2.1877317428588867,0.1927490234375,0.38671875
596,233,-2.7703824043273926,4.321401596069336,-1.1688792705535889,-2.351046323776245,0.4265183210372925,-0.2250933051109314,0.19580078125,0.38671875
597,230,-2.769680976867676,4.223414421081543,-1.213922381401062,-2.3675642013549805,0.030888931825757027,0.39203140139579773,0.19580078125,0.381591796875
598,234,-2.7364253997802734,4.223076820373535,-1.3002490997314453,-1.5194469690322876,0.1796303391456604,-1.8490583896636963,0.2003173828125,0.381591796875
599,232,-2.742969036102295,3.645824670791626,-1.3005125522613525,-1.5815463066101074,0.018752437084913254,-1.8050936460494995,0.2003173828125,0.35595703125
600,233,-2.7703824043273926,4.321401596069336,-1.1688792705535889,-2.351046323776245,0.4265183210372925,-0.2250933051109314,0.19580078125,0.38671875
601,234,-2.7364253997802734,4.223076820373535,-1.3002490997314453,-1.5194469690322876,0.1796303391456604,-1.8490583896636963,0.2003173828125,0.381591796875
602,230,-2.769680976867676,4.223414421081543,-1.213922381401062,-2.3675642013549805,0.030888931825757027,0.39203140139579773,0.19580078125,0.381591796875
603,234,-2.7364253997802734,4.223076820373535,-1.3002490997314453,-1.5194469690322876,0.1796303391456604,-1.8490583896636963,0.2003173828125,0.381591796875
604,235,-2.6805760860443115,3.645115852355957,-1.2979999780654907,1.7215704917907715,-0.018752381205558777,-1.6720784902572632,0.2034912109375,0.35595703125
605,232,-2.742969036102295,3.645824670791626,-1.3005125522613525,-1.5815463066101074,0.018752437084913254,-1.8050936460494995,0.2003173828125,0.35595703125
606,233,-2.7703824043273926,4.321401596069336,-1.1688792705535889,-2.351046323776245,0.4265183210372925,-0.2250933051109314,0.19580078125,0.38671875
607,236,-2.737699031829834,4.373309135437012,-1.2262574434280396,-1.2283567190170288,1.4696722030639648,-1.4461002349853516,0.2003173828125,0.38671875
608,234,-2.7364253997802734,4.223076820373535,-1.3002490997314453,-1.5194469690322876,0.1796303391456604,-1.8490583896636963,0.2003173828125,0.381591796875
609,237,-2.774073839187622,4.35988712310791,-1.0663648843765259,-2.2594377994537354,0.8008415699005127,-0.11660214513540268,0.19580078125,0.393310546875
610,236,-2.737699031829834,4.373309135437012,-1.2262574434280396,-1.2283567190170288,1.4696722030639648,-1.4461002349853516,0.2003173828125,0.38671875
611,233,-2.7703824043273926,4.321401596069336,-1.1688792705535889,-2.351046323776245,0.4265183210372925,-0.2250933051109314,0.19580078125,0.38671875
612,234,-2.7364253997802734,4.223076820373535,-1.3002490997314453,-1.5194469690322876,0.1796303391456604,-1.8490583896636963,0.2003173828125,0.381591796875
613,238,-2.67403244972229,4.222369194030762,-1.297736406326294,1.6668708324432373,0.14345209300518036,-1.7207460403442383,0.2034912109375,0.381591796875
614,235,-2.6805760860443115,3.645115852355957,-1.2979999780654907,1.7215704917907715,-0.018752381205558777,-1.6720784902572632,0.2034912109375,0.35595703125
615,236,-2.737699031829834,4.373309135437012,-1.2262574434280396,-1.2283567190170288,1.4696722030639648,-1.4461002349853516,0.2003173828125,0.38671875
616,238,-2.67403244972229,4.222369194030762,-1.297736406326294,1.6668708324432373,0.14345209300518036,-1.7207460403442383,0.2034912109375,0.381591796875
617,234,-2.7364253997802734,4.223076820373535,-1.3002490997314453,-1.5194469690322876,0.1796303391456604,-1.8490583896636963,0.2003173828125,0.381591796875
618,238,-2.67403244972229,4.222369194030762,-1.297736406326294,1.6668708324432373,0.14345209300518036,-1.7207460403442383,0.2034912109375,0.381591796875
619,239,-2.654369592666626,3.6447787284851074,-1.2092787027359009,2.3001632690429688,-0.026387054473161697,0.6845106482505798,0.2080078125,0.35595703125
620,235,-2.6805760860443115,3.645115852355957,-1.2979999780654907,1.7215704917907715,-0.018752381205558777,-1.6720784902572632,0.2034912109375,0.35595703125
621,238,-2.67403244972229,4.222369194030762,-1.297736406326294,1.6668708324432373,0.14345209300518036,-1.7207460403442383,0.2034912109375,0.381591796875
622,240,-2.6478259563446045,4.2220306396484375,-1.209015130996704,2.328470468521118,-0.0224307868629694,0.581141471862793,0.2080078125,0.381591796875
623,239,-2.654369592666626,3.6447787284851074,-1.2092787027359009,2.3001632690429688,-0.026387054473161697,0.6845106482505798,0.2080078125,0.35595703125
624,241,-2.7167139053344727,3.645470380783081,-1.1765533685684204,-0.09657113999128342,-2.9367722836226183e-16,2.398056983947754,0.2110595703125,0.35595703125
625,239,-2.654369592666626,3.6447787284851074,-1.2092787027359009,2.3001632690429688,-0.026387054473161697,0.6845106482505798,0.2080078125,0.35595703125
626,240,-2.6478259563446045,4.2220306396484375,-1.209015130996704,2.328470468521118,-0.0224307868629694,0.581141471862793,0.2080078125,0.381591796875
627,241,-2.7167139053344727,3.645470380783081,-1.1765533685684204,-0.09657113999128342,-2.9367722836226183e-16,2.398056983947754,0.2110595703125,0.35595703125
628,240,-2.6478259563446045,4.2220306396484375,-1.209015130996704,2.328470468521118,-0.0224307868629694,0.581141471862793,0.2080078125,0.381591796875
629,242,-2.710170030593872,4.222723007202148,-1.1762899160385132,-0.09814117848873138,-0.1567685455083847,2.3928632736206055,0.2110595703125,0.381591796875
630,242,-2.710170030593872,4.222723007202148,-1.1762899160385132,-0.09814117848873138,-0.1567685455083847,2.3928632736206055,0.2110595703125,0.381591796875
631,240,-2.6478259563446045,4.2220306396484375,-1.209015130996704,2.328470468521118,-0.0224307868629694,0.581141471862793,0.2080078125,0.381591796875
632,243,-2.648527145385742,4.3200178146362305,-1.163972020149231,2.3705952167510986,0.372907817363739,-0.03494628518819809,0.2080078125,0.38671875
633,243,-2.648527145385742,4.3200178146362305,-1.163972020149231,2.3705952167510986,0.372907817363739,-0.03494628518819809,0.2080078125,0.38671875
634,240,-2.6478259563446045,4.2220306396484375,-1.209015130996704,2.328470468521118,-0.0224307868629694,0.581141471862793,0.2080078125,0.381591796875
635,238,-2.67403244972229,4.222369194030762,-1.297736406326294,1.6668708324432373,0.14345209300518036,-1.7207460403442383,0.2034912109375,0.381591796875
636,242,-2.710170030593872,4.222723007202148,-1.1762899160385132,-0.09814117848873138,-0.1567685455083847,2.3928632736206055,0.2110595703125,0.381591796875
637,243,-2.648527145385742,4.3200178146362305,-1.163972020149231,2.3705952167510986,0.372907817363739,-0.03494628518819809,0.2080078125,0.38671875
638,244,-2.7106428146362305,4.299786567687988,-1.1428260803222656,-0.09925283491611481,-0.9818255305290222,2.1877317428588867,0.2110595703125,0.38671875
639,236,-2.737699031829834,4.373309135437012,-1.2262574434280396,-1.2283567190170288,1.4696722030639648,-1.4461002349853516,0.2003173828125,0.38671875
640,245,-2.6753060817718506,4.372600555419922,-1.2237448692321777,1.373646855354309,1.4401304721832275,-1.3413132429122925,0.2034912109375,0.38671875
641,238,-2.67403244972229,4.222369194030762,-1.297736406326294,1.6668708324432373,0.14345209300518036,-1.7207460403442383,0.2034912109375,0.381591796875
642,243,-2.648527145385742,4.3200178146362305,-1.163972020149231,2.3705952167510986,0.372907817363739,-0.03494628518819809,0.2080078125,0.38671875
643,238,-2.67403244972229,4.222369194030762,-1.297736406326294,1.6668708324432373,0.14345209300518036,-1.7207460403442383,0.2034912109375,0.381591796875
644,245,-2.6753060817718506,4.372600555419922,-1.2237448692321777,1.373646855354309,1.4401304721832275,-1.3413132429122925,0.2034912109375,0.38671875
645,237,-2.774073839187622,4.35988712310791,-1.0663648843765259,-2.2594377994537354,0.8008415699005127,-0.11660214513540268,0.19580078125,0.393310546875
646,246,-2.743350028991699,4.447137832641602,-1.0651276111602783,-1.6080145835876465,1.7776556015014648,-0.11929387599229813,0.2003173828125,0.393310546875
647,236,-2.737699031829834,4.373309135437012,-1.2262574434280396,-1.2283567190170288,1.4696722030639648,-1.4461002349853516,0.2003173828125,0.38671875
648,246,-2.743350028991699,4.447137832641602,-1.0651276111602783,-1.6080145835876465,1.7776556015014648,-0.11929387599229813,0.2003173828125,0.393310546875
649,245,-2.6753060817718506,4.372600555419922,-1.2237448692321777,1.373646855354309,1.4401304721832275,-1.3413132429122925,0.2034912109375,0.38671875
650,236,-2.737699031829834,4.373309135437012,-1.2262574434280396,-1.2283567190170288,1.4696722030639648,-1.4461002349853516,0.2003173828125,0.38671875
651,247,-2.6809568405151367,4.446430206298828,-1.0626150369644165,1.6522849798202515,1.7406357526779175,0.012000560760498047,0.2034912109375,0.393310546875
652,243,-2.648527145385742,4.3200178146362305,-1.163972020149231,2.3705952167510986,0.372907817363739,-0.03494628518819809,0.2080078125,0.38671875
653,245,-2.6753060817718506,4.372600555419922,-1.2237448692321777,1.373646855354309,1.4401304721832275,-1.3413132429122925,0.2034912109375,0.38671875
654,246,-2.743350028991699,4.447137832641602,-1.0651276111602783,-1.6080145835876465,1.7776556015014648,-0.11929387599229813,0.2003173828125,0.393310546875
655,247,-2.6809568405151367,4.446430206298828,-1.0626150369644165,1.6522849798202515,1.7406357526779175,0.012000560760498047,0.2034912109375,0.393310546875
656,245,-2.6753060817718506,4.372600555419922,-1.2237448692321777,1.373646855354309,1.4401304721832275,-1.3413132429122925,0.2034912109375,0.38671875
657,247,-2.6809568405151367,4.446430206298828,-1.0626150369644165,1.6522849798202515,1.7406357526779175,0.012000560760498047,0.2034912109375,0.393310546875
658,248,-2.6522185802459717,4.358502388000488,-1.0614577531814575,2.279069423675537,0.7493108510971069,0.06616644561290741,0.2080078125,0.393310546875
659,243,-2.648527145385742,4.3200178146362305,-1.163972020149231,2.3705952167510986,0.372907817363739,-0.03494628518819809,0.2080078125,0.38671875
660,247,-2.6809568405151367,4.446430206298828,-1.0626150369644165,1.6522849798202515,1.7406357526779175,0.012000560760498047,0.2034912109375,0.393310546875
661,249,-2.728983163833618,4.358502388000488,0.8447641134262085,2.277009963989258,0.7493108510971069,0.11730974912643433,0.2078857421875,0.47802734375
662,248,-2.6522185802459717,4.358502388000488,-1.0614577531814575,2.279069423675537,0.7493108510971069,0.06616644561290741,0.2080078125,0.393310546875
663,247,-2.6809568405151367,4.446430206298828,-1.0626150369644165,1.6522849798202515,1.7406357526779175,0.012000560760498047,0.2034912109375,0.393310546875
664,250,-2.757721424102783,4.446430206298828,0.8436068296432495,1.6478995084762573,1.7406357526779175,0.12089989334344864,0.2034912109375,0.47802734375
665,249,-2.728983163833618,4.358502388000488,0.8447641134262085,2.277009963989258,0.7493108510971069,0.11730974912643433,0.2078857421875,0.47802734375
666,246,-2.743350028991699,4.447137832641602,-1.0651276111602783,-1.6080145835876465,1.7776556015014648,-0.11929387599229813,0.2003173828125,0.393310546875
667,250,-2.757721424102783,4.446430206298828,0.8436068296432495,1.6478995084762573,1.7406357526779175,0.12089989334344864,0.2034912109375,0.47802734375
668,247,-2.6809568405151367,4.446430206298828,-1.0626150369644165,1.6522849798202515,1.7406357526779175,0.012000560760498047,0.2034912109375,0.393310546875
669,250,-2.757721424102783,4.446430206298828,0.8436068296432495,1.6478995084762573,1.7406357526779175,0.12089989334344864,0.2034912109375,0.47802734375
670,251,-2.7335469722747803,4.3200178146362305,0.947243332862854,2.3601086139678955,0.3729073405265808,0.22545644640922546,0.2078857421875,0.48486328125
671,249,-2.728983163833618,4.358502388000488,0.8447641134262085,2.277009963989258,0.7493108510971069,0.11730974912643433,0.2078857421875,0.47802734375
672,237,-2.774073839187622,4.35988712310791,-1.0663648843765259,-2.2594377994537354,0.8008415699005127,-0.11660214513540268,0.19580078125,0.393310546875
673,252,-2.8201146125793457,4.447137832641602,0.8410942554473877,-1.6124000549316406,1.7776554822921753,-0.010394129902124405,0.2003173828125,0.47802734375
674,246,-2.743350028991699,4.447137832641602,-1.0651276111602783,-1.6080145835876465,1.7776556015014648,-0.11929387599229813,0.2003173828125,0.393310546875
675,246,-2.743350028991699,4.447137832641602,-1.0651276111602783,-1.6080145835876465,1.7776556015014648,-0.11929387599229813,0.2003173828125,0.393310546875
676,252,-2.8201146125793457,4.447137832641602,0.8410942554473877,-1.6124000549316406,1.7776554822921753,-0.010394129902124405,0.2003173828125,0.47802734375
677,250,-2.757721424102783,4.446430206298828,0.8436068296432495,1.6478995084762573,1.7406357526779175,0.12089989334344864,0.2034912109375,0.47802734375
678,237,-2.774073839187622,4.35988712310791,-1.0663648843765259,-2.2594377994537354,0.8008415699005127,-0.11660214513540268,0.19580078125,0.393310546875
679,253,-2.8508384227752686,4.35988712310791,0.8398569822311401,-2.2614972591400146,0.8008415699005127,-0.06545862555503845,0.19580078125,0.47802734375
680,252,-2.8201146125793457,4.447137832641602,0.8410942554473877,-1.6124000549316406,1.7776554822921753,-0.010394129902124405,0.2003173828125,0.47802734375
681,252,-2.8201146125793457,4.447137832641602,0.8410942554473877,-1.6124000549316406,1.7776554822921753,-0.010394129902124405,0.2003173828125,0.47802734375
682,254,-2.765045642852783,4.372600555419922,1.004669189453125,1.2613420486450195,1.4401299953460693,1.447426676750183,0.203369140625,0.48486328125
683,250,-2.757721424102783,4.446430206298828,0.8436068296432495,1.6478995084762573,1.7406357526779175,0.12089989334344864,0.2034912109375,0.47802734375
684,250,-2.757721424102783,4.446430206298828,0.8436068296432495,1.6478995084762573,1.7406357526779175,0.12089989334344864,0.2034912109375,0.47802734375
685,254,-2.765045642852783,4.372600555419922,1.004669189453125,1.2613420486450195,1.4401299953460693,1.447426676750183,0.203369140625,0.48486328125
686,251,-2.7335469722747803,4.3200178146362305,0.947243332862854,2.3601086139678955,0.3729073405265808,0.22545644640922546,0.2078857421875,0.48486328125
687,253,-2.8508384227752686,4.35988712310791,0.8398569822311401,-2.2614972591400146,0.8008415699005127,-0.06545862555503845,0.19580078125,0.47802734375
688,255,-2.8274385929107666,4.373309135437012,1.0021566152572632,-1.3406603336334229,1.469672679901123,1.342644453048706,0.2001953125,0.48486328125
689,252,-2.8201146125793457,4.447137832641602,0.8410942554473877,-1.6124000549316406,1.7776554822921753,-0.010394129902124405,0.2003173828125,0.47802734375
690,252,-2.8201146125793457,4.447137832641602,0.8410942554473877,-1.6124000549316406,1.7776554822921753,-0.010394129902124405,0.2003173828125,0.47802734375
691,255,-2.8274385929107666,4.373309135437012,1.0021566152572632,-1.3406603336334229,1.469672679901123,1.342644453048706,0.2001953125,0.48486328125
692,254,-2.765045642852783,4.372600555419922,1.004669189453125,1.2613420486450195,1.4401299953460693,1.447426676750183,0.203369140625,0.48486328125
693,253,-2.8508384227752686,4.35988712310791,0.8398569822311401,-2.2614972591400146,0.8008415699005127,-0.06545862555503845,0.19580078125,0.47802734375
694,256,-2.8554022312164307,4.321401596069336,0.9423362612724304,-2.3615331649780273,0.42651912569999695,0.0353158637881279,0.19580078125,0.48486328125
695,255,-2.8274385929107666,4.373309135437012,1.0021566152572632,-1.3406603336334229,1.469672679901123,1.342644453048706,0.2001953125,0.48486328125
696,255,-2.8274385929107666,4.373309135437012,1.0021566152572632,-1.3406603336334229,1.469672679901123,1.342644453048706,0.2001953125,0.48486328125
697,257,-2.769725799560547,4.222369194030762,1.0785237550735474,1.5231069326400757,0.1434522420167923,1.849207878112793,0.203369140625,0.489990234375
698,254,-2.765045642852783,4.372600555419922,1.004669189453125,1.2613420486450195,1.4401299953460693,1.447426676750183,0.203369140625,0.48486328125
699,251,-2.7335469722747803,4.3200178146362305,0.947243332862854,2.3601086139678955,0.3729073405265808,0.22545644640922546,0.2078857421875,0.48486328125
700,254,-2.765045642852783,4.372600555419922,1.004669189453125,1.2613420486450195,1.4401299953460693,1.447426676750183,0.203369140625,0.48486328125
701,257,-2.769725799560547,4.222369194030762,1.0785237550735474,1.5231069326400757,0.1434522420167923,1.849207878112793,0.203369140625,0.489990234375
702,256,-2.8554022312164307,4.321401596069336,0.9423362612724304,-2.3615331649780273,0.42651912569999695,0.0353158637881279,0.19580078125,0.48486328125
703,258,-2.8321187496185303,4.223076820373535,1.0760111808776855,-1.6632105112075806,0.17963047325611115,1.7208913564682007,0.2001953125,0.489990234375
704,255,-2.8274385929107666,4.373309135437012,1.0021566152572632,-1.3406603336334229,1.469672679901123,1.342644453048706,0.2001953125,0.48486328125
705,255,-2.8274385929107666,4.373309135437012,1.0021566152572632,-1.3406603336334229,1.469672679901123,1.342644453048706,0.2001953125,0.48486328125
706,258,-2.8321187496185303,4.223076820373535,1.0760111808776855,-1.6632105112075806,0.17963047325611115,1.7208913564682007,0.2001953125,0.489990234375
707,257,-2.769725799560547,4.222369194030762,1.0785237550735474,1.5231069326400757,0.1434522420167923,1.849207878112793,0.203369140625,0.489990234375
708,256,-2.8554022312164307,4.321401596069336,0.9423362612724304,-2.3615331649780273,0.42651912569999695,0.0353158637881279,0.19580078125,0.48486328125
709,259,-2.8583250045776367,4.223414421081543,0.9872897863388062,-2.3283746242523193,0.030889129266142845,-0.5811381340026855,0.19580078125,0.489990234375
710,258,-2.8321187496185303,4.223076820373535,1.0760111808776855,-1.6632105112075806,0.17963047325611115,1.7208913564682007,0.2001953125,0.489990234375
711,259,-2.8583250045776367,4.223414421081543,0.9872897863388062,-2.3283746242523193,0.030889129266142845,-0.5811381340026855,0.19580078125,0.489990234375
712,256,-2.8554022312164307,4.321401596069336,0.9423362612724304,-2.3615331649780273,0.42651912569999695,0.0353158637881279,0.19580078125,0.48486328125
713,260,-2.7937612533569336,4.299786567687988,0.9211711287498474,0.07698007673025131,-0.9818249940872192,-2.188628673553467,0.1927490234375,0.48486328125
714,259,-2.8583250045776367,4.223414421081543,0.9872897863388062,-2.3283746242523193,0.030889129266142845,-0.5811381340026855,0.19580078125,0.489990234375
715,260,-2.7937612533569336,4.299786567687988,0.9211711287498474,0.07698007673025131,-0.9818249940872192,-2.188628673553467,0.1927490234375,0.48486328125
716,261,-2.79598069190979,4.222723007202148,0.9545645117759705,0.09458762407302856,-0.15676841139793396,-2.3930063247680664,0.1927490234375,0.489990234375
717,262,-2.8648688793182373,3.646162271499634,0.9870262742042542,-2.3001630306243896,0.026387182995676994,-0.6845115423202515,0.1956787109375,0.515625
718,259,-2.8583250045776367,4.223414421081543,0.9872897863388062,-2.3283746242523193,0.030889129266142845,-0.5811381340026855,0.19580078125,0.489990234375
719,261,-2.79598069190979,4.222723007202148,0.9545645117759705,0.09458762407302856,-0.15676841139793396,-2.3930063247680664,0.1927490234375,0.489990234375
720,262,-2.8648688793182373,3.646162271499634,0.9870262742042542,-2.3001630306243896,0.026387182995676994,-0.6845115423202515,0.1956787109375,0.515625
721,261,-2.79598069190979,4.222723007202148,0.9545645117759705,0.09458762407302856,-0.15676841139793396,-2.3930063247680664,0.1927490234375,0.489990234375
722,263,-2.8025245666503906,3.645470380783081,0.9543009996414185,0.09657113999128342,2.9367722836226183e-16,-2.398056983947754,0.1927490234375,0.515625
723,259,-2.8583250045776367,4.223414421081543,0.9872897863388062,-2.3283746242523193,0.030889129266142845,-0.5811381340026855,0.19580078125,0.489990234375
724,262,-2.8648688793182373,3.646162271499634,0.9870262742042542,-2.3001630306243896,0.026387182995676994,-0.6845115423202515,0.1956787109375,0.515625
725,264,-2.8386623859405518,3.645824670791626,1.0757476091384888,-1.721574068069458,0.01875249110162258,1.672074794769287,0.2001953125,0.515625
726,259,-2.8583250045776367,4.223414421081543,0.9872897863388062,-2.3283746242523193,0.030889129266142845,-0.5811381340026855,0.19580078125,0.489990234375
727,264,-2.8386623859405518,3.645824670791626,1.0757476091384888,-1.721574068069458,0.01875249110162258,1.672074794769287,0.2001953125,0.515625
728,258,-2.8321187496185303,4.223076820373535,1.0760111808776855,-1.6632105112075806,0.17963047325611115,1.7208913564682007,0.2001953125,0.489990234375
729,258,-2.8321187496185303,4.223076820373535,1.0760111808776855,-1.6632105112075806,0.17963047325611115,1.7208913564682007,0.2001953125,0.489990234375
730,264,-2.8386623859405518,3.645824670791626,1.0757476091384888,-1.721574068069458,0.01875249110162258,1.672074794769287,0.2001953125,0.515625
731,265,-2.7762694358825684,3.645115852355957,1.0782601833343506,1.581543207168579,-0.018752332776784897,1.8050963878631592,0.203369140625,0.515625
732,258,-2.8321187496185303,4.223076820373535,1.0760111808776855,-1.6632105112075806,0.17963047325611115,1.7208913564682007,0.2001953125,0.489990234375
733,265,-2.7762694358825684,3.645115852355957,1.0782601833343506,1.581543207168579,-0.018752332776784897,1.8050963878631592,0.203369140625,0.515625
734,257,-2.769725799560547,4.222369194030762,1.0785237550735474,1.5231069326400757,0.1434522420167923,1.849207878112793,0.203369140625,0.489990234375
735,266,-2.7364699840545654,4.2220306396484375,0.9921969771385193,2.3676605224609375,-0.02243076078593731,-0.3920246958732605,0.2078857421875,0.489990234375
736,257,-2.769725799560547,4.222369194030762,1.0785237550735474,1.5231069326400757,0.1434522420167923,1.849207878112793,0.203369140625,0.489990234375
737,265,-2.7762694358825684,3.645115852355957,1.0782601833343506,1.581543207168579,-0.018752332776784897,1.8050963878631592,0.203369140625,0.515625
738,251,-2.7335469722747803,4.3200178146362305,0.947243332862854,2.3601086139678955,0.3729073405265808,0.22545644640922546,0.2078857421875,0.48486328125
739,257,-2.769725799560547,4.222369194030762,1.0785237550735474,1.5231069326400757,0.1434522420167923,1.849207878112793,0.203369140625,0.489990234375
740,266,-2.7364699840545654,4.2220306396484375,0.9921969771385193,2.3676605224609375,-0.02243076078593731,-0.3920246958732605,0.2078857421875,0.489990234375
741,266,-2.7364699840545654,4.2220306396484375,0.9921969771385193,2.3676605224609375,-0.02243076078593731,-0.3920246958732605,0.2078857421875,0.489990234375
742,265,-2.7762694358825684,3.645115852355957,1.0782601833343506,1.581543207168579,-0.018752332776784897,1.8050963878631592,0.203369140625,0.515625
743,267,-2.743013620376587,3.6447787284851074,0.9919334650039673,2.347757339477539,-0.02638697624206543,-0.49733513593673706,0.2078857421875,0.515625
744,268,-2.8025245666503906,3.645470380783081,0.9543009996414185,0.09657113999128342,2.9367722836226183e-16,-2.398056983947754,0.2110595703125,0.515625
745,266,-2.7364699840545654,4.2220306396484375,0.9921969771385193,2.3676605224609375,-0.02243076078593731,-0.3920246958732605,0.2078857421875,0.489990234375
746,267,-2.743013620376587,3.6447787284851074,0.9919334650039673,2.347757339477539,-0.02638697624206543,-0.49733513593673706,0.2078857421875,0.515625
747,268,-2.8025245666503906,3.645470380783081,0.9543009996414185,0.09657113999128342,2.9367722836226183e-16,-2.398056983947754,0.2110595703125,0.515625
748,269,-2.79598069190979,4.222723007202148,0.9545645117759705,0.09458762407302856,-0.15676841139793396,-2.3930063247680664,0.2110595703125,0.489990234375
749,266,-2.7364699840545654,4.2220306396484375,0.9921969771385193,2.3676605224609375,-0.02243076078593731,-0.3920246958732605,0.2078857421875,0.489990234375
750,269,-2.79598069190979,4.222723007202148,0.9545645117759705,0.09458762407302856,-0.15676841139793396,-2.3930063247680664,0.2110595703125,0.489990234375
751,251,-2.7335469722747803,4.3200178146362305,0.947243332862854,2.3601086139678955,0.3729073405265808,0.22545644640922546,0.2078857421875,0.48486328125
752,266,-2.7364699840545654,4.2220306396484375,0.9921969771385193,2.3676605224609375,-0.02243076078593731,-0.3920246958732605,0.2078857421875,0.489990234375
753,269,-2.79598069190979,4.222723007202148,0.9545645117759705,0.09458762407302856,-0.15676841139793396,-2.3930063247680664,0.2110595703125,0.489990234375
754,270,-2.7937612533569336,4.299786567687988,0.9211711287498474,0.07698007673025131,-0.9818249940872192,-2.188628673553467,0.2110595703125,0.48486328125
755,251,-2.7335469722747803,4.3200178146362305,0.947243332862854,2.3601086139678955,0.3729073405265808,0.22545644640922546,0.2078857421875,0.48486328125
756,271,-2.7251081466674805,4.110325813293457,-1.238783836364746,-0.48309001326560974,2.3507936000823975,-0.019832603633403778,0.2421875,0.01010894775390625
757,272,-6.074095726013184,3.339219570159912,-1.320108413696289,-0.34310317039489746,1.244045376777649,2.0235202312469482,0.247314453125,0.148681640625
758,273,-2.71101975440979,4.031468391418457,-1.185728907585144,-0.3440069556236267,1.2832589149475098,1.9987266063690186,0.247314453125,0.01010894775390625
759,271,-2.7251081466674805,4.110325813293457,-1.238783836364746,-0.48309001326560974,2.3507936000823975,-0.019832603633403778,0.2421875,0.01010894775390625
760,274,-6.088183879852295,3.4180784225463867,-1.3731634616851807,-0.5022576451301575,2.3467659950256348,-0.020661909133195877,0.2421875,0.148681640625
761,272,-6.074095726013184,3.339219570159912,-1.320108413696289,-0.34310317039489746,1.244045376777649,2.0235202312469482,0.247314453125,0.148681640625
762,275,-2.7061121463775635,4.031468391418457,-1.3075920343399048,-0.24318671226501465,1.5362558364868164,-1.82778000831604,0.236328125,0.01010894775390625
763,274,-6.088183879852295,3.4180784225463867,-1.3731634616851807,-0.5022576451301575,2.3467659950256348,-0.020661909133195877,0.2421875,0.148681640625
764,271,-2.7251081466674805,4.110325813293457,-1.238783836364746,-0.48309001326560974,2.3507936000823975,-0.019832603633403778,0.2421875,0.01010894775390625
765,275,-2.7061121463775635,4.031468391418457,-1.3075920343399048,-0.24318671226501465,1.5362558364868164,-1.82778000831604,0.236328125,0.01010894775390625
766,276,-6.069188117980957,3.339219570159912,-1.441971778869629,-0.24501095712184906,1.5043256282806396,-1.8539083003997803,0.236328125,0.148681640625
767,274,-6.088183879852295,3.4180784225463867,-1.3731634616851807,-0.5022576451301575,2.3467659950256348,-0.020661909133195877,0.2421875,0.148681640625
768,277,-6.185444355010986,3.2926461696624756,-1.3245925903320312,-0.4682586193084717,0.34715235233306885,2.328137159347534,0.247314453125,0.15380859375
769,272,-6.074095726013184,3.339219570159912,-1.320108413696289,-0.34310317039489746,1.244045376777649,2.0235202312469482,0.247314453125,0.148681640625
770,274,-6.088183879852295,3.4180784225463867,-1.3731634616851807,-0.5022576451301575,2.3467659950256348,-0.020661909133195877,0.2421875,0.148681640625
771,278,-6.064558029174805,3.3047335147857666,-1.3807547092437744,0.7303234338760376,-1.9780516624450684,1.1462723016738892,0.250244140625,0.148681640625
772,272,-6.074095726013184,3.339219570159912,-1.320108413696289,-0.34310317039489746,1.244045376777649,2.0235202312469482,0.247314453125,0.148681640625
773,277,-6.185444355010986,3.2926461696624756,-1.3245925903320312,-0.4682586193084717,0.34715235233306885,2.328137159347534,0.247314453125,0.15380859375
774,278,-6.064558029174805,3.3047335147857666,-1.3807547092437744,0.7303234338760376,-1.9780516624450684,1.1462723016738892,0.250244140625,0.148681640625
775,277,-6.185444355010986,3.2926461696624756,-1.3245925903320312,-0.4682586193084717,0.34715235233306885,2.328137159347534,0.247314453125,0.15380859375
776,279,-6.157625198364258,3.2710628509521484,-1.384502649307251,1.3984203338623047,-1.4837374687194824,1.266074776649475,0.250244140625,0.15380859375
777,279,-6.157625198364258,3.2710628509521484,-1.384502649307251,1.3984203338623047,-1.4837374687194824,1.266074776649475,0.250244140625,0.15380859375
778,277,-6.185444355010986,3.2926461696624756,-1.3245925903320312,-0.4682586193084717,0.34715235233306885,2.328137159347534,0.247314453125,0.15380859375
779,280,-6.218031883239746,3.1938085556030273,-1.3259048461914062,-0.10555065423250198,0.0567793995141983,2.397006034851074,0.247314453125,0.1585693359375
780,279,-6.157625198364258,3.2710628509521484,-1.384502649307251,1.3984203338623047,-1.4837374687194824,1.266074776649475,0.250244140625,0.15380859375
781,280,-6.218031883239746,3.1938085556030273,-1.3259048461914062,-0.10555065423250198,0.0567793995141983,2.397006034851074,0.247314453125,0.1585693359375
782,281,-6.180401802062988,3.193408966064453,-1.3854198455810547,2.028475761413574,-0.18016332387924194,1.269972324371338,0.250244140625,0.1585693359375
783,277,-6.185444355010986,3.2926461696624756,-1.3245925903320312,-0.4682586193084717,0.34715235233306885,2.328137159347534,0.247314453125,0.15380859375
784,274,-6.088183879852295,3.4180784225463867,-1.3731634616851807,-0.5022576451301575,2.3467659950256348,-0.020661909133195877,0.2421875,0.148681640625
785,282,-6.241332530975342,3.3419995307922363,-1.3793308734893799,-1.7437503337860107,1.6453360319137573,-0.11048087477684021,0.2421875,0.15380859375
786,280,-6.218031883239746,3.1938085556030273,-1.3259048461914062,-0.10555065423250198,0.0567793995141983,2.397006034851074,0.247314453125,0.1585693359375
787,277,-6.185444355010986,3.2926461696624756,-1.3245925903320312,-0.4682586193084717,0.34715235233306885,2.328137159347534,0.247314453125,0.15380859375
788,282,-6.241332530975342,3.3419995307922363,-1.3793308734893799,-1.7437503337860107,1.6453360319137573,-0.11048087477684021,0.2421875,0.15380859375
789,283,-6.18053674697876,3.2926461696624756,-1.4464558362960815,-0.5352781414985657,0.5901555418968201,-2.263889789581299,0.236328125,0.15380859375
790,274,-6.088183879852295,3.4180784225463867,-1.3731634616851807,-0.5022576451301575,2.3467659950256348,-0.020661909133195877,0.2421875,0.148681640625
791,276,-6.069188117980957,3.339219570159912,-1.441971778869629,-0.24501095712184906,1.5043256282806396,-1.8539083003997803,0.236328125,0.148681640625
792,283,-6.18053674697876,3.2926461696624756,-1.4464558362960815,-0.5352781414985657,0.5901555418968201,-2.263889789581299,0.236328125,0.15380859375
793,282,-6.241332530975342,3.3419995307922363,-1.3793308734893799,-1.7437503337860107,1.6453360319137573,-0.11048087477684021,0.2421875,0.15380859375
794,274,-6.088183879852295,3.4180784225463867,-1.3731634616851807,-0.5022576451301575,2.3467659950256348,-0.020661909133195877,0.2421875,0.148681640625
795,284,-6.221309661865234,2.904693841934204,-1.3260369300842285,0.08009855449199677,-0.00200260360725224,2.39866304397583,0.247314453125,0.170166015625
796,281,-6.180401802062988,3.193408966064453,-1.3854198455810547,2.028475761413574,-0.18016332387924194,1.269972324371338,0.250244140625,0.1585693359375
797,280,-6.218031883239746,3.1938085556030273,-1.3259048461914062,-0.10555065423250198,0.0567793995141983,2.397006034851074,0.247314453125,0.1585693359375
798,284,-6.221309661865234,2.904693841934204,-1.3260369300842285,0.08009855449199677,-0.00200260360725224,2.39866304397583,0.247314453125,0.170166015625
799,285,-6.183679103851318,2.90429425239563,-1.3855518102645874,2.028372049331665,-0.023580214008688927,1.2826355695724487,0.250244140625,0.170166015625
800,281,-6.180401802062988,3.193408966064453,-1.3854198455810547,2.028475761413574,-0.18016332387924194,1.269972324371338,0.250244140625,0.1585693359375
801,280,-6.218031883239746,3.1938085556030273,-1.3259048461914062,-0.10555065423250198,0.0567793995141983,2.397006034851074,0.247314453125,0.1585693359375
802,286,-6.299636363983154,2.905606985092163,-1.381678581237793,-2.397902727127075,0.02722974307835102,-0.09656492620706558,0.2421875,0.170166015625
803,284,-6.221309661865234,2.904693841934204,-1.3260369300842285,0.08009855449199677,-0.00200260360725224,2.39866304397583,0.247314453125,0.170166015625
804,280,-6.218031883239746,3.1938085556030273,-1.3259048461914062,-0.10555065423250198,0.0567793995141983,2.397006034851074,0.247314453125,0.1585693359375
805,282,-6.241332530975342,3.3419995307922363,-1.3793308734893799,-1.7437503337860107,1.6453360319137573,-0.11048087477684021,0.2421875,0.15380859375
806,287,-6.296358585357666,3.1947219371795654,-1.3815466165542603,-2.38551926612854,0.24146784842014313,-0.10484718531370163,0.2421875,0.1585693359375
807,280,-6.218031883239746,3.1938085556030273,-1.3259048461914062,-0.10555065423250198,0.0567793995141983,2.397006034851074,0.247314453125,0.1585693359375
808,287,-6.296358585357666,3.1947219371795654,-1.3815466165542603,-2.38551926612854,0.24146784842014313,-0.10484718531370163,0.2421875,0.1585693359375
809,286,-6.299636363983154,2.905606985092163,-1.381678581237793,-2.397902727127075,0.02722974307835102,-0.09656492620706558,0.2421875,0.170166015625
810,287,-6.296358585357666,3.1947219371795654,-1.3815466165542603,-2.38551926612854,0.24146784842014313,-0.10484718531370163,0.2421875,0.1585693359375
811,282,-6.241332530975342,3.3419995307922363,-1.3793308734893799,-1.7437503337860107,1.6453360319137573,-0.11048087477684021,0.2421875,0.15380859375
812,283,-6.18053674697876,3.2926461696624756,-1.4464558362960815,-0.5352781414985657,0.5901555418968201,-2.263889789581299,0.236328125,0.15380859375
813,287,-6.296358585357666,3.1947219371795654,-1.3815466165542603,-2.38551926612854,0.24146784842014313,-0.10484718531370163,0.2421875,0.1585693359375
814,288,-6.216402053833008,2.904693841934204,-1.4479000568389893,-0.08009937405586243,0.0020048278383910656,-2.39866304397583,0.236328125,0.170166015625
815,286,-6.299636363983154,2.905606985092163,-1.381678581237793,-2.397902727127075,0.02722974307835102,-0.09656492620706558,0.2421875,0.170166015625
816,287,-6.296358585357666,3.1947219371795654,-1.3815466165542603,-2.38551926612854,0.24146784842014313,-0.10484718531370163,0.2421875,0.1585693359375
817,289,-6.2131242752075195,3.1938085556030273,-1.447767972946167,-0.27683526277542114,0.10029403120279312,-2.3818705081939697,0.236328125,0.1585693359375
818,288,-6.216402053833008,2.904693841934204,-1.4479000568389893,-0.08009937405586243,0.0020048278383910656,-2.39866304397583,0.236328125,0.170166015625
819,287,-6.296358585357666,3.1947219371795654,-1.3815466165542603,-2.38551926612854,0.24146784842014313,-0.10484718531370163,0.2421875,0.1585693359375
820,283,-6.18053674697876,3.2926461696624756,-1.4464558362960815,-0.5352781414985657,0.5901555418968201,-2.263889789581299,0.236328125,0.15380859375
821,289,-6.2131242752075195,3.1938085556030273,-1.447767972946167,-0.27683526277542114,0.10029403120279312,-2.3818705081939697,0.236328125,0.1585693359375
822,290,-6.183679103851318,2.90429425239563,-1.3855518102645874,2.12494158744812,-0.02357969991862774,-1.1153792142868042,0.2335205078125,0.170166015625
823,288,-6.216402053833008,2.904693841934204,-1.4479000568389893,-0.08009937405586243,0.0020048278383910656,-2.39866304397583,0.236328125,0.170166015625
824,289,-6.2131242752075195,3.1938085556030273,-1.447767972946167,-0.27683526277542114,0.10029403120279312,-2.3818705081939697,0.236328125,0.1585693359375
825,290,-6.183679103851318,2.90429425239563,-1.3855518102645874,2.12494158744812,-0.02357969991862774,-1.1153792142868042,0.2335205078125,0.170166015625
826,289,-6.2131242752075195,3.1938085556030273,-1.447767972946167,-0.27683526277542114,0.10029403120279312,-2.3818705081939697,0.236328125,0.1585693359375
827,291,-6.180401802062988,3.193408966064453,-1.3854198455810547,2.1240265369415283,-0.18016317486763,-1.102749228477478,0.2335205078125,0.1585693359375
828,283,-6.18053674697876,3.2926461696624756,-1.4464558362960815,-0.5352781414985657,0.5901555418968201,-2.263889789581299,0.236328125,0.15380859375
829,291,-6.180401802062988,3.193408966064453,-1.3854198455810547,2.1240265369415283,-0.18016317486763,-1.102749228477478,0.2335205078125,0.1585693359375
830,289,-6.2131242752075195,3.1938085556030273,-1.447767972946167,-0.27683526277542114,0.10029403120279312,-2.3818705081939697,0.236328125,0.1585693359375
831,283,-6.18053674697876,3.2926461696624756,-1.4464558362960815,-0.5352781414985657,0.5901555418968201,-2.263889789581299,0.236328125,0.15380859375
832,292,-6.157625198364258,3.2710628509521484,-1.384502649307251,1.495694875717163,-1.4837404489517212,-1.149527668952942,0.2335205078125,0.15380859375
833,291,-6.180401802062988,3.193408966064453,-1.3854198455810547,2.1240265369415283,-0.18016317486763,-1.102749228477478,0.2335205078125,0.1585693359375
834,276,-6.069188117980957,3.339219570159912,-1.441971778869629,-0.24501095712184906,1.5043256282806396,-1.8539083003997803,0.236328125,0.148681640625
835,292,-6.157625198364258,3.2710628509521484,-1.384502649307251,1.495694875717163,-1.4837404489517212,-1.149527668952942,0.2335205078125,0.15380859375
836,283,-6.18053674697876,3.2926461696624756,-1.4464558362960815,-0.5352781414985657,0.5901555418968201,-2.263889789581299,0.236328125,0.15380859375
837,276,-6.069188117980957,3.339219570159912,-1.441971778869629,-0.24501095712184906,1.5043256282806396,-1.8539083003997803,0.236328125,0.148681640625
838,293,-6.064558029174805,3.3047335147857666,-1.3807547092437744,0.8201305866241455,-1.9780522584915161,-1.083833932876587,0.2335205078125,0.148681640625
839,292,-6.157625198364258,3.2710628509521484,-1.384502649307251,1.495694875717163,-1.4837404489517212,-1.149527668952942,0.2335205078125,0.15380859375
840,294,4.519747734069824,3.9414379596710205,0.09748440980911255,2.39811635017395,-0.027231691405177116,0.09110427647829056,0.256591796875,0.2841796875
841,295,4.529040336608887,3.7706642150878906,-0.19818326830863953,2.3981165885925293,-0.02722563035786152,0.09109377861022949,0.24853515625,0.2978515625
842,296,4.527233600616455,3.9414379596710205,-0.09957832098007202,2.3981165885925293,-0.027229061350226402,0.09109676629304886,0.256591796875,0.293212890625
843,295,4.529040336608887,3.7706642150878906,-0.19818326830863953,2.3981165885925293,-0.02722563035786152,0.09109377861022949,0.24853515625,0.2978515625
844,294,4.519747734069824,3.9414379596710205,0.09748440980911255,2.39811635017395,-0.027231691405177116,0.09110427647829056,0.256591796875,0.2841796875
845,297,4.516908168792725,3.856051206588745,0.1467132866382599,2.3981165885925293,-0.02722480334341526,0.09109730273485184,0.25244140625,0.281982421875
846,298,4.523361682891846,3.5998919010162354,-0.09972546994686127,2.3981165885925293,-0.027224048972129822,0.09109476208686829,0.24072265625,0.293212890625
847,295,4.529040336608887,3.7706642150878906,-0.19818326830863953,2.3981165885925293,-0.02722563035786152,0.09109377861022949,0.24853515625,0.2978515625
848,297,4.516908168792725,3.856051206588745,0.1467132866382599,2.3981165885925293,-0.02722480334341526,0.09109730273485184,0.25244140625,0.281982421875
849,299,4.502054691314697,3.5998919010162354,0.4611792266368866,2.3981165885925293,-0.027224024757742882,0.09109877049922943,0.24072265625,0.267333984375
850,298,4.523361682891846,3.5998919010162354,-0.09972546994686127,2.3981165885925293,-0.027224048972129822,0.09109476208686829,0.24072265625,0.293212890625
851,297,4.516908168792725,3.856051206588745,0.1467132866382599,2.3981165885925293,-0.02722480334341526,0.09109730273485184,0.25244140625,0.281982421875
852,299,4.502054691314697,3.5998919010162354,0.4611792266368866,2.3981165885925293,-0.027224024757742882,0.09109877049922943,0.24072265625,0.267333984375
853,297,4.516908168792725,3.856051206588745,0.1467132866382599,2.3981165885925293,-0.02722480334341526,0.09109730273485184,0.25244140625,0.281982421875
854,300,4.514315605163574,3.856051206588745,0.21496111154556274,2.3981165885925293,-0.027224820107221603,0.09109622985124588,0.25244140625,0.27880859375
855,301,4.500247478485107,3.7706642150878906,0.5597841143608093,2.3981165885925293,-0.027225587517023087,0.09109975397586823,0.24853515625,0.2626953125
856,299,4.502054691314697,3.5998919010162354,0.4611792266368866,2.3981165885925293,-0.027224024757742882,0.09109877049922943,0.24072265625,0.267333984375
857,300,4.514315605163574,3.856051206588745,0.21496111154556274,2.3981165885925293,-0.027224820107221603,0.09109622985124588,0.25244140625,0.27880859375
858,302,4.5134124755859375,3.9414379596710205,0.2642636001110077,2.3981168270111084,-0.02723185531795025,0.09108925610780716,0.256591796875,0.2763671875
859,301,4.500247478485107,3.7706642150878906,0.5597841143608093,2.3981165885925293,-0.027225587517023087,0.09109975397586823,0.24853515625,0.2626953125
860,300,4.514315605163574,3.856051206588745,0.21496111154556274,2.3981165885925293,-0.027224820107221603,0.09109622985124588,0.25244140625,0.27880859375
861,303,4.505926609039307,3.9414379596710205,0.46132636070251465,2.3981165885925293,-0.027228999882936478,0.09109676629304886,0.256591796875,0.267333984375
862,301,4.500247478485107,3.7706642150878906,0.5597841143608093,2.3981165885925293,-0.027225587517023087,0.09109975397586823,0.24853515625,0.2626953125
863,302,4.5134124755859375,3.9414379596710205,0.2642636001110077,2.3981168270111084,-0.02723185531795025,0.09108925610780716,0.256591796875,0.2763671875
864,304,4.097386360168457,3.56309175491333,0.04522194340825081,0.09110177308320999,1.1340256378389313e-06,-2.398271083831787,0.376220703125,0.463623046875
865,305,3.9693069458007812,3.1697311401367188,0.15961694717407227,-2.3981165885925293,0.02722635306417942,-0.09109733998775482,0.39453125,0.455810546875
866,306,3.9737818241119385,3.564443826675415,0.159787118434906,-2.3981165885925293,0.02722635120153427,-0.09109648317098618,0.376220703125,0.455810546875
867,304,4.097386360168457,3.56309175491333,0.04522194340825081,0.09110177308320999,1.1340256378389313e-06,-2.398271083831787,0.376220703125,0.463623046875
868,307,4.092911720275879,3.168379306793213,0.04505177214741707,0.09110191464424133,1.1329102562740445e-06,-2.398271083831787,0.39453125,0.463623046875
869,305,3.9693069458007812,3.1697311401367188,0.15961694717407227,-2.3981165885925293,0.02722635306417942,-0.09109733998775482,0.39453125,0.455810546875
870,308,4.211943626403809,3.561739683151245,0.1688341200351715,2.3981165885925293,-0.02722632698714733,0.09109704941511154,0.376220703125,0.471435546875
871,307,4.092911720275879,3.168379306793213,0.04505177214741707,0.09110191464424133,1.1329102562740445e-06,-2.398271083831787,0.39453125,0.463623046875
872,304,4.097386360168457,3.56309175491333,0.04522194340825081,0.09110177308320999,1.1340256378389313e-06,-2.398271083831787,0.376220703125,0.463623046875
873,308,4.211943626403809,3.561739683151245,0.1688341200351715,2.3981165885925293,-0.02722632698714733,0.09109704941511154,0.376220703125,0.471435546875
874,309,4.2074689865112305,3.167027473449707,0.16866396367549896,2.3981165885925293,-0.02722632698714733,0.0910961925983429,0.39453125,0.471435546875
875,307,4.092911720275879,3.168379306793213,0.04505177214741707,0.09110191464424133,1.1329102562740445e-06,-2.398271083831787,0.39453125,0.463623046875
876,310,4.088338851928711,3.56309175491333,0.2833993136882782,-0.09110262989997864,-1.1005740816472098e-06,2.398271083831787,0.376220703125,0.479248046875
877,309,4.2074689865112305,3.167027473449707,0.16866396367549896,2.3981165885925293,-0.02722632698714733,0.0910961925983429,0.39453125,0.471435546875
878,308,4.211943626403809,3.561739683151245,0.1688341200351715,2.3981165885925293,-0.02722632698714733,0.09109704941511154,0.376220703125,0.471435546875
879,310,4.088338851928711,3.56309175491333,0.2833993136882782,-0.09110262989997864,-1.1005740816472098e-06,2.398271083831787,0.376220703125,0.479248046875
880,311,4.083864212036133,3.168379306793213,0.28322914242744446,-0.09110262989997864,-1.1039180662919534e-06,2.398271083831787,0.39453125,0.479248046875
881,309,4.2074689865112305,3.167027473449707,0.16866396367549896,2.3981165885925293,-0.02722632698714733,0.0910961925983429,0.39453125,0.471435546875
882,312,3.9737818241119385,3.564443826675415,0.159787118434906,-2.3981165885925293,0.02722635120153427,-0.09109648317098618,0.376220703125,0.487060546875
883,311,4.083864212036133,3.168379306793213,0.28322914242744446,-0.09110262989997864,-1.1039180662919534e-06,2.398271083831787,0.39453125,0.479248046875
884,310,4.088338851928711,3.56309175491333,0.2833993136882782,-0.09110262989997864,-1.1005740816472098e-06,2.398271083831787,0.376220703125,0.479248046875
885,312,3.9737818241119385,3.564443826675415,0.159787118434906,-2.3981165885925293,0.02722635120153427,-0.09109648317098618,0.376220703125,0.487060546875
886,313,3.9693069458007812,3.1697311401367188,0.15961694717407227,-2.3981165885925293,0.02722635306417942,-0.09109733998775482,0.39453125,0.487060546875
887,311,4.083864212036133,3.168379306793213,0.28322914242744446,-0.09110262989997864,-1.1039180662919534e-06,2.398271083831787,0.39453125,0.479248046875
888,314,3.680882215499878,3.5677690505981445,0.14866061508655548,2.3981165885925293,-0.027226358652114868,0.09109648317098618,0.083251953125,0.70703125
889,315,3.6764073371887207,3.1730568408966064,0.1484908163547516,2.3981165885925293,-0.027226358652114868,0.09109733998775482,0.10150146484375,0.70703125
890,316,3.5618503093719482,3.1744086742401123,0.024878639727830887,0.09110148996114731,-1.123989818552218e-06,-2.398271083831787,0.10150146484375,0.69921875
891,314,3.680882215499878,3.5677690505981445,0.14866061508655548,2.3981165885925293,-0.027226358652114868,0.09109648317098618,0.083251953125,0.70703125
892,316,3.5618503093719482,3.1744086742401123,0.024878639727830887,0.09110148996114731,-1.123989818552218e-06,-2.398271083831787,0.10150146484375,0.69921875
893,317,3.5663251876831055,3.5691211223602295,0.02504843845963478,0.09110134840011597,-1.1239909554205951e-06,-2.398271083831787,0.083251953125,0.69921875
894,317,3.5663251876831055,3.5691211223602295,0.02504843845963478,0.09110134840011597,-1.1239909554205951e-06,-2.398271083831787,0.083251953125,0.69921875
895,316,3.5618503093719482,3.1744086742401123,0.024878639727830887,0.09110148996114731,-1.123989818552218e-06,-2.398271083831787,0.10150146484375,0.69921875
896,318,3.4382455348968506,3.175760507583618,0.13944381475448608,-2.3981165885925293,0.027226334437727928,-0.0910961925983429,0.10150146484375,0.69140625
897,317,3.5663251876831055,3.5691211223602295,0.02504843845963478,0.09110134840011597,-1.1239909554205951e-06,-2.398271083831787,0.083251953125,0.69921875
898,318,3.4382455348968506,3.175760507583618,0.13944381475448608,-2.3981165885925293,0.027226334437727928,-0.0910961925983429,0.10150146484375,0.69140625
899,319,3.4427201747894287,3.5704731941223145,0.13961361348628998,-2.3981165885925293,0.027226334437727928,-0.09109719097614288,0.083251953125,0.69140625
900,319,3.4427201747894287,3.5704731941223145,0.13961361348628998,-2.3981165885925293,0.027226334437727928,-0.09109719097614288,0.083251953125,0.69140625
901,318,3.4382455348968506,3.175760507583618,0.13944381475448608,-2.3981165885925293,0.027226334437727928,-0.0910961925983429,0.10150146484375,0.69140625
902,320,3.552802801132202,3.1744086742401123,0.2630560100078583,-0.09110348671674728,1.1217601922908216e-06,2.398271083831787,0.10150146484375,0.68359375
903,319,3.4427201747894287,3.5704731941223145,0.13961361348628998,-2.3981165885925293,0.027226334437727928,-0.09109719097614288,0.083251953125,0.69140625
904,320,3.552802801132202,3.1744086742401123,0.2630560100078583,-0.09110348671674728,1.1217601922908216e-06,2.398271083831787,0.10150146484375,0.68359375
905,321,3.5572776794433594,3.5691211223602295,0.263225793838501,-0.09110348671674728,1.1228755738557084e-06,2.398271083831787,0.083251953125,0.68359375
906,321,3.5572776794433594,3.5691211223602295,0.263225793838501,-0.09110348671674728,1.1228755738557084e-06,2.398271083831787,0.083251953125,0.68359375
907,320,3.552802801132202,3.1744086742401123,0.2630560100078583,-0.09110348671674728,1.1217601922908216e-06,2.398271083831787,0.10150146484375,0.68359375
908,322,3.6764073371887207,3.1730568408966064,0.1484908163547516,2.3981165885925293,-0.027226358652114868,0.09109733998775482,0.10150146484375,0.67578125
909,321,3.5572776794433594,3.5691211223602295,0.263225793838501,-0.09110348671674728,1.1228755738557084e-06,2.398271083831787,0.083251953125,0.68359375
910,322,3.6764073371887207,3.1730568408966064,0.1484908163547516,2.3981165885925293,-0.027226358652114868,0.09109733998775482,0.10150146484375,0.67578125
911,323,3.680882215499878,3.5677690505981445,0.14866061508655548,2.3981165885925293,-0.027226358652114868,0.09109648317098618,0.083251953125,0.67578125
912,324,-6.298939228057861,2.6087067127227783,-1.91391921043396,2.397902727127075,-0.0272267647087574,0.09656492620706558,0.5087890625,0.63330078125
913,325,-6.297160625457764,2.6087067127227783,-1.958082675933838,2.397902727127075,-0.0272267647087574,0.09656492620706558,0.5087890625,0.630859375
914,326,-6.295322895050049,2.770811080932617,-1.9580086469650269,2.397902727127075,-0.0272267647087574,0.09656492620706558,0.50146484375,0.630859375
915,324,-6.298939228057861,2.6087067127227783,-1.91391921043396,2.397902727127075,-0.0272267647087574,0.09656492620706558,0.5087890625,0.63330078125
916,326,-6.295322895050049,2.770811080932617,-1.9580086469650269,2.397902727127075,-0.0272267647087574,0.09656492620706558,0.50146484375,0.630859375
917,327,-6.2971014976501465,2.770811080932617,-1.913845181465149,2.397902727127075,-0.0272267647087574,0.09656492620706558,0.50146484375,0.63330078125
918,328,-6.341262340545654,2.7713124752044678,-1.9156235456466675,-2.397902727127075,0.0272267647087574,-0.09656492620706558,0.50146484375,0.626953125
919,329,-6.339483737945557,2.7713124752044678,-1.9597870111465454,-2.397902727127075,0.0272267647087574,-0.09656492620706558,0.50146484375,0.62890625
920,330,-6.3413214683532715,2.609208106994629,-1.9598610401153564,-2.397902727127075,0.0272267647087574,-0.09656492620706558,0.5087890625,0.62890625
921,328,-6.341262340545654,2.7713124752044678,-1.9156235456466675,-2.397902727127075,0.0272267647087574,-0.09656492620706558,0.50146484375,0.626953125
922,330,-6.3413214683532715,2.609208106994629,-1.9598610401153564,-2.397902727127075,0.0272267647087574,-0.09656492620706558,0.5087890625,0.62890625
923,331,-6.343100070953369,2.609208106994629,-1.9156975746154785,-2.397902727127075,0.0272267647087574,-0.09656492620706558,0.5087890625,0.626953125
924,332,-6.297160625457764,2.6087067127227783,-1.958082675933838,0.09657113999128342,2.9367722836226183e-16,-2.398056983947754,0.5087890625,0.630859375
925,333,-6.3413214683532715,2.609208106994629,-1.9598610401153564,0.09657113999128342,2.9367722836226183e-16,-2.398056983947754,0.5087890625,0.62890625
926,334,-6.339483737945557,2.7713124752044678,-1.9597870111465454,0.09657113999128342,2.9367722836226183e-16,-2.398056983947754,0.50146484375,0.62890625
927,332,-6.297160625457764,2.6087067127227783,-1.958082675933838,0.09657113999128342,2.9367722836226183e-16,-2.398056983947754,0.5087890625,0.630859375
928,334,-6.339483737945557,2.7713124752044678,-1.9597870111465454,0.09657113999128342,2.9367722836226183e-16,-2.398056983947754,0.50146484375,0.62890625
929,335,-6.295322895050049,2.770811080932617,-1.9580086469650269,0.09657113999128342,2.9367722836226183e-16,-2.398056983947754,0.50146484375,0.630859375
930,336,-6.343100070953369,2.609208106994629,-1.9156975746154785,-0.09657113999128342,1.4719016689923592e-06,2.398056983947754,0.5087890625,0.626953125
931,337,-6.298939228057861,2.6087067127227783,-1.91391921043396,-0.09657113999128342,1.4719020100528724e-06,2.398056983947754,0.5087890625,0.62451171875
932,338,-6.2971014976501465,2.770811080932617,-1.913845181465149,-0.09657113999128342,1.4719016689923592e-06,2.398056983947754,0.50146484375,0.62451171875
933,336,-6.343100070953369,2.609208106994629,-1.9156975746154785,-0.09657113999128342,1.4719016689923592e-06,2.398056983947754,0.5087890625,0.626953125
934,338,-6.2971014976501465,2.770811080932617,-1.913845181465149,-0.09657113999128342,1.4719016689923592e-06,2.398056983947754,0.50146484375,0.62451171875
935,339,-6.341262340545654,2.7713124752044678,-1.9156235456466675,-0.09657113999128342,1.4719016689923592e-06,2.398056983947754,0.50146484375,0.626953125
936,340,-2.0475542545318604,1.0527405738830566,2.036807060241699,-2.3979151248931885,0.0260933730751276,-0.09656543284654617,0.888671875,0.322998046875
937,341,-2.044677734375,1.3175078630447388,2.0369226932525635,-2.3979151248931885,0.026093371212482452,-0.09656543284654617,0.90087890625,0.322998046875
938,342,-2.038053512573242,1.3175078630447388,1.872429370880127,-2.3979151248931885,0.0260933730751276,-0.09656543284654617,0.90087890625,0.3154296875
939,340,-2.0475542545318604,1.0527405738830566,2.036807060241699,-2.3979151248931885,0.0260933730751276,-0.09656543284654617,0.888671875,0.322998046875
940,342,-2.038053512573242,1.3175078630447388,1.872429370880127,-2.3979151248931885,0.0260933730751276,-0.09656543284654617,0.90087890625,0.3154296875
941,343,-2.0409300327301025,1.0527405738830566,1.8723138570785522,-2.3979151248931885,0.026093371212482452,-0.09656543284654617,0.888671875,0.3154296875
942,344,2.640578031539917,1.0016354322433472,2.2415342330932617,-0.1047055572271347,8.861573587637395e-05,2.3977155685424805,0.888671875,0.54052734375
943,345,2.6434292793273926,1.2663979530334473,2.2416489124298096,-0.1047055572271347,8.861572860041633e-05,2.3977155685424805,0.90087890625,0.54052734375
944,346,-2.044677734375,1.3175078630447388,2.0369226932525635,-0.1047055572271347,8.861572860041633e-05,2.3977155685424805,0.90087890625,0.322998046875
945,344,2.640578031539917,1.0016354322433472,2.2415342330932617,-0.1047055572271347,8.861573587637395e-05,2.3977155685424805,0.888671875,0.54052734375
946,346,-2.044677734375,1.3175078630447388,2.0369226932525635,-0.1047055572271347,8.861572860041633e-05,2.3977155685424805,0.90087890625,0.322998046875
947,347,-2.0475542545318604,1.0527405738830566,2.036807060241699,-0.1047055572271347,8.861572860041633e-05,2.3977155685424805,0.888671875,0.322998046875
948,348,2.6434292793273926,1.2663979530334473,2.2416489124298096,2.3979177474975586,-0.02586648240685463,0.09656553715467453,0.90087890625,0.54052734375
949,349,2.640578031539917,1.0016354322433472,2.2415342330932617,2.3979177474975586,-0.02586648240685463,0.09656553715467453,0.888671875,0.54052734375
950,350,2.647202253341675,1.0016354322433472,2.0770411491394043,2.3979177474975586,-0.02586648240685463,0.09656553715467453,0.888671875,0.5478515625
951,348,2.6434292793273926,1.2663979530334473,2.2416489124298096,2.3979177474975586,-0.02586648240685463,0.09656553715467453,0.90087890625,0.54052734375
952,350,2.647202253341675,1.0016354322433472,2.0770411491394043,2.3979177474975586,-0.02586648240685463,0.09656553715467453,0.888671875,0.5478515625
953,351,2.6500535011291504,1.2663979530334473,2.077155828475952,2.3979177474975586,-0.02586648240685463,0.09656553715467453,0.90087890625,0.5478515625
954,352,1.474246859550476,1.1888078451156616,2.120314598083496,0.021165965124964714,2.395228862762451,0.14977005124092102,0.64990234375,0.75
955,353,1.4346134662628174,1.1116775274276733,2.1187186241149902,-2.1174156665802,1.1297255754470825,-0.016534581780433655,0.65380859375,0.75
956,354,1.4243223667144775,1.0989001989364624,2.3706631660461426,-2.177649974822998,0.9727030396461487,0.2677535116672516,0.65380859375,0.73779296875
957,352,1.474246859550476,1.1888078451156616,2.120314598083496,0.021165965124964714,2.395228862762451,0.14977005124092102,0.64990234375,0.75
958,354,1.4243223667144775,1.0989001989364624,2.3706631660461426,-2.177649974822998,0.9727030396461487,0.2677535116672516,0.65380859375,0.73779296875
959,355,1.4625364542007446,1.1682075262069702,2.4052915573120117,0.013887394219636917,2.193572521209717,0.9736778736114502,0.64990234375,0.73779296875
960,356,1.512121319770813,1.11079740524292,2.121839761734009,2.1369540691375732,1.0814197063446045,0.1547941267490387,0.64599609375,0.75
961,352,1.474246859550476,1.1888078451156616,2.120314598083496,0.021165965124964714,2.395228862762451,0.14977005124092102,0.64990234375,0.75
962,355,1.4625364542007446,1.1682075262069702,2.4052915573120117,0.013887394219636917,2.193572521209717,0.9736778736114502,0.64990234375,0.73779296875
963,355,1.4625364542007446,1.1682075262069702,2.4052915573120117,0.013887394219636917,2.193572521209717,0.9736778736114502,0.64990234375,0.73779296875
964,354,1.4243223667144775,1.0989001989364624,2.3706631660461426,-2.177649974822998,0.9727030396461487,0.2677535116672516,0.65380859375,0.73779296875
965,357,1.4148128032684326,0.929179310798645,2.558952569961548,-2.1986842155456543,0.7942419052124023,0.5431116223335266,0.65380859375,0.72509765625
966,355,1.4625364542007446,1.1682075262069702,2.4052915573120117,0.013887394219636917,2.193572521209717,0.9736778736114502,0.64990234375,0.73779296875
967,357,1.4148128032684326,0.929179310798645,2.558952569961548,-2.1986842155456543,0.7942419052124023,0.5431116223335266,0.65380859375,0.72509765625
968,358,1.440860629081726,0.9572164416313171,2.6400084495544434,0.09432407468557358,1.7494779825210571,1.6402536630630493,0.64990234375,0.7236328125
969,356,1.512121319770813,1.11079740524292,2.121839761734009,2.1369540691375732,1.0814197063446045,0.1547941267490387,0.64599609375,0.75
970,355,1.4625364542007446,1.1682075262069702,2.4052915573120117,0.013887394219636917,2.193572521209717,0.9736778736114502,0.64990234375,0.73779296875
971,359,1.5018302202224731,1.0980201959609985,2.3737845420837402,2.119936943054199,0.9804524183273315,0.5518893003463745,0.64599609375,0.73779296875
972,359,1.5018302202224731,1.0980201959609985,2.3737845420837402,2.119936943054199,0.9804524183273315,0.5518893003463745,0.64599609375,0.73779296875
973,355,1.4625364542007446,1.1682075262069702,2.4052915573120117,0.013887394219636917,2.193572521209717,0.9736778736114502,0.64990234375,0.73779296875
974,358,1.440860629081726,0.9572164416313171,2.6400084495544434,0.09432407468557358,1.7494779825210571,1.6402536630630493,0.64990234375,0.7236328125
975,359,1.5018302202224731,1.0980201959609985,2.3737845420837402,2.119936943054199,0.9804524183273315,0.5518893003463745,0.64599609375,0.73779296875
976,358,1.440860629081726,0.9572164416313171,2.6400084495544434,0.09432407468557358,1.7494779825210571,1.6402536630630493,0.64990234375,0.7236328125
977,360,1.4923205375671387,0.9282993674278259,2.5620739459991455,2.0428435802459717,0.8477480411529541,0.9317272901535034,0.64599609375,0.72607421875
978,358,1.440860629081726,0.9572164416313171,2.6400084495544434,0.09432407468557358,1.7494779825210571,1.6402536630630493,0.64990234375,0.7236328125
979,361,1.47234046459198,0.8636860847473145,2.6471431255340576,1.1503260135650635,0.8780410885810852,1.9146268367767334,0.64599609375,0.72216796875
980,360,1.4923205375671387,0.9282993674278259,2.5620739459991455,2.0428435802459717,0.8477480411529541,0.9317272901535034,0.64599609375,0.72607421875
981,357,1.4148128032684326,0.929179310798645,2.558952569961548,-2.1986842155456543,0.7942419052124023,0.5431116223335266,0.65380859375,0.72509765625
982,362,1.403954267501831,0.8709001541137695,2.610518455505371,-1.9133081436157227,0.8659971356391907,-1.1615952253341675,0.65380859375,0.72119140625
983,358,1.440860629081726,0.9572164416313171,2.6400084495544434,0.09432407468557358,1.7494779825210571,1.6402536630630493,0.64990234375,0.7236328125
984,362,1.403954267501831,0.8709001541137695,2.610518455505371,-1.9133081436157227,0.8659971356391907,-1.1615952253341675,0.65380859375,0.72119140625
985,363,1.338855266571045,0.8833867907524109,2.699655055999756,-0.2227943390607834,2.2001335620880127,0.9326182007789612,0.64990234375,0.716796875
986,358,1.440860629081726,0.9572164416313171,2.6400084495544434,0.09432407468557358,1.7494779825210571,1.6402536630630493,0.64990234375,0.7236328125
987,358,1.440860629081726,0.9572164416313171,2.6400084495544434,0.09432407468557358,1.7494779825210571,1.6402536630630493,0.64990234375,0.7236328125
988,364,1.4084044694900513,0.8191865682601929,2.714158296585083,0.8177561163902283,0.8791070580482483,2.078087568283081,0.64599609375,0.71826171875
989,361,1.47234046459198,0.8636860847473145,2.6471431255340576,1.1503260135650635,0.8780410885810852,1.9146268367767334,0.64599609375,0.72216796875
990,358,1.440860629081726,0.9572164416313171,2.6400084495544434,0.09432407468557358,1.7494779825210571,1.6402536630630493,0.64990234375,0.7236328125
991,363,1.338855266571045,0.8833867907524109,2.699655055999756,-0.2227943390607834,2.2001335620880127,0.9326182007789612,0.64990234375,0.716796875
992,364,1.4084044694900513,0.8191865682601929,2.714158296585083,0.8177561163902283,0.8791070580482483,2.078087568283081,0.64599609375,0.71826171875
993,362,1.403954267501831,0.8709001541137695,2.610518455505371,-1.9133081436157227,0.8659971356391907,-1.1615952253341675,0.65380859375,0.72119140625
994,365,1.3701883554458618,0.822430431842804,2.6484577655792236,-1.559334635734558,0.9451459050178528,-1.5605055093765259,0.65380859375,0.7177734375
995,363,1.338855266571045,0.8833867907524109,2.699655055999756,-0.2227943390607834,2.2001335620880127,0.9326182007789612,0.64990234375,0.716796875
996,365,1.3701883554458618,0.822430431842804,2.6484577655792236,-1.559334635734558,0.9451459050178528,-1.5605055093765259,0.65380859375,0.7177734375
997,366,1.301181435585022,0.7992343306541443,2.6621201038360596,-0.06059297174215317,1.0480045080184937,-2.1582441329956055,0.65380859375,0.71435546875
998,363,1.338855266571045,0.8833867907524109,2.699655055999756,-0.2227943390607834,2.2001335620880127,0.9326182007789612,0.64990234375,0.716796875
999,363,1.338855266571045,0.8833867907524109,2.699655055999756,-0.2227943390607834,2.2001335620880127,0.9326182007789612,0.64990234375,0.716796875
1000,367,1.2980599403381348,0.7992343306541443,2.7396328449249268,-0.009821608662605286,1.038744330406189,2.1635425090789795,0.64599609375,0.7138671875
1001,364,1.4084044694900513,0.8191865682601929,2.714158296585083,0.8177561163902283,0.8791070580482483,2.078087568283081,0.64599609375,0.71826171875
1002,363,1.338855266571045,0.8833867907524109,2.699655055999756,-0.2227943390607834,2.2001335620880127,0.9326182007789612,0.64990234375,0.716796875
1003,366,1.301181435585022,0.7992343306541443,2.6621201038360596,-0.06059297174215317,1.0480045080184937,-2.1582441329956055,0.65380859375,0.71435546875
1004,368,1.1990506649017334,0.8003939390182495,2.6580071449279785,0.09530292451381683,1.069828987121582,-2.146249294281006,0.65380859375,0.70947265625
1005,367,1.2980599403381348,0.7992343306541443,2.7396328449249268,-0.009821608662605286,1.038744330406189,2.1635425090789795,0.64599609375,0.7138671875
1006,363,1.338855266571045,0.8833867907524109,2.699655055999756,-0.2227943390607834,2.2001335620880127,0.9326182007789612,0.64990234375,0.716796875
1007,369,1.1983691453933716,0.8779643177986145,2.6967990398406982,0.022975962609052658,2.399888753890991,0.002584559377282858,0.64990234375,0.70947265625
1008,363,1.338855266571045,0.8833867907524109,2.699655055999756,-0.2227943390607834,2.2001335620880127,0.9326182007789612,0.64990234375,0.716796875
1009,368,1.1990506649017334,0.8003939390182495,2.6580071449279785,0.09530292451381683,1.069828987121582,-2.146249294281006,0.65380859375,0.70947265625
1010,369,1.1983691453933716,0.8779643177986145,2.6967990398406982,0.022975962609052658,2.399888753890991,0.002584559377282858,0.64990234375,0.70947265625
1011,367,1.2980599403381348,0.7992343306541443,2.7396328449249268,-0.009821608662605286,1.038744330406189,2.1635425090789795,0.64599609375,0.7138671875
1012,369,1.1983691453933716,0.8779643177986145,2.6967990398406982,0.022975962609052658,2.399888753890991,0.002584559377282858,0.64990234375,0.70947265625
1013,370,1.1959291696548462,0.8003939390182495,2.7355198860168457,-0.07458876818418503,1.072860598564148,2.1455557346343994,0.64599609375,0.70947265625
1014,369,1.1983691453933716,0.8779643177986145,2.6967990398406982,0.022975962609052658,2.399888753890991,0.002584559377282858,0.64990234375,0.70947265625
1015,371,-0.746958315372467,0.8224541544914246,2.6572787761688232,-0.07385481148958206,1.0728521347045898,2.145585298538208,0.64599609375,0.61865234375
1016,370,1.1959291696548462,0.8003939390182495,2.7355198860168457,-0.07458876818418503,1.072860598564148,2.1455557346343994,0.64599609375,0.70947265625
1017,368,1.1990506649017334,0.8003939390182495,2.6580071449279785,0.09530292451381683,1.069828987121582,-2.146249294281006,0.65380859375,0.70947265625
1018,372,-0.7445182204246521,0.9000244140625,2.6185576915740967,0.04017150402069092,2.3996567726135254,-0.0058385408483445644,0.64990234375,0.61865234375
1019,369,1.1983691453933716,0.8779643177986145,2.6967990398406982,0.022975962609052658,2.399888753890991,0.002584559377282858,0.64990234375,0.70947265625
1020,369,1.1983691453933716,0.8779643177986145,2.6967990398406982,0.022975962609052658,2.399888753890991,0.002584559377282858,0.64990234375,0.70947265625
1021,372,-0.7445182204246521,0.9000244140625,2.6185576915740967,0.04017150402069092,2.3996567726135254,-0.0058385408483445644,0.64990234375,0.61865234375
1022,371,-0.746958315372467,0.8224541544914246,2.6572787761688232,-0.07385481148958206,1.0728521347045898,2.145585298538208,0.64599609375,0.61865234375
1023,368,1.1990506649017334,0.8003939390182495,2.6580071449279785,0.09530292451381683,1.069828987121582,-2.146249294281006,0.65380859375,0.70947265625
1024,373,-0.7438368201255798,0.8224541544914246,2.579766035079956,0.10889033228158951,1.0789637565612793,-2.141023874282837,0.65380859375,0.61865234375
1025,372,-0.7445182204246521,0.9000244140625,2.6185576915740967,0.04017150402069092,2.3996567726135254,-0.0058385408483445644,0.64990234375,0.61865234375
1026,374,-0.8490890860557556,0.823613703250885,2.653165817260742,-0.14061522483825684,1.0402297973632812,2.1582751274108887,0.64599609375,0.6142578125
1027,371,-0.746958315372467,0.8224541544914246,2.6572787761688232,-0.07385481148958206,1.0728521347045898,2.145585298538208,0.64599609375,0.61865234375
1028,372,-0.7445182204246521,0.9000244140625,2.6185576915740967,0.04017150402069092,2.3996567726135254,-0.0058385408483445644,0.64990234375,0.61865234375
1029,375,-0.8846200108528137,0.9086326956748962,2.610114336013794,0.6337653994560242,2.2519445419311523,0.5358059406280518,0.64990234375,0.611328125
1030,372,-0.7445182204246521,0.9000244140625,2.6185576915740967,0.04017150402069092,2.3996567726135254,-0.0058385408483445644,0.64990234375,0.61865234375
1031,373,-0.7438368201255798,0.8224541544914246,2.579766035079956,0.10889033228158951,1.0789637565612793,-2.141023874282837,0.65380859375,0.61865234375
1032,374,-0.8490890860557556,0.823613703250885,2.653165817260742,-0.14061522483825684,1.0402297973632812,2.1582751274108887,0.64599609375,0.6142578125
1033,372,-0.7445182204246521,0.9000244140625,2.6185576915740967,0.04017150402069092,2.3996567726135254,-0.0058385408483445644,0.64990234375,0.61865234375
1034,375,-0.8846200108528137,0.9086326956748962,2.610114336013794,0.6337653994560242,2.2519445419311523,0.5358059406280518,0.64990234375,0.611328125
1035,375,-0.8846200108528137,0.9086326956748962,2.610114336013794,0.6337653994560242,2.2519445419311523,0.5358059406280518,0.64990234375,0.611328125
1036,373,-0.7438368201255798,0.8224541544914246,2.579766035079956,0.10889033228158951,1.0789637565612793,-2.141023874282837,0.65380859375,0.61865234375
1037,376,-0.879538357257843,0.8359847068786621,2.5660805702209473,1.0449360609054565,1.2937705516815186,-1.7303955554962158,0.65380859375,0.61181640625
1038,375,-0.8846200108528137,0.9086326956748962,2.610114336013794,0.6337653994560242,2.2519445419311523,0.5358059406280518,0.64990234375,0.611328125
1039,377,-0.9565474987030029,0.8460389971733093,2.61892032623291,-0.9620456695556641,0.8993200659751892,2.006413459777832,0.64599609375,0.6103515625
1040,374,-0.8490890860557556,0.823613703250885,2.653165817260742,-0.14061522483825684,1.0402297973632812,2.1582751274108887,0.64599609375,0.6142578125
1041,378,-0.9452846646308899,0.9267753958702087,2.4899115562438965,2.192660093307495,0.9478323459625244,0.23207569122314453,0.65380859375,0.60498046875
1042,375,-0.8846200108528137,0.9086326956748962,2.610114336013794,0.6337653994560242,2.2519445419311523,0.5358059406280518,0.64990234375,0.611328125
1043,376,-0.879538357257843,0.8359847068786621,2.5660805702209473,1.0449360609054565,1.2937705516815186,-1.7303955554962158,0.65380859375,0.61181640625
1044,379,-0.9797993898391724,0.98470139503479,2.542527198791504,0.5732009410858154,1.8002040386199951,1.4801037311553955,0.64990234375,0.6044921875
1045,377,-0.9565474987030029,0.8460389971733093,2.61892032623291,-0.9620456695556641,0.8993200659751892,2.006413459777832,0.64599609375,0.6103515625
1046,375,-0.8846200108528137,0.9086326956748962,2.610114336013794,0.6337653994560242,2.2519445419311523,0.5358059406280518,0.64990234375,0.611328125
1047,378,-0.9452846646308899,0.9267753958702087,2.4899115562438965,2.192660093307495,0.9478323459625244,0.23207569122314453,0.65380859375,0.60498046875
1048,379,-0.9797993898391724,0.98470139503479,2.542527198791504,0.5732009410858154,1.8002040386199951,1.4801037311553955,0.64990234375,0.6044921875
1049,375,-0.8846200108528137,0.9086326956748962,2.610114336013794,0.6337653994560242,2.2519445419311523,0.5358059406280518,0.64990234375,0.611328125
1050,379,-0.9797993898391724,0.98470139503479,2.542527198791504,0.5732009410858154,1.8002040386199951,1.4801037311553955,0.64990234375,0.6044921875
1051,380,-1.0138633251190186,0.8919152617454529,2.5470223426818848,-1.2803356647491455,0.9056428074836731,1.8167431354522705,0.64599609375,0.6064453125
1052,377,-0.9565474987030029,0.8460389971733093,2.61892032623291,-0.9620456695556641,0.8993200659751892,2.006413459777832,0.64599609375,0.6103515625
1053,379,-0.9797993898391724,0.98470139503479,2.542527198791504,0.5732009410858154,1.8002040386199951,1.4801037311553955,0.64990234375,0.6044921875
1054,381,-1.025469183921814,0.9568871259689331,2.4606809616088867,-2.091398239135742,0.8946892023086548,0.7652369737625122,0.64599609375,0.6025390625
1055,380,-1.0138633251190186,0.8919152617454529,2.5470223426818848,-1.2803356647491455,0.9056428074836731,1.8167431354522705,0.64599609375,0.6064453125
1056,382,-1.015959620475769,1.126607894897461,2.2723915576934814,-2.1346750259399414,1.0287593603134155,0.3805510997772217,0.64599609375,0.5908203125
1057,381,-1.025469183921814,0.9568871259689331,2.4606809616088867,-2.091398239135742,0.8946892023086548,0.7652369737625122,0.64599609375,0.6025390625
1058,379,-0.9797993898391724,0.98470139503479,2.542527198791504,0.5732009410858154,1.8002040386199951,1.4801037311553955,0.64990234375,0.6044921875
1059,383,-0.977745532989502,1.1959152221679688,2.3070199489593506,0.07905618846416473,2.1847293376922607,0.9903073906898499,0.64990234375,0.5908203125
1060,379,-0.9797993898391724,0.98470139503479,2.542527198791504,0.5732009410858154,1.8002040386199951,1.4801037311553955,0.64990234375,0.6044921875
1061,378,-0.9452846646308899,0.9267753958702087,2.4899115562438965,2.192660093307495,0.9478323459625244,0.23207569122314453,0.65380859375,0.60498046875
1062,382,-1.015959620475769,1.126607894897461,2.2723915576934814,-2.1346750259399414,1.0287593603134155,0.3805510997772217,0.64599609375,0.5908203125
1063,379,-0.9797993898391724,0.98470139503479,2.542527198791504,0.5732009410858154,1.8002040386199951,1.4801037311553955,0.64990234375,0.6044921875
1064,383,-0.977745532989502,1.1959152221679688,2.3070199489593506,0.07905618846416473,2.1847293376922607,0.9903073906898499,0.64990234375,0.5908203125
1065,384,-1.0056686401367188,1.1393853425979614,2.020447015762329,-2.117417573928833,1.129722237586975,-0.016534246504306793,0.64599609375,0.57861328125
1066,382,-1.015959620475769,1.126607894897461,2.2723915576934814,-2.1346750259399414,1.0287593603134155,0.3805510997772217,0.64599609375,0.5908203125
1067,383,-0.977745532989502,1.1959152221679688,2.3070199489593506,0.07905618846416473,2.1847293376922607,0.9903073906898499,0.64990234375,0.5908203125
1068,383,-0.977745532989502,1.1959152221679688,2.3070199489593506,0.07905618846416473,2.1847293376922607,0.9903073906898499,0.64990234375,0.5908203125
1069,378,-0.9452846646308899,0.9267753958702087,2.4899115562438965,2.192660093307495,0.9478323459625244,0.23207569122314453,0.65380859375,0.60498046875
1070,385,-0.938451886177063,1.125727891921997,2.275512933731079,2.1671457290649414,0.9219873547554016,0.46197575330734253,0.65380859375,0.5908203125
1071,384,-1.0056686401367188,1.1393853425979614,2.020447015762329,-2.117417573928833,1.129722237586975,-0.016534246504306793,0.64599609375,0.57861328125
1072,383,-0.977745532989502,1.1959152221679688,2.3070199489593506,0.07905618846416473,2.1847293376922607,0.9903073906898499,0.64990234375,0.5908203125
1073,386,-0.9660354852676392,1.2165157794952393,2.022042989730835,0.021165087819099426,2.3952291011810303,0.14976778626441956,0.64990234375,0.57861328125
1074,386,-0.9660354852676392,1.2165157794952393,2.022042989730835,0.021165087819099426,2.3952291011810303,0.14976778626441956,0.64990234375,0.57861328125
1075,383,-0.977745532989502,1.1959152221679688,2.3070199489593506,0.07905618846416473,2.1847293376922607,0.9903073906898499,0.64990234375,0.5908203125
1076,385,-0.938451886177063,1.125727891921997,2.275512933731079,2.1671457290649414,0.9219873547554016,0.46197575330734253,0.65380859375,0.5908203125
1077,386,-0.9660354852676392,1.2165157794952393,2.022042989730835,0.021165087819099426,2.3952291011810303,0.14976778626441956,0.64990234375,0.57861328125
1078,385,-0.938451886177063,1.125727891921997,2.275512933731079,2.1671457290649414,0.9219873547554016,0.46197575330734253,0.65380859375,0.5908203125
1079,387,-0.9281609654426575,1.138505220413208,2.0235681533813477,2.1369550228118896,1.0814182758331299,0.15479141473770142,0.65380859375,0.57861328125
1080,388,-1.877143144607544,1.0527405738830566,-2.194845199584961,-2.3979151248931885,0.026093382388353348,-0.09656543284654617,0.79736328125,0.53955078125
1081,389,-1.8837673664093018,1.0527405738830566,-2.0303518772125244,-2.3979151248931885,0.0260933805257082,-0.09656543284654617,0.79736328125,0.546875
1082,390,-1.8808908462524414,1.3175078630447388,-2.030235767364502,-2.3979151248931885,0.026093382388353348,-0.09656543284654617,0.81005859375,0.546875
1083,388,-1.877143144607544,1.0527405738830566,-2.194845199584961,-2.3979151248931885,0.026093382388353348,-0.09656543284654617,0.79736328125,0.53955078125
1084,390,-1.8808908462524414,1.3175078630447388,-2.030235767364502,-2.3979151248931885,0.026093382388353348,-0.09656543284654617,0.81005859375,0.546875
1085,391,-1.8742666244506836,1.3175078630447388,-2.1947290897369385,-2.3979151248931885,0.0260933805257082,-0.09656543284654617,0.81005859375,0.53955078125
1086,392,2.812270402908325,1.0016354322433472,-2.021933078765869,0.08843562006950378,8.908893505576998e-05,-2.3983707427978516,0.79736328125,0.322021484375
1087,393,-1.877143144607544,1.0527405738830566,-2.194845199584961,0.08843562006950378,8.908894960768521e-05,-2.3983707427978516,0.79736328125,0.53955078125
1088,394,-1.8742666244506836,1.3175078630447388,-2.1947290897369385,0.08843562006950378,8.908893505576998e-05,-2.3983707427978516,0.81005859375,0.53955078125
1089,392,2.812270402908325,1.0016354322433472,-2.021933078765869,0.08843562006950378,8.908893505576998e-05,-2.3983707427978516,0.79736328125,0.322021484375
1090,394,-1.8742666244506836,1.3175078630447388,-2.1947290897369385,0.08843562006950378,8.908893505576998e-05,-2.3983707427978516,0.81005859375,0.53955078125
1091,395,2.815121650695801,1.2663979530334473,-2.0218183994293213,0.08843562006950378,8.908893505576998e-05,-2.3983707427978516,0.81005859375,0.322021484375
1092,396,2.815121650695801,1.2663979530334473,-2.0218183994293213,2.3979177474975586,-0.02586647868156433,0.09656553715467453,0.81005859375,0.322021484375
1093,397,2.808497428894043,1.2663979530334473,-1.8573250770568848,2.3979177474975586,-0.02586647868156433,0.09656553715467453,0.81005859375,0.314453125
1094,398,2.8056461811065674,1.0016354322433472,-1.8574399948120117,2.3979177474975586,-0.02586647868156433,0.09656553715467453,0.79736328125,0.314453125
1095,396,2.815121650695801,1.2663979530334473,-2.0218183994293213,2.3979177474975586,-0.02586647868156433,0.09656553715467453,0.81005859375,0.322021484375
1096,398,2.8056461811065674,1.0016354322433472,-1.8574399948120117,2.3979177474975586,-0.02586647868156433,0.09656553715467453,0.79736328125,0.314453125
1097,399,2.812270402908325,1.0016354322433472,-2.021933078765869,2.3979177474975586,-0.02586647868156433,0.09656553715467453,0.79736328125,0.322021484375
1098,400,1.6399685144424438,1.1888078451156616,-1.99489164352417,0.03314172104001045,2.395228862762451,-0.1475827842950821,0.716796875,0.74853515625
1099,401,1.6103365421295166,1.0989001989364624,-2.248444080352783,-2.1490678787231445,0.9727031588554382,-0.4419936537742615,0.712890625,0.736328125
1100,402,1.6003351211547852,1.1116775274276733,-1.9964877367019653,-2.1118886470794678,1.129725694656372,-0.1537821739912033,0.712890625,0.74853515625
1101,400,1.6399685144424438,1.1888078451156616,-1.99489164352417,0.03314172104001045,2.395228862762451,-0.1475827842950821,0.716796875,0.74853515625
1102,403,1.6512113809585571,1.1682075262069702,-2.2798871994018555,0.09213690459728241,2.1935720443725586,-0.969408392906189,0.716796875,0.736328125
1103,401,1.6103365421295166,1.0989001989364624,-2.248444080352783,-2.1490678787231445,0.9727031588554382,-0.4419936537742615,0.712890625,0.736328125
1104,404,1.6778429746627808,1.11079740524292,-1.9933663606643677,2.142481565475464,1.0814193487167358,0.017541728913784027,0.720703125,0.74853515625
1105,403,1.6512113809585571,1.1682075262069702,-2.2798871994018555,0.09213690459728241,2.1935720443725586,-0.969408392906189,0.716796875,0.736328125
1106,400,1.6399685144424438,1.1888078451156616,-1.99489164352417,0.03314172104001045,2.395228862762451,-0.1475827842950821,0.716796875,0.74853515625
1107,403,1.6512113809585571,1.1682075262069702,-2.2798871994018555,0.09213690459728241,2.1935720443725586,-0.969408392906189,0.716796875,0.736328125
1108,405,1.6159982681274414,0.929179310798645,-2.4368884563446045,-2.1478922367095947,0.7942418456077576,-0.7181516289710999,0.712890625,0.72412109375
1109,401,1.6103365421295166,1.0989001989364624,-2.248444080352783,-2.1490678787231445,0.9727031588554382,-0.4419936537742615,0.712890625,0.736328125
1110,403,1.6512113809585571,1.1682075262069702,-2.2798871994018555,0.09213690459728241,2.1935720443725586,-0.969408392906189,0.716796875,0.736328125
1111,406,1.6484793424606323,0.9572164416313171,-2.515587329864502,0.22591184079647064,1.749477744102478,-1.6273577213287354,0.716796875,0.72216796875
1112,405,1.6159982681274414,0.929179310798645,-2.4368884563446045,-2.1478922367095947,0.7942418456077576,-0.7181516289710999,0.712890625,0.72412109375
1113,404,1.6778429746627808,1.11079740524292,-1.9933663606643677,2.142481565475464,1.0814193487167358,0.017541728913784027,0.720703125,0.74853515625
1114,407,1.6878443956375122,1.0980201959609985,-2.2453227043151855,2.1574504375457764,0.9804523587226868,-0.37963610887527466,0.720703125,0.736328125
1115,403,1.6512113809585571,1.1682075262069702,-2.2798871994018555,0.09213690459728241,2.1935720443725586,-0.969408392906189,0.716796875,0.736328125
1116,407,1.6878443956375122,1.0980201959609985,-2.2453227043151855,2.1574504375457764,0.9804523587226868,-0.37963610887527466,0.720703125,0.736328125
1117,406,1.6484793424606323,0.9572164416313171,-2.515587329864502,0.22591184079647064,1.749477744102478,-1.6273577213287354,0.716796875,0.72216796875
1118,403,1.6512113809585571,1.1682075262069702,-2.2798871994018555,0.09213690459728241,2.1935720443725586,-0.969408392906189,0.716796875,0.736328125
1119,407,1.6878443956375122,1.0980201959609985,-2.2453227043151855,2.1574504375457764,0.9804523587226868,-0.37963610887527466,0.720703125,0.736328125
1120,408,1.6935060024261475,0.9282993674278259,-2.433767080307007,2.111149549484253,0.8477484583854675,-0.7644436359405518,0.720703125,0.724609375
1121,406,1.6484793424606323,0.9572164416313171,-2.515587329864502,0.22591184079647064,1.749477744102478,-1.6273577213287354,0.716796875,0.72216796875
1122,406,1.6484793424606323,0.9572164416313171,-2.515587329864502,0.22591184079647064,1.749477744102478,-1.6273577213287354,0.716796875,0.72216796875
1123,408,1.6935060024261475,0.9282993674278259,-2.433767080307007,2.111149549484253,0.8477484583854675,-0.7644436359405518,0.720703125,0.724609375
1124,409,1.6804310083389282,0.8636860847473145,-2.520167589187622,1.3005571365356445,0.878042459487915,-1.815928339958191,0.720703125,0.720703125
1125,405,1.6159982681274414,0.929179310798645,-2.4368884563446045,-2.1478922367095947,0.7942418456077576,-0.7181516289710999,0.712890625,0.72412109375
1126,406,1.6484793424606323,0.9572164416313171,-2.515587329864502,0.22591184079647064,1.749477744102478,-1.6273577213287354,0.716796875,0.72216796875
1127,410,1.6093213558197021,0.8709001541137695,-2.4891605377197266,-2.000518798828125,0.8659948706626892,1.0039823055267334,0.712890625,0.7197265625
1128,410,1.6093213558197021,0.8709001541137695,-2.4891605377197266,-2.000518798828125,0.8659948706626892,1.0039823055267334,0.712890625,0.7197265625
1129,406,1.6484793424606323,0.9572164416313171,-2.515587329864502,0.22591184079647064,1.749477744102478,-1.6273577213287354,0.716796875,0.72216796875
1130,411,1.551600694656372,0.8833867907524109,-2.583242893218994,-0.14708064496517181,2.2001328468322754,-0.9475149512290955,0.716796875,0.71533203125
1131,406,1.6484793424606323,0.9572164416313171,-2.515587329864502,0.22591184079647064,1.749477744102478,-1.6273577213287354,0.716796875,0.72216796875
1132,409,1.6804310083389282,0.8636860847473145,-2.520167589187622,1.3005571365356445,0.878042459487915,-1.815928339958191,0.720703125,0.720703125
1133,412,1.6220909357070923,0.8191865682601929,-2.592106580734253,0.9822086095809937,0.879107654094696,-2.005601644515991,0.720703125,0.71630859375
1134,406,1.6484793424606323,0.9572164416313171,-2.515587329864502,0.22591184079647064,1.749477744102478,-1.6273577213287354,0.716796875,0.72216796875
1135,412,1.6220909357070923,0.8191865682601929,-2.592106580734253,0.9822086095809937,0.879107654094696,-2.005601644515991,0.720703125,0.71630859375
1136,411,1.551600694656372,0.8833867907524109,-2.583242893218994,-0.14708064496517181,2.2001328468322754,-0.9475149512290955,0.716796875,0.71533203125
1137,410,1.6093213558197021,0.8709001541137695,-2.4891605377197266,-2.000518798828125,0.8659948706626892,1.0039823055267334,0.712890625,0.7197265625
1138,411,1.551600694656372,0.8833867907524109,-2.583242893218994,-0.14708064496517181,2.2001328468322754,-0.9475149512290955,0.716796875,0.71533203125
1139,413,1.578715443611145,0.822430431842804,-2.5296919345855713,-1.6797676086425781,0.9451444149017334,1.4300649166107178,0.712890625,0.71630859375
1140,413,1.578715443611145,0.822430431842804,-2.5296919345855713,-1.6797676086425781,0.9451444149017334,1.4300649166107178,0.712890625,0.71630859375
1141,411,1.551600694656372,0.8833867907524109,-2.583242893218994,-0.14708064496517181,2.2001328468322754,-0.9475149512290955,0.716796875,0.71533203125
1142,414,1.5110305547714233,0.7992343306541443,-2.548858880996704,-0.23394258320331573,1.0480059385299683,2.1463820934295654,0.712890625,0.712890625
1143,411,1.551600694656372,0.8833867907524109,-2.583242893218994,-0.14708064496517181,2.2001328468322754,-0.9475149512290955,0.716796875,0.71533203125
1144,412,1.6220909357070923,0.8191865682601929,-2.592106580734253,0.9822086095809937,0.879107654094696,-2.005601644515991,0.720703125,0.71630859375
1145,415,1.5141520500183105,0.7992343306541443,-2.6263716220855713,0.16418242454528809,1.0387423038482666,-2.157327175140381,0.720703125,0.71240234375
1146,411,1.551600694656372,0.8833867907524109,-2.583242893218994,-0.14708064496517181,2.2001328468322754,-0.9475149512290955,0.716796875,0.71533203125
1147,416,1.4088997840881348,0.8003939390182495,-2.552971839904785,-0.07758715748786926,1.0698304176330566,2.1469619274139404,0.712890625,0.7080078125
1148,414,1.5110305547714233,0.7992343306541443,-2.548858880996704,-0.23394258320331573,1.0480059385299683,2.1463820934295654,0.712890625,0.712890625
1149,415,1.5141520500183105,0.7992343306541443,-2.6263716220855713,0.16418242454528809,1.0387423038482666,-2.157327175140381,0.720703125,0.71240234375
1150,417,1.4113398790359497,0.8779643177986145,-2.5916926860809326,0.02310929261147976,2.399888753890991,-0.0007273370283655822,0.716796875,0.7080078125
1151,411,1.551600694656372,0.8833867907524109,-2.583242893218994,-0.14708064496517181,2.2001328468322754,-0.9475149512290955,0.716796875,0.71533203125
1152,411,1.551600694656372,0.8833867907524109,-2.583242893218994,-0.14708064496517181,2.2001328468322754,-0.9475149512290955,0.716796875,0.71533203125
1153,417,1.4113398790359497,0.8779643177986145,-2.5916926860809326,0.02310929261147976,2.399888753890991,-0.0007273370283655822,0.716796875,0.7080078125
1154,416,1.4088997840881348,0.8003939390182495,-2.552971839904785,-0.07758715748786926,1.0698304176330566,2.1469619274139404,0.712890625,0.7080078125
1155,415,1.5141520500183105,0.7992343306541443,-2.6263716220855713,0.16418242454528809,1.0387423038482666,-2.157327175140381,0.720703125,0.71240234375
1156,418,1.412021279335022,0.8003939390182495,-2.6304845809936523,0.09817846119403839,1.0728634595870972,-2.144604444503784,0.720703125,0.7080078125
1157,417,1.4113398790359497,0.8779643177986145,-2.5916926860809326,0.02310929261147976,2.399888753890991,-0.0007273370283655822,0.716796875,0.7080078125
1158,417,1.4113398790359497,0.8779643177986145,-2.5916926860809326,0.02310929261147976,2.399888753890991,-0.0007273370283655822,0.716796875,0.7080078125
1159,418,1.412021279335022,0.8003939390182495,-2.6304845809936523,0.09817846119403839,1.0728634595870972,-2.144604444503784,0.720703125,0.7080078125
1160,419,-0.5308662056922913,0.8224541544914246,-2.708725690841675,0.09891240298748016,1.0728551149368286,-2.1445746421813965,0.720703125,0.6171875
1161,416,1.4088997840881348,0.8003939390182495,-2.552971839904785,-0.07758715748786926,1.0698304176330566,2.1469619274139404,0.712890625,0.7080078125
1162,417,1.4113398790359497,0.8779643177986145,-2.5916926860809326,0.02310929261147976,2.399888753890991,-0.0007273370283655822,0.716796875,0.7080078125
1163,420,-0.5315476059913635,0.9000244140625,-2.669934034347534,0.03957182541489601,2.3996567726135254,0.009051667526364326,0.716796875,0.6171875
1164,417,1.4113398790359497,0.8779643177986145,-2.5916926860809326,0.02310929261147976,2.399888753890991,-0.0007273370283655822,0.716796875,0.7080078125
1165,419,-0.5308662056922913,0.8224541544914246,-2.708725690841675,0.09891240298748016,1.0728551149368286,-2.1445746421813965,0.720703125,0.6171875
1166,420,-0.5315476059913635,0.9000244140625,-2.669934034347534,0.03957182541489601,2.3996567726135254,0.009051667526364326,0.716796875,0.6171875
1167,416,1.4088997840881348,0.8003939390182495,-2.552971839904785,-0.07758715748786926,1.0698304176330566,2.1469619274139404,0.712890625,0.7080078125
1168,420,-0.5315476059913635,0.9000244140625,-2.669934034347534,0.03957182541489601,2.3996567726135254,0.009051667526364326,0.716796875,0.6171875
1169,421,-0.5339877009391785,0.8224541544914246,-2.6312129497528076,-0.06362354755401611,1.0789650678634644,2.14284610748291,0.712890625,0.6171875
1170,422,-0.6329969763755798,0.823613703250885,-2.712838649749756,0.033388614654541016,1.0402297973632812,-2.1625936031341553,0.720703125,0.61279296875
1171,420,-0.5315476059913635,0.9000244140625,-2.669934034347534,0.03957182541489601,2.3996567726135254,0.009051667526364326,0.716796875,0.6171875
1172,419,-0.5308662056922913,0.8224541544914246,-2.708725690841675,0.09891240298748016,1.0728551149368286,-2.1445746421813965,0.720703125,0.6171875
1173,423,-0.6718747019767761,0.9086326956748962,-2.672783613204956,0.6747972965240479,2.2519447803497314,-0.48310816287994385,0.716796875,0.60986328125
1174,421,-0.5339877009391785,0.8224541544914246,-2.6312129497528076,-0.06362354755401611,1.0789650678634644,2.14284610748291,0.712890625,0.6171875
1175,420,-0.5315476059913635,0.9000244140625,-2.669934034347534,0.03957182541489601,2.3996567726135254,0.009051667526364326,0.716796875,0.6171875
1176,422,-0.6329969763755798,0.823613703250885,-2.712838649749756,0.033388614654541016,1.0402297973632812,-2.1625936031341553,0.720703125,0.61279296875
1177,423,-0.6718747019767761,0.9086326956748962,-2.672783613204956,0.6747972965240479,2.2519447803497314,-0.48310816287994385,0.716796875,0.60986328125
1178,420,-0.5315476059913635,0.9000244140625,-2.669934034347534,0.03957182541489601,2.3996567726135254,0.009051667526364326,0.716796875,0.6171875
1179,423,-0.6718747019767761,0.9086326956748962,-2.672783613204956,0.6747972965240479,2.2519447803497314,-0.48310816287994385,0.716796875,0.60986328125
1180,424,-0.6703502535820007,0.8359847068786621,-2.628483772277832,0.9024097323417664,1.293770670890808,1.8088161945343018,0.712890625,0.6103515625
1181,421,-0.5339877009391785,0.8224541544914246,-2.6312129497528076,-0.06362354755401611,1.0789650678634644,2.14284610748291,0.712890625,0.6171875
1182,423,-0.6718747019767761,0.9086326956748962,-2.672783613204956,0.6747972965240479,2.2519447803497314,-0.48310816287994385,0.716796875,0.60986328125
1183,422,-0.6329969763755798,0.823613703250885,-2.712838649749756,0.033388614654541016,1.0402297973632812,-2.1625936031341553,0.720703125,0.61279296875
1184,425,-0.7428611516952515,0.8460389971733093,-2.687344551086426,-0.7975943088531494,0.8993201851844788,-2.0772745609283447,0.720703125,0.60888671875
1185,426,-0.7420085072517395,0.9267753958702087,-2.5578479766845703,2.204221248626709,0.9478319883346558,-0.05501037836074829,0.712890625,0.603515625
1186,424,-0.6703502535820007,0.8359847068786621,-2.628483772277832,0.9024097323417664,1.293770670890808,1.8088161945343018,0.712890625,0.6103515625
1187,423,-0.6718747019767761,0.9086326956748962,-2.672783613204956,0.6747972965240479,2.2519447803497314,-0.48310816287994385,0.716796875,0.60986328125
1188,427,-0.7721805572509766,0.98470139503479,-2.6130685806274414,0.6903606057167053,1.8002041578292847,-1.429219365119934,0.716796875,0.60302734375
1189,423,-0.6718747019767761,0.9086326956748962,-2.672783613204956,0.6747972965240479,2.2519447803497314,-0.48310816287994385,0.716796875,0.60986328125
1190,425,-0.7428611516952515,0.8460389971733093,-2.687344551086426,-0.7975943088531494,0.8993201851844788,-2.0772745609283447,0.720703125,0.60888671875
1191,426,-0.7420085072517395,0.9267753958702087,-2.5578479766845703,2.204221248626709,0.9478319883346558,-0.05501037836074829,0.712890625,0.603515625
1192,423,-0.6718747019767761,0.9086326956748962,-2.672783613204956,0.6747972965240479,2.2519447803497314,-0.48310816287994385,0.716796875,0.60986328125
1193,427,-0.7721805572509766,0.98470139503479,-2.6130685806274414,0.6903606057167053,1.8002041578292847,-1.429219365119934,0.716796875,0.60302734375
1194,427,-0.7721805572509766,0.98470139503479,-2.6130685806274414,0.6903606057167053,1.8002041578292847,-1.429219365119934,0.716796875,0.60302734375
1195,425,-0.7428611516952515,0.8460389971733093,-2.687344551086426,-0.7975943088531494,0.8993201851844788,-2.0772745609283447,0.720703125,0.60888671875
1196,428,-0.8057727813720703,0.8919152617454529,-2.620288372039795,-1.130104899406433,0.9056430459022522,-1.913812279701233,0.720703125,0.60498046875
1197,427,-0.7721805572509766,0.98470139503479,-2.6130685806274414,0.6903606057167053,1.8002041578292847,-1.429219365119934,0.716796875,0.60302734375
1198,428,-0.8057727813720703,0.8919152617454529,-2.620288372039795,-1.130104899406433,0.9056430459022522,-1.913812279701233,0.720703125,0.60498046875
1199,429,-0.8242838382720947,0.9568871259689331,-2.5351600646972656,-2.023092269897461,0.8946895599365234,-0.930930495262146,0.720703125,0.60107421875
1200,430,-0.82994544506073,1.126607894897461,-2.3467156887054443,-2.0971620082855225,1.0287597179412842,-0.5509698987007141,0.720703125,0.58935546875
1201,427,-0.7721805572509766,0.98470139503479,-2.6130685806274414,0.6903606057167053,1.8002041578292847,-1.429219365119934,0.716796875,0.60302734375
1202,429,-0.8242838382720947,0.9568871259689331,-2.5351600646972656,-2.023092269897461,0.8946895599365234,-0.930930495262146,0.720703125,0.60107421875
1203,431,-0.789070725440979,1.1959152221679688,-2.3781588077545166,0.15843170881271362,2.1847293376922607,-0.980743408203125,0.716796875,0.58935546875
1204,426,-0.7420085072517395,0.9267753958702087,-2.5578479766845703,2.204221248626709,0.9478319883346558,-0.05501037836074829,0.712890625,0.603515625
1205,427,-0.7721805572509766,0.98470139503479,-2.6130685806274414,0.6903606057167053,1.8002041578292847,-1.429219365119934,0.716796875,0.60302734375
1206,430,-0.82994544506073,1.126607894897461,-2.3467156887054443,-2.0971620082855225,1.0287597179412842,-0.5509698987007141,0.720703125,0.58935546875
1207,431,-0.789070725440979,1.1959152221679688,-2.3781588077545166,0.15843170881271362,2.1847293376922607,-0.980743408203125,0.716796875,0.58935546875
1208,427,-0.7721805572509766,0.98470139503479,-2.6130685806274414,0.6903606057167053,1.8002041578292847,-1.429219365119934,0.716796875,0.60302734375
1209,432,-0.8399468660354614,1.1393853425979614,-2.094759225845337,-2.1118900775909424,1.1297225952148438,-0.15378239750862122,0.720703125,0.5771484375
1210,431,-0.789070725440979,1.1959152221679688,-2.3781588077545166,0.15843170881271362,2.1847293376922607,-0.980743408203125,0.716796875,0.58935546875
1211,430,-0.82994544506073,1.126607894897461,-2.3467156887054443,-2.0971620082855225,1.0287597179412842,-0.5509698987007141,0.720703125,0.58935546875
1212,431,-0.789070725440979,1.1959152221679688,-2.3781588077545166,0.15843170881271362,2.1847293376922607,-0.980743408203125,0.716796875,0.58935546875
1213,433,-0.7524378299713135,1.125727891921997,-2.3435943126678467,2.1972761154174805,0.9219872355461121,-0.2862178087234497,0.712890625,0.58935546875
1214,426,-0.7420085072517395,0.9267753958702087,-2.5578479766845703,2.204221248626709,0.9478319883346558,-0.05501037836074829,0.712890625,0.603515625
1215,432,-0.8399468660354614,1.1393853425979614,-2.094759225845337,-2.1118900775909424,1.1297225952148438,-0.15378239750862122,0.720703125,0.5771484375
1216,434,-0.8003137111663818,1.2165157794952393,-2.093163251876831,0.03313998132944107,2.3952291011810303,-0.14758072793483734,0.716796875,0.5771484375
1217,431,-0.789070725440979,1.1959152221679688,-2.3781588077545166,0.15843170881271362,2.1847293376922607,-0.980743408203125,0.716796875,0.58935546875
1218,434,-0.8003137111663818,1.2165157794952393,-2.093163251876831,0.03313998132944107,2.3952291011810303,-0.14758072793483734,0.716796875,0.5771484375
1219,433,-0.7524378299713135,1.125727891921997,-2.3435943126678467,2.1972761154174805,0.9219872355461121,-0.2862178087234497,0.712890625,0.58935546875
1220,431,-0.789070725440979,1.1959152221679688,-2.3781588077545166,0.15843170881271362,2.1847293376922607,-0.980743408203125,0.716796875,0.58935546875
1221,434,-0.8003137111663818,1.2165157794952393,-2.093163251876831,0.03313998132944107,2.3952291011810303,-0.14758072793483734,0.716796875,0.5771484375
1222,435,-0.7624391913414001,1.138505220413208,-2.0916380882263184,2.142482042312622,1.0814183950424194,0.017544113099575043,0.712890625,0.5771484375
1223,433,-0.7524378299713135,1.125727891921997,-2.3435943126678467,2.1972761154174805,0.9219872355461121,-0.2862178087234497,0.712890625,0.58935546875
1224,436,5.674347877502441,1.1653096675872803,2.294255256652832,0.46126091480255127,1.0057721138000488,-2.1297099590301514,0.29150390625,0.6796875
1225,437,5.300599098205566,1.3048454523086548,2.2792043685913086,0.46126097440719604,1.0057721138000488,-2.1297099590301514,0.29150390625,0.6982421875
1226,438,5.315206050872803,1.349189281463623,2.303309440612793,0.8381497859954834,2.2486367225646973,0.03374987468123436,0.2939453125,0.6982421875
1227,436,5.674347877502441,1.1653096675872803,2.294255256652832,0.46126091480255127,1.0057721138000488,-2.1297099590301514,0.29150390625,0.6796875
1228,438,5.315206050872803,1.349189281463623,2.303309440612793,0.8381497859954834,2.2486367225646973,0.03374987468123436,0.2939453125,0.6982421875
1229,439,5.688953876495361,1.2096540927886963,2.3183605670928955,0.8381496667861938,2.2486367225646973,0.033749762922525406,0.2939453125,0.6796875
1230,440,5.298708438873291,1.3048454523086548,2.326162576675415,0.2885168790817261,1.0057750940322876,2.1599020957946777,0.29638671875,0.6982421875
1231,439,5.688953876495361,1.2096540927886963,2.3183605670928955,0.8381496667861938,2.2486367225646973,0.033749762922525406,0.2939453125,0.6796875
1232,438,5.315206050872803,1.349189281463623,2.303309440612793,0.8381497859954834,2.2486367225646973,0.03374987468123436,0.2939453125,0.6982421875
1233,440,5.298708438873291,1.3048454523086548,2.326162576675415,0.2885168790817261,1.0057750940322876,2.1599020957946777,0.29638671875,0.6982421875
1234,441,5.672457218170166,1.1653096675872803,2.3412134647369385,0.2885168790817261,1.0057753324508667,2.1599020957946777,0.29638671875,0.6796875
1235,439,5.688953876495361,1.2096540927886963,2.3183605670928955,0.8381496667861938,2.2486367225646973,0.033749762922525406,0.2939453125,0.6796875
1236,442,5.924428462982178,1.2700024843215942,-1.660422444343567,0.6372958421707153,2.313762903213501,0.018876170739531517,0.0426025390625,0.7802734375
1237,443,6.085182189941406,1.1354706287384033,-0.6939613819122314,1.3407806158065796,1.9898231029510498,0.05396939069032669,0.03143310546875,0.73583984375
1238,444,6.124308109283447,1.1351001262664795,-1.6523730754852295,1.3407803773880005,1.9898231029510498,0.053969383239746094,0.03143310546875,0.7802734375
1239,442,5.924428462982178,1.2700024843215942,-1.660422444343567,0.6372958421707153,2.313762903213501,0.018876170739531517,0.0426025390625,0.7802734375
1240,445,5.877171993255615,1.2700074911117554,-0.48664993047714233,0.33515408635139465,2.376479387283325,0.004182407632470131,0.042572021484375,0.72607421875
1241,443,6.085182189941406,1.1354706287384033,-0.6939613819122314,1.3407806158065796,1.9898231029510498,0.05396939069032669,0.03143310546875,0.73583984375
1242,442,5.924428462982178,1.2700024843215942,-1.660422444343567,0.6372958421707153,2.313762903213501,0.018876170739531517,0.0426025390625,0.7802734375
1243,446,5.828845024108887,1.2774324417114258,-0.4196694493293762,0.032379765063524246,2.3997817039489746,0.00028367817867547274,0.044708251953125,0.72265625
1244,445,5.877171993255615,1.2700074911117554,-0.48664993047714233,0.33515408635139465,2.376479387283325,0.004182407632470131,0.042572021484375,0.72607421875
1245,442,5.924428462982178,1.2700024843215942,-1.660422444343567,0.6372958421707153,2.313762903213501,0.018876170739531517,0.0426025390625,0.7802734375
1246,447,5.399661540985107,1.2828738689422607,-1.6815550327301025,0.054941870272159576,2.3993687629699707,-0.0032571195624768734,0.06695556640625,0.7802734375
1247,446,5.828845024108887,1.2774324417114258,-0.4196694493293762,0.032379765063524246,2.3997817039489746,0.00028367817867547274,0.044708251953125,0.72265625
1248,448,5.776224613189697,1.2774324417114258,0.8870034217834473,0.032297659665346146,2.3997817039489746,0.0023209189530462027,0.044708251953125,0.662109375
1249,446,5.828845024108887,1.2774324417114258,-0.4196694493293762,0.032379765063524246,2.3997817039489746,0.00028367817867547274,0.044708251953125,0.72265625
1250,447,5.399661540985107,1.2828738689422607,-1.6815550327301025,0.054941870272159576,2.3993687629699707,-0.0032571195624768734,0.06695556640625,0.7802734375
1251,448,5.776224613189697,1.2774324417114258,0.8870034217834473,0.032297659665346146,2.3997817039489746,0.0023209189530462027,0.044708251953125,0.662109375
1252,447,5.399661540985107,1.2828738689422607,-1.6815550327301025,0.054941870272159576,2.3993687629699707,-0.0032571195624768734,0.06695556640625,0.7802734375
1253,449,5.24696159362793,1.2828738689422607,2.1102919578552246,0.05450170859694481,2.3993687629699707,0.007664475589990616,0.06689453125,0.6044921875
1254,450,5.819009304046631,1.2700074911117554,0.9576531648635864,0.33461079001426697,2.376450300216675,0.02278495766222477,0.042572021484375,0.65869140625
1255,448,5.776224613189697,1.2774324417114258,0.8870034217834473,0.032297659665346146,2.3997817039489746,0.0023209189530462027,0.044708251953125,0.662109375
1256,449,5.24696159362793,1.2828738689422607,2.1102919578552246,0.05450170859694481,2.3993687629699707,0.007664475589990616,0.06689453125,0.6044921875
1257,450,5.819009304046631,1.2700074911117554,0.9576531648635864,0.33461079001426697,2.376450300216675,0.02278495766222477,0.042572021484375,0.65869140625
1258,449,5.24696159362793,1.2828738689422607,2.1102919578552246,0.05450170859694481,2.3993687629699707,0.007664475589990616,0.06689453125,0.6044921875
1259,451,5.771728515625,1.2700024843215942,2.13142466545105,0.6370712518692017,2.3136744499206543,0.03243435174226761,0.042572021484375,0.6044921875
1260,452,6.0100507736206055,1.1351896524429321,1.1814548969268799,1.3408408164978027,1.9897816181182861,0.05400628224015236,0.031402587890625,0.64892578125
1261,450,5.819009304046631,1.2700074911117554,0.9576531648635864,0.33461079001426697,2.376450300216675,0.02278495766222477,0.042572021484375,0.65869140625
1262,451,5.771728515625,1.2700024843215942,2.13142466545105,0.6370712518692017,2.3136744499206543,0.03243435174226761,0.042572021484375,0.6044921875
1263,452,6.0100507736206055,1.1351896524429321,1.1814548969268799,1.3408408164978027,1.9897816181182861,0.05400628224015236,0.031402587890625,0.64892578125
1264,451,5.771728515625,1.2700024843215942,2.13142466545105,0.6370712518692017,2.3136744499206543,0.03243435174226761,0.042572021484375,0.6044921875
1265,453,5.9716081619262695,1.1351001262664795,2.1394739151000977,1.3408408164978027,1.9897816181182861,0.05400628224015236,0.031402587890625,0.6044921875
1266,454,3.974853754043579,1.4793144464492798,2.5097875595092773,0.05502845346927643,0.7390066981315613,2.2827274799346924,0.89111328125,0.97021484375
1267,455,3.8955538272857666,2.3397769927978516,2.125659704208374,-1.5850692987442017,0.6107944250106812,1.6954317092895508,0.93408203125,0.9638671875
1268,456,3.8844645023345947,1.457374095916748,2.4353952407836914,-1.585069179534912,0.6107944250106812,1.6954317092895508,0.89111328125,0.9638671875
1269,454,3.974853754043579,1.4793144464492798,2.5097875595092773,0.05502845346927643,0.7390066981315613,2.2827274799346924,0.89111328125,0.97021484375
1270,457,4.006473064422607,2.3689467906951904,2.2210593223571777,0.14142248034477234,0.734935998916626,2.280322790145874,0.93408203125,0.97021484375
1271,455,3.8955538272857666,2.3397769927978516,2.125659704208374,-1.5850692987442017,0.6107944250106812,1.6954317092895508,0.93408203125,0.9638671875
1272,458,4.052281856536865,1.4604430198669434,2.4212751388549805,1.800531268119812,0.42756137251853943,1.5281627178192139,0.89111328125,0.97607421875
1273,457,4.006473064422607,2.3689467906951904,2.2210593223571777,0.14142248034477234,0.734935998916626,2.280322790145874,0.93408203125,0.97021484375
1274,454,3.974853754043579,1.4793144464492798,2.5097875595092773,0.05502845346927643,0.7390066981315613,2.2827274799346924,0.89111328125,0.97021484375
1275,458,4.052281856536865,1.4604430198669434,2.4212751388549805,1.800531268119812,0.42756137251853943,1.5281627178192139,0.89111328125,0.97607421875
1276,459,4.106116771697998,2.329725980758667,2.1171929836273193,1.800531268119812,0.42756137251853943,1.528162956237793,0.93408203125,0.97607421875
1277,457,4.006473064422607,2.3689467906951904,2.2210593223571777,0.14142248034477234,0.734935998916626,2.280322790145874,0.93408203125,0.97021484375
1278,460,5.86153507232666,1.2392666339874268,-1.9027435779571533,0.02720343880355358,2.399845600128174,0.001095498213544488,0.583984375,0.56591796875
1279,461,5.735677242279053,1.1442654132843018,2.3697614669799805,2.156916379928589,1.0488897562026978,0.08686026930809021,0.5791015625,0.36767578125
1280,462,5.907658576965332,1.1442654132843018,-1.9008861780166626,2.156916379928589,1.0488897562026978,0.08686026930809021,0.5791015625,0.56591796875
1281,460,5.86153507232666,1.2392666339874268,-1.9027435779571533,0.02720343880355358,2.399845600128174,0.001095498213544488,0.583984375,0.56591796875
1282,463,5.689553737640381,1.2392666339874268,2.3679041862487793,0.02720343880355358,2.399845600128174,0.001095498213544488,0.583984375,0.36767578125
1283,461,5.735677242279053,1.1442654132843018,2.3697614669799805,2.156916379928589,1.0488897562026978,0.08686026930809021,0.5791015625,0.36767578125
1284,464,5.641287803649902,1.1453371047973633,2.3659603595733643,-2.1325809955596924,1.0976002216339111,-0.08588026463985443,0.5888671875,0.36767578125
1285,463,5.689553737640381,1.2392666339874268,2.3679041862487793,0.02720343880355358,2.399845600128174,0.001095498213544488,0.583984375,0.36767578125
1286,460,5.86153507232666,1.2392666339874268,-1.9027435779571533,0.02720343880355358,2.399845600128174,0.001095498213544488,0.583984375,0.56591796875
1287,464,5.641287803649902,1.1453371047973633,2.3659603595733643,-2.1325809955596924,1.0976002216339111,-0.08588026463985443,0.5888671875,0.36767578125
1288,460,5.86153507232666,1.2392666339874268,-1.9027435779571533,0.02720343880355358,2.399845600128174,0.001095498213544488,0.583984375,0.56591796875
1289,465,5.813269138336182,1.1453371047973633,-1.9046874046325684,-2.1325809955596924,1.0976002216339111,-0.08588026463985443,0.5888671875,0.56591796875
1290,466,5.840456485748291,1.1653096675872803,-1.83055579662323,0.28851592540740967,1.0057796239852905,2.159900426864624,0.505859375,0.669921875
1291,467,5.483205318450928,1.349189281463623,-1.8684598207473755,0.8381476998329163,2.2486374378204346,0.033752329647541046,0.50341796875,0.6884765625
1292,468,5.466707706451416,1.3048454523086548,-1.8456069231033325,0.28851592540740967,1.0057793855667114,2.159900426864624,0.505859375,0.6884765625
1293,466,5.840456485748291,1.1653096675872803,-1.83055579662323,0.28851592540740967,1.0057796239852905,2.159900426864624,0.505859375,0.669921875
1294,469,5.856953144073486,1.2096540927886963,-1.8534088134765625,0.838147759437561,2.2486374378204346,0.03375234082341194,0.50341796875,0.669921875
1295,467,5.483205318450928,1.349189281463623,-1.8684598207473755,0.8381476998329163,2.2486374378204346,0.033752329647541046,0.50341796875,0.6884765625
1296,470,5.46859884262085,1.3048454523086548,-1.892565131187439,0.461261510848999,1.0057721138000488,-2.1297097206115723,0.5009765625,0.6884765625
1297,467,5.483205318450928,1.349189281463623,-1.8684598207473755,0.8381476998329163,2.2486374378204346,0.033752329647541046,0.50341796875,0.6884765625
1298,469,5.856953144073486,1.2096540927886963,-1.8534088134765625,0.838147759437561,2.2486374378204346,0.03375234082341194,0.50341796875,0.669921875
1299,470,5.46859884262085,1.3048454523086548,-1.892565131187439,0.461261510848999,1.0057721138000488,-2.1297097206115723,0.5009765625,0.6884765625
1300,469,5.856953144073486,1.2096540927886963,-1.8534088134765625,0.838147759437561,2.2486374378204346,0.03375234082341194,0.50341796875,0.669921875
1301,471,5.842347621917725,1.1653096675872803,-1.8775140047073364,0.4612616300582886,1.0057722330093384,-2.1297097206115723,0.5009765625,0.669921875
1302,472,6.323242664337158,1.714777946472168,-1.356694221496582,0.09657113999128342,1.943515371749527e-06,-2.398056983947754,0.1837158203125,0.1640625
1303,473,6.322099208831787,1.6139131784439087,-1.3567403554916382,0.09657113999128342,1.943515371749527e-06,-2.398056983947754,0.1837158203125,0.168701171875
1304,474,6.221316814422607,1.6150574684143066,-1.3607988357543945,0.09657113999128342,1.9435158264968777e-06,-2.398056983947754,0.1883544921875,0.168701171875
1305,472,6.323242664337158,1.714777946472168,-1.356694221496582,0.09657113999128342,1.943515371749527e-06,-2.398056983947754,0.1837158203125,0.1640625
1306,474,6.221316814422607,1.6150574684143066,-1.3607988357543945,0.09657113999128342,1.9435158264968777e-06,-2.398056983947754,0.1883544921875,0.168701171875
1307,475,6.222459316253662,1.7159223556518555,-1.360752820968628,0.09657113999128342,1.943516053870553e-06,-2.398056983947754,0.1883544921875,0.1640625
1308,476,6.323242664337158,1.714777946472168,-1.356694221496582,2.3979029655456543,-0.02721991017460823,0.09656493365764618,0.1837158203125,0.1640625
1309,477,6.193674564361572,1.714777946472168,1.860748529434204,2.3979029655456543,-0.02721991017460823,0.09656493365764618,0.1837158203125,0.0149383544921875
1310,478,6.192531108856201,1.6139131784439087,1.860702395439148,2.3979029655456543,-0.02721991017460823,0.09656493365764618,0.178955078125,0.0149383544921875
1311,476,6.323242664337158,1.714777946472168,-1.356694221496582,2.3979029655456543,-0.02721991017460823,0.09656493365764618,0.1837158203125,0.1640625
1312,478,6.192531108856201,1.6139131784439087,1.860702395439148,2.3979029655456543,-0.02721991017460823,0.09656493365764618,0.178955078125,0.0149383544921875
1313,479,6.322099208831787,1.6139131784439087,-1.3567403554916382,2.3979029655456543,-0.02721991017460823,0.09656493365764618,0.178955078125,0.1640625
1314,480,6.222459316253662,1.7159223556518555,-1.360752820968628,0.027205690741539,2.399845600128174,0.0010955889010801911,0.1883544921875,0.1640625
1315,481,6.092891216278076,1.7159223556518555,1.8566899299621582,0.027205690741539,2.399845600128174,0.0010955889010801911,0.1883544921875,0.0149383544921875
1316,482,6.193674564361572,1.714777946472168,1.860748529434204,0.027205690741539,2.399845600128174,0.0010955889010801911,0.1837158203125,0.0149383544921875
1317,480,6.222459316253662,1.7159223556518555,-1.360752820968628,0.027205690741539,2.399845600128174,0.0010955889010801911,0.1883544921875,0.1640625
1318,482,6.193674564361572,1.714777946472168,1.860748529434204,0.027205690741539,2.399845600128174,0.0010955889010801911,0.1837158203125,0.0149383544921875
1319,483,6.323242664337158,1.714777946472168,-1.356694221496582,0.027205690741539,2.399845600128174,0.0010955889010801911,0.1837158203125,0.1640625
1320,484,6.0917487144470215,1.6150574684143066,1.8566439151763916,-2.3979029655456543,0.02721986547112465,-0.09656493365764618,0.1929931640625,0.0149383544921875
1321,485,6.092891216278076,1.7159223556518555,1.8566899299621582,-2.3979029655456543,0.02721986547112465,-0.09656493365764618,0.1883544921875,0.0149383544921875
1322,486,6.222459316253662,1.7159223556518555,-1.360752820968628,-2.3979029655456543,0.02721986547112465,-0.09656493365764618,0.1883544921875,0.1640625
1323,484,6.0917487144470215,1.6150574684143066,1.8566439151763916,-2.3979029655456543,0.02721986547112465,-0.09656493365764618,0.1929931640625,0.0149383544921875
1324,486,6.222459316253662,1.7159223556518555,-1.360752820968628,-2.3979029655456543,0.02721986547112465,-0.09656493365764618,0.1883544921875,0.1640625
1325,487,6.221316814422607,1.6150574684143066,-1.3607988357543945,-2.3979029655456543,0.02721986547112465,-0.09656493365764618,0.1929931640625,0.1640625
1326,488,6.193674564361572,1.714777946472168,1.860748529434204,-0.09657113999128342,-2.9367722836226183e-16,2.398056983947754,0.1837158203125,0.0149383544921875
1327,489,6.092891216278076,1.7159223556518555,1.8566899299621582,-0.09657113999128342,-2.9367722836226183e-16,2.398056983947754,0.1883544921875,0.0149383544921875
1328,490,6.0917487144470215,1.6150574684143066,1.8566439151763916,-0.09657113999128342,-2.9367722836226183e-16,2.398056983947754,0.1883544921875,0.01026153564453125
1329,488,6.193674564361572,1.714777946472168,1.860748529434204,-0.09657113999128342,-2.9367722836226183e-16,2.398056983947754,0.1837158203125,0.0149383544921875
1330,490,6.0917487144470215,1.6150574684143066,1.8566439151763916,-0.09657113999128342,-2.9367722836226183e-16,2.398056983947754,0.1883544921875,0.01026153564453125
1331,491,6.192531108856201,1.6139131784439087,1.860702395439148,-0.09657113999128342,-2.9367722836226183e-16,2.398056983947754,0.1837158203125,0.01026153564453125
1332,492,4.174793243408203,0.9599097371101379,-2.9131815433502197,-0.027204230427742004,-2.399845600128174,-0.0010955301113426685,0.96728515625,0.292236328125
1333,493,3.9269330501556396,0.9599097371101379,3.2416937351226807,-0.027204230427742004,-2.399845600128174,-0.0010955301113426685,0.96728515625,0.006824493408203125
1334,494,3.8362629413604736,1.0671262741088867,3.2380423545837402,-2.397902727127075,0.027224775403738022,-0.09656492620706558,0.96044921875,0.006824493408203125
1335,492,4.174793243408203,0.9599097371101379,-2.9131815433502197,-0.027204230427742004,-2.399845600128174,-0.0010955301113426685,0.96728515625,0.292236328125
1336,494,3.8362629413604736,1.0671262741088867,3.2380423545837402,-2.397902727127075,0.027224775403738022,-0.09656492620706558,0.96044921875,0.006824493408203125
1337,495,4.084123134613037,1.0671262741088867,-2.916832685470581,-2.397902727127075,0.027224775403738022,-0.09656492620706558,0.96044921875,0.292236328125
1338,495,4.084123134613037,1.0671262741088867,-2.916832685470581,-2.397902727127075,0.027224775403738022,-0.09656492620706558,0.96044921875,0.292236328125
1339,494,3.8362629413604736,1.0671262741088867,3.2380423545837402,-2.397902727127075,0.027224775403738022,-0.09656492620706558,0.96044921875,0.006824493408203125
1340,496,3.929340124130249,1.1722564697265625,3.241790533065796,0.027204224839806557,2.399845600128174,0.0010955298785120249,0.9541015625,0.006824493408203125
1341,495,4.084123134613037,1.0671262741088867,-2.916832685470581,-2.397902727127075,0.027224775403738022,-0.09656492620706558,0.96044921875,0.292236328125
1342,496,3.929340124130249,1.1722564697265625,3.241790533065796,0.027204224839806557,2.399845600128174,0.0010955298785120249,0.9541015625,0.006824493408203125
1343,497,4.1772003173828125,1.1722564697265625,-2.9130845069885254,0.027204224839806557,2.399845600128174,0.0010955298785120249,0.9541015625,0.292236328125
1344,497,4.1772003173828125,1.1722564697265625,-2.9130845069885254,0.027204224839806557,2.399845600128174,0.0010955298785120249,0.9541015625,0.292236328125
1345,496,3.929340124130249,1.1722564697265625,3.241790533065796,0.027204224839806557,2.399845600128174,0.0010955298785120249,0.9541015625,0.006824493408203125
1346,498,4.0200114250183105,1.0650399923324585,3.2454419136047363,2.397902727127075,-0.027224693447351456,0.09656492620706558,0.94775390625,0.006824493408203125
1347,497,4.1772003173828125,1.1722564697265625,-2.9130845069885254,0.027204224839806557,2.399845600128174,0.0010955298785120249,0.9541015625,0.292236328125
1348,498,4.0200114250183105,1.0650399923324585,3.2454419136047363,2.397902727127075,-0.027224693447351456,0.09656492620706558,0.94775390625,0.006824493408203125
1349,499,4.267871856689453,1.0650399923324585,-2.909433126449585,2.397902727127075,-0.027224693447351456,0.09656492620706558,0.94775390625,0.292236328125
1350,499,4.267871856689453,1.0650399923324585,-2.909433126449585,2.397902727127075,-0.027224693447351456,0.09656492620706558,0.94775390625,0.292236328125
1351,498,4.0200114250183105,1.0650399923324585,3.2454419136047363,2.397902727127075,-0.027224693447351456,0.09656492620706558,0.94775390625,0.006824493408203125
1352,500,3.9269330501556396,0.9599097371101379,3.2416937351226807,-0.027204230427742004,-2.399845600128174,-0.0010955301113426685,0.94091796875,0.006824493408203125
1353,499,4.267871856689453,1.0650399923324585,-2.909433126449585,2.397902727127075,-0.027224693447351456,0.09656492620706558,0.94775390625,0.292236328125
1354,500,3.9269330501556396,0.9599097371101379,3.2416937351226807,-0.027204230427742004,-2.399845600128174,-0.0010955301113426685,0.94091796875,0.006824493408203125
1355,501,4.174793243408203,0.9599097371101379,-2.9131815433502197,-0.027204230427742004,-2.399845600128174,-0.0010955301113426685,0.94091796875,0.292236328125
1356,502,6.013591766357422,2.0060391426086426,-2.1277379989624023,0.660132646560669,-0.6681293249130249,-2.2085812091827393,0.17724609375,0.88427734375
1357,503,6.255552291870117,1.9800713062286377,-2.0568387508392334,0.660132646560669,-0.6681292653083801,-2.2085812091827393,0.1822509765625,0.87353515625
1358,504,6.171861171722412,1.7540141344070435,-2.004190683364868,0.660132646560669,-0.6681295037269592,-2.2085812091827393,0.1712646484375,0.87060546875
1359,502,6.013591766357422,2.0060391426086426,-2.1277379989624023,0.660132646560669,-0.6681293249130249,-2.2085812091827393,0.17724609375,0.88427734375
1360,504,6.171861171722412,1.7540141344070435,-2.004190683364868,0.660132646560669,-0.6681295037269592,-2.2085812091827393,0.1712646484375,0.87060546875
1361,505,5.907422065734863,1.7249374389648438,-2.083711624145508,0.660132646560669,-0.6681295037269592,-2.2085812091827393,0.16357421875,0.880859375
1362,506,6.241828918457031,1.8930414915084839,-1.902313232421875,1.5272061824798584,1.8507686853408813,-0.047940339893102646,0.6318359375,0.54833984375
1363,507,6.2553534507751465,1.9861994981765747,-1.9561312198638916,0.12213768810033798,1.1856844425201416,2.0830838680267334,0.63330078125,0.55322265625
1364,508,6.099494457244873,2.006265878677368,-1.9584144353866577,1.5275236368179321,1.8504700660705566,-0.049324553459882736,0.6396484375,0.55078125
1365,506,6.241828918457031,1.8930414915084839,-1.902313232421875,1.5272061824798584,1.8507686853408813,-0.047940339893102646,0.6318359375,0.54833984375
1366,508,6.099494457244873,2.006265878677368,-1.9584144353866577,1.5275236368179321,1.8504700660705566,-0.049324553459882736,0.6396484375,0.55078125
1367,509,6.187972068786621,2.0246071815490723,0.24919907748699188,1.64578378200531,1.7455672025680542,0.0662766620516777,0.6396484375,0.44677734375
1368,506,6.241828918457031,1.8930414915084839,-1.902313232421875,1.5272061824798584,1.8507686853408813,-0.047940339893102646,0.6318359375,0.54833984375
1369,509,6.187972068786621,2.0246071815490723,0.24919907748699188,1.64578378200531,1.7455672025680542,0.0662766620516777,0.6396484375,0.44677734375
1370,510,6.302807331085205,1.9093761444091797,-0.1722482442855835,1.5403873920440674,1.8390614986419678,-0.07114201784133911,0.6318359375,0.466796875
1371,509,6.187972068786621,2.0246071815490723,0.24919907748699188,1.64578378200531,1.7455672025680542,0.0662766620516777,0.6396484375,0.44677734375
1372,511,6.2685465812683105,1.9093761444091797,0.6785156726837158,1.5296779870986938,1.8390618562698364,0.1947755217552185,0.6318359375,0.426513671875
1373,510,6.302807331085205,1.9093761444091797,-0.1722482442855835,1.5403873920440674,1.8390614986419678,-0.07114201784133911,0.6318359375,0.466796875
1374,512,6.068650245666504,1.8930414915084839,2.3980751037597656,1.5184054374694824,1.85076904296875,0.1705891191959381,0.6318359375,0.344970703125
1375,511,6.2685465812683105,1.9093761444091797,0.6785156726837158,1.5296779870986938,1.8390618562698364,0.1947755217552185,0.6318359375,0.426513671875
1376,509,6.187972068786621,2.0246071815490723,0.24919907748699188,1.64578378200531,1.7455672025680542,0.0662766620516777,0.6396484375,0.44677734375
1377,512,6.068650245666504,1.8930414915084839,2.3980751037597656,1.5184054374694824,1.85076904296875,0.1705891191959381,0.6318359375,0.344970703125
1378,509,6.187972068786621,2.0246071815490723,0.24919907748699188,1.64578378200531,1.7455672025680542,0.0662766620516777,0.6396484375,0.44677734375
1379,513,5.922265529632568,2.006265878677368,2.442549467086792,1.5186107158660889,1.8504705429077148,0.1719943881034851,0.6396484375,0.342529296875
1380,512,6.068650245666504,1.8930414915084839,2.3980751037597656,1.5184054374694824,1.85076904296875,0.1705891191959381,0.6318359375,0.344970703125
1381,513,5.922265529632568,2.006265878677368,2.442549467086792,1.5186107158660889,1.8504705429077148,0.1719943881034851,0.6396484375,0.342529296875
1382,514,6.077803134918213,1.9861994981765747,2.452806234359741,0.2892451882362366,1.1856881380081177,-2.066514730453491,0.63330078125,0.340087890625
1383,515,6.231774806976318,1.780427098274231,-0.36295953392982483,2.007026433944702,-1.3052319288253784,0.16797640919685364,0.176025390625,0.79443359375
1384,516,6.0272417068481445,1.8801472187042236,-0.17608553171157837,0.25426220893859863,-1.9787166118621826,1.3341785669326782,0.1710205078125,0.78173828125
1385,517,5.948349952697754,1.747053861618042,-0.34543704986572266,0.254262238740921,-1.9787166118621826,1.3341786861419678,0.1636962890625,0.78955078125
1386,515,6.231774806976318,1.780427098274231,-0.36295953392982483,2.007026433944702,-1.3052319288253784,0.16797640919685364,0.176025390625,0.79443359375
1387,518,6.302807331085205,1.9093761444091797,-0.1722482442855835,1.772326946258545,-1.5570049285888672,0.4411284625530243,0.183349609375,0.78564453125
1388,516,6.0272417068481445,1.8801472187042236,-0.17608553171157837,0.25426220893859863,-1.9787166118621826,1.3341785669326782,0.1710205078125,0.78173828125
1389,519,6.241828918457031,1.8930414915084839,-1.902313232421875,2.160902261734009,-1.0415112972259521,-0.07588941603899002,0.1783447265625,0.86572265625
1390,518,6.302807331085205,1.9093761444091797,-0.1722482442855835,1.772326946258545,-1.5570049285888672,0.4411284625530243,0.183349609375,0.78564453125
1391,515,6.231774806976318,1.780427098274231,-0.36295953392982483,2.007026433944702,-1.3052319288253784,0.16797640919685364,0.176025390625,0.79443359375
1392,519,6.241828918457031,1.8930414915084839,-1.902313232421875,2.160902261734009,-1.0415112972259521,-0.07588941603899002,0.1783447265625,0.86572265625
1393,515,6.231774806976318,1.780427098274231,-0.36295953392982483,2.007026433944702,-1.3052319288253784,0.16797640919685364,0.176025390625,0.79443359375
1394,520,6.171861171722412,1.7540141344070435,-2.004190683364868,2.1600615978240967,-1.0433295965194702,-0.07482586055994034,0.1712646484375,0.87060546875
1395,520,6.171861171722412,1.7540141344070435,-2.004190683364868,2.1600615978240967,-1.0433295965194702,-0.07482586055994034,0.1712646484375,0.87060546875
1396,521,6.2553534507751465,1.9861994981765747,-1.9561312198638916,2.262779474258423,-0.7659856677055359,-0.23042917251586914,0.1827392578125,0.86865234375
1397,519,6.241828918457031,1.8930414915084839,-1.902313232421875,2.160902261734009,-1.0415112972259521,-0.07588941603899002,0.1783447265625,0.86572265625
1398,520,6.171861171722412,1.7540141344070435,-2.004190683364868,2.1600615978240967,-1.0433295965194702,-0.07482586055994034,0.1712646484375,0.87060546875
1399,522,6.255552291870117,1.9800713062286377,-2.0568387508392334,2.262779474258423,-0.7659857273101807,-0.23042917251586914,0.1822509765625,0.87353515625
1400,521,6.2553534507751465,1.9861994981765747,-1.9561312198638916,2.262779474258423,-0.7659856677055359,-0.23042917251586914,0.1827392578125,0.86865234375
1401,523,6.099494457244873,2.006265878677368,-1.9584144353866577,0.28069165349006653,2.3791608810424805,-0.14424364268779755,0.1856689453125,0.88134765625
1402,524,6.2553534507751465,1.9861994981765747,-1.9561312198638916,0.30799081921577454,2.375797986984253,-0.14396333694458008,0.1868896484375,0.8740234375
1403,525,6.255552291870117,1.9800713062286377,-2.0568387508392334,0.28682324290275574,2.3784332275390625,-0.14418236911296844,0.1822509765625,0.87353515625
1404,525,6.255552291870117,1.9800713062286377,-2.0568387508392334,0.28682324290275574,2.3784332275390625,-0.14418236911296844,0.1822509765625,0.87353515625
1405,526,6.012832164764404,2.011497974395752,-2.006368398666382,0.2780863046646118,2.379465341567993,-0.1442694067955017,0.182861328125,0.884765625
1406,523,6.099494457244873,2.006265878677368,-1.9584144353866577,0.28069165349006653,2.3791608810424805,-0.14424364268779755,0.1856689453125,0.88134765625
1407,525,6.255552291870117,1.9800713062286377,-2.0568387508392334,0.28682324290275574,2.3784332275390625,-0.14418236911296844,0.1822509765625,0.87353515625
1408,527,6.013591766357422,2.0060391426086426,-2.1277379989624023,0.2780863046646118,2.379465341567993,-0.1442694067955017,0.17724609375,0.88427734375
1409,526,6.012832164764404,2.011497974395752,-2.006368398666382,0.2780863046646118,2.379465341567993,-0.1442694067955017,0.182861328125,0.884765625
1410,528,5.990716457366943,1.7540141344070435,2.4939963817596436,0.48040181398391724,-0.6681298613548279,2.2545108795166016,0.958984375,0.84716796875
1411,529,6.069903373718262,1.9800713062286377,2.553203821182251,0.48040178418159485,-0.6681299209594727,2.2545111179351807,0.94775390625,0.85009765625
1412,530,5.823024749755859,2.0060391426086426,2.604417324066162,0.48040178418159485,-0.6681299209594727,2.2545111179351807,0.95263671875,0.86083984375
1413,528,5.990716457366943,1.7540141344070435,2.4939963817596436,0.48040181398391724,-0.6681298613548279,2.2545108795166016,0.958984375,0.84716796875
1414,530,5.823024749755859,2.0060391426086426,2.604417324066162,0.48040178418159485,-0.6681299209594727,2.2545111179351807,0.95263671875,0.86083984375
1415,531,5.720739364624023,1.7249374389648438,2.5519962310791016,0.480401873588562,-0.6681298613548279,2.2545108795166016,0.96630859375,0.857421875
1416,532,6.182408809661865,1.780427098274231,0.8628976345062256,2.0140345096588135,-1.3052319288253784,-0.00604577362537384,0.9541015625,0.77099609375
1417,533,5.901310920715332,1.747053861618042,0.8226414918899536,0.3607209324836731,-1.9787166118621826,-1.309412956237793,0.96630859375,0.76611328125
1418,534,5.993564605712891,1.8801472187042236,0.6601820588111877,0.36072099208831787,-1.9787166118621826,-1.3094128370285034,0.958984375,0.75830078125
1419,532,6.182408809661865,1.780427098274231,0.8628976345062256,2.0140345096588135,-1.3052319288253784,-0.00604577362537384,0.9541015625,0.77099609375
1420,534,5.993564605712891,1.8801472187042236,0.6601820588111877,0.36072099208831787,-1.9787166118621826,-1.3094128370285034,0.958984375,0.75830078125
1421,535,6.2685465812683105,1.9093761444091797,0.6785156726837158,1.8020591735839844,-1.5570050477981567,-0.2971857488155365,0.94677734375,0.7626953125
1422,532,6.182408809661865,1.780427098274231,0.8628976345062256,2.0140345096588135,-1.3052319288253784,-0.00604577362537384,0.9541015625,0.77099609375
1423,535,6.2685465812683105,1.9093761444091797,0.6785156726837158,1.8020591735839844,-1.5570050477981567,-0.2971857488155365,0.94677734375,0.7626953125
1424,536,6.068650245666504,1.8930414915084839,2.3980751037597656,2.1478025913238525,-1.0415111780166626,0.2494039535522461,0.95166015625,0.84228515625
1425,532,6.182408809661865,1.780427098274231,0.8628976345062256,2.0140345096588135,-1.3052319288253784,-0.00604577362537384,0.9541015625,0.77099609375
1426,536,6.068650245666504,1.8930414915084839,2.3980751037597656,2.1478025913238525,-1.0415111780166626,0.2494039535522461,0.95166015625,0.84228515625
1427,537,5.990716457366943,1.7540141344070435,2.4939963817596436,2.147050142288208,-1.0433298349380493,0.2482762336730957,0.958984375,0.84716796875
1428,536,6.068650245666504,1.8930414915084839,2.3980751037597656,2.1478025913238525,-1.0415111780166626,0.2494039535522461,0.95166015625,0.84228515625
1429,538,6.069903373718262,1.9800713062286377,2.553203821182251,2.236922264099121,-0.7659863829612732,0.4116384983062744,0.94775390625,0.85009765625
1430,537,5.990716457366943,1.7540141344070435,2.4939963817596436,2.147050142288208,-1.0433298349380493,0.2482762336730957,0.958984375,0.84716796875
1431,536,6.068650245666504,1.8930414915084839,2.3980751037597656,2.1478025913238525,-1.0415111780166626,0.2494039535522461,0.95166015625,0.84228515625
1432,539,6.077803134918213,1.9861994981765747,2.452806234359741,2.236922264099121,-0.765986442565918,0.4116385579109192,0.947265625,0.84521484375
1433,538,6.069903373718262,1.9800713062286377,2.553203821182251,2.236922264099121,-0.7659863829612732,0.4116384983062744,0.94775390625,0.85009765625
1434,540,5.922265529632568,2.006265878677368,2.442549467086792,0.26818397641181946,2.3791608810424805,0.1663471907377243,0.9443359375,0.85791015625
1435,541,6.069903373718262,1.9800713062286377,2.553203821182251,0.2743007242679596,2.3784329891204834,0.16677914559841156,0.94775390625,0.85009765625
1436,542,6.077803134918213,1.9861994981765747,2.452806234359741,0.2954174876213074,2.375797986984253,0.16826294362545013,0.943359375,0.8505859375
1437,541,6.069903373718262,1.9800713062286377,2.553203821182251,0.2743007242679596,2.3784329891204834,0.16677914559841156,0.94775390625,0.85009765625
1438,540,5.922265529632568,2.006265878677368,2.442549467086792,0.26818397641181946,2.3791608810424805,0.1663471907377243,0.9443359375,0.85791015625
1439,543,5.832026958465576,2.011497974395752,2.483379602432251,0.2655850052833557,2.379465341567993,0.166163370013237,0.947265625,0.861328125
1440,541,6.069903373718262,1.9800713062286377,2.553203821182251,0.2743007242679596,2.3784329891204834,0.16677914559841156,0.94775390625,0.85009765625
1441,543,5.832026958465576,2.011497974395752,2.483379602432251,0.2655850052833557,2.379465341567993,0.166163370013237,0.947265625,0.861328125
1442,544,5.823024749755859,2.0060391426086426,2.604417324066162,0.2655849754810333,2.379465341567993,0.1661633551120758,0.95263671875,0.86083984375
1443,545,5.823024749755859,2.0060391426086426,2.604417324066162,-2.2442402839660645,0.8406787514686584,-0.12902510166168213,0.279296875,0.264892578125
1444,546,5.832026958465576,2.011497974395752,2.483379602432251,-2.2442402839660645,0.8406787514686584,-0.12902510166168213,0.284912109375,0.26416015625
1445,547,5.729742050170898,1.7303961515426636,2.4309582710266113,-2.2442402839660645,0.8406786322593689,-0.12902510166168213,0.28466796875,0.25
1446,545,5.823024749755859,2.0060391426086426,2.604417324066162,-2.2442402839660645,0.8406787514686584,-0.12902510166168213,0.279296875,0.264892578125
1447,547,5.729742050170898,1.7303961515426636,2.4309582710266113,-2.2442402839660645,0.8406786322593689,-0.12902510166168213,0.28466796875,0.25
1448,548,5.720739364624023,1.7249374389648438,2.5519962310791016,-2.2442402839660645,0.8406787514686584,-0.12902510166168213,0.279052734375,0.250732421875
1449,549,5.907422065734863,1.7249374389648438,-2.083711624145508,-2.247347593307495,0.8406785726547241,-0.05185994133353233,0.50146484375,0.71533203125
1450,550,5.906662940979004,1.7303961515426636,-1.9623417854309082,-2.247347593307495,0.8406786322593689,-0.051859933882951736,0.5068359375,0.7158203125
1451,551,6.012832164764404,2.011497974395752,-2.006368398666382,-2.247347831726074,0.8406785726547241,-0.05185994878411293,0.5068359375,0.70166015625
1452,549,5.907422065734863,1.7249374389648438,-2.083711624145508,-2.247347593307495,0.8406785726547241,-0.05185994133353233,0.50146484375,0.71533203125
1453,551,6.012832164764404,2.011497974395752,-2.006368398666382,-2.247347831726074,0.8406785726547241,-0.05185994878411293,0.5068359375,0.70166015625
1454,552,6.013591766357422,2.0060391426086426,-2.1277379989624023,-2.247347831726074,0.8406786322593689,-0.05185994878411293,0.5009765625,0.701171875
1455,553,4.163795471191406,1.4793144464492798,-2.182027816772461,0.2384054958820343,0.7390071153640747,-2.2709107398986816,0.3388671875,0.79248046875
1456,554,4.0677170753479,1.457374095916748,-2.115144729614258,-1.4436064958572388,0.6107951402664185,-1.8173972368240356,0.332763671875,0.79248046875
1457,555,4.053864479064941,2.3397769927978516,-1.8055201768875122,-1.4436066150665283,0.6107951402664185,-1.817397117614746,0.332763671875,0.83544921875
1458,553,4.163795471191406,1.4793144464492798,-2.182027816772461,0.2384054958820343,0.7390071153640747,-2.2709107398986816,0.3388671875,0.79248046875
1459,555,4.053864479064941,2.3397769927978516,-1.8055201768875122,-1.4436066150665283,0.6107951402664185,-1.817397117614746,0.332763671875,0.83544921875
1460,556,4.172095775604248,2.3689467906951904,-1.89169180393219,0.32432645559310913,0.7349364757537842,-2.2615668773651123,0.3388671875,0.83544921875
1461,557,4.233855724334717,1.4604430198669434,-2.087575912475586,1.9175810813903809,0.42756104469299316,-1.3784329891204834,0.34521484375,0.79248046875
1462,553,4.163795471191406,1.4793144464492798,-2.182027816772461,0.2384054958820343,0.7390071153640747,-2.2709107398986816,0.3388671875,0.79248046875
1463,556,4.172095775604248,2.3689467906951904,-1.89169180393219,0.32432645559310913,0.7349364757537842,-2.2615668773651123,0.3388671875,0.83544921875
1464,557,4.233855724334717,1.4604430198669434,-2.087575912475586,1.9175810813903809,0.42756104469299316,-1.3784329891204834,0.34521484375,0.79248046875
1465,556,4.172095775604248,2.3689467906951904,-1.89169180393219,0.32432645559310913,0.7349364757537842,-2.2615668773651123,0.3388671875,0.83544921875
1466,558,4.263064861297607,2.329725980758667,-1.7801495790481567,1.9175812005996704,0.42756107449531555,-1.3784329891204834,0.34521484375,0.83544921875
1467,559,5.4994049072265625,1.3452948331832886,-2.0634400844573975,0.09657113999128342,2.9367722836226183e-16,-2.398056983947754,0.85546875,0.53759765625
1468,560,5.413218975067139,1.2722909450531006,-2.066910743713379,0.09657113999128342,2.9367722836226183e-16,-2.398056983947754,0.85546875,0.54296875
1469,561,5.328710079193115,1.3472330570220947,-2.0703141689300537,0.09657113999128342,2.9367722836226183e-16,-2.398056983947754,0.86083984375,0.54296875
1470,559,5.4994049072265625,1.3452948331832886,-2.0634400844573975,0.09657113999128342,2.9367722836226183e-16,-2.398056983947754,0.85546875,0.53759765625
1471,561,5.328710079193115,1.3472330570220947,-2.0703141689300537,0.09657113999128342,2.9367722836226183e-16,-2.398056983947754,0.86083984375,0.54296875
1472,562,5.414896011352539,1.4202369451522827,-2.066843271255493,0.09657113999128342,2.9367722836226183e-16,-2.398056983947754,0.86083984375,0.53759765625
1473,563,5.414896011352539,1.4202369451522827,-2.066843271255493,0.027204904705286026,2.399845600128174,0.0010955572361126542,0.86083984375,0.53759765625
1474,564,5.328710079193115,1.3472330570220947,-2.0703141689300537,-1.5492337942123413,1.8319345712661743,-0.06238853931427002,0.86572265625,0.53759765625
1475,565,5.144979476928711,1.3472330570220947,2.4920871257781982,-1.5492337942123413,1.8319345712661743,-0.06238853931427002,0.86572265625,0.326171875
1476,563,5.414896011352539,1.4202369451522827,-2.066843271255493,0.027204904705286026,2.399845600128174,0.0010955572361126542,0.86083984375,0.53759765625
1477,565,5.144979476928711,1.3472330570220947,2.4920871257781982,-1.5492337942123413,1.8319345712661743,-0.06238853931427002,0.86572265625,0.326171875
1478,566,5.231165409088135,1.4202369451522827,2.4955577850341797,0.027204904705286026,2.399845600128174,0.0010955572361126542,0.86083984375,0.326171875
1479,567,5.4994049072265625,1.3452948331832886,-2.0634400844573975,1.590354561805725,1.796294093132019,0.06404449790716171,0.85546875,0.53759765625
1480,563,5.414896011352539,1.4202369451522827,-2.066843271255493,0.027204904705286026,2.399845600128174,0.0010955572361126542,0.86083984375,0.53759765625
1481,566,5.231165409088135,1.4202369451522827,2.4955577850341797,0.027204904705286026,2.399845600128174,0.0010955572361126542,0.86083984375,0.326171875
1482,567,5.4994049072265625,1.3452948331832886,-2.0634400844573975,1.590354561805725,1.796294093132019,0.06404449790716171,0.85546875,0.53759765625
1483,566,5.231165409088135,1.4202369451522827,2.4955577850341797,0.027204904705286026,2.399845600128174,0.0010955572361126542,0.86083984375,0.326171875
1484,568,5.315674304962158,1.3452948331832886,2.4989609718322754,1.590354561805725,1.796294093132019,0.06404449790716171,0.85546875,0.326171875
1485,569,5.315674304962158,1.3452948331832886,2.4989609718322754,-0.09657113999128342,-2.9367722836226183e-16,2.398056983947754,0.85546875,0.326171875
1486,570,5.231165409088135,1.4202369451522827,2.4955577850341797,-0.09657113999128342,-2.9367722836226183e-16,2.398056983947754,0.86083984375,0.326171875
1487,571,5.144979476928711,1.3472330570220947,2.4920871257781982,-0.09657113999128342,-2.9367722836226183e-16,2.398056983947754,0.86083984375,0.321044921875
1488,569,5.315674304962158,1.3452948331832886,2.4989609718322754,-0.09657113999128342,-2.9367722836226183e-16,2.398056983947754,0.85546875,0.326171875
1489,571,5.144979476928711,1.3472330570220947,2.4920871257781982,-0.09657113999128342,-2.9367722836226183e-16,2.398056983947754,0.86083984375,0.321044921875
1490,572,5.229488372802734,1.2722909450531006,2.495490312576294,-0.09657113999128342,-2.9367722836226183e-16,2.398056983947754,0.85546875,0.321044921875
1491,573,6.019575595855713,1.7581546306610107,-1.9427638053894043,-0.1750033050775528,0.10358021408319473,2.391369342803955,0.322998046875,0.765625
1492,574,6.030346870422363,2.5828540325164795,-1.9776971340179443,-0.10810648649930954,0.06308966130018234,2.3967347145080566,0.361083984375,0.7646484375
1493,575,5.392071723937988,1.5546056032180786,-1.979868769645691,-0.10714590549468994,0.06144777312874794,2.396820068359375,0.312255859375,0.73681640625
1494,576,4.263837814331055,2.335752010345459,-2.043731212615967,-0.09815939515829086,0.06107565015554428,2.397214412689209,0.346435546875,0.68310546875
1495,575,5.392071723937988,1.5546056032180786,-1.979868769645691,-0.10714590549468994,0.06144777312874794,2.396820068359375,0.312255859375,0.73681640625
1496,574,6.030346870422363,2.5828540325164795,-1.9776971340179443,-0.10810648649930954,0.06308966130018234,2.3967347145080566,0.361083984375,0.7646484375
1497,576,4.263837814331055,2.335752010345459,-2.043731212615967,-0.09815939515829086,0.06107565015554428,2.397214412689209,0.346435546875,0.68310546875
1498,574,6.030346870422363,2.5828540325164795,-1.9776971340179443,-0.10810648649930954,0.06308966130018234,2.3967347145080566,0.361083984375,0.7646484375
1499,577,2.4201982021331787,2.8989925384521484,-2.134080648422241,-0.09854898601770401,0.06235569715499878,2.397165536880493,0.369140625,0.5966796875
1500,578,3.2427947521209717,1.953000545501709,-2.0756614208221436,-0.09867171198129654,0.06223463639616966,2.3971638679504395,0.326904296875,0.63623046875
1501,576,4.263837814331055,2.335752010345459,-2.043731212615967,-0.09815939515829086,0.06107565015554428,2.397214412689209,0.346435546875,0.68310546875
1502,577,2.4201982021331787,2.8989925384521484,-2.134080648422241,-0.09854898601770401,0.06235569715499878,2.397165536880493,0.369140625,0.5966796875
1503,577,2.4201982021331787,2.8989925384521484,-2.134080648422241,-0.09854898601770401,0.06235569715499878,2.397165536880493,0.369140625,0.5966796875
1504,579,2.954906463623047,1.343665361404419,-2.0718483924865723,-0.09912979602813721,0.06183633580803871,2.3971550464630127,0.29833984375,0.6240234375
1505,578,3.2427947521209717,1.953000545501709,-2.0756614208221436,-0.09867171198129654,0.06223463639616966,2.3971638679504395,0.326904296875,0.63623046875
1506,580,2.8604910373687744,2.220975875854492,0.1151994839310646,2.3979036808013916,0.027131902053952217,0.09656497091054916,0.63427734375,0.66650390625
1507,581,2.491183042526245,2.9434256553649902,2.2889976501464844,2.367410182952881,0.026922399178147316,0.3932532072067261,0.599609375,0.76904296875
1508,582,2.506412982940674,2.192960739135742,2.3542821407318115,2.367410182952881,0.026922399178147316,0.39325323700904846,0.63427734375,0.76904296875
1509,580,2.8604910373687744,2.220975875854492,0.1151994839310646,2.3979036808013916,0.027131902053952217,0.09656497091054916,0.63427734375,0.66650390625
1510,583,2.869525909423828,2.9635567665100098,0.11556332558393478,2.3979036808013916,0.027131900191307068,0.09656497091054916,0.599609375,0.66650390625
1511,581,2.491183042526245,2.9434256553649902,2.2889976501464844,2.367410182952881,0.026922399178147316,0.3932532072067261,0.599609375,0.76904296875
1512,580,2.8604910373687744,2.220975875854492,0.1151994839310646,2.3979036808013916,0.027131902053952217,0.09656497091054916,0.63427734375,0.66650390625
1513,584,2.667175531387329,2.9434256553649902,-2.0812559127807617,2.3913660049438477,0.026922399178147316,-0.20161446928977966,0.599609375,0.5634765625
1514,583,2.869525909423828,2.9635567665100098,0.11556332558393478,2.3979036808013916,0.027131900191307068,0.09656497091054916,0.599609375,0.66650390625
1515,580,2.8604910373687744,2.220975875854492,0.1151994839310646,2.3979036808013916,0.027131902053952217,0.09656497091054916,0.63427734375,0.66650390625
1516,585,2.687605857849121,2.192960739135742,-2.145104169845581,2.3913660049438477,0.026922397315502167,-0.20161446928977966,0.63427734375,0.5634765625
1517,584,2.667175531387329,2.9434256553649902,-2.0812559127807617,2.3913660049438477,0.026922399178147316,-0.20161446928977966,0.599609375,0.5634765625
1518,586,-1.6620657444000244,1.0599404573440552,2.3808000087738037,-1.8670189380645752,0.8425459861755371,-1.2507435083389282,0.4970703125,0.72314453125
1519,587,-1.5659756660461426,1.0505107641220093,2.226332187652588,-1.6779061555862427,1.2501413822174072,-1.1754915714263916,0.494873046875,0.73095703125
1520,588,-1.5296143293380737,0.9027338624000549,2.21182918548584,-2.012763500213623,-0.3387949764728546,-1.2625391483306885,0.50048828125,0.73583984375
1521,586,-1.6620657444000244,1.0599404573440552,2.3808000087738037,-1.8670189380645752,0.8425459861755371,-1.2507435083389282,0.4970703125,0.72314453125
1522,588,-1.5296143293380737,0.9027338624000549,2.21182918548584,-2.012763500213623,-0.3387949764728546,-1.2625391483306885,0.50048828125,0.73583984375
1523,589,-1.6378031969070435,0.8979607224464417,2.381777286529541,-2.012763261795044,-0.3387949764728546,-1.2625391483306885,0.50390625,0.72607421875
1524,590,-1.3954471349716187,0.9333590865135193,2.3200485706329346,1.1296956539154053,0.4120567739009857,2.077017068862915,0.939453125,0.314208984375
1525,591,-1.500217080116272,1.084222435951233,2.3873178958892822,0.42718249559402466,2.319215774536133,0.445818692445755,0.94775390625,0.309326171875
1526,592,-1.4759546518325806,0.9222426414489746,2.3882949352264404,1.6084623336791992,0.3371303081512451,1.7490557432174683,0.939453125,0.309326171875
1527,590,-1.3954471349716187,0.9333590865135193,2.3200485706329346,1.1296956539154053,0.4120567739009857,2.077017068862915,0.939453125,0.314208984375
1528,593,-1.4160358905792236,1.0808779001235962,2.302615165710449,0.5202243328094482,2.1894240379333496,0.8341401815414429,0.94775390625,0.314208984375
1529,591,-1.500217080116272,1.084222435951233,2.3873178958892822,0.42718249559402466,2.319215774536133,0.445818692445755,0.94775390625,0.309326171875
1530,593,-1.4160358905792236,1.0808779001235962,2.302615165710449,0.5202243328094482,2.1894240379333496,0.8341401815414429,0.94775390625,0.314208984375
1531,594,-1.6620657444000244,1.0599404573440552,2.3808000087738037,-1.8670189380645752,0.8425459861755371,-1.2507435083389282,0.94921875,0.303466796875
1532,591,-1.500217080116272,1.084222435951233,2.3873178958892822,0.42718249559402466,2.319215774536133,0.445818692445755,0.94775390625,0.309326171875
1533,593,-1.4160358905792236,1.0808779001235962,2.302615165710449,0.5202243328094482,2.1894240379333496,0.8341401815414429,0.94775390625,0.314208984375
1534,595,-1.5659756660461426,1.0505107641220093,2.226332187652588,-1.6779061555862427,1.2501413822174072,-1.1754915714263916,0.9541015625,0.308349609375
1535,594,-1.6620657444000244,1.0599404573440552,2.3808000087738037,-1.8670189380645752,0.8425459861755371,-1.2507435083389282,0.94921875,0.303466796875
1536,593,-1.4160358905792236,1.0808779001235962,2.302615165710449,0.5202243328094482,2.1894240379333496,0.8341401815414429,0.94775390625,0.314208984375
1537,596,-1.4454171657562256,1.0501823425292969,2.159013271331787,-0.11128568649291992,2.3385884761810303,-0.5278447866439819,0.9541015625,0.314208984375
1538,595,-1.5659756660461426,1.0505107641220093,2.226332187652588,-1.6779061555862427,1.2501413822174072,-1.1754915714263916,0.9541015625,0.308349609375
1539,597,-1.3150966167449951,1.0420758724212646,2.133235216140747,0.042858414351940155,2.3165111541748047,-0.6260507106781006,0.9541015625,0.3193359375
1540,596,-1.4454171657562256,1.0501823425292969,2.159013271331787,-0.11128568649291992,2.3385884761810303,-0.5278447866439819,0.9541015625,0.314208984375
1541,593,-1.4160358905792236,1.0808779001235962,2.302615165710449,0.5202243328094482,2.1894240379333496,0.8341401815414429,0.94775390625,0.314208984375
1542,598,-1.3218598365783691,1.08158278465271,2.2784786224365234,-0.02532593533396721,2.090996265411377,1.1777499914169312,0.94775390625,0.3193359375
1543,593,-1.4160358905792236,1.0808779001235962,2.302615165710449,0.5202243328094482,2.1894240379333496,0.8341401815414429,0.94775390625,0.314208984375
1544,590,-1.3954471349716187,0.9333590865135193,2.3200485706329346,1.1296956539154053,0.4120567739009857,2.077017068862915,0.939453125,0.314208984375
1545,597,-1.3150966167449951,1.0420758724212646,2.133235216140747,0.042858414351940155,2.3165111541748047,-0.6260507106781006,0.9541015625,0.3193359375
1546,593,-1.4160358905792236,1.0808779001235962,2.302615165710449,0.5202243328094482,2.1894240379333496,0.8341401815414429,0.94775390625,0.314208984375
1547,598,-1.3218598365783691,1.08158278465271,2.2784786224365234,-0.02532593533396721,2.090996265411377,1.1777499914169312,0.94775390625,0.3193359375
1548,598,-1.3218598365783691,1.08158278465271,2.2784786224365234,-0.02532593533396721,2.090996265411377,1.1777499914169312,0.94775390625,0.3193359375
1549,590,-1.3954471349716187,0.9333590865135193,2.3200485706329346,1.1296956539154053,0.4120567739009857,2.077017068862915,0.939453125,0.314208984375
1550,599,-1.323435664176941,0.9361826181411743,2.3179547786712646,-0.07778716832399368,0.625662624835968,2.315706729888916,0.939453125,0.3193359375
1551,600,2.1036908626556396,0.9190548658370972,2.4546313285827637,-0.10103903710842133,0.6413277983665466,2.3105177879333496,0.939453125,0.4775390625
1552,598,-1.3218598365783691,1.08158278465271,2.2784786224365234,-0.02532593533396721,2.090996265411377,1.1777499914169312,0.94775390625,0.3193359375
1553,599,-1.323435664176941,0.9361826181411743,2.3179547786712646,-0.07778716832399368,0.625662624835968,2.315706729888916,0.939453125,0.3193359375
1554,601,2.1051340103149414,1.0522370338439941,2.4184722900390625,-0.05063740909099579,2.084444046020508,1.188498616218567,0.94775390625,0.4775390625
1555,597,-1.3150966167449951,1.0420758724212646,2.133235216140747,0.042858414351940155,2.3165111541748047,-0.6260507106781006,0.9541015625,0.3193359375
1556,598,-1.3218598365783691,1.08158278465271,2.2784786224365234,-0.02532593533396721,2.090996265411377,1.1777499914169312,0.94775390625,0.3193359375
1557,600,2.1036908626556396,0.9190548658370972,2.4546313285827637,-0.10103903710842133,0.6413277983665466,2.3105177879333496,0.939453125,0.4775390625
1558,601,2.1051340103149414,1.0522370338439941,2.4184722900390625,-0.05063740909099579,2.084444046020508,1.188498616218567,0.94775390625,0.4775390625
1559,598,-1.3218598365783691,1.08158278465271,2.2784786224365234,-0.02532593533396721,2.090996265411377,1.1777499914169312,0.94775390625,0.3193359375
1560,601,2.1051340103149414,1.0522370338439941,2.4184722900390625,-0.05063740909099579,2.084444046020508,1.188498616218567,0.94775390625,0.4775390625
1561,602,2.1113290786743164,1.016050100326538,2.2854340076446533,0.06824971735477448,2.2606048583984375,-0.8031244277954102,0.9541015625,0.4775390625
1562,597,-1.3150966167449951,1.0420758724212646,2.133235216140747,0.042858414351940155,2.3165111541748047,-0.6260507106781006,0.9541015625,0.3193359375
1563,603,2.3451454639434814,1.0460025072097778,2.3066015243530273,0.4937547743320465,0.32672232389450073,-2.325824737548828,0.9541015625,0.48681640625
1564,602,2.1113290786743164,1.016050100326538,2.2854340076446533,0.06824971735477448,2.2606048583984375,-0.8031244277954102,0.9541015625,0.4775390625
1565,601,2.1051340103149414,1.0522370338439941,2.4184722900390625,-0.05063740909099579,2.084444046020508,1.188498616218567,0.94775390625,0.4775390625
1566,601,2.1051340103149414,1.0522370338439941,2.4184722900390625,-0.05063740909099579,2.084444046020508,1.188498616218567,0.94775390625,0.4775390625
1567,600,2.1036908626556396,0.9190548658370972,2.4546313285827637,-0.10103903710842133,0.6413277983665466,2.3105177879333496,0.939453125,0.4775390625
1568,604,2.2994816303253174,0.9529204964637756,2.491912841796875,0.21423766016960144,-0.68389493227005,2.2905004024505615,0.939453125,0.48681640625
1569,603,2.3451454639434814,1.0460025072097778,2.3066015243530273,0.4937547743320465,0.32672232389450073,-2.325824737548828,0.9541015625,0.48681640625
1570,601,2.1051340103149414,1.0522370338439941,2.4184722900390625,-0.05063740909099579,2.084444046020508,1.188498616218567,0.94775390625,0.4775390625
1571,605,2.245224714279175,1.0705304145812988,2.415959119796753,-2.1411609649658203,1.0418975353240967,0.2998015880584717,0.94775390625,0.48681640625
1572,601,2.1051340103149414,1.0522370338439941,2.4184722900390625,-0.05063740909099579,2.084444046020508,1.188498616218567,0.94775390625,0.4775390625
1573,604,2.2994816303253174,0.9529204964637756,2.491912841796875,0.21423766016960144,-0.68389493227005,2.2905004024505615,0.939453125,0.48681640625
1574,605,2.245224714279175,1.0705304145812988,2.415959119796753,-2.1411609649658203,1.0418975353240967,0.2998015880584717,0.94775390625,0.48681640625
1575,605,2.245224714279175,1.0705304145812988,2.415959119796753,-2.1411609649658203,1.0418975353240967,0.2998015880584717,0.94775390625,0.48681640625
1576,606,2.896785259246826,2.34106707572937,2.6423962116241455,0.20569418370723724,0.3708198070526123,-2.362241506576538,0.9541015625,0.55859375
1577,603,2.3451454639434814,1.0460025072097778,2.3066015243530273,0.4937547743320465,0.32672232389450073,-2.325824737548828,0.9541015625,0.48681640625
1578,605,2.245224714279175,1.0705304145812988,2.415959119796753,-2.1411609649658203,1.0418975353240967,0.2998015880584717,0.94775390625,0.48681640625
1579,607,2.778167486190796,2.398610830307007,2.76794695854187,-2.238565444946289,0.803325355052948,0.32170790433883667,0.94775390625,0.55859375
1580,606,2.896785259246826,2.34106707572937,2.6423962116241455,0.20569418370723724,0.3708198070526123,-2.362241506576538,0.9541015625,0.55859375
1581,604,2.2994816303253174,0.9529204964637756,2.491912841796875,0.21423766016960144,-0.68389493227005,2.2905004024505615,0.939453125,0.48681640625
1582,607,2.778167486190796,2.398610830307007,2.76794695854187,-2.238565444946289,0.803325355052948,0.32170790433883667,0.94775390625,0.55859375
1583,605,2.245224714279175,1.0705304145812988,2.415959119796753,-2.1411609649658203,1.0418975353240967,0.2998015880584717,0.94775390625,0.48681640625
1584,608,2.950429677963257,2.5240678787231445,2.6236765384674072,-0.23238861560821533,-1.225494384765625,-2.050405263900757,0.9541015625,0.568359375
1585,606,2.896785259246826,2.34106707572937,2.6423962116241455,0.20569418370723724,0.3708198070526123,-2.362241506576538,0.9541015625,0.55859375
1586,607,2.778167486190796,2.398610830307007,2.76794695854187,-2.238565444946289,0.803325355052948,0.32170790433883667,0.94775390625,0.55859375
1587,604,2.2994816303253174,0.9529204964637756,2.491912841796875,0.21423766016960144,-0.68389493227005,2.2905004024505615,0.939453125,0.48681640625
1588,609,2.8995726108551025,2.366309642791748,2.899587392807007,-0.025535769760608673,-0.4438026547431946,2.3584718704223633,0.939453125,0.55859375
1589,607,2.778167486190796,2.398610830307007,2.76794695854187,-2.238565444946289,0.803325355052948,0.32170790433883667,0.94775390625,0.55859375
1590,610,2.399402379989624,0.9283925294876099,2.382554769515991,2.110919713973999,-1.1212669610977173,0.2162846028804779,0.931640625,0.48681640625
1591,609,2.8995726108551025,2.366309642791748,2.899587392807007,-0.025535769760608673,-0.4438026547431946,2.3584718704223633,0.939453125,0.55859375
1592,604,2.2994816303253174,0.9529204964637756,2.491912841796875,0.21423766016960144,-0.68389493227005,2.2905004024505615,0.939453125,0.48681640625
1593,608,2.950429677963257,2.5240678787231445,2.6236765384674072,-0.23238861560821533,-1.225494384765625,-2.050405263900757,0.9541015625,0.568359375
1594,607,2.778167486190796,2.398610830307007,2.76794695854187,-2.238565444946289,0.803325355052948,0.32170790433883667,0.94775390625,0.55859375
1595,611,2.8420307636260986,2.6318726539611816,2.6984732151031494,-2.240593910217285,0.8224102258682251,0.25176337361335754,0.94775390625,0.57080078125
1596,612,2.956017017364502,2.526751756668091,2.5668580532073975,-0.5770192742347717,-2.252946615219116,-0.5926896333694458,0.9541015625,0.5712890625
1597,608,2.950429677963257,2.5240678787231445,2.6236765384674072,-0.23238861560821533,-1.225494384765625,-2.050405263900757,0.9541015625,0.568359375
1598,611,2.8420307636260986,2.6318726539611816,2.6984732151031494,-2.240593910217285,0.8224102258682251,0.25176337361335754,0.94775390625,0.57080078125
1599,612,2.956017017364502,2.526751756668091,2.5668580532073975,-0.5770192742347717,-2.252946615219116,-0.5926896333694458,0.9541015625,0.5712890625
1600,611,2.8420307636260986,2.6318726539611816,2.6984732151031494,-2.240593910217285,0.8224102258682251,0.25176337361335754,0.94775390625,0.57080078125
1601,613,2.8605453968048096,2.678901433944702,2.532505512237549,-2.1088104248046875,1.1446136236190796,-0.05274314433336258,0.94775390625,0.57861328125
1602,614,2.9676547050476074,2.6163573265075684,2.8534934520721436,0.25245681405067444,0.6441261768341064,2.2981231212615967,0.939453125,0.568359375
1603,607,2.778167486190796,2.398610830307007,2.76794695854187,-2.238565444946289,0.803325355052948,0.32170790433883667,0.94775390625,0.55859375
1604,609,2.8995726108551025,2.366309642791748,2.899587392807007,-0.025535769760608673,-0.4438026547431946,2.3584718704223633,0.939453125,0.55859375
1605,614,2.9676547050476074,2.6163573265075684,2.8534934520721436,0.25245681405067444,0.6441261768341064,2.2981231212615967,0.939453125,0.568359375
1606,611,2.8420307636260986,2.6318726539611816,2.6984732151031494,-2.240593910217285,0.8224102258682251,0.25176337361335754,0.94775390625,0.57080078125
1607,607,2.778167486190796,2.398610830307007,2.76794695854187,-2.238565444946289,0.803325355052948,0.32170790433883667,0.94775390625,0.55859375
1608,615,3.092256546020508,2.572910785675049,2.69986891746521,2.334031343460083,-0.3757312595844269,0.41367483139038086,0.931640625,0.57080078125
1609,614,2.9676547050476074,2.6163573265075684,2.8534934520721436,0.25245681405067444,0.6441261768341064,2.2981231212615967,0.939453125,0.568359375
1610,609,2.8995726108551025,2.366309642791748,2.899587392807007,-0.025535769760608673,-0.4438026547431946,2.3584718704223633,0.939453125,0.55859375
1611,613,2.8605453968048096,2.678901433944702,2.532505512237549,-2.1088104248046875,1.1446136236190796,-0.05274314433336258,0.94775390625,0.57861328125
1612,611,2.8420307636260986,2.6318726539611816,2.6984732151031494,-2.240593910217285,0.8224102258682251,0.25176337361335754,0.94775390625,0.57080078125
1613,616,3.0119173526763916,2.7785849571228027,2.6104700565338135,0.40777838230133057,2.2971043586730957,0.56305330991745,0.939453125,0.5791015625
1614,613,2.8605453968048096,2.678901433944702,2.532505512237549,-2.1088104248046875,1.1446136236190796,-0.05274314433336258,0.94775390625,0.57861328125
1615,616,3.0119173526763916,2.7785849571228027,2.6104700565338135,0.40777838230133057,2.2971043586730957,0.56305330991745,0.939453125,0.5791015625
1616,617,3.016183376312256,2.773690938949585,2.5199334621429443,0.3759414255619049,2.3276357650756836,0.44808483123779297,0.939453125,0.5830078125
1617,617,3.016183376312256,2.773690938949585,2.5199334621429443,0.3759414255619049,2.3276357650756836,0.44808483123779297,0.939453125,0.5830078125
1618,616,3.0119173526763916,2.7785849571228027,2.6104700565338135,0.40777838230133057,2.2971043586730957,0.56305330991745,0.939453125,0.5791015625
1619,615,3.092256546020508,2.572910785675049,2.69986891746521,2.334031343460083,-0.3757312595844269,0.41367483139038086,0.931640625,0.57080078125
1620,617,3.016183376312256,2.773690938949585,2.5199334621429443,0.3759414255619049,2.3276357650756836,0.44808483123779297,0.939453125,0.5830078125
1621,615,3.092256546020508,2.572910785675049,2.69986891746521,2.334031343460083,-0.3757312595844269,0.41367483139038086,0.931640625,0.57080078125
1622,618,3.1117103099823,2.621481418609619,2.5531556606292725,2.387115240097046,0.1313377469778061,0.21079117059707642,0.931640625,0.57861328125
1623,611,2.8420307636260986,2.6318726539611816,2.6984732151031494,-2.240593910217285,0.8224102258682251,0.25176337361335754,0.94775390625,0.57080078125
1624,614,2.9676547050476074,2.6163573265075684,2.8534934520721436,0.25245681405067444,0.6441261768341064,2.2981231212615967,0.939453125,0.568359375
1625,619,2.992067813873291,2.7160239219665527,2.767040491104126,0.43619808554649353,1.9430924654006958,1.339449405670166,0.939453125,0.5732421875
1626,611,2.8420307636260986,2.6318726539611816,2.6984732151031494,-2.240593910217285,0.8224102258682251,0.25176337361335754,0.94775390625,0.57080078125
1627,619,2.992067813873291,2.7160239219665527,2.767040491104126,0.43619808554649353,1.9430924654006958,1.339449405670166,0.939453125,0.5732421875
1628,616,3.0119173526763916,2.7785849571228027,2.6104700565338135,0.40777838230133057,2.2971043586730957,0.56305330991745,0.939453125,0.5791015625
1629,619,2.992067813873291,2.7160239219665527,2.767040491104126,0.43619808554649353,1.9430924654006958,1.339449405670166,0.939453125,0.5732421875
1630,614,2.9676547050476074,2.6163573265075684,2.8534934520721436,0.25245681405067444,0.6441261768341064,2.2981231212615967,0.939453125,0.568359375
1631,615,3.092256546020508,2.572910785675049,2.69986891746521,2.334031343460083,-0.3757312595844269,0.41367483139038086,0.931640625,0.57080078125
1632,616,3.0119173526763916,2.7785849571228027,2.6104700565338135,0.40777838230133057,2.2971043586730957,0.56305330991745,0.939453125,0.5791015625
1633,619,2.992067813873291,2.7160239219665527,2.767040491104126,0.43619808554649353,1.9430924654006958,1.339449405670166,0.939453125,0.5732421875
1634,615,3.092256546020508,2.572910785675049,2.69986891746521,2.334031343460083,-0.3757312595844269,0.41367483139038086,0.931640625,0.57080078125
1635,615,3.092256546020508,2.572910785675049,2.69986891746521,2.334031343460083,-0.3757312595844269,0.41367483139038086,0.931640625,0.57080078125
1636,609,2.8995726108551025,2.366309642791748,2.899587392807007,-0.025535769760608673,-0.4438026547431946,2.3584718704223633,0.939453125,0.55859375
1637,620,3.018190860748291,2.3087658882141113,2.7740368843078613,2.138240098953247,-0.9852902293205261,0.4659785032272339,0.931640625,0.55859375
1638,610,2.399402379989624,0.9283925294876099,2.382554769515991,2.110919713973999,-1.1212669610977173,0.2162846028804779,0.931640625,0.48681640625
1639,620,3.018190860748291,2.3087658882141113,2.7740368843078613,2.138240098953247,-0.9852902293205261,0.4659785032272339,0.931640625,0.55859375
1640,609,2.8995726108551025,2.366309642791748,2.899587392807007,-0.025535769760608673,-0.4438026547431946,2.3584718704223633,0.939453125,0.55859375
1641,618,3.1117103099823,2.621481418609619,2.5531556606292725,2.387115240097046,0.1313377469778061,0.21079117059707642,0.931640625,0.57861328125
1642,615,3.092256546020508,2.572910785675049,2.69986891746521,2.334031343460083,-0.3757312595844269,0.41367483139038086,0.931640625,0.57080078125
1643,621,2.950429677963257,2.5240678787231445,2.6236765384674072,-0.23238861560821533,-1.225494384765625,-2.050405263900757,0.9248046875,0.568359375
1644,621,2.950429677963257,2.5240678787231445,2.6236765384674072,-0.23238861560821533,-1.225494384765625,-2.050405263900757,0.9248046875,0.568359375
1645,615,3.092256546020508,2.572910785675049,2.69986891746521,2.334031343460083,-0.3757312595844269,0.41367483139038086,0.931640625,0.57080078125
1646,620,3.018190860748291,2.3087658882141113,2.7740368843078613,2.138240098953247,-0.9852902293205261,0.4659785032272339,0.931640625,0.55859375
1647,618,3.1117103099823,2.621481418609619,2.5531556606292725,2.387115240097046,0.1313377469778061,0.21079117059707642,0.931640625,0.57861328125
1648,621,2.950429677963257,2.5240678787231445,2.6236765384674072,-0.23238861560821533,-1.225494384765625,-2.050405263900757,0.9248046875,0.568359375
1649,622,2.956017017364502,2.526751756668091,2.5668580532073975,-0.5770192742347717,-2.252946615219116,-0.5926896333694458,0.9248046875,0.5712890625
1650,621,2.950429677963257,2.5240678787231445,2.6236765384674072,-0.23238861560821533,-1.225494384765625,-2.050405263900757,0.9248046875,0.568359375
1651,620,3.018190860748291,2.3087658882141113,2.7740368843078613,2.138240098953247,-0.9852902293205261,0.4659785032272339,0.931640625,0.55859375
1652,623,2.896785259246826,2.34106707572937,2.6423962116241455,0.20569418370723724,0.3708198070526123,-2.362241506576538,0.9248046875,0.55859375
1653,624,2.3451454639434814,1.0460025072097778,2.3066015243530273,0.4937547743320465,0.32672232389450073,-2.325824737548828,0.9248046875,0.48681640625
1654,623,2.896785259246826,2.34106707572937,2.6423962116241455,0.20569418370723724,0.3708198070526123,-2.362241506576538,0.9248046875,0.55859375
1655,620,3.018190860748291,2.3087658882141113,2.7740368843078613,2.138240098953247,-0.9852902293205261,0.4659785032272339,0.931640625,0.55859375
1656,624,2.3451454639434814,1.0460025072097778,2.3066015243530273,0.4937547743320465,0.32672232389450073,-2.325824737548828,0.9248046875,0.48681640625
1657,620,3.018190860748291,2.3087658882141113,2.7740368843078613,2.138240098953247,-0.9852902293205261,0.4659785032272339,0.931640625,0.55859375
1658,610,2.399402379989624,0.9283925294876099,2.382554769515991,2.110919713973999,-1.1212669610977173,0.2162846028804779,0.931640625,0.48681640625
1659,610,2.399402379989624,0.9283925294876099,2.382554769515991,2.110919713973999,-1.1212669610977173,0.2162846028804779,0.931640625,0.48681640625
1660,625,2.1113290786743164,1.016050100326538,2.2854340076446533,0.06824971735477448,2.2606048583984375,-0.8031244277954102,0.9248046875,0.4775390625
1661,624,2.3451454639434814,1.0460025072097778,2.3066015243530273,0.4937547743320465,0.32672232389450073,-2.325824737548828,0.9248046875,0.48681640625
1662,610,2.399402379989624,0.9283925294876099,2.382554769515991,2.110919713973999,-1.1212669610977173,0.2162846028804779,0.931640625,0.48681640625
1663,626,2.1098861694335938,0.8828678727149963,2.3215930461883545,0.4692988097667694,-0.8774863481521606,-2.1839823722839355,0.931640625,0.4775390625
1664,625,2.1113290786743164,1.016050100326538,2.2854340076446533,0.06824971735477448,2.2606048583984375,-0.8031244277954102,0.9248046875,0.4775390625
1665,627,-1.6378031969070435,0.8979607224464417,2.381777286529541,-0.09657113999128342,3.145143637084402e-06,2.398056983947754,0.939453125,0.302734375
1666,628,-1.4759546518325806,0.9222426414489746,2.3882949352264404,-0.09657113999128342,3.1451443192054285e-06,2.398056983947754,0.939453125,0.309326171875
1667,629,-1.500217080116272,1.084222435951233,2.3873178958892822,-0.09657113999128342,3.1451443192054285e-06,2.398056983947754,0.94775390625,0.309326171875
1668,627,-1.6378031969070435,0.8979607224464417,2.381777286529541,-0.09657113999128342,3.145143637084402e-06,2.398056983947754,0.939453125,0.302734375
1669,629,-1.500217080116272,1.084222435951233,2.3873178958892822,-0.09657113999128342,3.1451443192054285e-06,2.398056983947754,0.94775390625,0.309326171875
1670,630,-1.6620657444000244,1.0599404573440552,2.3808000087738037,-0.09657113999128342,3.1451443192054285e-06,2.398056983947754,0.94775390625,0.302734375
1671,631,-1.9453414678573608,1.200864315032959,1.6520739793777466,-0.21192550659179688,2.389981269836426,-0.05547712743282318,0.85888671875,0.9638671875
1672,632,-3.0257978439331055,1.108495831489563,1.8001940250396729,-0.21192550659179688,2.389981269836426,-0.05547712743282318,0.8076171875,0.9638671875
1673,633,-3.009134292602539,1.1127543449401855,1.9199965000152588,-0.21192550659179688,2.389981269836426,-0.05547712743282318,0.8076171875,0.96923828125
1674,631,-1.9453414678573608,1.200864315032959,1.6520739793777466,-0.21192550659179688,2.389981269836426,-0.05547712743282318,0.85888671875,0.9638671875
1675,633,-3.009134292602539,1.1127543449401855,1.9199965000152588,-0.21192550659179688,2.389981269836426,-0.05547712743282318,0.8076171875,0.96923828125
1676,634,-1.9286775588989258,1.205122947692871,1.771876335144043,-0.21192550659179688,2.389981269836426,-0.05547712743282318,0.85888671875,0.96923828125
1677,635,-1.905150055885315,1.0864046812057495,1.7728238105773926,0.3188804090023041,0.08216656744480133,2.377302408218384,0.85888671875,0.97509765625
1678,636,-1.9286775588989258,1.205122947692871,1.771876335144043,0.3188804090023041,0.08216658979654312,2.377302408218384,0.85888671875,0.96923828125
1679,637,-3.009134292602539,1.1127543449401855,1.9199965000152588,0.31888043880462646,0.08216658234596252,2.377302408218384,0.8076171875,0.96923828125
1680,635,-1.905150055885315,1.0864046812057495,1.7728238105773926,0.3188804090023041,0.08216656744480133,2.377302408218384,0.85888671875,0.97509765625
1681,637,-3.009134292602539,1.1127543449401855,1.9199965000152588,0.31888043880462646,0.08216658234596252,2.377302408218384,0.8076171875,0.96923828125
1682,638,-2.9856066703796387,0.9940362572669983,1.9209439754486084,0.3188804090023041,0.08216656744480133,2.377302408218384,0.8076171875,0.97509765625
1683,639,-3.308051824569702,1.096841812133789,2.2425177097320557,0.19363939762115479,0.5958136916160583,2.316789388656616,0.27294921875,0.384033203125
1684,640,-3.1174445152282715,2.5689187049865723,1.7493984699249268,-1.4461222887039185,0.7741314768791199,1.7519855499267578,0.279296875,0.455810546875
1685,641,-3.4160122871398926,1.0965557098388672,2.156555414199829,-1.446122169494629,0.7741314172744751,1.7519855499267578,0.279296875,0.384033203125
1686,639,-3.308051824569702,1.096841812133789,2.2425177097320557,0.19363939762115479,0.5958136916160583,2.316789388656616,0.27294921875,0.384033203125
1687,642,-3.0116021633148193,2.571195125579834,1.838780403137207,0.2807745337486267,0.5769704580307007,2.312633514404297,0.27294921875,0.455810546875
1688,640,-3.1174445152282715,2.5689187049865723,1.7493984699249268,-1.4461222887039185,0.7741314768791199,1.7519855499267578,0.279296875,0.455810546875
1689,643,-3.2239906787872314,1.0687239170074463,2.137073040008545,1.8578964471817017,0.03890020772814751,1.5187861919403076,0.266357421875,0.384033203125
1690,642,-3.0116021633148193,2.571195125579834,1.838780403137207,0.2807745337486267,0.5769704580307007,2.312633514404297,0.27294921875,0.455810546875
1691,639,-3.308051824569702,1.096841812133789,2.2425177097320557,0.19363939762115479,0.5958136916160583,2.316789388656616,0.27294921875,0.384033203125
1692,643,-3.2239906787872314,1.0687239170074463,2.137073040008545,1.8578964471817017,0.03890020772814751,1.5187861919403076,0.266357421875,0.384033203125
1693,644,-2.92618465423584,2.527698516845703,1.7387398481369019,1.8578962087631226,0.038900211453437805,1.5187863111495972,0.266357421875,0.455810546875
1694,642,-3.0116021633148193,2.571195125579834,1.838780403137207,0.2807745337486267,0.5769704580307007,2.312633514404297,0.27294921875,0.455810546875
1695,645,-2.987243413925171,1.1430635452270508,1.7505165338516235,2.397902727127075,-0.027231896296143532,0.09656492620706558,0.372802734375,0.1365966796875
1696,646,-2.996434450149536,1.1430635452270508,1.978749394416809,2.397902727127075,-0.027231896296143532,0.09656492620706558,0.3623046875,0.1365966796875
1697,647,-2.9987759590148926,0.9365499019622803,1.9786550998687744,2.397902727127075,-0.027231896296143532,0.09656492620706558,0.3623046875,0.1461181640625
1698,645,-2.987243413925171,1.1430635452270508,1.7505165338516235,2.397902727127075,-0.027231896296143532,0.09656492620706558,0.372802734375,0.1365966796875
1699,647,-2.9987759590148926,0.9365499019622803,1.9786550998687744,2.397902727127075,-0.027231896296143532,0.09656492620706558,0.3623046875,0.1461181640625
1700,648,-2.9895849227905273,0.9365499019622803,1.7504222393035889,2.397902727127075,-0.027231896296143532,0.09656492620706558,0.372802734375,0.1461181640625
1701,649,-2.996434450149536,1.1430635452270508,1.978749394416809,-0.09657113999128342,0.0,2.398056983947754,0.3623046875,0.1365966796875
1702,650,-3.2849090099334717,1.146339774131775,1.9671324491500854,-0.09657113999128342,0.0,2.398056983947754,0.3623046875,0.12322998046875
1703,651,-3.2872507572174072,0.9398261308670044,1.9670381546020508,-0.09657113999128342,0.0,2.398056983947754,0.352783203125,0.12322998046875
1704,649,-2.996434450149536,1.1430635452270508,1.978749394416809,-0.09657113999128342,0.0,2.398056983947754,0.3623046875,0.1365966796875
1705,651,-3.2872507572174072,0.9398261308670044,1.9670381546020508,-0.09657113999128342,0.0,2.398056983947754,0.352783203125,0.12322998046875
1706,652,-2.9987759590148926,0.9365499019622803,1.9786550998687744,-0.09657113999128342,0.0,2.398056983947754,0.352783203125,0.1365966796875
1707,653,-2.996434450149536,1.1430635452270508,1.978749394416809,0.02721063233911991,2.399845600128174,0.0010957879712805152,0.3623046875,0.1365966796875
1708,654,-2.987243413925171,1.1430635452270508,1.7505165338516235,0.02721063233911991,2.399845600128174,0.0010957879712805152,0.372802734375,0.1365966796875
1709,655,-3.2757179737091064,1.146339774131775,1.7388995885849,0.02721063233911991,2.399845600128174,0.0010957879712805152,0.372802734375,0.12322998046875
1710,653,-2.996434450149536,1.1430635452270508,1.978749394416809,0.02721063233911991,2.399845600128174,0.0010957879712805152,0.3623046875,0.1365966796875
1711,655,-3.2757179737091064,1.146339774131775,1.7388995885849,0.02721063233911991,2.399845600128174,0.0010957879712805152,0.372802734375,0.12322998046875
1712,656,-3.2849090099334717,1.146339774131775,1.9671324491500854,0.02721063233911991,2.399845600128174,0.0010957879712805152,0.3623046875,0.12322998046875
1713,657,-2.8276193141937256,1.1430635452270508,-2.213275671005249,0.02721063233911991,2.399845600128174,0.0010957879712805152,0.60791015625,0.450927734375
1714,658,-3.116093873977661,1.146339774131775,-2.2248928546905518,0.02721063233911991,2.399845600128174,0.0010957879712805152,0.60791015625,0.46435546875
1715,659,-3.1252849102020264,1.146339774131775,-1.9966598749160767,0.02721063233911991,2.399845600128174,0.0010957879712805152,0.61865234375,0.46435546875
1716,657,-2.8276193141937256,1.1430635452270508,-2.213275671005249,0.02721063233911991,2.399845600128174,0.0010957879712805152,0.60791015625,0.450927734375
1717,659,-3.1252849102020264,1.146339774131775,-1.9966598749160767,0.02721063233911991,2.399845600128174,0.0010957879712805152,0.61865234375,0.46435546875
1718,660,-2.836810350418091,1.1430635452270508,-1.985042929649353,0.02721063233911991,2.399845600128174,0.0010957879712805152,0.61865234375,0.450927734375
1719,661,-2.8391518592834473,0.9365499019622803,-1.9851372241973877,2.397902727127075,-0.027231896296143532,0.09656492620706558,0.61865234375,0.44140625
1720,662,-2.829960823059082,0.9365499019622803,-2.2133700847625732,2.397902727127075,-0.027231896296143532,0.09656492620706558,0.60791015625,0.44140625
1721,663,-2.8276193141937256,1.1430635452270508,-2.213275671005249,2.397902727127075,-0.027231896296143532,0.09656492620706558,0.60791015625,0.450927734375
1722,661,-2.8391518592834473,0.9365499019622803,-1.9851372241973877,2.397902727127075,-0.027231896296143532,0.09656492620706558,0.61865234375,0.44140625
1723,663,-2.8276193141937256,1.1430635452270508,-2.213275671005249,2.397902727127075,-0.027231896296143532,0.09656492620706558,0.60791015625,0.450927734375
1724,664,-2.836810350418091,1.1430635452270508,-1.985042929649353,2.397902727127075,-0.027231896296143532,0.09656492620706558,0.61865234375,0.450927734375
1725,665,-2.829960823059082,0.9365499019622803,-2.2133700847625732,0.09657113999128342,0.0,-2.398056983947754,0.5986328125,0.450927734375
1726,666,-3.1184356212615967,0.9398261308670044,-2.224987030029297,0.09657113999128342,0.0,-2.398056983947754,0.5986328125,0.46435546875
1727,667,-3.116093873977661,1.146339774131775,-2.2248928546905518,0.09657113999128342,0.0,-2.398056983947754,0.60791015625,0.46435546875
1728,665,-2.829960823059082,0.9365499019622803,-2.2133700847625732,0.09657113999128342,0.0,-2.398056983947754,0.5986328125,0.450927734375
1729,667,-3.116093873977661,1.146339774131775,-2.2248928546905518,0.09657113999128342,0.0,-2.398056983947754,0.60791015625,0.46435546875
1730,668,-2.8276193141937256,1.1430635452270508,-2.213275671005249,0.09657113999128342,0.0,-2.398056983947754,0.60791015625,0.450927734375
1731,669,2.9633209705352783,2.00176739692688,2.8611464500427246,0.5348283648490906,-0.09918185323476791,2.3375465869903564,0.87744140625,0.7919921875
1732,670,2.713529586791992,2.062502861022949,2.9208755493164062,-0.49429893493652344,0.47965019941329956,2.2990448474884033,0.880859375,0.80419921875
1733,671,2.9267804622650146,1.9371758699417114,2.8667662143707275,0.5348283052444458,-0.09918186068534851,2.3375465869903564,0.880859375,0.7919921875
1734,669,2.9633209705352783,2.00176739692688,2.8611464500427246,0.5348283648490906,-0.09918185323476791,2.3375465869903564,0.87744140625,0.7919921875
1735,672,2.7500696182250977,2.1270947456359863,2.9152562618255615,-0.4942259192466736,0.47961100935935974,2.2990689277648926,0.87744140625,0.80419921875
1736,670,2.713529586791992,2.062502861022949,2.9208755493164062,-0.49429893493652344,0.47965019941329956,2.2990448474884033,0.880859375,0.80419921875
1737,673,2.5500354766845703,2.1395537853240967,2.743551015853882,-1.4036036729812622,0.9422383904457092,1.7035510540008545,0.880859375,0.81640625
1738,670,2.713529586791992,2.062502861022949,2.9208755493164062,-0.49429893493652344,0.47965019941329956,2.2990448474884033,0.880859375,0.80419921875
1739,672,2.7500696182250977,2.1270947456359863,2.9152562618255615,-0.4942259192466736,0.47961100935935974,2.2990689277648926,0.87744140625,0.80419921875
1740,673,2.5500354766845703,2.1395537853240967,2.743551015853882,-1.4036036729812622,0.9422383904457092,1.7035510540008545,0.880859375,0.81640625
1741,672,2.7500696182250977,2.1270947456359863,2.9152562618255615,-0.4942259192466736,0.47961100935935974,2.2990689277648926,0.87744140625,0.80419921875
1742,674,2.586575746536255,2.2041454315185547,2.737931489944458,-1.4036037921905518,0.9422383308410645,1.703550934791565,0.87744140625,0.81640625
1743,675,2.586575746536255,2.2041454315185547,2.737931489944458,1.178212285041809,2.083021879196167,-0.18120986223220825,0.293212890625,0.72021484375
1744,676,2.7500696182250977,2.1270947456359863,2.9152562618255615,1.1782130002975464,2.0830211639404297,-0.1812114417552948,0.3037109375,0.71533203125
1745,677,2.799826145172119,2.0788180828094482,2.6838274002075195,1.1782130002975464,2.0830211639404297,-0.1812114417552948,0.294677734375,0.708984375
1746,677,2.799826145172119,2.0788180828094482,2.6838274002075195,1.1782130002975464,2.0830211639404297,-0.1812114417552948,0.294677734375,0.708984375
1747,676,2.7500696182250977,2.1270947456359863,2.9152562618255615,1.1782130002975464,2.0830211639404297,-0.1812114417552948,0.3037109375,0.71533203125
1748,678,2.9633209705352783,2.00176739692688,2.8611464500427246,1.1782138347625732,2.0830206871032715,-0.18121308088302612,0.305419921875,0.7041015625
1749,679,-1.806198000907898,1.200864315032959,-1.8031388521194458,-0.21570029854774475,2.389981269836426,0.03825649619102478,0.80810546875,0.9833984375
1750,680,-1.7799546718597412,1.205122947692871,-1.9212133884429932,-0.21570032835006714,2.389981269836426,0.03825649619102478,0.80810546875,0.98876953125
1751,681,-2.8450021743774414,1.1127543449401855,-2.1557343006134033,-0.21570029854774475,2.389981269836426,0.03825649619102478,0.859375,0.98876953125
1752,679,-1.806198000907898,1.200864315032959,-1.8031388521194458,-0.21570029854774475,2.389981269836426,0.03825649619102478,0.80810546875,0.9833984375
1753,681,-2.8450021743774414,1.1127543449401855,-2.1557343006134033,-0.21570029854774475,2.389981269836426,0.03825649619102478,0.859375,0.98876953125
1754,682,-2.8712453842163086,1.108495831489563,-2.0376596450805664,-0.21570032835006714,2.389981269836426,0.03825649619102478,0.859375,0.9833984375
1755,683,-1.7564271688461304,1.0864046812057495,-1.9202659130096436,0.509008526802063,0.08216553181409836,-2.343963146209717,0.80810546875,0.99462890625
1756,684,-2.821474552154541,0.9940362572669983,-2.1547868251800537,0.5090085864067078,0.08216553181409836,-2.343963146209717,0.859375,0.99462890625
1757,685,-2.8450021743774414,1.1127543449401855,-2.1557343006134033,0.509008526802063,0.08216553181409836,-2.343963146209717,0.859375,0.98876953125
1758,683,-1.7564271688461304,1.0864046812057495,-1.9202659130096436,0.509008526802063,0.08216553181409836,-2.343963146209717,0.80810546875,0.99462890625
1759,685,-2.8450021743774414,1.1127543449401855,-2.1557343006134033,0.509008526802063,0.08216553181409836,-2.343963146209717,0.859375,0.98876953125
1760,686,-1.7799546718597412,1.205122947692871,-1.9212133884429932,0.509008526802063,0.08216553181409836,-2.343963146209717,0.80810546875,0.98876953125
1761,687,3.183791399002075,2.00176739692688,-2.613586902618408,0.9942914247512817,-0.2670803368091583,-2.167961359024048,0.15869140625,0.8017578125
1762,688,3.1478211879730225,1.9371758699417114,-2.622126817703247,0.9942914843559265,-0.2670803368091583,-2.1679611206054688,0.1552734375,0.8017578125
1763,689,2.9918124675750732,2.035094738006592,-2.705739974975586,0.533334493637085,0.012357214465737343,-2.3399581909179688,0.1552734375,0.81103515625
1764,687,3.183791399002075,2.00176739692688,-2.613586902618408,0.9942914247512817,-0.2670803368091583,-2.167961359024048,0.15869140625,0.8017578125
1765,689,2.9918124675750732,2.035094738006592,-2.705739974975586,0.533334493637085,0.012357214465737343,-2.3399581909179688,0.1552734375,0.81103515625
1766,690,3.0277822017669678,2.0996861457824707,-2.697200298309326,0.533383846282959,0.012328250333666801,-2.339946985244751,0.15869140625,0.81103515625
1767,691,2.9233813285827637,2.154503107070923,-2.672138214111328,-1.0994569063186646,0.8698084950447083,-1.9479809999465942,0.15869140625,0.81689453125
1768,690,3.0277822017669678,2.0996861457824707,-2.697200298309326,0.533383846282959,0.012328250333666801,-2.339946985244751,0.15869140625,0.81103515625
1769,689,2.9918124675750732,2.035094738006592,-2.705739974975586,0.533334493637085,0.012357214465737343,-2.3399581909179688,0.1552734375,0.81103515625
1770,691,2.9233813285827637,2.154503107070923,-2.672138214111328,-1.0994569063186646,0.8698084950447083,-1.9479809999465942,0.15869140625,0.81689453125
1771,689,2.9918124675750732,2.035094738006592,-2.705739974975586,0.533334493637085,0.012357214465737343,-2.3399581909179688,0.1552734375,0.81103515625
1772,692,2.88741135597229,2.089911460876465,-2.6806774139404297,-1.0994912385940552,0.8698241710662842,-1.9479546546936035,0.1552734375,0.81689453125
1773,693,2.7623887062072754,2.1395537853240967,-2.5296051502227783,-2.078404188156128,1.0914665460586548,0.49893850088119507,0.1552734375,0.826171875
1774,691,2.9233813285827637,2.154503107070923,-2.672138214111328,-1.0994569063186646,0.8698084950447083,-1.9479809999465942,0.15869140625,0.81689453125
1775,692,2.88741135597229,2.089911460876465,-2.6806774139404297,-1.0994912385940552,0.8698241710662842,-1.9479546546936035,0.1552734375,0.81689453125
1776,693,2.7623887062072754,2.1395537853240967,-2.5296051502227783,-2.078404188156128,1.0914665460586548,0.49893850088119507,0.1552734375,0.826171875
1777,694,2.798358678817749,2.2041454315185547,-2.5210654735565186,-2.078397512435913,1.0914560556411743,0.4989898204803467,0.15869140625,0.826171875
1778,691,2.9233813285827637,2.154503107070923,-2.672138214111328,-1.0994569063186646,0.8698084950447083,-1.9479809999465942,0.15869140625,0.81689453125
1779,695,2.918397903442383,2.041635036468506,-2.4460031986236572,-0.5333774089813232,-0.012412013486027718,2.3399481773376465,0.1552734375,0.83544921875
1780,694,2.798358678817749,2.2041454315185547,-2.5210654735565186,-2.078397512435913,1.0914560556411743,0.4989898204803467,0.15869140625,0.826171875
1781,693,2.7623887062072754,2.1395537853240967,-2.5296051502227783,-2.078404188156128,1.0914665460586548,0.49893850088119507,0.1552734375,0.826171875
1782,695,2.918397903442383,2.041635036468506,-2.4460031986236572,-0.5333774089813232,-0.012412013486027718,2.3399481773376465,0.1552734375,0.83544921875
1783,696,2.9543676376342773,2.1062264442443848,-2.4374637603759766,-0.5333275198936462,-0.012441244907677174,2.3399593830108643,0.15869140625,0.83544921875
1784,694,2.798358678817749,2.2041454315185547,-2.5210654735565186,-2.078397512435913,1.0914560556411743,0.4989898204803467,0.15869140625,0.826171875
1785,695,2.918397903442383,2.041635036468506,-2.4460031986236572,-0.5333774089813232,-0.012412013486027718,2.3399481773376465,0.1552734375,0.83544921875
1786,697,3.0587685108184814,2.0514097213745117,-2.4625141620635986,1.0993376970291138,-0.8699135184288025,1.9480013847351074,0.15869140625,0.84130859375
1787,696,2.9543676376342773,2.1062264442443848,-2.4374637603759766,-0.5333275198936462,-0.012441244907677174,2.3399593830108643,0.15869140625,0.83544921875
1788,695,2.918397903442383,2.041635036468506,-2.4460031986236572,-0.5333774089813232,-0.012412013486027718,2.3399481773376465,0.1552734375,0.83544921875
1789,698,3.022799015045166,1.9868179559707642,-2.4710655212402344,1.0993577241897583,-0.8699225783348083,1.947986125946045,0.1552734375,0.84130859375
1790,697,3.0587685108184814,2.0514097213745117,-2.4625141620635986,1.0993376970291138,-0.8699135184288025,1.9480013847351074,0.15869140625,0.84130859375
1791,699,3.1478211879730225,1.9371758699417114,-2.622126817703247,1.4879659414291382,-1.0365983247756958,1.5720762014389038,0.1552734375,0.8505859375
1792,697,3.0587685108184814,2.0514097213745117,-2.4625141620635986,1.0993376970291138,-0.8699135184288025,1.9480013847351074,0.15869140625,0.84130859375
1793,698,3.022799015045166,1.9868179559707642,-2.4710655212402344,1.0993577241897583,-0.8699225783348083,1.947986125946045,0.1552734375,0.84130859375
1794,699,3.1478211879730225,1.9371758699417114,-2.622126817703247,1.4879659414291382,-1.0365983247756958,1.5720762014389038,0.1552734375,0.8505859375
1795,700,3.183791399002075,2.00176739692688,-2.613586902618408,1.4879659414291382,-1.0365983247756958,1.5720763206481934,0.15869140625,0.8505859375
1796,697,3.0587685108184814,2.0514097213745117,-2.4625141620635986,1.0993376970291138,-0.8699135184288025,1.9480013847351074,0.15869140625,0.84130859375
1797,701,2.798358678817749,2.2041454315185547,-2.5210654735565186,1.1598412990570068,2.083012104034424,0.27537137269973755,0.98388671875,0.81494140625
1798,702,2.9543676376342773,2.1062264442443848,-2.4374637603759766,1.1598161458969116,2.083026885986328,0.2753680944442749,0.98388671875,0.8056640625
1799,703,2.9233813285827637,2.154503107070923,-2.672138214111328,1.1598162651062012,2.083026885986328,0.2753680944442749,0.97509765625,0.81201171875
1800,702,2.9543676376342773,2.1062264442443848,-2.4374637603759766,1.1598161458969116,2.083026885986328,0.2753680944442749,0.98388671875,0.8056640625
1801,704,3.0277822017669678,2.0996861457824707,-2.697200298309326,1.1598118543624878,2.0830297470092773,0.2753640115261078,0.9716796875,0.8076171875
1802,703,2.9233813285827637,2.154503107070923,-2.672138214111328,1.1598162651062012,2.083026885986328,0.2753680944442749,0.97509765625,0.81201171875
1803,702,2.9543676376342773,2.1062264442443848,-2.4374637603759766,1.1598161458969116,2.083026885986328,0.2753680944442749,0.98388671875,0.8056640625
1804,705,3.0587685108184814,2.0514097213745117,-2.4625141620635986,1.159812092781067,2.0830297470092773,0.2753640115261078,0.98095703125,0.80078125
1805,704,3.0277822017669678,2.0996861457824707,-2.697200298309326,1.1598118543624878,2.0830297470092773,0.2753640115261078,0.9716796875,0.8076171875
1806,705,3.0587685108184814,2.0514097213745117,-2.4625141620635986,1.159812092781067,2.0830297470092773,0.2753640115261078,0.98095703125,0.80078125
1807,706,3.183791399002075,2.00176739692688,-2.613586902618408,1.1598267555236816,2.083022117614746,0.2753572165966034,0.9716796875,0.79833984375
1808,704,3.0277822017669678,2.0996861457824707,-2.697200298309326,1.1598118543624878,2.0830297470092773,0.2753640115261078,0.9716796875,0.8076171875
1809,707,2.918397903442383,2.041635036468506,-2.4460031986236572,-1.1598256826400757,-2.0830211639404297,-0.27537059783935547,0.263671875,0.261962890625
1810,708,2.7623887062072754,2.1395537853240967,-2.5296051502227783,-1.1598366498947144,-2.083015203475952,-0.275368869304657,0.2724609375,0.2646484375
1811,709,2.88741135597229,2.089911460876465,-2.6806774139404297,-1.1598255634307861,-2.0830211639404297,-0.27537062764167786,0.2724609375,0.255126953125
1812,709,2.88741135597229,2.089911460876465,-2.6806774139404297,-1.1598255634307861,-2.0830211639404297,-0.27537062764167786,0.2724609375,0.255126953125
1813,710,3.022799015045166,1.9868179559707642,-2.4710655212402344,-1.1598197221755981,-2.083024024963379,-0.27537211775779724,0.26025390625,0.25732421875
1814,707,2.918397903442383,2.041635036468506,-2.4460031986236572,-1.1598256826400757,-2.0830211639404297,-0.27537059783935547,0.263671875,0.261962890625
1815,709,2.88741135597229,2.089911460876465,-2.6806774139404297,-1.1598255634307861,-2.0830211639404297,-0.27537062764167786,0.2724609375,0.255126953125
1816,711,2.9918124675750732,2.035094738006592,-2.705739974975586,-1.1598197221755981,-2.083024024963379,-0.27537211775779724,0.269287109375,0.250732421875
1817,710,3.022799015045166,1.9868179559707642,-2.4710655212402344,-1.1598197221755981,-2.083024024963379,-0.27537211775779724,0.26025390625,0.25732421875
1818,712,3.1478211879730225,1.9371758699417114,-2.622126817703247,-1.159816026687622,-2.0830259323120117,-0.27537423372268677,0.26025390625,0.248046875
1819,710,3.022799015045166,1.9868179559707642,-2.4710655212402344,-1.1598197221755981,-2.083024024963379,-0.27537211775779724,0.26025390625,0.25732421875
1820,711,2.9918124675750732,2.035094738006592,-2.705739974975586,-1.1598197221755981,-2.083024024963379,-0.27537211775779724,0.269287109375,0.250732421875
1821,713,-1.4652421474456787,1.0599404573440552,-2.5067269802093506,-1.9347379207611084,0.615444540977478,1.2798513174057007,0.159423828125,0.517578125
1822,714,-1.4409795999526978,0.8979607224464417,-2.5057497024536133,-1.9743717908859253,-0.5505135655403137,1.2485170364379883,0.1669921875,0.5146484375
1823,715,-1.3070297241210938,0.9022822976112366,-2.3260507583618164,-1.4868108034133911,-0.5990069508552551,1.7862215042114258,0.16357421875,0.50341796875
1824,713,-1.4652421474456787,1.0599404573440552,-2.5067269802093506,-1.9347379207611084,0.615444540977478,1.2798513174057007,0.159423828125,0.517578125
1825,715,-1.3070297241210938,0.9022822976112366,-2.3260507583618164,-1.4868108034133911,-0.5990069508552551,1.7862215042114258,0.16357421875,0.50341796875
1826,716,-1.3818840980529785,1.0505107641220093,-2.3450326919555664,-1.7863595485687256,0.842432975769043,1.3635355234146118,0.1568603515625,0.5087890625
1827,716,-1.3818840980529785,1.0505107641220093,-2.3450326919555664,-1.7863595485687256,0.842432975769043,1.3635355234146118,0.1568603515625,0.5087890625
1828,715,-1.3070297241210938,0.9022822976112366,-2.3260507583618164,-1.4868108034133911,-0.5990069508552551,1.7862215042114258,0.16357421875,0.50341796875
1829,717,-1.2671291828155518,1.0501823425292969,-2.268237590789795,-0.7842711806297302,0.8689529895782471,2.0951950550079346,0.1568603515625,0.50341796875
1830,717,-1.2671291828155518,1.0501823425292969,-2.268237590789795,-0.7842711806297302,0.8689529895782471,2.0951950550079346,0.1568603515625,0.50341796875
1831,715,-1.3070297241210938,0.9022822976112366,-2.3260507583618164,-1.4868108034133911,-0.5990069508552551,1.7862215042114258,0.16357421875,0.50341796875
1832,718,-1.1376996040344238,0.8966756463050842,-2.2715389728546143,-0.11738517135381699,-0.6307299733161926,2.3126614093780518,0.16357421875,0.498046875
1833,717,-1.2671291828155518,1.0501823425292969,-2.268237590789795,-0.7842711806297302,0.8689529895782471,2.0951950550079346,0.1568603515625,0.50341796875
1834,718,-1.1376996040344238,0.8966756463050842,-2.2715389728546143,-0.11738517135381699,-0.6307299733161926,2.3126614093780518,0.16357421875,0.498046875
1835,719,-1.13930344581604,1.0420758724212646,-2.2320635318756104,-0.08847775310277939,1.1831408739089966,2.086229085922241,0.1568603515625,0.498046875
1836,719,-1.13930344581604,1.0420758724212646,-2.2320635318756104,-0.08847775310277939,1.1831408739089966,2.086229085922241,0.1568603515625,0.498046875
1837,718,-1.1376996040344238,0.8966756463050842,-2.2715389728546143,-0.11738517135381699,-0.6307299733161926,2.3126614093780518,0.16357421875,0.498046875
1838,720,2.289734363555908,0.8828678727149963,-2.1444060802459717,-0.06345605850219727,-0.6463488936424255,2.3104565143585205,0.16357421875,0.33935546875
1839,719,-1.13930344581604,1.0420758724212646,-2.2320635318756104,-0.08847775310277939,1.1831408739089966,2.086229085922241,0.1568603515625,0.498046875
1840,720,2.289734363555908,0.8828678727149963,-2.1444060802459717,-0.06345605850219727,-0.6463488936424255,2.3104565143585205,0.16357421875,0.33935546875
1841,721,2.2882652282714844,1.016050100326538,-2.108247995376587,-0.05686984956264496,1.1428776979446411,2.1096444129943848,0.1568603515625,0.33935546875
1842,722,2.5832149982452393,0.9283925294876099,-2.1818902492523193,1.7912832498550415,-1.0650798082351685,1.1903412342071533,0.16357421875,0.330322265625
1843,721,2.2882652282714844,1.016050100326538,-2.108247995376587,-0.05686984956264496,1.1428776979446411,2.1096444129943848,0.1568603515625,0.33935546875
1844,720,2.289734363555908,0.8828678727149963,-2.1444060802459717,-0.06345605850219727,-0.6463488936424255,2.3104565143585205,0.16357421875,0.33935546875
1845,722,2.5832149982452393,0.9283925294876099,-2.1818902492523193,1.7912832498550415,-1.0650798082351685,1.1903412342071533,0.16357421875,0.330322265625
1846,723,2.523026704788208,1.0460025072097778,-2.1105456352233887,0.6698268055915833,0.30540573596954346,2.2843079566955566,0.1568603515625,0.330322265625
1847,721,2.2882652282714844,1.016050100326538,-2.108247995376587,-0.05686984956264496,1.1428776979446411,2.1096444129943848,0.1568603515625,0.33935546875
1848,724,2.661198854446411,1.1297341585159302,-2.311734914779663,2.2029805183410645,-0.9383338093757629,-0.1625089943408966,0.16357421875,0.3212890625
1849,723,2.523026704788208,1.0460025072097778,-2.1105456352233887,0.6698268055915833,0.30540573596954346,2.2843079566955566,0.1568603515625,0.330322265625
1850,722,2.5832149982452393,0.9283925294876099,-2.1818902492523193,1.7912832498550415,-1.0650798082351685,1.1903412342071533,0.16357421875,0.330322265625
1851,724,2.661198854446411,1.1297341585159302,-2.311734914779663,2.2029805183410645,-0.9383338093757629,-0.1625089943408966,0.16357421875,0.3212890625
1852,725,2.5908260345458984,1.2138490676879883,-2.211315631866455,0.625162661075592,0.9239248633384705,2.1249794960021973,0.1568603515625,0.3212890625
1853,723,2.523026704788208,1.0460025072097778,-2.1105456352233887,0.6698268055915833,0.30540573596954346,2.2843079566955566,0.1568603515625,0.330322265625
1854,726,2.7792859077453613,1.6911046504974365,-2.472108840942383,0.3970542550086975,0.6917952299118042,2.2635746002197266,0.1568603515625,0.294677734375
1855,725,2.5908260345458984,1.2138490676879883,-2.211315631866455,0.625162661075592,0.9239248633384705,2.1249794960021973,0.1568603515625,0.3212890625
1856,724,2.661198854446411,1.1297341585159302,-2.311734914779663,2.2029805183410645,-0.9383338093757629,-0.1625089943408966,0.16357421875,0.3212890625
1857,727,2.540332555770874,1.1319891214370728,-2.3983259201049805,-0.5220766067504883,-0.9935281872749329,-2.1214005947113037,0.1715087890625,0.3212890625
1858,724,2.661198854446411,1.1297341585159302,-2.311734914779663,2.2029805183410645,-0.9383338093757629,-0.1625089943408966,0.16357421875,0.3212890625
1859,722,2.5832149982452393,0.9283925294876099,-2.1818902492523193,1.7912832498550415,-1.0650798082351685,1.1903412342071533,0.16357421875,0.330322265625
1860,727,2.540332555770874,1.1319891214370728,-2.3983259201049805,-0.5220766067504883,-0.9935281872749329,-2.1214005947113037,0.1715087890625,0.3212890625
1861,722,2.5832149982452393,0.9283925294876099,-2.1818902492523193,1.7912832498550415,-1.0650798082351685,1.1903412342071533,0.16357421875,0.330322265625
1862,728,2.4924113750457764,0.9529204964637756,-2.298928737640381,0.13550600409507751,-0.7181212902069092,-2.286032199859619,0.1715087890625,0.330322265625
1863,726,2.7792859077453613,1.6911046504974365,-2.472108840942383,0.3970542550086975,0.6917952299118042,2.2635746002197266,0.1568603515625,0.294677734375
1864,724,2.661198854446411,1.1297341585159302,-2.311734914779663,2.2029805183410645,-0.9383338093757629,-0.1625089943408966,0.16357421875,0.3212890625
1865,729,2.849658727645874,1.6069896221160889,-2.57252836227417,2.1076819896698,-1.100003957748413,-0.32813194394111633,0.16357421875,0.294677734375
1866,729,2.849658727645874,1.6069896221160889,-2.57252836227417,2.1076819896698,-1.100003957748413,-0.32813194394111633,0.16357421875,0.294677734375
1867,724,2.661198854446411,1.1297341585159302,-2.311734914779663,2.2029805183410645,-0.9383338093757629,-0.1625089943408966,0.16357421875,0.3212890625
1868,727,2.540332555770874,1.1319891214370728,-2.3983259201049805,-0.5220766067504883,-0.9935281872749329,-2.1214005947113037,0.1715087890625,0.3212890625
1869,730,2.973954200744629,1.7948020696640015,-2.5967116355895996,2.09417462348938,-1.1701992750167847,-0.07119888067245483,0.16357421875,0.2841796875
1870,726,2.7792859077453613,1.6911046504974365,-2.472108840942383,0.3970542550086975,0.6917952299118042,2.2635746002197266,0.1568603515625,0.294677734375
1871,729,2.849658727645874,1.6069896221160889,-2.57252836227417,2.1076819896698,-1.100003957748413,-0.32813194394111633,0.16357421875,0.294677734375
1872,730,2.973954200744629,1.7948020696640015,-2.5967116355895996,2.09417462348938,-1.1701992750167847,-0.07119888067245483,0.16357421875,0.2841796875
1873,731,2.846850872039795,1.8435264825820923,-2.474757671356201,-0.157370924949646,-0.15081961452960968,2.3900818824768066,0.1568603515625,0.2841796875
1874,726,2.7792859077453613,1.6911046504974365,-2.472108840942383,0.3970542550086975,0.6917952299118042,2.2635746002197266,0.1568603515625,0.294677734375
1875,732,3.099881649017334,2.34106707572937,-2.400895357131958,-0.10847851634025574,-0.36155831813812256,2.370128870010376,0.1568603515625,0.25830078125
1876,731,2.846850872039795,1.8435264825820923,-2.474757671356201,-0.157370924949646,-0.15081961452960968,2.3900818824768066,0.1568603515625,0.2841796875
1877,730,2.973954200744629,1.7948020696640015,-2.5967116355895996,2.09417462348938,-1.1701992750167847,-0.07119888067245483,0.16357421875,0.2841796875
1878,732,3.099881649017334,2.34106707572937,-2.400895357131958,-0.10847851634025574,-0.36155831813812256,2.370128870010376,0.1568603515625,0.25830078125
1879,730,2.973954200744629,1.7948020696640015,-2.5967116355895996,2.09417462348938,-1.1701992750167847,-0.07119888067245483,0.16357421875,0.2841796875
1880,733,3.2314791679382324,2.3087658882141113,-2.5223474502563477,2.2159464359283447,-0.9217154383659363,0.004874087870121002,0.16357421875,0.25830078125
1881,734,3.1518471240997314,2.5240678787231445,-2.377922773361206,-0.3965100347995758,-1.2254945039749146,2.0250792503356934,0.1568603515625,0.2484130859375
1882,732,3.099881649017334,2.34106707572937,-2.400895357131958,-0.10847851634025574,-0.36155831813812256,2.370128870010376,0.1568603515625,0.25830078125
1883,733,3.2314791679382324,2.3087658882141113,-2.5223474502563477,2.2159464359283447,-0.9217154383659363,0.004874087870121002,0.16357421875,0.25830078125
1884,734,3.1518471240997314,2.5240678787231445,-2.377922773361206,-0.3965100347995758,-1.2254945039749146,2.0250792503356934,0.1568603515625,0.2484130859375
1885,733,3.2314791679382324,2.3087658882141113,-2.5223474502563477,2.2159464359283447,-0.9217154383659363,0.004874087870121002,0.16357421875,0.25830078125
1886,735,3.2993412017822266,2.572910785675049,-2.4424636363983154,2.3597373962402344,-0.37573111057281494,-0.22465278208255768,0.16357421875,0.2459716796875
1887,736,2.8727939128875732,1.8667038679122925,-2.7308707237243652,0.13104641437530518,0.019611390307545662,-2.3963401317596436,0.1715087890625,0.2841796875
1888,730,2.973954200744629,1.7948020696640015,-2.5967116355895996,2.09417462348938,-1.1701992750167847,-0.07119888067245483,0.16357421875,0.2841796875
1889,729,2.849658727645874,1.6069896221160889,-2.57252836227417,2.1076819896698,-1.100003957748413,-0.32813194394111633,0.16357421875,0.294677734375
1890,733,3.2314791679382324,2.3087658882141113,-2.5223474502563477,2.2159464359283447,-0.9217154383659363,0.004874087870121002,0.16357421875,0.25830078125
1891,730,2.973954200744629,1.7948020696640015,-2.5967116355895996,2.09417462348938,-1.1701992750167847,-0.07119888067245483,0.16357421875,0.2841796875
1892,736,2.8727939128875732,1.8667038679122925,-2.7308707237243652,0.13104641437530518,0.019611390307545662,-2.3963401317596436,0.1715087890625,0.2841796875
1893,737,3.3069345951080322,2.621481418609619,-2.294661283493042,2.3963356018066406,0.1313381940126419,-0.01815611869096756,0.16357421875,0.2384033203125
1894,734,3.1518471240997314,2.5240678787231445,-2.377922773361206,-0.3965100347995758,-1.2254945039749146,2.0250792503356934,0.1568603515625,0.2484130859375
1895,735,3.2993412017822266,2.572910785675049,-2.4424636363983154,2.3597373962402344,-0.37573111057281494,-0.22465278208255768,0.16357421875,0.2459716796875
1896,737,3.3069345951080322,2.621481418609619,-2.294661283493042,2.3963356018066406,0.1313381940126419,-0.01815611869096756,0.16357421875,0.2384033203125
1897,738,3.1528472900390625,2.526751756668091,-2.320838689804077,-0.6228090524673462,-2.252946615219116,0.54437255859375,0.1568603515625,0.245849609375
1898,734,3.1518471240997314,2.5240678787231445,-2.377922773361206,-0.3965100347995758,-1.2254945039749146,2.0250792503356934,0.1568603515625,0.2484130859375
1899,739,3.209045886993408,2.773690938949585,-2.269228219985962,0.41075399518013,2.327636480331421,-0.41640207171440125,0.1715087890625,0.2340087890625
1900,737,3.3069345951080322,2.621481418609619,-2.294661283493042,2.3963356018066406,0.1313381940126419,-0.01815611869096756,0.16357421875,0.2384033203125
1901,735,3.2993412017822266,2.572910785675049,-2.4424636363983154,2.3597373962402344,-0.37573111057281494,-0.22465278208255768,0.16357421875,0.2459716796875
1902,729,2.849658727645874,1.6069896221160889,-2.57252836227417,2.1076819896698,-1.100003957748413,-0.32813194394111633,0.16357421875,0.294677734375
1903,727,2.540332555770874,1.1319891214370728,-2.3983259201049805,-0.5220766067504883,-0.9935281872749329,-2.1214005947113037,0.1715087890625,0.3212890625
1904,740,2.7287917137145996,1.6092443466186523,-2.6591196060180664,-0.5337492227554321,-0.7838742733001709,-2.2046895027160645,0.1715087890625,0.294677734375
1905,736,2.8727939128875732,1.8667038679122925,-2.7308707237243652,0.13104641437530518,0.019611390307545662,-2.3963401317596436,0.1715087890625,0.2841796875
1906,729,2.849658727645874,1.6069896221160889,-2.57252836227417,2.1076819896698,-1.100003957748413,-0.32813194394111633,0.16357421875,0.294677734375
1907,740,2.7287917137145996,1.6092443466186523,-2.6591196060180664,-0.5337492227554321,-0.7838742733001709,-2.2046895027160645,0.1715087890625,0.294677734375
1908,733,3.2314791679382324,2.3087658882141113,-2.5223474502563477,2.2159464359283447,-0.9217154383659363,0.004874087870121002,0.16357421875,0.25830078125
1909,736,2.8727939128875732,1.8667038679122925,-2.7308707237243652,0.13104641437530518,0.019611390307545662,-2.3963401317596436,0.1715087890625,0.2841796875
1910,741,3.1233408451080322,2.366309642791748,-2.657029390335083,0.4135369658470154,0.2587687075138092,-2.3498997688293457,0.1715087890625,0.25830078125
1911,735,3.2993412017822266,2.572910785675049,-2.4424636363983154,2.3597373962402344,-0.37573111057281494,-0.22465278208255768,0.16357421875,0.2459716796875
1912,733,3.2314791679382324,2.3087658882141113,-2.5223474502563477,2.2159464359283447,-0.9217154383659363,0.004874087870121002,0.16357421875,0.25830078125
1913,741,3.1233408451080322,2.366309642791748,-2.657029390335083,0.4135369658470154,0.2587687075138092,-2.3498997688293457,0.1715087890625,0.25830078125
1914,739,3.209045886993408,2.773690938949585,-2.269228219985962,0.41075399518013,2.327636480331421,-0.41640207171440125,0.1715087890625,0.2340087890625
1915,735,3.2993412017822266,2.572910785675049,-2.4424636363983154,2.3597373962402344,-0.37573111057281494,-0.22465278208255768,0.16357421875,0.2459716796875
1916,742,3.212073564529419,2.7785849571228027,-2.359814405441284,0.45173269510269165,2.297105073928833,-0.5284387469291687,0.1715087890625,0.2376708984375
1917,743,3.0549228191375732,2.678901433944702,-2.29427433013916,-2.106221914291382,1.1446144580841064,-0.11699841171503067,0.1795654296875,0.2384033203125
1918,739,3.209045886993408,2.773690938949585,-2.269228219985962,0.41075399518013,2.327636480331421,-0.41640207171440125,0.1715087890625,0.2340087890625
1919,742,3.212073564529419,2.7785849571228027,-2.359814405441284,0.45173269510269165,2.297105073928833,-0.5284387469291687,0.1715087890625,0.2376708984375
1920,743,3.0549228191375732,2.678901433944702,-2.29427433013916,-2.106221914291382,1.1446144580841064,-0.11699841171503067,0.1795654296875,0.2384033203125
1921,742,3.212073564529419,2.7785849571228027,-2.359814405441284,0.45173269510269165,2.297105073928833,-0.5284387469291687,0.1715087890625,0.2376708984375
1922,744,3.0498135089874268,2.6318726539611816,-2.461193323135376,-2.2130937576293945,0.8224098682403564,-0.43111640214920044,0.1795654296875,0.2459716796875
1923,745,3.1528472900390625,2.526751756668091,-2.320838689804077,-0.6228090524673462,-2.252946615219116,0.54437255859375,0.186279296875,0.245849609375
1924,743,3.0549228191375732,2.678901433944702,-2.29427433013916,-2.106221914291382,1.1446144580841064,-0.11699841171503067,0.1795654296875,0.2384033203125
1925,744,3.0498135089874268,2.6318726539611816,-2.461193323135376,-2.2130937576293945,0.8224098682403564,-0.43111640214920044,0.1795654296875,0.2459716796875
1926,745,3.1528472900390625,2.526751756668091,-2.320838689804077,-0.6228090524673462,-2.252946615219116,0.54437255859375,0.186279296875,0.245849609375
1927,744,3.0498135089874268,2.6318726539611816,-2.461193323135376,-2.2130937576293945,0.8224098682403564,-0.43111640214920044,0.1795654296875,0.2459716796875
1928,746,3.1518471240997314,2.5240678787231445,-2.377922773361206,-0.3965100347995758,-1.2254945039749146,2.0250792503356934,0.186279296875,0.2484130859375
1929,742,3.212073564529419,2.7785849571228027,-2.359814405441284,0.45173269510269165,2.297105073928833,-0.5284387469291687,0.1715087890625,0.2376708984375
1930,735,3.2993412017822266,2.572910785675049,-2.4424636363983154,2.3597373962402344,-0.37573111057281494,-0.22465278208255768,0.16357421875,0.2459716796875
1931,747,3.204878330230713,2.7160239219665527,-2.517474412918091,0.5424918532371521,1.9430925846099854,-1.3000365495681763,0.1715087890625,0.2435302734375
1932,744,3.0498135089874268,2.6318726539611816,-2.461193323135376,-2.2130937576293945,0.8224098682403564,-0.43111640214920044,0.1795654296875,0.2459716796875
1933,742,3.212073564529419,2.7785849571228027,-2.359814405441284,0.45173269510269165,2.297105073928833,-0.5284387469291687,0.1715087890625,0.2376708984375
1934,747,3.204878330230713,2.7160239219665527,-2.517474412918091,0.5424918532371521,1.9430925846099854,-1.3000365495681763,0.1715087890625,0.2435302734375
1935,747,3.204878330230713,2.7160239219665527,-2.517474412918091,0.5424918532371521,1.9430925846099854,-1.3000365495681763,0.1715087890625,0.2435302734375
1936,735,3.2993412017822266,2.572910785675049,-2.4424636363983154,2.3597373962402344,-0.37573111057281494,-0.22465278208255768,0.16357421875,0.2459716796875
1937,748,3.1874961853027344,2.6163573265075684,-2.6056101322174072,0.436432808637619,0.6441258788108826,-2.270381212234497,0.1715087890625,0.2484130859375
1938,744,3.0498135089874268,2.6318726539611816,-2.461193323135376,-2.2130937576293945,0.8224098682403564,-0.43111640214920044,0.1795654296875,0.2459716796875
1939,747,3.204878330230713,2.7160239219665527,-2.517474412918091,0.5424918532371521,1.9430925846099854,-1.3000365495681763,0.1715087890625,0.2435302734375
1940,748,3.1874961853027344,2.6163573265075684,-2.6056101322174072,0.436432808637619,0.6441258788108826,-2.270381212234497,0.1715087890625,0.2484130859375
1941,735,3.2993412017822266,2.572910785675049,-2.4424636363983154,2.3597373962402344,-0.37573111057281494,-0.22465278208255768,0.16357421875,0.2459716796875
1942,741,3.1233408451080322,2.366309642791748,-2.657029390335083,0.4135369658470154,0.2587687075138092,-2.3498997688293457,0.1715087890625,0.25830078125
1943,748,3.1874961853027344,2.6163573265075684,-2.6056101322174072,0.436432808637619,0.6441258788108826,-2.270381212234497,0.1715087890625,0.2484130859375
1944,746,3.1518471240997314,2.5240678787231445,-2.377922773361206,-0.3965100347995758,-1.2254945039749146,2.0250792503356934,0.186279296875,0.2484130859375
1945,744,3.0498135089874268,2.6318726539611816,-2.461193323135376,-2.2130937576293945,0.8224098682403564,-0.43111640214920044,0.1795654296875,0.2459716796875
1946,749,2.991743326187134,2.398610830307007,-2.5355775356292725,-2.1755526065826416,0.9908485412597656,-0.21258465945720673,0.1795654296875,0.25830078125
1947,748,3.1874961853027344,2.6163573265075684,-2.6056101322174072,0.436432808637619,0.6441258788108826,-2.270381212234497,0.1715087890625,0.2484130859375
1948,749,2.991743326187134,2.398610830307007,-2.5355775356292725,-2.1755526065826416,0.9908485412597656,-0.21258465945720673,0.1795654296875,0.25830078125
1949,744,3.0498135089874268,2.6318726539611816,-2.461193323135376,-2.2130937576293945,0.8224098682403564,-0.43111640214920044,0.1795654296875,0.2459716796875
1950,748,3.1874961853027344,2.6163573265075684,-2.6056101322174072,0.436432808637619,0.6441258788108826,-2.270381212234497,0.1715087890625,0.2484130859375
1951,741,3.1233408451080322,2.366309642791748,-2.657029390335083,0.4135369658470154,0.2587687075138092,-2.3498997688293457,0.1715087890625,0.25830078125
1952,749,2.991743326187134,2.398610830307007,-2.5355775356292725,-2.1755526065826416,0.9908485412597656,-0.21258465945720673,0.1795654296875,0.25830078125
1953,746,3.1518471240997314,2.5240678787231445,-2.377922773361206,-0.3965100347995758,-1.2254945039749146,2.0250792503356934,0.186279296875,0.2484130859375
1954,749,2.991743326187134,2.398610830307007,-2.5355775356292725,-2.1755526065826416,0.9908485412597656,-0.21258465945720673,0.1795654296875,0.25830078125
1955,750,3.099881649017334,2.34106707572937,-2.400895357131958,-0.10847851634025574,-0.36155831813812256,2.370128870010376,0.186279296875,0.25830078125
1956,749,2.991743326187134,2.398610830307007,-2.5355775356292725,-2.1755526065826416,0.9908485412597656,-0.21258465945720673,0.1795654296875,0.25830078125
1957,751,2.846850872039795,1.8435264825820923,-2.474757671356201,-0.157370924949646,-0.15081961452960968,2.3900818824768066,0.186279296875,0.2841796875
1958,750,3.099881649017334,2.34106707572937,-2.400895357131958,-0.10847851634025574,-0.36155831813812256,2.370128870010376,0.186279296875,0.25830078125
1959,741,3.1233408451080322,2.366309642791748,-2.657029390335083,0.4135369658470154,0.2587687075138092,-2.3498997688293457,0.1715087890625,0.25830078125
1960,736,2.8727939128875732,1.8667038679122925,-2.7308707237243652,0.13104641437530518,0.019611390307545662,-2.3963401317596436,0.1715087890625,0.2841796875
1961,752,2.74569034576416,1.9154285192489624,-2.608917236328125,-2.16192626953125,1.0067968368530273,-0.26914307475090027,0.1795654296875,0.2841796875
1962,741,3.1233408451080322,2.366309642791748,-2.657029390335083,0.4135369658470154,0.2587687075138092,-2.3498997688293457,0.1715087890625,0.25830078125
1963,752,2.74569034576416,1.9154285192489624,-2.608917236328125,-2.16192626953125,1.0067968368530273,-0.26914307475090027,0.1795654296875,0.2841796875
1964,749,2.991743326187134,2.398610830307007,-2.5355775356292725,-2.1755526065826416,0.9908485412597656,-0.21258465945720673,0.1795654296875,0.25830078125
1965,749,2.991743326187134,2.398610830307007,-2.5355775356292725,-2.1755526065826416,0.9908485412597656,-0.21258465945720673,0.1795654296875,0.25830078125
1966,752,2.74569034576416,1.9154285192489624,-2.608917236328125,-2.16192626953125,1.0067968368530273,-0.26914307475090027,0.1795654296875,0.2841796875
1967,751,2.846850872039795,1.8435264825820923,-2.474757671356201,-0.157370924949646,-0.15081961452960968,2.3900818824768066,0.186279296875,0.2841796875
1968,752,2.74569034576416,1.9154285192489624,-2.608917236328125,-2.16192626953125,1.0067968368530273,-0.26914307475090027,0.1795654296875,0.2841796875
1969,736,2.8727939128875732,1.8667038679122925,-2.7308707237243652,0.13104641437530518,0.019611390307545662,-2.3963401317596436,0.1715087890625,0.2841796875
1970,740,2.7287917137145996,1.6092443466186523,-2.6591196060180664,-0.5337492227554321,-0.7838742733001709,-2.2046895027160645,0.1715087890625,0.294677734375
1971,751,2.846850872039795,1.8435264825820923,-2.474757671356201,-0.157370924949646,-0.15081961452960968,2.3900818824768066,0.186279296875,0.2841796875
1972,752,2.74569034576416,1.9154285192489624,-2.608917236328125,-2.16192626953125,1.0067968368530273,-0.26914307475090027,0.1795654296875,0.2841796875
1973,753,2.658418893814087,1.6933594942092896,-2.558699607849121,-2.221571445465088,0.9047539234161377,-0.0777357816696167,0.1795654296875,0.294677734375
1974,752,2.74569034576416,1.9154285192489624,-2.608917236328125,-2.16192626953125,1.0067968368530273,-0.26914307475090027,0.1795654296875,0.2841796875
1975,740,2.7287917137145996,1.6092443466186523,-2.6591196060180664,-0.5337492227554321,-0.7838742733001709,-2.2046895027160645,0.1715087890625,0.294677734375
1976,753,2.658418893814087,1.6933594942092896,-2.558699607849121,-2.221571445465088,0.9047539234161377,-0.0777357816696167,0.1795654296875,0.294677734375
1977,751,2.846850872039795,1.8435264825820923,-2.474757671356201,-0.157370924949646,-0.15081961452960968,2.3900818824768066,0.186279296875,0.2841796875
1978,753,2.658418893814087,1.6933594942092896,-2.558699607849121,-2.221571445465088,0.9047539234161377,-0.0777357816696167,0.1795654296875,0.294677734375
1979,754,2.7792859077453613,1.6911046504974365,-2.472108840942383,0.3970542550086975,0.6917952299118042,2.2635746002197266,0.186279296875,0.294677734375
1980,753,2.658418893814087,1.6933594942092896,-2.558699607849121,-2.221571445465088,0.9047539234161377,-0.0777357816696167,0.1795654296875,0.294677734375
1981,755,2.5908260345458984,1.2138490676879883,-2.211315631866455,0.625162661075592,0.9239248633384705,2.1249794960021973,0.186279296875,0.3212890625
1982,754,2.7792859077453613,1.6911046504974365,-2.472108840942383,0.3970542550086975,0.6917952299118042,2.2635746002197266,0.186279296875,0.294677734375
1983,740,2.7287917137145996,1.6092443466186523,-2.6591196060180664,-0.5337492227554321,-0.7838742733001709,-2.2046895027160645,0.1715087890625,0.294677734375
1984,756,2.4699597358703613,1.2161040306091309,-2.2979061603546143,-2.2111423015594482,0.9173969030380249,0.1709856390953064,0.1795654296875,0.3212890625
1985,753,2.658418893814087,1.6933594942092896,-2.558699607849121,-2.221571445465088,0.9047539234161377,-0.0777357816696167,0.1795654296875,0.294677734375
1986,753,2.658418893814087,1.6933594942092896,-2.558699607849121,-2.221571445465088,0.9047539234161377,-0.0777357816696167,0.1795654296875,0.294677734375
1987,756,2.4699597358703613,1.2161040306091309,-2.2979061603546143,-2.2111423015594482,0.9173969030380249,0.1709856390953064,0.1795654296875,0.3212890625
1988,755,2.5908260345458984,1.2138490676879883,-2.211315631866455,0.625162661075592,0.9239248633384705,2.1249794960021973,0.186279296875,0.3212890625
1989,740,2.7287917137145996,1.6092443466186523,-2.6591196060180664,-0.5337492227554321,-0.7838742733001709,-2.2046895027160645,0.1715087890625,0.294677734375
1990,727,2.540332555770874,1.1319891214370728,-2.3983259201049805,-0.5220766067504883,-0.9935281872749329,-2.1214005947113037,0.1715087890625,0.3212890625
1991,756,2.4699597358703613,1.2161040306091309,-2.2979061603546143,-2.2111423015594482,0.9173969030380249,0.1709856390953064,0.1795654296875,0.3212890625
1992,755,2.5908260345458984,1.2138490676879883,-2.211315631866455,0.625162661075592,0.9239248633384705,2.1249794960021973,0.186279296875,0.3212890625
1993,756,2.4699597358703613,1.2161040306091309,-2.2979061603546143,-2.2111423015594482,0.9173969030380249,0.1709856390953064,0.1795654296875,0.3212890625
1994,757,2.432223081588745,1.0705304145812988,-2.227583646774292,-1.5808178186416626,1.7611887454986572,-0.3990379571914673,0.1795654296875,0.330322265625
1995,757,2.432223081588745,1.0705304145812988,-2.227583646774292,-1.5808178186416626,1.7611887454986572,-0.3990379571914673,0.1795654296875,0.330322265625
1996,756,2.4699597358703613,1.2161040306091309,-2.2979061603546143,-2.2111423015594482,0.9173969030380249,0.1709856390953064,0.1795654296875,0.3212890625
1997,727,2.540332555770874,1.1319891214370728,-2.3983259201049805,-0.5220766067504883,-0.9935281872749329,-2.1214005947113037,0.1715087890625,0.3212890625
1998,755,2.5908260345458984,1.2138490676879883,-2.211315631866455,0.625162661075592,0.9239248633384705,2.1249794960021973,0.186279296875,0.3212890625
1999,757,2.432223081588745,1.0705304145812988,-2.227583646774292,-1.5808178186416626,1.7611887454986572,-0.3990379571914673,0.1795654296875,0.330322265625
2000,758,2.523026704788208,1.0460025072097778,-2.1105456352233887,0.6698268055915833,0.30540573596954346,2.2843079566955566,0.186279296875,0.330322265625
2001,757,2.432223081588745,1.0705304145812988,-2.227583646774292,-1.5808178186416626,1.7611887454986572,-0.3990379571914673,0.1795654296875,0.330322265625
2002,727,2.540332555770874,1.1319891214370728,-2.3983259201049805,-0.5220766067504883,-0.9935281872749329,-2.1214005947113037,0.1715087890625,0.3212890625
2003,728,2.4924113750457764,0.9529204964637756,-2.298928737640381,0.13550600409507751,-0.7181212902069092,-2.286032199859619,0.1715087890625,0.330322265625
2004,758,2.523026704788208,1.0460025072097778,-2.1105456352233887,0.6698268055915833,0.30540573596954346,2.2843079566955566,0.186279296875,0.330322265625
2005,757,2.432223081588745,1.0705304145812988,-2.227583646774292,-1.5808178186416626,1.7611887454986572,-0.3990379571914673,0.1795654296875,0.330322265625
2006,759,2.292788028717041,1.0522370338439941,-2.2413535118103027,0.045094601809978485,2.084444761276245,-1.1887210607528687,0.1795654296875,0.33935546875
2007,759,2.292788028717041,1.0522370338439941,-2.2413535118103027,0.045094601809978485,2.084444761276245,-1.1887210607528687,0.1795654296875,0.33935546875
2008,757,2.432223081588745,1.0705304145812988,-2.227583646774292,-1.5808178186416626,1.7611887454986572,-0.3990379571914673,0.1795654296875,0.330322265625
2009,728,2.4924113750457764,0.9529204964637756,-2.298928737640381,0.13550600409507751,-0.7181212902069092,-2.286032199859619,0.1715087890625,0.330322265625
2010,758,2.523026704788208,1.0460025072097778,-2.1105456352233887,0.6698268055915833,0.30540573596954346,2.2843079566955566,0.186279296875,0.330322265625
2011,759,2.292788028717041,1.0522370338439941,-2.2413535118103027,0.045094601809978485,2.084444761276245,-1.1887210607528687,0.1795654296875,0.33935546875
2012,760,2.2882652282714844,1.016050100326538,-2.108247995376587,-0.05686984956264496,1.1428776979446411,2.1096444129943848,0.186279296875,0.33935546875
2013,759,2.292788028717041,1.0522370338439941,-2.2413535118103027,0.045094601809978485,2.084444761276245,-1.1887210607528687,0.1795654296875,0.33935546875
2014,728,2.4924113750457764,0.9529204964637756,-2.298928737640381,0.13550600409507751,-0.7181212902069092,-2.286032199859619,0.1715087890625,0.330322265625
2015,761,2.2942569255828857,0.9190548658370972,-2.2775115966796875,0.08507861196994781,0.6413286328315735,-2.3111603260040283,0.1715087890625,0.33935546875
2016,759,2.292788028717041,1.0522370338439941,-2.2413535118103027,0.045094601809978485,2.084444761276245,-1.1887210607528687,0.1795654296875,0.33935546875
2017,762,-1.13930344581604,1.0420758724212646,-2.2320635318756104,-0.08847775310277939,1.1831408739089966,2.086229085922241,0.186279296875,0.498046875
2018,760,2.2882652282714844,1.016050100326538,-2.108247995376587,-0.05686984956264496,1.1428776979446411,2.1096444129943848,0.186279296875,0.33935546875
2019,761,2.2942569255828857,0.9190548658370972,-2.2775115966796875,0.08507861196994781,0.6413286328315735,-2.3111603260040283,0.1715087890625,0.33935546875
2020,763,-1.1343657970428467,1.08158278465271,-2.37738037109375,0.06945981085300446,2.090996742248535,-1.1759716272354126,0.1795654296875,0.498046875
2021,759,2.292788028717041,1.0522370338439941,-2.2413535118103027,0.045094601809978485,2.084444761276245,-1.1887210607528687,0.1795654296875,0.33935546875
2022,759,2.292788028717041,1.0522370338439941,-2.2413535118103027,0.045094601809978485,2.084444761276245,-1.1887210607528687,0.1795654296875,0.33935546875
2023,763,-1.1343657970428467,1.08158278465271,-2.37738037109375,0.06945981085300446,2.090996742248535,-1.1759716272354126,0.1795654296875,0.498046875
2024,762,-1.13930344581604,1.0420758724212646,-2.2320635318756104,-0.08847775310277939,1.1831408739089966,2.086229085922241,0.186279296875,0.498046875
2025,761,2.2942569255828857,0.9190548658370972,-2.2775115966796875,0.08507861196994781,0.6413286328315735,-2.3111603260040283,0.1715087890625,0.33935546875
2026,764,-1.13276207447052,0.9361826181411743,-2.416855573654175,0.10867244750261307,0.6256633996963501,-2.3144631385803223,0.1715087890625,0.498046875
2027,763,-1.1343657970428467,1.08158278465271,-2.37738037109375,0.06945981085300446,2.090996742248535,-1.1759716272354126,0.1795654296875,0.498046875
2028,763,-1.1343657970428467,1.08158278465271,-2.37738037109375,0.06945981085300446,2.090996742248535,-1.1759716272354126,0.1795654296875,0.498046875
2029,764,-1.13276207447052,0.9361826181411743,-2.416855573654175,0.10867244750261307,0.6256633996963501,-2.3144631385803223,0.1715087890625,0.498046875
2030,765,-1.2043720483779907,0.9333590865135193,-2.4247329235076904,1.293052077293396,0.41205665469169617,-1.9794517755508423,0.1715087890625,0.50341796875
2031,762,-1.13930344581604,1.0420758724212646,-2.2320635318756104,-0.08847775310277939,1.1831408739089966,2.086229085922241,0.186279296875,0.498046875
2032,763,-1.1343657970428467,1.08158278465271,-2.37738037109375,0.06945981085300446,2.090996742248535,-1.1759716272354126,0.1795654296875,0.498046875
2033,766,-1.2262959480285645,1.0808779001235962,-2.4090118408203125,0.5856136679649353,2.1894242763519287,-0.7896071076393127,0.1795654296875,0.50341796875
2034,763,-1.1343657970428467,1.08158278465271,-2.37738037109375,0.06945981085300446,2.090996742248535,-1.1759716272354126,0.1795654296875,0.498046875
2035,765,-1.2043720483779907,0.9333590865135193,-2.4247329235076904,1.293052077293396,0.41205665469169617,-1.9794517755508423,0.1715087890625,0.50341796875
2036,766,-1.2262959480285645,1.0808779001235962,-2.4090118408203125,0.5856136679649353,2.1894242763519287,-0.7896071076393127,0.1795654296875,0.50341796875
2037,762,-1.13930344581604,1.0420758724212646,-2.2320635318756104,-0.08847775310277939,1.1831408739089966,2.086229085922241,0.186279296875,0.498046875
2038,766,-1.2262959480285645,1.0808779001235962,-2.4090118408203125,0.5856136679649353,2.1894242763519287,-0.7896071076393127,0.1795654296875,0.50341796875
2039,767,-1.2671291828155518,1.0501823425292969,-2.268237590789795,-0.7842711806297302,0.8689529895782471,2.0951950550079346,0.186279296875,0.50341796875
2040,766,-1.2262959480285645,1.0808779001235962,-2.4090118408203125,0.5856136679649353,2.1894242763519287,-0.7896071076393127,0.1795654296875,0.50341796875
2041,768,-1.3818840980529785,1.0505107641220093,-2.3450326919555664,-1.7863595485687256,0.842432975769043,1.3635355234146118,0.186279296875,0.5087890625
2042,767,-1.2671291828155518,1.0501823425292969,-2.268237590789795,-0.7842711806297302,0.8689529895782471,2.0951950550079346,0.186279296875,0.50341796875
2043,766,-1.2262959480285645,1.0808779001235962,-2.4090118408203125,0.5856136679649353,2.1894242763519287,-0.7896071076393127,0.1795654296875,0.50341796875
2044,769,-1.4652421474456787,1.0599404573440552,-2.5067269802093506,-1.9347379207611084,0.615444540977478,1.2798513174057007,0.181396484375,0.513671875
2045,768,-1.3818840980529785,1.0505107641220093,-2.3450326919555664,-1.7863595485687256,0.842432975769043,1.3635355234146118,0.186279296875,0.5087890625
2046,766,-1.2262959480285645,1.0808779001235962,-2.4090118408203125,0.5856136679649353,2.1894242763519287,-0.7896071076393127,0.1795654296875,0.50341796875
2047,770,-1.3033934831619263,1.084222435951233,-2.500209093093872,0.461647629737854,2.319215774536133,-0.41002461314201355,0.1795654296875,0.5078125
2048,769,-1.4652421474456787,1.0599404573440552,-2.5067269802093506,-1.9347379207611084,0.615444540977478,1.2798513174057007,0.181396484375,0.513671875
2049,765,-1.2043720483779907,0.9333590865135193,-2.4247329235076904,1.293052077293396,0.41205665469169617,-1.9794517755508423,0.1715087890625,0.50341796875
2050,770,-1.3033934831619263,1.084222435951233,-2.500209093093872,0.461647629737854,2.319215774536133,-0.41002461314201355,0.1795654296875,0.5078125
2051,766,-1.2262959480285645,1.0808779001235962,-2.4090118408203125,0.5856136679649353,2.1894242763519287,-0.7896071076393127,0.1795654296875,0.50341796875
2052,765,-1.2043720483779907,0.9333590865135193,-2.4247329235076904,1.293052077293396,0.41205665469169617,-1.9794517755508423,0.1715087890625,0.50341796875
2053,771,-1.2791310548782349,0.9222426414489746,-2.499232053756714,1.7438966035842896,0.3371308445930481,-1.6140543222427368,0.1715087890625,0.5078125
2054,770,-1.3033934831619263,1.084222435951233,-2.500209093093872,0.461647629737854,2.319215774536133,-0.41002461314201355,0.1795654296875,0.5078125
2055,772,-1.4409795999526978,0.8979607224464417,-2.5057497024536133,0.09657113999128342,3.538287501214654e-06,-2.398056983947754,0.1715087890625,0.5146484375
2056,773,-1.4652421474456787,1.0599404573440552,-2.5067269802093506,0.09657113999128342,3.538287955962005e-06,-2.398056983947754,0.1795654296875,0.5146484375
2057,774,-1.3033934831619263,1.084222435951233,-2.500209093093872,0.09657113999128342,3.538287955962005e-06,-2.398056983947754,0.1795654296875,0.5078125
2058,772,-1.4409795999526978,0.8979607224464417,-2.5057497024536133,0.09657113999128342,3.538287501214654e-06,-2.398056983947754,0.1715087890625,0.5146484375
2059,774,-1.3033934831619263,1.084222435951233,-2.500209093093872,0.09657113999128342,3.538287955962005e-06,-2.398056983947754,0.1795654296875,0.5078125
2060,775,-1.2791310548782349,0.9222426414489746,-2.499232053756714,0.09657113999128342,3.538287955962005e-06,-2.398056983947754,0.1715087890625,0.5078125
2061,776,-3.1170175075531006,1.096841812133789,-2.5012471675872803,0.37930700182914734,0.5958135724067688,-2.2937166690826416,0.8212890625,0.775390625
2062,777,-3.2315406799316406,1.0965557098388672,-2.4242446422576904,-1.300561785697937,0.7741314768791199,-1.8625956773757935,0.81494140625,0.775390625
2063,778,-2.966679573059082,2.5689187049865723,-1.9943978786468506,-1.3005616664886475,0.7741314768791199,-1.8625956773757935,0.81494140625,0.84716796875
2064,776,-3.1170175075531006,1.096841812133789,-2.5012471675872803,0.37930700182914734,0.5958135724067688,-2.2937166690826416,0.8212890625,0.775390625
2065,778,-2.966679573059082,2.5689187049865723,-1.9943978786468506,-1.3005616664886475,0.7741314768791199,-1.8625956773757935,0.81494140625,0.84716796875
2066,779,-2.8539927005767822,2.571195125579834,-2.074979543685913,0.46582579612731934,0.5769703984260559,-2.2825675010681152,0.8212890625,0.84716796875
2067,780,-3.041707754135132,1.0687239170074463,-2.3893847465515137,1.9740071296691895,0.03890002518892288,-1.3644726276397705,0.82763671875,0.775390625
2068,776,-3.1170175075531006,1.096841812133789,-2.5012471675872803,0.37930700182914734,0.5958135724067688,-2.2937166690826416,0.8212890625,0.775390625
2069,779,-2.8539927005767822,2.571195125579834,-2.074979543685913,0.46582579612731934,0.5769703984260559,-2.2825675010681152,0.8212890625,0.84716796875
2070,780,-3.041707754135132,1.0687239170074463,-2.3893847465515137,1.9740071296691895,0.03890002518892288,-1.3644726276397705,0.82763671875,0.775390625
2071,779,-2.8539927005767822,2.571195125579834,-2.074979543685913,0.46582579612731934,0.5769703984260559,-2.2825675010681152,0.8212890625,0.84716796875
2072,781,-2.7768959999084473,2.527698516845703,-1.96839439868927,1.9740071296691895,0.03890002518892288,-1.3644726276397705,0.82763671875,0.84716796875
2073,782,-6.267664432525635,2.016310930252075,1.9502639770507812,-2.371767997741699,-0.3543969690799713,-0.09551246464252472,0.51220703125,0.3681640625
2074,783,-5.899216175079346,1.7552392482757568,-2.2990493774414062,-1.9136419296264648,-1.4463878870010376,-0.07706347107887268,0.52734375,0.5654296875
2075,784,-6.064981937408447,1.7552392482757568,1.817255973815918,-1.9136419296264648,-1.4463878870010376,-0.07706347107887268,0.52734375,0.374755859375
2076,782,-6.267664432525635,2.016310930252075,1.9502639770507812,-2.371767997741699,-0.3543969690799713,-0.09551246464252472,0.51220703125,0.3681640625
2077,785,-6.09054708480835,2.016310930252075,-2.4479246139526367,-2.371767997741699,-0.3543969690799713,-0.09551246464252472,0.51220703125,0.572265625
2078,783,-5.899216175079346,1.7552392482757568,-2.2990493774414062,-1.9136419296264648,-1.4463878870010376,-0.07706347107887268,0.52734375,0.5654296875
2079,786,-6.2641119956970215,2.6933155059814453,2.0035083293914795,-2.3980519771575928,0.011624126695096493,-0.09599568694829941,0.48095703125,0.36572265625
2080,785,-6.09054708480835,2.016310930252075,-2.4479246139526367,-2.371767997741699,-0.3543969690799713,-0.09551246464252472,0.51220703125,0.572265625
2081,782,-6.267664432525635,2.016310930252075,1.9502639770507812,-2.371767997741699,-0.3543969690799713,-0.09551246464252472,0.51220703125,0.3681640625
2082,786,-6.2641119956970215,2.6933155059814453,2.0035083293914795,-2.3980519771575928,0.011624126695096493,-0.09599568694829941,0.48095703125,0.36572265625
2083,787,-6.082724094390869,2.6933155059814453,-2.5007107257843018,-2.398005723953247,0.011624126695096493,-0.09714434295892715,0.48095703125,0.57470703125
2084,785,-6.09054708480835,2.016310930252075,-2.4479246139526367,-2.371767997741699,-0.3543969690799713,-0.09551246464252472,0.51220703125,0.572265625
2085,788,-6.253665447235107,2.9718172550201416,1.6056549549102783,-2.3976333141326904,-0.04682624712586403,-0.09573376923799515,0.468017578125,0.38427734375
2086,787,-6.082724094390869,2.6933155059814453,-2.5007107257843018,-2.398005723953247,0.011624126695096493,-0.09714434295892715,0.48095703125,0.57470703125
2087,786,-6.2641119956970215,2.6933155059814453,2.0035083293914795,-2.3980519771575928,0.011624126695096493,-0.09599568694829941,0.48095703125,0.36572265625
2088,786,-6.2641119956970215,2.6933155059814453,2.0035083293914795,-2.3980519771575928,0.011624126695096493,-0.09599568694829941,0.48095703125,0.36572265625
2089,789,-6.249236106872559,2.923891544342041,1.909179925918579,-2.392380952835083,0.18027670681476593,0.06337597221136093,0.47021484375,0.3701171875
2090,788,-6.253665447235107,2.9718172550201416,1.6056549549102783,-2.3976333141326904,-0.04682624712586403,-0.09573376923799515,0.468017578125,0.38427734375
2091,788,-6.253665447235107,2.9718172550201416,1.6056549549102783,-2.3976333141326904,-0.04682624712586403,-0.09573376923799515,0.468017578125,0.38427734375
2092,790,-6.10430383682251,2.9718172550201416,-2.1033058166503906,-2.3975675106048584,-0.04682624712586403,-0.09737173467874527,0.468017578125,0.55615234375
2093,787,-6.082724094390869,2.6933155059814453,-2.5007107257843018,-2.398005723953247,0.011624126695096493,-0.09714434295892715,0.48095703125,0.57470703125
2094,787,-6.082724094390869,2.6933155059814453,-2.5007107257843018,-2.398005723953247,0.011624126695096493,-0.09714434295892715,0.48095703125,0.57470703125
2095,790,-6.10430383682251,2.9718172550201416,-2.1033058166503906,-2.3975675106048584,-0.04682624712586403,-0.09737173467874527,0.468017578125,0.55615234375
2096,791,-6.075481414794922,2.923891544342041,-2.405491590499878,-2.37953782081604,0.1802768111228943,-0.2555440068244934,0.47021484375,0.5703125
2097,792,-6.267664432525635,2.016310930252075,1.9502639770507812,-0.35903823375701904,-0.36251965165138245,2.3451385498046875,0.343994140625,0.595703125
2098,793,-6.064981937408447,1.7552392482757568,1.817255973815918,-0.45846086740493774,-1.3422644138336182,1.9360119104385376,0.359130859375,0.5888671875
2099,794,-4.330087661743164,1.4597468376159668,2.023221969604492,-0.4453273415565491,-1.2916752099990845,1.9731348752975464,0.380126953125,0.50927734375
2100,792,-6.267664432525635,2.016310930252075,1.9502639770507812,-0.35903823375701904,-0.36251965165138245,2.3451385498046875,0.343994140625,0.595703125
2101,794,-4.330087661743164,1.4597468376159668,2.023221969604492,-0.4453273415565491,-1.2916752099990845,1.9731348752975464,0.380126953125,0.50927734375
2102,795,-4.273454189300537,1.759347677230835,2.2314231395721436,-0.3869986832141876,-0.4613949954509735,2.3232197761535645,0.364013671875,0.50341796875
2103,792,-6.267664432525635,2.016310930252075,1.9502639770507812,-0.35903823375701904,-0.36251965165138245,2.3451385498046875,0.343994140625,0.595703125
2104,795,-4.273454189300537,1.759347677230835,2.2314231395721436,-0.3869986832141876,-0.4613949954509735,2.3232197761535645,0.364013671875,0.50341796875
2105,796,-3.8564507961273193,2.270085096359253,2.308150291442871,-0.24347667396068573,0.3574025332927704,2.360717296600342,0.342041015625,0.481689453125
2106,792,-6.267664432525635,2.016310930252075,1.9502639770507812,-0.35903823375701904,-0.36251965165138245,2.3451385498046875,0.343994140625,0.595703125
2107,796,-3.8564507961273193,2.270085096359253,2.308150291442871,-0.24347667396068573,0.3574025332927704,2.360717296600342,0.342041015625,0.481689453125
2108,797,-6.2641119956970215,2.6933155059814453,2.0035083293914795,-0.29871124029159546,0.18285763263702393,2.374307870864868,0.3125,0.5927734375
2109,796,-3.8564507961273193,2.270085096359253,2.308150291442871,-0.24347667396068573,0.3574025332927704,2.360717296600342,0.342041015625,0.481689453125
2110,798,-3.818711996078491,3.048264503479004,2.1345880031585693,-0.1333981454372406,1.3219430446624756,1.99866783618927,0.30517578125,0.478515625
2111,797,-6.2641119956970215,2.6933155059814453,2.0035083293914795,-0.29871124029159546,0.18285763263702393,2.374307870864868,0.3125,0.5927734375
2112,798,-3.818711996078491,3.048264503479004,2.1345880031585693,-0.1333981454372406,1.3219430446624756,1.99866783618927,0.30517578125,0.478515625
2113,799,-6.249236106872559,2.923891544342041,1.909179925918579,-0.18479067087173462,2.241898775100708,0.8365070819854736,0.301025390625,0.591796875
2114,797,-6.2641119956970215,2.6933155059814453,2.0035083293914795,-0.29871124029159546,0.18285763263702393,2.374307870864868,0.3125,0.5927734375
2115,800,-3.1505024433135986,2.3454995155334473,2.355807304382324,-0.10726576298475266,0.5236055850982666,2.3397293090820312,0.3388671875,0.447265625
2116,798,-3.818711996078491,3.048264503479004,2.1345880031585693,-0.1333981454372406,1.3219430446624756,1.99866783618927,0.30517578125,0.478515625
2117,796,-3.8564507961273193,2.270085096359253,2.308150291442871,-0.24347667396068573,0.3574025332927704,2.360717296600342,0.342041015625,0.481689453125
2118,801,4.001746654510498,2.846717119216919,2.5563805103302,0.00565086305141449,1.1809378862380981,2.089343786239624,0.3134765625,0.11767578125
2119,798,-3.818711996078491,3.048264503479004,2.1345880031585693,-0.1333981454372406,1.3219430446624756,1.99866783618927,0.30517578125,0.478515625
2120,800,-3.1505024433135986,2.3454995155334473,2.355807304382324,-0.10726576298475266,0.5236055850982666,2.3397293090820312,0.3388671875,0.447265625
2121,802,-2.221571445465088,3.1037940979003906,1.9300121068954468,-0.08483175933361053,1.903019905090332,1.4599041938781738,0.292724609375,0.4052734375
2122,798,-3.818711996078491,3.048264503479004,2.1345880031585693,-0.1333981454372406,1.3219430446624756,1.99866783618927,0.30517578125,0.478515625
2123,801,4.001746654510498,2.846717119216919,2.5563805103302,0.00565086305141449,1.1809378862380981,2.089343786239624,0.3134765625,0.11767578125
2124,803,-4.799381732940674,3.0698442459106445,1.4438271522521973,-0.37163934111595154,2.369387626647949,0.08881258964538574,0.275634765625,0.52490234375
2125,799,-6.249236106872559,2.923891544342041,1.909179925918579,-0.18479067087173462,2.241898775100708,0.8365070819854736,0.301025390625,0.591796875
2126,798,-3.818711996078491,3.048264503479004,2.1345880031585693,-0.1333981454372406,1.3219430446624756,1.99866783618927,0.30517578125,0.478515625
2127,802,-2.221571445465088,3.1037940979003906,1.9300121068954468,-0.08483175933361053,1.903019905090332,1.4599041938781738,0.292724609375,0.4052734375
2128,803,-4.799381732940674,3.0698442459106445,1.4438271522521973,-0.37163934111595154,2.369387626647949,0.08881258964538574,0.275634765625,0.52490234375
2129,798,-3.818711996078491,3.048264503479004,2.1345880031585693,-0.1333981454372406,1.3219430446624756,1.99866783618927,0.30517578125,0.478515625
2130,803,-4.799381732940674,3.0698442459106445,1.4438271522521973,-0.37163934111595154,2.369387626647949,0.08881258964538574,0.275634765625,0.52490234375
2131,804,-6.253665447235107,2.9718172550201416,1.6056549549102783,-0.15847720205783844,2.394226312637329,0.050638843327760696,0.286376953125,0.5927734375
2132,799,-6.249236106872559,2.923891544342041,1.909179925918579,-0.18479067087173462,2.241898775100708,0.8365070819854736,0.301025390625,0.591796875
2133,803,-4.799381732940674,3.0698442459106445,1.4438271522521973,-0.37163934111595154,2.369387626647949,0.08881258964538574,0.275634765625,0.52490234375
2134,805,-6.10430383682251,2.9718172550201416,-2.1033058166503906,-0.15389211475849152,2.394226312637329,-0.0632181316614151,0.1114501953125,0.5927734375
2135,804,-6.253665447235107,2.9718172550201416,1.6056549549102783,-0.15847720205783844,2.394226312637329,0.050638843327760696,0.286376953125,0.5927734375
2136,803,-4.799381732940674,3.0698442459106445,1.4438271522521973,-0.37163934111595154,2.369387626647949,0.08881258964538574,0.275634765625,0.52490234375
2137,806,-4.667741298675537,3.0698442459106445,-1.8250620365142822,-0.363294392824173,2.369387626647949,-0.11840879917144775,0.12225341796875,0.52490234375
2138,805,-6.10430383682251,2.9718172550201416,-2.1033058166503906,-0.15389211475849152,2.394226312637329,-0.0632181316614151,0.1114501953125,0.5927734375
2139,806,-4.667741298675537,3.0698442459106445,-1.8250620365142822,-0.363294392824173,2.369387626647949,-0.11840879917144775,0.12225341796875,0.52490234375
2140,807,-6.075481414794922,2.923891544342041,-2.405491590499878,-0.11692816764116287,2.241898775100708,-0.8486571907997131,0.0968017578125,0.591796875
2141,805,-6.10430383682251,2.9718172550201416,-2.1033058166503906,-0.15389211475849152,2.394226312637329,-0.0632181316614151,0.1114501953125,0.5927734375
2142,802,-2.221571445465088,3.1037940979003906,1.9300121068954468,-0.08483175933361053,1.903019905090332,1.4599041938781738,0.292724609375,0.4052734375
2143,801,4.001746654510498,2.846717119216919,2.5563805103302,0.00565086305141449,1.1809378862380981,2.089343786239624,0.3134765625,0.11767578125
2144,808,2.0769765377044678,2.9969277381896973,2.126659393310547,0.3475687801837921,2.220777988433838,0.8410361409187317,0.295654296875,0.2071533203125
2145,806,-4.667741298675537,3.0698442459106445,-1.8250620365142822,-0.363294392824173,2.369387626647949,-0.11840879917144775,0.12225341796875,0.52490234375
2146,809,-3.6347029209136963,3.048264503479004,-2.434729814529419,0.027748219668865204,1.3219430446624756,-2.002922534942627,0.09259033203125,0.478271484375
2147,807,-6.075481414794922,2.923891544342041,-2.405491590499878,-0.11692816764116287,2.241898775100708,-0.8486571907997131,0.0968017578125,0.591796875
2148,810,-2.0591845512390137,3.1037940979003906,-2.102388858795166,0.03283495455980301,1.9030195474624634,-1.461998701095581,0.10504150390625,0.4052734375
2149,809,-3.6347029209136963,3.048264503479004,-2.434729814529419,0.027748219668865204,1.3219430446624756,-2.002922534942627,0.09259033203125,0.478271484375
2150,806,-4.667741298675537,3.0698442459106445,-1.8250620365142822,-0.363294392824173,2.369387626647949,-0.11840879917144775,0.12225341796875,0.52490234375
2151,810,-2.0591845512390137,3.1037940979003906,-2.102388858795166,0.03283495455980301,1.9030195474624634,-1.461998701095581,0.10504150390625,0.4052734375
2152,811,4.194347858428955,2.846717119216919,-2.2263071537017822,0.17363819479942322,1.1809378862380981,-2.082123279571533,0.0843505859375,0.11785888671875
2153,809,-3.6347029209136963,3.048264503479004,-2.434729814529419,0.027748219668865204,1.3219430446624756,-2.002922534942627,0.09259033203125,0.478271484375
2154,810,-2.0591845512390137,3.1037940979003906,-2.102388858795166,0.03283495455980301,1.9030195474624634,-1.461998701095581,0.10504150390625,0.4052734375
2155,812,2.2412564754486084,2.9969277381896973,-1.9527498483657837,0.4140717685222626,2.220777988433838,-0.8103644251823425,0.10211181640625,0.2071533203125
2156,811,4.194347858428955,2.846717119216919,-2.2263071537017822,0.17363819479942322,1.1809378862380981,-2.082123279571533,0.0843505859375,0.11785888671875
2157,809,-3.6347029209136963,3.048264503479004,-2.434729814529419,0.027748219668865204,1.3219430446624756,-2.002922534942627,0.09259033203125,0.478271484375
2158,813,-6.082724094390869,2.6933155059814453,-2.5007107257843018,-0.10682408511638641,0.18285775184631348,-2.390639066696167,0.085205078125,0.5927734375
2159,807,-6.075481414794922,2.923891544342041,-2.405491590499878,-0.11692816764116287,2.241898775100708,-0.8486571907997131,0.0968017578125,0.591796875
2160,814,-3.658363103866577,2.270085096359253,-2.610764503479004,-0.05286112427711487,0.357402503490448,-2.3726511001586914,0.055908203125,0.4814453125
2161,813,-6.082724094390869,2.6933155059814453,-2.5007107257843018,-0.10682408511638641,0.18285775184631348,-2.390639066696167,0.085205078125,0.5927734375
2162,809,-3.6347029209136963,3.048264503479004,-2.434729814529419,0.027748219668865204,1.3219430446624756,-2.002922534942627,0.09259033203125,0.478271484375
2163,815,-6.09054708480835,2.016310930252075,-2.4479246139526367,-0.16930122673511505,-0.3625193238258362,-2.366415023803711,0.05364990234375,0.595703125
2164,813,-6.082724094390869,2.6933155059814453,-2.5007107257843018,-0.10682408511638641,0.18285775184631348,-2.390639066696167,0.085205078125,0.5927734375
2165,814,-3.658363103866577,2.270085096359253,-2.610764503479004,-0.05286112427711487,0.357402503490448,-2.3726511001586914,0.055908203125,0.4814453125
2166,815,-6.09054708480835,2.016310930252075,-2.4479246139526367,-0.16930122673511505,-0.3625193238258362,-2.366415023803711,0.05364990234375,0.595703125
2167,814,-3.658363103866577,2.270085096359253,-2.610764503479004,-0.05286112427711487,0.357402503490448,-2.3726511001586914,0.055908203125,0.4814453125
2168,816,-4.080186367034912,1.759347677230835,-2.567817449569702,-0.19893363118171692,-0.46139419078826904,-2.346815586090088,0.033843994140625,0.50341796875
2169,815,-6.09054708480835,2.016310930252075,-2.4479246139526367,-0.16930122673511505,-0.3625193238258362,-2.366415023803711,0.05364990234375,0.595703125
2170,816,-4.080186367034912,1.759347677230835,-2.567817449569702,-0.19893363118171692,-0.46139419078826904,-2.346815586090088,0.033843994140625,0.50341796875
2171,817,-4.153377532958984,1.4597468376159668,-2.36484432220459,-0.2852240204811096,-1.2916752099990845,-2.0025546550750732,0.01763916015625,0.5087890625
2172,815,-6.09054708480835,2.016310930252075,-2.4479246139526367,-0.16930122673511505,-0.3625193238258362,-2.366415023803711,0.05364990234375,0.595703125
2173,817,-4.153377532958984,1.4597468376159668,-2.36484432220459,-0.2852240204811096,-1.2916752099990845,-2.0025546550750732,0.01763916015625,0.5087890625
2174,818,-5.899216175079346,1.7552392482757568,-2.2990493774414062,-0.3013000786304474,-1.3422636985778809,-1.9666084051132202,0.038604736328125,0.5888671875
2175,819,-2.950868844985962,2.3454995155334473,-2.60150146484375,0.08122099936008453,0.5236057043075562,-2.340778350830078,0.05902099609375,0.447265625
2176,814,-3.658363103866577,2.270085096359253,-2.610764503479004,-0.05286112427711487,0.357402503490448,-2.3726511001586914,0.055908203125,0.4814453125
2177,809,-3.6347029209136963,3.048264503479004,-2.434729814529419,0.027748219668865204,1.3219430446624756,-2.002922534942627,0.09259033203125,0.478271484375
2178,811,4.194347858428955,2.846717119216919,-2.2263071537017822,0.17363819479942322,1.1809378862380981,-2.082123279571533,0.0843505859375,0.11785888671875
2179,819,-2.950868844985962,2.3454995155334473,-2.60150146484375,0.08122099936008453,0.5236057043075562,-2.340778350830078,0.05902099609375,0.447265625
2180,809,-3.6347029209136963,3.048264503479004,-2.434729814529419,0.027748219668865204,1.3219430446624756,-2.002922534942627,0.09259033203125,0.478271484375
2181,811,4.194347858428955,2.846717119216919,-2.2263071537017822,0.17363819479942322,1.1809378862380981,-2.082123279571533,0.0843505859375,0.11785888671875
2182,820,4.265117645263672,2.295818567276001,-2.334284543991089,0.09334259480237961,0.5040014386177063,-2.3446264266967773,0.05853271484375,0.11431884765625
2183,819,-2.950868844985962,2.3454995155334473,-2.60150146484375,0.08122099936008453,0.5236057043075562,-2.340778350830078,0.05902099609375,0.447265625
2184,819,-2.950868844985962,2.3454995155334473,-2.60150146484375,0.08122099936008453,0.5236057043075562,-2.340778350830078,0.05902099609375,0.447265625
2185,820,4.265117645263672,2.295818567276001,-2.334284543991089,0.09334259480237961,0.5040014386177063,-2.3446264266967773,0.05853271484375,0.11431884765625
2186,821,3.4450879096984863,2.0187065601348877,-2.3382487297058105,0.07698946446180344,-0.5639383792877197,-2.331533670425415,0.04547119140625,0.1519775390625
2187,819,-2.950868844985962,2.3454995155334473,-2.60150146484375,0.08122099936008453,0.5236057043075562,-2.340778350830078,0.05902099609375,0.447265625
2188,821,3.4450879096984863,2.0187065601348877,-2.3382487297058105,0.07698946446180344,-0.5639383792877197,-2.331533670425415,0.04547119140625,0.1519775390625
2189,822,-2.228903293609619,2.080190896987915,-2.5571208000183105,0.07610080391168594,-0.5897310972213745,-2.3251726627349854,0.04693603515625,0.413818359375
2190,822,-2.228903293609619,2.080190896987915,-2.5571208000183105,0.07610080391168594,-0.5897310972213745,-2.3251726627349854,0.04693603515625,0.413818359375
2191,821,3.4450879096984863,2.0187065601348877,-2.3382487297058105,0.07698946446180344,-0.5639383792877197,-2.331533670425415,0.04547119140625,0.1519775390625
2192,823,3.0517640113830566,1.2521367073059082,-2.066939353942871,0.06421758234500885,-0.9056157469749451,-2.2216525077819824,0.00768280029296875,0.16943359375
2193,822,-2.228903293609619,2.080190896987915,-2.5571208000183105,0.07610080391168594,-0.5897310972213745,-2.3251726627349854,0.04693603515625,0.413818359375
2194,823,3.0517640113830566,1.2521367073059082,-2.066939353942871,0.06421758234500885,-0.9056157469749451,-2.2216525077819824,0.00768280029296875,0.16943359375
2195,824,-2.0328259468078613,1.3022546768188477,-2.204540729522705,0.06421758234500885,-0.9056156277656555,-2.2216525077819824,0.007717132568359375,0.40380859375
2196,825,4.781467437744141,2.183288812637329,-2.278838872909546,0.35385721921920776,0.36249062418937683,-2.3459300994873047,0.055694580078125,0.0887451171875
2197,820,4.265117645263672,2.295818567276001,-2.334284543991089,0.09334259480237961,0.5040014386177063,-2.3446264266967773,0.05853271484375,0.11431884765625
2198,811,4.194347858428955,2.846717119216919,-2.2263071537017822,0.17363819479942322,1.1809378862380981,-2.082123279571533,0.0843505859375,0.11785888671875
2199,826,6.238178253173828,2.122205972671509,-2.0359315872192383,0.3587402105331421,0.20097395777702332,-2.3645122051239014,0.060791015625,0.0202178955078125
2200,825,4.781467437744141,2.183288812637329,-2.278838872909546,0.35385721921920776,0.36249062418937683,-2.3459300994873047,0.055694580078125,0.0887451171875
2201,811,4.194347858428955,2.846717119216919,-2.2263071537017822,0.17363819479942322,1.1809378862380981,-2.082123279571533,0.0843505859375,0.11785888671875
2202,826,6.238178253173828,2.122205972671509,-2.0359315872192383,0.3587402105331421,0.20097395777702332,-2.3645122051239014,0.060791015625,0.0202178955078125
2203,827,4.999427795410156,1.9947748184204102,-2.2316997051239014,0.37525105476379395,-0.288142591714859,-2.352905511856079,0.04815673828125,0.0775146484375
2204,825,4.781467437744141,2.183288812637329,-2.278838872909546,0.35385721921920776,0.36249062418937683,-2.3459300994873047,0.055694580078125,0.0887451171875
2205,826,6.238178253173828,2.122205972671509,-2.0359315872192383,0.3587402105331421,0.20097395777702332,-2.3645122051239014,0.060791015625,0.0202178955078125
2206,828,5.112587928771973,1.6829285621643066,-2.1409108638763428,0.3672911524772644,-0.5944851040840149,-2.296015739440918,0.033966064453125,0.0699462890625
2207,827,4.999427795410156,1.9947748184204102,-2.2316997051239014,0.37525105476379395,-0.288142591714859,-2.352905511856079,0.04815673828125,0.0775146484375
2208,826,6.238178253173828,2.122205972671509,-2.0359315872192383,0.3587402105331421,0.20097395777702332,-2.3645122051239014,0.060791015625,0.0202178955078125
2209,829,6.11207389831543,1.7683194875717163,-2.0209193229675293,0.3990316390991211,-0.5961824655532837,-2.290271520614624,0.043701171875,0.0238800048828125
2210,828,5.112587928771973,1.6829285621643066,-2.1409108638763428,0.3672911524772644,-0.5944851040840149,-2.296015739440918,0.033966064453125,0.0699462890625
2211,829,6.11207389831543,1.7683194875717163,-2.0209193229675293,0.3990316390991211,-0.5961824655532837,-2.290271520614624,0.043701171875,0.0238800048828125
2212,830,5.093562126159668,1.456518530845642,-2.004034996032715,0.45940643548965454,-1.626091480255127,-1.7043401002883911,0.0216827392578125,0.06829833984375
2213,828,5.112587928771973,1.6829285621643066,-2.1409108638763428,0.3672911524772644,-0.5944851040840149,-2.296015739440918,0.033966064453125,0.0699462890625
2214,830,5.093562126159668,1.456518530845642,-2.004034996032715,0.45940643548965454,-1.626091480255127,-1.7043401002883911,0.0216827392578125,0.06829833984375
2215,829,6.11207389831543,1.7683194875717163,-2.0209193229675293,0.3990316390991211,-0.5961824655532837,-2.290271520614624,0.043701171875,0.0238800048828125
2216,831,6.10748291015625,1.7130801677703857,-1.947195291519165,0.8943893313407898,-2.1234676837921143,-0.6715310215950012,0.039520263671875,0.02294921875
2217,826,6.238178253173828,2.122205972671509,-2.0359315872192383,0.3587402105331421,0.20097395777702332,-2.3645122051239014,0.060791015625,0.0202178955078125
2218,811,4.194347858428955,2.846717119216919,-2.2263071537017822,0.17363819479942322,1.1809378862380981,-2.082123279571533,0.0843505859375,0.11785888671875
2219,832,6.246955394744873,2.5502097606658936,-1.9998400211334229,0.4428896903991699,1.5569382905960083,-1.7719464302062988,0.0806884765625,0.021881103515625
2220,830,5.093562126159668,1.456518530845642,-2.004034996032715,0.45940643548965454,-1.626091480255127,-1.7043401002883911,0.0216827392578125,0.06829833984375
2221,831,6.10748291015625,1.7130801677703857,-1.947195291519165,0.8943893313407898,-2.1234676837921143,-0.6715310215950012,0.039520263671875,0.02294921875
2222,833,5.891311168670654,1.6365686655044556,-1.9208405017852783,0.8175286650657654,-2.105693817138672,-0.8109879493713379,0.033782958984375,0.031951904296875
2223,833,5.891311168670654,1.6365686655044556,-1.9208405017852783,0.8175286650657654,-2.105693817138672,-0.8109879493713379,0.033782958984375,0.031951904296875
2224,834,5.126552104949951,1.3687273263931274,-1.832239031791687,0.5772432684898376,-2.0276076793670654,-1.1469955444335938,0.01357269287109375,0.0640869140625
2225,830,5.093562126159668,1.456518530845642,-2.004034996032715,0.45940643548965454,-1.626091480255127,-1.7043401002883911,0.0216827392578125,0.06829833984375
2226,833,5.891311168670654,1.6365686655044556,-1.9208405017852783,0.8175286650657654,-2.105693817138672,-0.8109879493713379,0.033782958984375,0.031951904296875
2227,831,6.10748291015625,1.7130801677703857,-1.947195291519165,0.8943893313407898,-2.1234676837921143,-0.6715310215950012,0.039520263671875,0.02294921875
2228,835,6.147511959075928,1.7122803926467896,-1.1888694763183594,1.0862306356430054,-2.134169816970825,-0.1594487726688385,0.00894927978515625,0.005664825439453125
2229,833,5.891311168670654,1.6365686655044556,-1.9208405017852783,0.8175286650657654,-2.105693817138672,-0.8109879493713379,0.033782958984375,0.031951904296875
2230,835,6.147511959075928,1.7122803926467896,-1.1888694763183594,1.0862306356430054,-2.134169816970825,-0.1594487726688385,0.00894927978515625,0.005664825439453125
2231,836,6.081630706787109,1.6426934003829956,-1.18120539188385,0.9411881566047668,-2.2025270462036133,-0.15178930759429932,0.006591796875,0.0094146728515625
2232,836,6.081630706787109,1.6426934003829956,-1.18120539188385,0.9411881566047668,-2.2025270462036133,-0.15178930759429932,0.006591796875,0.0094146728515625
2233,837,5.9689249992370605,1.6111682653427124,-1.1248703002929688,0.5845056176185608,-2.324037790298462,-0.13115599751472473,0.0019016265869140625,0.01314544677734375
2234,833,5.891311168670654,1.6365686655044556,-1.9208405017852783,0.8175286650657654,-2.105693817138672,-0.8109879493713379,0.033782958984375,0.031951904296875
2235,832,6.246955394744873,2.5502097606658936,-1.9998400211334229,0.4428896903991699,1.5569382905960083,-1.7719464302062988,0.0806884765625,0.021881103515625
2236,811,4.194347858428955,2.846717119216919,-2.2263071537017822,0.17363819479942322,1.1809378862380981,-2.082123279571533,0.0843505859375,0.11785888671875
2237,838,3.9348952770233154,2.9567251205444336,-1.5619438886642456,0.2565467059612274,2.3605988025665283,-0.3489376902580261,0.11627197265625,0.127197265625
2238,811,4.194347858428955,2.846717119216919,-2.2263071537017822,0.17363819479942322,1.1809378862380981,-2.082123279571533,0.0843505859375,0.11785888671875
2239,812,2.2412564754486084,2.9969277381896973,-1.9527498483657837,0.4140717685222626,2.220777988433838,-0.8103644251823425,0.10211181640625,0.2071533203125
2240,838,3.9348952770233154,2.9567251205444336,-1.5619438886642456,0.2565467059612274,2.3605988025665283,-0.3489376902580261,0.11627197265625,0.127197265625
2241,832,6.246955394744873,2.5502097606658936,-1.9998400211334229,0.4428896903991699,1.5569382905960083,-1.7719464302062988,0.0806884765625,0.021881103515625
2242,838,3.9348952770233154,2.9567251205444336,-1.5619438886642456,0.2565467059612274,2.3605988025665283,-0.3489376902580261,0.11627197265625,0.127197265625
2243,839,5.825535774230957,2.7205214500427246,-1.4845300912857056,0.36321598291397095,2.346588373184204,-0.3487081527709961,0.10791015625,0.03863525390625
2244,832,6.246955394744873,2.5502097606658936,-1.9998400211334229,0.4428896903991699,1.5569382905960083,-1.7719464302062988,0.0806884765625,0.021881103515625
2245,839,5.825535774230957,2.7205214500427246,-1.4845300912857056,0.36321598291397095,2.346588373184204,-0.3487081527709961,0.10791015625,0.03863525390625
2246,840,6.19795036315918,2.591928720474243,-1.4250811338424683,0.7964103817939758,2.2619595527648926,-0.09627927839756012,0.1075439453125,0.0201416015625
2247,812,2.2412564754486084,2.9969277381896973,-1.9527498483657837,0.4140717685222626,2.220777988433838,-0.8103644251823425,0.10211181640625,0.2071533203125
2248,841,2.8017678260803223,2.995380401611328,-1.6169092655181885,0.09780510514974594,2.3969383239746094,-0.0715552419424057,0.11669921875,0.1802978515625
2249,838,3.9348952770233154,2.9567251205444336,-1.5619438886642456,0.2565467059612274,2.3605988025665283,-0.3489376902580261,0.11627197265625,0.127197265625
2250,841,2.8017678260803223,2.995380401611328,-1.6169092655181885,0.09780510514974594,2.3969383239746094,-0.0715552419424057,0.11669921875,0.1802978515625
2251,812,2.2412564754486084,2.9969277381896973,-1.9527498483657837,0.4140717685222626,2.220777988433838,-0.8103644251823425,0.10211181640625,0.2071533203125
2252,842,2.355233669281006,3.0550570487976074,0.09485247731208801,0.9008890986442566,2.2242043018341064,0.03627932444214821,0.1988525390625,0.19873046875
2253,841,2.8017678260803223,2.995380401611328,-1.6169092655181885,0.09780510514974594,2.3969383239746094,-0.0715552419424057,0.11669921875,0.1802978515625
2254,842,2.355233669281006,3.0550570487976074,0.09485247731208801,0.9008890986442566,2.2242043018341064,0.03627932444214821,0.1988525390625,0.19873046875
2255,843,2.867196798324585,3.0204856395721436,0.11546953022480011,0.09741048514842987,2.398019313812256,0.003922776319086552,0.1988525390625,0.17431640625
2256,844,2.662677764892578,2.995380401611328,1.836977243423462,0.09173458069562912,2.3969383239746094,0.07918810099363327,0.281005859375,0.18017578125
2257,843,2.867196798324585,3.0204856395721436,0.11546953022480011,0.09741048514842987,2.398019313812256,0.003922776319086552,0.1988525390625,0.17431640625
2258,842,2.355233669281006,3.0550570487976074,0.09485247731208801,0.9008890986442566,2.2242043018341064,0.03627932444214821,0.1988525390625,0.19873046875
2259,844,2.662677764892578,2.995380401611328,1.836977243423462,0.09173458069562912,2.3969383239746094,0.07918810099363327,0.281005859375,0.18017578125
2260,842,2.355233669281006,3.0550570487976074,0.09485247731208801,0.9008890986442566,2.2242043018341064,0.03627932444214821,0.1988525390625,0.19873046875
2261,808,2.0769765377044678,2.9969277381896973,2.126659393310547,0.3475687801837921,2.220777988433838,0.8410361409187317,0.295654296875,0.2071533203125
2262,808,2.0769765377044678,2.9969277381896973,2.126659393310547,0.3475687801837921,2.220777988433838,0.8410361409187317,0.295654296875,0.2071533203125
2263,845,3.796555757522583,2.9567251205444336,1.8733056783676147,0.22765761613845825,2.3605988025665283,0.36843687295913696,0.281494140625,0.1270751953125
2264,844,2.662677764892578,2.995380401611328,1.836977243423462,0.09173458069562912,2.3969383239746094,0.07918810099363327,0.281005859375,0.18017578125
2265,801,4.001746654510498,2.846717119216919,2.5563805103302,0.00565086305141449,1.1809378862380981,2.089343786239624,0.3134765625,0.11767578125
2266,845,3.796555757522583,2.9567251205444336,1.8733056783676147,0.22765761613845825,2.3605988025665283,0.36843687295913696,0.281494140625,0.1270751953125
2267,808,2.0769765377044678,2.9969277381896973,2.126659393310547,0.3475687801837921,2.220777988433838,0.8410361409187317,0.295654296875,0.2071533203125
2268,846,6.065917491912842,2.5502097606658936,2.4956982135772705,0.2989720404148102,1.55693781375885,1.8018218278884888,0.31689453125,0.0218658447265625
2269,845,3.796555757522583,2.9567251205444336,1.8733056783676147,0.22765761613845825,2.3605988025665283,0.36843687295913696,0.281494140625,0.1270751953125
2270,801,4.001746654510498,2.846717119216919,2.5563805103302,0.00565086305141449,1.1809378862380981,2.089343786239624,0.3134765625,0.11767578125
2271,846,6.065917491912842,2.5502097606658936,2.4956982135772705,0.2989720404148102,1.55693781375885,1.8018218278884888,0.31689453125,0.0218658447265625
2272,847,5.687298774719238,2.7205214500427246,1.9481703042984009,0.3340001404285431,2.346588373184204,0.3767855763435364,0.289794921875,0.038604736328125
2273,845,3.796555757522583,2.9567251205444336,1.8733056783676147,0.22765761613845825,2.3605988025665283,0.36843687295913696,0.281494140625,0.1270751953125
2274,846,6.065917491912842,2.5502097606658936,2.4956982135772705,0.2989720404148102,1.55693781375885,1.8018218278884888,0.31689453125,0.0218658447265625
2275,848,6.063287734985352,2.591928720474243,1.9188600778579712,0.7860897779464722,2.2619595527648926,0.16000786423683167,0.2900390625,0.0201416015625
2276,847,5.687298774719238,2.7205214500427246,1.9481703042984009,0.3340001404285431,2.346588373184204,0.3767855763435364,0.289794921875,0.038604736328125
2277,849,6.054266929626465,2.122205972671509,2.5309672355651855,0.1658554971218109,0.19884319603443146,2.3859918117523193,0.3369140625,0.02020263671875
2278,846,6.065917491912842,2.5502097606658936,2.4956982135772705,0.2989720404148102,1.55693781375885,1.8018218278884888,0.31689453125,0.0218658447265625
2279,801,4.001746654510498,2.846717119216919,2.5563805103302,0.00565086305141449,1.1809378862380981,2.089343786239624,0.3134765625,0.11767578125
2280,849,6.054266929626465,2.122205972671509,2.5309672355651855,0.1658554971218109,0.19884319603443146,2.3859918117523193,0.3369140625,0.02020263671875
2281,801,4.001746654510498,2.846717119216919,2.5563805103302,0.00565086305141449,1.1809378862380981,2.089343786239624,0.3134765625,0.11767578125
2282,850,4.582740783691406,2.183288812637329,2.6559526920318604,0.164189413189888,0.35722029209136963,2.3675806522369385,0.342041015625,0.08843994140625
2283,849,6.054266929626465,2.122205972671509,2.5309672355651855,0.1658554971218109,0.19884319603443146,2.3859918117523193,0.3369140625,0.02020263671875
2284,850,4.582740783691406,2.183288812637329,2.6559526920318604,0.164189413189888,0.35722029209136963,2.3675806522369385,0.342041015625,0.08843994140625
2285,851,4.766334056854248,1.995200276374817,2.6249845027923584,0.1793549656867981,-0.3059498369693756,2.3736534118652344,0.349609375,0.078857421875
2286,850,4.582740783691406,2.183288812637329,2.6559526920318604,0.164189413189888,0.35722029209136963,2.3675806522369385,0.342041015625,0.08843994140625
2287,801,4.001746654510498,2.846717119216919,2.5563805103302,0.00565086305141449,1.1809378862380981,2.089343786239624,0.3134765625,0.11767578125
2288,852,4.063604354858398,2.295818567276001,2.669698476791382,-0.09549283236265182,0.5040013194084167,2.3445398807525635,0.33935546875,0.1141357421875
2289,849,6.054266929626465,2.122205972671509,2.5309672355651855,0.1658554971218109,0.19884319603443146,2.3859918117523193,0.3369140625,0.02020263671875
2290,851,4.766334056854248,1.995200276374817,2.6249845027923584,0.1793549656867981,-0.3059498369693756,2.3736534118652344,0.349609375,0.078857421875
2291,853,4.909923553466797,1.6830872297286987,2.544534921646118,0.17476990818977356,-0.5721377730369568,2.3242456912994385,0.363525390625,0.07025146484375
2292,801,4.001746654510498,2.846717119216919,2.5563805103302,0.00565086305141449,1.1809378862380981,2.089343786239624,0.3134765625,0.11767578125
2293,800,-3.1505024433135986,2.3454995155334473,2.355807304382324,-0.10726576298475266,0.5236055850982666,2.3397293090820312,0.3388671875,0.447265625
2294,852,4.063604354858398,2.295818567276001,2.669698476791382,-0.09549283236265182,0.5040013194084167,2.3445398807525635,0.33935546875,0.1141357421875
2295,849,6.054266929626465,2.122205972671509,2.5309672355651855,0.1658554971218109,0.19884319603443146,2.3859918117523193,0.3369140625,0.02020263671875
2296,853,4.909923553466797,1.6830872297286987,2.544534921646118,0.17476990818977356,-0.5721377730369568,2.3242456912994385,0.363525390625,0.07025146484375
2297,854,5.929778099060059,1.7683194875717163,2.5058631896972656,0.20656871795654297,-0.5835168957710266,2.3188014030456543,0.353759765625,0.0238800048828125
2298,800,-3.1505024433135986,2.3454995155334473,2.355807304382324,-0.10726576298475266,0.5236055850982666,2.3397293090820312,0.3388671875,0.447265625
2299,855,3.245911121368408,2.0187065601348877,2.607710838317871,-0.11074022203683853,-0.5639384388923645,2.330174684524536,0.352294921875,0.15185546875
2300,852,4.063604354858398,2.295818567276001,2.669698476791382,-0.09549283236265182,0.5040013194084167,2.3445398807525635,0.33935546875,0.1141357421875
2301,800,-3.1505024433135986,2.3454995155334473,2.355807304382324,-0.10726576298475266,0.5236055850982666,2.3397293090820312,0.3388671875,0.447265625
2302,856,-2.4273061752319336,2.080190896987915,2.369624137878418,-0.1111145094037056,-0.5897310972213745,2.3237626552581787,0.35107421875,0.413818359375
2303,855,3.245911121368408,2.0187065601348877,2.607710838317871,-0.11074022203683853,-0.5639384388923645,2.330174684524536,0.352294921875,0.15185546875
2304,856,-2.4273061752319336,2.080190896987915,2.369624137878418,-0.1111145094037056,-0.5897310972213745,2.3237626552581787,0.35107421875,0.413818359375
2305,857,2.8756771087646484,1.2521367073059082,2.305652618408203,-0.11463509500026703,-0.9056158661842346,2.2196218967437744,0.39013671875,0.1693115234375
2306,855,3.245911121368408,2.0187065601348877,2.607710838317871,-0.11074022203683853,-0.5639384388923645,2.330174684524536,0.352294921875,0.15185546875
2307,856,-2.4273061752319336,2.080190896987915,2.369624137878418,-0.1111145094037056,-0.5897310972213745,2.3237626552581787,0.35107421875,0.413818359375
2308,858,-2.203512668609619,1.3022546768188477,2.0339527130126953,-0.11463510245084763,-0.9056159257888794,2.2196218967437744,0.39013671875,0.404052734375
2309,857,2.8756771087646484,1.2521367073059082,2.305652618408203,-0.11463509500026703,-0.9056158661842346,2.2196218967437744,0.39013671875,0.1693115234375
2310,854,5.929778099060059,1.7683194875717163,2.5058631896972656,0.20656871795654297,-0.5835168957710266,2.3188014030456543,0.353759765625,0.0238800048828125
2311,853,4.909923553466797,1.6830872297286987,2.544534921646118,0.17476990818977356,-0.5721377730369568,2.3242456912994385,0.363525390625,0.07025146484375
2312,859,4.915922164916992,1.456518530845642,2.407134532928467,0.31400665640830994,-1.6083134412765503,1.7534908056259155,0.375732421875,0.06805419921875
2313,859,4.915922164916992,1.456518530845642,2.407134532928467,0.31400665640830994,-1.6083134412765503,1.7534908056259155,0.375732421875,0.06805419921875
2314,860,5.931129455566406,1.7130801677703857,2.432008981704712,0.8374951481819153,-2.123467445373535,0.7412750720977783,0.35791015625,0.02294921875
2315,854,5.929778099060059,1.7683194875717163,2.5058631896972656,0.20656871795654297,-0.5835168957710266,2.3188014030456543,0.353759765625,0.0238800048828125
2316,859,4.915922164916992,1.456518530845642,2.407134532928467,0.31400665640830994,-1.6083134412765503,1.7534908056259155,0.375732421875,0.06805419921875
2317,861,5.717777729034424,1.6365686655044556,2.388356924057007,0.7496695518493652,-2.105693817138672,0.8741000890731812,0.36376953125,0.031951904296875
2318,860,5.931129455566406,1.7130801677703857,2.432008981704712,0.8374951481819153,-2.123467445373535,0.7412750720977783,0.35791015625,0.02294921875
2319,861,5.717777729034424,1.6365686655044556,2.388356924057007,0.7496695518493652,-2.105693817138672,0.8741000890731812,0.36376953125,0.031951904296875
2320,859,4.915922164916992,1.456518530845642,2.407134532928467,0.31400665640830994,-1.6083134412765503,1.7534908056259155,0.375732421875,0.06805419921875
2321,862,4.962619304656982,1.3687273263931274,2.2385475635528564,0.48314327001571655,-2.0276076793670654,1.1896979808807373,0.3837890625,0.06396484375
2322,861,5.717777729034424,1.6365686655044556,2.388356924057007,0.7496695518493652,-2.105693817138672,0.8741000890731812,0.36376953125,0.031951904296875
2323,863,6.032006740570068,1.7122803926467896,1.6793575286865234,1.0698925256729126,-2.134169340133667,0.2462773323059082,0.388427734375,0.005706787109375
2324,860,5.931129455566406,1.7130801677703857,2.432008981704712,0.8374951481819153,-2.123467445373535,0.7412750720977783,0.35791015625,0.02294921875
2325,861,5.717777729034424,1.6365686655044556,2.388356924057007,0.7496695518493652,-2.105693817138672,0.8741000890731812,0.36376953125,0.031951904296875
2326,864,5.966955184936523,1.6426934003829956,1.666420578956604,0.9259346127510071,-2.2025270462036133,0.22697964310646057,0.390869140625,0.00946807861328125
2327,863,6.032006740570068,1.7122803926467896,1.6793575286865234,1.0698925256729126,-2.134169340133667,0.2462773323059082,0.388427734375,0.005706787109375
2328,864,5.966955184936523,1.6426934003829956,1.666420578956604,0.9259346127510071,-2.2025270462036133,0.22697964310646057,0.390869140625,0.00946807861328125
2329,861,5.717777729034424,1.6365686655044556,2.388356924057007,0.7496695518493652,-2.105693817138672,0.8741000890731812,0.36376953125,0.031951904296875
2330,865,5.859144687652588,1.6111682653427124,1.6012053489685059,0.5720640420913696,-2.324038505554199,0.17773199081420898,0.3955078125,0.01320648193359375
2331,866,2.0769765377044678,2.9969277381896973,2.126659393310547,0.3475687801837921,2.220777988433838,0.8410361409187317,0.67333984375,0.026336669921875
2332,867,0.838243842124939,3.989220380783081,1.6913118362426758,0.17609670758247375,2.2339890003204346,0.8592344522476196,0.6220703125,0.0830078125
2333,868,-2.221571445465088,3.1037940979003906,1.9300121068954468,-0.08483175933361053,1.903019905090332,1.4599041938781738,0.6611328125,0.2255859375
2334,867,0.838243842124939,3.989220380783081,1.6913118362426758,0.17609670758247375,2.2339890003204346,0.8592344522476196,0.6220703125,0.0830078125
2335,869,-2.8272523880004883,3.844653367996216,1.489780306816101,-0.32930681109428406,2.3044943809509277,0.5838350653648376,0.62060546875,0.25341796875
2336,868,-2.221571445465088,3.1037940979003906,1.9300121068954468,-0.08483175933361053,1.903019905090332,1.4599041938781738,0.6611328125,0.2255859375
2337,869,-2.8272523880004883,3.844653367996216,1.489780306816101,-0.32930681109428406,2.3044943809509277,0.5838350653648376,0.62060546875,0.25341796875
2338,870,-4.799381732940674,3.0698442459106445,1.4438271522521973,-0.37163934111595154,2.369387626647949,0.08881258964538574,0.65185546875,0.346923828125
2339,868,-2.221571445465088,3.1037940979003906,1.9300121068954468,-0.08483175933361053,1.903019905090332,1.4599041938781738,0.6611328125,0.2255859375
2340,867,0.838243842124939,3.989220380783081,1.6913118362426758,0.17609670758247375,2.2339890003204346,0.8592344522476196,0.6220703125,0.0830078125
2341,871,-2.567037343978882,3.8993918895721436,-0.10337021946907043,-0.3023280203342438,2.3808507919311523,-0.012174924835562706,0.5458984375,0.2442626953125
2342,869,-2.8272523880004883,3.844653367996216,1.489780306816101,-0.32930681109428406,2.3044943809509277,0.5838350653648376,0.62060546875,0.25341796875
2343,871,-2.567037343978882,3.8993918895721436,-0.10337021946907043,-0.3023280203342438,2.3808507919311523,-0.012174924835562706,0.5458984375,0.2442626953125
2344,872,-4.799381732940674,3.0698442459106445,1.4438271522521973,-0.37163934111595154,2.369387626647949,0.08881258964538574,0.62255859375,0.352783203125
2345,869,-2.8272523880004883,3.844653367996216,1.489780306816101,-0.32930681109428406,2.3044943809509277,0.5838350653648376,0.62060546875,0.25341796875
2346,872,-4.799381732940674,3.0698442459106445,1.4438271522521973,-0.37163934111595154,2.369387626647949,0.08881258964538574,0.62255859375,0.352783203125
2347,871,-2.567037343978882,3.8993918895721436,-0.10337021946907043,-0.3023280203342438,2.3808507919311523,-0.012174924835562706,0.5458984375,0.2442626953125
2348,873,-4.667741298675537,3.0698442459106445,-1.8250620365142822,-0.363294392824173,2.369387626647949,-0.11840879917144775,0.468994140625,0.352783203125
2349,871,-2.567037343978882,3.8993918895721436,-0.10337021946907043,-0.3023280203342438,2.3808507919311523,-0.012174924835562706,0.5458984375,0.2442626953125
2350,874,-2.69830322265625,3.844653367996216,-1.7122858762741089,-0.28129392862319946,2.3044943809509277,-0.6084243655204773,0.470947265625,0.25341796875
2351,873,-4.667741298675537,3.0698442459106445,-1.8250620365142822,-0.363294392824173,2.369387626647949,-0.11840879917144775,0.468994140625,0.352783203125
2352,867,0.838243842124939,3.989220380783081,1.6913118362426758,0.17609670758247375,2.2339890003204346,0.8592344522476196,0.6220703125,0.0830078125
2353,875,0.9884904623031616,4.016806125640869,0.03981294110417366,0.2107411026954651,2.390714645385742,0.008486665785312653,0.5458984375,0.07965087890625
2354,871,-2.567037343978882,3.8993918895721436,-0.10337021946907043,-0.3023280203342438,2.3808507919311523,-0.012174924835562706,0.5458984375,0.2442626953125
2355,876,0.9715286493301392,3.989220380783081,-1.6184196472167969,0.24461820721626282,2.2339890003204346,-0.842292070388794,0.469970703125,0.0830078125
2356,874,-2.69830322265625,3.844653367996216,-1.7122858762741089,-0.28129392862319946,2.3044943809509277,-0.6084243655204773,0.470947265625,0.25341796875
2357,871,-2.567037343978882,3.8993918895721436,-0.10337021946907043,-0.3023280203342438,2.3808507919311523,-0.012174924835562706,0.5458984375,0.2442626953125
2358,876,0.9715286493301392,3.989220380783081,-1.6184196472167969,0.24461820721626282,2.2339890003204346,-0.842292070388794,0.469970703125,0.0830078125
2359,871,-2.567037343978882,3.8993918895721436,-0.10337021946907043,-0.3023280203342438,2.3808507919311523,-0.012174924835562706,0.5458984375,0.2442626953125
2360,875,0.9884904623031616,4.016806125640869,0.03981294110417366,0.2107411026954651,2.390714645385742,0.008486665785312653,0.5458984375,0.07965087890625
2361,877,2.355233669281006,3.0550570487976074,0.09485247731208801,0.9008890986442566,2.2242043018341064,0.03627932444214821,0.5458984375,0.002716064453125
2362,875,0.9884904623031616,4.016806125640869,0.03981294110417366,0.2107411026954651,2.390714645385742,0.008486665785312653,0.5458984375,0.07965087890625
2363,867,0.838243842124939,3.989220380783081,1.6913118362426758,0.17609670758247375,2.2339890003204346,0.8592344522476196,0.6220703125,0.0830078125
2364,877,2.355233669281006,3.0550570487976074,0.09485247731208801,0.9008890986442566,2.2242043018341064,0.03627932444214821,0.5458984375,0.002716064453125
2365,876,0.9715286493301392,3.989220380783081,-1.6184196472167969,0.24461820721626282,2.2339890003204346,-0.842292070388794,0.469970703125,0.0830078125
2366,875,0.9884904623031616,4.016806125640869,0.03981294110417366,0.2107411026954651,2.390714645385742,0.008486665785312653,0.5458984375,0.07965087890625
2367,877,2.355233669281006,3.0550570487976074,0.09485247731208801,0.9008890986442566,2.2242043018341064,0.03627932444214821,0.5458984375,0.002716064453125
2368,867,0.838243842124939,3.989220380783081,1.6913118362426758,0.17609670758247375,2.2339890003204346,0.8592344522476196,0.6220703125,0.0830078125
2369,878,2.0769765377044678,2.9969277381896973,2.126659393310547,0.3475687801837921,2.220777988433838,0.8410361409187317,0.640625,0.00951385498046875
2370,877,2.355233669281006,3.0550570487976074,0.09485247731208801,0.9008890986442566,2.2242043018341064,0.03627932444214821,0.5458984375,0.002716064453125
2371,879,2.2412564754486084,2.9969277381896973,-1.9527498483657837,0.4140717685222626,2.220777988433838,-0.8103644251823425,0.451416015625,0.0093231201171875
2372,876,0.9715286493301392,3.989220380783081,-1.6184196472167969,0.24461820721626282,2.2339890003204346,-0.842292070388794,0.469970703125,0.0830078125
2373,880,-2.0591845512390137,3.1037940979003906,-2.102388858795166,0.03283495455980301,1.9030195474624634,-1.461998701095581,0.430908203125,0.225341796875
2374,874,-2.69830322265625,3.844653367996216,-1.7122858762741089,-0.28129392862319946,2.3044943809509277,-0.6084243655204773,0.470947265625,0.25341796875
2375,876,0.9715286493301392,3.989220380783081,-1.6184196472167969,0.24461820721626282,2.2339890003204346,-0.842292070388794,0.469970703125,0.0830078125
2376,881,2.2412564754486084,2.9969277381896973,-1.9527498483657837,0.4140717685222626,2.220777988433838,-0.8103644251823425,0.418701171875,0.0265655517578125
2377,880,-2.0591845512390137,3.1037940979003906,-2.102388858795166,0.03283495455980301,1.9030195474624634,-1.461998701095581,0.430908203125,0.225341796875
2378,876,0.9715286493301392,3.989220380783081,-1.6184196472167969,0.24461820721626282,2.2339890003204346,-0.842292070388794,0.469970703125,0.0830078125
2379,874,-2.69830322265625,3.844653367996216,-1.7122858762741089,-0.28129392862319946,2.3044943809509277,-0.6084243655204773,0.470947265625,0.25341796875
2380,880,-2.0591845512390137,3.1037940979003906,-2.102388858795166,0.03283495455980301,1.9030195474624634,-1.461998701095581,0.430908203125,0.225341796875
2381,882,-4.667741298675537,3.0698442459106445,-1.8250620365142822,-0.363294392824173,2.369387626647949,-0.11840879917144775,0.439453125,0.34619140625
2382,883,6.065917491912842,2.5502097606658936,2.4956982135772705,2.35513973236084,-0.39611223340034485,-0.23751866817474365,0.724609375,0.330322265625
2383,884,6.062007427215576,2.5346925258636475,1.9189833402633667,2.3536059856414795,-0.46960577368736267,-0.0033214688301086426,0.72216796875,0.356689453125
2384,885,6.063287734985352,2.591928720474243,1.9188600778579712,2.3536059856414795,-0.46960577368736267,-0.0033214762806892395,0.724609375,0.356689453125
2385,883,6.065917491912842,2.5502097606658936,2.4956982135772705,2.35513973236084,-0.39611223340034485,-0.23751866817474365,0.724609375,0.330322265625
2386,886,6.039352893829346,2.4682066440582275,2.4512040615081787,2.3372349739074707,-0.3307732939720154,-0.43350228667259216,0.72119140625,0.332763671875
2387,884,6.062007427215576,2.5346925258636475,1.9189833402633667,2.3536059856414795,-0.46960577368736267,-0.0033214688301086426,0.72216796875,0.356689453125
2388,887,6.054266929626465,2.122205972671509,2.5309672355651855,2.2296197414398193,-0.23657473921775818,-0.8560555577278137,0.70556640625,0.330322265625
2389,886,6.039352893829346,2.4682066440582275,2.4512040615081787,2.3372349739074707,-0.3307732939720154,-0.43350228667259216,0.72119140625,0.332763671875
2390,883,6.065917491912842,2.5502097606658936,2.4956982135772705,2.35513973236084,-0.39611223340034485,-0.23751866817474365,0.724609375,0.330322265625
2391,887,6.054266929626465,2.122205972671509,2.5309672355651855,2.2296197414398193,-0.23657473921775818,-0.8560555577278137,0.70556640625,0.330322265625
2392,888,6.031064510345459,2.079861879348755,2.480379819869995,2.285048484802246,-0.49865907430648804,-0.5384196043014526,0.703125,0.332763671875
2393,886,6.039352893829346,2.4682066440582275,2.4512040615081787,2.3372349739074707,-0.3307732939720154,-0.43350228667259216,0.72119140625,0.332763671875
2394,889,5.929778099060059,1.7683194875717163,2.5058631896972656,2.307734966278076,-0.6244975328445435,-0.21063071489334106,0.6884765625,0.330322265625
2395,888,6.031064510345459,2.079861879348755,2.480379819869995,2.285048484802246,-0.49865907430648804,-0.5384196043014526,0.703125,0.332763671875
2396,887,6.054266929626465,2.122205972671509,2.5309672355651855,2.2296197414398193,-0.23657473921775818,-0.8560555577278137,0.70556640625,0.330322265625
2397,889,5.929778099060059,1.7683194875717163,2.5058631896972656,2.307734966278076,-0.6244975328445435,-0.21063071489334106,0.6884765625,0.330322265625
2398,890,5.939449787139893,1.790174126625061,2.4773495197296143,2.2935400009155273,-0.6769154667854309,-0.20362284779548645,0.689453125,0.331787109375
2399,888,6.031064510345459,2.079861879348755,2.480379819869995,2.285048484802246,-0.49865907430648804,-0.5384196043014526,0.703125,0.332763671875
2400,889,5.929778099060059,1.7683194875717163,2.5058631896972656,2.307734966278076,-0.6244975328445435,-0.21063071489334106,0.6884765625,0.330322265625
2401,891,5.921042442321777,1.7544119358062744,2.434569835662842,2.3809378147125244,0.11443227529525757,0.2793620228767395,0.68798828125,0.333740234375
2402,890,5.939449787139893,1.790174126625061,2.4773495197296143,2.2935400009155273,-0.6769154667854309,-0.20362284779548645,0.689453125,0.331787109375
2403,889,5.929778099060059,1.7683194875717163,2.5058631896972656,2.307734966278076,-0.6244975328445435,-0.21063071489334106,0.6884765625,0.330322265625
2404,892,5.931129455566406,1.7130801677703857,2.432008981704712,2.375481128692627,0.12879379093647003,0.31702426075935364,0.6865234375,0.333740234375
2405,891,5.921042442321777,1.7544119358062744,2.434569835662842,2.3809378147125244,0.11443227529525757,0.2793620228767395,0.68798828125,0.333740234375
2406,892,5.931129455566406,1.7130801677703857,2.432008981704712,2.375481128692627,0.12879379093647003,0.31702426075935364,0.6865234375,0.333740234375
2407,893,6.037662029266357,1.7540457248687744,1.6740278005599976,2.385923385620117,0.11218208074569702,0.2340654730796814,0.68798828125,0.36865234375
2408,891,5.921042442321777,1.7544119358062744,2.434569835662842,2.3809378147125244,0.11443227529525757,0.2793620228767395,0.68798828125,0.333740234375
2409,892,5.931129455566406,1.7130801677703857,2.432008981704712,2.375481128692627,0.12879379093647003,0.31702426075935364,0.6865234375,0.333740234375
2410,894,6.032006740570068,1.7122803926467896,1.6793575286865234,2.3986709117889404,0.06630329042673111,0.04454415291547775,0.6865234375,0.36865234375
2411,893,6.037662029266357,1.7540457248687744,1.6740278005599976,2.385923385620117,0.11218208074569702,0.2340654730796814,0.68798828125,0.36865234375
2412,895,5.966955184936523,1.6426934003829956,1.666420578956604,1.1596792936325073,-0.35132673382759094,-2.071645975112915,0.6865234375,0.375244140625
2413,893,6.037662029266357,1.7540457248687744,1.6740278005599976,2.385923385620117,0.11218208074569702,0.2340654730796814,0.68798828125,0.36865234375
2414,894,6.032006740570068,1.7122803926467896,1.6793575286865234,2.3986709117889404,0.06630329042673111,0.04454415291547775,0.6865234375,0.36865234375
2415,895,5.966955184936523,1.6426934003829956,1.666420578956604,1.1596792936325073,-0.35132673382759094,-2.071645975112915,0.6865234375,0.375244140625
2416,896,5.9632391929626465,1.6803333759307861,1.6541944742202759,1.1119880676269531,-0.39678412675857544,-2.0895090103149414,0.68798828125,0.375244140625
2417,893,6.037662029266357,1.7540457248687744,1.6740278005599976,2.385923385620117,0.11218208074569702,0.2340654730796814,0.68798828125,0.36865234375
2418,897,5.859144687652588,1.6111682653427124,1.6012053489685059,2.391913414001465,0.1967839151620865,0.005499035120010376,0.6865234375,0.380859375
2419,896,5.9632391929626465,1.6803333759307861,1.6541944742202759,1.1119880676269531,-0.39678412675857544,-2.0895090103149414,0.68798828125,0.375244140625
2420,895,5.966955184936523,1.6426934003829956,1.666420578956604,1.1596792936325073,-0.35132673382759094,-2.071645975112915,0.6865234375,0.375244140625
2421,897,5.859144687652588,1.6111682653427124,1.6012053489685059,2.391913414001465,0.1967839151620865,0.005499035120010376,0.6865234375,0.380859375
2422,898,5.856318473815918,1.6340086460113525,1.6010912656784058,2.392206907272339,0.18569505214691162,-0.05354800820350647,0.68798828125,0.380859375
2423,896,5.9632391929626465,1.6803333759307861,1.6541944742202759,1.1119880676269531,-0.39678412675857544,-2.0895090103149414,0.68798828125,0.375244140625
2424,897,5.859144687652588,1.6111682653427124,1.6012053489685059,2.391913414001465,0.1967839151620865,0.005499035120010376,0.6865234375,0.380859375
2425,899,5.985647678375244,1.6353602409362793,0.24105136096477509,2.3863024711608887,0.23733629286289215,0.09609777480363846,0.68798828125,0.443115234375
2426,898,5.856318473815918,1.6340086460113525,1.6010912656784058,2.392206907272339,0.18569505214691162,-0.05354800820350647,0.68798828125,0.380859375
2427,897,5.859144687652588,1.6111682653427124,1.6012053489685059,2.391913414001465,0.1967839151620865,0.005499035120010376,0.6865234375,0.380859375
2428,900,5.987666606903076,1.6094028949737549,0.24113266170024872,2.3863024711608887,0.23733630776405334,0.09609777480363846,0.6865234375,0.443115234375
2429,899,5.985647678375244,1.6353602409362793,0.24105136096477509,2.3863024711608887,0.23733629286289215,0.09609777480363846,0.68798828125,0.443115234375
2430,901,5.9689249992370605,1.6111682653427124,-1.1248703002929688,2.384610176086426,0.19678397476673126,0.1868545413017273,0.6865234375,0.50537109375
2431,899,5.985647678375244,1.6353602409362793,0.24105136096477509,2.3863024711608887,0.23733629286289215,0.09609777480363846,0.68798828125,0.443115234375
2432,900,5.987666606903076,1.6094028949737549,0.24113266170024872,2.3863024711608887,0.23733630776405334,0.09609777480363846,0.6865234375,0.443115234375
2433,901,5.9689249992370605,1.6111682653427124,-1.1248703002929688,2.384610176086426,0.19678397476673126,0.1868545413017273,0.6865234375,0.50537109375
2434,902,5.966098785400391,1.6340086460113525,-1.1249839067459106,2.380154848098755,0.1856951117515564,0.24573391675949097,0.68798828125,0.50537109375
2435,899,5.985647678375244,1.6353602409362793,0.24105136096477509,2.3863024711608887,0.23733629286289215,0.09609777480363846,0.68798828125,0.443115234375
2436,901,5.9689249992370605,1.6111682653427124,-1.1248703002929688,2.384610176086426,0.19678397476673126,0.1868545413017273,0.6865234375,0.50537109375
2437,903,6.076943874359131,1.6803333759307861,-1.169317603111267,0.9403618574142456,-0.3967783451080322,2.1721625328063965,0.68798828125,0.51123046875
2438,902,5.966098785400391,1.6340086460113525,-1.1249839067459106,2.380154848098755,0.1856951117515564,0.24573391675949097,0.68798828125,0.50537109375
2439,901,5.9689249992370605,1.6111682653427124,-1.1248703002929688,2.384610176086426,0.19678397476673126,0.1868545413017273,0.6865234375,0.50537109375
2440,904,6.081630706787109,1.6426934003829956,-1.18120539188385,0.9893383383750916,-0.3513226807117462,2.1581904888153076,0.6865234375,0.51123046875
2441,903,6.076943874359131,1.6803333759307861,-1.169317603111267,0.9403618574142456,-0.3967783451080322,2.1721625328063965,0.68798828125,0.51123046875
2442,904,6.081630706787109,1.6426934003829956,-1.18120539188385,0.9893383383750916,-0.3513226807117462,2.1581904888153076,0.6865234375,0.51123046875
2443,905,6.152719974517822,1.7540457248687744,-1.1831022500991821,2.3970186710357666,0.11218243837356567,-0.04145281761884689,0.68798828125,0.51806640625
2444,903,6.076943874359131,1.6803333759307861,-1.169317603111267,0.9403618574142456,-0.3967783451080322,2.1721625328063965,0.68798828125,0.51123046875
2445,904,6.081630706787109,1.6426934003829956,-1.18120539188385,0.9893383383750916,-0.3513226807117462,2.1581904888153076,0.6865234375,0.51123046875
2446,906,6.147511959075928,1.7122803926467896,-1.1888694763183594,2.3944852352142334,0.06630438566207886,0.14848089218139648,0.6865234375,0.51806640625
2447,905,6.152719974517822,1.7540457248687744,-1.1831022500991821,2.3970186710357666,0.11218243837356567,-0.04145281761884689,0.68798828125,0.51806640625
2448,907,6.10748291015625,1.7130801677703857,-1.947195291519165,2.3932809829711914,0.1287936568260193,-0.12498386204242706,0.6865234375,0.552734375
2449,905,6.152719974517822,1.7540457248687744,-1.1831022500991821,2.3970186710357666,0.11218243837356567,-0.04145281761884689,0.68798828125,0.51806640625
2450,906,6.147511959075928,1.7122803926467896,-1.1888694763183594,2.3944852352142334,0.06630438566207886,0.14848089218139648,0.6865234375,0.51806640625
2451,907,6.10748291015625,1.7130801677703857,-1.947195291519165,2.3932809829711914,0.1287936568260193,-0.12498386204242706,0.6865234375,0.552734375
2452,908,6.097634315490723,1.7544119358062744,-1.950559139251709,2.3956916332244873,0.11443207412958145,-0.0870058536529541,0.68798828125,0.552734375
2453,905,6.152719974517822,1.7540457248687744,-1.1831022500991821,2.3970186710357666,0.11218243837356567,-0.04145281761884689,0.68798828125,0.51806640625
2454,909,6.11207389831543,1.7683194875717163,-2.0209193229675293,2.283324718475342,-0.6244964599609375,0.3955192565917969,0.6884765625,0.55615234375
2455,908,6.097634315490723,1.7544119358062744,-1.950559139251709,2.3956916332244873,0.11443207412958145,-0.0870058536529541,0.68798828125,0.552734375
2456,907,6.10748291015625,1.7130801677703857,-1.947195291519165,2.3932809829711914,0.1287936568260193,-0.12498386204242706,0.6865234375,0.552734375
2457,909,6.11207389831543,1.7683194875717163,-2.0209193229675293,2.283324718475342,-0.6244964599609375,0.3955192565917969,0.6884765625,0.55615234375
2458,910,6.119421482086182,1.790174126625061,-1.9917199611663818,2.2697391510009766,-0.676914393901825,0.3873949646949768,0.689453125,0.5546875
2459,908,6.097634315490723,1.7544119358062744,-1.950559139251709,2.3956916332244873,0.11443207412958145,-0.0870058536529541,0.68798828125,0.552734375
2460,909,6.11207389831543,1.7683194875717163,-2.0209193229675293,2.283324718475342,-0.6244964599609375,0.3955192565917969,0.6884765625,0.55615234375
2461,911,6.210983753204346,2.079861879348755,-1.98737370967865,2.2343509197235107,-0.4986579716205597,0.7204299569129944,0.703125,0.5537109375
2462,910,6.119421482086182,1.790174126625061,-1.9917199611663818,2.2697391510009766,-0.676914393901825,0.3873949646949768,0.689453125,0.5546875
2463,909,6.11207389831543,1.7683194875717163,-2.0209193229675293,2.283324718475342,-0.6244964599609375,0.3955192565917969,0.6884765625,0.55615234375
2464,912,6.238178253173828,2.122205972671509,-2.0359315872192383,2.153557777404785,-0.236574187874794,1.0325816869735718,0.70556640625,0.55615234375
2465,911,6.210983753204346,2.079861879348755,-1.98737370967865,2.2343509197235107,-0.4986579716205597,0.7204299569129944,0.703125,0.5537109375
2466,912,6.238178253173828,2.122205972671509,-2.0359315872192383,2.153557777404785,-0.236574187874794,1.0325816869735718,0.70556640625,0.55615234375
2467,913,6.216899394989014,2.4682066440582275,-1.9576259851455688,2.294806480407715,-0.33077338337898254,0.620044469833374,0.72119140625,0.5537109375
2468,911,6.210983753204346,2.079861879348755,-1.98737370967865,2.2343509197235107,-0.4986579716205597,0.7204299569129944,0.703125,0.5537109375
2469,912,6.238178253173828,2.122205972671509,-2.0359315872192383,2.153557777404785,-0.236574187874794,1.0325816869735718,0.70556640625,0.55615234375
2470,914,6.246955394744873,2.5502097606658936,-1.9998400211334229,2.328413486480713,-0.3961124122142792,0.4261323809623718,0.724609375,0.55615234375
2471,913,6.216899394989014,2.4682066440582275,-1.9576259851455688,2.294806480407715,-0.33077338337898254,0.620044469833374,0.72119140625,0.5537109375
2472,914,6.246955394744873,2.5502097606658936,-1.9998400211334229,2.328413486480713,-0.3961124122142792,0.4261323809623718,0.724609375,0.55615234375
2473,915,6.19668436050415,2.5346925258636475,-1.4253069162368774,2.345717430114746,-0.4696061313152313,0.19256706535816193,0.72216796875,0.52978515625
2474,913,6.216899394989014,2.4682066440582275,-1.9576259851455688,2.294806480407715,-0.33077338337898254,0.620044469833374,0.72119140625,0.5537109375
2475,914,6.246955394744873,2.5502097606658936,-1.9998400211334229,2.328413486480713,-0.3961124122142792,0.4261323809623718,0.724609375,0.55615234375
2476,916,6.19795036315918,2.591928720474243,-1.4250811338424683,2.345717430114746,-0.46960607171058655,0.19256706535816193,0.724609375,0.52978515625
2477,915,6.19668436050415,2.5346925258636475,-1.4253069162368774,2.345717430114746,-0.4696061313152313,0.19256706535816193,0.72216796875,0.52978515625
2478,917,5.921042442321777,1.7544119358062744,2.434569835662842,-0.21056976914405823,2.3889107704162598,-0.09362837672233582,0.77685546875,0.3349609375
2479,918,5.836021423339844,1.785730004310608,2.4740090370178223,-0.07179821282625198,1.8008736371994019,-1.5848344564437866,0.78076171875,0.33251953125
2480,919,5.939449787139893,1.790174126625061,2.4773495197296143,-0.07179823517799377,1.800873875617981,-1.584834337234497,0.77587890625,0.332275390625
2481,917,5.921042442321777,1.7544119358062744,2.434569835662842,-0.21056976914405823,2.3889107704162598,-0.09362837672233582,0.77685546875,0.3349609375
2482,920,5.8283867835998535,1.7455404996871948,2.4316630363464355,-0.2117736041545868,2.389505386352539,-0.07359801977872849,0.78076171875,0.335205078125
2483,918,5.836021423339844,1.785730004310608,2.4740090370178223,-0.07179821282625198,1.8008736371994019,-1.5848344564437866,0.78076171875,0.33251953125
2484,917,5.921042442321777,1.7544119358062744,2.434569835662842,-0.21056976914405823,2.3889107704162598,-0.09362837672233582,0.77685546875,0.3349609375
2485,921,5.721745491027832,1.725874662399292,1.6454224586486816,-0.188031405210495,2.370589017868042,-0.32396382093429565,0.78369140625,0.371826171875
2486,920,5.8283867835998535,1.7455404996871948,2.4316630363464355,-0.2117736041545868,2.389505386352539,-0.07359801977872849,0.78076171875,0.335205078125
2487,917,5.921042442321777,1.7544119358062744,2.434569835662842,-0.21056976914405823,2.3889107704162598,-0.09362837672233582,0.77685546875,0.3349609375
2488,922,6.037662029266357,1.7540457248687744,1.6740278005599976,-0.2045130580663681,2.3868932723999023,-0.1446179747581482,0.76953125,0.36962890625
2489,921,5.721745491027832,1.725874662399292,1.6454224586486816,-0.188031405210495,2.370589017868042,-0.32396382093429565,0.78369140625,0.371826171875
2490,923,5.9632391929626465,1.6803333759307861,1.6541944742202759,0.1547318398952484,0.5784818530082703,-2.3240954875946045,0.7724609375,0.373291015625
2491,921,5.721745491027832,1.725874662399292,1.6454224586486816,-0.188031405210495,2.370589017868042,-0.32396382093429565,0.78369140625,0.371826171875
2492,922,6.037662029266357,1.7540457248687744,1.6740278005599976,-0.2045130580663681,2.3868932723999023,-0.1446179747581482,0.76953125,0.36962890625
2493,923,5.9632391929626465,1.6803333759307861,1.6541944742202759,0.1547318398952484,0.5784818530082703,-2.3240954875946045,0.7724609375,0.373291015625
2494,924,5.723553657531738,1.6773968935012817,1.6395964622497559,0.1372741162776947,0.9611255526542664,-2.194856643676758,0.78369140625,0.3740234375
2495,921,5.721745491027832,1.725874662399292,1.6454224586486816,-0.188031405210495,2.370589017868042,-0.32396382093429565,0.78369140625,0.371826171875
2496,925,5.856318473815918,1.6340086460113525,1.6010912656784058,0.22087787091732025,2.3786139488220215,-0.23110567033290863,0.77734375,0.376708984375
2497,924,5.723553657531738,1.6773968935012817,1.6395964622497559,0.1372741162776947,0.9611255526542664,-2.194856643676758,0.78369140625,0.3740234375
2498,923,5.9632391929626465,1.6803333759307861,1.6541944742202759,0.1547318398952484,0.5784818530082703,-2.3240954875946045,0.7724609375,0.373291015625
2499,925,5.856318473815918,1.6340086460113525,1.6010912656784058,0.22087787091732025,2.3786139488220215,-0.23110567033290863,0.77734375,0.376708984375
2500,926,5.725655555725098,1.646807074546814,1.6075340509414673,0.2012026011943817,2.386381149291992,-0.15717168152332306,0.78369140625,0.376220703125
2501,924,5.723553657531738,1.6773968935012817,1.6395964622497559,0.1372741162776947,0.9611255526542664,-2.194856643676758,0.78369140625,0.3740234375
2502,926,5.725655555725098,1.646807074546814,1.6075340509414673,0.2012026011943817,2.386381149291992,-0.15717168152332306,0.78369140625,0.376220703125
2503,925,5.856318473815918,1.6340086460113525,1.6010912656784058,0.22087787091732025,2.3786139488220215,-0.23110567033290863,0.77734375,0.376708984375
2504,927,5.985647678375244,1.6353602409362793,0.24105136096477509,0.23515541851520538,2.3883237838745117,0.024734605103731155,0.77392578125,0.43994140625
2505,926,5.725655555725098,1.646807074546814,1.6075340509414673,0.2012026011943817,2.386381149291992,-0.15717168152332306,0.78369140625,0.376220703125
2506,927,5.985647678375244,1.6353602409362793,0.24105136096477509,0.23515541851520538,2.3883237838745117,0.024734605103731155,0.77392578125,0.43994140625
2507,928,5.985647678375244,1.6353602409362793,0.24105136096477509,0.16001176834106445,2.394639015197754,0.010011299513280392,0.77392578125,0.43994140625
2508,926,5.725655555725098,1.646807074546814,1.6075340509414673,0.2012026011943817,2.386381149291992,-0.15717168152332306,0.78369140625,0.376220703125
2509,928,5.985647678375244,1.6353602409362793,0.24105136096477509,0.16001176834106445,2.394639015197754,0.010011299513280392,0.77392578125,0.43994140625
2510,929,5.836377143859863,1.646807074546814,-1.141912579536438,0.18791300058364868,2.386381149291992,0.17284157872200012,0.78369140625,0.50341796875
2511,929,5.836377143859863,1.646807074546814,-1.141912579536438,0.18791300058364868,2.386381149291992,0.17284157872200012,0.78369140625,0.50341796875
2512,928,5.985647678375244,1.6353602409362793,0.24105136096477509,0.16001176834106445,2.394639015197754,0.010011299513280392,0.77392578125,0.43994140625
2513,927,5.985647678375244,1.6353602409362793,0.24105136096477509,0.23515541851520538,2.3883237838745117,0.024734605103731155,0.77392578125,0.43994140625
2514,929,5.836377143859863,1.646807074546814,-1.141912579536438,0.18791300058364868,2.386381149291992,0.17284157872200012,0.78369140625,0.50341796875
2515,927,5.985647678375244,1.6353602409362793,0.24105136096477509,0.23515541851520538,2.3883237838745117,0.024734605103731155,0.77392578125,0.43994140625
2516,930,5.966098785400391,1.6340086460113525,-1.1249839067459106,0.20157954096794128,2.3786139488220215,0.24811826646327972,0.77734375,0.5029296875
2517,930,5.966098785400391,1.6340086460113525,-1.1249839067459106,0.20157954096794128,2.3786139488220215,0.24811826646327972,0.77734375,0.5029296875
2518,931,5.836860656738281,1.6773968935012817,-1.1740400791168213,-0.039660800248384476,0.9611251950263977,2.1987879276275635,0.78369140625,0.505859375
2519,929,5.836377143859863,1.646807074546814,-1.141912579536438,0.18791300058364868,2.386381149291992,0.17284157872200012,0.78369140625,0.50341796875
2520,930,5.966098785400391,1.6340086460113525,-1.1249839067459106,0.20157954096794128,2.3786139488220215,0.24811826646327972,0.77734375,0.5029296875
2521,932,6.076943874359131,1.6803333759307861,-1.169317603111267,-0.032651692628860474,0.5784805417060852,2.329011917114258,0.7724609375,0.50634765625
2522,931,5.836860656738281,1.6773968935012817,-1.1740400791168213,-0.039660800248384476,0.9611251950263977,2.1987879276275635,0.78369140625,0.505859375
2523,932,6.076943874359131,1.6803333759307861,-1.169317603111267,-0.032651692628860474,0.5784805417060852,2.329011917114258,0.7724609375,0.50634765625
2524,933,5.835526466369629,1.725874662399292,-1.17999267578125,-0.21347373723983765,2.370589017868042,0.3077944815158844,0.78369140625,0.5078125
2525,931,5.836860656738281,1.6773968935012817,-1.1740400791168213,-0.039660800248384476,0.9611251950263977,2.1987879276275635,0.78369140625,0.505859375
2526,932,6.076943874359131,1.6803333759307861,-1.169317603111267,-0.032651692628860474,0.5784805417060852,2.329011917114258,0.7724609375,0.50634765625
2527,934,6.152719974517822,1.7540457248687744,-1.1831022500991821,-0.21548065543174744,2.3868932723999023,0.12770433723926544,0.76953125,0.51025390625
2528,933,5.835526466369629,1.725874662399292,-1.17999267578125,-0.21347373723983765,2.370589017868042,0.3077944815158844,0.78369140625,0.5078125
2529,935,6.097634315490723,1.7544119358062744,-1.950559139251709,-0.21741759777069092,2.3889107704162598,0.07639287412166595,0.77685546875,0.544921875
2530,933,5.835526466369629,1.725874662399292,-1.17999267578125,-0.21347373723983765,2.370589017868042,0.3077944815158844,0.78369140625,0.5078125
2531,934,6.152719974517822,1.7540457248687744,-1.1831022500991821,-0.21548065543174744,2.3868932723999023,0.12770433723926544,0.76953125,0.51025390625
2532,935,6.097634315490723,1.7544119358062744,-1.950559139251709,-0.21741759777069092,2.3889107704162598,0.07639287412166595,0.77685546875,0.544921875
2533,936,6.005044460296631,1.7455404996871948,-1.955112099647522,-0.2170068621635437,2.389505386352539,0.056330606341362,0.78076171875,0.54443359375
2534,933,5.835526466369629,1.725874662399292,-1.17999267578125,-0.21347373723983765,2.370589017868042,0.3077944815158844,0.78369140625,0.5078125
2535,935,6.097634315490723,1.7544119358062744,-1.950559139251709,-0.21741759777069092,2.3889107704162598,0.07639287412166595,0.77685546875,0.544921875
2536,937,6.016059875488281,1.785730004310608,-1.9967070817947388,-0.19900289177894592,1.800873875617981,1.5739290714263916,0.78076171875,0.54736328125
2537,936,6.005044460296631,1.7455404996871948,-1.955112099647522,-0.2170068621635437,2.389505386352539,0.056330606341362,0.78076171875,0.54443359375
2538,935,6.097634315490723,1.7544119358062744,-1.950559139251709,-0.21741759777069092,2.3889107704162598,0.07639287412166595,0.77685546875,0.544921875
2539,938,6.119421482086182,1.790174126625061,-1.9917199611663818,-0.19900289177894592,1.800873875617981,1.5739290714263916,0.77587890625,0.54736328125
2540,937,6.016059875488281,1.785730004310608,-1.9967070817947388,-0.19900289177894592,1.800873875617981,1.5739290714263916,0.78076171875,0.54736328125
2541,939,6.063287734985352,2.591928720474243,1.9188600778579712,-0.18583400547504425,0.0010977124329656363,-2.3927948474884033,0.407958984375,0.00640106201171875
2542,940,6.062007427215576,2.5346925258636475,1.9189833402633667,-0.18583397567272186,0.0010977124329656363,-2.3927948474884033,0.405517578125,0.00640106201171875
2543,941,5.686649799346924,2.663278341293335,1.9481441974639893,0.037223029881715775,0.00024310921435244381,-2.399711847305298,0.405517578125,0.02392578125
2544,939,6.063287734985352,2.591928720474243,1.9188600778579712,-0.18583400547504425,0.0010977124329656363,-2.3927948474884033,0.407958984375,0.00640106201171875
2545,941,5.686649799346924,2.663278341293335,1.9481441974639893,0.037223029881715775,0.00024310921435244381,-2.399711847305298,0.405517578125,0.02392578125
2546,942,5.687298774719238,2.7205214500427246,1.9481703042984009,0.05861380696296692,0.00016097890329547226,-2.399284839630127,0.407958984375,0.02392578125
2547,942,5.687298774719238,2.7205214500427246,1.9481703042984009,0.05861380696296692,0.00016097890329547226,-2.399284839630127,0.407958984375,0.02392578125
2548,941,5.686649799346924,2.663278341293335,1.9481441974639893,0.037223029881715775,0.00024310921435244381,-2.399711847305298,0.405517578125,0.02392578125
2549,943,3.7959067821502686,2.899482011795044,1.8732795715332031,0.08853133022785187,9.307284926762804e-05,-2.398367404937744,0.405517578125,0.1116943359375
2550,942,5.687298774719238,2.7205214500427246,1.9481703042984009,0.05861380696296692,0.00016097890329547226,-2.399284839630127,0.407958984375,0.02392578125
2551,943,3.7959067821502686,2.899482011795044,1.8732795715332031,0.08853133022785187,9.307284926762804e-05,-2.398367404937744,0.405517578125,0.1116943359375
2552,944,3.796555757522583,2.9567251205444336,1.8733056783676147,0.08779850602149963,0.00010125005792360753,-2.3983943462371826,0.407958984375,0.1116943359375
2553,944,3.796555757522583,2.9567251205444336,1.8733056783676147,0.08779850602149963,0.00010125005792360753,-2.3983943462371826,0.407958984375,0.1116943359375
2554,943,3.7959067821502686,2.899482011795044,1.8732795715332031,0.08853133022785187,9.307284926762804e-05,-2.398367404937744,0.405517578125,0.1116943359375
2555,945,2.6620287895202637,2.9381372928619385,1.8369511365890503,0.0768616646528244,0.00022327734041027725,-2.3987698554992676,0.405517578125,0.164306640625
2556,944,3.796555757522583,2.9567251205444336,1.8733056783676147,0.08779850602149963,0.00010125005792360753,-2.3983943462371826,0.407958984375,0.1116943359375
2557,945,2.6620287895202637,2.9381372928619385,1.8369511365890503,0.0768616646528244,0.00022327734041027725,-2.3987698554992676,0.405517578125,0.164306640625
2558,946,2.662677764892578,2.995380401611328,1.836977243423462,0.0768616646528244,0.00022327735496219248,-2.3987698554992676,0.407958984375,0.164306640625
2559,947,2.8665480613708496,2.963242530822754,0.1154434010386467,2.397902727127075,-0.02722832001745701,0.09656492620706558,0.405517578125,0.24462890625
2560,948,2.662677764892578,2.995380401611328,1.836977243423462,2.3831350803375244,-0.02714589424431324,0.2827269434928894,0.407958984375,0.164306640625
2561,949,2.6620287895202637,2.9381372928619385,1.8369511365890503,2.3831350803375244,-0.027145886793732643,0.2827269434928894,0.405517578125,0.164306640625
2562,947,2.8665480613708496,2.963242530822754,0.1154434010386467,2.397902727127075,-0.02722832001745701,0.09656492620706558,0.405517578125,0.24462890625
2563,950,2.867196798324585,3.0204856395721436,0.11546953022480011,2.397902727127075,-0.02722831629216671,0.09656492620706558,0.407958984375,0.24462890625
2564,948,2.662677764892578,2.995380401611328,1.836977243423462,2.3831350803375244,-0.02714589424431324,0.2827269434928894,0.407958984375,0.164306640625
2565,947,2.8665480613708496,2.963242530822754,0.1154434010386467,2.397902727127075,-0.02722832001745701,0.09656492620706558,0.405517578125,0.24462890625
2566,951,2.8017678260803223,2.995380401611328,-1.6169092655181885,2.3981521129608154,-0.02714589424431324,-0.0901816338300705,0.407958984375,0.324951171875
2567,950,2.867196798324585,3.0204856395721436,0.11546953022480011,2.397902727127075,-0.02722831629216671,0.09656492620706558,0.407958984375,0.24462890625
2568,947,2.8665480613708496,2.963242530822754,0.1154434010386467,2.397902727127075,-0.02722832001745701,0.09656492620706558,0.405517578125,0.24462890625
2569,952,2.801118850708008,2.9381372928619385,-1.6169353723526,2.3981521129608154,-0.027145886793732643,-0.09018158912658691,0.405517578125,0.324951171875
2570,951,2.8017678260803223,2.995380401611328,-1.6169092655181885,2.3981521129608154,-0.02714589424431324,-0.0901816338300705,0.407958984375,0.324951171875
2571,953,6.19795036315918,2.591928720474243,-1.4250811338424683,-0.37763845920562744,0.0010968615533784032,2.370103597640991,0.407958984375,0.482666015625
2572,954,5.824886798858643,2.663278341293335,-1.4845561981201172,-0.15586015582084656,0.0002407875144854188,2.3949344158172607,0.405517578125,0.46533203125
2573,955,6.19668436050415,2.5346925258636475,-1.4253069162368774,-0.37763845920562744,0.0010968615533784032,2.370103597640991,0.405517578125,0.482666015625
2574,953,6.19795036315918,2.591928720474243,-1.4250811338424683,-0.37763845920562744,0.0010968615533784032,2.370103597640991,0.407958984375,0.482666015625
2575,956,5.825535774230957,2.7205214500427246,-1.4845300912857056,-0.1345043033361435,0.0001585170248290524,2.396228790283203,0.407958984375,0.46533203125
2576,954,5.824886798858643,2.663278341293335,-1.4845561981201172,-0.15586015582084656,0.0002407875144854188,2.3949344158172607,0.405517578125,0.46533203125
2577,956,5.825535774230957,2.7205214500427246,-1.4845300912857056,-0.1345043033361435,0.0001585170248290524,2.396228790283203,0.407958984375,0.46533203125
2578,957,3.934246301651001,2.899482011795044,-1.5619699954986572,-0.10460986196994781,9.137146844295785e-05,2.3977198600769043,0.405517578125,0.37744140625
2579,954,5.824886798858643,2.663278341293335,-1.4845561981201172,-0.15586015582084656,0.0002407875144854188,2.3949344158172607,0.405517578125,0.46533203125
2580,956,5.825535774230957,2.7205214500427246,-1.4845300912857056,-0.1345043033361435,0.0001585170248290524,2.396228790283203,0.407958984375,0.46533203125
2581,958,3.9348952770233154,2.9567251205444336,-1.5619438886642456,-0.10534247756004333,9.96625458355993e-05,2.3976876735687256,0.407958984375,0.37744140625
2582,957,3.934246301651001,2.899482011795044,-1.5619699954986572,-0.10460986196994781,9.137146844295785e-05,2.3977198600769043,0.405517578125,0.37744140625
2583,958,3.9348952770233154,2.9567251205444336,-1.5619438886642456,-0.10534247756004333,9.96625458355993e-05,2.3976876735687256,0.407958984375,0.37744140625
2584,959,2.801118850708008,2.9381372928619385,-1.6169353723526,-0.11627410352230072,0.00022338892449624836,2.3971824645996094,0.405517578125,0.324951171875
2585,957,3.934246301651001,2.899482011795044,-1.5619699954986572,-0.10460986196994781,9.137146844295785e-05,2.3977198600769043,0.405517578125,0.37744140625
2586,958,3.9348952770233154,2.9567251205444336,-1.5619438886642456,-0.10534247756004333,9.96625458355993e-05,2.3976876735687256,0.407958984375,0.37744140625
2587,960,2.8017678260803223,2.995380401611328,-1.6169092655181885,-0.11627411097288132,0.0002233889390481636,2.3971824645996094,0.407958984375,0.324951171875
2588,959,2.801118850708008,2.9381372928619385,-1.6169353723526,-0.11627410352230072,0.00022338892449624836,2.3971824645996094,0.405517578125,0.324951171875
2589,961,5.846022605895996,1.7581546306610107,2.366910696029663,0.02595335990190506,0.0008009078446775675,-2.399860143661499,0.10113525390625,0.60595703125
2590,962,5.217300891876221,1.5546056032180786,2.360043525695801,0.02749229222536087,-0.00015330173482652754,-2.3998429775238037,0.09039306640625,0.634765625
2591,963,5.855371475219727,2.5828540325164795,2.3672871589660645,0.027764886617660522,-0.0020119240507483482,-2.399839162826538,0.1396484375,0.60693359375
2592,964,4.010961055755615,2.2930145263671875,2.3460330963134766,0.030286796391010284,-0.004702899605035782,-2.3998050689697266,0.124755859375,0.68896484375
2593,963,5.855371475219727,2.5828540325164795,2.3672871589660645,0.027764886617660522,-0.0020119240507483482,-2.399839162826538,0.1396484375,0.60693359375
2594,962,5.217300891876221,1.5546056032180786,2.360043525695801,0.02749229222536087,-0.00015330173482652754,-2.3998429775238037,0.09039306640625,0.634765625
2595,963,5.855371475219727,2.5828540325164795,2.3672871589660645,0.027764886617660522,-0.0020119240507483482,-2.399839162826538,0.1396484375,0.60693359375
2596,964,4.010961055755615,2.2930145263671875,2.3460330963134766,0.030286796391010284,-0.004702899605035782,-2.3998050689697266,0.124755859375,0.68896484375
2597,965,2.240757703781128,2.8989925384521484,2.321791887283325,0.04656200483441353,0.019443856552243233,-2.399470329284668,0.1475830078125,0.7763671875
2598,966,3.0654728412628174,1.953000545501709,2.3276000022888184,0.057414960116147995,0.035324838012456894,-2.3990538120269775,0.10491943359375,0.736328125
2599,965,2.240757703781128,2.8989925384521484,2.321791887283325,0.04656200483441353,0.019443856552243233,-2.399470329284668,0.1475830078125,0.7763671875
2600,964,4.010961055755615,2.2930145263671875,2.3460330963134766,0.030286796391010284,-0.004702899605035782,-2.3998050689697266,0.124755859375,0.68896484375
2601,965,2.240757703781128,2.8989925384521484,2.321791887283325,0.04656200483441353,0.019443856552243233,-2.399470329284668,0.1475830078125,0.7763671875
2602,966,3.0654728412628174,1.953000545501709,2.3276000022888184,0.057414960116147995,0.035324838012456894,-2.3990538120269775,0.10491943359375,0.736328125
2603,967,2.778738498687744,1.343665361404419,2.3027572631835938,0.08379288017749786,0.05832887068390846,-2.3978281021118164,0.07586669921875,0.74853515625
2604,968,-5.941995143890381,1.2146967649459839,-2.049344301223755,2.0600881576538086,-0.4208253026008606,1.1571283340454102,0.377685546875,0.44091796875
2605,969,-5.802037239074707,1.6841224431991577,-2.1277964115142822,2.146415948867798,-0.4208151400089264,-0.9878346920013428,0.38232421875,0.419921875
2606,970,-5.846577167510986,1.6923645734786987,-2.045501947402954,2.0600881576538086,-0.42082539200782776,1.1571283340454102,0.377685546875,0.419921875
2607,968,-5.941995143890381,1.2146967649459839,-2.049344301223755,2.0600881576538086,-0.4208253026008606,1.1571283340454102,0.377685546875,0.44091796875
2608,971,-5.897457122802734,1.2064398527145386,-2.131639003753662,2.1466023921966553,-0.4208558201789856,-0.9874117374420166,0.38232421875,0.44091796875
2609,969,-5.802037239074707,1.6841224431991577,-2.1277964115142822,2.146415948867798,-0.4208151400089264,-0.9878346920013428,0.38232421875,0.419921875
2610,971,-5.897457122802734,1.2064398527145386,-2.131639003753662,2.1466023921966553,-0.4208558201789856,-0.9874117374420166,0.38232421875,0.44091796875
2611,972,-5.884356498718262,1.7006068229675293,-2.1311113834381104,-2.0601212978363037,0.420833021402359,-1.1570671796798706,0.386474609375,0.419921875
2612,969,-5.802037239074707,1.6841224431991577,-2.1277964115142822,2.146415948867798,-0.4208151400089264,-0.9878346920013428,0.38232421875,0.419921875
2613,971,-5.897457122802734,1.2064398527145386,-2.131639003753662,2.1466023921966553,-0.4208558201789856,-0.9874117374420166,0.38232421875,0.44091796875
2614,973,-5.979772090911865,1.2229540348052979,-2.134953737258911,-2.059903621673584,0.420792818069458,-1.1574686765670776,0.386474609375,0.44091796875
2615,972,-5.884356498718262,1.7006068229675293,-2.1311113834381104,-2.0601212978363037,0.420833021402359,-1.1570671796798706,0.386474609375,0.419921875
2616,974,-5.846577167510986,1.6923645734786987,-2.045501947402954,-2.146450996398926,0.4208243489265442,0.9877547025680542,0.39111328125,0.419921875
2617,972,-5.884356498718262,1.7006068229675293,-2.1311113834381104,-2.0601212978363037,0.420833021402359,-1.1570671796798706,0.386474609375,0.419921875
2618,973,-5.979772090911865,1.2229540348052979,-2.134953737258911,-2.059903621673584,0.420792818069458,-1.1574686765670776,0.386474609375,0.44091796875
2619,974,-5.846577167510986,1.6923645734786987,-2.045501947402954,-2.146450996398926,0.4208243489265442,0.9877547025680542,0.39111328125,0.419921875
2620,973,-5.979772090911865,1.2229540348052979,-2.134953737258911,-2.059903621673584,0.420792818069458,-1.1574686765670776,0.386474609375,0.44091796875
2621,975,-5.941995143890381,1.2146967649459839,-2.049344301223755,-2.146450996398926,0.4208243489265442,0.9877547025680542,0.39111328125,0.44091796875
2622,976,-6.0823163986206055,1.244579792022705,1.583574652671814,2.1464591026306152,-0.4208231270313263,-0.9877371788024902,0.2388916015625,0.233642578125
2623,977,-5.999032497406006,1.6615030765533447,1.5869284868240356,2.1464591026306152,-0.4208231270313263,-0.9877371788024902,0.2388916015625,0.253662109375
2624,978,-5.961253643035889,1.6532609462738037,1.6725375652313232,1.8282814025878906,-0.3773440718650818,1.508311152458191,0.2432861328125,0.253662109375
2625,976,-6.0823163986206055,1.244579792022705,1.583574652671814,2.1464591026306152,-0.4208231270313263,-0.9877371788024902,0.2388916015625,0.233642578125
2626,978,-5.961253643035889,1.6532609462738037,1.6725375652313232,1.8282814025878906,-0.3773440718650818,1.508311152458191,0.2432861328125,0.253662109375
2627,979,-6.044539451599121,1.2363225221633911,1.669183611869812,2.0299651622772217,-0.415241003036499,1.2111234664916992,0.2432861328125,0.233642578125
2628,979,-6.044539451599121,1.2363225221633911,1.669183611869812,2.0299651622772217,-0.415241003036499,1.2111234664916992,0.2432861328125,0.233642578125
2629,978,-5.961253643035889,1.6532609462738037,1.6725375652313232,1.8282814025878906,-0.3773440718650818,1.508311152458191,0.2432861328125,0.253662109375
2630,980,-6.038082122802734,1.69723379611969,1.6694436073303223,-2.165555238723755,0.42499640583992004,0.9432666897773743,0.2471923828125,0.253662109375
2631,979,-6.044539451599121,1.2363225221633911,1.669183611869812,2.0299651622772217,-0.415241003036499,1.2111234664916992,0.2432861328125,0.233642578125
2632,980,-6.038082122802734,1.69723379611969,1.6694436073303223,-2.165555238723755,0.42499640583992004,0.9432666897773743,0.2471923828125,0.253662109375
2633,981,-6.126854419708252,1.25283682346344,1.6658686399459839,-2.146304130554199,0.42079028487205505,0.9880874156951904,0.2471923828125,0.233642578125
2634,982,-5.999032497406006,1.6615030765533447,1.5869284868240356,-2.0600788593292236,0.42082318663597107,-1.1571455001831055,0.251708984375,0.253662109375
2635,981,-6.126854419708252,1.25283682346344,1.6658686399459839,-2.146304130554199,0.42079028487205505,0.9880874156951904,0.2471923828125,0.233642578125
2636,980,-6.038082122802734,1.69723379611969,1.6694436073303223,-2.165555238723755,0.42499640583992004,0.9432666897773743,0.2471923828125,0.253662109375
2637,982,-5.999032497406006,1.6615030765533447,1.5869284868240356,-2.0600788593292236,0.42082318663597107,-1.1571455001831055,0.251708984375,0.253662109375
2638,983,-6.0823163986206055,1.244579792022705,1.583574652671814,-2.0600788593292236,0.42082321643829346,-1.1571457386016846,0.251708984375,0.233642578125
2639,981,-6.126854419708252,1.25283682346344,1.6658686399459839,-2.146304130554199,0.42079028487205505,0.9880874156951904,0.2471923828125,0.233642578125
2640,984,-6.112452507019043,1.2696290016174316,2.050177812576294,-0.09657115489244461,3.926905719708884e-06,2.398056983947754,0.75341796875,0.328369140625
2641,985,-6.18320369720459,1.1932222843170166,2.0473287105560303,-0.09657115489244461,3.926906174456235e-06,2.398056983947754,0.75341796875,0.333251953125
2642,986,-6.117749214172363,1.1122246980667114,2.049964666366577,-0.09657115489244461,3.926905719708884e-06,2.398056983947754,0.75830078125,0.333251953125
2643,984,-6.112452507019043,1.2696290016174316,2.050177812576294,-0.09657115489244461,3.926905719708884e-06,2.398056983947754,0.75341796875,0.328369140625
2644,986,-6.117749214172363,1.1122246980667114,2.049964666366577,-0.09657115489244461,3.926905719708884e-06,2.398056983947754,0.75830078125,0.333251953125
2645,987,-6.046998023986816,1.1886314153671265,2.052813768386841,-0.09657115489244461,3.926905719708884e-06,2.398056983947754,0.75830078125,0.328369140625
2646,988,-5.933750152587891,1.1174967288970947,-2.5146853923797607,0.09657124429941177,1.9329533091326512e-13,-2.398056983947754,0.75830078125,0.544921875
2647,989,-6.004650115966797,1.1933999061584473,-2.517540454864502,0.09657124429941177,1.9329533091326512e-13,-2.398056983947754,0.75341796875,0.544921875
2648,990,-5.928808212280273,1.2643572092056274,-2.514486312866211,0.09657124429941177,1.9329533091326512e-13,-2.398056983947754,0.75341796875,0.5498046875
2649,988,-5.933750152587891,1.1174967288970947,-2.5146853923797607,0.09657124429941177,1.9329533091326512e-13,-2.398056983947754,0.75830078125,0.544921875
2650,990,-5.928808212280273,1.2643572092056274,-2.514486312866211,0.09657124429941177,1.9329533091326512e-13,-2.398056983947754,0.75341796875,0.5498046875
2651,991,-5.857908248901367,1.1884539127349854,-2.5116310119628906,0.09657124429941177,1.9329533091326512e-13,-2.398056983947754,0.75830078125,0.5498046875
2652,992,-5.933750152587891,1.1174967288970947,-2.5146853923797607,-0.08071929216384888,-2.3986401557922363,-0.0031472216360270977,0.75830078125,0.544921875
2653,993,-6.117749214172363,1.1122246980667114,2.049964666366577,-0.08071960508823395,-2.3986401557922363,-0.003147234208881855,0.75830078125,0.333251953125
2654,994,-6.18320369720459,1.1932222843170166,2.0473287105560303,-2.3967020511627197,0.08078232407569885,-0.09642050415277481,0.75341796875,0.333251953125
2655,992,-5.933750152587891,1.1174967288970947,-2.5146853923797607,-0.08071929216384888,-2.3986401557922363,-0.0031472216360270977,0.75830078125,0.544921875
2656,994,-6.18320369720459,1.1932222843170166,2.0473287105560303,-2.3967020511627197,0.08078232407569885,-0.09642050415277481,0.75341796875,0.333251953125
2657,995,-6.004650115966797,1.1933999061584473,-2.517540454864502,-2.3967020511627197,0.08078215271234512,-0.09642050415277481,0.75341796875,0.544921875
2658,995,-6.004650115966797,1.1933999061584473,-2.517540454864502,-2.3967020511627197,0.08078215271234512,-0.09642050415277481,0.75341796875,0.544921875
2659,994,-6.18320369720459,1.1932222843170166,2.0473287105560303,-2.3967020511627197,0.08078232407569885,-0.09642050415277481,0.75341796875,0.333251953125
2660,996,-6.112452507019043,1.2696290016174316,2.050177812576294,0.08071112632751465,2.3986401557922363,0.003353726351633668,0.74853515625,0.333251953125
2661,995,-6.004650115966797,1.1933999061584473,-2.517540454864502,-2.3967020511627197,0.08078215271234512,-0.09642050415277481,0.75341796875,0.544921875
2662,996,-6.112452507019043,1.2696290016174316,2.050177812576294,0.08071112632751465,2.3986401557922363,0.003353726351633668,0.74853515625,0.333251953125
2663,997,-5.928808212280273,1.2643572092056274,-2.514486312866211,0.08071139454841614,2.3986401557922363,0.0033537375275045633,0.74853515625,0.544921875
2664,997,-5.928808212280273,1.2643572092056274,-2.514486312866211,0.08071139454841614,2.3986401557922363,0.0033537375275045633,0.74853515625,0.544921875
2665,996,-6.112452507019043,1.2696290016174316,2.050177812576294,0.08071112632751465,2.3986401557922363,0.003353726351633668,0.74853515625,0.333251953125
2666,998,-6.046998023986816,1.1886314153671265,2.052813768386841,2.3966944217681885,-0.08078224211931229,0.09661269187927246,0.74365234375,0.333251953125
2667,997,-5.928808212280273,1.2643572092056274,-2.514486312866211,0.08071139454841614,2.3986401557922363,0.0033537375275045633,0.74853515625,0.544921875
2668,998,-6.046998023986816,1.1886314153671265,2.052813768386841,2.3966944217681885,-0.08078224211931229,0.09661269187927246,0.74365234375,0.333251953125
2669,999,-5.857908248901367,1.1884539127349854,-2.5116310119628906,2.3966944217681885,-0.08078223466873169,0.09661269187927246,0.74365234375,0.544921875
2670,1000,-5.933750152587891,1.1174967288970947,-2.5146853923797607,-0.08071929216384888,-2.3986401557922363,-0.0031472216360270977,0.73876953125,0.544921875
2671,999,-5.857908248901367,1.1884539127349854,-2.5116310119628906,2.3966944217681885,-0.08078223466873169,0.09661269187927246,0.74365234375,0.544921875
2672,998,-6.046998023986816,1.1886314153671265,2.052813768386841,2.3966944217681885,-0.08078224211931229,0.09661269187927246,0.74365234375,0.333251953125
2673,1000,-5.933750152587891,1.1174967288970947,-2.5146853923797607,-0.08071929216384888,-2.3986401557922363,-0.0031472216360270977,0.73876953125,0.544921875
2674,998,-6.046998023986816,1.1886314153671265,2.052813768386841,2.3966944217681885,-0.08078224211931229,0.09661269187927246,0.74365234375,0.333251953125
2675,1001,-6.117749214172363,1.1122246980667114,2.049964666366577,-0.08071960508823395,-2.3986401557922363,-0.003147234208881855,0.73876953125,0.333251953125
2676,1002,-6.258486270904541,2.504164457321167,-2.0824153423309326,2.397902727127075,-0.027227303013205528,0.09656492620706558,0.8984375,0.7314453125
2677,1003,-6.257196426391602,2.617913007736206,-2.0823633670806885,2.397902727127075,-0.027227303013205528,0.09656492620706558,0.90380859375,0.7314453125
2678,1004,-6.404378414154053,2.617913007736206,1.572465181350708,2.397902727127075,-0.027227303013205528,0.09656492620706558,0.90380859375,0.56201171875
2679,1002,-6.258486270904541,2.504164457321167,-2.0824153423309326,2.397902727127075,-0.027227303013205528,0.09656492620706558,0.8984375,0.7314453125
2680,1004,-6.404378414154053,2.617913007736206,1.572465181350708,2.397902727127075,-0.027227303013205528,0.09656492620706558,0.90380859375,0.56201171875
2681,1005,-6.405668258666992,2.504164457321167,1.5724132061004639,2.397902727127075,-0.027227303013205528,0.09656492620706558,0.8984375,0.56201171875
2682,1006,-6.257196426391602,2.617913007736206,-2.0823633670806885,0.027202708646655083,2.399845600128174,0.0010954687604680657,0.90380859375,0.7314453125
2683,1007,-6.370945453643799,2.619204521179199,-2.086944103240967,0.027202708646655083,2.399845600128174,0.0010954687604680657,0.9091796875,0.7314453125
2684,1008,-6.51812744140625,2.619204521179199,1.5678844451904297,0.027202708646655083,2.399845600128174,0.0010954687604680657,0.9091796875,0.56201171875
2685,1006,-6.257196426391602,2.617913007736206,-2.0823633670806885,0.027202708646655083,2.399845600128174,0.0010954687604680657,0.90380859375,0.7314453125
2686,1008,-6.51812744140625,2.619204521179199,1.5678844451904297,0.027202708646655083,2.399845600128174,0.0010954687604680657,0.9091796875,0.56201171875
2687,1009,-6.404378414154053,2.617913007736206,1.572465181350708,0.027202708646655083,2.399845600128174,0.0010954687604680657,0.90380859375,0.56201171875
2688,1010,-6.370945453643799,2.619204521179199,-2.086944103240967,-2.397902727127075,0.027227340266108513,-0.09656492620706558,0.9091796875,0.7314453125
2689,1011,-6.37223482131958,2.5054562091827393,-2.086995840072632,-2.397902727127075,0.027227340266108513,-0.09656492620706558,0.91455078125,0.7314453125
2690,1012,-6.519416809082031,2.5054562091827393,1.5678324699401855,-2.397902727127075,0.027227340266108513,-0.09656492620706558,0.91455078125,0.56201171875
2691,1010,-6.370945453643799,2.619204521179199,-2.086944103240967,-2.397902727127075,0.027227340266108513,-0.09656492620706558,0.9091796875,0.7314453125
2692,1012,-6.519416809082031,2.5054562091827393,1.5678324699401855,-2.397902727127075,0.027227340266108513,-0.09656492620706558,0.91455078125,0.56201171875
2693,1013,-6.51812744140625,2.619204521179199,1.5678844451904297,-2.397902727127075,0.027227340266108513,-0.09656492620706558,0.9091796875,0.56201171875
2694,1014,-6.405668258666992,2.504164457321167,1.5724132061004639,-0.09657113999128342,-1.2724563021038193e-06,2.398056983947754,0.91455078125,0.556640625
2695,1015,-6.404378414154053,2.617913007736206,1.572465181350708,-0.09657113999128342,-1.2724563021038193e-06,2.398056983947754,0.9091796875,0.556640625
2696,1016,-6.51812744140625,2.619204521179199,1.5678844451904297,-0.09657113999128342,-1.2724563021038193e-06,2.398056983947754,0.9091796875,0.56201171875
2697,1014,-6.405668258666992,2.504164457321167,1.5724132061004639,-0.09657113999128342,-1.2724563021038193e-06,2.398056983947754,0.91455078125,0.556640625
2698,1016,-6.51812744140625,2.619204521179199,1.5678844451904297,-0.09657113999128342,-1.2724563021038193e-06,2.398056983947754,0.9091796875,0.56201171875
2699,1017,-6.519416809082031,2.5054562091827393,1.5678324699401855,-0.09657113999128342,-1.2724563021038193e-06,2.398056983947754,0.91455078125,0.56201171875
2700,1018,-6.37223482131958,2.5054562091827393,-2.086995840072632,0.09657113999128342,-4.5808425852555956e-07,-2.398056983947754,0.91455078125,0.7314453125
2701,1019,-6.370945453643799,2.619204521179199,-2.086944103240967,0.09657113999128342,-4.5808425852555956e-07,-2.398056983947754,0.9091796875,0.7314453125
2702,1020,-6.257196426391602,2.617913007736206,-2.0823633670806885,0.09657113999128342,-4.5808425852555956e-07,-2.398056983947754,0.9091796875,0.73681640625
2703,1018,-6.37223482131958,2.5054562091827393,-2.086995840072632,0.09657113999128342,-4.5808425852555956e-07,-2.398056983947754,0.91455078125,0.7314453125
2704,1020,-6.257196426391602,2.617913007736206,-2.0823633670806885,0.09657113999128342,-4.5808425852555956e-07,-2.398056983947754,0.9091796875,0.73681640625
2705,1021,-6.258486270904541,2.504164457321167,-2.0824153423309326,0.09657113999128342,-4.5808425852555956e-07,-2.398056983947754,0.91455078125,0.73681640625
2706,1022,-6.4323954582214355,2.60854172706604,1.4000067710876465,2.397902727127075,-0.027231672778725624,0.09656492620706558,0.50634765625,0.74853515625
2707,1023,-6.43055534362793,2.770811080932617,1.400080919265747,2.397902727127075,-0.027231672778725624,0.09656492620706558,0.4990234375,0.74853515625
2708,1024,-6.432333469390869,2.770811080932617,1.444244384765625,2.397902727127075,-0.027231672778725624,0.09656492620706558,0.4990234375,0.75048828125
2709,1022,-6.4323954582214355,2.60854172706604,1.4000067710876465,2.397902727127075,-0.027231672778725624,0.09656492620706558,0.50634765625,0.74853515625
2710,1024,-6.432333469390869,2.770811080932617,1.444244384765625,2.397902727127075,-0.027231672778725624,0.09656492620706558,0.4990234375,0.75048828125
2711,1025,-6.434173583984375,2.60854172706604,1.4441702365875244,2.397902727127075,-0.027231672778725624,0.09656492620706558,0.50634765625,0.75048828125
2712,1026,-6.4747161865234375,2.7713124752044678,1.3983025550842285,-2.397902727127075,0.027231672778725624,-0.09656492620706558,0.4990234375,0.7548828125
2713,1027,-6.476556301116943,2.6090433597564697,1.398228406906128,-2.397902727127075,0.027231672778725624,-0.09656492620706558,0.50634765625,0.7548828125
2714,1028,-6.478334426879883,2.6090433597564697,1.4423918724060059,-2.397902727127075,0.027231672778725624,-0.09656492620706558,0.50634765625,0.75244140625
2715,1026,-6.4747161865234375,2.7713124752044678,1.3983025550842285,-2.397902727127075,0.027231672778725624,-0.09656492620706558,0.4990234375,0.7548828125
2716,1028,-6.478334426879883,2.6090433597564697,1.4423918724060059,-2.397902727127075,0.027231672778725624,-0.09656492620706558,0.50634765625,0.75244140625
2717,1029,-6.476494312286377,2.7713124752044678,1.4424660205841064,-2.397902727127075,0.027231672778725624,-0.09656492620706558,0.4990234375,0.75244140625
2718,1030,-6.434173583984375,2.60854172706604,1.4441702365875244,-0.09657113999128342,-2.9367722836226183e-16,2.398056983947754,0.50634765625,0.75048828125
2719,1031,-6.432333469390869,2.770811080932617,1.444244384765625,-0.09657113999128342,-2.9367722836226183e-16,2.398056983947754,0.4990234375,0.75048828125
2720,1032,-6.476494312286377,2.7713124752044678,1.4424660205841064,-0.09657113999128342,-2.9367722836226183e-16,2.398056983947754,0.4990234375,0.75244140625
2721,1030,-6.434173583984375,2.60854172706604,1.4441702365875244,-0.09657113999128342,-2.9367722836226183e-16,2.398056983947754,0.50634765625,0.75048828125
2722,1032,-6.476494312286377,2.7713124752044678,1.4424660205841064,-0.09657113999128342,-2.9367722836226183e-16,2.398056983947754,0.4990234375,0.75244140625
2723,1033,-6.478334426879883,2.6090433597564697,1.4423918724060059,-0.09657113999128342,-2.9367722836226183e-16,2.398056983947754,0.50634765625,0.75244140625
2724,1034,-6.476556301116943,2.6090433597564697,1.398228406906128,0.09657113999128342,6.43313001091883e-07,-2.398056983947754,0.50634765625,0.7548828125
2725,1035,-6.4747161865234375,2.7713124752044678,1.3983025550842285,0.09657113999128342,6.433130579353019e-07,-2.398056983947754,0.4990234375,0.7548828125
2726,1036,-6.43055534362793,2.770811080932617,1.400080919265747,0.09657113999128342,6.43313001091883e-07,-2.398056983947754,0.4990234375,0.7568359375
2727,1034,-6.476556301116943,2.6090433597564697,1.398228406906128,0.09657113999128342,6.43313001091883e-07,-2.398056983947754,0.50634765625,0.7548828125
2728,1036,-6.43055534362793,2.770811080932617,1.400080919265747,0.09657113999128342,6.43313001091883e-07,-2.398056983947754,0.4990234375,0.7568359375
2729,1037,-6.4323954582214355,2.60854172706604,1.4000067710876465,0.09657113999128342,6.433130579353019e-07,-2.398056983947754,0.50634765625,0.7568359375
2730,1038,-6.1492838859558105,2.373722553253174,1.9092979431152344,0.027204426005482674,2.399845600128174,0.0010955380275845528,0.82421875,0.328125
2731,1039,-6.234294414520264,2.374687433242798,1.905874490737915,0.027205845341086388,2.399845600128174,0.0010944640962406993,0.82861328125,0.327880859375
2732,1040,-6.154439926147461,2.373722553253174,2.0373291969299316,0.027205774560570717,2.399845600128174,0.001094516133889556,0.82421875,0.321044921875
2733,1039,-6.234294414520264,2.374687433242798,1.905874490737915,0.027205845341086388,2.399845600128174,0.0010944640962406993,0.82861328125,0.327880859375
2734,1041,-6.414653301239014,2.3766942024230957,1.9891130924224854,0.027205996215343475,2.399845600128174,0.0010943487286567688,0.8369140625,0.321044921875
2735,1040,-6.154439926147461,2.373722553253174,2.0373291969299316,0.027205774560570717,2.399845600128174,0.001094516133889556,0.82421875,0.321044921875
2736,1039,-6.234294414520264,2.374687433242798,1.905874490737915,0.027205845341086388,2.399845600128174,0.0010944640962406993,0.82861328125,0.327880859375
2737,1042,-6.411014556884766,2.3766942024230957,1.8987579345703125,0.027205996215343475,2.399845600128174,0.0010943487286567688,0.8369140625,0.327880859375
2738,1041,-6.414653301239014,2.3766942024230957,1.9891130924224854,0.027205996215343475,2.399845600128174,0.0010943487286567688,0.8369140625,0.321044921875
2739,1043,-6.111961841583252,2.04658842086792,1.9932539463043213,-0.4623817801475525,-0.39485740661621094,2.3217008113861084,0.96728515625,0.53857421875
2740,1044,-6.154439926147461,2.373722553253174,2.0373291969299316,-0.4623817801475525,-0.3948574364185333,2.3217008113861084,0.9833984375,0.53857421875
2741,1045,-6.414653301239014,2.3766942024230957,1.9891130924224854,-0.46238183975219727,-0.3948574364185333,2.3217005729675293,0.9833984375,0.5283203125
2742,1043,-6.111961841583252,2.04658842086792,1.9932539463043213,-0.4623817801475525,-0.39485740661621094,2.3217008113861084,0.96728515625,0.53857421875
2743,1045,-6.414653301239014,2.3766942024230957,1.9891130924224854,-0.46238183975219727,-0.3948574364185333,2.3217005729675293,0.9833984375,0.5283203125
2744,1046,-6.332650661468506,2.0491116046905518,1.9466296434402466,-0.46238183975219727,-0.3948574960231781,2.3217008113861084,0.96728515625,0.5263671875
2745,1047,-6.411014556884766,2.3766942024230957,1.8987579345703125,-2.3292183876037598,-0.5709177851676941,-0.09379897266626358,0.9833984375,0.52392578125
2746,1048,-6.384937763214111,2.270766019821167,1.8959591388702393,-2.3286848068237305,-0.5721026659011841,-0.09965043514966965,0.978515625,0.52392578125
2747,1049,-6.414653301239014,2.3766942024230957,1.9891130924224854,-2.3292205333709717,-0.5709037780761719,-0.09383164346218109,0.9833984375,0.5283203125
2748,1048,-6.384937763214111,2.270766019821167,1.8959591388702393,-2.3286848068237305,-0.5721026659011841,-0.09965043514966965,0.978515625,0.52392578125
2749,1050,-6.332650661468506,2.0491116046905518,1.9466296434402466,-2.3325061798095703,-0.5567060708999634,-0.09745005518198013,0.96728515625,0.5263671875
2750,1049,-6.414653301239014,2.3766942024230957,1.9891130924224854,-2.3292205333709717,-0.5709037780761719,-0.09383164346218109,0.9833984375,0.5283203125
2751,1050,-6.332650661468506,2.0491116046905518,1.9466296434402466,-2.3325061798095703,-0.5567060708999634,-0.09745005518198013,0.96728515625,0.5263671875
2752,1048,-6.384937763214111,2.270766019821167,1.8959591388702393,-2.3286848068237305,-0.5721026659011841,-0.09965043514966965,0.978515625,0.52392578125
2753,1051,-6.335420608520508,2.284377098083496,0.6701782941818237,-2.3369104862213135,-0.538500964641571,-0.09418080002069473,0.978515625,0.467041015625
2754,1050,-6.332650661468506,2.0491116046905518,1.9466296434402466,-2.3325061798095703,-0.5567060708999634,-0.09745005518198013,0.96728515625,0.5263671875
2755,1051,-6.335420608520508,2.284377098083496,0.6701782941818237,-2.3369104862213135,-0.538500964641571,-0.09418080002069473,0.978515625,0.467041015625
2756,1052,-6.261022567749023,2.284377098083496,-1.1772751808166504,-2.336916208267212,-0.5385010242462158,-0.09403688460588455,0.978515625,0.38134765625
2757,1050,-6.332650661468506,2.0491116046905518,1.9466296434402466,-2.3325061798095703,-0.5567060708999634,-0.09745005518198013,0.96728515625,0.5263671875
2758,1052,-6.261022567749023,2.284377098083496,-1.1772751808166504,-2.336916208267212,-0.5385010242462158,-0.09403688460588455,0.978515625,0.38134765625
2759,1053,-6.155621528625488,2.0491116046905518,-2.4493706226348877,-2.332789182662964,-0.5567058324813843,-0.09042368829250336,0.96728515625,0.322265625
2760,1051,-6.335420608520508,2.284377098083496,0.6701782941818237,-2.3369104862213135,-0.538500964641571,-0.09418080002069473,0.978515625,0.467041015625
2761,1054,-6.276993274688721,2.3247323036193848,-1.0114362239837646,-2.336998701095581,-0.5381304025650024,-0.09411228448152542,0.97998046875,0.388916015625
2762,1052,-6.261022567749023,2.284377098083496,-1.1772751808166504,-2.336916208267212,-0.5385010242462158,-0.09403688460588455,0.978515625,0.38134765625
2763,1051,-6.335420608520508,2.284377098083496,0.6701782941818237,-2.3369104862213135,-0.538500964641571,-0.09418080002069473,0.978515625,0.467041015625
2764,1055,-6.338004112243652,2.3247323036193848,0.5035920739173889,-2.336998701095581,-0.5381304025650024,-0.09411228448152542,0.97998046875,0.459228515625
2765,1054,-6.276993274688721,2.3247323036193848,-1.0114362239837646,-2.336998701095581,-0.5381304025650024,-0.09411228448152542,0.97998046875,0.388916015625
2766,1052,-6.261022567749023,2.284377098083496,-1.1772751808166504,-2.336916208267212,-0.5385010242462158,-0.09403688460588455,0.978515625,0.38134765625
2767,1056,-6.211813449859619,2.270766019821167,-2.403068780899048,-2.3291568756103516,-0.5721023082733154,-0.08792287856340408,0.978515625,0.324462890625
2768,1053,-6.155621528625488,2.0491116046905518,-2.4493706226348877,-2.332789182662964,-0.5567058324813843,-0.09042368829250336,0.96728515625,0.322265625
2769,1056,-6.211813449859619,2.270766019821167,-2.403068780899048,-2.3291568756103516,-0.5721023082733154,-0.08792287856340408,0.978515625,0.324462890625
2770,1057,-6.233942031860352,2.3766942024230957,-2.4983103275299072,-2.3292224407196045,-0.5709047913551331,-0.09376654773950577,0.9833984375,0.31982421875
2771,1053,-6.155621528625488,2.0491116046905518,-2.4493706226348877,-2.332789182662964,-0.5567058324813843,-0.09042368829250336,0.96728515625,0.322265625
2772,1058,-6.2375807762146,2.3766942024230957,-2.4079549312591553,-2.329218626022339,-0.5709163546562195,-0.09379898011684418,0.9833984375,0.32421875
2773,1057,-6.233942031860352,2.3766942024230957,-2.4983103275299072,-2.3292224407196045,-0.5709047913551331,-0.09376654773950577,0.9833984375,0.31982421875
2774,1056,-6.211813449859619,2.270766019821167,-2.403068780899048,-2.3291568756103516,-0.5721023082733154,-0.08792287856340408,0.978515625,0.324462890625
2775,1059,-6.234294414520264,2.374687433242798,1.905874490737915,-1.3612195253372192,1.9763580560684204,-0.03304228186607361,0.82861328125,0.327880859375
2776,1060,-6.335420608520508,2.284377098083496,0.6701782941818237,-1.3746724128723145,1.9667950868606567,0.044653113931417465,0.8369140625,0.389892578125
2777,1061,-6.384937763214111,2.270766019821167,1.8959591388702393,-1.3612196445465088,1.9763579368591309,-0.03304228186607361,0.8369140625,0.332763671875
2778,1059,-6.234294414520264,2.374687433242798,1.905874490737915,-1.3612195253372192,1.9763580560684204,-0.03304228186607361,0.82861328125,0.327880859375
2779,1062,-6.184776782989502,2.388298988342285,0.6800934672355652,-1.3765106201171875,1.9652186632156372,0.05599229782819748,0.82861328125,0.389892578125
2780,1060,-6.335420608520508,2.284377098083496,0.6701782941818237,-1.3746724128723145,1.9667950868606567,0.044653113931417465,0.8369140625,0.389892578125
2781,1062,-6.184776782989502,2.388298988342285,0.6800934672355652,-1.3765106201171875,1.9652186632156372,0.05599229782819748,0.82861328125,0.389892578125
2782,1063,-6.338004112243652,2.3247323036193848,0.5035920739173889,-1.5056653022766113,1.868947982788086,0.002444252371788025,0.8369140625,0.398193359375
2783,1060,-6.335420608520508,2.284377098083496,0.6701782941818237,-1.3746724128723145,1.9667950868606567,0.044653113931417465,0.8369140625,0.389892578125
2784,1062,-6.184776782989502,2.388298988342285,0.6800934672355652,-1.3765106201171875,1.9652186632156372,0.05599229782819748,0.82861328125,0.389892578125
2785,1064,-6.173961639404297,2.457812547683716,0.5143109560012817,-1.5063153505325317,1.868408441543579,-0.008048292249441147,0.82861328125,0.398193359375
2786,1063,-6.338004112243652,2.3247323036193848,0.5035920739173889,-1.5056653022766113,1.868947982788086,0.002444252371788025,0.8369140625,0.398193359375
2787,1065,-6.112619876861572,2.457812547683716,-1.00892972946167,-1.5020848512649536,1.868408441543579,-0.11310175061225891,0.82861328125,0.47265625
2788,1063,-6.338004112243652,2.3247323036193848,0.5035920739173889,-1.5056653022766113,1.868947982788086,0.002444252371788025,0.8369140625,0.398193359375
2789,1064,-6.173961639404297,2.457812547683716,0.5143109560012817,-1.5063153505325317,1.868408441543579,-0.008048292249441147,0.82861328125,0.398193359375
2790,1065,-6.112619876861572,2.457812547683716,-1.00892972946167,-1.5020848512649536,1.868408441543579,-0.11310175061225891,0.82861328125,0.47265625
2791,1066,-6.276993274688721,2.3247323036193848,-1.0114362239837646,-1.5005931854248047,1.868947982788086,-0.1235080361366272,0.8369140625,0.47265625
2792,1063,-6.338004112243652,2.3247323036193848,0.5035920739173889,-1.5056653022766113,1.868947982788086,0.002444252371788025,0.8369140625,0.398193359375
2793,1067,-6.110069274902344,2.388298988342285,-1.1750448942184448,-1.3675503730773926,1.9652190208435059,-0.166497141122818,0.82861328125,0.48095703125
2794,1066,-6.276993274688721,2.3247323036193848,-1.0114362239837646,-1.5005931854248047,1.868947982788086,-0.1235080361366272,0.8369140625,0.47265625
2795,1065,-6.112619876861572,2.457812547683716,-1.00892972946167,-1.5020848512649536,1.868408441543579,-0.11310175061225891,0.82861328125,0.47265625
2796,1067,-6.110069274902344,2.388298988342285,-1.1750448942184448,-1.3675503730773926,1.9652190208435059,-0.166497141122818,0.82861328125,0.48095703125
2797,1068,-6.261022567749023,2.284377098083496,-1.1772751808166504,-1.366629958152771,1.9667953252792358,-0.15504686534404755,0.8369140625,0.48095703125
2798,1066,-6.276993274688721,2.3247323036193848,-1.0114362239837646,-1.5005931854248047,1.868947982788086,-0.1235080361366272,0.8369140625,0.47265625
2799,1069,-6.060860633850098,2.374687433242798,-2.4008383750915527,-1.3594681024551392,1.9763582944869995,-0.07652128487825394,0.82861328125,0.54150390625
2800,1068,-6.261022567749023,2.284377098083496,-1.1772751808166504,-1.366629958152771,1.9667953252792358,-0.15504686534404755,0.8369140625,0.48095703125
2801,1067,-6.110069274902344,2.388298988342285,-1.1750448942184448,-1.3675503730773926,1.9652190208435059,-0.166497141122818,0.82861328125,0.48095703125
2802,1069,-6.060860633850098,2.374687433242798,-2.4008383750915527,-1.3594681024551392,1.9763582944869995,-0.07652128487825394,0.82861328125,0.54150390625
2803,1070,-6.211813449859619,2.270766019821167,-2.403068780899048,-1.3594681024551392,1.9763582944869995,-0.07652128487825394,0.8369140625,0.53759765625
2804,1068,-6.261022567749023,2.284377098083496,-1.1772751808166504,-1.366629958152771,1.9667953252792358,-0.15504686534404755,0.8369140625,0.48095703125
2805,1071,-6.154439926147461,2.373722553253174,2.0373291969299316,2.379737138748169,0.29609355330467224,0.09583339095115662,0.9833984375,0.53857421875
2806,1072,-6.111961841583252,2.04658842086792,1.9932539463043213,2.379737138748169,0.29609355330467224,0.09583339095115662,0.96728515625,0.53857421875
2807,1073,-6.10680627822876,2.04658842086792,1.865222692489624,2.379737138748169,0.29609355330467224,0.09583339095115662,0.96728515625,0.54443359375
2808,1071,-6.154439926147461,2.373722553253174,2.0373291969299316,2.379737138748169,0.29609355330467224,0.09583339095115662,0.9833984375,0.53857421875
2809,1073,-6.10680627822876,2.04658842086792,1.865222692489624,2.379737138748169,0.29609355330467224,0.09583339095115662,0.96728515625,0.54443359375
2810,1074,-6.1492838859558105,2.373722553253174,1.9092979431152344,2.379737138748169,0.29609355330467224,0.09583339095115662,0.9833984375,0.54443359375
2811,1075,-5.9758501052856445,2.373722553253174,-2.3974149227142334,0.027204342186450958,2.399845600128174,0.001095534535124898,0.82373046875,0.54150390625
2812,1076,-5.970694065093994,2.373722553253174,-2.5254461765289307,0.027205660939216614,2.399845600128174,0.0010966149857267737,0.82373046875,0.54736328125
2813,1077,-6.060860633850098,2.374687433242798,-2.4008383750915527,0.027205726131796837,2.399845600128174,0.001096669933758676,0.82861328125,0.54150390625
2814,1077,-6.060860633850098,2.374687433242798,-2.4008383750915527,0.027205726131796837,2.399845600128174,0.001096669933758676,0.82861328125,0.54150390625
2815,1076,-5.970694065093994,2.373722553253174,-2.5254461765289307,0.027205660939216614,2.399845600128174,0.0010966149857267737,0.82373046875,0.54736328125
2816,1078,-6.233942031860352,2.3766942024230957,-2.4983103275299072,0.027205871418118477,2.399845600128174,0.001096791704185307,0.8369140625,0.54736328125
2817,1077,-6.060860633850098,2.374687433242798,-2.4008383750915527,0.027205726131796837,2.399845600128174,0.001096669933758676,0.82861328125,0.54150390625
2818,1078,-6.233942031860352,2.3766942024230957,-2.4983103275299072,0.027205871418118477,2.399845600128174,0.001096791704185307,0.8369140625,0.54736328125
2819,1079,-6.2375807762146,2.3766942024230957,-2.4079549312591553,0.027205877006053925,2.399845600128174,0.0010967919370159507,0.8369140625,0.54150390625
2820,1080,-5.93189811706543,2.04658842086792,-2.478098154067993,-0.2741946876049042,-0.3948606252670288,-2.351362466812134,0.96728515625,0.30908203125
2821,1081,-6.155621528625488,2.0491116046905518,-2.4493706226348877,-0.2741946280002594,-0.3948606252670288,-2.351362466812134,0.96728515625,0.322265625
2822,1082,-6.233942031860352,2.3766942024230957,-2.4983103275299072,-0.2741946280002594,-0.3948605954647064,-2.351362466812134,0.9833984375,0.31982421875
2823,1080,-5.93189811706543,2.04658842086792,-2.478098154067993,-0.2741946876049042,-0.3948606252670288,-2.351362466812134,0.96728515625,0.30908203125
2824,1082,-6.233942031860352,2.3766942024230957,-2.4983103275299072,-0.2741946280002594,-0.3948605954647064,-2.351362466812134,0.9833984375,0.31982421875
2825,1083,-5.970694065093994,2.373722553253174,-2.5254461765289307,-0.2741946280002594,-0.3948606252670288,-2.351362466812134,0.9833984375,0.30908203125
2826,1084,-5.970694065093994,2.373722553253174,-2.5254461765289307,2.379737138748169,0.29609379172325134,0.09583339095115662,0.9833984375,0.30908203125
2827,1085,-5.9758501052856445,2.373722553253174,-2.3974149227142334,2.379737138748169,0.29609379172325134,0.09583339095115662,0.9833984375,0.30322265625
2828,1086,-5.93705415725708,2.04658842086792,-2.350066661834717,2.379737138748169,0.29609379172325134,0.09583339095115662,0.96728515625,0.30322265625
2829,1084,-5.970694065093994,2.373722553253174,-2.5254461765289307,2.379737138748169,0.29609379172325134,0.09583339095115662,0.9833984375,0.30908203125
2830,1086,-5.93705415725708,2.04658842086792,-2.350066661834717,2.379737138748169,0.29609379172325134,0.09583339095115662,0.96728515625,0.30322265625
2831,1087,-5.93189811706543,2.04658842086792,-2.478098154067993,2.379737138748169,0.29609379172325134,0.09583339095115662,0.96728515625,0.30908203125
2832,1088,-6.255467891693115,2.770416259765625,-2.082293748855591,2.397902727127075,-0.027227340266108513,0.09656492620706558,0.022308349609375,0.55712890625
2833,1089,-6.254179000854492,2.884164571762085,-2.0822417736053467,2.397902727127075,-0.027227340266108513,0.09656492620706558,0.01702880859375,0.55712890625
2834,1090,-6.401360988616943,2.884164571762085,1.5725866556167603,2.397902727127075,-0.027227340266108513,0.09656492620706558,0.01702880859375,0.7265625
2835,1088,-6.255467891693115,2.770416259765625,-2.082293748855591,2.397902727127075,-0.027227340266108513,0.09656492620706558,0.022308349609375,0.55712890625
2836,1090,-6.401360988616943,2.884164571762085,1.5725866556167603,2.397902727127075,-0.027227340266108513,0.09656492620706558,0.01702880859375,0.7265625
2837,1091,-6.402649879455566,2.770416259765625,1.5725347995758057,2.397902727127075,-0.027227340266108513,0.09656492620706558,0.022308349609375,0.7265625
2838,1092,-6.254179000854492,2.884164571762085,-2.0822417736053467,0.027202708646655083,2.399845600128174,0.0010954687604680657,0.01702880859375,0.55712890625
2839,1093,-6.367927551269531,2.885455846786499,-2.086822509765625,0.027202708646655083,2.399845600128174,0.0010954687604680657,0.01175689697265625,0.55712890625
2840,1094,-6.515109539031982,2.885455846786499,1.568005919456482,0.027202708646655083,2.399845600128174,0.0010954687604680657,0.01175689697265625,0.7265625
2841,1092,-6.254179000854492,2.884164571762085,-2.0822417736053467,0.027202708646655083,2.399845600128174,0.0010954687604680657,0.01702880859375,0.55712890625
2842,1094,-6.515109539031982,2.885455846786499,1.568005919456482,0.027202708646655083,2.399845600128174,0.0010954687604680657,0.01175689697265625,0.7265625
2843,1095,-6.401360988616943,2.884164571762085,1.5725866556167603,0.027202708646655083,2.399845600128174,0.0010954687604680657,0.01702880859375,0.7265625
2844,1096,-6.367927551269531,2.885455846786499,-2.086822509765625,-2.397902727127075,0.027227340266108513,-0.09656492620706558,0.01175689697265625,0.55712890625
2845,1097,-6.369217395782471,2.771707773208618,-2.086874485015869,-2.397902727127075,0.027227340266108513,-0.09656492620706558,0.006488800048828125,0.55712890625
2846,1098,-6.516399383544922,2.771707773208618,1.5679540634155273,-2.397902727127075,0.027227340266108513,-0.09656492620706558,0.006488800048828125,0.7265625
2847,1096,-6.367927551269531,2.885455846786499,-2.086822509765625,-2.397902727127075,0.027227340266108513,-0.09656492620706558,0.01175689697265625,0.55712890625
2848,1098,-6.516399383544922,2.771707773208618,1.5679540634155273,-2.397902727127075,0.027227340266108513,-0.09656492620706558,0.006488800048828125,0.7265625
2849,1099,-6.515109539031982,2.885455846786499,1.568005919456482,-2.397902727127075,0.027227340266108513,-0.09656492620706558,0.01175689697265625,0.7265625
2850,1100,-6.402649879455566,2.770416259765625,1.5725347995758057,-0.09657113999128342,-1.2724563021038193e-06,2.398056983947754,0.006488800048828125,0.73193359375
2851,1101,-6.401360988616943,2.884164571762085,1.5725866556167603,-0.09657113999128342,-1.272456415790657e-06,2.398056983947754,0.01175689697265625,0.73193359375
2852,1102,-6.515109539031982,2.885455846786499,1.568005919456482,-0.09657113999128342,-1.2724563021038193e-06,2.398056983947754,0.01175689697265625,0.7265625
2853,1100,-6.402649879455566,2.770416259765625,1.5725347995758057,-0.09657113999128342,-1.2724563021038193e-06,2.398056983947754,0.006488800048828125,0.73193359375
2854,1102,-6.515109539031982,2.885455846786499,1.568005919456482,-0.09657113999128342,-1.2724563021038193e-06,2.398056983947754,0.01175689697265625,0.7265625
2855,1103,-6.516399383544922,2.771707773208618,1.5679540634155273,-0.09657113999128342,-1.272456415790657e-06,2.398056983947754,0.006488800048828125,0.7265625
2856,1104,-6.369217395782471,2.771707773208618,-2.086874485015869,0.09657113999128342,-4.5808425852555956e-07,-2.398056983947754,0.006488800048828125,0.55712890625
2857,1105,-6.367927551269531,2.885455846786499,-2.086822509765625,0.09657113999128342,-4.5808425852555956e-07,-2.398056983947754,0.01175689697265625,0.55712890625
2858,1106,-6.254179000854492,2.884164571762085,-2.0822417736053467,0.09657113999128342,-4.5808425852555956e-07,-2.398056983947754,0.01175689697265625,0.5517578125
2859,1104,-6.369217395782471,2.771707773208618,-2.086874485015869,0.09657113999128342,-4.5808425852555956e-07,-2.398056983947754,0.006488800048828125,0.55712890625
2860,1106,-6.254179000854492,2.884164571762085,-2.0822417736053467,0.09657113999128342,-4.5808425852555956e-07,-2.398056983947754,0.01175689697265625,0.5517578125
2861,1107,-6.255467891693115,2.770416259765625,-2.082293748855591,0.09657113999128342,-4.5808425852555956e-07,-2.398056983947754,0.006488800048828125,0.5517578125
2862,1108,-6.2407989501953125,2.906906843185425,0.7802011966705322,0.02720721811056137,2.399845600128174,0.0010956503683701158,0.48046875,0.63427734375
2863,1109,-6.446086406707764,2.909142017364502,0.9818504452705383,-0.24077029526233673,2.3878729343414307,-0.009695959277451038,0.48974609375,0.62451171875
2864,1110,-6.249238967895508,2.906906843185425,0.9897775650024414,0.02720721811056137,2.399845600128174,0.0010956503683701158,0.48046875,0.62451171875
2865,1108,-6.2407989501953125,2.906906843185425,0.7802011966705322,0.02720721811056137,2.399845600128174,0.0010956503683701158,0.48046875,0.63427734375
2866,1111,-6.437646389007568,2.909142017364502,0.7722740769386292,-0.24077029526233673,2.3878729343414307,-0.009695959277451038,0.48974609375,0.63427734375
2867,1109,-6.446086406707764,2.909142017364502,0.9818504452705383,-0.24077029526233673,2.3878729343414307,-0.009695959277451038,0.48974609375,0.62451171875
2868,1111,-6.437646389007568,2.909142017364502,0.7722740769386292,-0.24077029526233673,2.3878729343414307,-0.009695959277451038,0.48974609375,0.63427734375
2869,1112,-6.471225261688232,2.8844871520996094,0.9808380603790283,-1.6784106492996216,1.7141674757003784,-0.06759056448936462,0.4912109375,0.62451171875
2870,1109,-6.446086406707764,2.909142017364502,0.9818504452705383,-0.24077029526233673,2.3878729343414307,-0.009695959277451038,0.48974609375,0.62451171875
2871,1111,-6.437646389007568,2.909142017364502,0.7722740769386292,-0.24077029526233673,2.3878729343414307,-0.009695959277451038,0.48974609375,0.63427734375
2872,1113,-6.462785243988037,2.8844871520996094,0.7712616920471191,-1.6784106492996216,1.7141674757003784,-0.06759056448936462,0.4912109375,0.63427734375
2873,1112,-6.471225261688232,2.8844871520996094,0.9808380603790283,-1.6784106492996216,1.7141674757003784,-0.06759056448936462,0.4912109375,0.62451171875
2874,1114,-6.437646389007568,2.909142017364502,0.7722740769386292,0.09657113999128342,2.9367722836226183e-16,-2.398056983947754,0.48974609375,0.63427734375
2875,1115,-6.2407989501953125,2.906906843185425,0.7802011966705322,0.09657113999128342,2.9367722836226183e-16,-2.398056983947754,0.48046875,0.63427734375
2876,1116,-6.241278171539307,2.8646037578582764,0.7801819443702698,0.09302789717912674,-0.03938991203904152,-2.3978734016418457,0.48046875,0.63623046875
2877,1114,-6.437646389007568,2.909142017364502,0.7722740769386292,0.09657113999128342,2.9367722836226183e-16,-2.398056983947754,0.48974609375,0.63427734375
2878,1116,-6.241278171539307,2.8646037578582764,0.7801819443702698,0.09302789717912674,-0.03938991203904152,-2.3978734016418457,0.48046875,0.63623046875
2879,1117,-6.462785243988037,2.8844871520996094,0.7712616920471191,0.09128743410110474,-0.058632466942071915,-2.3975472450256348,0.49072265625,0.63525390625
2880,1116,-6.241278171539307,2.8646037578582764,0.7801819443702698,0.09302789717912674,-0.03938991203904152,-2.3978734016418457,0.48046875,0.63623046875
2881,1118,-6.370567798614502,2.792318820953369,0.7789897918701172,0.0861855149269104,-0.11464500427246094,-2.3957111835479736,0.486572265625,0.6396484375
2882,1117,-6.462785243988037,2.8844871520996094,0.7712616920471191,0.09128743410110474,-0.058632466942071915,-2.3975472450256348,0.49072265625,0.63525390625
2883,1119,-6.249718189239502,2.8646037578582764,0.989758312702179,-0.10008805990219116,-0.03938795626163483,2.3975892066955566,0.48046875,0.62255859375
2884,1120,-6.249238967895508,2.906906843185425,0.9897775650024414,-0.09657113999128342,1.7976414028453291e-06,2.398056983947754,0.48046875,0.62451171875
2885,1121,-6.446086406707764,2.909142017364502,0.9818504452705383,-0.09657113999128342,1.7976416302190046e-06,2.398056983947754,0.48974609375,0.62451171875
2886,1119,-6.249718189239502,2.8646037578582764,0.989758312702179,-0.10008805990219116,-0.03938795626163483,2.3975892066955566,0.48046875,0.62255859375
2887,1121,-6.446086406707764,2.909142017364502,0.9818504452705383,-0.09657113999128342,1.7976416302190046e-06,2.398056983947754,0.48974609375,0.62451171875
2888,1122,-6.471225261688232,2.8844871520996094,0.9808380603790283,-0.10179658979177475,-0.05863044410943985,2.3971238136291504,0.490966796875,0.62353515625
2889,1122,-6.471225261688232,2.8844871520996094,0.9808380603790283,-0.10179658979177475,-0.05863044410943985,2.3971238136291504,0.490966796875,0.62353515625
2890,1123,-6.3786845207214355,2.792318820953369,0.9805504083633423,-0.10673423111438751,-0.11464276164770126,2.394883871078491,0.486572265625,0.619140625
2891,1119,-6.249718189239502,2.8646037578582764,0.989758312702179,-0.10008805990219116,-0.03938795626163483,2.3975892066955566,0.48046875,0.62255859375
2892,1124,-6.157854080200195,2.906906843185425,-1.2794904708862305,0.02720721811056137,2.399845600128174,0.0010956503683701158,0.187744140625,0.224365234375
2893,1125,-6.1494140625,2.906906843185425,-1.4890668392181396,0.02720721811056137,2.399845600128174,0.0010956503683701158,0.187744140625,0.2147216796875
2894,1126,-6.346261501312256,2.909142017364502,-1.4969940185546875,-0.24077029526233673,2.3878729343414307,-0.009695959277451038,0.1785888671875,0.2147216796875
2895,1124,-6.157854080200195,2.906906843185425,-1.2794904708862305,0.02720721811056137,2.399845600128174,0.0010956503683701158,0.187744140625,0.224365234375
2896,1126,-6.346261501312256,2.909142017364502,-1.4969940185546875,-0.24077029526233673,2.3878729343414307,-0.009695959277451038,0.1785888671875,0.2147216796875
2897,1127,-6.354701519012451,2.909142017364502,-1.2874176502227783,-0.24077029526233673,2.3878729343414307,-0.009695959277451038,0.1785888671875,0.224365234375
2898,1127,-6.354701519012451,2.909142017364502,-1.2874176502227783,-0.24077029526233673,2.3878729343414307,-0.009695959277451038,0.1785888671875,0.224365234375
2899,1126,-6.346261501312256,2.909142017364502,-1.4969940185546875,-0.24077029526233673,2.3878729343414307,-0.009695959277451038,0.1785888671875,0.2147216796875
2900,1128,-6.371400356292725,2.8844871520996094,-1.4980063438415527,-1.6784106492996216,1.7141674757003784,-0.06759056448936462,0.1768798828125,0.2147216796875
2901,1127,-6.354701519012451,2.909142017364502,-1.2874176502227783,-0.24077029526233673,2.3878729343414307,-0.009695959277451038,0.1785888671875,0.224365234375
2902,1128,-6.371400356292725,2.8844871520996094,-1.4980063438415527,-1.6784106492996216,1.7141674757003784,-0.06759056448936462,0.1768798828125,0.2147216796875
2903,1129,-6.37984037399292,2.8844871520996094,-1.2884299755096436,-1.6784106492996216,1.7141674757003784,-0.06759056448936462,0.1768798828125,0.224365234375
2904,1130,-6.354701519012451,2.909142017364502,-1.2874176502227783,-0.09657113999128342,7.374940764748317e-07,2.398056983947754,0.1785888671875,0.224365234375
2905,1131,-6.1583333015441895,2.8646037578582764,-1.2795097827911377,-0.10008815675973892,-0.03938943147659302,2.3975892066955566,0.187744140625,0.226318359375
2906,1132,-6.157854080200195,2.906906843185425,-1.2794904708862305,-0.09657113999128342,7.374940196314128e-07,2.398056983947754,0.187744140625,0.224365234375
2907,1130,-6.354701519012451,2.909142017364502,-1.2874176502227783,-0.09657113999128342,7.374940764748317e-07,2.398056983947754,0.1785888671875,0.224365234375
2908,1133,-6.37984037399292,2.8844871520996094,-1.2884299755096436,-0.10179673135280609,-0.05863211303949356,2.3971238136291504,0.1773681640625,0.2255859375
2909,1131,-6.1583333015441895,2.8646037578582764,-1.2795097827911377,-0.10008815675973892,-0.03938943147659302,2.3975892066955566,0.187744140625,0.226318359375
2910,1131,-6.1583333015441895,2.8646037578582764,-1.2795097827911377,-0.10008815675973892,-0.03938943147659302,2.3975892066955566,0.187744140625,0.226318359375
2911,1133,-6.37984037399292,2.8844871520996094,-1.2884299755096436,-0.10179673135280609,-0.05863211303949356,2.3971238136291504,0.1773681640625,0.2255859375
2912,1134,-6.287299633026123,2.792318820953369,-1.2887177467346191,-0.1067345142364502,-0.11464500427246094,2.394883871078491,0.1817626953125,0.229736328125
2913,1135,-6.149893283843994,2.8646037578582764,-1.4890861511230469,0.0930279940366745,-0.03938836231827736,-2.3978734016418457,0.187744140625,0.2127685546875
2914,1136,-6.346261501312256,2.909142017364502,-1.4969940185546875,0.09657113999128342,2.9367722836226183e-16,-2.398056983947754,0.1785888671875,0.2147216796875
2915,1137,-6.1494140625,2.906906843185425,-1.4890668392181396,0.09657113999128342,2.9367722836226183e-16,-2.398056983947754,0.187744140625,0.2147216796875
2916,1135,-6.149893283843994,2.8646037578582764,-1.4890861511230469,0.0930279940366745,-0.03938836231827736,-2.3978734016418457,0.187744140625,0.2127685546875
2917,1138,-6.371400356292725,2.8844871520996094,-1.4980063438415527,0.09128758311271667,-0.058630164712667465,-2.3975472450256348,0.1773681640625,0.2135009765625
2918,1136,-6.346261501312256,2.909142017364502,-1.4969940185546875,0.09657113999128342,2.9367722836226183e-16,-2.398056983947754,0.1785888671875,0.2147216796875
2919,1138,-6.371400356292725,2.8844871520996094,-1.4980063438415527,0.09128758311271667,-0.058630164712667465,-2.3975472450256348,0.1773681640625,0.2135009765625
2920,1135,-6.149893283843994,2.8646037578582764,-1.4890861511230469,0.0930279940366745,-0.03938836231827736,-2.3978734016418457,0.187744140625,0.2127685546875
2921,1139,-6.2791829109191895,2.792318820953369,-1.4902783632278442,0.08618580549955368,-0.11464046686887741,-2.3957111835479736,0.1817626953125,0.2093505859375
2922,1140,-3.0783190727233887,1.1494578123092651,-3.205268383026123,0.027204224839806557,2.399845600128174,0.0010955298785120249,0.98828125,0.291748046875
2923,1141,-3.2355079650878906,1.0422413349151611,2.9532580375671387,1.8304455280303955,1.5504958629608154,0.07371309399604797,0.9814453125,0.00649261474609375
2924,1142,-2.987647533416748,1.0422413349151611,-3.2016170024871826,1.8304455280303955,1.5504958629608154,0.07371309399604797,0.9814453125,0.291748046875
2925,1140,-3.0783190727233887,1.1494578123092651,-3.205268383026123,0.027204224839806557,2.399845600128174,0.0010955298785120249,0.98828125,0.291748046875
2926,1143,-3.3261795043945312,1.1494578123092651,2.9496066570281982,0.027204224839806557,2.399845600128174,0.0010955298785120249,0.98828125,0.006496429443359375
2927,1141,-3.2355079650878906,1.0422413349151611,2.9532580375671387,1.8304455280303955,1.5504958629608154,0.07371309399604797,0.9814453125,0.00649261474609375
2928,1144,-3.171396017074585,1.0443276166915894,-3.209016799926758,-1.7948434352874756,1.5916389226913452,-0.07227937877178192,0.99462890625,0.291748046875
2929,1143,-3.3261795043945312,1.1494578123092651,2.9496066570281982,0.027204224839806557,2.399845600128174,0.0010955298785120249,0.98828125,0.006496429443359375
2930,1140,-3.0783190727233887,1.1494578123092651,-3.205268383026123,0.027204224839806557,2.399845600128174,0.0010955298785120249,0.98828125,0.291748046875
2931,1144,-3.171396017074585,1.0443276166915894,-3.209016799926758,-1.7948434352874756,1.5916389226913452,-0.07227937877178192,0.99462890625,0.291748046875
2932,1145,-3.4192564487457275,1.0443276166915894,2.9458582401275635,-1.7948434352874756,1.5916389226913452,-0.07227937877178192,0.99462890625,0.006496429443359375
2933,1143,-3.3261795043945312,1.1494578123092651,2.9496066570281982,0.027204224839806557,2.399845600128174,0.0010955298785120249,0.98828125,0.006496429443359375
2934,1146,3.234802484512329,0.2547602653503418,3.378225564956665,-0.0965697392821312,4.1187345800608455e-07,2.398056983947754,0.83251953125,0.86328125
2935,1147,2.9454076290130615,1.463741660118103,3.366570472717285,-0.09657088667154312,2.2471735974249896e-06,2.398056983947754,0.89013671875,0.86376953125
2936,1148,2.8938534259796143,0.8121978044509888,3.3644955158233643,-0.09657088667154312,2.247173824798665e-06,2.398056983947754,0.861328125,0.85400390625
2937,1146,3.234802484512329,0.2547602653503418,3.378225564956665,-0.0965697392821312,4.1187345800608455e-07,2.398056983947754,0.83251953125,0.86328125
2938,1149,3.369774103164673,1.9605239629745483,3.383659839630127,-0.0965697392821312,4.1187345800608455e-07,2.398056983947754,0.90771484375,0.88818359375
2939,1147,2.9454076290130615,1.463741660118103,3.366570472717285,-0.09657088667154312,2.2471735974249896e-06,2.398056983947754,0.89013671875,0.86376953125
2940,1149,3.369774103164673,1.9605239629745483,3.383659839630127,-0.0965697392821312,4.1187345800608455e-07,2.398056983947754,0.90771484375,0.88818359375
2941,1146,3.234802484512329,0.2547602653503418,3.378225564956665,-0.0965697392821312,4.1187345800608455e-07,2.398056983947754,0.83251953125,0.86328125
2942,1150,3.838024616241455,0.00435185432434082,3.4025168418884277,-0.09657101333141327,3.583808734219929e-07,2.398056983947754,0.81494140625,0.88818359375
2943,1149,3.369774103164673,1.9605239629745483,3.383659839630127,-0.0965697392821312,4.1187345800608455e-07,2.398056983947754,0.90771484375,0.88818359375
2944,1150,3.838024616241455,0.00435185432434082,3.4025168418884277,-0.09657101333141327,3.583808734219929e-07,2.398056983947754,0.81494140625,0.88818359375
2945,1151,4.004858016967773,2.112791061401367,3.4092352390289307,-0.09657101333141327,3.583809018437023e-07,2.398056983947754,0.90771484375,0.91845703125
2946,1152,4.473108768463135,0.15661881864070892,3.4280927181243896,-0.09657224267721176,6.809407295804704e-07,2.398056983947754,0.81494140625,0.91845703125
2947,1151,4.004858016967773,2.112791061401367,3.4092352390289307,-0.09657101333141327,3.583809018437023e-07,2.398056983947754,0.90771484375,0.91845703125
2948,1150,3.838024616241455,0.00435185432434082,3.4025168418884277,-0.09657101333141327,3.583808734219929e-07,2.398056983947754,0.81494140625,0.88818359375
2949,1152,4.473108768463135,0.15661881864070892,3.4280927181243896,-0.09657224267721176,6.809407295804704e-07,2.398056983947754,0.81494140625,0.91845703125
2950,1153,4.60807991027832,1.8623818159103394,3.4335272312164307,-0.09657224267721176,6.809407864238892e-07,2.398056983947754,0.89013671875,0.94287109375
2951,1151,4.004858016967773,2.112791061401367,3.4092352390289307,-0.09657101333141327,3.583809018437023e-07,2.398056983947754,0.90771484375,0.91845703125
2952,1153,4.60807991027832,1.8623818159103394,3.4335272312164307,-0.09657224267721176,6.809407864238892e-07,2.398056983947754,0.89013671875,0.94287109375
2953,1152,4.473108768463135,0.15661881864070892,3.4280927181243896,-0.09657224267721176,6.809407295804704e-07,2.398056983947754,0.81494140625,0.91845703125
2954,1154,4.89747428894043,0.6534010171890259,3.4451820850372314,-0.09657091647386551,1.8070076066578622e-06,2.398056983947754,0.83251953125,0.94287109375
2955,1153,4.60807991027832,1.8623818159103394,3.4335272312164307,-0.09657224267721176,6.809407864238892e-07,2.398056983947754,0.89013671875,0.94287109375
2956,1154,4.89747428894043,0.6534010171890259,3.4451820850372314,-0.09657091647386551,1.8070076066578622e-06,2.398056983947754,0.83251953125,0.94287109375
2957,1155,4.949029445648193,1.3049448728561401,3.4472575187683105,-0.09657091647386551,1.8070079477183754e-06,2.398056983947754,0.861328125,0.9521484375
2958,1156,3.8712704181671143,0.00435185432434082,2.5769574642181396,-0.1893104910850525,-2.392509698867798,-0.007623634766787291,0.78759765625,0.308837890625
2959,1157,3.838024616241455,0.00435185432434082,3.4025168418884277,-0.1893104761838913,-2.392509698867798,-0.007623633835464716,0.82568359375,0.308837890625
2960,1158,3.234802484512329,0.2547602653503418,3.378225564956665,-1.5582993030548096,-1.8242169618606567,-0.06275354325771332,0.82568359375,0.278564453125
2961,1156,3.8712704181671143,0.00435185432434082,2.5769574642181396,-0.1893104910850525,-2.392509698867798,-0.007623634766787291,0.78759765625,0.308837890625
2962,1158,3.234802484512329,0.2547602653503418,3.378225564956665,-1.5582993030548096,-1.8242169618606567,-0.06275354325771332,0.82568359375,0.278564453125
2963,1159,3.268048048019409,0.2547602653503418,2.5526652336120605,-1.5582988262176514,-1.8242170810699463,-0.06275352835655212,0.78759765625,0.278564453125
2964,1160,2.8938534259796143,0.8121978044509888,3.3644955158233643,-2.3320701122283936,-0.5591346621513367,-0.09391404688358307,0.82568359375,0.248291015625
2965,1159,3.268048048019409,0.2547602653503418,2.5526652336120605,-1.5582988262176514,-1.8242170810699463,-0.06275352835655212,0.78759765625,0.278564453125
2966,1158,3.234802484512329,0.2547602653503418,3.378225564956665,-1.5582993030548096,-1.8242169618606567,-0.06275354325771332,0.82568359375,0.278564453125
2967,1160,2.8938534259796143,0.8121978044509888,3.3644955158233643,-2.3320701122283936,-0.5591346621513367,-0.09391404688358307,0.82568359375,0.248291015625
2968,1161,2.9270992279052734,0.8121979236602783,2.5389351844787598,-2.3320701122283936,-0.5591343641281128,-0.09391404688358307,0.78759765625,0.248291015625
2969,1159,3.268048048019409,0.2547602653503418,2.5526652336120605,-1.5582988262176514,-1.8242170810699463,-0.06275352835655212,0.78759765625,0.278564453125
2970,1162,2.9454076290130615,1.463741660118103,3.366570472717285,-2.2150697708129883,0.9195176362991333,-0.08920236676931381,0.82568359375,0.218017578125
2971,1161,2.9270992279052734,0.8121979236602783,2.5389351844787598,-2.3320701122283936,-0.5591343641281128,-0.09391404688358307,0.78759765625,0.248291015625
2972,1160,2.8938534259796143,0.8121978044509888,3.3644955158233643,-2.3320701122283936,-0.5591346621513367,-0.09391404688358307,0.82568359375,0.248291015625
2973,1162,2.9454076290130615,1.463741660118103,3.366570472717285,-2.2150697708129883,0.9195176362991333,-0.08920236676931381,0.82568359375,0.218017578125
2974,1163,2.9786534309387207,1.463741660118103,2.541011095046997,-2.2150697708129883,0.9195177555084229,-0.08920236676931381,0.78759765625,0.218017578125
2975,1161,2.9270992279052734,0.8121979236602783,2.5389351844787598,-2.3320701122283936,-0.5591343641281128,-0.09391404688358307,0.78759765625,0.248291015625
2976,1164,3.369774103164673,1.9605239629745483,3.383659839630127,-1.2519874572753906,2.046945810317993,-0.05041820555925369,0.82568359375,0.187744140625
2977,1163,2.9786534309387207,1.463741660118103,2.541011095046997,-2.2150697708129883,0.9195177555084229,-0.08920236676931381,0.78759765625,0.218017578125
2978,1162,2.9454076290130615,1.463741660118103,3.366570472717285,-2.2150697708129883,0.9195176362991333,-0.08920236676931381,0.82568359375,0.218017578125
2979,1164,3.369774103164673,1.9605239629745483,3.383659839630127,-1.2519874572753906,2.046945810317993,-0.05041820555925369,0.82568359375,0.187744140625
2980,1165,3.403019666671753,1.9605239629745483,2.558100461959839,-1.2519874572753906,2.046945810317993,-0.05041820555925369,0.78759765625,0.187744140625
2981,1163,2.9786534309387207,1.463741660118103,2.541011095046997,-2.2150697708129883,0.9195177555084229,-0.08920236676931381,0.78759765625,0.218017578125
2982,1166,4.004858016967773,2.112791061401367,3.4092352390289307,0.18931163847446442,2.392509698867798,0.007623680867254734,0.82568359375,0.157470703125
2983,1165,3.403019666671753,1.9605239629745483,2.558100461959839,-1.2519874572753906,2.046945810317993,-0.05041820555925369,0.78759765625,0.187744140625
2984,1164,3.369774103164673,1.9605239629745483,3.383659839630127,-1.2519874572753906,2.046945810317993,-0.05041820555925369,0.82568359375,0.187744140625
2985,1166,4.004858016967773,2.112791061401367,3.4092352390289307,0.18931163847446442,2.392509698867798,0.007623680867254734,0.82568359375,0.157470703125
2986,1167,4.0381035804748535,2.112791061401367,2.5836758613586426,0.18931163847446442,2.392509698867798,0.007623680867254734,0.78759765625,0.157470703125
2987,1165,3.403019666671753,1.9605239629745483,2.558100461959839,-1.2519874572753906,2.046945810317993,-0.05041820555925369,0.78759765625,0.187744140625
2988,1168,4.60807991027832,1.8623818159103394,3.4335272312164307,1.5582994222640991,1.8242164850234985,0.06275355070829391,0.82568359375,0.127197265625
2989,1167,4.0381035804748535,2.112791061401367,2.5836758613586426,0.18931163847446442,2.392509698867798,0.007623680867254734,0.78759765625,0.157470703125
2990,1166,4.004858016967773,2.112791061401367,3.4092352390289307,0.18931163847446442,2.392509698867798,0.007623680867254734,0.82568359375,0.157470703125
2991,1168,4.60807991027832,1.8623818159103394,3.4335272312164307,1.5582994222640991,1.8242164850234985,0.06275355070829391,0.82568359375,0.127197265625
2992,1169,4.6413254737854,1.8623818159103394,2.6079678535461426,1.5582994222640991,1.8242164850234985,0.06275355070829391,0.78759765625,0.127197265625
2993,1167,4.0381035804748535,2.112791061401367,2.5836758613586426,0.18931163847446442,2.392509698867798,0.007623680867254734,0.78759765625,0.157470703125
2994,1170,4.949029445648193,1.3049448728561401,3.4472575187683105,2.3320703506469727,0.559133768081665,0.09391415119171143,0.82568359375,0.096923828125
2995,1169,4.6413254737854,1.8623818159103394,2.6079678535461426,1.5582994222640991,1.8242164850234985,0.06275355070829391,0.78759765625,0.127197265625
2996,1168,4.60807991027832,1.8623818159103394,3.4335272312164307,1.5582994222640991,1.8242164850234985,0.06275355070829391,0.82568359375,0.127197265625
2997,1170,4.949029445648193,1.3049448728561401,3.4472575187683105,2.3320703506469727,0.559133768081665,0.09391415119171143,0.82568359375,0.096923828125
2998,1171,4.982275009155273,1.3049448728561401,2.6216981410980225,2.3320703506469727,0.5591341257095337,0.09391415119171143,0.78759765625,0.096923828125
2999,1169,4.6413254737854,1.8623818159103394,2.6079678535461426,1.5582994222640991,1.8242164850234985,0.06275355070829391,0.78759765625,0.127197265625
3000,1172,4.89747428894043,0.6534010171890259,3.4451820850372314,2.215068817138672,-0.9195188283920288,0.08920243382453918,0.82568359375,0.066650390625
3001,1171,4.982275009155273,1.3049448728561401,2.6216981410980225,2.3320703506469727,0.5591341257095337,0.09391415119171143,0.78759765625,0.096923828125
3002,1170,4.949029445648193,1.3049448728561401,3.4472575187683105,2.3320703506469727,0.559133768081665,0.09391415119171143,0.82568359375,0.096923828125
3003,1172,4.89747428894043,0.6534010171890259,3.4451820850372314,2.215068817138672,-0.9195188283920288,0.08920243382453918,0.82568359375,0.066650390625
3004,1173,4.930720329284668,0.653401255607605,2.619621753692627,2.215069055557251,-0.9195185899734497,0.08920244872570038,0.78759765625,0.066650390625
3005,1171,4.982275009155273,1.3049448728561401,2.6216981410980225,2.3320703506469727,0.5591341257095337,0.09391415119171143,0.78759765625,0.096923828125
3006,1174,4.473108768463135,0.15661881864070892,3.4280927181243896,1.251988172531128,-2.046945333480835,0.05041822791099548,0.82568359375,0.036376953125
3007,1173,4.930720329284668,0.653401255607605,2.619621753692627,2.215069055557251,-0.9195185899734497,0.08920244872570038,0.78759765625,0.066650390625
3008,1172,4.89747428894043,0.6534010171890259,3.4451820850372314,2.215068817138672,-0.9195188283920288,0.08920243382453918,0.82568359375,0.066650390625
3009,1174,4.473108768463135,0.15661881864070892,3.4280927181243896,1.251988172531128,-2.046945333480835,0.05041822791099548,0.82568359375,0.036376953125
3010,1175,4.506354331970215,0.15661881864070892,2.602532386779785,1.2519876956939697,-2.046945571899414,0.05041821300983429,0.78759765625,0.036376953125
3011,1173,4.930720329284668,0.653401255607605,2.619621753692627,2.215069055557251,-0.9195185899734497,0.08920244872570038,0.78759765625,0.066650390625
3012,1176,3.838024616241455,0.00435185432434082,3.4025168418884277,-0.1893104761838913,-2.392509698867798,-0.007623633835464716,0.82568359375,0.006099700927734375
3013,1175,4.506354331970215,0.15661881864070892,2.602532386779785,1.2519876956939697,-2.046945571899414,0.05041821300983429,0.78759765625,0.036376953125
3014,1174,4.473108768463135,0.15661881864070892,3.4280927181243896,1.251988172531128,-2.046945333480835,0.05041822791099548,0.82568359375,0.036376953125
3015,1176,3.838024616241455,0.00435185432434082,3.4025168418884277,-0.1893104761838913,-2.392509698867798,-0.007623633835464716,0.82568359375,0.006099700927734375
3016,1177,3.8712704181671143,0.00435185432434082,2.5769574642181396,-0.1893104910850525,-2.392509698867798,-0.007623634766787291,0.78759765625,0.00609588623046875
3017,1175,4.506354331970215,0.15661881864070892,2.602532386779785,1.2519876956939697,-2.046945571899414,0.05041821300983429,0.78759765625,0.036376953125
3018,1178,4.065948963165283,0.004352211952209473,-2.2573094367980957,-0.18931065499782562,-2.392509698867798,-0.007623657584190369,0.87841796875,0.310302734375
3019,1179,3.4959723949432373,0.2547606825828552,-3.1071619987487793,-1.558298945426941,-1.8242172002792358,-0.06275366991758347,0.83984375,0.280029296875
3020,1180,4.0991950035095215,0.004352211952209473,-3.0828697681427,-0.18931065499782562,-2.392509698867798,-0.007623657584190369,0.83984375,0.310302734375
3021,1178,4.065948963165283,0.004352211952209473,-2.2573094367980957,-0.18931065499782562,-2.392509698867798,-0.007623657584190369,0.87841796875,0.310302734375
3022,1181,3.462726593017578,0.2547606825828552,-2.281601667404175,-1.558298945426941,-1.8242172002792358,-0.06275366991758347,0.87841796875,0.280029296875
3023,1179,3.4959723949432373,0.2547606825828552,-3.1071619987487793,-1.558298945426941,-1.8242172002792358,-0.06275366991758347,0.83984375,0.280029296875
3024,1182,3.1550235748291016,0.812198281288147,-3.12089204788208,-2.3320701122283936,-0.5591341257095337,-0.09391359239816666,0.83984375,0.2498779296875
3025,1179,3.4959723949432373,0.2547606825828552,-3.1071619987487793,-1.558298945426941,-1.8242172002792358,-0.06275366991758347,0.83984375,0.280029296875
3026,1181,3.462726593017578,0.2547606825828552,-2.281601667404175,-1.558298945426941,-1.8242172002792358,-0.06275366991758347,0.87841796875,0.280029296875
3027,1182,3.1550235748291016,0.812198281288147,-3.12089204788208,-2.3320701122283936,-0.5591341257095337,-0.09391359239816666,0.83984375,0.2498779296875
3028,1181,3.462726593017578,0.2547606825828552,-2.281601667404175,-1.558298945426941,-1.8242172002792358,-0.06275366991758347,0.87841796875,0.280029296875
3029,1183,3.1217777729034424,0.8121984004974365,-2.2953317165374756,-2.3320701122283936,-0.5591340065002441,-0.09391359239816666,0.87841796875,0.2498779296875
3030,1184,3.206578016281128,1.4637421369552612,-3.1188161373138428,-2.215068817138672,0.9195180535316467,-0.08920188248157501,0.83984375,0.2196044921875
3031,1182,3.1550235748291016,0.812198281288147,-3.12089204788208,-2.3320701122283936,-0.5591341257095337,-0.09391359239816666,0.83984375,0.2498779296875
3032,1183,3.1217777729034424,0.8121984004974365,-2.2953317165374756,-2.3320701122283936,-0.5591340065002441,-0.09391359239816666,0.87841796875,0.2498779296875
3033,1184,3.206578016281128,1.4637421369552612,-3.1188161373138428,-2.215068817138672,0.9195180535316467,-0.08920188248157501,0.83984375,0.2196044921875
3034,1183,3.1217777729034424,0.8121984004974365,-2.2953317165374756,-2.3320701122283936,-0.5591340065002441,-0.09391359239816666,0.87841796875,0.2498779296875
3035,1185,3.1733322143554688,1.4637421369552612,-2.2932558059692383,-2.215068817138672,0.9195180535316467,-0.08920188248157501,0.87841796875,0.2196044921875
3036,1186,3.6309444904327393,1.960524320602417,-3.101726531982422,-1.2519869804382324,2.046945571899414,-0.050418298691511154,0.83984375,0.1893310546875
3037,1184,3.206578016281128,1.4637421369552612,-3.1188161373138428,-2.215068817138672,0.9195180535316467,-0.08920188248157501,0.83984375,0.2196044921875
3038,1185,3.1733322143554688,1.4637421369552612,-2.2932558059692383,-2.215068817138672,0.9195180535316467,-0.08920188248157501,0.87841796875,0.2196044921875
3039,1186,3.6309444904327393,1.960524320602417,-3.101726531982422,-1.2519869804382324,2.046945571899414,-0.050418298691511154,0.83984375,0.1893310546875
3040,1185,3.1733322143554688,1.4637421369552612,-2.2932558059692383,-2.215068817138672,0.9195180535316467,-0.08920188248157501,0.87841796875,0.2196044921875
3041,1187,3.59769868850708,1.960524320602417,-2.2761662006378174,-1.2519869804382324,2.046945571899414,-0.050418298691511154,0.87841796875,0.1893310546875
3042,1188,4.266028881072998,2.1127915382385254,-3.0761513710021973,0.18931178748607635,2.392509698867798,0.007623703218996525,0.83984375,0.1590576171875
3043,1186,3.6309444904327393,1.960524320602417,-3.101726531982422,-1.2519869804382324,2.046945571899414,-0.050418298691511154,0.83984375,0.1893310546875
3044,1187,3.59769868850708,1.960524320602417,-2.2761662006378174,-1.2519869804382324,2.046945571899414,-0.050418298691511154,0.87841796875,0.1893310546875
3045,1188,4.266028881072998,2.1127915382385254,-3.0761513710021973,0.18931178748607635,2.392509698867798,0.007623703218996525,0.83984375,0.1590576171875
3046,1187,3.59769868850708,1.960524320602417,-2.2761662006378174,-1.2519869804382324,2.046945571899414,-0.050418298691511154,0.87841796875,0.1893310546875
3047,1189,4.232783317565918,2.1127915382385254,-2.2505910396575928,0.18931178748607635,2.392509698867798,0.007623703218996525,0.87841796875,0.1590576171875
3048,1190,4.869250297546387,1.862382173538208,-3.0518593788146973,1.5582996606826782,1.824216365814209,0.06275369971990585,0.83984375,0.1287841796875
3049,1188,4.266028881072998,2.1127915382385254,-3.0761513710021973,0.18931178748607635,2.392509698867798,0.007623703218996525,0.83984375,0.1590576171875
3050,1189,4.232783317565918,2.1127915382385254,-2.2505910396575928,0.18931178748607635,2.392509698867798,0.007623703218996525,0.87841796875,0.1590576171875
3051,1190,4.869250297546387,1.862382173538208,-3.0518593788146973,1.5582996606826782,1.824216365814209,0.06275369971990585,0.83984375,0.1287841796875
3052,1189,4.232783317565918,2.1127915382385254,-2.2505910396575928,0.18931178748607635,2.392509698867798,0.007623703218996525,0.87841796875,0.1590576171875
3053,1191,4.836004257202148,1.862382173538208,-2.2262990474700928,1.5582996606826782,1.824216365814209,0.06275369971990585,0.87841796875,0.1287841796875
3054,1192,5.21019983291626,1.3049451112747192,-3.0381288528442383,2.3320698738098145,0.5591341257095337,0.0939132571220398,0.83984375,0.0985107421875
3055,1190,4.869250297546387,1.862382173538208,-3.0518593788146973,1.5582996606826782,1.824216365814209,0.06275369971990585,0.83984375,0.1287841796875
3056,1191,4.836004257202148,1.862382173538208,-2.2262990474700928,1.5582996606826782,1.824216365814209,0.06275369971990585,0.87841796875,0.1287841796875
3057,1192,5.21019983291626,1.3049451112747192,-3.0381288528442383,2.3320698738098145,0.5591341257095337,0.0939132571220398,0.83984375,0.0985107421875
3058,1191,4.836004257202148,1.862382173538208,-2.2262990474700928,1.5582996606826782,1.824216365814209,0.06275369971990585,0.87841796875,0.1287841796875
3059,1193,5.1769537925720215,1.3049451112747192,-2.212568521499634,2.3320698738098145,0.5591341257095337,0.0939132571220398,0.87841796875,0.0985107421875
3060,1194,5.158644676208496,0.6534013748168945,-3.040205240249634,2.215068817138672,-0.919518768787384,0.08920154720544815,0.83984375,0.0682373046875
3061,1192,5.21019983291626,1.3049451112747192,-3.0381288528442383,2.3320698738098145,0.5591341257095337,0.0939132571220398,0.83984375,0.0985107421875
3062,1193,5.1769537925720215,1.3049451112747192,-2.212568521499634,2.3320698738098145,0.5591341257095337,0.0939132571220398,0.87841796875,0.0985107421875
3063,1194,5.158644676208496,0.6534013748168945,-3.040205240249634,2.215068817138672,-0.919518768787384,0.08920154720544815,0.83984375,0.0682373046875
3064,1193,5.1769537925720215,1.3049451112747192,-2.212568521499634,2.3320698738098145,0.5591341257095337,0.0939132571220398,0.87841796875,0.0985107421875
3065,1195,5.125399112701416,0.6534014940261841,-2.2146449089050293,2.215068817138672,-0.9195187091827393,0.08920154720544815,0.87841796875,0.06817626953125
3066,1196,4.734279155731201,0.1566191464662552,-3.0572946071624756,1.2519869804382324,-2.046945571899414,0.050418298691511154,0.83984375,0.037933349609375
3067,1194,5.158644676208496,0.6534013748168945,-3.040205240249634,2.215068817138672,-0.919518768787384,0.08920154720544815,0.83984375,0.0682373046875
3068,1195,5.125399112701416,0.6534014940261841,-2.2146449089050293,2.215068817138672,-0.9195187091827393,0.08920154720544815,0.87841796875,0.06817626953125
3069,1196,4.734279155731201,0.1566191464662552,-3.0572946071624756,1.2519869804382324,-2.046945571899414,0.050418298691511154,0.83984375,0.037933349609375
3070,1195,5.125399112701416,0.6534014940261841,-2.2146449089050293,2.215068817138672,-0.9195187091827393,0.08920154720544815,0.87841796875,0.06817626953125
3071,1197,4.701033115386963,0.1566191464662552,-2.231734275817871,1.2519869804382324,-2.046945571899414,0.050418298691511154,0.87841796875,0.037933349609375
3072,1198,4.0991950035095215,0.004352211952209473,-3.0828697681427,-0.18931065499782562,-2.392509698867798,-0.007623657584190369,0.83984375,0.007659912109375
3073,1196,4.734279155731201,0.1566191464662552,-3.0572946071624756,1.2519869804382324,-2.046945571899414,0.050418298691511154,0.83984375,0.037933349609375
3074,1197,4.701033115386963,0.1566191464662552,-2.231734275817871,1.2519869804382324,-2.046945571899414,0.050418298691511154,0.87841796875,0.037933349609375
3075,1198,4.0991950035095215,0.004352211952209473,-3.0828697681427,-0.18931065499782562,-2.392509698867798,-0.007623657584190369,0.83984375,0.007659912109375
3076,1197,4.701033115386963,0.1566191464662552,-2.231734275817871,1.2519869804382324,-2.046945571899414,0.050418298691511154,0.87841796875,0.037933349609375
3077,1199,4.065948963165283,0.004352211952209473,-2.2573094367980957,-0.18931065499782562,-2.392509698867798,-0.007623657584190369,0.87841796875,0.007656097412109375
3078,1200,4.869250297546387,1.862382173538208,-3.0518593788146973,0.09657125920057297,2.5118436042248504e-07,-2.398056983947754,0.6376953125,0.90380859375
3079,1201,5.21019983291626,1.3049451112747192,-3.0381288528442383,0.09657124429941177,1.9290081684775195e-13,-2.398056983947754,0.6376953125,0.87353515625
3080,1202,5.158644676208496,0.6534013748168945,-3.040205240249634,0.09657124429941177,1.9290081684775195e-13,-2.398056983947754,0.6201171875,0.84912109375
3081,1200,4.869250297546387,1.862382173538208,-3.0518593788146973,0.09657125920057297,2.5118436042248504e-07,-2.398056983947754,0.6376953125,0.90380859375
3082,1202,5.158644676208496,0.6534013748168945,-3.040205240249634,0.09657124429941177,1.9290081684775195e-13,-2.398056983947754,0.6201171875,0.84912109375
3083,1203,4.734279155731201,0.1566191464662552,-3.0572946071624756,0.09657125920057297,2.511844172659039e-07,-2.398056983947754,0.59130859375,0.83984375
3084,1203,4.734279155731201,0.1566191464662552,-3.0572946071624756,0.09657125920057297,2.511844172659039e-07,-2.398056983947754,0.59130859375,0.83984375
3085,1204,4.266028881072998,2.1127915382385254,-3.0761513710021973,0.09657124429941177,1.9290081684775195e-13,-2.398056983947754,0.6201171875,0.9287109375
3086,1200,4.869250297546387,1.862382173538208,-3.0518593788146973,0.09657125920057297,2.5118436042248504e-07,-2.398056983947754,0.6376953125,0.90380859375
3087,1203,4.734279155731201,0.1566191464662552,-3.0572946071624756,0.09657125920057297,2.511844172659039e-07,-2.398056983947754,0.59130859375,0.83984375
3088,1205,4.0991950035095215,0.004352211952209473,-3.0828697681427,0.09657124429941177,1.9290081684775195e-13,-2.398056983947754,0.5625,0.84912109375
3089,1204,4.266028881072998,2.1127915382385254,-3.0761513710021973,0.09657124429941177,1.9290081684775195e-13,-2.398056983947754,0.6201171875,0.9287109375
3090,1206,3.6309444904327393,1.960524320602417,-3.101726531982422,0.09657124429941177,1.9290081684775195e-13,-2.398056983947754,0.59130859375,0.93798828125
3091,1204,4.266028881072998,2.1127915382385254,-3.0761513710021973,0.09657124429941177,1.9290081684775195e-13,-2.398056983947754,0.6201171875,0.9287109375
3092,1205,4.0991950035095215,0.004352211952209473,-3.0828697681427,0.09657124429941177,1.9290081684775195e-13,-2.398056983947754,0.5625,0.84912109375
3093,1206,3.6309444904327393,1.960524320602417,-3.101726531982422,0.09657124429941177,1.9290081684775195e-13,-2.398056983947754,0.59130859375,0.93798828125
3094,1205,4.0991950035095215,0.004352211952209473,-3.0828697681427,0.09657124429941177,1.9290081684775195e-13,-2.398056983947754,0.5625,0.84912109375
3095,1207,3.4959723949432373,0.2547606825828552,-3.1071619987487793,0.09657124429941177,1.9290081684775195e-13,-2.398056983947754,0.54443359375,0.87353515625
3096,1207,3.4959723949432373,0.2547606825828552,-3.1071619987487793,0.09657124429941177,1.9290081684775195e-13,-2.398056983947754,0.54443359375,0.87353515625
3097,1208,3.206578016281128,1.4637421369552612,-3.1188161373138428,0.09657129645347595,7.413363505293091e-07,-2.398056983947754,0.5625,0.92822265625
3098,1206,3.6309444904327393,1.960524320602417,-3.101726531982422,0.09657124429941177,1.9290081684775195e-13,-2.398056983947754,0.59130859375,0.93798828125
3099,1207,3.4959723949432373,0.2547606825828552,-3.1071619987487793,0.09657124429941177,1.9290081684775195e-13,-2.398056983947754,0.54443359375,0.87353515625
3100,1209,3.1550235748291016,0.812198281288147,-3.12089204788208,0.09657129645347595,7.413363505293091e-07,-2.398056983947754,0.54443359375,0.90380859375
3101,1208,3.206578016281128,1.4637421369552612,-3.1188161373138428,0.09657129645347595,7.413363505293091e-07,-2.398056983947754,0.5625,0.92822265625
3102,1210,5.796893119812012,2.5389156341552734,-0.7486834526062012,-0.03429068252444267,2.3990683555603027,-0.05740499123930931,0.408203125,0.708984375
3103,1211,5.522168159484863,2.527808904647827,-1.5644140243530273,0.07807688415050507,2.397899627685547,-0.06310170143842697,0.422607421875,0.74658203125
3104,1212,5.489981651306152,2.542400360107422,-0.7610429525375366,0.0776420384645462,2.3980228900909424,-0.058799341320991516,0.422607421875,0.708984375
3105,1210,5.796893119812012,2.5389156341552734,-0.7486834526062012,-0.03429068252444267,2.3990683555603027,-0.05740499123930931,0.408203125,0.708984375
3106,1213,6.182902812957764,2.4912209510803223,-1.9333351850509644,0.05013995245099068,2.3983473777770996,-0.0736011415719986,0.392822265625,0.76416015625
3107,1211,5.522168159484863,2.527808904647827,-1.5644140243530273,0.07807688415050507,2.397899627685547,-0.06310170143842697,0.422607421875,0.74658203125
3108,1211,5.522168159484863,2.527808904647827,-1.5644140243530273,0.07807688415050507,2.397899627685547,-0.06310170143842697,0.422607421875,0.74658203125
3109,1213,6.182902812957764,2.4912209510803223,-1.9333351850509644,0.05013995245099068,2.3983473777770996,-0.0736011415719986,0.392822265625,0.76416015625
3110,1214,5.274998664855957,2.524155616760254,-1.9397284984588623,0.07865523546934128,2.397533893585205,-0.07513755559921265,0.434814453125,0.76416015625
3111,1211,5.522168159484863,2.527808904647827,-1.5644140243530273,0.07807688415050507,2.397899627685547,-0.06310170143842697,0.422607421875,0.74658203125
3112,1214,5.274998664855957,2.524155616760254,-1.9397284984588623,0.07865523546934128,2.397533893585205,-0.07513755559921265,0.434814453125,0.76416015625
3113,1215,5.260385036468506,2.5307812690734863,-1.5749561786651611,0.028954889625310898,2.3994503021240234,-0.04242333397269249,0.434814453125,0.74609375
3114,1216,6.186290740966797,2.5348126888275146,-1.4304089546203613,-0.22837448120117188,2.3847177028656006,-0.14479871094226837,0.3916015625,0.74169921875
3115,1213,6.182902812957764,2.4912209510803223,-1.9333351850509644,0.05013995245099068,2.3983473777770996,-0.0736011415719986,0.392822265625,0.76416015625
3116,1210,5.796893119812012,2.5389156341552734,-0.7486834526062012,-0.03429068252444267,2.3990683555603027,-0.05740499123930931,0.408203125,0.708984375
3117,1217,6.253969192504883,2.583927631378174,0.2496025115251541,-0.19153980910778046,2.3923323154449463,-0.007713418919593096,0.38525390625,0.66357421875
3118,1216,6.186290740966797,2.5348126888275146,-1.4304089546203613,-0.22837448120117188,2.3847177028656006,-0.14479871094226837,0.3916015625,0.74169921875
3119,1210,5.796893119812012,2.5389156341552734,-0.7486834526062012,-0.03429068252444267,2.3990683555603027,-0.05740499123930931,0.408203125,0.708984375
3120,1210,5.796893119812012,2.5389156341552734,-0.7486834526062012,-0.03429068252444267,2.3990683555603027,-0.05740499123930931,0.408203125,0.708984375
3121,1218,5.718100547790527,2.5389156341552734,1.2079020738601685,-0.03879724070429802,2.3990683555603027,0.05446174368262291,0.408203125,0.61865234375
3122,1217,6.253969192504883,2.583927631378174,0.2496025115251541,-0.19153980910778046,2.3923323154449463,-0.007713418919593096,0.38525390625,0.66357421875
3123,1217,6.253969192504883,2.583927631378174,0.2496025115251541,-0.19153980910778046,2.3923323154449463,-0.007713418919593096,0.38525390625,0.66357421875
3124,1218,5.718100547790527,2.5389156341552734,1.2079020738601685,-0.03879724070429802,2.3990683555603027,0.05446174368262291,0.408203125,0.61865234375
3125,1219,6.051419258117676,2.5348126888275146,1.918731927871704,-0.23927989602088928,2.3847177028656006,0.1259661316871643,0.3916015625,0.5859375
3126,1219,6.051419258117676,2.5348126888275146,1.918731927871704,-0.23927989602088928,2.3847177028656006,0.1259661316871643,0.3916015625,0.5859375
3127,1218,5.718100547790527,2.5389156341552734,1.2079020738601685,-0.03879724070429802,2.3990683555603027,0.05446174368262291,0.408203125,0.61865234375
3128,1220,6.007601261138916,2.4912209510803223,2.4197568893432617,0.044059284031391144,2.3983473777770996,0.07739461958408356,0.392822265625,0.5634765625
3129,1218,5.718100547790527,2.5389156341552734,1.2079020738601685,-0.03879724070429802,2.3990683555603027,0.05446174368262291,0.408203125,0.61865234375
3130,1221,5.378671646118164,2.527808904647827,1.9989001750946045,0.0727500393986702,2.397899627685547,0.0691755935549736,0.422607421875,0.5810546875
3131,1220,6.007601261138916,2.4912209510803223,2.4197568893432617,0.044059284031391144,2.3983473777770996,0.07739461958408356,0.392822265625,0.5634765625
3132,1218,5.718100547790527,2.5389156341552734,1.2079020738601685,-0.03879724070429802,2.3990683555603027,0.05446174368262291,0.408203125,0.61865234375
3133,1222,5.411189079284668,2.542400360107422,1.195542573928833,0.07266251742839813,2.3980228900909424,0.06485217064619064,0.422607421875,0.61865234375
3134,1221,5.378671646118164,2.527808904647827,1.9989001750946045,0.0727500393986702,2.397899627685547,0.0691755935549736,0.422607421875,0.5810546875
3135,1221,5.378671646118164,2.527808904647827,1.9989001750946045,0.0727500393986702,2.397899627685547,0.0691755935549736,0.422607421875,0.5810546875
3136,1223,5.102123260498047,2.524155616760254,2.3531243801116943,0.07235874980688095,2.397533655166626,0.08121898770332336,0.434814453125,0.5634765625
3137,1220,6.007601261138916,2.4912209510803223,2.4197568893432617,0.044059284031391144,2.3983473777770996,0.07739461958408356,0.392822265625,0.5634765625
3138,1221,5.378671646118164,2.527808904647827,1.9989001750946045,0.0727500393986702,2.397899627685547,0.0691755935549736,0.422607421875,0.5810546875
3139,1224,5.116888523101807,2.5307812690734863,1.9883580207824707,0.025449857115745544,2.3994503021240234,0.044614214450120926,0.434814453125,0.58154296875
3140,1223,5.102123260498047,2.524155616760254,2.3531243801116943,0.07235874980688095,2.397533655166626,0.08121898770332336,0.434814453125,0.5634765625
3141,1225,5.489981651306152,2.542400360107422,-0.7610429525375366,-2.397902727127075,0.0272260382771492,-0.09656437486410141,0.1260986328125,0.450927734375
3142,1226,5.522168159484863,2.527808904647827,-1.5644140243530273,-2.397902727127075,0.0272260382771492,-0.09656437486410141,0.1260986328125,0.48828125
3143,1227,5.516887664794922,2.061948299407959,-1.564626693725586,-2.397902727127075,0.02722604013979435,-0.09656437486410141,0.14794921875,0.48828125
3144,1225,5.489981651306152,2.542400360107422,-0.7610429525375366,-2.397902727127075,0.0272260382771492,-0.09656437486410141,0.1260986328125,0.450927734375
3145,1227,5.516887664794922,2.061948299407959,-1.564626693725586,-2.397902727127075,0.02722604013979435,-0.09656437486410141,0.14794921875,0.48828125
3146,1228,5.4845356941223145,2.061948299407959,-0.7612622380256653,-2.397902727127075,0.02722604013979435,-0.09656437486410141,0.14794921875,0.450927734375
3147,1229,5.796893119812012,2.5389156341552734,-0.7486834526062012,-0.09657113999128342,0.0,2.398056983947754,0.1260986328125,0.4365234375
3148,1230,5.489981651306152,2.542400360107422,-0.7610429525375366,-0.09657113999128342,0.0,2.398056983947754,0.1260986328125,0.450927734375
3149,1231,5.4845356941223145,2.061948299407959,-0.7612622380256653,-0.09657113999128342,0.0,2.398056983947754,0.14794921875,0.450927734375
3150,1229,5.796893119812012,2.5389156341552734,-0.7486834526062012,-0.09657113999128342,0.0,2.398056983947754,0.1260986328125,0.4365234375
3151,1231,5.4845356941223145,2.061948299407959,-0.7612622380256653,-0.09657113999128342,0.0,2.398056983947754,0.14794921875,0.450927734375
3152,1232,5.791446685791016,2.0584635734558105,-0.7489027380943298,-0.09657113999128342,0.0,2.398056983947754,0.14794921875,0.4365234375
3153,1233,5.255103588104248,2.064920663833618,-1.5751688480377197,-2.397902727127075,0.027226315811276436,-0.09656492620706558,0.14794921875,0.50048828125
3154,1234,5.260385036468506,2.5307812690734863,-1.5749561786651611,-2.397902727127075,0.027226317673921585,-0.09656492620706558,0.1260986328125,0.50048828125
3155,1235,5.274998664855957,2.524155616760254,-1.9397284984588623,-2.397902727127075,0.027226317673921585,-0.09656492620706558,0.1260986328125,0.517578125
3156,1233,5.255103588104248,2.064920663833618,-1.5751688480377197,-2.397902727127075,0.027226315811276436,-0.09656492620706558,0.14794921875,0.50048828125
3157,1235,5.274998664855957,2.524155616760254,-1.9397284984588623,-2.397902727127075,0.027226317673921585,-0.09656492620706558,0.1260986328125,0.517578125
3158,1236,5.2697930335998535,2.064920663833618,-1.9399381875991821,-2.397902727127075,0.027226315811276436,-0.09656492620706558,0.14794921875,0.517578125
3159,1237,5.516887664794922,2.061948299407959,-1.564626693725586,-0.09657113999128342,0.0,2.398056983947754,0.14794921875,0.48828125
3160,1238,5.522168159484863,2.527808904647827,-1.5644140243530273,-0.09657113999128342,0.0,2.398056983947754,0.1260986328125,0.48828125
3161,1239,5.260385036468506,2.5307812690734863,-1.5749561786651611,-0.09657113999128342,0.0,2.398056983947754,0.1260986328125,0.50048828125
3162,1237,5.516887664794922,2.061948299407959,-1.564626693725586,-0.09657113999128342,0.0,2.398056983947754,0.14794921875,0.48828125
3163,1239,5.260385036468506,2.5307812690734863,-1.5749561786651611,-0.09657113999128342,0.0,2.398056983947754,0.1260986328125,0.50048828125
3164,1240,5.255103588104248,2.064920663833618,-1.5751688480377197,-0.09657113999128342,0.0,2.398056983947754,0.14794921875,0.50048828125
3165,1241,5.712654113769531,2.0584635734558105,1.207682728767395,-2.397902727127075,0.027226010337471962,-0.09656492620706558,0.14794921875,0.345458984375
3166,1242,5.718100547790527,2.5389156341552734,1.2079020738601685,-2.397902727127075,0.027226010337471962,-0.09656492620706558,0.1260986328125,0.345458984375
3167,1243,5.796893119812012,2.5389156341552734,-0.7486834526062012,-2.397902727127075,0.027226010337471962,-0.09656492620706558,0.1260986328125,0.4365234375
3168,1241,5.712654113769531,2.0584635734558105,1.207682728767395,-2.397902727127075,0.027226010337471962,-0.09656492620706558,0.14794921875,0.345458984375
3169,1243,5.796893119812012,2.5389156341552734,-0.7486834526062012,-2.397902727127075,0.027226010337471962,-0.09656492620706558,0.1260986328125,0.4365234375
3170,1244,5.791446685791016,2.0584635734558105,-0.7489027380943298,-2.397902727127075,0.027226010337471962,-0.09656492620706558,0.14794921875,0.4365234375
3171,1245,5.950048446655273,1.9930305480957031,2.1554837226867676,2.370709180831909,-0.3127240538597107,0.20480415225028992,0.56640625,0.55078125
3172,1246,6.007601261138916,2.4912209510803223,2.4197568893432617,2.384000778198242,-0.2766553461551666,0.0023501962423324585,0.541015625,0.5703125
3173,1247,5.9879255294799805,1.992452621459961,2.480785608291626,2.384000778198242,-0.276655375957489,0.0023502036929130554,0.56640625,0.5703125
3174,1245,5.950048446655273,1.9930305480957031,2.1554837226867676,2.370709180831909,-0.3127240538597107,0.20480415225028992,0.56640625,0.55078125
3175,1248,6.051419258117676,2.5348126888275146,1.918731927871704,2.36543869972229,-0.32035186886787415,0.24915316700935364,0.541015625,0.55078125
3176,1246,6.007601261138916,2.4912209510803223,2.4197568893432617,2.384000778198242,-0.2766553461551666,0.0023501962423324585,0.541015625,0.5703125
3177,1249,6.253969192504883,2.583927631378174,0.2496025115251541,2.3758544921875,-0.3258282542228699,0.09567703306674957,0.541015625,0.466552734375
3178,1248,6.051419258117676,2.5348126888275146,1.918731927871704,2.36543869972229,-0.32035186886787415,0.24915316700935364,0.541015625,0.55078125
3179,1245,5.950048446655273,1.9930305480957031,2.1554837226867676,2.370709180831909,-0.3127240538597107,0.20480415225028992,0.56640625,0.55078125
3180,1249,6.253969192504883,2.583927631378174,0.2496025115251541,2.3758544921875,-0.3258282542228699,0.09567703306674957,0.541015625,0.466552734375
3181,1245,5.950048446655273,1.9930305480957031,2.1554837226867676,2.370709180831909,-0.3127240538597107,0.20480415225028992,0.56640625,0.55078125
3182,1250,6.172038555145264,1.9914698600769043,0.24630312621593475,2.3758544921875,-0.32582828402519226,0.09567703306674957,0.56640625,0.466552734375
3183,1249,6.253969192504883,2.583927631378174,0.2496025115251541,2.3758544921875,-0.3258282542228699,0.09567703306674957,0.541015625,0.466552734375
3184,1250,6.172038555145264,1.9914698600769043,0.24630312621593475,2.3758544921875,-0.32582828402519226,0.09567703306674957,0.56640625,0.466552734375
3185,1251,6.104286193847656,1.9930305480957031,-1.6745455265045166,2.3795006275177,-0.31272411346435547,-0.01351039856672287,0.56640625,0.382568359375
3186,1249,6.253969192504883,2.583927631378174,0.2496025115251541,2.3758544921875,-0.3258282542228699,0.09567703306674957,0.541015625,0.466552734375
3187,1251,6.104286193847656,1.9930305480957031,-1.6745455265045166,2.3795006275177,-0.31272411346435547,-0.01351039856672287,0.56640625,0.382568359375
3188,1252,6.186290740966797,2.5348126888275146,-1.4304089546203613,2.3778135776519775,-0.32035204768180847,-0.058139584958553314,0.541015625,0.382568359375
3189,1251,6.104286193847656,1.9930305480957031,-1.6745455265045166,2.3795006275177,-0.31272411346435547,-0.01351039856672287,0.56640625,0.382568359375
3190,1253,6.182902812957764,2.4912209510803223,-1.9333351850509644,2.3764700889587402,-0.27665507793426514,0.18935626745224,0.541015625,0.363037109375
3191,1252,6.186290740966797,2.5348126888275146,-1.4304089546203613,2.3778135776519775,-0.32035204768180847,-0.058139584958553314,0.541015625,0.382568359375
3192,1251,6.104286193847656,1.9930305480957031,-1.6745455265045166,2.3795006275177,-0.31272411346435547,-0.01351039856672287,0.56640625,0.382568359375
3193,1254,6.168198108673096,1.992452621459961,-1.9957484006881714,2.3764700889587402,-0.2766551077365875,0.18935626745224,0.56640625,0.363037109375
3194,1253,6.182902812957764,2.4912209510803223,-1.9333351850509644,2.3764700889587402,-0.27665507793426514,0.18935626745224,0.541015625,0.363037109375
3195,1255,5.411189079284668,2.542400360107422,1.195542573928833,-2.397902727127075,0.027226034551858902,-0.09656492620706558,0.1260986328125,0.3310546875
3196,1256,5.40574312210083,2.061948299407959,1.1953232288360596,-2.397902727127075,0.0272260382771492,-0.09656492620706558,0.14794921875,0.3310546875
3197,1257,5.373391151428223,2.061948299407959,1.998687505722046,-2.397902727127075,0.0272260382771492,-0.09656492620706558,0.14794921875,0.293701171875
3198,1255,5.411189079284668,2.542400360107422,1.195542573928833,-2.397902727127075,0.027226034551858902,-0.09656492620706558,0.1260986328125,0.3310546875
3199,1257,5.373391151428223,2.061948299407959,1.998687505722046,-2.397902727127075,0.0272260382771492,-0.09656492620706558,0.14794921875,0.293701171875
3200,1258,5.378671646118164,2.527808904647827,1.9989001750946045,-2.397902727127075,0.0272260382771492,-0.09656492620706558,0.1260986328125,0.293701171875
3201,1259,5.718100547790527,2.5389156341552734,1.2079020738601685,0.09657113999128342,0.0,-2.398056983947754,0.1260986328125,0.345458984375
3202,1260,5.712654113769531,2.0584635734558105,1.207682728767395,0.09657113999128342,0.0,-2.398056983947754,0.14794921875,0.345458984375
3203,1261,5.40574312210083,2.061948299407959,1.1953232288360596,0.09657113999128342,0.0,-2.398056983947754,0.14794921875,0.3310546875
3204,1259,5.718100547790527,2.5389156341552734,1.2079020738601685,0.09657113999128342,0.0,-2.398056983947754,0.1260986328125,0.345458984375
3205,1261,5.40574312210083,2.061948299407959,1.1953232288360596,0.09657113999128342,0.0,-2.398056983947754,0.14794921875,0.3310546875
3206,1262,5.411189079284668,2.542400360107422,1.195542573928833,0.09657113999128342,0.0,-2.398056983947754,0.1260986328125,0.3310546875
3207,1263,5.111607074737549,2.064920663833618,1.988145351409912,-2.397902727127075,0.027226315811276436,-0.09656492620706558,0.14794921875,0.281494140625
3208,1264,5.096917629241943,2.064920663833618,2.352914810180664,-2.397902727127075,0.027226315811276436,-0.09656492620706558,0.14794921875,0.264404296875
3209,1265,5.102123260498047,2.524155616760254,2.3531243801116943,-2.397902727127075,0.027226317673921585,-0.09656492620706558,0.1260986328125,0.264404296875
3210,1263,5.111607074737549,2.064920663833618,1.988145351409912,-2.397902727127075,0.027226315811276436,-0.09656492620706558,0.14794921875,0.281494140625
3211,1265,5.102123260498047,2.524155616760254,2.3531243801116943,-2.397902727127075,0.027226317673921585,-0.09656492620706558,0.1260986328125,0.264404296875
3212,1266,5.116888523101807,2.5307812690734863,1.9883580207824707,-2.397902727127075,0.027226317673921585,-0.09656492620706558,0.1260986328125,0.281494140625
3213,1267,5.373391151428223,2.061948299407959,1.998687505722046,0.09657113999128342,0.0,-2.398056983947754,0.14794921875,0.293701171875
3214,1268,5.111607074737549,2.064920663833618,1.988145351409912,0.09657113999128342,0.0,-2.398056983947754,0.14794921875,0.281494140625
3215,1269,5.116888523101807,2.5307812690734863,1.9883580207824707,0.09657113999128342,0.0,-2.398056983947754,0.1260986328125,0.281494140625
3216,1267,5.373391151428223,2.061948299407959,1.998687505722046,0.09657113999128342,0.0,-2.398056983947754,0.14794921875,0.293701171875
3217,1269,5.116888523101807,2.5307812690734863,1.9883580207824707,0.09657113999128342,0.0,-2.398056983947754,0.1260986328125,0.281494140625
3218,1270,5.378671646118164,2.527808904647827,1.9989001750946045,0.09657113999128342,0.0,-2.398056983947754,0.1260986328125,0.293701171875
3219,1271,6.454401016235352,2.6495344638824463,0.7912155389785767,-0.9757027626037598,-0.11128867417573929,-2.1898908615112305,0.397705078125,0.058441162109375
3220,1272,6.52577543258667,1.967212438583374,0.7940897941589355,-0.9847640991210938,-0.11221926659345627,-2.185783624649048,0.397705078125,0.026641845703125
3221,1273,6.523399829864502,1.967212438583374,0.8530721664428711,-1.1573357582092285,-0.11221948266029358,2.099519968032837,0.394775390625,0.026641845703125
3222,1271,6.454401016235352,2.6495344638824463,0.7912155389785767,-0.9757027626037598,-0.11128867417573929,-2.1898908615112305,0.397705078125,0.058441162109375
3223,1273,6.523399829864502,1.967212438583374,0.8530721664428711,-1.1573357582092285,-0.11221948266029358,2.099519968032837,0.394775390625,0.026641845703125
3224,1274,6.452025413513184,2.6495344638824463,0.8501979112625122,-1.1486339569091797,-0.11128891259431839,2.104342460632324,0.394775390625,0.058441162109375
3225,1275,6.583220958709717,1.973626971244812,0.8259421586990356,2.3850226402282715,0.24989037215709686,0.09604623913764954,0.391845703125,0.026641845703125
3226,1274,6.452025413513184,2.6495344638824463,0.8501979112625122,-1.1486339569091797,-0.11128891259431839,2.104342460632324,0.394775390625,0.058441162109375
3227,1273,6.523399829864502,1.967212438583374,0.8530721664428711,-1.1573357582092285,-0.11221948266029358,2.099519968032837,0.394775390625,0.026641845703125
3228,1275,6.583220958709717,1.973626971244812,0.8259421586990356,2.3850226402282715,0.24989037215709686,0.09604623913764954,0.391845703125,0.026641845703125
3229,1276,6.511846542358398,2.6559488773345947,0.8230679035186768,2.3850226402282715,0.24989037215709686,0.09604623913764954,0.391845703125,0.058441162109375
3230,1274,6.452025413513184,2.6495344638824463,0.8501979112625122,-1.1486339569091797,-0.11128891259431839,2.104342460632324,0.394775390625,0.058441162109375
3231,1277,6.52577543258667,1.967212438583374,0.7940897941589355,-0.9847640991210938,-0.11221926659345627,-2.185783624649048,0.388671875,0.026641845703125
3232,1276,6.511846542358398,2.6559488773345947,0.8230679035186768,2.3850226402282715,0.24989037215709686,0.09604623913764954,0.391845703125,0.058441162109375
3233,1275,6.583220958709717,1.973626971244812,0.8259421586990356,2.3850226402282715,0.24989037215709686,0.09604623913764954,0.391845703125,0.026641845703125
3234,1277,6.52577543258667,1.967212438583374,0.7940897941589355,-0.9847640991210938,-0.11221926659345627,-2.185783624649048,0.388671875,0.026641845703125
3235,1278,6.454401016235352,2.6495344638824463,0.7912155389785767,-0.9757027626037598,-0.11128867417573929,-2.1898908615112305,0.388671875,0.058441162109375
3236,1276,6.511846542358398,2.6559488773345947,0.8230679035186768,2.3850226402282715,0.24989037215709686,0.09604623913764954,0.391845703125,0.058441162109375
3237,1279,-5.26139497756958,3.019791603088379,-1.378843903541565,0.9513564705848694,-1.9628210067749023,-1.0011271238327026,0.2496337890625,0.3515625
3238,1280,-5.6436357498168945,2.9837067127227783,-1.671278715133667,0.9513565301895142,-1.9628210067749023,-1.0011271238327026,0.227294921875,0.3515625
3239,1281,-5.638949871063232,3.0372350215911865,-1.7718271017074585,1.4602599143981934,-0.4237735867500305,-1.8568953275680542,0.2247314453125,0.356201171875
3240,1279,-5.26139497756958,3.019791603088379,-1.378843903541565,0.9513564705848694,-1.9628210067749023,-1.0011271238327026,0.2496337890625,0.3515625
3241,1281,-5.638949871063232,3.0372350215911865,-1.7718271017074585,1.4602599143981934,-0.4237735867500305,-1.8568953275680542,0.2247314453125,0.356201171875
3242,1282,-5.2147536277771,3.077314853668213,-1.4472483396530151,1.445770263671875,-0.6149693131446838,-1.8142668008804321,0.2496337890625,0.356201171875
3243,1283,-5.657355785369873,3.2409067153930664,-1.773399829864502,1.364778757095337,0.6471749544143677,-1.865086317062378,0.2247314453125,0.36572265625
3244,1282,-5.2147536277771,3.077314853668213,-1.4472483396530151,1.445770263671875,-0.6149693131446838,-1.8142668008804321,0.2496337890625,0.356201171875
3245,1281,-5.638949871063232,3.0372350215911865,-1.7718271017074585,1.4602599143981934,-0.4237735867500305,-1.8568953275680542,0.2247314453125,0.356201171875
3246,1284,-5.694293022155762,3.134443998336792,-1.8078709840774536,1.4481546878814697,0.11611854285001755,-1.9103317260742188,0.2220458984375,0.36083984375
3247,1283,-5.657355785369873,3.2409067153930664,-1.773399829864502,1.364778757095337,0.6471749544143677,-1.865086317062378,0.2247314453125,0.36572265625
3248,1281,-5.638949871063232,3.0372350215911865,-1.7718271017074585,1.4602599143981934,-0.4237735867500305,-1.8568953275680542,0.2247314453125,0.356201171875
3249,1283,-5.657355785369873,3.2409067153930664,-1.773399829864502,1.364778757095337,0.6471749544143677,-1.865086317062378,0.2247314453125,0.36572265625
3250,1285,-5.233119487762451,3.281317710876465,-1.449060320854187,1.3176418542861938,0.8299086689949036,-1.8262187242507935,0.2496337890625,0.36572265625
3251,1282,-5.2147536277771,3.077314853668213,-1.4472483396530151,1.445770263671875,-0.6149693131446838,-1.8142668008804321,0.2496337890625,0.356201171875
3252,1286,-5.671557426452637,3.294374465942383,-1.6739479303359985,0.04433281347155571,2.373544931411743,-0.35258904099464417,0.2271728515625,0.370361328125
3253,1285,-5.233119487762451,3.281317710876465,-1.449060320854187,1.3176418542861938,0.8299086689949036,-1.8262187242507935,0.2496337890625,0.36572265625
3254,1283,-5.657355785369873,3.2409067153930664,-1.773399829864502,1.364778757095337,0.6471749544143677,-1.865086317062378,0.2247314453125,0.36572265625
3255,1286,-5.671557426452637,3.294374465942383,-1.6739479303359985,0.04433281347155571,2.373544931411743,-0.35258904099464417,0.2271728515625,0.370361328125
3256,1287,-5.289351940155029,3.330751895904541,-1.3817851543426514,-0.0016068127006292343,2.3819897174835205,-0.2934681177139282,0.2496337890625,0.370361328125
3257,1285,-5.233119487762451,3.281317710876465,-1.449060320854187,1.3176418542861938,0.8299086689949036,-1.8262187242507935,0.2496337890625,0.36572265625
3258,1288,-5.851972579956055,3.280231475830078,-1.4362983703613281,-0.4639861285686493,2.333184003829956,0.317756712436676,0.2271728515625,0.38427734375
3259,1287,-5.289351940155029,3.330751895904541,-1.3817851543426514,-0.0016068127006292343,2.3819897174835205,-0.2934681177139282,0.2496337890625,0.370361328125
3260,1286,-5.671557426452637,3.294374465942383,-1.6739479303359985,0.04433281347155571,2.373544931411743,-0.35258904099464417,0.2271728515625,0.370361328125
3261,1288,-5.851972579956055,3.280231475830078,-1.4362983703613281,-0.4639861285686493,2.333184003829956,0.317756712436676,0.2271728515625,0.38427734375
3262,1289,-5.469805717468262,3.316279172897339,-1.1438953876495361,-0.4198191463947296,2.348865270614624,0.258039653301239,0.2496337890625,0.38427734375
3263,1287,-5.289351940155029,3.330751895904541,-1.3817851543426514,-0.0016068127006292343,2.3819897174835205,-0.2934681177139282,0.2496337890625,0.370361328125
3264,1289,-5.469805717468262,3.316279172897339,-1.1438953876495361,-0.4198191463947296,2.348865270614624,0.258039653301239,0.2496337890625,0.38427734375
3265,1288,-5.851972579956055,3.280231475830078,-1.4362983703613281,-0.4639861285686493,2.333184003829956,0.317756712436676,0.2271728515625,0.38427734375
3266,1290,-5.939995765686035,3.2188947200775146,-1.4011038541793823,-1.5486315488815308,0.37108516693115234,1.7955610752105713,0.2247314453125,0.388916015625
3267,1289,-5.469805717468262,3.316279172897339,-1.1438953876495361,-0.4198191463947296,2.348865270614624,0.258039653301239,0.2496337890625,0.38427734375
3268,1290,-5.939995765686035,3.2188947200775146,-1.4011038541793823,-1.5486315488815308,0.37108516693115234,1.7955610752105713,0.2247314453125,0.388916015625
3269,1291,-5.515799045562744,3.258974075317383,-1.0765252113342285,-1.4469470977783203,0.6034959554672241,1.8171790838241577,0.2496337890625,0.388916015625
3270,1292,-5.497467994689941,3.0552642345428467,-1.074984073638916,-1.3199281692504883,-0.822930097579956,1.8277251720428467,0.2496337890625,0.398193359375
3271,1291,-5.515799045562744,3.258974075317383,-1.0765252113342285,-1.4469470977783203,0.6034959554672241,1.8171790838241577,0.2496337890625,0.388916015625
3272,1290,-5.939995765686035,3.2188947200775146,-1.4011038541793823,-1.5486315488815308,0.37108516693115234,1.7955610752105713,0.2247314453125,0.388916015625
3273,1292,-5.497467994689941,3.0552642345428467,-1.074984073638916,-1.3199281692504883,-0.822930097579956,1.8277251720428467,0.2496337890625,0.398193359375
3274,1290,-5.939995765686035,3.2188947200775146,-1.4011038541793823,-1.5486315488815308,0.37108516693115234,1.7955610752105713,0.2247314453125,0.388916015625
3275,1293,-5.921629428863525,3.014892101287842,-1.3992919921875,-1.4613436460494995,-0.6102398633956909,1.8033539056777954,0.2247314453125,0.398193359375
3276,1293,-5.921629428863525,3.014892101287842,-1.3992919921875,-1.4613436460494995,-0.6102398633956909,1.8033539056777954,0.2247314453125,0.398193359375
3277,1294,-5.441809177398682,3.0056498050689697,-1.1411936283111572,-0.6013733148574829,-2.075847625732422,1.0436511039733887,0.2496337890625,0.40283203125
3278,1292,-5.497467994689941,3.0552642345428467,-1.074984073638916,-1.3199281692504883,-0.822930097579956,1.8277251720428467,0.2496337890625,0.398193359375
3279,1293,-5.921629428863525,3.014892101287842,-1.3992919921875,-1.4613436460494995,-0.6102398633956909,1.8033539056777954,0.2247314453125,0.398193359375
3280,1295,-5.824051380157471,2.969564199447632,-1.4336282014846802,-0.6013733148574829,-2.075847625732422,1.0436511039733887,0.227294921875,0.40283203125
3281,1294,-5.441809177398682,3.0056498050689697,-1.1411936283111572,-0.6013733148574829,-2.075847625732422,1.0436511039733887,0.2496337890625,0.40283203125
3282,1296,-5.992112636566162,3.0884690284729004,-1.544621229171753,-2.1890738010406494,-0.18791697919368744,0.9657355546951294,0.2174072265625,0.39453125
3283,1293,-5.921629428863525,3.014892101287842,-1.3992919921875,-1.4613436460494995,-0.6102398633956909,1.8033539056777954,0.2247314453125,0.398193359375
3284,1290,-5.939995765686035,3.2188947200775146,-1.4011038541793823,-1.5486315488815308,0.37108516693115234,1.7955610752105713,0.2247314453125,0.388916015625
3285,1296,-5.992112636566162,3.0884690284729004,-1.544621229171753,-2.1890738010406494,-0.18791697919368744,0.9657355546951294,0.2174072265625,0.39453125
3286,1290,-5.939995765686035,3.2188947200775146,-1.4011038541793823,-1.5486315488815308,0.37108516693115234,1.7955610752105713,0.2247314453125,0.388916015625
3287,1297,-5.995944023132324,3.131484270095825,-1.5450596809387207,-2.1890738010406494,-0.18791696429252625,0.9657355546951294,0.2174072265625,0.392578125
3288,1298,-5.638949871063232,3.0372350215911865,-1.7718271017074585,-0.9415870904922485,-1.900835633277893,-1.1226036548614502,0.286376953125,0.27587890625
3289,1299,-5.711066722869873,3.073458194732666,-1.7785214185714722,-0.8860239386558533,-1.8343031406402588,-1.26897394657135,0.284423828125,0.279052734375
3290,1300,-5.694293022155762,3.134443998336792,-1.8078709840774536,-0.2848004996776581,-0.9693315625190735,-2.176990509033203,0.287109375,0.28125
3291,1301,-5.6436357498168945,2.9837067127227783,-1.671278715133667,-1.091101884841919,-1.9190765619277954,-0.9416176080703735,0.2822265625,0.272216796875
3292,1299,-5.711066722869873,3.073458194732666,-1.7785214185714722,-0.8860239386558533,-1.8343031406402588,-1.26897394657135,0.284423828125,0.279052734375
3293,1298,-5.638949871063232,3.0372350215911865,-1.7718271017074585,-0.9415870904922485,-1.900835633277893,-1.1226036548614502,0.286376953125,0.27587890625
3294,1301,-5.6436357498168945,2.9837067127227783,-1.671278715133667,-1.091101884841919,-1.9190765619277954,-0.9416176080703735,0.2822265625,0.272216796875
3295,1302,-5.764456748962402,3.0671849250793457,-1.707796573638916,-0.9835973978042603,-2.006061315536499,-0.8765016794204712,0.280517578125,0.279052734375
3296,1299,-5.711066722869873,3.073458194732666,-1.7785214185714722,-0.8860239386558533,-1.8343031406402588,-1.26897394657135,0.284423828125,0.279052734375
3297,1301,-5.6436357498168945,2.9837067127227783,-1.671278715133667,-1.091101884841919,-1.9190765619277954,-0.9416176080703735,0.2822265625,0.272216796875
3298,1303,-5.921629428863525,3.014892101287842,-1.3992919921875,-0.9379754066467285,-2.0466136932373047,-0.8316100239753723,0.2646484375,0.275634765625
3299,1302,-5.764456748962402,3.0671849250793457,-1.707796573638916,-0.9835973978042603,-2.006061315536499,-0.8765016794204712,0.280517578125,0.279052734375
3300,1301,-5.6436357498168945,2.9837067127227783,-1.671278715133667,-1.091101884841919,-1.9190765619277954,-0.9416176080703735,0.2822265625,0.272216796875
3301,1304,-5.824051380157471,2.969564199447632,-1.4336282014846802,-1.118401050567627,-1.911968469619751,-0.9238810539245605,0.2685546875,0.272216796875
3302,1303,-5.921629428863525,3.014892101287842,-1.3992919921875,-0.9379754066467285,-2.0466136932373047,-0.8316100239753723,0.2646484375,0.275634765625
3303,1302,-5.764456748962402,3.0671849250793457,-1.707796573638916,-0.9835973978042603,-2.006061315536499,-0.8765016794204712,0.280517578125,0.279052734375
3304,1303,-5.921629428863525,3.014892101287842,-1.3992919921875,-0.9379754066467285,-2.0466136932373047,-0.8316100239753723,0.2646484375,0.275634765625
3305,1305,-5.992112636566162,3.0884690284729004,-1.544621229171753,-0.7144025564193726,-2.177550792694092,-0.7126722931861877,0.26806640625,0.282958984375
3306,1302,-5.764456748962402,3.0671849250793457,-1.707796573638916,-0.9835973978042603,-2.006061315536499,-0.8765016794204712,0.280517578125,0.279052734375
3307,1305,-5.992112636566162,3.0884690284729004,-1.544621229171753,-0.7144025564193726,-2.177550792694092,-0.7126722931861877,0.26806640625,0.282958984375
3308,1306,-5.881325721740723,3.0960779190063477,-1.6877541542053223,-0.7144023180007935,-2.177550792694092,-0.712672233581543,0.2763671875,0.282958984375
3309,1307,-5.721824645996094,3.192445755004883,-1.779538869857788,-1.1957565546035767,1.6261662244796753,-1.2983647584915161,0.284423828125,0.2890625
3310,1308,-5.657355785369873,3.2409067153930664,-1.773399829864502,-1.2636181116104126,1.6844203472137451,-1.1515204906463623,0.2861328125,0.29248046875
3311,1309,-5.694293022155762,3.134443998336792,-1.8078709840774536,-0.44006258249282837,0.863564133644104,-2.195587396621704,0.287109375,0.287109375
3312,1310,-5.671557426452637,3.294374465942383,-1.6739479303359985,-1.4141758680343628,1.6776542663574219,-0.9724119305610657,0.2822265625,0.2958984375
3313,1308,-5.657355785369873,3.2409067153930664,-1.773399829864502,-1.2636181116104126,1.6844203472137451,-1.1515204906463623,0.2861328125,0.29248046875
3314,1307,-5.721824645996094,3.192445755004883,-1.779538869857788,-1.1957565546035767,1.6261662244796753,-1.2983647584915161,0.284423828125,0.2890625
3315,1310,-5.671557426452637,3.294374465942383,-1.6739479303359985,-1.4141758680343628,1.6776542663574219,-0.9724119305610657,0.2822265625,0.2958984375
3316,1307,-5.721824645996094,3.192445755004883,-1.779538869857788,-1.1957565546035767,1.6261662244796753,-1.2983647584915161,0.284423828125,0.2890625
3317,1311,-5.775548458099365,3.1899681091308594,-1.708819031715393,-1.3235700130462646,1.7837508916854858,-0.9090636372566223,0.2802734375,0.289306640625
3318,1312,-5.939995765686035,3.2188947200775146,-1.4011038541793823,-1.285645842552185,1.8324958086013794,-0.8654913902282715,0.264404296875,0.29248046875
3319,1310,-5.671557426452637,3.294374465942383,-1.6739479303359985,-1.4141758680343628,1.6776542663574219,-0.9724119305610657,0.2822265625,0.2958984375
3320,1311,-5.775548458099365,3.1899681091308594,-1.708819031715393,-1.3235700130462646,1.7837508916854858,-0.9090636372566223,0.2802734375,0.289306640625
3321,1312,-5.939995765686035,3.2188947200775146,-1.4011038541793823,-1.285645842552185,1.8324958086013794,-0.8654913902282715,0.264404296875,0.29248046875
3322,1313,-5.851972579956055,3.280231475830078,-1.4362983703613281,-1.439513921737671,1.6658189296722412,-0.9554314613342285,0.268310546875,0.2958984375
3323,1310,-5.671557426452637,3.294374465942383,-1.6739479303359985,-1.4141758680343628,1.6776542663574219,-0.9724119305610657,0.2822265625,0.2958984375
3324,1314,-5.885406970977783,3.1413660049438477,-1.6880745887756348,-1.0878705978393555,2.0041122436523438,-0.7483800649642944,0.2763671875,0.28515625
3325,1312,-5.939995765686035,3.2188947200775146,-1.4011038541793823,-1.285645842552185,1.8324958086013794,-0.8654913902282715,0.264404296875,0.29248046875
3326,1311,-5.775548458099365,3.1899681091308594,-1.708819031715393,-1.3235700130462646,1.7837508916854858,-0.9090636372566223,0.2802734375,0.289306640625
3327,1314,-5.885406970977783,3.1413660049438477,-1.6880745887756348,-1.0878705978393555,2.0041122436523438,-0.7483800649642944,0.2763671875,0.28515625
3328,1315,-5.995944023132324,3.131484270095825,-1.5450596809387207,-1.0878705978393555,2.0041122436523438,-0.7483800649642944,0.26806640625,0.28515625
3329,1312,-5.939995765686035,3.2188947200775146,-1.4011038541793823,-1.285645842552185,1.8324958086013794,-0.8654913902282715,0.264404296875,0.29248046875
3330,1316,-5.885406970977783,3.1413660049438477,-1.6880745887756348,-1.0836173295974731,-0.11474522203207016,-2.138366460800171,0.2763671875,0.28515625
3331,1317,-5.992112636566162,3.0884690284729004,-1.544621229171753,-1.887568712234497,-0.1817728877067566,-1.4710696935653687,0.26806640625,0.282958984375
3332,1318,-5.995944023132324,3.131484270095825,-1.5450596809387207,-1.8875685930252075,-0.1817728877067566,-1.4710698127746582,0.26806640625,0.28515625
3333,1316,-5.885406970977783,3.1413660049438477,-1.6880745887756348,-1.0836173295974731,-0.11474522203207016,-2.138366460800171,0.2763671875,0.28515625
3334,1319,-5.881325721740723,3.0960779190063477,-1.6877541542053223,-1.0823333263397217,-0.11463487893342972,-2.1390223503112793,0.2763671875,0.282958984375
3335,1317,-5.992112636566162,3.0884690284729004,-1.544621229171753,-1.887568712234497,-0.1817728877067566,-1.4710696935653687,0.26806640625,0.282958984375
3336,1320,-5.764456748962402,3.0671849250793457,-1.707796573638916,-1.3691999912261963,-0.13983678817749023,-1.9661484956741333,0.28173828125,0.28125
3337,1319,-5.881325721740723,3.0960779190063477,-1.6877541542053223,-1.0823333263397217,-0.11463487893342972,-2.1390223503112793,0.2763671875,0.282958984375
3338,1316,-5.885406970977783,3.1413660049438477,-1.6880745887756348,-1.0836173295974731,-0.11474522203207016,-2.138366460800171,0.2763671875,0.28515625
3339,1320,-5.764456748962402,3.0671849250793457,-1.707796573638916,-1.3691999912261963,-0.13983678817749023,-1.9661484956741333,0.28173828125,0.28125
3340,1316,-5.885406970977783,3.1413660049438477,-1.6880745887756348,-1.0836173295974731,-0.11474522203207016,-2.138366460800171,0.2763671875,0.28515625
3341,1321,-5.775548458099365,3.1899681091308594,-1.708819031715393,-1.3688777685165405,-0.13980934023857117,-1.9663748741149902,0.28173828125,0.286865234375
3342,1322,-5.721824645996094,3.192445755004883,-1.779538869857788,-1.9015705585479736,-0.1841275691986084,-1.4526286125183105,0.285888671875,0.286865234375
3343,1320,-5.764456748962402,3.0671849250793457,-1.707796573638916,-1.3691999912261963,-0.13983678817749023,-1.9661484956741333,0.28173828125,0.28125
3344,1321,-5.775548458099365,3.1899681091308594,-1.708819031715393,-1.3688777685165405,-0.13980934023857117,-1.9663748741149902,0.28173828125,0.286865234375
3345,1322,-5.721824645996094,3.192445755004883,-1.779538869857788,-1.9015705585479736,-0.1841275691986084,-1.4526286125183105,0.285888671875,0.286865234375
3346,1323,-5.711066722869873,3.073458194732666,-1.7785214185714722,-1.9015676975250244,-0.18412742018699646,-1.4526320695877075,0.285888671875,0.281494140625
3347,1320,-5.764456748962402,3.0671849250793457,-1.707796573638916,-1.3691999912261963,-0.13983678817749023,-1.9661484956741333,0.28173828125,0.28125
3348,1324,-5.694293022155762,3.134443998336792,-1.8078709840774536,-1.8931361436843872,-0.18367281556129456,-1.4636609554290771,0.28759765625,0.2841796875
3349,1323,-5.711066722869873,3.073458194732666,-1.7785214185714722,-1.9015676975250244,-0.18412742018699646,-1.4526320695877075,0.285888671875,0.281494140625
3350,1322,-5.721824645996094,3.192445755004883,-1.779538869857788,-1.9015705585479736,-0.1841275691986084,-1.4526286125183105,0.285888671875,0.286865234375
3351,1325,-5.469805717468262,3.316279172897339,-1.1438953876495361,1.900629997253418,0.1841427981853485,1.4538568258285522,0.351806640625,0.46826171875
3352,1326,-5.515799045562744,3.258974075317383,-1.0765252113342285,1.8992376327514648,0.1830759346485138,1.4558100700378418,0.354248046875,0.47216796875
3353,1327,-5.497467994689941,3.0552642345428467,-1.074984073638916,1.8992376327514648,0.1830759197473526,1.4558100700378418,0.36376953125,0.47216796875
3354,1325,-5.469805717468262,3.316279172897339,-1.1438953876495361,1.900629997253418,0.1841427981853485,1.4538568258285522,0.351806640625,0.46826171875
3355,1327,-5.497467994689941,3.0552642345428467,-1.074984073638916,1.8992376327514648,0.1830759197473526,1.4558100700378418,0.36376953125,0.47216796875
3356,1328,-5.441809177398682,3.0056498050689697,-1.1411936283111572,1.9006305932998657,0.18414324522018433,1.453856110572815,0.3662109375,0.46826171875
3357,1325,-5.469805717468262,3.316279172897339,-1.1438953876495361,1.900629997253418,0.1841427981853485,1.4538568258285522,0.351806640625,0.46826171875
3358,1328,-5.441809177398682,3.0056498050689697,-1.1411936283111572,1.9006305932998657,0.18414324522018433,1.453856110572815,0.3662109375,0.46826171875
3359,1329,-5.26139497756958,3.019791603088379,-1.378843903541565,1.9009215831756592,0.1843213438987732,1.4534529447555542,0.3662109375,0.454345703125
3360,1325,-5.469805717468262,3.316279172897339,-1.1438953876495361,1.900629997253418,0.1841427981853485,1.4538568258285522,0.351806640625,0.46826171875
3361,1329,-5.26139497756958,3.019791603088379,-1.378843903541565,1.9009215831756592,0.1843213438987732,1.4534529447555542,0.3662109375,0.454345703125
3362,1330,-5.289351940155029,3.330751895904541,-1.3817851543426514,1.9009218215942383,0.18432137370109558,1.453452706336975,0.351806640625,0.454345703125
3363,1331,-5.2147536277771,3.077314853668213,-1.4472483396530151,1.9014812707901,0.18445327877998352,1.4527041912078857,0.36376953125,0.450439453125
3364,1330,-5.289351940155029,3.330751895904541,-1.3817851543426514,1.9009218215942383,0.18432137370109558,1.453452706336975,0.351806640625,0.454345703125
3365,1329,-5.26139497756958,3.019791603088379,-1.378843903541565,1.9009215831756592,0.1843213438987732,1.4534529447555542,0.3662109375,0.454345703125
3366,1331,-5.2147536277771,3.077314853668213,-1.4472483396530151,1.9014812707901,0.18445327877998352,1.4527041912078857,0.36376953125,0.450439453125
3367,1332,-5.233119487762451,3.281317710876465,-1.449060320854187,1.9014813899993896,0.18445327877998352,1.4527040719985962,0.354248046875,0.450439453125
3368,1330,-5.289351940155029,3.330751895904541,-1.3817851543426514,1.9009218215942383,0.18432137370109558,1.453452706336975,0.351806640625,0.454345703125
3369,1333,-6.176113605499268,3.798103094100952,-1.1133038997650146,-1.9075590372085571,1.2922416925430298,-0.6718125939369202,0.355712890625,0.8193359375
3370,1334,-6.131596565246582,3.810084819793701,-1.1482887268066406,-1.9075590372085571,1.2922414541244507,-0.6718125939369202,0.358154296875,0.8193359375
3371,1335,-6.292750358581543,3.391063690185547,-1.5650856494903564,-1.9075590372085571,1.2922416925430298,-0.6718125939369202,0.358154296875,0.78955078125
3372,1333,-6.176113605499268,3.798103094100952,-1.1133038997650146,-1.9075590372085571,1.2922416925430298,-0.6718125939369202,0.355712890625,0.8193359375
3373,1335,-6.292750358581543,3.391063690185547,-1.5650856494903564,-1.9075590372085571,1.2922416925430298,-0.6718125939369202,0.358154296875,0.78955078125
3374,1336,-6.296907424926758,3.3625741004943848,-1.5397098064422607,-1.9075590372085571,1.2922416925430298,-0.6718125939369202,0.355712890625,0.78955078125
3375,1337,-4.549434185028076,4.143915176391602,-0.9850473999977112,0.3432869613170624,1.9973576068878174,-1.2855807542800903,0.420654296875,0.67236328125
3376,1338,-4.51326322555542,4.147007942199707,-0.9400291442871094,0.3432869613170624,1.9973576068878174,-1.2855807542800903,0.4228515625,0.67236328125
3377,1339,-4.0219035148620605,3.8605618476867676,-1.2844182252883911,0.3432869613170624,1.9973576068878174,-1.2855808734893799,0.4228515625,0.6416015625
3378,1337,-4.549434185028076,4.143915176391602,-0.9850473999977112,0.3432869613170624,1.9973576068878174,-1.2855807542800903,0.420654296875,0.67236328125
3379,1339,-4.0219035148620605,3.8605618476867676,-1.2844182252883911,0.3432869613170624,1.9973576068878174,-1.2855808734893799,0.4228515625,0.6416015625
3380,1340,-4.043276309967041,3.8336119651794434,-1.3014410734176636,0.34328693151474,1.9973576068878174,-1.2855805158615112,0.420654296875,0.6416015625
3381,1341,-3.8355557918548584,4.004538536071777,-1.0069820880889893,-2.023029088973999,-0.8987671732902527,0.927132248878479,0.73486328125,0.966796875
3382,1342,-3.6372668743133545,3.563746452331543,-1.0995451211929321,-1.674324631690979,-0.7857733368873596,-1.5294444561004639,0.72998046875,0.9892578125
3383,1343,-3.6369612216949463,3.565537452697754,-0.9989053010940552,-1.9954322576522827,-0.8850353956222534,0.9974795579910278,0.73486328125,0.9892578125
3384,1341,-3.8355557918548584,4.004538536071777,-1.0069820880889893,-2.023029088973999,-0.8987671732902527,0.927132248878479,0.73486328125,0.966796875
3385,1344,-3.8577566146850586,4.0511016845703125,-1.1084222793579102,-1.5543636083602905,-0.734101414680481,-1.6748288869857788,0.72998046875,0.96435546875
3386,1342,-3.6372668743133545,3.563746452331543,-1.0995451211929321,-1.674324631690979,-0.7857733368873596,-1.5294444561004639,0.72998046875,0.9892578125
3387,1344,-3.8577566146850586,4.0511016845703125,-1.1084222793579102,-1.5543636083602905,-0.734101414680481,-1.6748288869857788,0.72998046875,0.96435546875
3388,1345,-3.4796833992004395,3.6331064701080322,-1.2105154991149902,-0.5581227540969849,-0.29491618275642395,-2.3154971599578857,0.720703125,0.9892578125
3389,1342,-3.6372668743133545,3.563746452331543,-1.0995451211929321,-1.674324631690979,-0.7857733368873596,-1.5294444561004639,0.72998046875,0.9892578125
3390,1344,-3.8577566146850586,4.0511016845703125,-1.1084222793579102,-1.5543636083602905,-0.734101414680481,-1.6748288869857788,0.72998046875,0.96435546875
3391,1346,-3.7005739212036133,4.1203765869140625,-1.219409704208374,-0.7285341024398804,-0.37093833088874817,-2.256467819213867,0.72021484375,0.9638671875
3392,1345,-3.4796833992004395,3.6331064701080322,-1.2105154991149902,-0.5581227540969849,-0.29491618275642395,-2.3154971599578857,0.720703125,0.9892578125
3393,1347,-3.803006172180176,4.138881683349609,-1.164851427078247,-1.1751970052719116,-0.5626901984214783,-2.0155136585235596,0.72509765625,0.9619140625
3394,1346,-3.7005739212036133,4.1203765869140625,-1.219409704208374,-0.7285341024398804,-0.37093833088874817,-2.256467819213867,0.72021484375,0.9638671875
3395,1344,-3.8577566146850586,4.0511016845703125,-1.1084222793579102,-1.5543636083602905,-0.734101414680481,-1.6748288869857788,0.72998046875,0.96435546875
3396,1348,-3.595641613006592,4.110236167907715,-1.1760090589523315,1.61189866065979,0.7005957961082458,-1.6343045234680176,0.7158203125,0.966796875
3397,1345,-3.4796833992004395,3.6331064701080322,-1.2105154991149902,-0.5581227540969849,-0.29491618275642395,-2.3154971599578857,0.720703125,0.9892578125
3398,1346,-3.7005739212036133,4.1203765869140625,-1.219409704208374,-0.7285341024398804,-0.37093833088874817,-2.256467819213867,0.72021484375,0.9638671875
3399,1348,-3.595641613006592,4.110236167907715,-1.1760090589523315,1.61189866065979,0.7005957961082458,-1.6343045234680176,0.7158203125,0.966796875
3400,1349,-3.396646022796631,3.671229839324951,-1.1679151058197021,1.6583940982818604,0.7227118015289307,-1.5771559476852417,0.7158203125,0.9892578125
3401,1345,-3.4796833992004395,3.6331064701080322,-1.2105154991149902,-0.5581227540969849,-0.29491618275642395,-2.3154971599578857,0.720703125,0.9892578125
3402,1350,-3.2507073879241943,3.741323232650757,-0.9168848395347595,1.9963735342025757,0.8863540291786194,-0.9944202899932861,0.7021484375,0.9892578125
3403,1349,-3.396646022796631,3.671229839324951,-1.1679151058197021,1.6583940982818604,0.7227118015289307,-1.5771559476852417,0.7158203125,0.9892578125
3404,1348,-3.595641613006592,4.110236167907715,-1.1760090589523315,1.61189866065979,0.7005957961082458,-1.6343045234680176,0.7158203125,0.966796875
3405,1350,-3.2507073879241943,3.741323232650757,-0.9168848395347595,1.9963735342025757,0.8863540291786194,-0.9944202899932861,0.7021484375,0.9892578125
3406,1348,-3.595641613006592,4.110236167907715,-1.1760090589523315,1.61189866065979,0.7005957961082458,-1.6343045234680176,0.7158203125,0.966796875
3407,1351,-3.4497034549713135,4.180330276489258,-0.9249783754348755,2.0234315395355225,0.899843156337738,-0.9252080917358398,0.7021484375,0.966796875
3408,1351,-3.4497034549713135,4.180330276489258,-0.9249783754348755,2.0234315395355225,0.899843156337738,-0.9252080917358398,0.7021484375,0.966796875
3409,1352,-3.251168727874756,3.742947816848755,-0.817183256149292,1.668473720550537,0.7836716175079346,1.5368984937667847,0.697265625,0.9892578125
3410,1350,-3.2507073879241943,3.741323232650757,-0.9168848395347595,1.9963735342025757,0.8863540291786194,-0.9944202899932861,0.7021484375,0.9892578125
3411,1351,-3.4497034549713135,4.180330276489258,-0.9249783754348755,2.0234315395355225,0.899843156337738,-0.9252080917358398,0.7021484375,0.966796875
3412,1353,-3.471658945083618,4.230213165283203,-0.8260610699653625,1.4788768291473389,0.82222980260849,1.7020174264907837,0.69775390625,0.9638671875
3413,1352,-3.251168727874756,3.742947816848755,-0.817183256149292,1.668473720550537,0.7836716175079346,1.5368984937667847,0.697265625,0.9892578125
3414,1352,-3.251168727874756,3.742947816848755,-0.817183256149292,1.668473720550537,0.7836716175079346,1.5368984937667847,0.697265625,0.9892578125
3415,1353,-3.471658945083618,4.230213165283203,-0.8260610699653625,1.4788768291473389,0.82222980260849,1.7020174264907837,0.69775390625,0.9638671875
3416,1354,-3.6292428970336914,4.160853385925293,-0.7150903940200806,0.7198943495750427,0.48834916949272156,2.2367992401123047,0.6875,0.9638671875
3417,1352,-3.251168727874756,3.742947816848755,-0.817183256149292,1.668473720550537,0.7836716175079346,1.5368984937667847,0.697265625,0.9892578125
3418,1354,-3.6292428970336914,4.160853385925293,-0.7150903940200806,0.7198943495750427,0.48834916949272156,2.2367992401123047,0.6875,0.9638671875
3419,1355,-3.4083521366119385,3.6735827922821045,-0.7061964273452759,0.5670536756515503,0.2989412844181061,2.312809467315674,0.68798828125,0.9892578125
3420,1353,-3.471658945083618,4.230213165283203,-0.8260610699653625,1.4788768291473389,0.82222980260849,1.7020174264907837,0.69775390625,0.9638671875
3421,1356,-3.6614327430725098,4.296168327331543,-0.8253079652786255,0.5463751554489136,1.5521466732025146,1.7470881938934326,0.69189453125,0.95703125
3422,1354,-3.6292428970336914,4.160853385925293,-0.7150903940200806,0.7198943495750427,0.48834916949272156,2.2367992401123047,0.6875,0.9638671875
3423,1353,-3.471658945083618,4.230213165283203,-0.8260610699653625,1.4788768291473389,0.82222980260849,1.7020174264907837,0.69775390625,0.9638671875
3424,1357,-3.6281731128692627,4.310807228088379,-0.8486460447311401,0.5463751554489136,1.5521467924118042,1.7470881938934326,0.69384765625,0.95703125
3425,1356,-3.6614327430725098,4.296168327331543,-0.8253079652786255,0.5463751554489136,1.5521466732025146,1.7470881938934326,0.69189453125,0.95703125
3426,1355,-3.4083521366119385,3.6735827922821045,-0.7061964273452759,0.5670536756515503,0.2989412844181061,2.312809467315674,0.68798828125,0.9892578125
3427,1354,-3.6292428970336914,4.160853385925293,-0.7150903940200806,0.7198943495750427,0.48834916949272156,2.2367992401123047,0.6875,0.9638671875
3428,1358,-3.689617872238159,4.07463264465332,-0.755952000617981,-1.611962080001831,-0.7001172304153442,1.6344469785690308,0.68359375,0.966796875
3429,1355,-3.4083521366119385,3.6735827922821045,-0.7061964273452759,0.5670536756515503,0.2989412844181061,2.312809467315674,0.68798828125,0.9892578125
3430,1358,-3.689617872238159,4.07463264465332,-0.755952000617981,-1.611962080001831,-0.7001172304153442,1.6344469785690308,0.68359375,0.966796875
3431,1359,-3.4906210899353027,3.6357157230377197,-0.7478576302528381,-1.6572998762130737,-0.7216399908065796,1.5787956714630127,0.68359375,0.9892578125
3432,1358,-3.689617872238159,4.07463264465332,-0.755952000617981,-1.611962080001831,-0.7001172304153442,1.6344469785690308,0.68359375,0.966796875
3433,1360,-3.6369612216949463,3.565537452697754,-0.9989053010940552,-1.9954322576522827,-0.8850353956222534,0.9974795579910278,0.66943359375,0.9892578125
3434,1359,-3.4906210899353027,3.6357157230377197,-0.7478576302528381,-1.6572998762130737,-0.7216399908065796,1.5787956714630127,0.68359375,0.9892578125
3435,1358,-3.689617872238159,4.07463264465332,-0.755952000617981,-1.611962080001831,-0.7001172304153442,1.6344469785690308,0.68359375,0.966796875
3436,1361,-3.8355557918548584,4.004538536071777,-1.0069820880889893,-2.023029088973999,-0.8987671732902527,0.927132248878479,0.66943359375,0.966796875
3437,1360,-3.6369612216949463,3.565537452697754,-0.9989053010940552,-1.9954322576522827,-0.8850353956222534,0.9974795579910278,0.66943359375,0.9892578125
3438,1362,-3.6945199966430664,4.189196586608887,-1.0930135250091553,0.8565298914909363,1.9758105278015137,-1.059494972229004,0.7138671875,0.9599609375
3439,1363,-3.7151684761047363,4.267200469970703,-1.0014498233795166,1.1190247535705566,1.7639403343200684,-1.18165123462677,0.7099609375,0.9560546875
3440,1364,-3.6281731128692627,4.310807228088379,-0.8486460447311401,1.119024634361267,1.7639403343200684,-1.1816515922546387,0.70166015625,0.9560546875
3441,1362,-3.6945199966430664,4.189196586608887,-1.0930135250091553,0.8565298914909363,1.9758105278015137,-1.059494972229004,0.7138671875,0.9599609375
3442,1364,-3.6281731128692627,4.310807228088379,-0.8486460447311401,1.119024634361267,1.7639403343200684,-1.1816515922546387,0.70166015625,0.9560546875
3443,1365,-3.471658945083618,4.230213165283203,-0.8260610699653625,0.9207664728164673,1.938503384590149,-1.074427604675293,0.69775390625,0.9638671875
3444,1366,-3.595641613006592,4.110236167907715,-1.1760090589523315,0.7378831505775452,2.0525736808776855,-1.001235008239746,0.7158203125,0.966796875
3445,1362,-3.6945199966430664,4.189196586608887,-1.0930135250091553,0.8565298914909363,1.9758105278015137,-1.059494972229004,0.7138671875,0.9599609375
3446,1365,-3.471658945083618,4.230213165283203,-0.8260610699653625,0.9207664728164673,1.938503384590149,-1.074427604675293,0.69775390625,0.9638671875
3447,1366,-3.595641613006592,4.110236167907715,-1.1760090589523315,0.7378831505775452,2.0525736808776855,-1.001235008239746,0.7158203125,0.966796875
3448,1365,-3.471658945083618,4.230213165283203,-0.8260610699653625,0.9207664728164673,1.938503384590149,-1.074427604675293,0.69775390625,0.9638671875
3449,1367,-3.4497034549713135,4.180330276489258,-0.9249783754348755,0.7412068247795105,2.0659143924713135,-0.9708817005157471,0.7021484375,0.966796875
3450,1366,-3.595641613006592,4.110236167907715,-1.1760090589523315,0.7378831505775452,2.0525736808776855,-1.001235008239746,0.7158203125,0.966796875
3451,1368,-3.7395455837249756,4.167724609375,-1.1665222644805908,0.48305097222328186,1.9649009704589844,-1.2906696796417236,0.71826171875,0.9599609375
3452,1362,-3.6945199966430664,4.189196586608887,-1.0930135250091553,0.8565298914909363,1.9758105278015137,-1.059494972229004,0.7138671875,0.9599609375
3453,1366,-3.595641613006592,4.110236167907715,-1.1760090589523315,0.7378831505775452,2.0525736808776855,-1.001235008239746,0.7158203125,0.966796875
3454,1369,-3.7005739212036133,4.1203765869140625,-1.219409704208374,0.6222966313362122,1.9859766960144043,-1.1952592134475708,0.72021484375,0.9638671875
3455,1368,-3.7395455837249756,4.167724609375,-1.1665222644805908,0.48305097222328186,1.9649009704589844,-1.2906696796417236,0.71826171875,0.9599609375
3456,1369,-3.7005739212036133,4.1203765869140625,-1.219409704208374,0.6222966313362122,1.9859766960144043,-1.1952592134475708,0.72021484375,0.9638671875
3457,1370,-3.803006172180176,4.138881683349609,-1.164851427078247,-0.6978161334991455,1.4313443899154663,-1.7956358194351196,0.720703125,0.9580078125
3458,1368,-3.7395455837249756,4.167724609375,-1.1665222644805908,0.48305097222328186,1.9649009704589844,-1.2906696796417236,0.71826171875,0.9599609375
3459,1371,-3.831437587738037,4.127292633056641,-1.101745367050171,-2.1889736652374268,0.7863685488700867,0.5916264057159424,0.66748046875,0.9599609375
3460,1372,-3.803006172180176,4.138881683349609,-1.164851427078247,-2.1142001152038574,0.8008959293365479,-0.8054358959197998,0.66455078125,0.9580078125
3461,1373,-3.8577566146850586,4.0511016845703125,-1.1084222793579102,-2.145202159881592,0.7653304934501648,0.7565577030181885,0.66552734375,0.96337890625
3462,1374,-3.8355557918548584,4.004538536071777,-1.0069820880889893,-2.03962779045105,0.828670859336853,0.9556288719177246,0.66943359375,0.966796875
3463,1371,-3.831437587738037,4.127292633056641,-1.101745367050171,-2.1889736652374268,0.7863685488700867,0.5916264057159424,0.66748046875,0.9599609375
3464,1373,-3.8577566146850586,4.0511016845703125,-1.1084222793579102,-2.145202159881592,0.7653304934501648,0.7565577030181885,0.66552734375,0.96337890625
3465,1374,-3.8355557918548584,4.004538536071777,-1.0069820880889893,-2.03962779045105,0.828670859336853,0.9556288719177246,0.66943359375,0.966796875
3466,1375,-3.7893245220184326,4.147458076477051,-1.026157021522522,-2.0701117515563965,0.6858792901039124,1.0021028518676758,0.67138671875,0.9599609375
3467,1371,-3.831437587738037,4.127292633056641,-1.101745367050171,-2.1889736652374268,0.7863685488700867,0.5916264057159424,0.66748046875,0.9599609375
3468,1374,-3.8355557918548584,4.004538536071777,-1.0069820880889893,-2.03962779045105,0.828670859336853,0.9556288719177246,0.66943359375,0.966796875
3469,1376,-3.6292428970336914,4.160853385925293,-0.7150903940200806,-2.0751583576202393,0.6181182265281677,1.0352058410644531,0.6875,0.9638671875
3470,1375,-3.7893245220184326,4.147458076477051,-1.026157021522522,-2.0701117515563965,0.6858792901039124,1.0021028518676758,0.67138671875,0.9599609375
3471,1374,-3.8355557918548584,4.004538536071777,-1.0069820880889893,-2.03962779045105,0.828670859336853,0.9556288719177246,0.66943359375,0.966796875
3472,1377,-3.689617872238159,4.07463264465332,-0.755952000617981,-2.0222432613372803,0.8485724329948425,0.9749152660369873,0.68359375,0.966796875
3473,1376,-3.6292428970336914,4.160853385925293,-0.7150903940200806,-2.0751583576202393,0.6181182265281677,1.0352058410644531,0.6875,0.9638671875
3474,1376,-3.6292428970336914,4.160853385925293,-0.7150903940200806,-2.0751583576202393,0.6181182265281677,1.0352058410644531,0.6875,0.9638671875
3475,1378,-3.7500991821289062,4.251775741577148,-0.9767571687698364,-2.109905958175659,0.33918026089668274,1.0923627614974976,0.67529296875,0.9560546875
3476,1375,-3.7893245220184326,4.147458076477051,-1.026157021522522,-2.0701117515563965,0.6858792901039124,1.0021028518676758,0.67138671875,0.9599609375
3477,1376,-3.6292428970336914,4.160853385925293,-0.7150903940200806,-2.0751583576202393,0.6181182265281677,1.0352058410644531,0.6875,0.9638671875
3478,1379,-3.6614327430725098,4.296168327331543,-0.8253079652786255,-2.109905958175659,0.33918026089668274,1.0923627614974976,0.68359375,0.9560546875
3479,1378,-3.7500991821289062,4.251775741577148,-0.9767571687698364,-2.109905958175659,0.33918026089668274,1.0923627614974976,0.67529296875,0.9560546875
3480,1380,-3.6945199966430664,4.189196586608887,-1.0930135250091553,-1.2987828254699707,1.9113311767578125,-0.6480566263198853,0.71533203125,0.9580078125
3481,1381,-3.7500991821289062,4.251775741577148,-0.9767571687698364,-1.5223037004470825,1.2294838428497314,-1.3895909786224365,0.7099609375,0.9541015625
3482,1382,-3.7151684761047363,4.267200469970703,-1.0014498233795166,-1.5223039388656616,1.2294838428497314,-1.3895907402038574,0.7099609375,0.9560546875
3483,1380,-3.6945199966430664,4.189196586608887,-1.0930135250091553,-1.2987828254699707,1.9113311767578125,-0.6480566263198853,0.71533203125,0.9580078125
3484,1383,-3.7893245220184326,4.147458076477051,-1.026157021522522,-1.2989187240600586,1.9111316204071045,-0.6483732461929321,0.71533203125,0.9521484375
3485,1381,-3.7500991821289062,4.251775741577148,-0.9767571687698364,-1.5223037004470825,1.2294838428497314,-1.3895909786224365,0.7099609375,0.9541015625
3486,1384,-3.831437587738037,4.127292633056641,-1.101745367050171,-0.9872738122940063,2.1872518062591553,-0.034947048872709274,0.7197265625,0.9521484375
3487,1383,-3.7893245220184326,4.147458076477051,-1.026157021522522,-1.2989187240600586,1.9111316204071045,-0.6483732461929321,0.71533203125,0.9521484375
3488,1380,-3.6945199966430664,4.189196586608887,-1.0930135250091553,-1.2987828254699707,1.9113311767578125,-0.6480566263198853,0.71533203125,0.9580078125
3489,1384,-3.831437587738037,4.127292633056641,-1.101745367050171,-0.9872738122940063,2.1872518062591553,-0.034947048872709274,0.7197265625,0.9521484375
3490,1380,-3.6945199966430664,4.189196586608887,-1.0930135250091553,-1.2987828254699707,1.9113311767578125,-0.6480566263198853,0.71533203125,0.9580078125
3491,1385,-3.7395455837249756,4.167724609375,-1.1665222644805908,-0.987276017665863,2.1872506141662598,-0.03495103865861893,0.7197265625,0.9580078125
3492,1386,-3.803006172180176,4.138881683349609,-1.164851427078247,-0.9938755631446838,2.184039831161499,-0.04671371355652809,0.72119140625,0.955078125
3493,1384,-3.831437587738037,4.127292633056641,-1.101745367050171,-0.9872738122940063,2.1872518062591553,-0.034947048872709274,0.7197265625,0.9521484375
3494,1385,-3.7395455837249756,4.167724609375,-1.1665222644805908,-0.987276017665863,2.1872506141662598,-0.03495103865861893,0.7197265625,0.9580078125
3495,1387,-3.7500991821289062,4.251775741577148,-0.9767571687698364,-0.9995459914207458,2.1812872886657715,-0.05380088835954666,0.7099609375,0.9541015625
3496,1388,-3.6614327430725098,4.296168327331543,-0.8253079652786255,-0.9995459914207458,2.1812872886657715,-0.05380088835954666,0.70166015625,0.9541015625
3497,1389,-3.6281731128692627,4.310807228088379,-0.8486460447311401,-0.9995459914207458,2.1812872886657715,-0.05380089581012726,0.70166015625,0.9560546875
3498,1387,-3.7500991821289062,4.251775741577148,-0.9767571687698364,-0.9995459914207458,2.1812872886657715,-0.05380088835954666,0.7099609375,0.9541015625
3499,1389,-3.6281731128692627,4.310807228088379,-0.8486460447311401,-0.9995459914207458,2.1812872886657715,-0.05380089581012726,0.70166015625,0.9560546875
3500,1390,-3.7151684761047363,4.267200469970703,-1.0014498233795166,-0.9995457530021667,2.1812872886657715,-0.053800880908966064,0.7099609375,0.9560546875
3501,1391,-6.251230716705322,3.827904224395752,0.648925244808197,-2.0106868743896484,1.1492135524749756,0.6296418905258179,0.3037109375,0.6865234375
3502,1392,-6.293656826019287,3.813772201538086,0.6121877431869507,-2.0106868743896484,1.1492135524749756,0.6296419501304626,0.305908203125,0.6865234375
3503,1393,-6.3994245529174805,3.3621902465820312,1.0256909132003784,-2.0106868743896484,1.1492135524749756,0.6296420693397522,0.305908203125,0.65673828125
3504,1391,-6.251230716705322,3.827904224395752,0.648925244808197,-2.0106868743896484,1.1492135524749756,0.6296418905258179,0.3037109375,0.6865234375
3505,1393,-6.3994245529174805,3.3621902465820312,1.0256909132003784,-2.0106868743896484,1.1492135524749756,0.6296420693397522,0.305908203125,0.65673828125
3506,1394,-6.3980231285095215,3.3903400897979736,1.0517385005950928,-2.0106871128082275,1.149213433265686,0.629642128944397,0.3037109375,0.65673828125
3507,1395,5.262332439422607,1.3463468551635742,1.5194202661514282,-0.08378475159406662,-1.8141140937805176,1.5690674781799316,0.275390625,0.6044921875
3508,1396,5.821173191070557,1.4140230417251587,1.456433892250061,-0.11296603083610535,2.3973357677459717,-0.004549207165837288,0.280517578125,0.63037109375
3509,1397,5.266608238220215,1.4203197956085205,1.4341012239456177,0.02720470167696476,2.399845600128174,0.0010951239382848144,0.280517578125,0.6044921875
3510,1395,5.262332439422607,1.3463468551635742,1.5194202661514282,-0.08378475159406662,-1.8141140937805176,1.5690674781799316,0.275390625,0.6044921875
3511,1398,5.816897392272949,1.340050220489502,1.541752815246582,0.06743703782558441,-1.9008948802947998,1.463574767112732,0.275390625,0.63037109375
3512,1396,5.821173191070557,1.4140230417251587,1.456433892250061,-0.11296603083610535,2.3973357677459717,-0.004549207165837288,0.280517578125,0.63037109375
3513,1398,5.816897392272949,1.340050220489502,1.541752815246582,0.06743703782558441,-1.9008948802947998,1.463574767112732,0.275390625,0.63037109375
3514,1399,5.9660444259643555,1.4433352947235107,1.4622678756713867,-1.290446400642395,2.022881269454956,-0.05196702107787132,0.280517578125,0.63916015625
3515,1396,5.821173191070557,1.4140230417251587,1.456433892250061,-0.11296603083610535,2.3973357677459717,-0.004549207165837288,0.280517578125,0.63037109375
3516,1400,5.823771953582764,1.340050220489502,1.371047019958496,0.1849057674407959,-1.9008941650390625,-1.453413963317871,0.264892578125,0.63037109375
3517,1398,5.816897392272949,1.340050220489502,1.541752815246582,0.06743703782558441,-1.9008948802947998,1.463574767112732,0.275390625,0.63037109375
3518,1395,5.262332439422607,1.3463468551635742,1.5194202661514282,-0.08378475159406662,-1.8141140937805176,1.5690674781799316,0.275390625,0.6044921875
3519,1400,5.823771953582764,1.340050220489502,1.371047019958496,0.1849057674407959,-1.9008941650390625,-1.453413963317871,0.264892578125,0.63037109375
3520,1395,5.262332439422607,1.3463468551635742,1.5194202661514282,-0.08378475159406662,-1.8141140937805176,1.5690674781799316,0.275390625,0.6044921875
3521,1401,5.269207000732422,1.3463468551635742,1.3487144708633423,0.04265650361776352,-1.8141132593154907,-1.570724606513977,0.264892578125,0.6044921875
3522,1402,5.266608238220215,1.4203197956085205,1.4341012239456177,0.02720470167696476,2.399845600128174,0.0010951239382848144,0.259765625,0.6044921875
3523,1400,5.823771953582764,1.340050220489502,1.371047019958496,0.1849057674407959,-1.9008941650390625,-1.453413963317871,0.264892578125,0.63037109375
3524,1401,5.269207000732422,1.3463468551635742,1.3487144708633423,0.04265650361776352,-1.8141132593154907,-1.570724606513977,0.264892578125,0.6044921875
3525,1402,5.266608238220215,1.4203197956085205,1.4341012239456177,0.02720470167696476,2.399845600128174,0.0010951239382848144,0.259765625,0.6044921875
3526,1403,5.821173191070557,1.4140230417251587,1.456433892250061,-0.11296603083610535,2.3973357677459717,-0.004549207165837288,0.259765625,0.63037109375
3527,1400,5.823771953582764,1.340050220489502,1.371047019958496,0.1849057674407959,-1.9008941650390625,-1.453413963317871,0.264892578125,0.63037109375
3528,1398,5.816897392272949,1.340050220489502,1.541752815246582,0.06743703782558441,-1.9008948802947998,1.463574767112732,0.275390625,0.63037109375
3529,1404,6.009799957275391,1.3863974809646606,1.5495212078094482,0.9522308111190796,-1.630624771118164,1.4813240766525269,0.275390625,0.63916015625
3530,1399,5.9660444259643555,1.4433352947235107,1.4622678756713867,-1.290446400642395,2.022881269454956,-0.05196702107787132,0.280517578125,0.63916015625
3531,1404,6.009799957275391,1.3863974809646606,1.5495212078094482,0.9522308111190796,-1.630624771118164,1.4813240766525269,0.275390625,0.63916015625
3532,1398,5.816897392272949,1.340050220489502,1.541752815246582,0.06743703782558441,-1.9008948802947998,1.463574767112732,0.275390625,0.63037109375
3533,1400,5.823771953582764,1.340050220489502,1.371047019958496,0.1849057674407959,-1.9008941650390625,-1.453413963317871,0.264892578125,0.63037109375
3534,1404,6.009799957275391,1.3863974809646606,1.5495212078094482,0.9522308111190796,-1.630624771118164,1.4813240766525269,0.275390625,0.63916015625
3535,1405,6.4060139656066895,1.8085941076278687,1.4799857139587402,-1.7263509035110474,1.6657973527908325,-0.06952115148305893,0.280517578125,0.66552734375
3536,1399,5.9660444259643555,1.4433352947235107,1.4622678756713867,-1.290446400642395,2.022881269454956,-0.05196702107787132,0.280517578125,0.63916015625
3537,1403,5.821173191070557,1.4140230417251587,1.456433892250061,-0.11296603083610535,2.3973357677459717,-0.004549207165837288,0.259765625,0.63037109375
3538,1406,6.016674518585205,1.3863974809646606,1.3788154125213623,1.0682634115219116,-1.630624532699585,-1.3999567031860352,0.264892578125,0.63916015625
3539,1400,5.823771953582764,1.340050220489502,1.371047019958496,0.1849057674407959,-1.9008941650390625,-1.453413963317871,0.264892578125,0.63037109375
3540,1404,6.009799957275391,1.3863974809646606,1.5495212078094482,0.9522308111190796,-1.630624771118164,1.4813240766525269,0.275390625,0.63916015625
3541,1400,5.823771953582764,1.340050220489502,1.371047019958496,0.1849057674407959,-1.9008941650390625,-1.453413963317871,0.264892578125,0.63037109375
3542,1406,6.016674518585205,1.3863974809646606,1.3788154125213623,1.0682634115219116,-1.630624532699585,-1.3999567031860352,0.264892578125,0.63916015625
3543,1403,5.821173191070557,1.4140230417251587,1.456433892250061,-0.11296603083610535,2.3973357677459717,-0.004549207165837288,0.259765625,0.63037109375
3544,1407,5.9660444259643555,1.4433352947235107,1.4622678756713867,-1.290446400642395,2.022881269454956,-0.05196702107787132,0.259765625,0.63916015625
3545,1406,6.016674518585205,1.3863974809646606,1.3788154125213623,1.0682634115219116,-1.630624532699585,-1.3999567031860352,0.264892578125,0.63916015625
3546,1407,5.9660444259643555,1.4433352947235107,1.4622678756713867,-1.290446400642395,2.022881269454956,-0.05196702107787132,0.259765625,0.63916015625
3547,1408,6.456644535064697,1.7516562938690186,1.3965332508087158,1.4744131565093994,-1.3018590211868286,-1.3752350807189941,0.264892578125,0.66552734375
3548,1406,6.016674518585205,1.3863974809646606,1.3788154125213623,1.0682634115219116,-1.630624532699585,-1.3999567031860352,0.264892578125,0.63916015625
3549,1408,6.456644535064697,1.7516562938690186,1.3965332508087158,1.4744131565093994,-1.3018590211868286,-1.3752350807189941,0.264892578125,0.66552734375
3550,1404,6.009799957275391,1.3863974809646606,1.5495212078094482,0.9522308111190796,-1.630624771118164,1.4813240766525269,0.275390625,0.63916015625
3551,1406,6.016674518585205,1.3863974809646606,1.3788154125213623,1.0682634115219116,-1.630624532699585,-1.3999567031860352,0.264892578125,0.63916015625
3552,1407,5.9660444259643555,1.4433352947235107,1.4622678756713867,-1.290446400642395,2.022881269454956,-0.05196702107787132,0.259765625,0.63916015625
3553,1409,6.4060139656066895,1.8085941076278687,1.4799857139587402,-1.7263509035110474,1.6657973527908325,-0.06952115148305893,0.259765625,0.66552734375
3554,1408,6.456644535064697,1.7516562938690186,1.3965332508087158,1.4744131565093994,-1.3018590211868286,-1.3752350807189941,0.264892578125,0.66552734375
3555,1404,6.009799957275391,1.3863974809646606,1.5495212078094482,0.9522308111190796,-1.630624771118164,1.4813240766525269,0.275390625,0.63916015625
3556,1410,6.449769973754883,1.7516562938690186,1.5672390460968018,1.3590538501739502,-1.301858901977539,1.4893418550491333,0.275390625,0.66552734375
3557,1405,6.4060139656066895,1.8085941076278687,1.4799857139587402,-1.7263509035110474,1.6657973527908325,-0.06952115148305893,0.280517578125,0.66552734375
3558,1408,6.456644535064697,1.7516562938690186,1.3965332508087158,1.4744131565093994,-1.3018590211868286,-1.3752350807189941,0.264892578125,0.66552734375
3559,1410,6.449769973754883,1.7516562938690186,1.5672390460968018,1.3590538501739502,-1.301858901977539,1.4893418550491333,0.275390625,0.66552734375
3560,1404,6.009799957275391,1.3863974809646606,1.5495212078094482,0.9522308111190796,-1.630624771118164,1.4813240766525269,0.275390625,0.63916015625
3561,1410,6.449769973754883,1.7516562938690186,1.5672390460968018,1.3590538501739502,-1.301858901977539,1.4893418550491333,0.275390625,0.66552734375
3562,1411,6.446967124938965,1.912831425666809,1.4816349744796753,-2.3730149269104004,0.3459368050098419,-0.09556268155574799,0.280517578125,0.67333984375
3563,1405,6.4060139656066895,1.8085941076278687,1.4799857139587402,-1.7263509035110474,1.6657973527908325,-0.06952115148305893,0.280517578125,0.66552734375
3564,1410,6.449769973754883,1.7516562938690186,1.5672390460968018,1.3590538501739502,-1.301858901977539,1.4893418550491333,0.275390625,0.66552734375
3565,1412,6.517442226409912,1.9119923114776611,1.5699641704559326,1.911113977432251,-0.36247682571411133,1.4057940244674683,0.275390625,0.67333984375
3566,1411,6.446967124938965,1.912831425666809,1.4816349744796753,-2.3730149269104004,0.3459368050098419,-0.09556268155574799,0.280517578125,0.67333984375
3567,1412,6.517442226409912,1.9119923114776611,1.5699641704559326,1.911113977432251,-0.36247682571411133,1.4057940244674683,0.275390625,0.67333984375
3568,1410,6.449769973754883,1.7516562938690186,1.5672390460968018,1.3590538501739502,-1.301858901977539,1.4893418550491333,0.275390625,0.66552734375
3569,1408,6.456644535064697,1.7516562938690186,1.3965332508087158,1.4744131565093994,-1.3018590211868286,-1.3752350807189941,0.264892578125,0.66552734375
3570,1412,6.517442226409912,1.9119923114776611,1.5699641704559326,1.911113977432251,-0.36247682571411133,1.4057940244674683,0.275390625,0.67333984375
3571,1413,6.445164680480957,2.1706721782684326,1.4815623760223389,-2.2431957721710205,-0.8485917448997498,-0.08926400542259216,0.280517578125,0.685546875
3572,1411,6.446967124938965,1.912831425666809,1.4816349744796753,-2.3730149269104004,0.3459368050098419,-0.09556268155574799,0.280517578125,0.67333984375
3573,1409,6.4060139656066895,1.8085941076278687,1.4799857139587402,-1.7263509035110474,1.6657973527908325,-0.06952115148305893,0.259765625,0.66552734375
3574,1414,6.524316787719727,1.9119923114776611,1.3992583751678467,2.0179662704467773,-0.3624771237373352,-1.2475677728652954,0.264892578125,0.67333984375
3575,1408,6.456644535064697,1.7516562938690186,1.3965332508087158,1.4744131565093994,-1.3018590211868286,-1.3752350807189941,0.264892578125,0.66552734375
3576,1412,6.517442226409912,1.9119923114776611,1.5699641704559326,1.911113977432251,-0.36247682571411133,1.4057940244674683,0.275390625,0.67333984375
3577,1408,6.456644535064697,1.7516562938690186,1.3965332508087158,1.4744131565093994,-1.3018590211868286,-1.3752350807189941,0.264892578125,0.66552734375
3578,1414,6.524316787719727,1.9119923114776611,1.3992583751678467,2.0179662704467773,-0.3624771237373352,-1.2475677728652954,0.264892578125,0.67333984375
3579,1409,6.4060139656066895,1.8085941076278687,1.4799857139587402,-1.7263509035110474,1.6657973527908325,-0.06952115148305893,0.259765625,0.66552734375
3580,1415,6.446967124938965,1.912831425666809,1.4816349744796753,-2.3730149269104004,0.3459368050098419,-0.09556268155574799,0.259765625,0.67333984375
3581,1414,6.524316787719727,1.9119923114776611,1.3992583751678467,2.0179662704467773,-0.3624771237373352,-1.2475677728652954,0.264892578125,0.67333984375
3582,1415,6.446967124938965,1.912831425666809,1.4816349744796753,-2.3730149269104004,0.3459368050098419,-0.09556268155574799,0.259765625,0.67333984375
3583,1416,6.518978118896484,2.154667377471924,1.3990434408187866,2.0097203254699707,0.735798716545105,-1.0861060619354248,0.264892578125,0.685546875
3584,1414,6.524316787719727,1.9119923114776611,1.3992583751678467,2.0179662704467773,-0.3624771237373352,-1.2475677728652954,0.264892578125,0.67333984375
3585,1416,6.518978118896484,2.154667377471924,1.3990434408187866,2.0097203254699707,0.735798716545105,-1.0861060619354248,0.264892578125,0.685546875
3586,1412,6.517442226409912,1.9119923114776611,1.5699641704559326,1.911113977432251,-0.36247682571411133,1.4057940244674683,0.275390625,0.67333984375
3587,1414,6.524316787719727,1.9119923114776611,1.3992583751678467,2.0179662704467773,-0.3624771237373352,-1.2475677728652954,0.264892578125,0.67333984375
3588,1415,6.446967124938965,1.912831425666809,1.4816349744796753,-2.3730149269104004,0.3459368050098419,-0.09556268155574799,0.259765625,0.67333984375
3589,1417,6.445164680480957,2.1706721782684326,1.4815623760223389,-2.2431957721710205,-0.8485917448997498,-0.08926400542259216,0.259765625,0.685546875
3590,1416,6.518978118896484,2.154667377471924,1.3990434408187866,2.0097203254699707,0.735798716545105,-1.0861060619354248,0.264892578125,0.685546875
3591,1412,6.517442226409912,1.9119923114776611,1.5699641704559326,1.911113977432251,-0.36247682571411133,1.4057940244674683,0.275390625,0.67333984375
3592,1418,6.51210355758667,2.154667377471924,1.5697492361068726,1.9127150774002075,0.7347670197486877,1.2496566772460938,0.275390625,0.685546875
3593,1413,6.445164680480957,2.1706721782684326,1.4815623760223389,-2.2431957721710205,-0.8485917448997498,-0.08926400542259216,0.280517578125,0.685546875
3594,1416,6.518978118896484,2.154667377471924,1.3990434408187866,2.0097203254699707,0.735798716545105,-1.0861060619354248,0.264892578125,0.685546875
3595,1418,6.51210355758667,2.154667377471924,1.5697492361068726,1.9127150774002075,0.7347670197486877,1.2496566772460938,0.275390625,0.685546875
3596,1412,6.517442226409912,1.9119923114776611,1.5699641704559326,1.911113977432251,-0.36247682571411133,1.4057940244674683,0.275390625,0.67333984375
3597,1418,6.51210355758667,2.154667377471924,1.5697492361068726,1.9127150774002075,0.7347670197486877,1.2496566772460938,0.275390625,0.685546875
3598,1419,6.140625476837158,2.787876844406128,1.4681065082550049,-2.1616389751434326,-1.0390516519546509,-0.08770248293876648,0.280517578125,0.71826171875
3599,1413,6.445164680480957,2.1706721782684326,1.4815623760223389,-2.2431957721710205,-0.8485917448997498,-0.08926400542259216,0.280517578125,0.685546875
3600,1418,6.51210355758667,2.154667377471924,1.5697492361068726,1.9127150774002075,0.7347670197486877,1.2496566772460938,0.275390625,0.685546875
3601,1420,6.206049919128418,2.8099148273468018,1.5574243068695068,1.6464548110961914,0.7766472697257996,1.5639721155166626,0.275390625,0.71826171875
3602,1419,6.140625476837158,2.787876844406128,1.4681065082550049,-2.1616389751434326,-1.0390516519546509,-0.08770248293876648,0.280517578125,0.71826171875
3603,1420,6.206049919128418,2.8099148273468018,1.5574243068695068,1.6464548110961914,0.7766472697257996,1.5639721155166626,0.275390625,0.71826171875
3604,1418,6.51210355758667,2.154667377471924,1.5697492361068726,1.9127150774002075,0.7347670197486877,1.2496566772460938,0.275390625,0.685546875
3605,1416,6.518978118896484,2.154667377471924,1.3990434408187866,2.0097203254699707,0.735798716545105,-1.0861060619354248,0.264892578125,0.685546875
3606,1420,6.206049919128418,2.8099148273468018,1.5574243068695068,1.6464548110961914,0.7766472697257996,1.5639721155166626,0.275390625,0.71826171875
3607,1416,6.518978118896484,2.154667377471924,1.3990434408187866,2.0097203254699707,0.735798716545105,-1.0861060619354248,0.264892578125,0.685546875
3608,1421,6.212923526763916,2.8099148273468018,1.386718511581421,1.7754844427108765,0.7785921096801758,-1.414726734161377,0.264892578125,0.71826171875
3609,1417,6.445164680480957,2.1706721782684326,1.4815623760223389,-2.2431957721710205,-0.8485917448997498,-0.08926400542259216,0.259765625,0.685546875
3610,1421,6.212923526763916,2.8099148273468018,1.386718511581421,1.7754844427108765,0.7785921096801758,-1.414726734161377,0.264892578125,0.71826171875
3611,1416,6.518978118896484,2.154667377471924,1.3990434408187866,2.0097203254699707,0.735798716545105,-1.0861060619354248,0.264892578125,0.685546875
3612,1417,6.445164680480957,2.1706721782684326,1.4815623760223389,-2.2431957721710205,-0.8485917448997498,-0.08926400542259216,0.259765625,0.685546875
3613,1422,6.140625476837158,2.787876844406128,1.4681065082550049,-2.1616389751434326,-1.0390516519546509,-0.08770248293876648,0.259765625,0.71826171875
3614,1421,6.212923526763916,2.8099148273468018,1.386718511581421,1.7754844427108765,0.7785921096801758,-1.414726734161377,0.264892578125,0.71826171875
3615,1423,6.501473903656006,2.1319782733917236,-0.4875536859035492,2.397902727127075,-0.027226582169532776,0.09656492620706558,0.007282257080078125,0.1312255859375
3616,1424,6.510781764984131,2.1319782733917236,-0.7186875343322754,2.397902727127075,-0.027226582169532776,0.09656492620706558,0.007282257080078125,0.1419677734375
3617,1425,6.51339054107666,2.362128257751465,-0.7185824513435364,2.397902727127075,-0.027226582169532776,0.09656492620706558,0.0178985595703125,0.1419677734375
3618,1423,6.501473903656006,2.1319782733917236,-0.4875536859035492,2.397902727127075,-0.027226582169532776,0.09656492620706558,0.007282257080078125,0.1312255859375
3619,1425,6.51339054107666,2.362128257751465,-0.7185824513435364,2.397902727127075,-0.027226582169532776,0.09656492620706558,0.0178985595703125,0.1419677734375
3620,1426,6.504082679748535,2.362128257751465,-0.48744863271713257,2.397902727127075,-0.027226582169532776,0.09656492620706558,0.0178985595703125,0.1312255859375
3621,1427,6.51339054107666,2.362128257751465,-0.7185824513435364,-0.3819749355316162,2.3693583011627197,-0.01538235042244196,0.0178985595703125,0.1419677734375
3622,1428,6.261012077331543,2.321683883666992,-0.6812311410903931,-0.3819749355316162,2.3693583011627197,-0.01538235042244196,0.0297393798828125,0.1397705078125
3623,1429,6.255205154418945,2.321683883666992,-0.537033200263977,-0.3819749355316162,2.3693583011627197,-0.01538235042244196,0.0297393798828125,0.133056640625
3624,1427,6.51339054107666,2.362128257751465,-0.7185824513435364,-0.3819749355316162,2.3693583011627197,-0.01538235042244196,0.0178985595703125,0.1419677734375
3625,1429,6.255205154418945,2.321683883666992,-0.537033200263977,-0.3819749355316162,2.3693583011627197,-0.01538235042244196,0.0297393798828125,0.133056640625
3626,1430,6.504082679748535,2.362128257751465,-0.48744863271713257,-0.3819749355316162,2.3693583011627197,-0.01538235042244196,0.0178985595703125,0.1312255859375
3627,1431,6.2593841552734375,2.1780989170074463,-0.681296706199646,-0.35216063261032104,0.0050746663473546505,-2.3740177154541016,0.00927734375,0.15380859375
3628,1432,6.261012077331543,2.321683883666992,-0.6812311410903931,-0.35216063261032104,0.005074666813015938,-2.3740177154541016,0.015899658203125,0.15380859375
3629,1433,6.51339054107666,2.362128257751465,-0.7185824513435364,-0.35216063261032104,0.005074666813015938,-2.3740177154541016,0.0178985595703125,0.1419677734375
3630,1431,6.2593841552734375,2.1780989170074463,-0.681296706199646,-0.35216063261032104,0.0050746663473546505,-2.3740177154541016,0.00927734375,0.15380859375
3631,1433,6.51339054107666,2.362128257751465,-0.7185824513435364,-0.35216063261032104,0.005074666813015938,-2.3740177154541016,0.0178985595703125,0.1419677734375
3632,1434,6.510781764984131,2.1319782733917236,-0.7186875343322754,-0.3521606922149658,0.005074666813015938,-2.3740177154541016,0.007282257080078125,0.1419677734375
3633,1435,6.501473903656006,2.1319782733917236,-0.4875536859035492,-0.46960586309432983,0.00424880301579833,2.353604555130005,0.007282257080078125,0.1312255859375
3634,1436,6.504082679748535,2.362128257751465,-0.48744863271713257,-0.46960583329200745,0.00424880301579833,2.353604555130005,0.0178985595703125,0.1312255859375
3635,1437,6.255205154418945,2.321683883666992,-0.537033200263977,-0.4696058928966522,0.00424880301579833,2.353604555130005,0.015899658203125,0.11944580078125
3636,1435,6.501473903656006,2.1319782733917236,-0.4875536859035492,-0.46960586309432983,0.00424880301579833,2.353604555130005,0.007282257080078125,0.1312255859375
3637,1437,6.255205154418945,2.321683883666992,-0.537033200263977,-0.4696058928966522,0.00424880301579833,2.353604555130005,0.015899658203125,0.11944580078125
3638,1438,6.25357723236084,2.1780989170074463,-0.53709876537323,-0.46960583329200745,0.00424880301579833,2.353604555130005,0.00927734375,0.11944580078125
3639,1439,5.367469310760498,1.3463468551635742,-1.091340184211731,0.04265647381544113,-1.8141133785247803,-1.570724368095398,0.2001953125,0.73193359375
3640,1440,5.364871025085449,1.4203197956085205,-1.0059536695480347,0.027204645797610283,2.399845600128174,0.0010963971726596355,0.1951904296875,0.73193359375
3641,1441,5.919435977935791,1.4140230417251587,-0.9836210012435913,-0.11296616494655609,2.3973357677459717,-0.004548521246761084,0.1951904296875,0.7578125
3642,1439,5.367469310760498,1.3463468551635742,-1.091340184211731,0.04265647381544113,-1.8141133785247803,-1.570724368095398,0.2001953125,0.73193359375
3643,1441,5.919435977935791,1.4140230417251587,-0.9836210012435913,-0.11296616494655609,2.3973357677459717,-0.004548521246761084,0.1951904296875,0.7578125
3644,1442,5.92203426361084,1.340050220489502,-1.0690076351165771,0.1849057674407959,-1.9008946418762207,-1.4534136056900024,0.2001953125,0.7578125
3645,1442,5.92203426361084,1.340050220489502,-1.0690076351165771,0.1849057674407959,-1.9008946418762207,-1.4534136056900024,0.2001953125,0.7578125
3646,1441,5.919435977935791,1.4140230417251587,-0.9836210012435913,-0.11296616494655609,2.3973357677459717,-0.004548521246761084,0.1951904296875,0.7578125
3647,1443,6.06430721282959,1.4433352947235107,-0.9777869582176208,-1.290446400642395,2.022881269454956,-0.05196665972471237,0.1951904296875,0.76611328125
3648,1439,5.367469310760498,1.3463468551635742,-1.091340184211731,0.04265647381544113,-1.8141133785247803,-1.570724368095398,0.2001953125,0.73193359375
3649,1442,5.92203426361084,1.340050220489502,-1.0690076351165771,0.1849057674407959,-1.9008946418762207,-1.4534136056900024,0.2001953125,0.7578125
3650,1444,5.915159702301025,1.340050220489502,-0.8983017802238464,0.0674368292093277,-1.900894045829773,1.463576078414917,0.2108154296875,0.7578125
3651,1439,5.367469310760498,1.3463468551635742,-1.091340184211731,0.04265647381544113,-1.8141133785247803,-1.570724368095398,0.2001953125,0.73193359375
3652,1444,5.915159702301025,1.340050220489502,-0.8983017802238464,0.0674368292093277,-1.900894045829773,1.463576078414917,0.2108154296875,0.7578125
3653,1445,5.360594749450684,1.3463468551635742,-0.9206344485282898,-0.08378476649522781,-1.8141133785247803,1.5690680742263794,0.2108154296875,0.73193359375
3654,1446,5.364871025085449,1.4203197956085205,-1.0059536695480347,0.027204645797610283,2.399845600128174,0.0010963971726596355,0.216064453125,0.73193359375
3655,1445,5.360594749450684,1.3463468551635742,-0.9206344485282898,-0.08378476649522781,-1.8141133785247803,1.5690680742263794,0.2108154296875,0.73193359375
3656,1444,5.915159702301025,1.340050220489502,-0.8983017802238464,0.0674368292093277,-1.900894045829773,1.463576078414917,0.2108154296875,0.7578125
3657,1446,5.364871025085449,1.4203197956085205,-1.0059536695480347,0.027204645797610283,2.399845600128174,0.0010963971726596355,0.216064453125,0.73193359375
3658,1444,5.915159702301025,1.340050220489502,-0.8983017802238464,0.0674368292093277,-1.900894045829773,1.463576078414917,0.2108154296875,0.7578125
3659,1447,5.919435977935791,1.4140230417251587,-0.9836210012435913,-0.11296616494655609,2.3973357677459717,-0.004548521246761084,0.216064453125,0.7578125
3660,1447,5.919435977935791,1.4140230417251587,-0.9836210012435913,-0.11296616494655609,2.3973357677459717,-0.004548521246761084,0.216064453125,0.7578125
3661,1444,5.915159702301025,1.340050220489502,-0.8983017802238464,0.0674368292093277,-1.900894045829773,1.463576078414917,0.2108154296875,0.7578125
3662,1448,6.108062267303467,1.3863974809646606,-0.890533447265625,0.9522326588630676,-1.630624532699585,1.4813232421875,0.2108154296875,0.76611328125
3663,1442,5.92203426361084,1.340050220489502,-1.0690076351165771,0.1849057674407959,-1.9008946418762207,-1.4534136056900024,0.2001953125,0.7578125
3664,1448,6.108062267303467,1.3863974809646606,-0.890533447265625,0.9522326588630676,-1.630624532699585,1.4813232421875,0.2108154296875,0.76611328125
3665,1444,5.915159702301025,1.340050220489502,-0.8983017802238464,0.0674368292093277,-1.900894045829773,1.463576078414917,0.2108154296875,0.7578125
3666,1447,5.919435977935791,1.4140230417251587,-0.9836210012435913,-0.11296616494655609,2.3973357677459717,-0.004548521246761084,0.216064453125,0.7578125
3667,1448,6.108062267303467,1.3863974809646606,-0.890533447265625,0.9522326588630676,-1.630624532699585,1.4813232421875,0.2108154296875,0.76611328125
3668,1449,6.06430721282959,1.4433352947235107,-0.9777869582176208,-1.290446400642395,2.022881269454956,-0.05196665972471237,0.216064453125,0.76611328125
3669,1442,5.92203426361084,1.340050220489502,-1.0690076351165771,0.1849057674407959,-1.9008946418762207,-1.4534136056900024,0.2001953125,0.7578125
3670,1443,6.06430721282959,1.4433352947235107,-0.9777869582176208,-1.290446400642395,2.022881269454956,-0.05196665972471237,0.1951904296875,0.76611328125
3671,1450,6.114936828613281,1.3863974809646606,-1.061239242553711,1.068261981010437,-1.6306248903274536,-1.3999576568603516,0.2001953125,0.76611328125
3672,1442,5.92203426361084,1.340050220489502,-1.0690076351165771,0.1849057674407959,-1.9008946418762207,-1.4534136056900024,0.2001953125,0.7578125
3673,1450,6.114936828613281,1.3863974809646606,-1.061239242553711,1.068261981010437,-1.6306248903274536,-1.3999576568603516,0.2001953125,0.76611328125
3674,1448,6.108062267303467,1.3863974809646606,-0.890533447265625,0.9522326588630676,-1.630624532699585,1.4813232421875,0.2108154296875,0.76611328125
3675,1450,6.114936828613281,1.3863974809646606,-1.061239242553711,1.068261981010437,-1.6306248903274536,-1.3999576568603516,0.2001953125,0.76611328125
3676,1443,6.06430721282959,1.4433352947235107,-0.9777869582176208,-1.290446400642395,2.022881269454956,-0.05196665972471237,0.1951904296875,0.76611328125
3677,1451,6.504276752471924,1.8085941076278687,-0.9600691795349121,-1.7263509035110474,1.6657973527908325,-0.06952089816331863,0.1951904296875,0.79296875
3678,1450,6.114936828613281,1.3863974809646606,-1.061239242553711,1.068261981010437,-1.6306248903274536,-1.3999576568603516,0.2001953125,0.76611328125
3679,1451,6.504276752471924,1.8085941076278687,-0.9600691795349121,-1.7263509035110474,1.6657973527908325,-0.06952089816331863,0.1951904296875,0.79296875
3680,1452,6.554906845092773,1.7516562938690186,-1.0435214042663574,1.4744120836257935,-1.30185866355896,-1.3752363920211792,0.2001953125,0.79296875
3681,1448,6.108062267303467,1.3863974809646606,-0.890533447265625,0.9522326588630676,-1.630624532699585,1.4813232421875,0.2108154296875,0.76611328125
3682,1450,6.114936828613281,1.3863974809646606,-1.061239242553711,1.068261981010437,-1.6306248903274536,-1.3999576568603516,0.2001953125,0.76611328125
3683,1452,6.554906845092773,1.7516562938690186,-1.0435214042663574,1.4744120836257935,-1.30185866355896,-1.3752363920211792,0.2001953125,0.79296875
3684,1452,6.554906845092773,1.7516562938690186,-1.0435214042663574,1.4744120836257935,-1.30185866355896,-1.3752363920211792,0.2001953125,0.79296875
3685,1451,6.504276752471924,1.8085941076278687,-0.9600691795349121,-1.7263509035110474,1.6657973527908325,-0.06952089816331863,0.1951904296875,0.79296875
3686,1453,6.545229911804199,1.912831425666809,-0.958419919013977,-2.3730146884918213,0.3459375500679016,-0.09556266665458679,0.1951904296875,0.80029296875
3687,1449,6.06430721282959,1.4433352947235107,-0.9777869582176208,-1.290446400642395,2.022881269454956,-0.05196665972471237,0.216064453125,0.76611328125
3688,1448,6.108062267303467,1.3863974809646606,-0.890533447265625,0.9522326588630676,-1.630624532699585,1.4813232421875,0.2108154296875,0.76611328125
3689,1454,6.548032283782959,1.7516562938690186,-0.8728156089782715,1.3590549230575562,-1.3018587827682495,1.4893406629562378,0.2108154296875,0.79296875
3690,1448,6.108062267303467,1.3863974809646606,-0.890533447265625,0.9522326588630676,-1.630624532699585,1.4813232421875,0.2108154296875,0.76611328125
3691,1452,6.554906845092773,1.7516562938690186,-1.0435214042663574,1.4744120836257935,-1.30185866355896,-1.3752363920211792,0.2001953125,0.79296875
3692,1454,6.548032283782959,1.7516562938690186,-0.8728156089782715,1.3590549230575562,-1.3018587827682495,1.4893406629562378,0.2108154296875,0.79296875
3693,1449,6.06430721282959,1.4433352947235107,-0.9777869582176208,-1.290446400642395,2.022881269454956,-0.05196665972471237,0.216064453125,0.76611328125
3694,1454,6.548032283782959,1.7516562938690186,-0.8728156089782715,1.3590549230575562,-1.3018587827682495,1.4893406629562378,0.2108154296875,0.79296875
3695,1455,6.504276752471924,1.8085941076278687,-0.9600691795349121,-1.7263509035110474,1.6657973527908325,-0.06952089816331863,0.216064453125,0.79296875
3696,1455,6.504276752471924,1.8085941076278687,-0.9600691795349121,-1.7263509035110474,1.6657973527908325,-0.06952089816331863,0.216064453125,0.79296875
3697,1454,6.548032283782959,1.7516562938690186,-0.8728156089782715,1.3590549230575562,-1.3018587827682495,1.4893406629562378,0.2108154296875,0.79296875
3698,1456,6.615704536437988,1.9119923114776611,-0.8700904250144958,1.9111145734786987,-0.36247700452804565,1.4057936668395996,0.2108154296875,0.80029296875
3699,1452,6.554906845092773,1.7516562938690186,-1.0435214042663574,1.4744120836257935,-1.30185866355896,-1.3752363920211792,0.2001953125,0.79296875
3700,1456,6.615704536437988,1.9119923114776611,-0.8700904250144958,1.9111145734786987,-0.36247700452804565,1.4057936668395996,0.2108154296875,0.80029296875
3701,1454,6.548032283782959,1.7516562938690186,-0.8728156089782715,1.3590549230575562,-1.3018587827682495,1.4893406629562378,0.2108154296875,0.79296875
3702,1455,6.504276752471924,1.8085941076278687,-0.9600691795349121,-1.7263509035110474,1.6657973527908325,-0.06952089816331863,0.216064453125,0.79296875
3703,1456,6.615704536437988,1.9119923114776611,-0.8700904250144958,1.9111145734786987,-0.36247700452804565,1.4057936668395996,0.2108154296875,0.80029296875
3704,1457,6.545229911804199,1.912831425666809,-0.958419919013977,-2.3730146884918213,0.3459375500679016,-0.09556266665458679,0.216064453125,0.80029296875
3705,1452,6.554906845092773,1.7516562938690186,-1.0435214042663574,1.4744120836257935,-1.30185866355896,-1.3752363920211792,0.2001953125,0.79296875
3706,1453,6.545229911804199,1.912831425666809,-0.958419919013977,-2.3730146884918213,0.3459375500679016,-0.09556266665458679,0.1951904296875,0.80029296875
3707,1458,6.622579097747803,1.9119923114776611,-1.0407962799072266,2.0179669857025146,-0.36247652769088745,-1.2475671768188477,0.2001953125,0.80029296875
3708,1452,6.554906845092773,1.7516562938690186,-1.0435214042663574,1.4744120836257935,-1.30185866355896,-1.3752363920211792,0.2001953125,0.79296875
3709,1458,6.622579097747803,1.9119923114776611,-1.0407962799072266,2.0179669857025146,-0.36247652769088745,-1.2475671768188477,0.2001953125,0.80029296875
3710,1456,6.615704536437988,1.9119923114776611,-0.8700904250144958,1.9111145734786987,-0.36247700452804565,1.4057936668395996,0.2108154296875,0.80029296875
3711,1458,6.622579097747803,1.9119923114776611,-1.0407962799072266,2.0179669857025146,-0.36247652769088745,-1.2475671768188477,0.2001953125,0.80029296875
3712,1453,6.545229911804199,1.912831425666809,-0.958419919013977,-2.3730146884918213,0.3459375500679016,-0.09556266665458679,0.1951904296875,0.80029296875
3713,1459,6.543427467346191,2.1706721782684326,-0.9584925174713135,-2.2431092262268066,-0.8485920429229736,-0.09140194952487946,0.1951904296875,0.81201171875
3714,1458,6.622579097747803,1.9119923114776611,-1.0407962799072266,2.0179669857025146,-0.36247652769088745,-1.2475671768188477,0.2001953125,0.80029296875
3715,1459,6.543427467346191,2.1706721782684326,-0.9584925174713135,-2.2431092262268066,-0.8485920429229736,-0.09140194952487946,0.1951904296875,0.81201171875
3716,1460,6.6172404289245605,2.154667377471924,-1.0410112142562866,2.007007122039795,0.7347670197486877,-1.0918067693710327,0.2001953125,0.81201171875
3717,1456,6.615704536437988,1.9119923114776611,-0.8700904250144958,1.9111145734786987,-0.36247700452804565,1.4057936668395996,0.2108154296875,0.80029296875
3718,1458,6.622579097747803,1.9119923114776611,-1.0407962799072266,2.0179669857025146,-0.36247652769088745,-1.2475671768188477,0.2001953125,0.80029296875
3719,1460,6.6172404289245605,2.154667377471924,-1.0410112142562866,2.007007122039795,0.7347670197486877,-1.0918067693710327,0.2001953125,0.81201171875
3720,1460,6.6172404289245605,2.154667377471924,-1.0410112142562866,2.007007122039795,0.7347670197486877,-1.0918067693710327,0.2001953125,0.81201171875
3721,1459,6.543427467346191,2.1706721782684326,-0.9584925174713135,-2.2431092262268066,-0.8485920429229736,-0.09140194952487946,0.1951904296875,0.81201171875
3722,1461,6.2387919425964355,2.787876844406128,-0.9695684909820557,-2.1616909503936768,-1.039052128791809,-0.08640033006668091,0.1951904296875,0.8447265625
3723,1460,6.6172404289245605,2.154667377471924,-1.0410112142562866,2.007007122039795,0.7347670197486877,-1.0918067693710327,0.2001953125,0.81201171875
3724,1461,6.2387919425964355,2.787876844406128,-0.9695684909820557,-2.1616909503936768,-1.039052128791809,-0.08640033006668091,0.1951904296875,0.8447265625
3725,1462,6.311186790466309,2.8099148273468018,-1.0533361434936523,1.766883134841919,0.7766465544700623,-1.426515817642212,0.2001953125,0.8447265625
3726,1460,6.6172404289245605,2.154667377471924,-1.0410112142562866,2.007007122039795,0.7347670197486877,-1.0918067693710327,0.2001953125,0.81201171875
3727,1462,6.311186790466309,2.8099148273468018,-1.0533361434936523,1.766883134841919,0.7766465544700623,-1.426515817642212,0.2001953125,0.8447265625
3728,1463,6.304311275482178,2.8099148273468018,-0.8826304078102112,1.6559748649597168,0.7785917520523071,1.5529148578643799,0.2108154296875,0.8447265625
3729,1457,6.545229911804199,1.912831425666809,-0.958419919013977,-2.3730146884918213,0.3459375500679016,-0.09556266665458679,0.216064453125,0.80029296875
3730,1456,6.615704536437988,1.9119923114776611,-0.8700904250144958,1.9111145734786987,-0.36247700452804565,1.4057936668395996,0.2108154296875,0.80029296875
3731,1464,6.610365867614746,2.154667377471924,-0.8703054189682007,1.915878176689148,0.735798716545105,1.244192361831665,0.2108154296875,0.81201171875
3732,1456,6.615704536437988,1.9119923114776611,-0.8700904250144958,1.9111145734786987,-0.36247700452804565,1.4057936668395996,0.2108154296875,0.80029296875
3733,1460,6.6172404289245605,2.154667377471924,-1.0410112142562866,2.007007122039795,0.7347670197486877,-1.0918067693710327,0.2001953125,0.81201171875
3734,1464,6.610365867614746,2.154667377471924,-0.8703054189682007,1.915878176689148,0.735798716545105,1.244192361831665,0.2108154296875,0.81201171875
3735,1460,6.6172404289245605,2.154667377471924,-1.0410112142562866,2.007007122039795,0.7347670197486877,-1.0918067693710327,0.2001953125,0.81201171875
3736,1463,6.304311275482178,2.8099148273468018,-0.8826304078102112,1.6559748649597168,0.7785917520523071,1.5529148578643799,0.2108154296875,0.8447265625
3737,1464,6.610365867614746,2.154667377471924,-0.8703054189682007,1.915878176689148,0.735798716545105,1.244192361831665,0.2108154296875,0.81201171875
3738,1457,6.545229911804199,1.912831425666809,-0.958419919013977,-2.3730146884918213,0.3459375500679016,-0.09556266665458679,0.216064453125,0.80029296875
3739,1464,6.610365867614746,2.154667377471924,-0.8703054189682007,1.915878176689148,0.735798716545105,1.244192361831665,0.2108154296875,0.81201171875
3740,1465,6.543427467346191,2.1706721782684326,-0.9584925174713135,-2.2431092262268066,-0.8485920429229736,-0.09140194952487946,0.216064453125,0.81201171875
3741,1465,6.543427467346191,2.1706721782684326,-0.9584925174713135,-2.2431092262268066,-0.8485920429229736,-0.09140194952487946,0.216064453125,0.81201171875
3742,1464,6.610365867614746,2.154667377471924,-0.8703054189682007,1.915878176689148,0.735798716545105,1.244192361831665,0.2108154296875,0.81201171875
3743,1463,6.304311275482178,2.8099148273468018,-0.8826304078102112,1.6559748649597168,0.7785917520523071,1.5529148578643799,0.2108154296875,0.8447265625
3744,1465,6.543427467346191,2.1706721782684326,-0.9584925174713135,-2.2431092262268066,-0.8485920429229736,-0.09140194952487946,0.216064453125,0.81201171875
3745,1463,6.304311275482178,2.8099148273468018,-0.8826304078102112,1.6559748649597168,0.7785917520523071,1.5529148578643799,0.2108154296875,0.8447265625
3746,1466,6.2387919425964355,2.787876844406128,-0.9695684909820557,-2.1616909503936768,-1.039052128791809,-0.08640033006668091,0.216064453125,0.8447265625
3747,1467,6.441397190093994,2.1319782733917236,1.0042736530303955,2.397902727127075,-0.027226582169532776,0.09656492620706558,0.3876953125,0.54150390625
3748,1468,6.444005966186523,2.362128257751465,1.0043787956237793,2.397902727127075,-0.027226582169532776,0.09656492620706558,0.3984375,0.54150390625
3749,1469,6.434698104858398,2.362128257751465,1.2355124950408936,2.397902727127075,-0.027226582169532776,0.09656492620706558,0.3984375,0.53076171875
3750,1467,6.441397190093994,2.1319782733917236,1.0042736530303955,2.397902727127075,-0.027226582169532776,0.09656492620706558,0.3876953125,0.54150390625
3751,1469,6.434698104858398,2.362128257751465,1.2355124950408936,2.397902727127075,-0.027226582169532776,0.09656492620706558,0.3984375,0.53076171875
3752,1470,6.432089328765869,2.1319782733917236,1.2354074716567993,2.397902727127075,-0.027226582169532776,0.09656492620706558,0.3876953125,0.53076171875
3753,1471,6.190319061279297,2.1780989170074463,1.0337247848510742,-0.27882954478263855,0.00424911780282855,-2.383744955062866,0.3896484375,0.55322265625
3754,1472,6.191946983337402,2.321683883666992,1.0337903499603271,-0.27882954478263855,0.00424911780282855,-2.383744955062866,0.396240234375,0.55322265625
3755,1473,6.444005966186523,2.362128257751465,1.0043787956237793,-0.27882954478263855,0.004249116871505976,-2.383744955062866,0.3984375,0.54150390625
3756,1471,6.190319061279297,2.1780989170074463,1.0337247848510742,-0.27882954478263855,0.00424911780282855,-2.383744955062866,0.3896484375,0.55322265625
3757,1473,6.444005966186523,2.362128257751465,1.0043787956237793,-0.27882954478263855,0.004249116871505976,-2.383744955062866,0.3984375,0.54150390625
3758,1474,6.441397190093994,2.1319782733917236,1.0042736530303955,-0.27882954478263855,0.00424911780282855,-2.383744955062866,0.3876953125,0.54150390625
3759,1475,6.434698104858398,2.362128257751465,1.2355124950408936,-0.381974458694458,2.3693583011627197,-0.015382331795990467,0.3984375,0.53076171875
3760,1476,6.444005966186523,2.362128257751465,1.0043787956237793,-0.3819744884967804,2.3693583011627197,-0.015382333658635616,0.3984375,0.54150390625
3761,1477,6.191946983337402,2.321683883666992,1.0337903499603271,-0.3819744288921356,2.3693583011627197,-0.015382330864667892,0.41015625,0.53955078125
3762,1475,6.434698104858398,2.362128257751465,1.2355124950408936,-0.381974458694458,2.3693583011627197,-0.015382331795990467,0.3984375,0.53076171875
3763,1477,6.191946983337402,2.321683883666992,1.0337903499603271,-0.3819744288921356,2.3693583011627197,-0.015382330864667892,0.41015625,0.53955078125
3764,1478,6.186140060424805,2.321683883666992,1.1779882907867432,-0.3819744884967804,2.3693583011627197,-0.015382333658635616,0.41015625,0.533203125
3765,1479,6.432089328765869,2.1319782733917236,1.2354074716567993,-0.5419175624847412,0.005076115019619465,2.3380126953125,0.3876953125,0.53076171875
3766,1480,6.434698104858398,2.362128257751465,1.2355124950408936,-0.5419175624847412,0.005076115019619465,2.3380126953125,0.3984375,0.53076171875
3767,1481,6.186140060424805,2.321683883666992,1.1779882907867432,-0.5419175624847412,0.005076115019619465,2.3380126953125,0.396240234375,0.51904296875
3768,1479,6.432089328765869,2.1319782733917236,1.2354074716567993,-0.5419175624847412,0.005076115019619465,2.3380126953125,0.3876953125,0.53076171875
3769,1481,6.186140060424805,2.321683883666992,1.1779882907867432,-0.5419175624847412,0.005076115019619465,2.3380126953125,0.396240234375,0.51904296875
3770,1482,6.184512138366699,2.1780989170074463,1.1779227256774902,-0.5419175624847412,0.005076115485280752,2.3380126953125,0.3896484375,0.51904296875
3771,1483,-4.47542142868042,1.4984790086746216,2.206801414489746,-1.409886360168457,-0.16964414715766907,1.934798240661621,0.55517578125,0.7578125
3772,1484,-4.560823440551758,1.6873250007629395,2.112454414367676,-1.5290966033935547,-0.002878568135201931,1.8498265743255615,0.546875,0.75048828125
3773,1485,-4.604287147521973,1.5231412649154663,1.9945237636566162,-2.0492918491363525,-0.3240390717983246,1.2064015865325928,0.546875,0.759765625
3774,1483,-4.47542142868042,1.4984790086746216,2.206801414489746,-1.409886360168457,-0.16964414715766907,1.934798240661621,0.55517578125,0.7578125
3775,1486,-4.138416290283203,1.8215957880020142,2.460641622543335,-1.4497238397598267,0.25892016291618347,1.8950632810592651,0.56591796875,0.734375
3776,1484,-4.560823440551758,1.6873250007629395,2.112454414367676,-1.5290966033935547,-0.002878568135201931,1.8498265743255615,0.546875,0.75048828125
3777,1483,-4.47542142868042,1.4984790086746216,2.206801414489746,-1.409886360168457,-0.16964414715766907,1.934798240661621,0.55517578125,0.7578125
3778,1487,-4.274253845214844,1.4619057178497314,2.289161443710327,-1.3442648649215698,-0.1551208198070526,1.982143759727478,0.56591796875,0.7548828125
3779,1486,-4.138416290283203,1.8215957880020142,2.460641622543335,-1.4497238397598267,0.25892016291618347,1.8950632810592651,0.56591796875,0.734375
3780,1486,-4.138416290283203,1.8215957880020142,2.460641622543335,-1.4497238397598267,0.25892016291618347,1.8950632810592651,0.56591796875,0.734375
3781,1488,-4.349320411682129,2.112795829772949,2.2218830585479736,-1.3326929807662964,0.9191117286682129,1.7717688083648682,0.546875,0.7265625
3782,1484,-4.560823440551758,1.6873250007629395,2.112454414367676,-1.5290966033935547,-0.002878568135201931,1.8498265743255615,0.546875,0.75048828125
3783,1486,-4.138416290283203,1.8215957880020142,2.460641622543335,-1.4497238397598267,0.25892016291618347,1.8950632810592651,0.56591796875,0.734375
3784,1489,-3.9722728729248047,2.098384380340576,2.498819589614868,-1.120568037033081,1.2996101379394531,1.6778982877731323,0.56591796875,0.71923828125
3785,1488,-4.349320411682129,2.112795829772949,2.2218830585479736,-1.3326929807662964,0.9191117286682129,1.7717688083648682,0.546875,0.7265625
3786,1489,-3.9722728729248047,2.098384380340576,2.498819589614868,-1.120568037033081,1.2996101379394531,1.6778982877731323,0.56591796875,0.71923828125
3787,1490,-3.739276885986328,2.5724356174468994,2.2464888095855713,-0.6666128635406494,1.5445104837417603,1.7117582559585571,0.546875,0.697265625
3788,1488,-4.349320411682129,2.112795829772949,2.2218830585479736,-1.3326929807662964,0.9191117286682129,1.7717688083648682,0.546875,0.7265625
3789,1489,-3.9722728729248047,2.098384380340576,2.498819589614868,-1.120568037033081,1.2996101379394531,1.6778982877731323,0.56591796875,0.71923828125
3790,1491,-3.6591012477874756,2.280626058578491,2.5326974391937256,-0.6866841316223145,1.5385550260543823,1.7091854810714722,0.56591796875,0.697265625
3791,1490,-3.739276885986328,2.5724356174468994,2.2464888095855713,-0.6666128635406494,1.5445104837417603,1.7117582559585571,0.546875,0.697265625
3792,1492,-3.191188097000122,2.338961362838745,2.5639050006866455,-0.11658290028572083,1.642074465751648,1.7464253902435303,0.56591796875,0.6728515625
3793,1490,-3.739276885986328,2.5724356174468994,2.2464888095855713,-0.6666128635406494,1.5445104837417603,1.7117582559585571,0.546875,0.697265625
3794,1491,-3.6591012477874756,2.280626058578491,2.5326974391937256,-0.6866841316223145,1.5385550260543823,1.7091854810714722,0.56591796875,0.697265625
3795,1492,-3.191188097000122,2.338961362838745,2.5639050006866455,-0.11658290028572083,1.642074465751648,1.7464253902435303,0.56591796875,0.6728515625
3796,1493,-3.1741583347320557,2.6705665588378906,2.253697395324707,-0.11179904639720917,1.6422697305679321,1.7465546131134033,0.546875,0.6728515625
3797,1490,-3.739276885986328,2.5724356174468994,2.2464888095855713,-0.6666128635406494,1.5445104837417603,1.7117582559585571,0.546875,0.697265625
3798,1492,-3.191188097000122,2.338961362838745,2.5639050006866455,-0.11658290028572083,1.642074465751648,1.7464253902435303,0.56591796875,0.6728515625
3799,1494,-2.531928062438965,2.5892629623413086,2.300006866455078,0.32655322551727295,1.4950149059295654,1.8488634824752808,0.546875,0.64892578125
3800,1493,-3.1741583347320557,2.6705665588378906,2.253697395324707,-0.11179904639720917,1.6422697305679321,1.7465546131134033,0.546875,0.6728515625
3801,1492,-3.191188097000122,2.338961362838745,2.5639050006866455,-0.11658290028572083,1.642074465751648,1.7464253902435303,0.56591796875,0.6728515625
3802,1495,-2.7794902324676514,2.3027751445770264,2.583286762237549,0.24758374691009521,1.5449998378753662,1.819802165031433,0.56591796875,0.64892578125
3803,1494,-2.531928062438965,2.5892629623413086,2.300006866455078,0.32655322551727295,1.4950149059295654,1.8488634824752808,0.546875,0.64892578125
3804,1495,-2.7794902324676514,2.3027751445770264,2.583286762237549,0.24758374691009521,1.5449998378753662,1.819802165031433,0.56591796875,0.64892578125
3805,1496,-2.1256487369537354,2.314460515975952,2.3866584300994873,1.045357346534729,0.7396348714828491,2.029820442199707,0.546875,0.62841796875
3806,1494,-2.531928062438965,2.5892629623413086,2.300006866455078,0.32655322551727295,1.4950149059295654,1.8488634824752808,0.546875,0.64892578125
3807,1495,-2.7794902324676514,2.3027751445770264,2.583286762237549,0.24758374691009521,1.5449998378753662,1.819802165031433,0.56591796875,0.64892578125
3808,1497,-2.428912878036499,2.1252806186676025,2.593942880630493,0.9652172923088074,0.8523256778717041,2.0253148078918457,0.56591796875,0.62841796875
3809,1496,-2.1256487369537354,2.314460515975952,2.3866584300994873,1.045357346534729,0.7396348714828491,2.029820442199707,0.546875,0.62841796875
3810,1498,-2.242471694946289,1.7185531854629517,2.525205135345459,1.4724174737930298,-0.21227729320526123,1.8833290338516235,0.56591796875,0.60546875
3811,1496,-2.1256487369537354,2.314460515975952,2.3866584300994873,1.045357346534729,0.7396348714828491,2.029820442199707,0.546875,0.62841796875
3812,1497,-2.428912878036499,2.1252806186676025,2.593942880630493,0.9652172923088074,0.8523256778717041,2.0253148078918457,0.56591796875,0.62841796875
3813,1498,-2.242471694946289,1.7185531854629517,2.525205135345459,1.4724174737930298,-0.21227729320526123,1.8833290338516235,0.56591796875,0.60546875
3814,1499,-1.9385789632797241,1.8322118520736694,2.2797844409942627,1.4839105606079102,-0.2713031768798828,1.8666565418243408,0.546875,0.60546875
3815,1496,-2.1256487369537354,2.314460515975952,2.3866584300994873,1.045357346534729,0.7396348714828491,2.029820442199707,0.546875,0.62841796875
3816,1498,-2.242471694946289,1.7185531854629517,2.525205135345459,1.4724174737930298,-0.21227729320526123,1.8833290338516235,0.56591796875,0.60546875
3817,1500,-1.8773292303085327,1.3147175312042236,2.0480294227600098,1.534179925918579,-0.6526879668235779,1.7263526916503906,0.546875,0.58154296875
3818,1499,-1.9385789632797241,1.8322118520736694,2.2797844409942627,1.4839105606079102,-0.2713031768798828,1.8666565418243408,0.546875,0.60546875
3819,1498,-2.242471694946289,1.7185531854629517,2.525205135345459,1.4724174737930298,-0.21227729320526123,1.8833290338516235,0.56591796875,0.60546875
3820,1501,-2.206247329711914,1.3173069953918457,2.322984457015991,1.534179925918579,-0.6526879668235779,1.7263526916503906,0.56591796875,0.58154296875
3821,1500,-1.8773292303085327,1.3147175312042236,2.0480294227600098,1.534179925918579,-0.6526879668235779,1.7263526916503906,0.546875,0.58154296875
3822,1502,-2.242471694946289,1.7185531854629517,2.525205135345459,-2.32395601272583,-0.5962043404579163,-0.06140897795557976,0.59423828125,0.9580078125
3823,1503,-2.2048285007476807,1.3174208402633667,2.0384271144866943,-2.387957811355591,-0.23977895081043243,0.012927591800689697,0.5703125,0.94775390625
3824,1504,-2.206247329711914,1.3173069953918457,2.322984457015991,-2.387957811355591,-0.23977898061275482,0.0129275843501091,0.5703125,0.9580078125
3825,1502,-2.242471694946289,1.7185531854629517,2.525205135345459,-2.32395601272583,-0.5962043404579163,-0.06140897795557976,0.59423828125,0.9580078125
3826,1505,-2.253063917160034,1.7816747426986694,2.2881171703338623,-2.3328325748443604,-0.5612256526947021,-0.05404657870531082,0.59423828125,0.94775390625
3827,1503,-2.2048285007476807,1.3174208402633667,2.0384271144866943,-2.387957811355591,-0.23977895081043243,0.012927591800689697,0.5703125,0.94775390625
3828,1506,-2.428912878036499,2.1252806186676025,2.593942880630493,-1.8458949327468872,-1.5083937644958496,-0.2782479524612427,0.615234375,0.9580078125
3829,1505,-2.253063917160034,1.7816747426986694,2.2881171703338623,-2.3328325748443604,-0.5612256526947021,-0.05404657870531082,0.59423828125,0.94775390625
3830,1502,-2.242471694946289,1.7185531854629517,2.525205135345459,-2.32395601272583,-0.5962043404579163,-0.06140897795557976,0.59423828125,0.9580078125
3831,1506,-2.428912878036499,2.1252806186676025,2.593942880630493,-1.8458949327468872,-1.5083937644958496,-0.2782479524612427,0.615234375,0.9580078125
3832,1507,-2.4204390048980713,2.1335625648498535,2.3762710094451904,-1.8918766975402832,-1.45302414894104,-0.2636772394180298,0.615234375,0.94775390625
3833,1505,-2.253063917160034,1.7816747426986694,2.2881171703338623,-2.3328325748443604,-0.5612256526947021,-0.05404657870531082,0.59423828125,0.94775390625
3834,1508,-2.7794902324676514,2.3027751445770264,2.583286762237549,-1.202755331993103,-2.033071756362915,-0.42426398396492004,0.6357421875,0.9580078125
3835,1507,-2.4204390048980713,2.1335625648498535,2.3762710094451904,-1.8918766975402832,-1.45302414894104,-0.2636772394180298,0.615234375,0.94775390625
3836,1506,-2.428912878036499,2.1252806186676025,2.593942880630493,-1.8458949327468872,-1.5083937644958496,-0.2782479524612427,0.615234375,0.9580078125
3837,1508,-2.7794902324676514,2.3027751445770264,2.583286762237549,-1.202755331993103,-2.033071756362915,-0.42426398396492004,0.6357421875,0.9580078125
3838,1509,-2.603301763534546,2.274686336517334,2.372368574142456,-1.202755331993103,-2.033071756362915,-0.42426398396492004,0.625,0.94775390625
3839,1507,-2.4204390048980713,2.1335625648498535,2.3762710094451904,-1.8918766975402832,-1.45302414894104,-0.2636772394180298,0.615234375,0.94775390625
3840,1510,-3.9722728729248047,2.098384380340576,2.498819589614868,1.721545696258545,-1.6711745262145996,-0.0588100403547287,0.525390625,0.95751953125
3841,1511,-3.7718076705932617,2.252822160720825,2.3023974895477295,1.351410150527954,-1.9756923913955688,-0.17416396737098694,0.51513671875,0.94775390625
3842,1512,-3.6591012477874756,2.280626058578491,2.5326974391937256,1.3514100313186646,-1.9756920337677002,-0.17416390776634216,0.5068359375,0.95751953125
3843,1510,-3.9722728729248047,2.098384380340576,2.498819589614868,1.721545696258545,-1.6711745262145996,-0.0588100403547287,0.525390625,0.95751953125
3844,1513,-3.9499499797821045,2.1038060188293457,2.281705379486084,1.7287555932998657,-1.6638020277023315,-0.05628529191017151,0.525390625,0.94775390625
3845,1511,-3.7718076705932617,2.252822160720825,2.3023974895477295,1.351410150527954,-1.9756923913955688,-0.17416396737098694,0.51513671875,0.94775390625
3846,1514,-4.138416290283203,1.8215957880020142,2.460641622543335,2.1471128463745117,-1.0711257457733154,-0.05097527056932449,0.54052734375,0.95751953125
3847,1513,-3.9499499797821045,2.1038060188293457,2.281705379486084,1.7287555932998657,-1.6638020277023315,-0.05628529191017151,0.525390625,0.94775390625
3848,1510,-3.9722728729248047,2.098384380340576,2.498819589614868,1.721545696258545,-1.6711745262145996,-0.0588100403547287,0.525390625,0.95751953125
3849,1514,-4.138416290283203,1.8215957880020142,2.460641622543335,2.1471128463745117,-1.0711257457733154,-0.05097527056932449,0.54052734375,0.95751953125
3850,1515,-4.124772071838379,1.8531335592269897,2.2458157539367676,2.1634714603424072,-1.0368560552597046,-0.06575562059879303,0.54052734375,0.94775390625
3851,1513,-3.9499499797821045,2.1038060188293457,2.281705379486084,1.7287555932998657,-1.6638020277023315,-0.05628529191017151,0.525390625,0.94775390625
3852,1516,-4.274253845214844,1.4619057178497314,2.289161443710327,2.233228921890259,-0.8683881759643555,-0.13635820150375366,0.56201171875,0.95751953125
3853,1515,-4.124772071838379,1.8531335592269897,2.2458157539367676,2.1634714603424072,-1.0368560552597046,-0.06575562059879303,0.54052734375,0.94775390625
3854,1514,-4.138416290283203,1.8215957880020142,2.460641622543335,2.1471128463745117,-1.0711257457733154,-0.05097527056932449,0.54052734375,0.95751953125
3855,1516,-4.274253845214844,1.4619057178497314,2.289161443710327,2.233228921890259,-0.8683881759643555,-0.13635820150375366,0.56201171875,0.95751953125
3856,1517,-4.302183151245117,1.4687626361846924,2.025512456893921,2.233228921890259,-0.8683881759643555,-0.13635821640491486,0.56201171875,0.94775390625
3857,1515,-4.124772071838379,1.8531335592269897,2.2458157539367676,2.1634714603424072,-1.0368560552597046,-0.06575562059879303,0.54052734375,0.94775390625
3858,1518,4.714208126068115,2.2302215099334717,-2.455584764480591,-1.4971314668655396,-1.850667953491211,-0.305984765291214,0.78173828125,0.94384765625
3859,1519,4.9707770347595215,1.984039068222046,-2.2219631671905518,-1.919075846672058,-1.4130773544311523,-0.2834850251674652,0.7646484375,0.9521484375
3860,1520,4.683556079864502,2.217905044555664,-2.287759780883789,-1.4971314668655396,-1.85066819190979,-0.30598482489585876,0.78173828125,0.9521484375
3861,1518,4.714208126068115,2.2302215099334717,-2.455584764480591,-1.4971314668655396,-1.850667953491211,-0.305984765291214,0.78173828125,0.94384765625
3862,1521,4.995023250579834,1.9838438034057617,-2.3960556983947754,-1.8540434837341309,-1.4963783025741577,-0.2887504994869232,0.7646484375,0.94384765625
3863,1519,4.9707770347595215,1.984039068222046,-2.2219631671905518,-1.919075846672058,-1.4130773544311523,-0.2834850251674652,0.7646484375,0.9521484375
3864,1521,4.995023250579834,1.9838438034057617,-2.3960556983947754,-1.8540434837341309,-1.4963783025741577,-0.2887504994869232,0.7646484375,0.94384765625
3865,1522,5.0834221839904785,1.6921443939208984,-2.138993263244629,-2.3006882667541504,-0.6406745314598083,-0.23743289709091187,0.74951171875,0.9521484375
3866,1519,4.9707770347595215,1.984039068222046,-2.2219631671905518,-1.919075846672058,-1.4130773544311523,-0.2834850251674652,0.7646484375,0.9521484375
3867,1521,4.995023250579834,1.9838438034057617,-2.3960556983947754,-1.8540434837341309,-1.4963783025741577,-0.2887504994869232,0.7646484375,0.94384765625
3868,1523,5.097894668579102,1.6911518573760986,-2.314018964767456,-2.251178026199341,-0.7962571978569031,-0.2411940097808838,0.74951171875,0.94384765625
3869,1522,5.0834221839904785,1.6921443939208984,-2.138993263244629,-2.3006882667541504,-0.6406745314598083,-0.23743289709091187,0.74951171875,0.9521484375
3870,1523,5.097894668579102,1.6911518573760986,-2.314018964767456,-2.251178026199341,-0.7962571978569031,-0.2411940097808838,0.74951171875,0.94384765625
3871,1524,5.087711811065674,1.5188592672348022,-2.0569989681243896,-2.3823249340057373,-0.18890999257564545,-0.2210066020488739,0.73974609375,0.9521484375
3872,1522,5.0834221839904785,1.6921443939208984,-2.138993263244629,-2.3006882667541504,-0.6406745314598083,-0.23743289709091187,0.74951171875,0.9521484375
3873,1523,5.097894668579102,1.6911518573760986,-2.314018964767456,-2.251178026199341,-0.7962571978569031,-0.2411940097808838,0.74951171875,0.94384765625
3874,1525,5.095184803009033,1.5106048583984375,-2.1106138229370117,-2.3823249340057373,-0.18890997767448425,-0.2210065722465515,0.73974609375,0.95068359375
3875,1524,5.087711811065674,1.5188592672348022,-2.0569989681243896,-2.3823249340057373,-0.18890999257564545,-0.2210066020488739,0.73974609375,0.9521484375
3876,1526,3.4911515712738037,2.084836006164551,-2.524538040161133,1.7331942319869995,-1.6573925018310547,0.09533730149269104,0.8671875,0.7978515625
3877,1527,3.8239402770996094,2.2490453720092773,-2.5225117206573486,1.2285946607589722,-2.0510878562927246,0.2087917923927307,0.8671875,0.7783203125
3878,1528,3.687539577484131,2.219555139541626,-2.3567192554473877,1.2285946607589722,-2.0510878562927246,0.2087918072938919,0.859375,0.78759765625
3879,1526,3.4911515712738037,2.084836006164551,-2.524538040161133,1.7331942319869995,-1.6573925018310547,0.09533730149269104,0.8671875,0.7978515625
3880,1528,3.687539577484131,2.219555139541626,-2.3567192554473877,1.2285946607589722,-2.0510878562927246,0.2087918072938919,0.859375,0.78759765625
3881,1529,3.5008955001831055,2.0733532905578613,-2.347545623779297,1.7840056419372559,-1.6033306121826172,0.08158926665782928,0.859375,0.7978515625
3882,1530,3.283876657485962,1.7243540287017822,-2.456989288330078,2.180739402770996,-0.9913618564605713,0.14689916372299194,0.8671875,0.81884765625
3883,1526,3.4911515712738037,2.084836006164551,-2.524538040161133,1.7331942319869995,-1.6573925018310547,0.09533730149269104,0.8671875,0.7978515625
3884,1529,3.5008955001831055,2.0733532905578613,-2.347545623779297,1.7840056419372559,-1.6033306121826172,0.08158926665782928,0.859375,0.7978515625
3885,1530,3.283876657485962,1.7243540287017822,-2.456989288330078,2.180739402770996,-0.9913618564605713,0.14689916372299194,0.8671875,0.81884765625
3886,1529,3.5008955001831055,2.0733532905578613,-2.347545623779297,1.7840056419372559,-1.6033306121826172,0.08158926665782928,0.859375,0.7978515625
3887,1531,3.2804837226867676,1.7467329502105713,-2.26767897605896,2.2040886878967285,-0.9333652257919312,0.1755695641040802,0.859375,0.81884765625
3888,1532,3.137794017791748,1.2915349006652832,-2.3043994903564453,2.2691853046417236,-0.7331535220146179,0.27071458101272583,0.8671875,0.84423828125
3889,1530,3.283876657485962,1.7243540287017822,-2.456989288330078,2.180739402770996,-0.9913618564605713,0.14689916372299194,0.8671875,0.81884765625
3890,1531,3.2804837226867676,1.7467329502105713,-2.26767897605896,2.2040886878967285,-0.9333652257919312,0.1755695641040802,0.859375,0.81884765625
3891,1532,3.137794017791748,1.2915349006652832,-2.3043994903564453,2.2691853046417236,-0.7331535220146179,0.27071458101272583,0.8671875,0.84423828125
3892,1531,3.2804837226867676,1.7467329502105713,-2.26767897605896,2.2040886878967285,-0.9333652257919312,0.1755695641040802,0.859375,0.81884765625
3893,1533,3.100816488265991,1.3035856485366821,-2.062074899673462,2.2691853046417236,-0.7331534624099731,0.27071458101272583,0.859375,0.84423828125
3894,1534,3.137794017791748,1.2915349006652832,-2.3043994903564453,-1.591908574104309,-0.06928178668022156,-1.7947231531143188,0.12841796875,0.1646728515625
3895,1535,2.8713724613189697,1.2866463661193848,-2.0742039680480957,-1.591908574104309,-0.06928178668022156,-1.7947231531143188,0.141845703125,0.1732177734375
3896,1536,3.0778157711029053,1.8157144784927368,-2.2714345455169678,-1.5531915426254272,0.14988406002521515,-1.8234949111938477,0.141845703125,0.1431884765625
3897,1534,3.137794017791748,1.2915349006652832,-2.3043994903564453,-1.591908574104309,-0.06928178668022156,-1.7947231531143188,0.12841796875,0.1646728515625
3898,1536,3.0778157711029053,1.8157144784927368,-2.2714345455169678,-1.5531915426254272,0.14988406002521515,-1.8234949111938477,0.141845703125,0.1431884765625
3899,1537,3.283876657485962,1.7243540287017822,-2.456989288330078,-1.5387282371520996,0.21626465022563934,-1.8290839195251465,0.12841796875,0.1431884765625
3900,1538,3.4911515712738037,2.084836006164551,-2.524538040161133,-1.0904645919799805,1.0610324144363403,-1.8560980558395386,0.12841796875,0.121826171875
3901,1537,3.283876657485962,1.7243540287017822,-2.456989288330078,-1.5387282371520996,0.21626465022563934,-1.8290839195251465,0.12841796875,0.1431884765625
3902,1536,3.0778157711029053,1.8157144784927368,-2.2714345455169678,-1.5531915426254272,0.14988406002521515,-1.8234949111938477,0.141845703125,0.1431884765625
3903,1538,3.4911515712738037,2.084836006164551,-2.524538040161133,-1.0904645919799805,1.0610324144363403,-1.8560980558395386,0.12841796875,0.121826171875
3904,1536,3.0778157711029053,1.8157144784927368,-2.2714345455169678,-1.5531915426254272,0.14988406002521515,-1.8234949111938477,0.141845703125,0.1431884765625
3905,1539,3.339865207672119,2.228482246398926,-2.360607147216797,-1.1389706134796143,0.9995014667510986,-1.8611139059066772,0.141845703125,0.121826171875
3906,1540,3.8239402770996094,2.2490453720092773,-2.5225117206573486,-0.33554938435554504,1.6784220933914185,-1.682352066040039,0.12841796875,0.102294921875
3907,1538,3.4911515712738037,2.084836006164551,-2.524538040161133,-1.0904645919799805,1.0610324144363403,-1.8560980558395386,0.12841796875,0.121826171875
3908,1539,3.339865207672119,2.228482246398926,-2.360607147216797,-1.1389706134796143,0.9995014667510986,-1.8611139059066772,0.141845703125,0.121826171875
3909,1540,3.8239402770996094,2.2490453720092773,-2.5225117206573486,-0.33554938435554504,1.6784220933914185,-1.682352066040039,0.12841796875,0.102294921875
3910,1539,3.339865207672119,2.228482246398926,-2.360607147216797,-1.1389706134796143,0.9995014667510986,-1.8611139059066772,0.141845703125,0.121826171875
3911,1541,3.7724218368530273,2.44034481048584,-2.317417860031128,-0.3185502290725708,1.6857638359069824,-1.6783109903335571,0.141845703125,0.102294921875
3912,1542,4.265685081481934,2.2931323051452637,-2.4973692893981934,0.18147863447666168,1.8101376295089722,-1.5653972625732422,0.12841796875,0.0799560546875
3913,1540,3.8239402770996094,2.2490453720092773,-2.5225117206573486,-0.33554938435554504,1.6784220933914185,-1.682352066040039,0.12841796875,0.102294921875
3914,1541,3.7724218368530273,2.44034481048584,-2.317417860031128,-0.3185502290725708,1.6857638359069824,-1.6783109903335571,0.141845703125,0.102294921875
3915,1542,4.265685081481934,2.2931323051452637,-2.4973692893981934,0.18147863447666168,1.8101376295089722,-1.5653972625732422,0.12841796875,0.0799560546875
3916,1541,3.7724218368530273,2.44034481048584,-2.317417860031128,-0.3185502290725708,1.6857638359069824,-1.6783109903335571,0.141845703125,0.102294921875
3917,1543,4.280086040496826,2.4737548828125,-2.2864716053009033,0.20985102653503418,1.8118226528167725,-1.559892177581787,0.141845703125,0.0799560546875
3918,1544,4.714208126068115,2.2302215099334717,-2.455584764480591,0.7684367299079895,1.5954803228378296,-1.619861125946045,0.12841796875,0.057159423828125
3919,1542,4.265685081481934,2.2931323051452637,-2.4973692893981934,0.18147863447666168,1.8101376295089722,-1.5653972625732422,0.12841796875,0.0799560546875
3920,1543,4.280086040496826,2.4737548828125,-2.2864716053009033,0.20985102653503418,1.8118226528167725,-1.559892177581787,0.141845703125,0.0799560546875
3921,1544,4.714208126068115,2.2302215099334717,-2.455584764480591,0.7684367299079895,1.5954803228378296,-1.619861125946045,0.12841796875,0.057159423828125
3922,1543,4.280086040496826,2.4737548828125,-2.2864716053009033,0.20985102653503418,1.8118226528167725,-1.559892177581787,0.141845703125,0.0799560546875
3923,1545,4.806581020355225,2.3914055824279785,-2.2246603965759277,0.8434675335884094,1.5374010801315308,-1.6385855674743652,0.141845703125,0.057159423828125
3924,1546,4.995023250579834,1.9838438034057617,-2.3960556983947754,1.3230910301208496,0.8072882294654846,-1.83240807056427,0.12841796875,0.037078857421875
3925,1544,4.714208126068115,2.2302215099334717,-2.455584764480591,0.7684367299079895,1.5954803228378296,-1.619861125946045,0.12841796875,0.057159423828125
3926,1545,4.806581020355225,2.3914055824279785,-2.2246603965759277,0.8434675335884094,1.5374010801315308,-1.6385855674743652,0.141845703125,0.057159423828125
3927,1546,4.995023250579834,1.9838438034057617,-2.3960556983947754,1.3230910301208496,0.8072882294654846,-1.83240807056427,0.12841796875,0.037078857421875
3928,1545,4.806581020355225,2.3914055824279785,-2.2246603965759277,0.8434675335884094,1.5374010801315308,-1.6385855674743652,0.141845703125,0.057159423828125
3929,1547,5.224334239959717,2.107922315597534,-2.195180654525757,1.3676979541778564,0.6408518552780151,-1.8651312589645386,0.141845703125,0.037078857421875
3930,1548,5.097894668579102,1.6911518573760986,-2.314018964767456,1.4231808185577393,-0.387428879737854,-1.8932664394378662,0.12841796875,0.020904541015625
3931,1546,4.995023250579834,1.9838438034057617,-2.3960556983947754,1.3230910301208496,0.8072882294654846,-1.83240807056427,0.12841796875,0.037078857421875
3932,1547,5.224334239959717,2.107922315597534,-2.195180654525757,1.3676979541778564,0.6408518552780151,-1.8651312589645386,0.141845703125,0.037078857421875
3933,1548,5.097894668579102,1.6911518573760986,-2.314018964767456,1.4231808185577393,-0.387428879737854,-1.8932664394378662,0.12841796875,0.020904541015625
3934,1547,5.224334239959717,2.107922315597534,-2.195180654525757,1.3676979541778564,0.6408518552780151,-1.8651312589645386,0.141845703125,0.037078857421875
3935,1549,5.364089012145996,1.7772551774978638,-2.1237852573394775,1.3988484144210815,-0.541575014591217,-1.8734785318374634,0.141845703125,0.020904541015625
3936,1550,5.3805670738220215,1.575079321861267,-2.021395444869995,1.185011625289917,-1.2765833139419556,-1.6510863304138184,0.141845703125,0.00925445556640625
3937,1548,5.097894668579102,1.6911518573760986,-2.314018964767456,1.4231808185577393,-0.387428879737854,-1.8932664394378662,0.12841796875,0.020904541015625
3938,1549,5.364089012145996,1.7772551774978638,-2.1237852573394775,1.3988484144210815,-0.541575014591217,-1.8734785318374634,0.141845703125,0.020904541015625
3939,1550,5.3805670738220215,1.575079321861267,-2.021395444869995,1.185011625289917,-1.2765833139419556,-1.6510863304138184,0.141845703125,0.00925445556640625
3940,1551,5.095184803009033,1.5106048583984375,-2.1106138229370117,1.1850115060806274,-1.2765833139419556,-1.6510859727859497,0.12841796875,0.00925445556640625
3941,1548,5.097894668579102,1.6911518573760986,-2.314018964767456,1.4231808185577393,-0.387428879737854,-1.8932664394378662,0.12841796875,0.020904541015625
3942,1552,4.501486301422119,2.2302215099334717,2.8267180919647217,-1.5168883800506592,-1.8506675958633423,0.18460869789123535,0.69677734375,0.4794921875
3943,1553,4.484428882598877,2.217905044555664,2.6569714546203613,-1.5168882608413696,-1.8506678342819214,0.18460872769355774,0.705078125,0.4794921875
3944,1554,4.776010990142822,1.984039068222046,2.614483594894409,-1.9356567859649658,-1.4130769968032837,0.12825331091880798,0.705078125,0.4619140625
3945,1552,4.501486301422119,2.2302215099334717,2.8267180919647217,-1.5168883800506592,-1.8506675958633423,0.18460869789123535,0.69677734375,0.4794921875
3946,1554,4.776010990142822,1.984039068222046,2.614483594894409,-1.9356567859649658,-1.4130769968032837,0.12825331091880798,0.705078125,0.4619140625
3947,1555,4.786179065704346,1.9838438034057617,2.7899622917175293,-1.8712586164474487,-1.496377944946289,0.1387309432029724,0.69677734375,0.4619140625
3948,1555,4.786179065704346,1.9838438034057617,2.7899622917175293,-1.8712586164474487,-1.496377944946289,0.1387309432029724,0.69677734375,0.4619140625
3949,1554,4.776010990142822,1.984039068222046,2.614483594894409,-1.9356567859649658,-1.4130769968032837,0.12825331091880798,0.705078125,0.4619140625
3950,1556,4.894962787628174,1.6921443939208984,2.5408401489257812,-2.3123300075531006,-0.6406745910644531,0.051664404571056366,0.705078125,0.44677734375
3951,1555,4.786179065704346,1.9838438034057617,2.7899622917175293,-1.8712586164474487,-1.496377944946289,0.1387309432029724,0.69677734375,0.4619140625
3952,1556,4.894962787628174,1.6921443939208984,2.5408401489257812,-2.3123300075531006,-0.6406745910644531,0.051664404571056366,0.705078125,0.44677734375
3953,1557,4.8953142166137695,1.6911518573760986,2.7164628505706787,-2.2632827758789062,-0.7962571382522583,0.05939486622810364,0.69677734375,0.44677734375
3954,1557,4.8953142166137695,1.6911518573760986,2.7164628505706787,-2.2632827758789062,-0.7962571382522583,0.05939486622810364,0.69677734375,0.44677734375
3955,1556,4.894962787628174,1.6921443939208984,2.5408401489257812,-2.3123300075531006,-0.6406745910644531,0.051664404571056366,0.705078125,0.44677734375
3956,1558,4.905831813812256,1.5188592672348022,2.4594566822052,-2.3923819065093994,-0.18890981376171112,0.028725601732730865,0.705078125,0.437255859375
3957,1557,4.8953142166137695,1.6911518573760986,2.7164628505706787,-2.2632827758789062,-0.7962571382522583,0.05939486622810364,0.69677734375,0.44677734375
3958,1558,4.905831813812256,1.5188592672348022,2.4594566822052,-2.3923819065093994,-0.18890981376171112,0.028725601732730865,0.705078125,0.437255859375
3959,1559,4.908969402313232,1.5106048583984375,2.5134987831115723,-2.3923819065093994,-0.18890982866287231,0.028725601732730865,0.70361328125,0.437255859375
3960,1560,3.276846170425415,2.084836006164551,2.7971010208129883,1.7352482080459595,-1.6573923826217651,0.04434063285589218,0.191162109375,0.97021484375
3961,1561,3.4860925674438477,2.219555139541626,2.6456172466278076,1.2414050102233887,-2.051088571548462,-0.1093233972787857,0.18310546875,0.98095703125
3962,1562,3.608720302581787,2.2490453720092773,2.82184100151062,1.2414047718048096,-2.051088571548462,-0.10932338237762451,0.191162109375,0.98974609375
3963,1560,3.276846170425415,2.084836006164551,2.7971010208129883,1.7352482080459595,-1.6573923826217651,0.04434063285589218,0.191162109375,0.97021484375
3964,1563,3.300790786743164,2.0733532905578613,2.6214652061462402,1.7847893238067627,-1.6033304929733276,0.06213010847568512,0.18310546875,0.97021484375
3965,1561,3.4860925674438477,2.219555139541626,2.6456172466278076,1.2414050102233887,-2.051088571548462,-0.1093233972787857,0.18310546875,0.98095703125
3966,1564,3.075673818588257,1.7243540287017822,2.713103771209717,2.185490369796753,-0.991361677646637,0.028932560235261917,0.191162109375,0.94921875
3967,1563,3.300790786743164,2.0733532905578613,2.6214652061462402,1.7847893238067627,-1.6033304929733276,0.06213010847568512,0.18310546875,0.97021484375
3968,1560,3.276846170425415,2.084836006164551,2.7971010208129883,1.7352482080459595,-1.6573923826217651,0.04434063285589218,0.191162109375,0.97021484375
3969,1564,3.075673818588257,1.7243540287017822,2.713103771209717,2.185490369796753,-0.991361677646637,0.028932560235261917,0.191162109375,0.94921875
3970,1565,3.087514877319336,1.7467329502105713,2.5241334438323975,2.211069345474243,-0.933364987373352,0.0022321343421936035,0.18310546875,0.94921875
3971,1563,3.300790786743164,2.0733532905578613,2.6214652061462402,1.7847893238067627,-1.6033304929733276,0.06213010847568512,0.18310546875,0.97021484375
3972,1566,2.9423341751098633,1.2915349006652832,2.5492615699768066,2.2836058139801025,-0.7331533432006836,-0.08737163245677948,0.191162109375,0.923828125
3973,1565,3.087514877319336,1.7467329502105713,2.5241334438323975,2.211069345474243,-0.933364987373352,0.0022321343421936035,0.18310546875,0.94921875
3974,1564,3.075673818588257,1.7243540287017822,2.713103771209717,2.185490369796753,-0.991361677646637,0.028932560235261917,0.191162109375,0.94921875
3975,1566,2.9423341751098633,1.2915349006652832,2.5492615699768066,2.2836058139801025,-0.7331533432006836,-0.08737163245677948,0.191162109375,0.923828125
3976,1567,2.924961805343628,1.3035856485366821,2.304748296737671,2.2836058139801025,-0.7331533432006836,-0.08737160265445709,0.18310546875,0.923828125
3977,1565,3.087514877319336,1.7467329502105713,2.5241334438323975,2.211069345474243,-0.933364987373352,0.0022321343421936035,0.18310546875,0.94921875
3978,1568,2.9423341751098633,1.2915349006652832,2.5492615699768066,-1.7310686111450195,-0.06928177177906036,1.660905122756958,0.1546630859375,0.0158538818359375
3979,1569,2.8852012157440186,1.8157144784927368,2.511580228805542,-1.6947907209396362,0.14988403022289276,1.6926970481872559,0.168212890625,0.037261962890625
3980,1570,2.6952855587005615,1.2866463661193848,2.2983880043029785,-1.7310682535171509,-0.06928177177906036,1.660905122756958,0.168212890625,0.00724029541015625
3981,1568,2.9423341751098633,1.2915349006652832,2.5492615699768066,-1.7310686111450195,-0.06928177177906036,1.660905122756958,0.1546630859375,0.0158538818359375
3982,1571,3.075673818588257,1.7243540287017822,2.713103771209717,-1.6808234453201294,0.21626459062099457,1.6994307041168213,0.1546630859375,0.037261962890625
3983,1569,2.8852012157440186,1.8157144784927368,2.511580228805542,-1.6947907209396362,0.14988403022289276,1.6926970481872559,0.168212890625,0.037261962890625
3984,1572,3.276846170425415,2.084836006164551,2.7971010208129883,-1.2361834049224854,1.0610332489013672,1.7624021768569946,0.1546630859375,0.0587158203125
3985,1569,2.8852012157440186,1.8157144784927368,2.511580228805542,-1.6947907209396362,0.14988403022289276,1.6926970481872559,0.168212890625,0.037261962890625
3986,1571,3.075673818588257,1.7243540287017822,2.713103771209717,-1.6808234453201294,0.21626459062099457,1.6994307041168213,0.1546630859375,0.037261962890625
3987,1572,3.276846170425415,2.084836006164551,2.7971010208129883,-1.2361834049224854,1.0610332489013672,1.7624021768569946,0.1546630859375,0.0587158203125
3988,1573,3.1392312049865723,2.228482246398926,2.6215357780456543,-1.2849359512329102,0.9995021820068359,1.763501524925232,0.168212890625,0.0587158203125
3989,1569,2.8852012157440186,1.8157144784927368,2.511580228805542,-1.6947907209396362,0.14988403022289276,1.6926970481872559,0.168212890625,0.037261962890625
3990,1574,3.608720302581787,2.2490453720092773,2.82184100151062,-0.4697415232658386,1.6784230470657349,1.6499214172363281,0.1546630859375,0.0782470703125
3991,1573,3.1392312049865723,2.228482246398926,2.6215357780456543,-1.2849359512329102,0.9995021820068359,1.763501524925232,0.168212890625,0.0587158203125
3992,1572,3.276846170425415,2.084836006164551,2.7971010208129883,-1.2361834049224854,1.0610332489013672,1.7624021768569946,0.1546630859375,0.0587158203125
3993,1574,3.608720302581787,2.2490453720092773,2.82184100151062,-0.4697415232658386,1.6784230470657349,1.6499214172363281,0.1546630859375,0.0782470703125
3994,1575,3.5738601684570312,2.44034481048584,2.6132686138153076,-0.4524725377559662,1.6857649087905884,1.6472605466842651,0.168212890625,0.0782470703125
3995,1573,3.1392312049865723,2.228482246398926,2.6215357780456543,-1.2849359512329102,0.9995021820068359,1.763501524925232,0.168212890625,0.0587158203125
3996,1576,4.051055908203125,2.2931323051452637,2.832301139831543,0.055016376078128815,1.8101381063461304,1.5749207735061646,0.1546630859375,0.10052490234375
3997,1575,3.5738601684570312,2.44034481048584,2.6132686138153076,-0.4524725377559662,1.6857649087905884,1.6472605466842651,0.168212890625,0.0782470703125
3998,1574,3.608720302581787,2.2490453720092773,2.82184100151062,-0.4697415232658386,1.6784230470657349,1.6499214172363281,0.1546630859375,0.0782470703125
3999,1576,4.051055908203125,2.2931323051452637,2.832301139831543,0.055016376078128815,1.8101381063461304,1.5749207735061646,0.1546630859375,0.10052490234375
4000,1577,4.082369327545166,2.4737548828125,2.623244047164917,0.08373954147100449,1.8118230104446411,1.5717145204544067,0.168212890625,0.10052490234375
4001,1575,3.5738601684570312,2.44034481048584,2.6132686138153076,-0.4524725377559662,1.6857649087905884,1.6472605466842651,0.168212890625,0.0782470703125
4002,1578,4.501486301422119,2.2302215099334717,2.8267180919647217,0.6356945037841797,1.5954800844192505,1.6764062643051147,0.1546630859375,0.12335205078125
4003,1577,4.082369327545166,2.4737548828125,2.623244047164917,0.08373954147100449,1.8118230104446411,1.5717145204544067,0.168212890625,0.10052490234375
4004,1576,4.051055908203125,2.2931323051452637,2.832301139831543,0.055016376078128815,1.8101381063461304,1.5749207735061646,0.1546630859375,0.10052490234375
4005,1578,4.501486301422119,2.2302215099334717,2.8267180919647217,0.6356945037841797,1.5954800844192505,1.6764062643051147,0.1546630859375,0.12335205078125
4006,1579,4.6121296882629395,2.3914055824279785,2.603969097137451,0.7089767456054688,1.5374009609222412,1.7011030912399292,0.168212890625,0.12335205078125
4007,1577,4.082369327545166,2.4737548828125,2.623244047164917,0.08373954147100449,1.8118230104446411,1.5717145204544067,0.168212890625,0.10052490234375
4008,1580,4.786179065704346,1.9838438034057617,2.7899622917175293,1.1714619398117065,0.8072879314422607,1.9328649044036865,0.1546630859375,0.1434326171875
4009,1579,4.6121296882629395,2.3914055824279785,2.603969097137451,0.7089767456054688,1.5374009609222412,1.7011030912399292,0.168212890625,0.12335205078125
4010,1578,4.501486301422119,2.2302215099334717,2.8267180919647217,0.6356945037841797,1.5954800844192505,1.6764062643051147,0.1546630859375,0.12335205078125
4011,1580,4.786179065704346,1.9838438034057617,2.7899622917175293,1.1714619398117065,0.8072879314422607,1.9328649044036865,0.1546630859375,0.1434326171875
4012,1581,5.030900478363037,2.107922315597534,2.6081764698028564,1.2132929563522339,0.640851616859436,1.9690691232681274,0.168212890625,0.1434326171875
4013,1579,4.6121296882629395,2.3914055824279785,2.603969097137451,0.7089767456054688,1.5374009609222412,1.7011030912399292,0.168212890625,0.12335205078125
4014,1582,4.8953142166137695,1.6911518573760986,2.7164628505706787,1.2663328647613525,-0.38742929697036743,2.001574754714966,0.1546630859375,0.15966796875
4015,1581,5.030900478363037,2.107922315597534,2.6081764698028564,1.2132929563522339,0.640851616859436,1.9690691232681274,0.168212890625,0.1434326171875
4016,1580,4.786179065704346,1.9838438034057617,2.7899622917175293,1.1714619398117065,0.8072879314422607,1.9328649044036865,0.1546630859375,0.1434326171875
4017,1582,4.8953142166137695,1.6911518573760986,2.7164628505706787,1.2663328647613525,-0.38742929697036743,2.001574754714966,0.1546630859375,0.15966796875
4018,1583,5.175943374633789,1.7772551774978638,2.548250436782837,1.2436705827713013,-0.5415753722190857,1.9798945188522339,0.168212890625,0.15966796875
4019,1581,5.030900478363037,2.107922315597534,2.6081764698028564,1.2132929563522339,0.640851616859436,1.9690691232681274,0.168212890625,0.1434326171875
4020,1584,5.200601100921631,1.575079321861267,2.447517156600952,1.0484085083007812,-1.2765830755233765,1.741027593612671,0.168212890625,0.1712646484375
4021,1583,5.175943374633789,1.7772551774978638,2.548250436782837,1.2436705827713013,-0.5415753722190857,1.9798945188522339,0.168212890625,0.15966796875
4022,1582,4.8953142166137695,1.6911518573760986,2.7164628505706787,1.2663328647613525,-0.38742929697036743,2.001574754714966,0.1546630859375,0.15966796875
4023,1584,5.200601100921631,1.575079321861267,2.447517156600952,1.0484085083007812,-1.2765830755233765,1.741027593612671,0.168212890625,0.1712646484375
4024,1582,4.8953142166137695,1.6911518573760986,2.7164628505706787,1.2663328647613525,-0.38742929697036743,2.001574754714966,0.1546630859375,0.15966796875
4025,1585,4.908969402313232,1.5106048583984375,2.5134987831115723,1.0484085083007812,-1.2765830755233765,1.7410277128219604,0.1546630859375,0.1712646484375
4026,1586,-6.3086700439453125,3.8192031383514404,0.6962870359420776,-1.458206295967102,1.7244230508804321,0.8124047517776489,0.090087890625,0.9033203125
4027,1587,-5.886265754699707,4.179906845092773,0.6888357996940613,-0.47611069679260254,2.3507370948791504,0.0857546329498291,0.06500244140625,0.90771484375
4028,1588,-6.367083549499512,4.064967632293701,0.06977544724941254,-0.7951668500900269,2.255702495574951,0.1987859308719635,0.090087890625,0.93701171875
4029,1588,-6.367083549499512,4.064967632293701,0.06977544724941254,-0.7951668500900269,2.255702495574951,0.1987859308719635,0.090087890625,0.93701171875
4030,1587,-5.886265754699707,4.179906845092773,0.6888357996940613,-0.47611069679260254,2.3507370948791504,0.0857546329498291,0.06500244140625,0.90771484375
4031,1589,-6.341396808624268,4.064730167388916,-0.5750268697738647,-0.5482004880905151,2.3333637714385986,-0.12202663719654083,0.090087890625,0.96630859375
4032,1590,-6.041468620300293,4.111395359039307,-1.0002361536026,-0.4982629716396332,2.3325979709625244,-0.2659353017807007,0.07720947265625,0.98486328125
4033,1589,-6.341396808624268,4.064730167388916,-0.5750268697738647,-0.5482004880905151,2.3333637714385986,-0.12202663719654083,0.090087890625,0.96630859375
4034,1587,-5.886265754699707,4.179906845092773,0.6888357996940613,-0.47611069679260254,2.3507370948791504,0.0857546329498291,0.06500244140625,0.90771484375
4035,1591,-6.173718452453613,3.826439380645752,-1.176455020904541,-1.4934512376785278,1.4396119117736816,-1.2071137428283691,0.090087890625,0.994140625
4036,1589,-6.341396808624268,4.064730167388916,-0.5750268697738647,-0.5482004880905151,2.3333637714385986,-0.12202663719654083,0.090087890625,0.96630859375
4037,1590,-6.041468620300293,4.111395359039307,-1.0002361536026,-0.4982629716396332,2.3325979709625244,-0.2659353017807007,0.07720947265625,0.98486328125
4038,1591,-6.173718452453613,3.826439380645752,-1.176455020904541,-1.4934512376785278,1.4396119117736816,-1.2071137428283691,0.090087890625,0.994140625
4039,1590,-6.041468620300293,4.111395359039307,-1.0002361536026,-0.4982629716396332,2.3325979709625244,-0.2659353017807007,0.07720947265625,0.98486328125
4040,1592,-5.761744499206543,4.138082504272461,-1.1720879077911377,-0.3157431483268738,2.3742313385009766,-0.1527492254972458,0.06536865234375,0.994140625
4041,1590,-6.041468620300293,4.111395359039307,-1.0002361536026,-0.4982629716396332,2.3325979709625244,-0.2659353017807007,0.07720947265625,0.98486328125
4042,1587,-5.886265754699707,4.179906845092773,0.6888357996940613,-0.47611069679260254,2.3507370948791504,0.0857546329498291,0.06500244140625,0.90771484375
4043,1593,-5.306735992431641,4.210602283477783,0.42771369218826294,-0.21600158512592316,2.389394760131836,-0.06431452184915543,0.03863525390625,0.921875
4044,1593,-5.306735992431641,4.210602283477783,0.42771369218826294,-0.21600158512592316,2.389394760131836,-0.06431452184915543,0.03863525390625,0.921875
4045,1587,-5.886265754699707,4.179906845092773,0.6888357996940613,-0.47611069679260254,2.3507370948791504,0.0857546329498291,0.06500244140625,0.90771484375
4046,1594,-5.501272201538086,4.247608184814453,0.6622284054756165,-0.44473162293434143,2.2448322772979736,-0.7231472730636597,0.04656982421875,0.91015625
4047,1590,-6.041468620300293,4.111395359039307,-1.0002361536026,-0.4982629716396332,2.3325979709625244,-0.2659353017807007,0.07720947265625,0.98486328125
4048,1593,-5.306735992431641,4.210602283477783,0.42771369218826294,-0.21600158512592316,2.389394760131836,-0.06431452184915543,0.03863525390625,0.921875
4049,1595,-4.533197402954102,4.278337478637695,-0.3987163305282593,-0.2228861153125763,2.389071464538574,-0.051578160375356674,0.00557708740234375,0.9638671875
4050,1595,-4.533197402954102,4.278337478637695,-0.3987163305282593,-0.2228861153125763,2.389071464538574,-0.051578160375356674,0.00557708740234375,0.9638671875
4051,1592,-5.761744499206543,4.138082504272461,-1.1720879077911377,-0.3157431483268738,2.3742313385009766,-0.1527492254972458,0.06536865234375,0.994140625
4052,1590,-6.041468620300293,4.111395359039307,-1.0002361536026,-0.4982629716396332,2.3325979709625244,-0.2659353017807007,0.07720947265625,0.98486328125
4053,1596,-4.844263553619385,4.23214054107666,-1.0843620300292969,-0.16117054224014282,2.392960786819458,-0.08811090141534805,0.02294921875,0.994140625
4054,1592,-5.761744499206543,4.138082504272461,-1.1720879077911377,-0.3157431483268738,2.3742313385009766,-0.1527492254972458,0.06536865234375,0.994140625
4055,1595,-4.533197402954102,4.278337478637695,-0.3987163305282593,-0.2228861153125763,2.389071464538574,-0.051578160375356674,0.00557708740234375,0.9638671875
4056,1597,-4.443568229675293,4.2029948234558105,-1.046005129814148,0.19692979753017426,2.3788459300994873,-0.2496233731508255,0.004405975341796875,0.994140625
4057,1596,-4.844263553619385,4.23214054107666,-1.0843620300292969,-0.16117054224014282,2.392960786819458,-0.08811090141534805,0.02294921875,0.994140625
4058,1595,-4.533197402954102,4.278337478637695,-0.3987163305282593,-0.2228861153125763,2.389071464538574,-0.051578160375356674,0.00557708740234375,0.9638671875
4059,1598,-5.942802429199219,4.0945892333984375,-1.0816423892974854,-0.1899583488702774,2.392455816268921,-0.008448213338851929,0.99365234375,0.95458984375
4060,1599,-6.01005220413208,4.095210552215576,0.606471061706543,-0.1899583488702774,2.392455816268921,-0.008448213338851929,0.99365234375,0.8759765625
4061,1600,-5.406673431396484,4.1439080238342285,0.8300601840019226,-0.18996012210845947,2.392455577850342,-0.00844836886972189,0.96484375,0.86669921875
4062,1598,-5.942802429199219,4.0945892333984375,-1.0816423892974854,-0.1899583488702774,2.392455816268921,-0.008448213338851929,0.99365234375,0.95458984375
4063,1600,-5.406673431396484,4.1439080238342285,0.8300601840019226,-0.18996012210845947,2.392455577850342,-0.00844836886972189,0.96484375,0.86669921875
4064,1601,-5.323548793792725,4.143139839172363,-1.2565628290176392,-0.18996012210845947,2.392455577850342,-0.00844836886972189,0.96484375,0.96337890625
4065,1602,-4.787419319152832,4.1924591064453125,0.6551403999328613,-0.1899619847536087,2.392455577850342,-0.008448613807559013,0.9365234375,0.8759765625
4066,1601,-5.323548793792725,4.143139839172363,-1.2565628290176392,-0.18996012210845947,2.392455577850342,-0.00844836886972189,0.96484375,0.96337890625
4067,1600,-5.406673431396484,4.1439080238342285,0.8300601840019226,-0.18996012210845947,2.392455577850342,-0.00844836886972189,0.96484375,0.86669921875
4068,1602,-4.787419319152832,4.1924591064453125,0.6551403999328613,-0.1899619847536087,2.392455577850342,-0.008448613807559013,0.9365234375,0.8759765625
4069,1603,-4.720170497894287,4.191837310791016,-1.0329725742340088,-0.1899619698524475,2.392455577850342,-0.008448612876236439,0.9365234375,0.95458984375
4070,1601,-5.323548793792725,4.143139839172363,-1.2565628290176392,-0.18996012210845947,2.392455577850342,-0.00844836886972189,0.96484375,0.96337890625
4071,1604,-4.388823986053467,4.222318172454834,0.1485246866941452,-0.1899624913930893,2.392455577850342,-0.008449310436844826,0.9189453125,0.900390625
4072,1603,-4.720170497894287,4.191837310791016,-1.0329725742340088,-0.1899619698524475,2.392455577850342,-0.008448612876236439,0.9365234375,0.95458984375
4073,1602,-4.787419319152832,4.1924591064453125,0.6551403999328613,-0.1899619847536087,2.392455577850342,-0.008448613807559013,0.9365234375,0.8759765625
4074,1604,-4.388823986053467,4.222318172454834,0.1485246866941452,-0.1899624913930893,2.392455577850342,-0.008449310436844826,0.9189453125,0.900390625
4075,1605,-4.363137245178223,4.222080230712891,-0.4962772727012634,-0.1899624615907669,2.392455577850342,-0.008449309505522251,0.9189453125,0.93017578125
4076,1603,-4.720170497894287,4.191837310791016,-1.0329725742340088,-0.1899619698524475,2.392455577850342,-0.008448612876236439,0.9365234375,0.95458984375
4077,1606,-5.350585460662842,3.397728443145752,0.8325564861297607,-0.82982337474823,-0.05484410375356674,2.2513082027435303,0.892578125,0.304443359375
4078,1607,-5.406673431396484,4.1439080238342285,0.8300601840019226,-0.8298234939575195,-0.05484410375356674,2.2513082027435303,0.92724609375,0.304443359375
4079,1608,-6.01005220413208,4.095210552215576,0.606471061706543,-1.4816253185272217,-0.10506271570920944,1.8851395845413208,0.92724609375,0.2744140625
4080,1606,-5.350585460662842,3.397728443145752,0.8325564861297607,-0.82982337474823,-0.05484410375356674,2.2513082027435303,0.892578125,0.304443359375
4081,1608,-6.01005220413208,4.095210552215576,0.606471061706543,-1.4816253185272217,-0.10506271570920944,1.8851395845413208,0.92724609375,0.2744140625
4082,1609,-5.953963756561279,3.3490307331085205,0.6089671850204468,-1.484150767326355,-0.10525921732187271,1.8831408023834229,0.892578125,0.2744140625
4083,1610,-6.367083549499512,4.064967632293701,0.06977544724941254,-2.3036553859710693,-0.17097964882850647,0.6511077880859375,0.92724609375,0.24462890625
4084,1609,-5.953963756561279,3.3490307331085205,0.6089671850204468,-1.484150767326355,-0.10525921732187271,1.8831408023834229,0.892578125,0.2744140625
4085,1608,-6.01005220413208,4.095210552215576,0.606471061706543,-1.4816253185272217,-0.10506271570920944,1.8851395845413208,0.92724609375,0.2744140625
4086,1610,-6.367083549499512,4.064967632293701,0.06977544724941254,-2.3036553859710693,-0.17097964882850647,0.6511077880859375,0.92724609375,0.24462890625
4087,1611,-6.310996055603027,3.3187878131866455,0.07227157056331635,-2.3039915561676025,-0.17100892961025238,0.6499096751213074,0.892578125,0.24462890625
4088,1609,-5.953963756561279,3.3490307331085205,0.6089671850204468,-1.484150767326355,-0.10525921732187271,1.8831408023834229,0.892578125,0.2744140625
4089,1612,-6.341396808624268,4.064730167388916,-0.5750268697738647,-2.2445743083953857,-0.17150050401687622,-0.832152247428894,0.92724609375,0.2147216796875
4090,1611,-6.310996055603027,3.3187878131866455,0.07227157056331635,-2.3039915561676025,-0.17100892961025238,0.6499096751213074,0.892578125,0.24462890625
4091,1610,-6.367083549499512,4.064967632293701,0.06977544724941254,-2.3036553859710693,-0.17097964882850647,0.6511077880859375,0.92724609375,0.24462890625
4092,1612,-6.341396808624268,4.064730167388916,-0.5750268697738647,-2.2445743083953857,-0.17150050401687622,-0.832152247428894,0.92724609375,0.2147216796875
4093,1613,-6.285308837890625,3.318549871444702,-0.5725307464599609,-2.2449936866760254,-0.17152820527553558,-0.8310141563415527,0.892578125,0.2147216796875
4094,1611,-6.310996055603027,3.3187878131866455,0.07227157056331635,-2.3039915561676025,-0.17100892961025238,0.6499096751213074,0.892578125,0.24462890625
4095,1614,-5.942802429199219,4.0945892333984375,-1.0816423892974854,-1.3269902467727661,-0.10642566531896591,-1.996941328048706,0.92724609375,0.184814453125
4096,1613,-6.285308837890625,3.318549871444702,-0.5725307464599609,-2.2449936866760254,-0.17152820527553558,-0.8310141563415527,0.892578125,0.2147216796875
4097,1612,-6.341396808624268,4.064730167388916,-0.5750268697738647,-2.2445743083953857,-0.17150050401687622,-0.832152247428894,0.92724609375,0.2147216796875
4098,1614,-5.942802429199219,4.0945892333984375,-1.0816423892974854,-1.3269902467727661,-0.10642566531896591,-1.996941328048706,0.92724609375,0.184814453125
4099,1615,-5.886714458465576,3.3484089374542236,-1.079146146774292,-1.3296513557434082,-0.10661974549293518,-1.99515962600708,0.892578125,0.184814453125
4100,1613,-6.285308837890625,3.318549871444702,-0.5725307464599609,-2.2449936866760254,-0.17152820527553558,-0.8310141563415527,0.892578125,0.2147216796875
4101,1616,-5.323548793792725,4.143139839172363,-1.2565628290176392,0.09750992804765701,-0.0006924323388375342,-2.3980188369750977,0.92724609375,0.1549072265625
4102,1615,-5.886714458465576,3.3484089374542236,-1.079146146774292,-1.3296513557434082,-0.10661974549293518,-1.99515962600708,0.892578125,0.184814453125
4103,1614,-5.942802429199219,4.0945892333984375,-1.0816423892974854,-1.3269902467727661,-0.10642566531896591,-1.996941328048706,0.92724609375,0.184814453125
4104,1616,-5.323548793792725,4.143139839172363,-1.2565628290176392,0.09750992804765701,-0.0006924323388375342,-2.3980188369750977,0.92724609375,0.1549072265625
4105,1617,-5.267460346221924,3.3969600200653076,-1.2540664672851562,0.09354750066995621,-0.0009908033534884453,-2.398176908493042,0.892578125,0.1549072265625
4106,1615,-5.886714458465576,3.3484089374542236,-1.079146146774292,-1.3296513557434082,-0.10661974549293518,-1.99515962600708,0.892578125,0.184814453125
4107,1618,-4.720170497894287,4.191837310791016,-1.0329725742340088,1.4841519594192505,0.10525952279567719,-1.8831400871276855,0.92724609375,0.1251220703125
4108,1617,-5.267460346221924,3.3969600200653076,-1.2540664672851562,0.09354750066995621,-0.0009908033534884453,-2.398176908493042,0.892578125,0.1549072265625
4109,1616,-5.323548793792725,4.143139839172363,-1.2565628290176392,0.09750992804765701,-0.0006924323388375342,-2.3980188369750977,0.92724609375,0.1549072265625
4110,1618,-4.720170497894287,4.191837310791016,-1.0329725742340088,1.4841519594192505,0.10525952279567719,-1.8831400871276855,0.92724609375,0.1251220703125
4111,1619,-4.6640825271606445,3.44565749168396,-1.030476450920105,1.4816265106201172,0.10506300628185272,-1.8851385116577148,0.892578125,0.1251220703125
4112,1617,-5.267460346221924,3.3969600200653076,-1.2540664672851562,0.09354750066995621,-0.0009908033534884453,-2.398176908493042,0.892578125,0.1549072265625
4113,1620,-4.363137245178223,4.222080230712891,-0.4962772727012634,2.3039913177490234,0.17100976407527924,-0.6499102115631104,0.92724609375,0.09515380859375
4114,1619,-4.6640825271606445,3.44565749168396,-1.030476450920105,1.4816265106201172,0.10506300628185272,-1.8851385116577148,0.892578125,0.1251220703125
4115,1618,-4.720170497894287,4.191837310791016,-1.0329725742340088,1.4841519594192505,0.10525952279567719,-1.8831400871276855,0.92724609375,0.1251220703125
4116,1620,-4.363137245178223,4.222080230712891,-0.4962772727012634,2.3039913177490234,0.17100976407527924,-0.6499102115631104,0.92724609375,0.09515380859375
4117,1621,-4.307048797607422,3.475900888442993,-0.49378108978271484,2.3036553859710693,0.1709805130958557,-0.651107907295227,0.892578125,0.09515380859375
4118,1619,-4.6640825271606445,3.44565749168396,-1.030476450920105,1.4816265106201172,0.10506300628185272,-1.8851385116577148,0.892578125,0.1251220703125
4119,1622,-4.388823986053467,4.222318172454834,0.1485246866941452,2.244993209838867,0.1715291291475296,0.8310157060623169,0.92724609375,0.0653076171875
4120,1621,-4.307048797607422,3.475900888442993,-0.49378108978271484,2.3036553859710693,0.1709805130958557,-0.651107907295227,0.892578125,0.09515380859375
4121,1620,-4.363137245178223,4.222080230712891,-0.4962772727012634,2.3039913177490234,0.17100976407527924,-0.6499102115631104,0.92724609375,0.09515380859375
4122,1622,-4.388823986053467,4.222318172454834,0.1485246866941452,2.244993209838867,0.1715291291475296,0.8310157060623169,0.92724609375,0.0653076171875
4123,1623,-4.332736015319824,3.4761383533477783,0.1510208398103714,2.2445738315582275,0.17150141298770905,0.8321537971496582,0.892578125,0.0653076171875
4124,1621,-4.307048797607422,3.475900888442993,-0.49378108978271484,2.3036553859710693,0.1709805130958557,-0.651107907295227,0.892578125,0.09515380859375
4125,1624,-4.787419319152832,4.1924591064453125,0.6551403999328613,1.32965087890625,0.10662011057138443,1.9951602220535278,0.92724609375,0.035400390625
4126,1623,-4.332736015319824,3.4761383533477783,0.1510208398103714,2.2445738315582275,0.17150141298770905,0.8321537971496582,0.892578125,0.0653076171875
4127,1622,-4.388823986053467,4.222318172454834,0.1485246866941452,2.244993209838867,0.1715291291475296,0.8310157060623169,0.92724609375,0.0653076171875
4128,1624,-4.787419319152832,4.1924591064453125,0.6551403999328613,1.32965087890625,0.10662011057138443,1.9951602220535278,0.92724609375,0.035400390625
4129,1625,-4.731330871582031,3.4462788105010986,0.6576365232467651,1.3269898891448975,0.10642606765031815,1.9969412088394165,0.892578125,0.035400390625
4130,1623,-4.332736015319824,3.4761383533477783,0.1510208398103714,2.2445738315582275,0.17150141298770905,0.8321537971496582,0.892578125,0.0653076171875
4131,1626,-5.406673431396484,4.1439080238342285,0.8300601840019226,0.6481189727783203,0.05644521489739418,2.3101425170898438,0.92724609375,0.0055084228515625
4132,1625,-4.731330871582031,3.4462788105010986,0.6576365232467651,1.3269898891448975,0.10642606765031815,1.9969412088394165,0.892578125,0.035400390625
4133,1624,-4.787419319152832,4.1924591064453125,0.6551403999328613,1.32965087890625,0.10662011057138443,1.9951602220535278,0.92724609375,0.035400390625
4134,1626,-5.406673431396484,4.1439080238342285,0.8300601840019226,0.6481189727783203,0.05644521489739418,2.3101425170898438,0.92724609375,0.0055084228515625
4135,1627,-5.350585460662842,3.397728443145752,0.8325564861297607,0.6481189727783203,0.05644521489739418,2.3101425170898438,0.892578125,0.0055084228515625
4136,1625,-4.731330871582031,3.4462788105010986,0.6576365232467651,1.3269898891448975,0.10642606765031815,1.9969412088394165,0.892578125,0.035400390625
4137,1628,-4.018862724304199,0.25024253129959106,3.2709474563598633,-0.09656972438097,4.4043753177902545e-07,2.398056983947754,0.05926513671875,0.79736328125
4138,1629,-4.304379940032959,1.4430265426635742,3.259448766708374,-0.09657096117734909,1.0948090221063467e-06,2.398056983947754,0.1192626953125,0.79736328125
4139,1630,-4.355243682861328,0.8002119064331055,3.25740122795105,-0.09657096117734909,1.0948090221063467e-06,2.398056983947754,0.0892333984375,0.78759765625
4140,1628,-4.018862724304199,0.25024253129959106,3.2709474563598633,-0.09656972438097,4.4043753177902545e-07,2.398056983947754,0.05926513671875,0.79736328125
4141,1631,-3.885699510574341,1.9331529140472412,3.2763092517852783,-0.09656972438097,4.4043753177902545e-07,2.398056983947754,0.1378173828125,0.82275390625
4142,1629,-4.304379940032959,1.4430265426635742,3.259448766708374,-0.09657096117734909,1.0948090221063467e-06,2.398056983947754,0.1192626953125,0.79736328125
4143,1631,-3.885699510574341,1.9331529140472412,3.2763092517852783,-0.09656972438097,4.4043753177902545e-07,2.398056983947754,0.1378173828125,0.82275390625
4144,1628,-4.018862724304199,0.25024253129959106,3.2709474563598633,-0.09656972438097,4.4043753177902545e-07,2.398056983947754,0.05926513671875,0.79736328125
4145,1632,-3.423722505569458,0.003189101815223694,3.2949132919311523,-0.09657100588083267,4.363619154901244e-07,2.398056983947754,0.04071044921875,0.82275390625
4146,1631,-3.885699510574341,1.9331529140472412,3.2763092517852783,-0.09656972438097,4.4043753177902545e-07,2.398056983947754,0.1378173828125,0.82275390625
4147,1632,-3.423722505569458,0.003189101815223694,3.2949132919311523,-0.09657100588083267,4.363619154901244e-07,2.398056983947754,0.04071044921875,0.82275390625
4148,1633,-3.2591240406036377,2.0833802223205566,3.301541805267334,-0.09657100588083267,4.3636188706841494e-07,2.398056983947754,0.1378173828125,0.8544921875
4149,1634,-2.797147035598755,0.15341606736183167,3.3201465606689453,-0.09657225757837296,6.768935918444186e-07,2.398056983947754,0.04071044921875,0.8544921875
4150,1633,-3.2591240406036377,2.0833802223205566,3.301541805267334,-0.09657100588083267,4.3636188706841494e-07,2.398056983947754,0.1378173828125,0.8544921875
4151,1632,-3.423722505569458,0.003189101815223694,3.2949132919311523,-0.09657100588083267,4.363619154901244e-07,2.398056983947754,0.04071044921875,0.82275390625
4152,1634,-2.797147035598755,0.15341606736183167,3.3201465606689453,-0.09657225757837296,6.768935918444186e-07,2.398056983947754,0.04071044921875,0.8544921875
4153,1635,-2.6639838218688965,1.8363261222839355,3.3255083560943604,-0.09657225757837296,6.768937055312563e-07,2.398056983947754,0.1192626953125,0.8798828125
4154,1633,-3.2591240406036377,2.0833802223205566,3.301541805267334,-0.09657100588083267,4.3636188706841494e-07,2.398056983947754,0.1378173828125,0.8544921875
4155,1635,-2.6639838218688965,1.8363261222839355,3.3255083560943604,-0.09657225757837296,6.768937055312563e-07,2.398056983947754,0.1192626953125,0.8798828125
4156,1634,-2.797147035598755,0.15341606736183167,3.3201465606689453,-0.09657225757837296,6.768935918444186e-07,2.398056983947754,0.04071044921875,0.8544921875
4157,1636,-2.3784666061401367,0.6435426473617554,3.3370070457458496,-0.09657090157270432,1.95161464944249e-06,2.398056983947754,0.059234619140625,0.8798828125
4158,1635,-2.6639838218688965,1.8363261222839355,3.3255083560943604,-0.09657225757837296,6.768937055312563e-07,2.398056983947754,0.1192626953125,0.8798828125
4159,1636,-2.3784666061401367,0.6435426473617554,3.3370070457458496,-0.09657090157270432,1.95161464944249e-06,2.398056983947754,0.059234619140625,0.8798828125
4160,1637,-2.3276021480560303,1.286356806755066,3.339054584503174,-0.09657090157270432,1.9516148768161656e-06,2.398056983947754,0.0892333984375,0.8896484375
4161,1638,-3.391055107116699,0.0031890869140625,2.4837186336517334,-0.18931016325950623,-2.392509698867798,-0.007623621262609959,0.73681640625,0.3212890625
4162,1639,-3.423722505569458,0.003189101815223694,3.2949132919311523,-0.1893102526664734,-2.392509698867798,-0.007623625453561544,0.7744140625,0.3212890625
4163,1640,-4.018862724304199,0.25024253129959106,3.2709474563598633,-1.5582997798919678,-1.824216365814209,-0.06275356560945511,0.7744140625,0.28955078125
4164,1638,-3.391055107116699,0.0031890869140625,2.4837186336517334,-0.18931016325950623,-2.392509698867798,-0.007623621262609959,0.73681640625,0.3212890625
4165,1640,-4.018862724304199,0.25024253129959106,3.2709474563598633,-1.5582997798919678,-1.824216365814209,-0.06275356560945511,0.7744140625,0.28955078125
4166,1641,-3.9861955642700195,0.25024253129959106,2.459752082824707,-1.5582994222640991,-1.8242164850234985,-0.06275355070829391,0.73681640625,0.28955078125
4167,1642,-4.355243682861328,0.8002119064331055,3.25740122795105,-2.3320703506469727,-0.5591342449188232,-0.0939137265086174,0.7744140625,0.258056640625
4168,1641,-3.9861955642700195,0.25024253129959106,2.459752082824707,-1.5582994222640991,-1.8242164850234985,-0.06275355070829391,0.73681640625,0.28955078125
4169,1640,-4.018862724304199,0.25024253129959106,3.2709474563598633,-1.5582997798919678,-1.824216365814209,-0.06275356560945511,0.7744140625,0.28955078125
4170,1642,-4.355243682861328,0.8002119064331055,3.25740122795105,-2.3320703506469727,-0.5591342449188232,-0.0939137265086174,0.7744140625,0.258056640625
4171,1643,-4.322576522827148,0.8002119064331055,2.4462056159973145,-2.3320703506469727,-0.5591338872909546,-0.0939137265086174,0.73681640625,0.258056640625
4172,1641,-3.9861955642700195,0.25024253129959106,2.459752082824707,-1.5582994222640991,-1.8242164850234985,-0.06275355070829391,0.73681640625,0.28955078125
4173,1644,-4.304379940032959,1.4430265426635742,3.259448766708374,-2.2150700092315674,0.9195169806480408,-0.08920205384492874,0.7744140625,0.2265625
4174,1643,-4.322576522827148,0.8002119064331055,2.4462056159973145,-2.3320703506469727,-0.5591338872909546,-0.0939137265086174,0.73681640625,0.258056640625
4175,1642,-4.355243682861328,0.8002119064331055,3.25740122795105,-2.3320703506469727,-0.5591342449188232,-0.0939137265086174,0.7744140625,0.258056640625
4176,1644,-4.304379940032959,1.4430265426635742,3.259448766708374,-2.2150700092315674,0.9195169806480408,-0.08920205384492874,0.7744140625,0.2265625
4177,1645,-4.271712779998779,1.4430265426635742,2.448253870010376,-2.2150700092315674,0.9195170402526855,-0.08920205384492874,0.73681640625,0.2265625
4178,1643,-4.322576522827148,0.8002119064331055,2.4462056159973145,-2.3320703506469727,-0.5591338872909546,-0.0939137265086174,0.73681640625,0.258056640625
4179,1646,-3.885699510574341,1.9331529140472412,3.2763092517852783,-1.2519874572753906,2.046945571899414,-0.05041820555925369,0.7744140625,0.195068359375
4180,1645,-4.271712779998779,1.4430265426635742,2.448253870010376,-2.2150700092315674,0.9195170402526855,-0.08920205384492874,0.73681640625,0.2265625
4181,1644,-4.304379940032959,1.4430265426635742,3.259448766708374,-2.2150700092315674,0.9195169806480408,-0.08920205384492874,0.7744140625,0.2265625
4182,1646,-3.885699510574341,1.9331529140472412,3.2763092517852783,-1.2519874572753906,2.046945571899414,-0.05041820555925369,0.7744140625,0.195068359375
4183,1647,-3.853032350540161,1.9331529140472412,2.4651145935058594,-1.2519876956939697,2.046945571899414,-0.05041821300983429,0.73681640625,0.195068359375
4184,1645,-4.271712779998779,1.4430265426635742,2.448253870010376,-2.2150700092315674,0.9195170402526855,-0.08920205384492874,0.73681640625,0.2265625
4185,1648,-3.2591240406036377,2.0833802223205566,3.301541805267334,0.18931074440479279,2.392509698867798,0.007623645011335611,0.7744140625,0.1634521484375
4186,1647,-3.853032350540161,1.9331529140472412,2.4651145935058594,-1.2519876956939697,2.046945571899414,-0.05041821300983429,0.73681640625,0.195068359375
4187,1646,-3.885699510574341,1.9331529140472412,3.2763092517852783,-1.2519874572753906,2.046945571899414,-0.05041820555925369,0.7744140625,0.195068359375
4188,1648,-3.2591240406036377,2.0833802223205566,3.301541805267334,0.18931074440479279,2.392509698867798,0.007623645011335611,0.7744140625,0.1634521484375
4189,1649,-3.226456880569458,2.0833802223205566,2.490347146987915,0.18931074440479279,2.392509698867798,0.007623645011335611,0.73681640625,0.1634521484375
4190,1647,-3.853032350540161,1.9331529140472412,2.4651145935058594,-1.2519876956939697,2.046945571899414,-0.05041821300983429,0.73681640625,0.195068359375
4191,1650,-2.6639838218688965,1.8363261222839355,3.3255083560943604,1.5582993030548096,1.8242167234420776,0.06275355070829391,0.7744140625,0.1319580078125
4192,1649,-3.226456880569458,2.0833802223205566,2.490347146987915,0.18931074440479279,2.392509698867798,0.007623645011335611,0.73681640625,0.1634521484375
4193,1648,-3.2591240406036377,2.0833802223205566,3.301541805267334,0.18931074440479279,2.392509698867798,0.007623645011335611,0.7744140625,0.1634521484375
4194,1650,-2.6639838218688965,1.8363261222839355,3.3255083560943604,1.5582993030548096,1.8242167234420776,0.06275355070829391,0.7744140625,0.1319580078125
4195,1651,-2.631316661834717,1.8363261222839355,2.5143136978149414,1.5582993030548096,1.8242167234420776,0.06275355070829391,0.73681640625,0.1319580078125
4196,1649,-3.226456880569458,2.0833802223205566,2.490347146987915,0.18931074440479279,2.392509698867798,0.007623645011335611,0.73681640625,0.1634521484375
4197,1652,-2.3276021480560303,1.286356806755066,3.339054584503174,2.3320703506469727,0.5591341257095337,0.0939134806394577,0.7744140625,0.10040283203125
4198,1651,-2.631316661834717,1.8363261222839355,2.5143136978149414,1.5582993030548096,1.8242167234420776,0.06275355070829391,0.73681640625,0.1319580078125
4199,1650,-2.6639838218688965,1.8363261222839355,3.3255083560943604,1.5582993030548096,1.8242167234420776,0.06275355070829391,0.7744140625,0.1319580078125
4200,1652,-2.3276021480560303,1.286356806755066,3.339054584503174,2.3320703506469727,0.5591341257095337,0.0939134806394577,0.7744140625,0.10040283203125
4201,1653,-2.2949349880218506,1.286356806755066,2.527859926223755,2.3320703506469727,0.5591342449188232,0.0939134806394577,0.73681640625,0.10040283203125
4202,1651,-2.631316661834717,1.8363261222839355,2.5143136978149414,1.5582993030548096,1.8242167234420776,0.06275355070829391,0.73681640625,0.1319580078125
4203,1654,-2.3784666061401367,0.6435426473617554,3.3370070457458496,2.215068817138672,-0.9195195436477661,0.08920176327228546,0.7744140625,0.06884765625
4204,1653,-2.2949349880218506,1.286356806755066,2.527859926223755,2.3320703506469727,0.5591342449188232,0.0939134806394577,0.73681640625,0.10040283203125
4205,1652,-2.3276021480560303,1.286356806755066,3.339054584503174,2.3320703506469727,0.5591341257095337,0.0939134806394577,0.7744140625,0.10040283203125
4206,1654,-2.3784666061401367,0.6435426473617554,3.3370070457458496,2.215068817138672,-0.9195195436477661,0.08920176327228546,0.7744140625,0.06884765625
4207,1655,-2.345799207687378,0.6435426473617554,2.5258114337921143,2.215068817138672,-0.9195193648338318,0.08920176327228546,0.73681640625,0.06884765625
4208,1653,-2.2949349880218506,1.286356806755066,2.527859926223755,2.3320703506469727,0.5591342449188232,0.0939134806394577,0.73681640625,0.10040283203125
4209,1656,-2.797147035598755,0.15341606736183167,3.3201465606689453,1.2519876956939697,-2.046945571899414,0.05041821300983429,0.7744140625,0.037322998046875
4210,1655,-2.345799207687378,0.6435426473617554,2.5258114337921143,2.215068817138672,-0.9195193648338318,0.08920176327228546,0.73681640625,0.06884765625
4211,1654,-2.3784666061401367,0.6435426473617554,3.3370070457458496,2.215068817138672,-0.9195195436477661,0.08920176327228546,0.7744140625,0.06884765625
4212,1656,-2.797147035598755,0.15341606736183167,3.3201465606689453,1.2519876956939697,-2.046945571899414,0.05041821300983429,0.7744140625,0.037322998046875
4213,1657,-2.764479637145996,0.15341606736183167,2.50895094871521,1.2519876956939697,-2.046945571899414,0.05041821300983429,0.73681640625,0.037322998046875
4214,1655,-2.345799207687378,0.6435426473617554,2.5258114337921143,2.215068817138672,-0.9195193648338318,0.08920176327228546,0.73681640625,0.06884765625
4215,1658,-3.423722505569458,0.003189101815223694,3.2949132919311523,-0.1893102526664734,-2.392509698867798,-0.007623625453561544,0.7744140625,0.00577545166015625
4216,1657,-2.764479637145996,0.15341606736183167,2.50895094871521,1.2519876956939697,-2.046945571899414,0.05041821300983429,0.73681640625,0.037322998046875
4217,1656,-2.797147035598755,0.15341606736183167,3.3201465606689453,1.2519876956939697,-2.046945571899414,0.05041821300983429,0.7744140625,0.037322998046875
4218,1658,-3.423722505569458,0.003189101815223694,3.2949132919311523,-0.1893102526664734,-2.392509698867798,-0.007623625453561544,0.7744140625,0.00577545166015625
4219,1659,-3.391055107116699,0.0031890869140625,2.4837186336517334,-0.18931016325950623,-2.392509698867798,-0.007623621262609959,0.73681640625,0.00577545166015625
4220,1657,-2.764479637145996,0.15341606736183167,2.50895094871521,1.2519876956939697,-2.046945571899414,0.05041821300983429,0.73681640625,0.037322998046875
4221,1660,-3.1803576946258545,0.0031891316175460815,-2.7483417987823486,-0.18931037187576294,-2.392509698867798,-0.007623646408319473,0.72412109375,0.3212890625
4222,1661,-3.742830276489258,0.2502426505088806,-3.5835037231445312,-1.5582996606826782,-1.8242161273956299,-0.06275404244661331,0.6865234375,0.28955078125
4223,1662,-3.1476902961730957,0.0031891465187072754,-3.5595364570617676,-0.1893104612827301,-2.392509698867798,-0.007623650133609772,0.6865234375,0.321044921875
4224,1660,-3.1803576946258545,0.0031891316175460815,-2.7483417987823486,-0.18931037187576294,-2.392509698867798,-0.007623646408319473,0.72412109375,0.3212890625
4225,1663,-3.7754976749420166,0.2502426505088806,-2.772308349609375,-1.5582995414733887,-1.824216365814209,-0.06275403499603271,0.72412109375,0.28955078125
4226,1661,-3.742830276489258,0.2502426505088806,-3.5835037231445312,-1.5582996606826782,-1.8242161273956299,-0.06275404244661331,0.6865234375,0.28955078125
4227,1664,-4.079211235046387,0.8002119064331055,-3.597050189971924,-2.3320701122283936,-0.5591340065002441,-0.09391425549983978,0.6865234375,0.258056640625
4228,1661,-3.742830276489258,0.2502426505088806,-3.5835037231445312,-1.5582996606826782,-1.8242161273956299,-0.06275404244661331,0.6865234375,0.28955078125
4229,1663,-3.7754976749420166,0.2502426505088806,-2.772308349609375,-1.5582995414733887,-1.824216365814209,-0.06275403499603271,0.72412109375,0.28955078125
4230,1664,-4.079211235046387,0.8002119064331055,-3.597050189971924,-2.3320701122283936,-0.5591340065002441,-0.09391425549983978,0.6865234375,0.258056640625
4231,1663,-3.7754976749420166,0.2502426505088806,-2.772308349609375,-1.5582995414733887,-1.824216365814209,-0.06275403499603271,0.72412109375,0.28955078125
4232,1665,-4.111878871917725,0.8002119064331055,-2.7858543395996094,-2.3320701122283936,-0.5591335892677307,-0.09391425549983978,0.72412109375,0.258056640625
4233,1666,-4.0610151290893555,1.4430266618728638,-2.783806324005127,-2.2150697708129883,0.9195172786712646,-0.08920223265886307,0.72412109375,0.2265625
4234,1664,-4.079211235046387,0.8002119064331055,-3.597050189971924,-2.3320701122283936,-0.5591340065002441,-0.09391425549983978,0.6865234375,0.258056640625
4235,1665,-4.111878871917725,0.8002119064331055,-2.7858543395996094,-2.3320701122283936,-0.5591335892677307,-0.09391425549983978,0.72412109375,0.258056640625
4236,1666,-4.0610151290893555,1.4430266618728638,-2.783806324005127,-2.2150697708129883,0.9195172786712646,-0.08920223265886307,0.72412109375,0.2265625
4237,1667,-4.028347492218018,1.4430266618728638,-3.595001220703125,-2.2150697708129883,0.9195172786712646,-0.08920223265886307,0.6865234375,0.2265625
4238,1664,-4.079211235046387,0.8002119064331055,-3.597050189971924,-2.3320701122283936,-0.5591340065002441,-0.09391425549983978,0.6865234375,0.258056640625
4239,1668,-3.6096670627593994,1.9331529140472412,-3.5781407356262207,-1.2519872188568115,2.046945810317993,-0.05041830241680145,0.6865234375,0.195068359375
4240,1667,-4.028347492218018,1.4430266618728638,-3.595001220703125,-2.2150697708129883,0.9195172786712646,-0.08920223265886307,0.6865234375,0.2265625
4241,1666,-4.0610151290893555,1.4430266618728638,-2.783806324005127,-2.2150697708129883,0.9195172786712646,-0.08920223265886307,0.72412109375,0.2265625
4242,1668,-3.6096670627593994,1.9331529140472412,-3.5781407356262207,-1.2519872188568115,2.046945810317993,-0.05041830241680145,0.6865234375,0.195068359375
4243,1666,-4.0610151290893555,1.4430266618728638,-2.783806324005127,-2.2150697708129883,0.9195172786712646,-0.08920223265886307,0.72412109375,0.2265625
4244,1669,-3.642334461212158,1.9331529140472412,-2.7669458389282227,-1.2519869804382324,2.046945571899414,-0.050418298691511154,0.72412109375,0.195068359375
4245,1670,-2.9830915927886963,2.0833802223205566,-3.552907943725586,0.1893109530210495,2.392509698867798,0.007623669691383839,0.6865234375,0.1634521484375
4246,1668,-3.6096670627593994,1.9331529140472412,-3.5781407356262207,-1.2519872188568115,2.046945810317993,-0.05041830241680145,0.6865234375,0.195068359375
4247,1669,-3.642334461212158,1.9331529140472412,-2.7669458389282227,-1.2519869804382324,2.046945571899414,-0.050418298691511154,0.72412109375,0.195068359375
4248,1670,-2.9830915927886963,2.0833802223205566,-3.552907943725586,0.1893109530210495,2.392509698867798,0.007623669691383839,0.6865234375,0.1634521484375
4249,1669,-3.642334461212158,1.9331529140472412,-2.7669458389282227,-1.2519869804382324,2.046945571899414,-0.050418298691511154,0.72412109375,0.195068359375
4250,1671,-3.015758991241455,2.0833802223205566,-2.741713285446167,0.1893109530210495,2.392509698867798,0.007623669691383839,0.72412109375,0.1634521484375
4251,1672,-2.387951374053955,1.8363258838653564,-3.5289413928985596,1.5582994222640991,1.824216604232788,0.06275368481874466,0.6865234375,0.1319580078125
4252,1670,-2.9830915927886963,2.0833802223205566,-3.552907943725586,0.1893109530210495,2.392509698867798,0.007623669691383839,0.6865234375,0.1634521484375
4253,1671,-3.015758991241455,2.0833802223205566,-2.741713285446167,0.1893109530210495,2.392509698867798,0.007623669691383839,0.72412109375,0.1634521484375
4254,1672,-2.387951374053955,1.8363258838653564,-3.5289413928985596,1.5582994222640991,1.824216604232788,0.06275368481874466,0.6865234375,0.1319580078125
4255,1671,-3.015758991241455,2.0833802223205566,-2.741713285446167,0.1893109530210495,2.392509698867798,0.007623669691383839,0.72412109375,0.1634521484375
4256,1673,-2.420618772506714,1.8363258838653564,-2.7177467346191406,1.5582994222640991,1.824216604232788,0.06275368481874466,0.72412109375,0.1319580078125
4257,1674,-2.051569938659668,1.286356806755066,-3.515395164489746,2.3320701122283936,0.5591339468955994,0.09391425549983978,0.6865234375,0.10040283203125
4258,1672,-2.387951374053955,1.8363258838653564,-3.5289413928985596,1.5582994222640991,1.824216604232788,0.06275368481874466,0.6865234375,0.1319580078125
4259,1673,-2.420618772506714,1.8363258838653564,-2.7177467346191406,1.5582994222640991,1.824216604232788,0.06275368481874466,0.72412109375,0.1319580078125
4260,1674,-2.051569938659668,1.286356806755066,-3.515395164489746,2.3320701122283936,0.5591339468955994,0.09391425549983978,0.6865234375,0.10040283203125
4261,1673,-2.420618772506714,1.8363258838653564,-2.7177467346191406,1.5582994222640991,1.824216604232788,0.06275368481874466,0.72412109375,0.1319580078125
4262,1675,-2.0842373371124268,1.286356806755066,-2.704200506210327,2.3320701122283936,0.5591340661048889,0.09391425549983978,0.72412109375,0.10040283203125
4263,1674,-2.051569938659668,1.286356806755066,-3.515395164489746,2.3320701122283936,0.5591339468955994,0.09391425549983978,0.6865234375,0.10040283203125
4264,1675,-2.0842373371124268,1.286356806755066,-2.704200506210327,2.3320701122283936,0.5591340661048889,0.09391425549983978,0.72412109375,0.10040283203125
4265,1676,-2.135101556777954,0.6435425877571106,-2.7062485218048096,2.2150685787200928,-0.9195194244384766,0.08920253813266754,0.72412109375,0.06884765625
4266,1674,-2.051569938659668,1.286356806755066,-3.515395164489746,2.3320701122283936,0.5591339468955994,0.09391425549983978,0.6865234375,0.10040283203125
4267,1676,-2.135101556777954,0.6435425877571106,-2.7062485218048096,2.2150685787200928,-0.9195194244384766,0.08920253813266754,0.72412109375,0.06884765625
4268,1677,-2.1024341583251953,0.6435425877571106,-3.517444133758545,2.2150685787200928,-0.9195196628570557,0.08920253813266754,0.6865234375,0.06884765625
4269,1678,-2.5211145877838135,0.15341603755950928,-3.534304618835449,1.251987338066101,-2.046945571899414,0.05041830986738205,0.6865234375,0.037322998046875
4270,1677,-2.1024341583251953,0.6435425877571106,-3.517444133758545,2.2150685787200928,-0.9195196628570557,0.08920253813266754,0.6865234375,0.06884765625
4271,1676,-2.135101556777954,0.6435425877571106,-2.7062485218048096,2.2150685787200928,-0.9195194244384766,0.08920253813266754,0.72412109375,0.06884765625
4272,1678,-2.5211145877838135,0.15341603755950928,-3.534304618835449,1.251987338066101,-2.046945571899414,0.05041830986738205,0.6865234375,0.037322998046875
4273,1676,-2.135101556777954,0.6435425877571106,-2.7062485218048096,2.2150685787200928,-0.9195194244384766,0.08920253813266754,0.72412109375,0.06884765625
4274,1679,-2.5537819862365723,0.15341603755950928,-2.723109006881714,1.251987338066101,-2.046945810317993,0.05041830986738205,0.72412109375,0.037322998046875
4275,1680,-3.1476902961730957,0.0031891465187072754,-3.5595364570617676,-0.1893104612827301,-2.392509698867798,-0.007623650133609772,0.6865234375,0.005771636962890625
4276,1678,-2.5211145877838135,0.15341603755950928,-3.534304618835449,1.251987338066101,-2.046945571899414,0.05041830986738205,0.6865234375,0.037322998046875
4277,1679,-2.5537819862365723,0.15341603755950928,-2.723109006881714,1.251987338066101,-2.046945810317993,0.05041830986738205,0.72412109375,0.037322998046875
4278,1680,-3.1476902961730957,0.0031891465187072754,-3.5595364570617676,-0.1893104612827301,-2.392509698867798,-0.007623650133609772,0.6865234375,0.005771636962890625
4279,1679,-2.5537819862365723,0.15341603755950928,-2.723109006881714,1.251987338066101,-2.046945810317993,0.05041830986738205,0.72412109375,0.037322998046875
4280,1681,-3.1803576946258545,0.0031891316175460815,-2.7483417987823486,-0.18931037187576294,-2.392509698867798,-0.007623646408319473,0.72412109375,0.005779266357421875
4281,1682,-2.387951374053955,1.8363258838653564,-3.5289413928985596,0.09657002240419388,6.016289262333885e-07,-2.398056983947754,0.28515625,0.869140625
4282,1683,-2.051569938659668,1.286356806755066,-3.515395164489746,0.09657140076160431,2.2848189473734237e-06,-2.398056983947754,0.259765625,0.8505859375
4283,1684,-2.1024341583251953,0.6435425877571106,-3.517444133758545,0.09657140076160431,2.2848189473734237e-06,-2.398056983947754,0.2281494140625,0.8505859375
4284,1682,-2.387951374053955,1.8363258838653564,-3.5289413928985596,0.09657002240419388,6.016289262333885e-07,-2.398056983947754,0.28515625,0.869140625
4285,1684,-2.1024341583251953,0.6435425877571106,-3.517444133758545,0.09657140076160431,2.2848189473734237e-06,-2.398056983947754,0.2281494140625,0.8505859375
4286,1685,-2.5211145877838135,0.15341603755950928,-3.534304618835449,0.09657002240419388,6.016287557031319e-07,-2.398056983947754,0.20263671875,0.869140625
4287,1685,-2.5211145877838135,0.15341603755950928,-3.534304618835449,0.09657002240419388,6.016287557031319e-07,-2.398056983947754,0.20263671875,0.869140625
4288,1686,-2.9830915927886963,2.0833802223205566,-3.552907943725586,0.09657127410173416,4.363621144420904e-07,-2.398056983947754,0.294921875,0.8994140625
4289,1682,-2.387951374053955,1.8363258838653564,-3.5289413928985596,0.09657002240419388,6.016289262333885e-07,-2.398056983947754,0.28515625,0.869140625
4290,1685,-2.5211145877838135,0.15341603755950928,-3.534304618835449,0.09657002240419388,6.016287557031319e-07,-2.398056983947754,0.20263671875,0.869140625
4291,1687,-3.1476902961730957,0.0031891465187072754,-3.5595364570617676,0.09657127410173416,4.363621144420904e-07,-2.398056983947754,0.19287109375,0.8994140625
4292,1686,-2.9830915927886963,2.0833802223205566,-3.552907943725586,0.09657127410173416,4.363621144420904e-07,-2.398056983947754,0.294921875,0.8994140625
4293,1688,-3.6096670627593994,1.9331529140472412,-3.5781407356262207,0.09657255560159683,5.157026521374064e-07,-2.398056983947754,0.28515625,0.92919921875
4294,1686,-2.9830915927886963,2.0833802223205566,-3.552907943725586,0.09657127410173416,4.363621144420904e-07,-2.398056983947754,0.294921875,0.8994140625
4295,1687,-3.1476902961730957,0.0031891465187072754,-3.5595364570617676,0.09657127410173416,4.363621144420904e-07,-2.398056983947754,0.19287109375,0.8994140625
4296,1688,-3.6096670627593994,1.9331529140472412,-3.5781407356262207,0.09657255560159683,5.157026521374064e-07,-2.398056983947754,0.28515625,0.92919921875
4297,1687,-3.1476902961730957,0.0031891465187072754,-3.5595364570617676,0.09657127410173416,4.363621144420904e-07,-2.398056983947754,0.19287109375,0.8994140625
4298,1689,-3.742830276489258,0.2502426505088806,-3.5835037231445312,0.09657255560159683,5.157026521374064e-07,-2.398056983947754,0.2025146484375,0.92919921875
4299,1689,-3.742830276489258,0.2502426505088806,-3.5835037231445312,0.09657255560159683,5.157026521374064e-07,-2.398056983947754,0.2025146484375,0.92919921875
4300,1690,-4.028347492218018,1.4430266618728638,-3.595001220703125,0.09657129645347595,7.616061452608847e-07,-2.398056983947754,0.259521484375,0.94775390625
4301,1688,-3.6096670627593994,1.9331529140472412,-3.5781407356262207,0.09657255560159683,5.157026521374064e-07,-2.398056983947754,0.28515625,0.92919921875
4302,1689,-3.742830276489258,0.2502426505088806,-3.5835037231445312,0.09657255560159683,5.157026521374064e-07,-2.398056983947754,0.2025146484375,0.92919921875
4303,1691,-4.079211235046387,0.8002119064331055,-3.597050189971924,0.09657129645347595,7.616061452608847e-07,-2.398056983947754,0.22802734375,0.94775390625
4304,1690,-4.028347492218018,1.4430266618728638,-3.595001220703125,0.09657129645347595,7.616061452608847e-07,-2.398056983947754,0.259521484375,0.94775390625
4305,1692,5.661370277404785,2.0584635734558105,2.4811618328094482,0.14393579959869385,2.3956711292266846,0.006531370338052511,0.73486328125,0.55615234375
4306,1693,5.842641830444336,2.0584635734558105,-2.020179033279419,0.14393579959869385,2.3956711292266846,0.006531370338052511,0.73486328125,0.76318359375
4307,1694,2.7103614807128906,2.248380661010742,-2.146317720413208,0.14393579959869385,2.3956711292266846,0.006531370338052511,0.8828125,0.76318359375
4308,1692,5.661370277404785,2.0584635734558105,2.4811618328094482,0.14393579959869385,2.3956711292266846,0.006531370338052511,0.73486328125,0.55615234375
4309,1694,2.7103614807128906,2.248380661010742,-2.146317720413208,0.14393579959869385,2.3956711292266846,0.006531370338052511,0.8828125,0.76318359375
4310,1695,2.472534418106079,2.2490227222442627,2.352745532989502,0.14393579959869385,2.3956711292266846,0.006531370338052511,0.8828125,0.55615234375
4311,1696,-6.198631286621094,3.0657567977905273,0.4494498372077942,-2.3749759197235107,-0.33227792382240295,-0.09530793875455856,0.451171875,0.419189453125
4312,1697,-6.2511115074157715,3.1710093021392822,1.7295000553131104,-2.3908939361572266,-0.19200730323791504,-0.0822344645857811,0.44775390625,0.3583984375
4313,1698,-6.203604698181152,3.1710093021392822,0.5498138070106506,-2.397963285446167,-0.021226078271865845,-0.09656736254692078,0.447998046875,0.414306640625
4314,1699,-6.235221862792969,2.940915822982788,1.8137462139129639,-2.388477087020874,-0.2193228304386139,-0.08412696421146393,0.45751953125,0.3544921875
4315,1697,-6.2511115074157715,3.1710093021392822,1.7295000553131104,-2.3908939361572266,-0.19200730323791504,-0.0822344645857811,0.44775390625,0.3583984375
4316,1696,-6.198631286621094,3.0657567977905273,0.4494498372077942,-2.3749759197235107,-0.33227792382240295,-0.09530793875455856,0.451171875,0.419189453125
4317,1696,-6.198631286621094,3.0657567977905273,0.4494498372077942,-2.3749759197235107,-0.33227792382240295,-0.09530793875455856,0.451171875,0.419189453125
4318,1700,-6.0691375732421875,2.940915822982788,-2.3104641437530518,-2.387507677078247,-0.21932266652584076,-0.10820470005273819,0.45751953125,0.55029296875
4319,1699,-6.235221862792969,2.940915822982788,1.8137462139129639,-2.388477087020874,-0.2193228304386139,-0.08412696421146393,0.45751953125,0.3544921875
4320,1696,-6.198631286621094,3.0657567977905273,0.4494498372077942,-2.3749759197235107,-0.33227792382240295,-0.09530793875455856,0.451171875,0.419189453125
4321,1701,-6.142369747161865,3.0657567977905273,-0.9476433992385864,-2.3749492168426514,-0.33227792382240295,-0.09597428888082504,0.451171875,0.485595703125
4322,1700,-6.0691375732421875,2.940915822982788,-2.3104641437530518,-2.387507677078247,-0.21932266652584076,-0.10820470005273819,0.45751953125,0.55029296875
4323,1700,-6.0691375732421875,2.940915822982788,-2.3104641437530518,-2.387507677078247,-0.21932266652584076,-0.10820470005273819,0.45751953125,0.55029296875
4324,1701,-6.142369747161865,3.0657567977905273,-0.9476433992385864,-2.3749492168426514,-0.33227792382240295,-0.09597428888082504,0.451171875,0.485595703125
4325,1702,-6.091750144958496,3.1710093021392822,-2.2277684211730957,-2.3897643089294434,-0.1920071393251419,-0.11028540134429932,0.44775390625,0.54638671875
4326,1701,-6.142369747161865,3.0657567977905273,-0.9476433992385864,-2.3749492168426514,-0.33227792382240295,-0.09597428888082504,0.451171875,0.485595703125
4327,1703,-6.139256477355957,3.1710093021392822,-1.0480822324752808,-2.397963285446167,-0.02122603915631771,-0.09656736254692078,0.447998046875,0.490478515625
4328,1702,-6.091750144958496,3.1710093021392822,-2.2277684211730957,-2.3897643089294434,-0.1920071393251419,-0.11028540134429932,0.44775390625,0.54638671875
4329,1704,-6.203604698181152,3.1710093021392822,0.5498138070106506,1.382163405418396,1.9612566232681274,0.05566051974892616,0.447998046875,0.414306640625
4330,1705,-6.2511115074157715,3.1710093021392822,1.7295000553131104,1.6671605110168457,1.7230058908462524,0.10875482857227325,0.44775390625,0.3583984375
4331,1706,-6.082554340362549,3.088416337966919,0.4541243314743042,1.8900514841079712,1.4770609140396118,0.07745148986577988,0.443359375,0.41943359375
4332,1706,-6.082554340362549,3.088416337966919,0.4541243314743042,1.8900514841079712,1.4770609140396118,0.07745148986577988,0.443359375,0.41943359375
4333,1705,-6.2511115074157715,3.1710093021392822,1.7295000553131104,1.6671605110168457,1.7230058908462524,0.10875482857227325,0.44775390625,0.3583984375
4334,1707,-6.0439276695251465,2.9658727645874023,1.771531343460083,1.7171752452850342,1.6733862161636353,0.10530807077884674,0.435791015625,0.357177734375
4335,1708,-5.881857395172119,2.9658727645874023,-2.2530035972595215,1.7200826406478882,1.6733862161636353,0.03311191871762276,0.435791015625,0.5478515625
4336,1706,-6.082554340362549,3.088416337966919,0.4541243314743042,1.8900514841079712,1.4770609140396118,0.07745148986577988,0.443359375,0.41943359375
4337,1707,-6.0439276695251465,2.9658727645874023,1.771531343460083,1.7171752452850342,1.6733862161636353,0.10530807077884674,0.435791015625,0.357177734375
4338,1708,-5.881857395172119,2.9658727645874023,-2.2530035972595215,1.7200826406478882,1.6733862161636353,0.03311191871762276,0.435791015625,0.5478515625
4339,1709,-6.02629280090332,3.088416337966919,-0.9429688453674316,1.890159010887146,1.4770609140396118,0.07477975636720657,0.443359375,0.4853515625
4340,1706,-6.082554340362549,3.088416337966919,0.4541243314743042,1.8900514841079712,1.4770609140396118,0.07745148986577988,0.443359375,0.41943359375
4341,1709,-6.02629280090332,3.088416337966919,-0.9429688453674316,1.890159010887146,1.4770609140396118,0.07477975636720657,0.443359375,0.4853515625
4342,1708,-5.881857395172119,2.9658727645874023,-2.2530035972595215,1.7200826406478882,1.6733862161636353,0.03311191871762276,0.435791015625,0.5478515625
4343,1710,-6.091750144958496,3.1710093021392822,-2.2277684211730957,1.6705071926116943,1.7230058908462524,0.02565455436706543,0.44775390625,0.54638671875
4344,1711,-6.139256477355957,3.1710093021392822,-1.0480822324752808,1.3821650743484497,1.961255431175232,0.055660586804151535,0.447998046875,0.490478515625
4345,1709,-6.02629280090332,3.088416337966919,-0.9429688453674316,1.890159010887146,1.4770609140396118,0.07477975636720657,0.443359375,0.4853515625
4346,1710,-6.091750144958496,3.1710093021392822,-2.2277684211730957,1.6705071926116943,1.7230058908462524,0.02565455436706543,0.44775390625,0.54638671875
4347,1712,-6.082554340362549,3.088416337966919,0.4541243314743042,-0.4590941071510315,2.3556084632873535,-0.01848798431456089,0.443359375,0.41943359375
4348,1713,-6.02629280090332,3.088416337966919,-0.9429688453674316,-0.4590941071510315,2.3556084632873535,-0.01848798431456089,0.443359375,0.4853515625
4349,1714,-6.142369747161865,3.0657567977905273,-0.9476433992385864,-0.4590941071510315,2.3556084632873535,-0.01848798431456089,0.451171875,0.485595703125
4350,1712,-6.082554340362549,3.088416337966919,0.4541243314743042,-0.4590941071510315,2.3556084632873535,-0.01848798431456089,0.443359375,0.41943359375
4351,1714,-6.142369747161865,3.0657567977905273,-0.9476433992385864,-0.4590941071510315,2.3556084632873535,-0.01848798431456089,0.451171875,0.485595703125
4352,1715,-6.198631286621094,3.0657567977905273,0.4494498372077942,-0.4590941071510315,2.3556084632873535,-0.01848798431456089,0.451171875,0.419189453125
4353,1716,-4.398643970489502,0.8002021312713623,-1.494905710220337,-2.358839273452759,0.4328330457210541,0.09238655865192413,0.58056640625,0.77783203125
4354,1717,-4.526124954223633,0.7314930558204651,-2.3268325328826904,-2.215155839920044,0.88437420129776,0.26640117168426514,0.5849609375,0.81689453125
4355,1718,-4.429349899291992,0.7232809066772461,-1.5656458139419556,-2.215156078338623,0.8843741416931152,0.26640117168426514,0.583984375,0.78125
4356,1716,-4.398643970489502,0.8002021312713623,-1.494905710220337,-2.358839273452759,0.4328330457210541,0.09238655865192413,0.58056640625,0.77783203125
4357,1719,-4.496938705444336,0.8086245656013489,-2.410973072052002,-2.358961820602417,0.43221521377563477,0.09215066581964493,0.5810546875,0.82080078125
4358,1717,-4.526124954223633,0.7314930558204651,-2.3268325328826904,-2.215155839920044,0.88437420129776,0.26640117168426514,0.5849609375,0.81689453125
4359,1719,-4.496938705444336,0.8086245656013489,-2.410973072052002,-2.358961820602417,0.43221521377563477,0.09215066581964493,0.5810546875,0.82080078125
4360,1716,-4.398643970489502,0.8002021312713623,-1.494905710220337,-2.358839273452759,0.4328330457210541,0.09238655865192413,0.58056640625,0.77783203125
4361,1720,-4.370595932006836,1.375489592552185,-1.4937762022018433,-2.3759512901306152,0.3350962996482849,0.050684817135334015,0.5537109375,0.77783203125
4362,1719,-4.496938705444336,0.8086245656013489,-2.410973072052002,-2.358961820602417,0.43221521377563477,0.09215066581964493,0.5810546875,0.82080078125
4363,1720,-4.370595932006836,1.375489592552185,-1.4937762022018433,-2.3759512901306152,0.3350962996482849,0.050684817135334015,0.5537109375,0.77783203125
4364,1721,-4.341530799865723,1.321205973625183,-2.4101736545562744,-2.3676764965057373,0.38589444756507874,0.07208394259214401,0.55615234375,0.8203125
4365,1721,-4.341530799865723,1.321205973625183,-2.4101736545562744,-2.3676764965057373,0.38589444756507874,0.07208394259214401,0.55615234375,0.8203125
4366,1720,-4.370595932006836,1.375489592552185,-1.4937762022018433,-2.3759512901306152,0.3350962996482849,0.050684817135334015,0.5537109375,0.77783203125
4367,1722,-4.339609622955322,1.4298880100250244,-2.3196144104003906,-2.3978147506713867,0.05386081710457802,-0.08710315823554993,0.55126953125,0.81591796875
4368,1722,-4.339609622955322,1.4298880100250244,-2.3196144104003906,-2.3978147506713867,0.05386081710457802,-0.08710315823554993,0.55126953125,0.81591796875
4369,1720,-4.370595932006836,1.375489592552185,-1.4937762022018433,-2.3759512901306152,0.3350962996482849,0.050684817135334015,0.5537109375,0.77783203125
4370,1723,-4.369898319244385,1.5240830183029175,-1.4937480688095093,-2.3982508182525635,0.017468275502324104,-0.08994823694229126,0.546875,0.77783203125
4371,1722,-4.339609622955322,1.4298880100250244,-2.3196144104003906,-2.3978147506713867,0.05386081710457802,-0.08710315823554993,0.55126953125,0.81591796875
4372,1723,-4.369898319244385,1.5240830183029175,-1.4937480688095093,-2.3982508182525635,0.017468275502324104,-0.08994823694229126,0.546875,0.77783203125
4373,1724,-4.338541507720947,1.5241047143936157,-2.3195712566375732,-2.3982508182525635,0.017468275502324104,-0.08994823694229126,0.546875,0.81591796875
4374,1725,-5.99200963973999,1.2465673685073853,-0.4005875885486603,-2.026512861251831,-1.0386581420898438,-0.7579173445701599,0.67626953125,0.489990234375
4375,1726,-5.468803882598877,1.7038946151733398,-2.1954033374786377,-2.01945424079895,-0.9877163171768188,-0.84037184715271,0.67626953125,0.400634765625
4376,1727,-5.416557788848877,1.7021130323410034,-2.178018808364868,2.092806816101074,-1.1297565698623657,0.32220029830932617,0.673828125,0.400634765625
4377,1725,-5.99200963973999,1.2465673685073853,-0.4005875885486603,-2.026512861251831,-1.0386581420898438,-0.7579173445701599,0.67626953125,0.489990234375
4378,1727,-5.416557788848877,1.7021130323410034,-2.178018808364868,2.092806816101074,-1.1297565698623657,0.32220029830932617,0.673828125,0.400634765625
4379,1728,-5.939765453338623,1.2447857856750488,-0.38320353627204895,2.1003506183624268,-1.1171234846115112,0.3171200156211853,0.673828125,0.489990234375
4380,1728,-5.939765453338623,1.2447857856750488,-0.38320353627204895,2.1003506183624268,-1.1171234846115112,0.3171200156211853,0.673828125,0.489990234375
4381,1727,-5.416557788848877,1.7021130323410034,-2.178018808364868,2.092806816101074,-1.1297565698623657,0.32220029830932617,0.673828125,0.400634765625
4382,1729,-5.4454779624938965,1.7562482357025146,-2.172849416732788,-0.1650773137807846,2.3312551975250244,0.5458944439888,0.6708984375,0.400634765625
4383,1728,-5.939765453338623,1.2447857856750488,-0.38320353627204895,2.1003506183624268,-1.1171234846115112,0.3171200156211853,0.673828125,0.489990234375
4384,1730,-6.004397869110107,1.2479772567749023,-0.05846728757023811,-2.080554723739624,-1.0379399061203003,0.5949584245681763,0.67626953125,0.50439453125
4385,1725,-5.99200963973999,1.2465673685073853,-0.4005875885486603,-2.026512861251831,-1.0386581420898438,-0.7579173445701599,0.67626953125,0.489990234375
4386,1728,-5.939765453338623,1.2447857856750488,-0.38320353627204895,2.1003506183624268,-1.1171234846115112,0.3171200156211853,0.673828125,0.489990234375
4387,1729,-5.4454779624938965,1.7562482357025146,-2.172849416732788,-0.1650773137807846,2.3312551975250244,0.5458944439888,0.6708984375,0.400634765625
4388,1731,-5.968684196472168,1.2989208698272705,-0.37803375720977783,-0.10082311183214188,2.347620964050293,0.48837682604789734,0.6708984375,0.489990234375
4389,1731,-5.968684196472168,1.2989208698272705,-0.37803375720977783,-0.10082311183214188,2.347620964050293,0.48837682604789734,0.6708984375,0.489990234375
4390,1729,-5.4454779624938965,1.7562482357025146,-2.172849416732788,-0.1650773137807846,2.3312551975250244,0.5458944439888,0.6708984375,0.400634765625
4391,1732,-5.468803882598877,1.7038946151733398,-2.1954033374786377,-2.01945424079895,-0.9877163171768188,-0.84037184715271,0.66845703125,0.400634765625
4392,1731,-5.968684196472168,1.2989208698272705,-0.37803375720977783,-0.10082311183214188,2.347620964050293,0.48837682604789734,0.6708984375,0.489990234375
4393,1732,-5.468803882598877,1.7038946151733398,-2.1954033374786377,-2.01945424079895,-0.9877163171768188,-0.84037184715271,0.66845703125,0.400634765625
4394,1733,-5.99200963973999,1.2465673685073853,-0.4005875885486603,-2.026512861251831,-1.0386581420898438,-0.7579173445701599,0.66845703125,0.489990234375
4395,1728,-5.939765453338623,1.2447857856750488,-0.38320353627204895,2.1003506183624268,-1.1171234846115112,0.3171200156211853,0.673828125,0.489990234375
4396,1734,-5.950923919677734,1.2461955547332764,-0.07159394770860672,2.1200315952301025,-1.1151788234710693,-0.14780062437057495,0.673828125,0.50439453125
4397,1730,-6.004397869110107,1.2479772567749023,-0.05846728757023811,-2.080554723739624,-1.0379399061203003,0.5949584245681763,0.67626953125,0.50439453125
4398,1731,-5.968684196472168,1.2989208698272705,-0.37803375720977783,-0.10082311183214188,2.347620964050293,0.48837682604789734,0.6708984375,0.489990234375
4399,1734,-5.950923919677734,1.2461955547332764,-0.07159394770860672,2.1200315952301025,-1.1151788234710693,-0.14780062437057495,0.673828125,0.50439453125
4400,1728,-5.939765453338623,1.2447857856750488,-0.38320353627204895,2.1003506183624268,-1.1171234846115112,0.3171200156211853,0.673828125,0.489990234375
4401,1733,-5.99200963973999,1.2465673685073853,-0.4005875885486603,-2.026512861251831,-1.0386581420898438,-0.7579173445701599,0.66845703125,0.489990234375
4402,1735,-5.979333877563477,1.300330638885498,-0.0790724977850914,-0.05935452878475189,2.347014904022217,-0.49799472093582153,0.6708984375,0.50439453125
4403,1731,-5.968684196472168,1.2989208698272705,-0.37803375720977783,-0.10082311183214188,2.347620964050293,0.48837682604789734,0.6708984375,0.489990234375
4404,1731,-5.968684196472168,1.2989208698272705,-0.37803375720977783,-0.10082311183214188,2.347620964050293,0.48837682604789734,0.6708984375,0.489990234375
4405,1735,-5.979333877563477,1.300330638885498,-0.0790724977850914,-0.05935452878475189,2.347014904022217,-0.49799472093582153,0.6708984375,0.50439453125
4406,1734,-5.950923919677734,1.2461955547332764,-0.07159394770860672,2.1200315952301025,-1.1151788234710693,-0.14780062437057495,0.673828125,0.50439453125
4407,1733,-5.99200963973999,1.2465673685073853,-0.4005875885486603,-2.026512861251831,-1.0386581420898438,-0.7579173445701599,0.66845703125,0.489990234375
4408,1736,-6.004397869110107,1.2479772567749023,-0.05846728757023811,-2.080554723739624,-1.0379399061203003,0.5949584245681763,0.66845703125,0.50439453125
4409,1735,-5.979333877563477,1.300330638885498,-0.0790724977850914,-0.05935452878475189,2.347014904022217,-0.49799472093582153,0.6708984375,0.50439453125
4410,1735,-5.979333877563477,1.300330638885498,-0.0790724977850914,-0.05935452878475189,2.347014904022217,-0.49799472093582153,0.6708984375,0.50439453125
4411,1736,-6.004397869110107,1.2479772567749023,-0.05846728757023811,-2.080554723739624,-1.0379399061203003,0.5949584245681763,0.66845703125,0.50439453125
4412,1737,-5.627208232879639,1.705304503440857,1.7726079225540161,-2.0804944038391113,-0.9877082109451294,0.6752617359161377,0.66845703125,0.59375
4413,1735,-5.979333877563477,1.300330638885498,-0.0790724977850914,-0.05935452878475189,2.347014904022217,-0.49799472093582153,0.6708984375,0.50439453125
4414,1737,-5.627208232879639,1.705304503440857,1.7726079225540161,-2.0804944038391113,-0.9877082109451294,0.6752617359161377,0.66845703125,0.59375
4415,1738,-5.602144718170166,1.7576581239700317,1.7520025968551636,-0.120640330016613,2.331256151199341,-0.557397186756134,0.6708984375,0.59375
4416,1734,-5.950923919677734,1.2461955547332764,-0.07159394770860672,2.1200315952301025,-1.1151788234710693,-0.14780062437057495,0.673828125,0.50439453125
4417,1735,-5.979333877563477,1.300330638885498,-0.0790724977850914,-0.05935452878475189,2.347014904022217,-0.49799472093582153,0.6708984375,0.50439453125
4418,1738,-5.602144718170166,1.7576581239700317,1.7520025968551636,-0.120640330016613,2.331256151199341,-0.557397186756134,0.6708984375,0.59375
4419,1734,-5.950923919677734,1.2461955547332764,-0.07159394770860672,2.1200315952301025,-1.1151788234710693,-0.14780062437057495,0.673828125,0.50439453125
4420,1738,-5.602144718170166,1.7576581239700317,1.7520025968551636,-0.120640330016613,2.331256151199341,-0.557397186756134,0.6708984375,0.59375
4421,1739,-5.573734283447266,1.7035226821899414,1.7594807147979736,2.111934185028076,-1.129762887954712,-0.15288077294826508,0.673828125,0.59375
4422,1730,-6.004397869110107,1.2479772567749023,-0.05846728757023811,-2.080554723739624,-1.0379399061203003,0.5949584245681763,0.67626953125,0.50439453125
4423,1734,-5.950923919677734,1.2461955547332764,-0.07159394770860672,2.1200315952301025,-1.1151788234710693,-0.14780062437057495,0.673828125,0.50439453125
4424,1739,-5.573734283447266,1.7035226821899414,1.7594807147979736,2.111934185028076,-1.129762887954712,-0.15288077294826508,0.673828125,0.59375
4425,1730,-6.004397869110107,1.2479772567749023,-0.05846728757023811,-2.080554723739624,-1.0379399061203003,0.5949584245681763,0.67626953125,0.50439453125
4426,1739,-5.573734283447266,1.7035226821899414,1.7594807147979736,2.111934185028076,-1.129762887954712,-0.15288077294826508,0.673828125,0.59375
4427,1740,-5.627208232879639,1.705304503440857,1.7726079225540161,-2.0804944038391113,-0.9877082109451294,0.6752617359161377,0.67626953125,0.59375
4428,1741,-4.549463748931885,0.800711452960968,1.13457190990448,-2.3564178943634033,0.4282398521900177,-0.15462347865104675,0.1966552734375,0.2259521484375
4429,1742,-4.585758209228516,0.7237902879714966,1.2026138305664062,-2.227476119995117,0.8710739612579346,-0.1989537477493286,0.19287109375,0.229248046875
4430,1743,-4.6526288986206055,0.7247917056083679,1.9572104215621948,-2.227476119995117,0.8710739612579346,-0.1989537477493286,0.192626953125,0.264404296875
4431,1741,-4.549463748931885,0.800711452960968,1.13457190990448,-2.3564178943634033,0.4282398521900177,-0.15462347865104675,0.1966552734375,0.2259521484375
4432,1743,-4.6526288986206055,0.7247917056083679,1.9572104215621948,-2.227476119995117,0.8710739612579346,-0.1989537477493286,0.192626953125,0.264404296875
4433,1744,-4.630303382873535,0.8019231557846069,2.0434255599975586,-2.3569912910461426,0.42518940567970276,-0.15430395305156708,0.196533203125,0.268310546875
4434,1745,-4.521276473999023,1.321205973625183,2.0532748699188232,-2.364701747894287,0.38196510076522827,-0.149301677942276,0.2210693359375,0.268310546875
4435,1741,-4.549463748931885,0.800711452960968,1.13457190990448,-2.3564178943634033,0.4282398521900177,-0.15462347865104675,0.1966552734375,0.2259521484375
4436,1744,-4.630303382873535,0.8019231557846069,2.0434255599975586,-2.3569912910461426,0.42518940567970276,-0.15430395305156708,0.196533203125,0.268310546875
4437,1745,-4.521276473999023,1.321205973625183,2.0532748699188232,-2.364701747894287,0.38196510076522827,-0.149301677942276,0.2210693359375,0.268310546875
4438,1746,-4.476559638977051,1.375489592552185,1.1375077962875366,-2.372647762298584,0.3317020833492279,-0.14324724674224854,0.2235107421875,0.2259521484375
4439,1741,-4.549463748931885,0.800711452960968,1.13457190990448,-2.3564178943634033,0.4282398521900177,-0.15462347865104675,0.1966552734375,0.2259521484375
4440,1745,-4.521276473999023,1.321205973625183,2.0532748699188232,-2.364701747894287,0.38196510076522827,-0.149301677942276,0.2210693359375,0.268310546875
4441,1747,-4.51207971572876,1.4298880100250244,1.9631633758544922,-2.3970541954040527,0.05386076495051384,-0.10598906129598618,0.22607421875,0.26416015625
4442,1746,-4.476559638977051,1.375489592552185,1.1375077962875366,-2.372647762298584,0.3317020833492279,-0.14324724674224854,0.2235107421875,0.2259521484375
4443,1747,-4.51207971572876,1.4298880100250244,1.9631633758544922,-2.3970541954040527,0.05386076495051384,-0.10598906129598618,0.22607421875,0.26416015625
4444,1748,-4.4758620262146,1.5240830183029175,1.1375359296798706,-2.3977177143096924,0.017468269914388657,-0.10318778455257416,0.23046875,0.2259521484375
4445,1746,-4.476559638977051,1.375489592552185,1.1375077962875366,-2.372647762298584,0.3317020833492279,-0.14324724674224854,0.2235107421875,0.2259521484375
4446,1747,-4.51207971572876,1.4298880100250244,1.9631633758544922,-2.3970541954040527,0.05386076495051384,-0.10598906129598618,0.22607421875,0.26416015625
4447,1749,-4.511011600494385,1.5241047143936157,1.96320641040802,-2.3977177143096924,0.017468266189098358,-0.10318778455257416,0.23046875,0.26416015625
4448,1748,-4.4758620262146,1.5240830183029175,1.1375359296798706,-2.3977177143096924,0.017468269914388657,-0.10318778455257416,0.23046875,0.2259521484375
4449,1750,-5.831709861755371,1.788520336151123,-2.195237874984741,0.09657124429941177,1.9329533091326512e-13,-2.398056983947754,0.97021484375,0.55712890625
4450,1751,-5.760809898376465,1.71261727809906,-2.1923828125,0.09657124429941177,1.9329533091326512e-13,-2.398056983947754,0.96533203125,0.55712890625
4451,1752,-5.83665132522583,1.6416600942611694,-2.195436954498291,0.09657124429941177,1.9329533091326512e-13,-2.398056983947754,0.96533203125,0.56201171875
4452,1750,-5.831709861755371,1.788520336151123,-2.195237874984741,0.09657124429941177,1.9329533091326512e-13,-2.398056983947754,0.97021484375,0.55712890625
4453,1752,-5.83665132522583,1.6416600942611694,-2.195436954498291,0.09657124429941177,1.9329533091326512e-13,-2.398056983947754,0.96533203125,0.56201171875
4454,1753,-5.907552242279053,1.7175631523132324,-2.1982920169830322,0.09657124429941177,1.9329533091326512e-13,-2.398056983947754,0.97021484375,0.56201171875
4455,1754,-5.99008846282959,1.788520336151123,1.7376230955123901,-0.09657124429941177,-1.9329533091326512e-13,2.398056983947754,0.97021484375,0.7490234375
4456,1755,-6.0659308433532715,1.7175631523132324,1.7345689535140991,-0.09657124429941177,-1.9329533091326512e-13,2.398056983947754,0.97021484375,0.744140625
4457,1756,-5.995030403137207,1.6416600942611694,1.7374241352081299,-0.09657124429941177,-1.9329533091326512e-13,2.398056983947754,0.96533203125,0.744140625
4458,1754,-5.99008846282959,1.788520336151123,1.7376230955123901,-0.09657124429941177,-1.9329533091326512e-13,2.398056983947754,0.97021484375,0.7490234375
4459,1756,-5.995030403137207,1.6416600942611694,1.7374241352081299,-0.09657124429941177,-1.9329533091326512e-13,2.398056983947754,0.96533203125,0.744140625
4460,1757,-5.919188976287842,1.71261727809906,1.740478277206421,-0.09657124429941177,-1.9329533091326512e-13,2.398056983947754,0.96533203125,0.7490234375
4461,1758,-5.83665132522583,1.6416600942611694,-2.195436954498291,-0.08071727305650711,-2.3986401557922363,-0.0032505346462130547,0.96533203125,0.56201171875
4462,1759,-5.995030403137207,1.6416600942611694,1.7374241352081299,-0.08071727305650711,-2.3986401557922363,-0.0032505346462130547,0.96533203125,0.744140625
4463,1760,-6.0659308433532715,1.7175631523132324,1.7345689535140991,-2.396698236465454,0.08078166097402573,-0.09651651978492737,0.97021484375,0.744140625
4464,1758,-5.83665132522583,1.6416600942611694,-2.195436954498291,-0.08071727305650711,-2.3986401557922363,-0.0032505346462130547,0.96533203125,0.56201171875
4465,1760,-6.0659308433532715,1.7175631523132324,1.7345689535140991,-2.396698236465454,0.08078166097402573,-0.09651651978492737,0.97021484375,0.744140625
4466,1761,-5.907552242279053,1.7175631523132324,-2.1982920169830322,-2.396698236465454,0.08078166097402573,-0.09651651978492737,0.97021484375,0.56201171875
4467,1761,-5.907552242279053,1.7175631523132324,-2.1982920169830322,-2.396698236465454,0.08078166097402573,-0.09651651978492737,0.97021484375,0.56201171875
4468,1760,-6.0659308433532715,1.7175631523132324,1.7345689535140991,-2.396698236465454,0.08078166097402573,-0.09651651978492737,0.97021484375,0.744140625
4469,1762,-5.99008846282959,1.788520336151123,1.7376230955123901,0.08071727305650711,2.3986401557922363,0.0032505346462130547,0.97509765625,0.744140625
4470,1761,-5.907552242279053,1.7175631523132324,-2.1982920169830322,-2.396698236465454,0.08078166097402573,-0.09651651978492737,0.97021484375,0.56201171875
4471,1762,-5.99008846282959,1.788520336151123,1.7376230955123901,0.08071727305650711,2.3986401557922363,0.0032505346462130547,0.97509765625,0.744140625
4472,1763,-5.831709861755371,1.788520336151123,-2.195237874984741,0.08071727305650711,2.3986401557922363,0.0032505346462130547,0.97509765625,0.56201171875
4473,1763,-5.831709861755371,1.788520336151123,-2.195237874984741,0.08071727305650711,2.3986401557922363,0.0032505346462130547,0.97509765625,0.56201171875
4474,1762,-5.99008846282959,1.788520336151123,1.7376230955123901,0.08071727305650711,2.3986401557922363,0.0032505346462130547,0.97509765625,0.744140625
4475,1764,-5.919188976287842,1.71261727809906,1.740478277206421,2.396698236465454,-0.08078166097402573,0.09651651978492737,0.97998046875,0.744140625
4476,1763,-5.831709861755371,1.788520336151123,-2.195237874984741,0.08071727305650711,2.3986401557922363,0.0032505346462130547,0.97509765625,0.56201171875
4477,1764,-5.919188976287842,1.71261727809906,1.740478277206421,2.396698236465454,-0.08078166097402573,0.09651651978492737,0.97998046875,0.744140625
4478,1765,-5.760809898376465,1.71261727809906,-2.1923828125,2.396698236465454,-0.08078166097402573,0.09651651978492737,0.97998046875,0.56201171875
4479,1766,-5.83665132522583,1.6416600942611694,-2.195436954498291,-0.08071727305650711,-2.3986401557922363,-0.0032505346462130547,0.98486328125,0.56201171875
4480,1765,-5.760809898376465,1.71261727809906,-2.1923828125,2.396698236465454,-0.08078166097402573,0.09651651978492737,0.97998046875,0.56201171875
4481,1764,-5.919188976287842,1.71261727809906,1.740478277206421,2.396698236465454,-0.08078166097402573,0.09651651978492737,0.97998046875,0.744140625
4482,1766,-5.83665132522583,1.6416600942611694,-2.195436954498291,-0.08071727305650711,-2.3986401557922363,-0.0032505346462130547,0.98486328125,0.56201171875
4483,1764,-5.919188976287842,1.71261727809906,1.740478277206421,2.396698236465454,-0.08078166097402573,0.09651651978492737,0.97998046875,0.744140625
4484,1767,-5.995030403137207,1.6416600942611694,1.7374241352081299,-0.08071727305650711,-2.3986401557922363,-0.0032505346462130547,0.98486328125,0.744140625
4485,1768,6.497127056121826,2.6498830318450928,-0.2696593403816223,-1.1486066579818726,-0.11122135818004608,2.104361057281494,0.71923828125,0.469970703125
4486,1769,6.5708723068237305,1.967212438583374,-0.3257675766944885,-0.9848542213439941,-0.1121634915471077,-2.1857457160949707,0.7216796875,0.438232421875
4487,1770,6.568497180938721,1.967212438583374,-0.266785204410553,-1.1574225425720215,-0.11216360330581665,2.0994749069213867,0.71923828125,0.438232421875
4488,1768,6.497127056121826,2.6498830318450928,-0.2696593403816223,-1.1486066579818726,-0.11122135818004608,2.104361057281494,0.71923828125,0.469970703125
4489,1771,6.499502182006836,2.6498830318450928,-0.32864171266555786,-0.975674033164978,-0.11122126132249832,-2.1899070739746094,0.7216796875,0.469970703125
4490,1769,6.5708723068237305,1.967212438583374,-0.3257675766944885,-0.9848542213439941,-0.1121634915471077,-2.1857457160949707,0.7216796875,0.438232421875
4491,1772,6.6283183097839355,1.973626971244812,-0.29391518235206604,2.3850371837615967,0.24975033104419708,0.0960468202829361,0.72509765625,0.438232421875
4492,1769,6.5708723068237305,1.967212438583374,-0.3257675766944885,-0.9848542213439941,-0.1121634915471077,-2.1857457160949707,0.7216796875,0.438232421875
4493,1771,6.499502182006836,2.6498830318450928,-0.32864171266555786,-0.975674033164978,-0.11122126132249832,-2.1899070739746094,0.7216796875,0.469970703125
4494,1772,6.6283183097839355,1.973626971244812,-0.29391518235206604,2.3850371837615967,0.24975033104419708,0.0960468202829361,0.72509765625,0.438232421875
4495,1771,6.499502182006836,2.6498830318450928,-0.32864171266555786,-0.975674033164978,-0.11122126132249832,-2.1899070739746094,0.7216796875,0.469970703125
4496,1773,6.556947231292725,2.6562976837158203,-0.29678934812545776,2.3850371837615967,0.24975033104419708,0.0960468202829361,0.72509765625,0.469970703125
4497,1774,6.568497180938721,1.967212438583374,-0.266785204410553,-1.1574225425720215,-0.11216360330581665,2.0994749069213867,0.72802734375,0.438232421875
4498,1772,6.6283183097839355,1.973626971244812,-0.29391518235206604,2.3850371837615967,0.24975033104419708,0.0960468202829361,0.72509765625,0.438232421875
4499,1773,6.556947231292725,2.6562976837158203,-0.29678934812545776,2.3850371837615967,0.24975033104419708,0.0960468202829361,0.72509765625,0.469970703125
4500,1774,6.568497180938721,1.967212438583374,-0.266785204410553,-1.1574225425720215,-0.11216360330581665,2.0994749069213867,0.72802734375,0.438232421875
4501,1773,6.556947231292725,2.6562976837158203,-0.29678934812545776,2.3850371837615967,0.24975033104419708,0.0960468202829361,0.72509765625,0.469970703125
4502,1775,6.497127056121826,2.6498830318450928,-0.2696593403816223,-1.1486066579818726,-0.11122135818004608,2.104361057281494,0.72802734375,0.469970703125
4503,1776,6.621396064758301,1.924942135810852,-0.9551598429679871,1.7948399782180786,-1.59164297580719,0.07227924466133118,0.255859375,0.84228515625
4504,1777,6.590007781982422,2.000457525253296,1.4871817827224731,2.3979029655456543,-0.027219047769904137,0.09656493365764618,0.260498046875,0.7294921875
4505,1778,6.5231499671936035,1.924942135810852,1.4844894409179688,1.7948399782180786,-1.59164297580719,0.07227924466133118,0.255859375,0.7294921875
4506,1776,6.621396064758301,1.924942135810852,-0.9551598429679871,1.7948399782180786,-1.59164297580719,0.07227924466133118,0.255859375,0.84228515625
4507,1779,6.688253879547119,2.000457286834717,-0.9524674415588379,2.3979029655456543,-0.027219196781516075,0.09656493365764618,0.260498046875,0.84228515625
4508,1777,6.590007781982422,2.000457525253296,1.4871817827224731,2.3979029655456543,-0.027219047769904137,0.09656493365764618,0.260498046875,0.7294921875
4509,1779,6.688253879547119,2.000457286834717,-0.9524674415588379,2.3979029655456543,-0.027219196781516075,0.09656493365764618,0.260498046875,0.84228515625
4510,1780,6.524878978729248,2.0774712562561035,1.4845590591430664,0.027200058102607727,2.399845838546753,0.0010951003059744835,0.26513671875,0.7294921875
4511,1777,6.590007781982422,2.000457525253296,1.4871817827224731,2.3979029655456543,-0.027219047769904137,0.09656493365764618,0.260498046875,0.7294921875
4512,1779,6.688253879547119,2.000457286834717,-0.9524674415588379,2.3979029655456543,-0.027219196781516075,0.09656493365764618,0.260498046875,0.84228515625
4513,1781,6.623125076293945,2.0774710178375244,-0.9550902247428894,0.02720022201538086,2.399845838546753,0.0010951068252325058,0.26513671875,0.84228515625
4514,1780,6.524878978729248,2.0774712562561035,1.4845590591430664,0.027200058102607727,2.399845838546753,0.0010951003059744835,0.26513671875,0.7294921875
4515,1781,6.623125076293945,2.0774710178375244,-0.9550902247428894,0.02720022201538086,2.399845838546753,0.0010951068252325058,0.26513671875,0.84228515625
4516,1782,6.45802116394043,2.001955986022949,1.4818665981292725,-2.3979029655456543,0.027219196781516075,-0.09656493365764618,0.269775390625,0.7294921875
4517,1780,6.524878978729248,2.0774712562561035,1.4845590591430664,0.027200058102607727,2.399845838546753,0.0010951003059744835,0.26513671875,0.7294921875
4518,1781,6.623125076293945,2.0774710178375244,-0.9550902247428894,0.02720022201538086,2.399845838546753,0.0010951068252325058,0.26513671875,0.84228515625
4519,1783,6.556267261505127,2.00195574760437,-0.9577826261520386,-2.3979029655456543,0.027219047769904137,-0.09656493365764618,0.269775390625,0.84228515625
4520,1782,6.45802116394043,2.001955986022949,1.4818665981292725,-2.3979029655456543,0.027219196781516075,-0.09656493365764618,0.269775390625,0.7294921875
4521,1783,6.556267261505127,2.00195574760437,-0.9577826261520386,-2.3979029655456543,0.027219047769904137,-0.09656493365764618,0.269775390625,0.84228515625
4522,1784,6.5231499671936035,1.924942135810852,1.4844894409179688,-1.830451250076294,-1.5504893064498901,-0.07371332496404648,0.2744140625,0.7294921875
4523,1782,6.45802116394043,2.001955986022949,1.4818665981292725,-2.3979029655456543,0.027219196781516075,-0.09656493365764618,0.269775390625,0.7294921875
4524,1783,6.556267261505127,2.00195574760437,-0.9577826261520386,-2.3979029655456543,0.027219047769904137,-0.09656493365764618,0.269775390625,0.84228515625
4525,1785,6.621396064758301,1.924942135810852,-0.9551598429679871,-1.830451250076294,-1.5504893064498901,-0.07371332496404648,0.2744140625,0.84228515625
4526,1784,6.5231499671936035,1.924942135810852,1.4844894409179688,-1.830451250076294,-1.5504893064498901,-0.07371332496404648,0.2744140625,0.7294921875
4527,1786,6.241168022155762,2.785670280456543,-0.7453213930130005,-2.398375988006592,-0.0869656354188919,0.015277661383152008,0.92822265625,0.61474609375
4528,1787,6.258995056152344,2.871087074279785,-1.1639128923416138,-2.0630459785461426,1.2234957218170166,-0.08308004587888718,0.93212890625,0.5947265625
4529,1788,6.258026599884033,2.785670280456543,-1.1639518737792969,-2.397902727127075,0.027224602177739143,-0.09656492620706558,0.92822265625,0.5947265625
4530,1786,6.241168022155762,2.785670280456543,-0.7453213930130005,-2.398375988006592,-0.0869656354188919,0.015277661383152008,0.92822265625,0.61474609375
4531,1789,6.242136478424072,2.871087074279785,-0.7452823519706726,-2.0626065731048584,1.226257562637329,0.04414594918489456,0.93212890625,0.61474609375
4532,1787,6.258995056152344,2.871087074279785,-1.1639128923416138,-2.0630459785461426,1.2234957218170166,-0.08308004587888718,0.93212890625,0.5947265625
4533,1789,6.242136478424072,2.871087074279785,-0.7452823519706726,-2.0626065731048584,1.226257562637329,0.04414594918489456,0.93212890625,0.61474609375
4534,1790,6.3333916664123535,2.912956476211548,-1.160916805267334,0.07776036858558655,2.3987374305725098,0.0035415629390627146,0.93603515625,0.5947265625
4535,1787,6.258995056152344,2.871087074279785,-1.1639128923416138,-2.0630459785461426,1.2234957218170166,-0.08308004587888718,0.93212890625,0.5947265625
4536,1791,6.259685039520264,2.76855731010437,-0.6589083671569824,-1.9419703483581543,-1.2219560146331787,0.7039724588394165,0.92822265625,0.61767578125
4537,1789,6.242136478424072,2.871087074279785,-0.7452823519706726,-2.0626065731048584,1.226257562637329,0.04414594918489456,0.93212890625,0.61474609375
4538,1786,6.241168022155762,2.785670280456543,-0.7453213930130005,-2.398375988006592,-0.0869656354188919,0.015277661383152008,0.92822265625,0.61474609375
4539,1792,6.320493698120117,2.7379257678985596,-0.7192512154579163,-0.38928356766700745,-2.1916205883026123,-0.8973621726036072,0.9248046875,0.6162109375
4540,1791,6.259685039520264,2.76855731010437,-0.6589083671569824,-1.9419703483581543,-1.2219560146331787,0.7039724588394165,0.92822265625,0.61767578125
4541,1786,6.241168022155762,2.785670280456543,-0.7453213930130005,-2.398375988006592,-0.0869656354188919,0.015277661383152008,0.92822265625,0.61474609375
4542,1789,6.242136478424072,2.871087074279785,-0.7452823519706726,-2.0626065731048584,1.226257562637329,0.04414594918489456,0.93212890625,0.61474609375
4543,1793,6.316533088684082,2.912956476211548,-0.7422863841056824,0.0639718547463417,2.397759437561035,0.08159559965133667,0.9365234375,0.61474609375
4544,1790,6.3333916664123535,2.912956476211548,-1.160916805267334,0.07776036858558655,2.3987374305725098,0.0035415629390627146,0.93603515625,0.5947265625
4545,1793,6.316533088684082,2.912956476211548,-0.7422863841056824,0.0639718547463417,2.397759437561035,0.08159559965133667,0.9365234375,0.61474609375
4546,1794,6.406820774078369,2.8694088459014893,-1.1579598188400269,2.0799317359924316,1.195516586303711,0.06802055239677429,0.93994140625,0.5947265625
4547,1790,6.3333916664123535,2.912956476211548,-1.160916805267334,0.07776036858558655,2.3987374305725098,0.0035415629390627146,0.93603515625,0.5947265625
4548,1795,6.4376749992370605,2.64782977104187,-0.4514521658420563,-2.3437111377716064,-0.5002908110618591,0.12934640049934387,0.9287109375,0.63134765625
4549,1791,6.259685039520264,2.76855731010437,-0.6589083671569824,-1.9419703483581543,-1.2219560146331787,0.7039724588394165,0.92822265625,0.61767578125
4550,1792,6.320493698120117,2.7379257678985596,-0.7192512154579163,-0.38928356766700745,-2.1916205883026123,-0.8973621726036072,0.9248046875,0.6162109375
4551,1795,6.4376749992370605,2.64782977104187,-0.4514521658420563,-2.3437111377716064,-0.5002908110618591,0.12934640049934387,0.9287109375,0.63134765625
4552,1792,6.320493698120117,2.7379257678985596,-0.7192512154579163,-0.38928356766700745,-2.1916205883026123,-0.8973621726036072,0.9248046875,0.6162109375
4553,1796,6.506049633026123,2.612114906311035,-0.4892214834690094,0.21033993363380432,-2.1638357639312744,-1.0166481733322144,0.92529296875,0.63134765625
4554,1791,6.259685039520264,2.76855731010437,-0.6589083671569824,-1.9419703483581543,-1.2219560146331787,0.7039724588394165,0.92822265625,0.61767578125
4555,1797,6.263067722320557,2.84995174407959,-0.635445237159729,-1.686851978302002,0.8776925206184387,1.46430504322052,0.93212890625,0.61767578125
4556,1789,6.242136478424072,2.871087074279785,-0.7452823519706726,-2.0626065731048584,1.226257562637329,0.04414594918489456,0.93212890625,0.61474609375
4557,1797,6.263067722320557,2.84995174407959,-0.635445237159729,-1.686851978302002,0.8776925206184387,1.46430504322052,0.93212890625,0.61767578125
4558,1793,6.316533088684082,2.912956476211548,-0.7422863841056824,0.0639718547463417,2.397759437561035,0.08159559965133667,0.9365234375,0.61474609375
4559,1789,6.242136478424072,2.871087074279785,-0.7452823519706726,-2.0626065731048584,1.226257562637329,0.04414594918489456,0.93212890625,0.61474609375
4560,1798,6.440234184265137,2.7296626567840576,-0.427718847990036,-2.0928144454956055,1.1511175632476807,0.23464535176753998,0.9326171875,0.63134765625
4561,1791,6.259685039520264,2.76855731010437,-0.6589083671569824,-1.9419703483581543,-1.2219560146331787,0.7039724588394165,0.92822265625,0.61767578125
4562,1795,6.4376749992370605,2.64782977104187,-0.4514521658420563,-2.3437111377716064,-0.5002908110618591,0.12934640049934387,0.9287109375,0.63134765625
4563,1798,6.440234184265137,2.7296626567840576,-0.427718847990036,-2.0928144454956055,1.1511175632476807,0.23464535176753998,0.9326171875,0.63134765625
4564,1797,6.263067722320557,2.84995174407959,-0.635445237159729,-1.686851978302002,0.8776925206184387,1.46430504322052,0.93212890625,0.61767578125
4565,1791,6.259685039520264,2.76855731010437,-0.6589083671569824,-1.9419703483581543,-1.2219560146331787,0.7039724588394165,0.92822265625,0.61767578125
4566,1799,6.511133670806885,2.7758028507232666,-0.4417351484298706,-0.0319594107568264,2.391649007797241,0.1974700689315796,0.9365234375,0.63134765625
4567,1797,6.263067722320557,2.84995174407959,-0.635445237159729,-1.686851978302002,0.8776925206184387,1.46430504322052,0.93212890625,0.61767578125
4568,1798,6.440234184265137,2.7296626567840576,-0.427718847990036,-2.0928144454956055,1.1511175632476807,0.23464535176753998,0.9326171875,0.63134765625
4569,1798,6.440234184265137,2.7296626567840576,-0.427718847990036,-2.0928144454956055,1.1511175632476807,0.23464535176753998,0.9326171875,0.63134765625
4570,1795,6.4376749992370605,2.64782977104187,-0.4514521658420563,-2.3437111377716064,-0.5002908110618591,0.12934640049934387,0.9287109375,0.63134765625
4571,1800,6.380527019500732,2.64782977104187,0.967639684677124,-2.32572078704834,-0.500291109085083,-0.3173871338367462,0.92919921875,0.69873046875
4572,1793,6.316533088684082,2.912956476211548,-0.7422863841056824,0.0639718547463417,2.397759437561035,0.08159559965133667,0.9365234375,0.61474609375
4573,1801,6.394920349121094,2.865544557571411,-0.7128889560699463,1.9933971166610718,1.318394422531128,-0.21956035494804382,0.9404296875,0.6162109375
4574,1794,6.406820774078369,2.8694088459014893,-1.1579598188400269,2.0799317359924316,1.195516586303711,0.06802055239677429,0.93994140625,0.5947265625
4575,1801,6.394920349121094,2.865544557571411,-0.7128889560699463,1.9933971166610718,1.318394422531128,-0.21956035494804382,0.9404296875,0.6162109375
4576,1802,6.405852794647217,2.783992052078247,-1.15799880027771,2.3985278606414795,-0.04945925250649452,0.06797196716070175,0.9443359375,0.59423828125
4577,1794,6.406820774078369,2.8694088459014893,-1.1579598188400269,2.0799317359924316,1.195516586303711,0.06802055239677429,0.93994140625,0.5947265625
4578,1801,6.394920349121094,2.865544557571411,-0.7128889560699463,1.9933971166610718,1.318394422531128,-0.21956035494804382,0.9404296875,0.6162109375
4579,1803,6.3927412033081055,2.7821414470672607,-0.7246382236480713,2.102299213409424,-0.5137816071510315,-1.0374823808670044,0.9443359375,0.6162109375
4580,1802,6.405852794647217,2.783992052078247,-1.15799880027771,2.3985278606414795,-0.04945925250649452,0.06797196716070175,0.9443359375,0.59423828125
4581,1797,6.263067722320557,2.84995174407959,-0.635445237159729,-1.686851978302002,0.8776925206184387,1.46430504322052,0.93212890625,0.61767578125
4582,1804,6.333163261413574,2.896514415740967,-0.6492146849632263,0.04339766129851341,2.1960959434509277,0.9670993685722351,0.9365234375,0.61767578125
4583,1793,6.316533088684082,2.912956476211548,-0.7422863841056824,0.0639718547463417,2.397759437561035,0.08159559965133667,0.9365234375,0.61474609375
4584,1799,6.511133670806885,2.7758028507232666,-0.4417351484298706,-0.0319594107568264,2.391649007797241,0.1974700689315796,0.9365234375,0.63134765625
4585,1804,6.333163261413574,2.896514415740967,-0.6492146849632263,0.04339766129851341,2.1960959434509277,0.9670993685722351,0.9365234375,0.61767578125
4586,1797,6.263067722320557,2.84995174407959,-0.635445237159729,-1.686851978302002,0.8776925206184387,1.46430504322052,0.93212890625,0.61767578125
4587,1804,6.333163261413574,2.896514415740967,-0.6492146849632263,0.04339766129851341,2.1960959434509277,0.9670993685722351,0.9365234375,0.61767578125
4588,1801,6.394920349121094,2.865544557571411,-0.7128889560699463,1.9933971166610718,1.318394422531128,-0.21956035494804382,0.9404296875,0.6162109375
4589,1793,6.316533088684082,2.912956476211548,-0.7422863841056824,0.0639718547463417,2.397759437561035,0.08159559965133667,0.9365234375,0.61474609375
4590,1805,6.579525470733643,2.740076780319214,-0.47951504588127136,2.012639045715332,1.0882755517959595,-0.7245299220085144,0.9404296875,0.63134765625
4591,1801,6.394920349121094,2.865544557571411,-0.7128889560699463,1.9933971166610718,1.318394422531128,-0.21956035494804382,0.9404296875,0.6162109375
4592,1804,6.333163261413574,2.896514415740967,-0.6492146849632263,0.04339766129851341,2.1960959434509277,0.9670993685722351,0.9365234375,0.61767578125
4593,1805,6.579525470733643,2.740076780319214,-0.47951504588127136,2.012639045715332,1.0882755517959595,-0.7245299220085144,0.9404296875,0.63134765625
4594,1804,6.333163261413574,2.896514415740967,-0.6492146849632263,0.04339766129851341,2.1960959434509277,0.9670993685722351,0.9365234375,0.61767578125
4595,1799,6.511133670806885,2.7758028507232666,-0.4417351484298706,-0.0319594107568264,2.391649007797241,0.1974700689315796,0.9365234375,0.63134765625
4596,1806,6.576986312866211,2.658231496810913,-0.503259539604187,1.729354977607727,-0.9267970323562622,-1.3821650743484497,0.9443359375,0.63134765625
4597,1803,6.3927412033081055,2.7821414470672607,-0.7246382236480713,2.102299213409424,-0.5137816071510315,-1.0374823808670044,0.9443359375,0.6162109375
4598,1801,6.394920349121094,2.865544557571411,-0.7128889560699463,1.9933971166610718,1.318394422531128,-0.21956035494804382,0.9404296875,0.6162109375
4599,1806,6.576986312866211,2.658231496810913,-0.503259539604187,1.729354977607727,-0.9267970323562622,-1.3821650743484497,0.9443359375,0.63134765625
4600,1801,6.394920349121094,2.865544557571411,-0.7128889560699463,1.9933971166610718,1.318394422531128,-0.21956035494804382,0.9404296875,0.6162109375
4601,1805,6.579525470733643,2.740076780319214,-0.47951504588127136,2.012639045715332,1.0882755517959595,-0.7245299220085144,0.9404296875,0.63134765625
4602,1798,6.440234184265137,2.7296626567840576,-0.427718847990036,-2.0928144454956055,1.1511175632476807,0.23464535176753998,0.9326171875,0.63134765625
4603,1800,6.380527019500732,2.64782977104187,0.967639684677124,-2.32572078704834,-0.500291109085083,-0.3173871338367462,0.92919921875,0.69873046875
4604,1807,6.384986877441406,2.7296626567840576,0.9441890716552734,-2.067169427871704,1.1511179208755493,-0.4021702706813812,0.93310546875,0.69873046875
4605,1799,6.511133670806885,2.7758028507232666,-0.4417351484298706,-0.0319594107568264,2.391649007797241,0.1974700689315796,0.9365234375,0.63134765625
4606,1798,6.440234184265137,2.7296626567840576,-0.427718847990036,-2.0928144454956055,1.1511175632476807,0.23464535176753998,0.9326171875,0.63134765625
4607,1807,6.384986877441406,2.7296626567840576,0.9441890716552734,-2.067169427871704,1.1511179208755493,-0.4021702706813812,0.93310546875,0.69873046875
4608,1808,6.506049633026123,2.612114906311035,-0.4892214834690094,0.21033993363380432,-2.1638357639312744,-1.0166481733322144,0.94873046875,0.63134765625
4609,1803,6.3927412033081055,2.7821414470672607,-0.7246382236480713,2.102299213409424,-0.5137816071510315,-1.0374823808670044,0.9443359375,0.6162109375
4610,1806,6.576986312866211,2.658231496810913,-0.503259539604187,1.729354977607727,-0.9267970323562622,-1.3821650743484497,0.9443359375,0.63134765625
4611,1808,6.506049633026123,2.612114906311035,-0.4892214834690094,0.21033993363380432,-2.1638357639312744,-1.0166481733322144,0.94873046875,0.63134765625
4612,1809,6.320493698120117,2.7379257678985596,-0.7192512154579163,-0.38928356766700745,-2.1916205883026123,-0.8973621726036072,0.94873046875,0.6162109375
4613,1803,6.3927412033081055,2.7821414470672607,-0.7246382236480713,2.102299213409424,-0.5137816071510315,-1.0374823808670044,0.9443359375,0.6162109375
4614,1806,6.576986312866211,2.658231496810913,-0.503259539604187,1.729354977607727,-0.9267970323562622,-1.3821650743484497,0.9443359375,0.63134765625
4615,1805,6.579525470733643,2.740076780319214,-0.47951504588127136,2.012639045715332,1.0882755517959595,-0.7245299220085144,0.9404296875,0.63134765625
4616,1810,6.592500686645508,2.727532386779785,-0.37985900044441223,1.936765432357788,1.415971279144287,0.06298310309648514,0.9404296875,0.634765625
4617,1805,6.579525470733643,2.740076780319214,-0.47951504588127136,2.012639045715332,1.0882755517959595,-0.7245299220085144,0.9404296875,0.63134765625
4618,1799,6.511133670806885,2.7758028507232666,-0.4417351484298706,-0.0319594107568264,2.391649007797241,0.1974700689315796,0.9365234375,0.63134765625
4619,1810,6.592500686645508,2.727532386779785,-0.37985900044441223,1.936765432357788,1.415971279144287,0.06298310309648514,0.9404296875,0.634765625
4620,1808,6.506049633026123,2.612114906311035,-0.4892214834690094,0.21033993363380432,-2.1638357639312744,-1.0166481733322144,0.94873046875,0.63134765625
4621,1806,6.576986312866211,2.658231496810913,-0.503259539604187,1.729354977607727,-0.9267970323562622,-1.3821650743484497,0.9443359375,0.63134765625
4622,1811,6.591532230377197,2.642115592956543,-0.3798980116844177,2.392954111099243,-0.18027134239673615,0.03572449833154678,0.9443359375,0.634765625
4623,1806,6.576986312866211,2.658231496810913,-0.503259539604187,1.729354977607727,-0.9267970323562622,-1.3821650743484497,0.9443359375,0.63134765625
4624,1810,6.592500686645508,2.727532386779785,-0.37985900044441223,1.936765432357788,1.415971279144287,0.06298310309648514,0.9404296875,0.634765625
4625,1811,6.591532230377197,2.642115592956543,-0.3798980116844177,2.392954111099243,-0.18027134239673615,0.03572449833154678,0.9443359375,0.634765625
4626,1808,6.506049633026123,2.612114906311035,-0.4892214834690094,0.21033993363380432,-2.1638357639312744,-1.0166481733322144,0.94873046875,0.63134765625
4627,1811,6.591532230377197,2.642115592956543,-0.3798980116844177,2.392954111099243,-0.18027134239673615,0.03572449833154678,0.9443359375,0.634765625
4628,1812,6.517134666442871,2.6002466678619385,-0.38289403915405273,1.2056471109390259,-2.0395357608795166,-0.3830289840698242,0.94921875,0.634765625
4629,1811,6.591532230377197,2.642115592956543,-0.3798980116844177,2.392954111099243,-0.18027134239673615,0.03572449833154678,0.9443359375,0.634765625
4630,1810,6.592500686645508,2.727532386779785,-0.37985900044441223,1.936765432357788,1.415971279144287,0.06298310309648514,0.9404296875,0.634765625
4631,1813,6.5406084060668945,2.727532386779785,0.9087280035018921,1.9355583190917969,1.4159713983535767,0.09295786172151566,0.94091796875,0.6953125
4632,1813,6.5406084060668945,2.727532386779785,0.9087280035018921,1.9355583190917969,1.4159713983535767,0.09295786172151566,0.94091796875,0.6953125
4633,1810,6.592500686645508,2.727532386779785,-0.37985900044441223,1.936765432357788,1.415971279144287,0.06298310309648514,0.9404296875,0.634765625
4634,1799,6.511133670806885,2.7758028507232666,-0.4417351484298706,-0.0319594107568264,2.391649007797241,0.1974700689315796,0.9365234375,0.63134765625
4635,1811,6.591532230377197,2.642115592956543,-0.3798980116844177,2.392954111099243,-0.18027134239673615,0.03572449833154678,0.9443359375,0.634765625
4636,1813,6.5406084060668945,2.727532386779785,0.9087280035018921,1.9355583190917969,1.4159713983535767,0.09295786172151566,0.94091796875,0.6953125
4637,1814,6.539639949798584,2.642115592956543,0.908689022064209,2.388077974319458,-0.1802714765071869,0.15681076049804688,0.9453125,0.6953125
4638,1799,6.511133670806885,2.7758028507232666,-0.4417351484298706,-0.0319594107568264,2.391649007797241,0.1974700689315796,0.9365234375,0.63134765625
4639,1807,6.384986877441406,2.7296626567840576,0.9441890716552734,-2.067169427871704,1.1511179208755493,-0.4021702706813812,0.93310546875,0.69873046875
4640,1815,6.454529285430908,2.7758028507232666,0.9638610482215881,-0.015977345407009125,2.391649007797241,-0.1993999481201172,0.93701171875,0.69873046875
4641,1813,6.5406084060668945,2.727532386779785,0.9087280035018921,1.9355583190917969,1.4159713983535767,0.09295786172151566,0.94091796875,0.6953125
4642,1799,6.511133670806885,2.7758028507232666,-0.4417351484298706,-0.0319594107568264,2.391649007797241,0.1974700689315796,0.9365234375,0.63134765625
4643,1815,6.454529285430908,2.7758028507232666,0.9638610482215881,-0.015977345407009125,2.391649007797241,-0.1993999481201172,0.93701171875,0.69873046875
4644,1807,6.384986877441406,2.7296626567840576,0.9441890716552734,-2.067169427871704,1.1511179208755493,-0.4021702706813812,0.93310546875,0.69873046875
4645,1800,6.380527019500732,2.64782977104187,0.967639684677124,-2.32572078704834,-0.500291109085083,-0.3173871338367462,0.92919921875,0.69873046875
4646,1816,6.186432361602783,2.76855731010437,1.160111904144287,-1.8790736198425293,-1.2219563722610474,-0.8578502535820007,0.92919921875,0.71240234375
4647,1800,6.380527019500732,2.64782977104187,0.967639684677124,-2.32572078704834,-0.500291109085083,-0.3173871338367462,0.92919921875,0.69873046875
4648,1817,6.242191314697266,2.7379257678985596,1.2251489162445068,-0.46018052101135254,-2.1916208267211914,0.8631532788276672,0.92529296875,0.7138671875
4649,1816,6.186432361602783,2.76855731010437,1.160111904144287,-1.8790736198425293,-1.2219563722610474,-0.8578502535820007,0.92919921875,0.71240234375
4650,1800,6.380527019500732,2.64782977104187,0.967639684677124,-2.32572078704834,-0.500291109085083,-0.3173871338367462,0.92919921875,0.69873046875
4651,1818,6.445643424987793,2.612114906311035,1.0107847452163696,0.12790939211845398,-2.1638357639312744,1.0302692651748657,0.9248046875,0.69873046875
4652,1817,6.242191314697266,2.7379257678985596,1.2251489162445068,-0.46018052101135254,-2.1916208267211914,0.8631532788276672,0.92529296875,0.7138671875
4653,1817,6.242191314697266,2.7379257678985596,1.2251489162445068,-0.46018052101135254,-2.1916208267211914,0.8631532788276672,0.92529296875,0.7138671875
4654,1819,6.161026477813721,2.785670280456543,1.2447559833526611,-2.389380693435669,-0.08696604520082474,-0.20808589458465576,0.92919921875,0.71533203125
4655,1816,6.186432361602783,2.76855731010437,1.160111904144287,-1.8790736198425293,-1.2219563722610474,-0.8578502535820007,0.92919921875,0.71240234375
4656,1807,6.384986877441406,2.7296626567840576,0.9441890716552734,-2.067169427871704,1.1511179208755493,-0.4021702706813812,0.93310546875,0.69873046875
4657,1816,6.186432361602783,2.76855731010437,1.160111904144287,-1.8790736198425293,-1.2219563722610474,-0.8578502535820007,0.92919921875,0.71240234375
4658,1820,6.191690444946289,2.84995174407959,1.1369967460632324,-1.5636411905288696,0.8776941895484924,-1.5952061414718628,0.93310546875,0.71240234375
4659,1815,6.454529285430908,2.7758028507232666,0.9638610482215881,-0.015977345407009125,2.391649007797241,-0.1993999481201172,0.93701171875,0.69873046875
4660,1807,6.384986877441406,2.7296626567840576,0.9441890716552734,-2.067169427871704,1.1511179208755493,-0.4021702706813812,0.93310546875,0.69873046875
4661,1820,6.191690444946289,2.84995174407959,1.1369967460632324,-1.5636411905288696,0.8776941895484924,-1.5952061414718628,0.93310546875,0.71240234375
4662,1816,6.186432361602783,2.76855731010437,1.160111904144287,-1.8790736198425293,-1.2219563722610474,-0.8578502535820007,0.92919921875,0.71240234375
4663,1819,6.161026477813721,2.785670280456543,1.2447559833526611,-2.389380693435669,-0.08696604520082474,-0.20808589458465576,0.92919921875,0.71533203125
4664,1821,6.161994934082031,2.871087074279785,1.2447949647903442,-2.052377462387085,1.2262578010559082,-0.20986001193523407,0.93310546875,0.71533203125
4665,1816,6.186432361602783,2.76855731010437,1.160111904144287,-1.8790736198425293,-1.2219563722610474,-0.8578502535820007,0.92919921875,0.71240234375
4666,1821,6.161994934082031,2.871087074279785,1.2447949647903442,-2.052377462387085,1.2262578010559082,-0.20986001193523407,0.93310546875,0.71533203125
4667,1820,6.191690444946289,2.84995174407959,1.1369967460632324,-1.5636411905288696,0.8776941895484924,-1.5952061414718628,0.93310546875,0.71240234375
4668,1819,6.161026477813721,2.785670280456543,1.2447559833526611,-2.389380693435669,-0.08696604520082474,-0.20808589458465576,0.92919921875,0.71533203125
4669,1822,6.145136833190918,2.871087074279785,1.6634254455566406,-2.0630459785461426,1.2234957218170166,-0.08308004587888718,0.93310546875,0.73583984375
4670,1821,6.161994934082031,2.871087074279785,1.2447949647903442,-2.052377462387085,1.2262578010559082,-0.20986001193523407,0.93310546875,0.71533203125
4671,1819,6.161026477813721,2.785670280456543,1.2447559833526611,-2.389380693435669,-0.08696604520082474,-0.20808589458465576,0.92919921875,0.71533203125
4672,1823,6.144168376922607,2.785670280456543,1.6633864641189575,-2.397902727127075,0.027224602177739143,-0.09656492620706558,0.92919921875,0.73583984375
4673,1822,6.145136833190918,2.871087074279785,1.6634254455566406,-2.0630459785461426,1.2234957218170166,-0.08308004587888718,0.93310546875,0.73583984375
4674,1821,6.161994934082031,2.871087074279785,1.2447949647903442,-2.052377462387085,1.2262578010559082,-0.20986001193523407,0.93310546875,0.71533203125
4675,1822,6.145136833190918,2.871087074279785,1.6634254455566406,-2.0630459785461426,1.2234957218170166,-0.08308004587888718,0.93310546875,0.73583984375
4676,1824,6.219533443450928,2.912956476211548,1.6664214134216309,0.07779498398303986,2.3987374305725098,0.0027233983855694532,0.9375,0.73583984375
4677,1821,6.161994934082031,2.871087074279785,1.2447949647903442,-2.052377462387085,1.2262578010559082,-0.20986001193523407,0.93310546875,0.71533203125
4678,1824,6.219533443450928,2.912956476211548,1.6664214134216309,0.07779498398303986,2.3987374305725098,0.0027233983855694532,0.9375,0.73583984375
4679,1825,6.236391544342041,2.912956476211548,1.247791051864624,0.07032762467861176,2.397759437561035,-0.07618705928325653,0.93701171875,0.71533203125
4680,1820,6.191690444946289,2.84995174407959,1.1369967460632324,-1.5636411905288696,0.8776941895484924,-1.5952061414718628,0.93310546875,0.71240234375
4681,1821,6.161994934082031,2.871087074279785,1.2447949647903442,-2.052377462387085,1.2262578010559082,-0.20986001193523407,0.93310546875,0.71533203125
4682,1825,6.236391544342041,2.912956476211548,1.247791051864624,0.07032762467861176,2.397759437561035,-0.07618705928325653,0.93701171875,0.71533203125
4683,1825,6.236391544342041,2.912956476211548,1.247791051864624,0.07032762467861176,2.397759437561035,-0.07618705928325653,0.93701171875,0.71533203125
4684,1824,6.219533443450928,2.912956476211548,1.6664214134216309,0.07779498398303986,2.3987374305725098,0.0027233983855694532,0.9375,0.73583984375
4685,1826,6.292962551116943,2.8694088459014893,1.6693785190582275,2.078666925430298,1.1955150365829468,0.09944933652877808,0.94140625,0.73583984375
4686,1815,6.454529285430908,2.7758028507232666,0.9638610482215881,-0.015977345407009125,2.391649007797241,-0.1993999481201172,0.93701171875,0.69873046875
4687,1820,6.191690444946289,2.84995174407959,1.1369967460632324,-1.5636411905288696,0.8776941895484924,-1.5952061414718628,0.93310546875,0.71240234375
4688,1827,6.260451793670654,2.896514415740967,1.156358003616333,0.12102226912975311,2.196096658706665,-0.9604763984680176,0.93701171875,0.71240234375
4689,1820,6.191690444946289,2.84995174407959,1.1369967460632324,-1.5636411905288696,0.8776941895484924,-1.5952061414718628,0.93310546875,0.71240234375
4690,1825,6.236391544342041,2.912956476211548,1.247791051864624,0.07032762467861176,2.397759437561035,-0.07618705928325653,0.93701171875,0.71533203125
4691,1827,6.260451793670654,2.896514415740967,1.156358003616333,0.12102226912975311,2.196096658706665,-0.9604763984680176,0.93701171875,0.71240234375
4692,1825,6.236391544342041,2.912956476211548,1.247791051864624,0.07032762467861176,2.397759437561035,-0.07618705928325653,0.93701171875,0.71533203125
4693,1826,6.292962551116943,2.8694088459014893,1.6693785190582275,2.078666925430298,1.1955150365829468,0.09944933652877808,0.94140625,0.73583984375
4694,1828,6.316888809204102,2.865544557571411,1.2247920036315918,1.969287395477295,1.3183937072753906,0.37914031744003296,0.94091796875,0.7138671875
4695,1827,6.260451793670654,2.896514415740967,1.156358003616333,0.12102226912975311,2.196096658706665,-0.9604763984680176,0.93701171875,0.71240234375
4696,1825,6.236391544342041,2.912956476211548,1.247791051864624,0.07032762467861176,2.397759437561035,-0.07618705928325653,0.93701171875,0.71533203125
4697,1828,6.316888809204102,2.865544557571411,1.2247920036315918,1.969287395477295,1.3183937072753906,0.37914031744003296,0.94091796875,0.7138671875
4698,1828,6.316888809204102,2.865544557571411,1.2247920036315918,1.969287395477295,1.3183937072753906,0.37914031744003296,0.94091796875,0.7138671875
4699,1826,6.292962551116943,2.8694088459014893,1.6693785190582275,2.078666925430298,1.1955150365829468,0.09944933652877808,0.94140625,0.73583984375
4700,1829,6.291994571685791,2.783992052078247,1.6693395376205444,2.396226644515991,-0.04945922642946243,0.12511569261550903,0.9453125,0.7353515625
4701,1828,6.316888809204102,2.865544557571411,1.2247920036315918,1.969287395477295,1.3183937072753906,0.37914031744003296,0.94091796875,0.7138671875
4702,1829,6.291994571685791,2.783992052078247,1.6693395376205444,2.396226644515991,-0.04945922642946243,0.12511569261550903,0.9453125,0.7353515625
4703,1830,6.313772201538086,2.7821414470672607,1.236327886581421,2.0120668411254883,-0.513781726360321,1.2031699419021606,0.9453125,0.7138671875
4704,1831,6.519661903381348,2.740076780319214,1.007017970085144,1.9478611946105957,1.0882755517959595,0.8840228915214539,0.94091796875,0.69873046875
4705,1815,6.454529285430908,2.7758028507232666,0.9638610482215881,-0.015977345407009125,2.391649007797241,-0.1993999481201172,0.93701171875,0.69873046875
4706,1827,6.260451793670654,2.896514415740967,1.156358003616333,0.12102226912975311,2.196096658706665,-0.9604763984680176,0.93701171875,0.71240234375
4707,1831,6.519661903381348,2.740076780319214,1.007017970085144,1.9478611946105957,1.0882755517959595,0.8840228915214539,0.94091796875,0.69873046875
4708,1827,6.260451793670654,2.896514415740967,1.156358003616333,0.12102226912975311,2.196096658706665,-0.9604763984680176,0.93701171875,0.71240234375
4709,1828,6.316888809204102,2.865544557571411,1.2247920036315918,1.969287395477295,1.3183937072753906,0.37914031744003296,0.94091796875,0.7138671875
4710,1831,6.519661903381348,2.740076780319214,1.007017970085144,1.9478611946105957,1.0882755517959595,0.8840228915214539,0.94091796875,0.69873046875
4711,1813,6.5406084060668945,2.727532386779785,0.9087280035018921,1.9355583190917969,1.4159713983535767,0.09295786172151566,0.94091796875,0.6953125
4712,1815,6.454529285430908,2.7758028507232666,0.9638610482215881,-0.015977345407009125,2.391649007797241,-0.1993999481201172,0.93701171875,0.69873046875
4713,1832,6.51522159576416,2.658231496810913,1.0304813385009766,1.612614393234253,-0.9267968535423279,1.516748070716858,0.9453125,0.69873046875
4714,1831,6.519661903381348,2.740076780319214,1.007017970085144,1.9478611946105957,1.0882755517959595,0.8840228915214539,0.94091796875,0.69873046875
4715,1828,6.316888809204102,2.865544557571411,1.2247920036315918,1.969287395477295,1.3183937072753906,0.37914031744003296,0.94091796875,0.7138671875
4716,1832,6.51522159576416,2.658231496810913,1.0304813385009766,1.612614393234253,-0.9267968535423279,1.516748070716858,0.9453125,0.69873046875
4717,1813,6.5406084060668945,2.727532386779785,0.9087280035018921,1.9355583190917969,1.4159713983535767,0.09295786172151566,0.94091796875,0.6953125
4718,1831,6.519661903381348,2.740076780319214,1.007017970085144,1.9478611946105957,1.0882755517959595,0.8840228915214539,0.94091796875,0.69873046875
4719,1832,6.51522159576416,2.658231496810913,1.0304813385009766,1.612614393234253,-0.9267968535423279,1.516748070716858,0.9453125,0.69873046875
4720,1828,6.316888809204102,2.865544557571411,1.2247920036315918,1.969287395477295,1.3183937072753906,0.37914031744003296,0.94091796875,0.7138671875
4721,1830,6.313772201538086,2.7821414470672607,1.236327886581421,2.0120668411254883,-0.513781726360321,1.2031699419021606,0.9453125,0.7138671875
4722,1832,6.51522159576416,2.658231496810913,1.0304813385009766,1.612614393234253,-0.9267968535423279,1.516748070716858,0.9453125,0.69873046875
4723,1814,6.539639949798584,2.642115592956543,0.908689022064209,2.388077974319458,-0.1802714765071869,0.15681076049804688,0.9453125,0.6953125
4724,1813,6.5406084060668945,2.727532386779785,0.9087280035018921,1.9355583190917969,1.4159713983535767,0.09295786172151566,0.94091796875,0.6953125
4725,1833,6.445643424987793,2.612114906311035,1.0107847452163696,0.12790939211845398,-2.1638357639312744,1.0302692651748657,0.94873046875,0.69873046875
4726,1832,6.51522159576416,2.658231496810913,1.0304813385009766,1.612614393234253,-0.9267968535423279,1.516748070716858,0.9453125,0.69873046875
4727,1830,6.313772201538086,2.7821414470672607,1.236327886581421,2.0120668411254883,-0.513781726360321,1.2031699419021606,0.9453125,0.7138671875
4728,1833,6.445643424987793,2.612114906311035,1.0107847452163696,0.12790939211845398,-2.1638357639312744,1.0302692651748657,0.94873046875,0.69873046875
4729,1814,6.539639949798584,2.642115592956543,0.908689022064209,2.388077974319458,-0.1802714765071869,0.15681076049804688,0.9453125,0.6953125
4730,1832,6.51522159576416,2.658231496810913,1.0304813385009766,1.612614393234253,-0.9267968535423279,1.516748070716858,0.9453125,0.69873046875
4731,1833,6.445643424987793,2.612114906311035,1.0107847452163696,0.12790939211845398,-2.1638357639312744,1.0302692651748657,0.94873046875,0.69873046875
4732,1830,6.313772201538086,2.7821414470672607,1.236327886581421,2.0120668411254883,-0.513781726360321,1.2031699419021606,0.9453125,0.7138671875
4733,1834,6.242191314697266,2.7379257678985596,1.2251489162445068,-0.46018052101135254,-2.1916208267211914,0.8631532788276672,0.94873046875,0.7138671875
4734,1833,6.445643424987793,2.612114906311035,1.0107847452163696,0.12790939211845398,-2.1638357639312744,1.0302692651748657,0.94873046875,0.69873046875
4735,1835,6.465242385864258,2.6002466678619385,0.905692994594574,1.1709418296813965,-2.039536714553833,0.478733628988266,0.94873046875,0.6953125
4736,1814,6.539639949798584,2.642115592956543,0.908689022064209,2.388077974319458,-0.1802714765071869,0.15681076049804688,0.9453125,0.6953125
4737,1836,6.3333916664123535,2.912956476211548,-1.160916805267334,0.09657113999128342,2.9367722836226183e-16,-2.398056983947754,0.299560546875,0.01374053955078125
4738,1837,6.258026599884033,2.785670280456543,-1.1639518737792969,0.09657113999128342,2.0166974081803346e-06,-2.398056983947754,0.296142578125,0.007801055908203125
4739,1838,6.258995056152344,2.871087074279785,-1.1639128923416138,0.09657113999128342,2.0166974081803346e-06,-2.398056983947754,0.296142578125,0.01175689697265625
4740,1836,6.3333916664123535,2.912956476211548,-1.160916805267334,0.09657113999128342,2.9367722836226183e-16,-2.398056983947754,0.299560546875,0.01374053955078125
4741,1839,6.331455230712891,2.7421228885650635,-1.1609947681427002,0.09657113999128342,2.9367722836226183e-16,-2.398056983947754,0.299560546875,0.005825042724609375
4742,1837,6.258026599884033,2.785670280456543,-1.1639518737792969,0.09657113999128342,2.0166974081803346e-06,-2.398056983947754,0.296142578125,0.007801055908203125
4743,1836,6.3333916664123535,2.912956476211548,-1.160916805267334,0.09657113999128342,2.9367722836226183e-16,-2.398056983947754,0.299560546875,0.01374053955078125
4744,1840,6.405852794647217,2.783992052078247,-1.15799880027771,0.09657113999128342,-2.225317302873009e-06,-2.398056983947754,0.302978515625,0.007801055908203125
4745,1839,6.331455230712891,2.7421228885650635,-1.1609947681427002,0.09657113999128342,2.9367722836226183e-16,-2.398056983947754,0.299560546875,0.005825042724609375
4746,1836,6.3333916664123535,2.912956476211548,-1.160916805267334,0.09657113999128342,2.9367722836226183e-16,-2.398056983947754,0.299560546875,0.01374053955078125
4747,1841,6.406820774078369,2.8694088459014893,-1.1579598188400269,0.09657113999128342,-2.225317302873009e-06,-2.398056983947754,0.302978515625,0.01175689697265625
4748,1840,6.405852794647217,2.783992052078247,-1.15799880027771,0.09657113999128342,-2.225317302873009e-06,-2.398056983947754,0.302978515625,0.007801055908203125
4749,1842,6.219533443450928,2.912956476211548,1.6664214134216309,-0.09657113999128342,-4.1724811694621167e-07,2.398056983947754,0.34619140625,0.0134735107421875
4750,1843,6.291994571685791,2.783992052078247,1.6693395376205444,-0.09657113999128342,-8.34495551771397e-07,2.398056983947754,0.3427734375,0.007534027099609375
4751,1844,6.292962551116943,2.8694088459014893,1.6693785190582275,-0.09657113999128342,-8.34495551771397e-07,2.398056983947754,0.3427734375,0.0114898681640625
4752,1842,6.219533443450928,2.912956476211548,1.6664214134216309,-0.09657113999128342,-4.1724811694621167e-07,2.398056983947754,0.34619140625,0.0134735107421875
4753,1845,6.217597007751465,2.7421228885650635,1.6663434505462646,-0.09657113999128342,-4.1724811694621167e-07,2.398056983947754,0.34619140625,0.005558013916015625
4754,1843,6.291994571685791,2.783992052078247,1.6693395376205444,-0.09657113999128342,-8.34495551771397e-07,2.398056983947754,0.3427734375,0.007534027099609375
4755,1842,6.219533443450928,2.912956476211548,1.6664214134216309,-0.09657113999128342,-4.1724811694621167e-07,2.398056983947754,0.34619140625,0.0134735107421875
4756,1846,6.144168376922607,2.785670280456543,1.6633864641189575,-0.09657113999128342,-2.9367722836226183e-16,2.398056983947754,0.349609375,0.007534027099609375
4757,1845,6.217597007751465,2.7421228885650635,1.6663434505462646,-0.09657113999128342,-4.1724811694621167e-07,2.398056983947754,0.34619140625,0.005558013916015625
4758,1842,6.219533443450928,2.912956476211548,1.6664214134216309,-0.09657113999128342,-4.1724811694621167e-07,2.398056983947754,0.34619140625,0.0134735107421875
4759,1847,6.145136833190918,2.871087074279785,1.6634254455566406,-0.09657113999128342,-2.9367722836226183e-16,2.398056983947754,0.349609375,0.0114898681640625
4760,1846,6.144168376922607,2.785670280456543,1.6633864641189575,-0.09657113999128342,-2.9367722836226183e-16,2.398056983947754,0.349609375,0.007534027099609375
4761,1848,-4.2834792137146,1.4984790086746216,-2.5595154762268066,-1.361989140510559,-0.10170219838619232,-1.9734854698181152,0.456787109375,0.75732421875
4762,1849,-4.428997039794922,1.5231412649154663,-2.3582875728607178,-1.942506194114685,0.03532375022768974,-1.4090508222579956,0.465087890625,0.75927734375
4763,1850,-4.309430122375488,1.8360698223114014,-2.5152761936187744,-1.3239432573318481,0.21036608517169952,-1.9907095432281494,0.465087890625,0.74169921875
4764,1848,-4.2834792137146,1.4984790086746216,-2.5595154762268066,-1.361989140510559,-0.10170219838619232,-1.9734854698181152,0.456787109375,0.75732421875
4765,1850,-4.309430122375488,1.8360698223114014,-2.5152761936187744,-1.3239432573318481,0.21036608517169952,-1.9907095432281494,0.465087890625,0.74169921875
4766,1851,-3.9271533489227295,1.8215957880020142,-2.7854349613189697,-1.2825767993927002,0.36408546566963196,-1.99560546875,0.44580078125,0.7333984375
4767,1848,-4.2834792137146,1.4984790086746216,-2.5595154762268066,-1.361989140510559,-0.10170219838619232,-1.9734854698181152,0.456787109375,0.75732421875
4768,1851,-3.9271533489227295,1.8215957880020142,-2.7854349613189697,-1.2825767993927002,0.36408546566963196,-1.99560546875,0.44580078125,0.7333984375
4769,1852,-4.076340675354004,1.4619057178497314,-2.6254327297210693,-1.1956515312194824,-0.13345350325107574,-2.0766828060150146,0.44580078125,0.75439453125
4770,1851,-3.9271533489227295,1.8215957880020142,-2.7854349613189697,-1.2825767993927002,0.36408546566963196,-1.99560546875,0.44580078125,0.7333984375
4771,1850,-4.309430122375488,1.8360698223114014,-2.5152761936187744,-1.3239432573318481,0.21036608517169952,-1.9907095432281494,0.465087890625,0.74169921875
4772,1853,-4.070477485656738,2.240776777267456,-2.5706064701080322,-1.1051063537597656,0.9296078085899353,-1.916917324066162,0.465087890625,0.71826171875
4773,1851,-3.9271533489227295,1.8215957880020142,-2.7854349613189697,-1.2825767993927002,0.36408546566963196,-1.99560546875,0.44580078125,0.7333984375
4774,1853,-4.070477485656738,2.240776777267456,-2.5706064701080322,-1.1051063537597656,0.9296078085899353,-1.916917324066162,0.465087890625,0.71826171875
4775,1854,-3.7584786415100098,2.098384380340576,-2.8101298809051514,-1.0043195486068726,1.093077540397644,-1.8858757019042969,0.44580078125,0.71826171875
4776,1854,-3.7584786415100098,2.098384380340576,-2.8101298809051514,-1.0043195486068726,1.093077540397644,-1.8858757019042969,0.44580078125,0.71826171875
4777,1853,-4.070477485656738,2.240776777267456,-2.5706064701080322,-1.1051063537597656,0.9296078085899353,-1.916917324066162,0.465087890625,0.71826171875
4778,1855,-3.5465269088745117,2.5724356174468994,-2.5398805141448975,-0.4508015215396881,1.5342230796813965,-1.7896761894226074,0.465087890625,0.6962890625
4779,1854,-3.7584786415100098,2.098384380340576,-2.8101298809051514,-1.0043195486068726,1.093077540397644,-1.8858757019042969,0.44580078125,0.71826171875
4780,1855,-3.5465269088745117,2.5724356174468994,-2.5398805141448975,-0.4508015215396881,1.5342230796813965,-1.7896761894226074,0.465087890625,0.6962890625
4781,1856,-3.443596601486206,2.280626058578491,-2.8187153339385986,-0.46153712272644043,1.5300854444503784,-1.7904815673828125,0.44580078125,0.6962890625
4782,1857,-2.974689245223999,2.338961362838745,-2.8121964931488037,0.02422601729631424,1.6420743465423584,-1.7501447200775146,0.44580078125,0.671875
4783,1856,-3.443596601486206,2.280626058578491,-2.8187153339385986,-0.46153712272644043,1.5300854444503784,-1.7904815673828125,0.44580078125,0.6962890625
4784,1855,-3.5465269088745117,2.5724356174468994,-2.5398805141448975,-0.4508015215396881,1.5342230796813965,-1.7896761894226074,0.465087890625,0.6962890625
4785,1857,-2.974689245223999,2.338961362838745,-2.8121964931488037,0.02422601729631424,1.6420743465423584,-1.7501447200775146,0.44580078125,0.671875
4786,1855,-3.5465269088745117,2.5724356174468994,-2.5398805141448975,-0.4508015215396881,1.5342230796813965,-1.7896761894226074,0.465087890625,0.6962890625
4787,1858,-2.982658624649048,2.6705665588378906,-2.50162410736084,0.02900480106472969,1.642269492149353,-1.7498890161514282,0.465087890625,0.671875
4788,1857,-2.974689245223999,2.338961362838745,-2.8121964931488037,0.02422601729631424,1.6420743465423584,-1.7501447200775146,0.44580078125,0.671875
4789,1858,-2.982658624649048,2.6705665588378906,-2.50162410736084,0.02900480106472969,1.642269492149353,-1.7498890161514282,0.465087890625,0.671875
4790,1859,-2.3387842178344727,2.5892629623413086,-2.4961414337158203,0.4741644263267517,1.4950144290924072,-1.8166183233261108,0.465087890625,0.64794921875
4791,1857,-2.974689245223999,2.338961362838745,-2.8121964931488037,0.02422601729631424,1.6420743465423584,-1.7501447200775146,0.44580078125,0.671875
4792,1859,-2.3387842178344727,2.5892629623413086,-2.4961414337158203,0.4741644263267517,1.4950144290924072,-1.8166183233261108,0.465087890625,0.64794921875
4793,1860,-2.5627663135528564,2.3027751445770264,-2.7984108924865723,0.3931138515472412,1.544999361038208,-1.7940013408660889,0.44580078125,0.64794921875
4794,1860,-2.5627663135528564,2.3027751445770264,-2.7984108924865723,0.3931138515472412,1.544999361038208,-1.7940013408660889,0.44580078125,0.64794921875
4795,1859,-2.3387842178344727,2.5892629623413086,-2.4961414337158203,0.4741644263267517,1.4950144290924072,-1.8166183233261108,0.465087890625,0.64794921875
4796,1861,-1.9268529415130615,2.314460515975952,-2.5498430728912354,1.2051914930343628,0.73963463306427,-1.9391896724700928,0.465087890625,0.62744140625
4797,1860,-2.5627663135528564,2.3027751445770264,-2.7984108924865723,0.3931138515472412,1.544999361038208,-1.7940013408660889,0.44580078125,0.64794921875
4798,1861,-1.9268529415130615,2.314460515975952,-2.5498430728912354,1.2051914930343628,0.73963463306427,-1.9391896724700928,0.465087890625,0.62744140625
4799,1862,-2.2124669551849365,2.1252806186676025,-2.7808420658111572,1.1249487400054932,0.8523253798484802,-1.9411425590515137,0.44580078125,0.62744140625
4800,1863,-2.0321569442749023,1.7185531854629517,-2.6973352432250977,1.6190893650054932,-0.21227729320526123,-1.758832335472107,0.44580078125,0.6044921875
4801,1862,-2.2124669551849365,2.1252806186676025,-2.7808420658111572,1.1249487400054932,0.8523253798484802,-1.9411425590515137,0.44580078125,0.62744140625
4802,1861,-1.9268529415130615,2.314460515975952,-2.5498430728912354,1.2051914930343628,0.73963463306427,-1.9391896724700928,0.465087890625,0.62744140625
4803,1863,-2.0321569442749023,1.7185531854629517,-2.6973352432250977,1.6190893650054932,-0.21227729320526123,-1.758832335472107,0.44580078125,0.6044921875
4804,1861,-1.9268529415130615,2.314460515975952,-2.5498430728912354,1.2051914930343628,0.73963463306427,-1.9391896724700928,0.465087890625,0.62744140625
4805,1864,-1.7489827871322632,1.8322118520736694,-2.4282729625701904,1.6292047500610352,-0.2713031768798828,-1.7412898540496826,0.465087890625,0.6044921875
4806,1863,-2.0321569442749023,1.7185531854629517,-2.6973352432250977,1.6190893650054932,-0.21227729320526123,-1.758832335472107,0.44580078125,0.6044921875
4807,1864,-1.7489827871322632,1.8322118520736694,-2.4282729625701904,1.6292047500610352,-0.2713031768798828,-1.7412898540496826,0.465087890625,0.6044921875
4808,1865,-1.7065669298171997,1.3147175312042236,-2.192343235015869,1.6680294275283813,-0.6526879668235779,-1.597397804260254,0.465087890625,0.580078125
4809,1863,-2.0321569442749023,1.7185531854629517,-2.6973352432250977,1.6190893650054932,-0.21227729320526123,-1.758832335472107,0.44580078125,0.6044921875
4810,1865,-1.7065669298171997,1.3147175312042236,-2.192343235015869,1.6680294275283813,-0.6526879668235779,-1.597397804260254,0.465087890625,0.580078125
4811,1866,-2.01231050491333,1.3173069953918457,-2.492856740951538,1.6680294275283813,-0.6526879668235779,-1.5973976850509644,0.44580078125,0.580078125
4812,1867,-2.0321569442749023,1.7185531854629517,-2.6973352432250977,-2.32136869430542,-0.596204400062561,-0.125661700963974,0.91552734375,0.99462890625
4813,1868,-2.01231050491333,1.3173069953918457,-2.492856740951538,-2.379185438156128,-0.23977892100811005,-0.20490387082099915,0.939453125,0.99462890625
4814,1869,-2.033777952194214,1.3174208402633667,-2.209106683731079,-2.379185438156128,-0.23977887630462646,-0.20490384101867676,0.939453125,0.984375
4815,1867,-2.0321569442749023,1.7185531854629517,-2.6973352432250977,-2.32136869430542,-0.596204400062561,-0.125661700963974,0.91552734375,0.99462890625
4816,1869,-2.033777952194214,1.3174208402633667,-2.209106683731079,-2.379185438156128,-0.23977887630462646,-0.20490384101867676,0.939453125,0.984375
4817,1870,-2.061779260635376,1.7816747426986694,-2.461866617202759,-2.3296244144439697,-0.5612255930900574,-0.1337140053510666,0.91552734375,0.984375
4818,1871,-2.2124669551849365,2.1252806186676025,-2.7808420658111572,-1.8622914552688599,-1.5083941221237183,0.12891650199890137,0.89453125,0.99462890625
4819,1867,-2.0321569442749023,1.7185531854629517,-2.6973352432250977,-2.32136869430542,-0.596204400062561,-0.125661700963974,0.91552734375,0.99462890625
4820,1870,-2.061779260635376,1.7816747426986694,-2.461866617202759,-2.3296244144439697,-0.5612255930900574,-0.1337140053510666,0.91552734375,0.984375
4821,1871,-2.2124669551849365,2.1252806186676025,-2.7808420658111572,-1.8622914552688599,-1.5083941221237183,0.12891650199890137,0.89453125,0.99462890625
4822,1870,-2.061779260635376,1.7816747426986694,-2.461866617202759,-2.3296244144439697,-0.5612255930900574,-0.1337140053510666,0.91552734375,0.984375
4823,1872,-2.2215240001678467,2.1335625648498535,-2.5631940364837646,-1.9069527387619019,-1.4530245065689087,0.11069552600383759,0.89453125,0.984375
4824,1873,-2.5627663135528564,2.3027751445770264,-2.7984108924865723,-1.2329754829406738,-2.0330722332000732,0.3261752724647522,0.87451171875,0.99462890625
4825,1871,-2.2124669551849365,2.1252806186676025,-2.7808420658111572,-1.8622914552688599,-1.5083941221237183,0.12891650199890137,0.89453125,0.99462890625
4826,1872,-2.2215240001678467,2.1335625648498535,-2.5631940364837646,-1.9069527387619019,-1.4530245065689087,0.11069552600383759,0.89453125,0.984375
4827,1873,-2.5627663135528564,2.3027751445770264,-2.7984108924865723,-1.2329754829406738,-2.0330722332000732,0.3261752724647522,0.87451171875,0.99462890625
4828,1872,-2.2215240001678467,2.1335625648498535,-2.5631940364837646,-1.9069527387619019,-1.4530245065689087,0.11069552600383759,0.89453125,0.984375
4829,1874,-2.4041082859039307,2.274686336517334,-2.5740082263946533,-1.2329754829406738,-2.0330722332000732,0.3261752724647522,0.88525390625,0.984375
4830,1875,-3.7584786415100098,2.098384380340576,-2.8101298809051514,1.711241602897644,-1.6711747646331787,0.19705188274383545,0.8486328125,0.80810546875
4831,1876,-3.443596601486206,2.280626058578491,-2.8187153339385986,1.333027958869934,-1.975692629814148,0.28226953744888306,0.8486328125,0.78955078125
4832,1877,-3.5744566917419434,2.252822160720825,-2.598223924636841,1.3330280780792236,-1.9756925106048584,0.28226950764656067,0.8388671875,0.7978515625
4833,1875,-3.7584786415100098,2.098384380340576,-2.8101298809051514,1.711241602897644,-1.6711747646331787,0.19705188274383545,0.8486328125,0.80810546875
4834,1877,-3.5744566917419434,2.252822160720825,-2.598223924636841,1.3330280780792236,-1.9756925106048584,0.28226950764656067,0.8388671875,0.7978515625
4835,1878,-3.7536861896514893,2.1038060188293457,-2.591923713684082,1.7186311483383179,-1.6638025045394897,0.1951150745153427,0.8388671875,0.80810546875
4836,1879,-3.9271533489227295,1.8215957880020142,-2.7854349613189697,2.136061191558838,-1.0711256265640259,0.22346088290214539,0.8486328125,0.8232421875
4837,1875,-3.7584786415100098,2.098384380340576,-2.8101298809051514,1.711241602897644,-1.6711747646331787,0.19705188274383545,0.8486328125,0.80810546875
4838,1878,-3.7536861896514893,2.1038060188293457,-2.591923713684082,1.7186311483383179,-1.6638025045394897,0.1951150745153427,0.8388671875,0.80810546875
4839,1879,-3.9271533489227295,1.8215957880020142,-2.7854349613189697,2.136061191558838,-1.0711256265640259,0.22346088290214539,0.8486328125,0.8232421875
4840,1878,-3.7536861896514893,2.1038060188293457,-2.591923713684082,1.7186311483383179,-1.6638025045394897,0.1951150745153427,0.8388671875,0.80810546875
4841,1880,-3.9308278560638428,1.8531335592269897,-2.5702075958251953,2.1511781215667725,-1.0368558168411255,0.23950853943824768,0.8388671875,0.8232421875
4842,1881,-4.076340675354004,1.4619057178497314,-2.6254327297210693,2.2150328159332275,-0.8683881759643555,0.31549072265625,0.8486328125,0.8447265625
4843,1879,-3.9271533489227295,1.8215957880020142,-2.7854349613189697,2.136061191558838,-1.0711256265640259,0.22346088290214539,0.8486328125,0.8232421875
4844,1880,-3.9308278560638428,1.8531335592269897,-2.5702075958251953,2.1511781215667725,-1.0368558168411255,0.23950853943824768,0.8388671875,0.8232421875
4845,1881,-4.076340675354004,1.4619057178497314,-2.6254327297210693,2.2150328159332275,-0.8683881759643555,0.31549072265625,0.8486328125,0.8447265625
4846,1880,-3.9308278560638428,1.8531335592269897,-2.5702075958251953,2.1511781215667725,-1.0368558168411255,0.23950853943824768,0.8388671875,0.8232421875
4847,1882,-4.12537956237793,1.4687626361846924,-2.3648836612701416,2.2150328159332275,-0.8683881759643555,0.3154907822608948,0.8388671875,0.8447265625
4848,1883,1.0123029947280884,2.8995471000671387,2.293855667114258,0.5940654277801514,-0.7087410688400269,2.214672803878784,0.72265625,0.410400390625
4849,1884,0.9825606346130371,3.0944905281066895,2.364220380783081,0.571973443031311,-0.6857402920722961,2.227691411972046,0.71875,0.40234375
4850,1885,0.9389251470565796,2.925994634628296,2.330554246902466,0.5940654277801514,-0.7087410092353821,2.214672803878784,0.71875,0.409912109375
4851,1883,1.0123029947280884,2.8995471000671387,2.293855667114258,0.5940654277801514,-0.7087410688400269,2.214672803878784,0.72265625,0.410400390625
4852,1886,1.0564594268798828,3.088688373565674,2.3510921001434326,0.5865708589553833,-0.6783949136734009,2.2261440753936768,0.7216796875,0.40283203125
4853,1884,0.9825606346130371,3.0944905281066895,2.364220380783081,0.571973443031311,-0.6857402920722961,2.227691411972046,0.71875,0.40234375
4854,1884,0.9825606346130371,3.0944905281066895,2.364220380783081,0.571973443031311,-0.6857402920722961,2.227691411972046,0.71875,0.40234375
4855,1886,1.0564594268798828,3.088688373565674,2.3510921001434326,0.5865708589553833,-0.6783949136734009,2.2261440753936768,0.7216796875,0.40283203125
4856,1887,0.9890419840812683,3.143742561340332,2.373349189758301,0.5846099853515625,-0.22090719640254974,2.317203998565674,0.7197265625,0.3984375
4857,1886,1.0564594268798828,3.088688373565674,2.3510921001434326,0.5865708589553833,-0.6783949136734009,2.2261440753936768,0.7216796875,0.40283203125
4858,1888,0.9756499528884888,3.225973129272461,2.382070541381836,0.647911012172699,-0.1391439288854599,2.306697368621826,0.7216796875,0.39306640625
4859,1887,0.9890419840812683,3.143742561340332,2.373349189758301,0.5846099853515625,-0.22090719640254974,2.317203998565674,0.7197265625,0.3984375
4860,1889,1.0123029947280884,2.8995471000671387,2.293855667114258,1.055434226989746,0.46523502469062805,-2.104665517807007,0.72265625,0.410400390625
4861,1890,0.9477415680885315,2.9459571838378906,2.2650222778320312,1.0554341077804565,0.46523502469062805,-2.104665517807007,0.72607421875,0.4091796875
4862,1891,0.9842296838760376,3.096036195755005,2.323211669921875,1.0374375581741333,0.4981801509857178,-2.1060729026794434,0.7255859375,0.40283203125
4863,1889,1.0123029947280884,2.8995471000671387,2.293855667114258,1.055434226989746,0.46523502469062805,-2.104665517807007,0.72265625,0.410400390625
4864,1891,0.9842296838760376,3.096036195755005,2.323211669921875,1.0374375581741333,0.4981801509857178,-2.1060729026794434,0.7255859375,0.40283203125
4865,1892,1.0564594268798828,3.088688373565674,2.3510921001434326,1.0507957935333252,0.5132371187210083,-2.0958099365234375,0.7216796875,0.40283203125
4866,1893,0.9935778975486755,3.1537668704986572,2.3478777408599854,1.150569200515747,1.020725131034851,-1.8423662185668945,0.7236328125,0.3984375
4867,1892,1.0564594268798828,3.088688373565674,2.3510921001434326,1.0507957935333252,0.5132371187210083,-2.0958099365234375,0.7216796875,0.40283203125
4868,1891,0.9842296838760376,3.096036195755005,2.323211669921875,1.0374375581741333,0.4981801509857178,-2.1060729026794434,0.7255859375,0.40283203125
4869,1893,0.9935778975486755,3.1537668704986572,2.3478777408599854,1.150569200515747,1.020725131034851,-1.8423662185668945,0.7236328125,0.3984375
4870,1894,0.9756499528884888,3.225973129272461,2.382070541381836,1.2490371465682983,1.1221669912338257,-1.7148325443267822,0.7216796875,0.39306640625
4871,1892,1.0564594268798828,3.088688373565674,2.3510921001434326,1.0507957935333252,0.5132371187210083,-2.0958099365234375,0.7216796875,0.40283203125
4872,1895,0.9825606346130371,3.0944905281066895,2.364220380783081,-2.318023204803467,0.6130885481834412,-0.10437198728322983,0.71875,0.40234375
4873,1896,0.9842296838760376,3.096036195755005,2.323211669921875,-2.318023204803467,0.6130885481834412,-0.10437198728322983,0.716796875,0.40234375
4874,1897,0.9477415680885315,2.9459571838378906,2.2650222778320312,-2.318023204803467,0.6130884885787964,-0.10437197983264923,0.7158203125,0.409423828125
4875,1895,0.9825606346130371,3.0944905281066895,2.364220380783081,-2.318023204803467,0.6130885481834412,-0.10437198728322983,0.71875,0.40234375
4876,1897,0.9477415680885315,2.9459571838378906,2.2650222778320312,-2.318023204803467,0.6130884885787964,-0.10437197983264923,0.7158203125,0.409423828125
4877,1898,0.9389251470565796,2.925994634628296,2.330554246902466,-2.318023204803467,0.6130884885787964,-0.10437198728322983,0.71875,0.409912109375
4878,1899,0.8902361392974854,3.270094394683838,2.4705421924591064,-2.397902727127075,0.027227826416492462,-0.09656492620706558,0.395263671875,0.1434326171875
4879,1900,0.8956505656242371,3.320004463195801,2.3501625061035156,-2.3979029655456543,0.02722291089594364,-0.09656493365764618,0.39111328125,0.13916015625
4880,1901,0.8999334573745728,3.270094394683838,2.2297377586364746,-2.397902727127075,0.027227826416492462,-0.09656492620706558,0.385009765625,0.13916015625
4881,1902,0.9005758762359619,3.1496026515960693,2.1798102855682373,-2.397902727127075,0.027226995676755905,-0.09656492620706558,0.380859375,0.1434326171875
4882,1899,0.8902361392974854,3.270094394683838,2.4705421924591064,-2.397902727127075,0.027227826416492462,-0.09656492620706558,0.395263671875,0.1434326171875
4883,1901,0.8999334573745728,3.270094394683838,2.2297377586364746,-2.397902727127075,0.027227826416492462,-0.09656492620706558,0.385009765625,0.13916015625
4884,1902,0.9005758762359619,3.1496026515960693,2.1798102855682373,-2.397902727127075,0.027226995676755905,-0.09656492620706558,0.380859375,0.1434326171875
4885,1903,0.8868618011474609,3.1496026515960693,2.520359516143799,-2.397902727127075,0.027226995676755905,-0.09656492620706558,0.395263671875,0.1495361328125
4886,1899,0.8902361392974854,3.270094394683838,2.4705421924591064,-2.397902727127075,0.027227826416492462,-0.09656492620706558,0.395263671875,0.1434326171875
4887,1902,0.9005758762359619,3.1496026515960693,2.1798102855682373,-2.397902727127075,0.027226995676755905,-0.09656492620706558,0.380859375,0.1434326171875
4888,1904,0.8875043988227844,3.0291101932525635,2.4704320430755615,-2.397902727127075,0.02722606249153614,-0.09656492620706558,0.39111328125,0.15380859375
4889,1903,0.8868618011474609,3.1496026515960693,2.520359516143799,-2.397902727127075,0.027226995676755905,-0.09656492620706558,0.395263671875,0.1495361328125
4890,1902,0.9005758762359619,3.1496026515960693,2.1798102855682373,-2.397902727127075,0.027226995676755905,-0.09656492620706558,0.380859375,0.1434326171875
4891,1905,0.8972017168998718,3.0291101932525635,2.2296276092529297,-2.397902727127075,0.02722606249153614,-0.09656492620706558,0.380859375,0.1495361328125
4892,1904,0.8875043988227844,3.0291101932525635,2.4704320430755615,-2.397902727127075,0.02722606249153614,-0.09656492620706558,0.39111328125,0.15380859375
4893,1905,0.8972017168998718,3.0291101932525635,2.2296276092529297,-2.397902727127075,0.02722606249153614,-0.09656492620706558,0.380859375,0.1495361328125
4894,1906,0.8917872309684753,2.979201078414917,2.3500070571899414,-2.397902727127075,0.02722797356545925,-0.09656492620706558,0.385009765625,0.15380859375
4895,1904,0.8875043988227844,3.0291101932525635,2.4704320430755615,-2.397902727127075,0.02722606249153614,-0.09656492620706558,0.39111328125,0.15380859375
4896,1907,0.9932708740234375,3.148472309112549,2.3540937900543213,2.397902727127075,-0.027226051315665245,0.09656492620706558,0.3603515625,0.10223388671875
4897,1908,0.8875043988227844,3.0291101932525635,2.4704320430755615,2.0258569717407227,-0.8800297379493713,0.9388583898544312,0.363525390625,0.09429931640625
4898,1909,0.8917872309684753,2.979201078414917,2.3500070571899414,2.0562987327575684,-1.2348198890686035,0.08280833810567856,0.35693359375,0.09429931640625
4899,1908,0.8875043988227844,3.0291101932525635,2.4704320430755615,2.0258569717407227,-0.8800297379493713,0.9388583898544312,0.363525390625,0.09429931640625
4900,1907,0.9932708740234375,3.148472309112549,2.3540937900543213,2.397902727127075,-0.027226051315665245,0.09656492620706558,0.3603515625,0.10223388671875
4901,1910,0.8868618011474609,3.1496026515960693,2.520359516143799,2.021287679672241,-0.02350303903222084,1.293772578239441,0.3681640625,0.09893798828125
4902,1911,0.8972017168998718,3.0291101932525635,2.2296276092529297,2.094790458679199,-0.8800312280654907,-0.772917628288269,0.352294921875,0.09893798828125
4903,1907,0.9932708740234375,3.148472309112549,2.3540937900543213,2.397902727127075,-0.027226051315665245,0.09656492620706558,0.3603515625,0.10223388671875
4904,1909,0.8917872309684753,2.979201078414917,2.3500070571899414,2.0562987327575684,-1.2348198890686035,0.08280833810567856,0.35693359375,0.09429931640625
4905,1910,0.8868618011474609,3.1496026515960693,2.520359516143799,2.021287679672241,-0.02350303903222084,1.293772578239441,0.3681640625,0.09893798828125
4906,1907,0.9932708740234375,3.148472309112549,2.3540937900543213,2.397902727127075,-0.027226051315665245,0.09656492620706558,0.3603515625,0.10223388671875
4907,1912,0.8902361392974854,3.270094394683838,2.4705421924591064,2.0452733039855957,0.8330256342887878,0.9396430253982544,0.3681640625,0.10552978515625
4908,1913,0.9005758762359619,3.1496026515960693,2.1798102855682373,2.1187753677368164,-0.023504775017499924,-1.1270501613616943,0.352294921875,0.10552978515625
4909,1907,0.9932708740234375,3.148472309112549,2.3540937900543213,2.397902727127075,-0.027226051315665245,0.09656492620706558,0.3603515625,0.10223388671875
4910,1911,0.8972017168998718,3.0291101932525635,2.2296276092529297,2.094790458679199,-0.8800312280654907,-0.772917628288269,0.352294921875,0.09893798828125
4911,1912,0.8902361392974854,3.270094394683838,2.4705421924591064,2.0452733039855957,0.8330256342887878,0.9396430253982544,0.3681640625,0.10552978515625
4912,1907,0.9932708740234375,3.148472309112549,2.3540937900543213,2.397902727127075,-0.027226051315665245,0.09656492620706558,0.3603515625,0.10223388671875
4913,1914,0.8956505656242371,3.320004463195801,2.3501625061035156,2.083763837814331,1.187808632850647,0.0839143693447113,0.363525390625,0.11016845703125
4914,1915,0.8999334573745728,3.270094394683838,2.2297377586364746,2.1142075061798096,0.8330256342887878,-0.7721386551856995,0.35693359375,0.11016845703125
4915,1907,0.9932708740234375,3.148472309112549,2.3540937900543213,2.397902727127075,-0.027226051315665245,0.09656492620706558,0.3603515625,0.10223388671875
4916,1913,0.9005758762359619,3.1496026515960693,2.1798102855682373,2.1187753677368164,-0.023504775017499924,-1.1270501613616943,0.352294921875,0.10552978515625
4917,1914,0.8956505656242371,3.320004463195801,2.3501625061035156,2.083763837814331,1.187808632850647,0.0839143693447113,0.363525390625,0.11016845703125
4918,1907,0.9932708740234375,3.148472309112549,2.3540937900543213,2.397902727127075,-0.027226051315665245,0.09656492620706558,0.3603515625,0.10223388671875
4919,1915,0.8999334573745728,3.270094394683838,2.2297377586364746,2.1142075061798096,0.8330256342887878,-0.7721386551856995,0.35693359375,0.11016845703125
4920,1916,-2.872544765472412,4.591606140136719,-0.3877963423728943,-2.374351978302002,-0.1833256632089615,-0.2980751395225525,0.607421875,0.420166015625
4921,1917,-2.7149534225463867,4.71196174621582,-0.2590683698654175,-1.7871891260147095,1.1706444025039673,1.093411922454834,0.60107421875,0.42626953125
4922,1918,-2.7050211429595947,4.756972312927246,-0.36586713790893555,-1.6670440435409546,1.7151072025299072,-0.19842451810836792,0.607421875,0.428955078125
4923,1916,-2.872544765472412,4.591606140136719,-0.3877963423728943,-2.374351978302002,-0.1833256632089615,-0.2980751395225525,0.607421875,0.420166015625
4924,1918,-2.7050211429595947,4.756972312927246,-0.36586713790893555,-1.6670440435409546,1.7151072025299072,-0.19842451810836792,0.607421875,0.428955078125
4925,1919,-2.6882762908935547,4.713217735290527,-0.47233694791793823,-1.4645055532455444,1.1858497858047485,-1.4862658977508545,0.61376953125,0.4267578125
4926,1916,-2.872544765472412,4.591606140136719,-0.3877963423728943,-2.374351978302002,-0.1833256632089615,-0.2980751395225525,0.607421875,0.420166015625
4927,1920,-2.7122550010681152,4.604550361633301,-0.21450190246105194,-1.7545500993728638,-0.12860088050365448,1.6324888467788696,0.5986328125,0.419677734375
4928,1917,-2.7149534225463867,4.71196174621582,-0.2590683698654175,-1.7871891260147095,1.1706444025039673,1.093411922454834,0.60107421875,0.42626953125
4929,1916,-2.872544765472412,4.591606140136719,-0.3877963423728943,-2.374351978302002,-0.1833256632089615,-0.2980751395225525,0.607421875,0.420166015625
4930,1919,-2.6882762908935547,4.713217735290527,-0.47233694791793823,-1.4645055532455444,1.1858497858047485,-1.4862658977508545,0.61376953125,0.4267578125
4931,1921,-2.6745283603668213,4.606328010559082,-0.516109049320221,-1.2982112169265747,-0.10710146278142929,-2.015733242034912,0.61669921875,0.42041015625
4932,1916,-2.872544765472412,4.591606140136719,-0.3877963423728943,-2.374351978302002,-0.1833256632089615,-0.2980751395225525,0.607421875,0.420166015625
4933,1922,-2.6985068321228027,4.497658729553223,-0.2582738995552063,-1.588256597518921,-1.421541690826416,1.1030237674713135,0.6015625,0.41357421875
4934,1920,-2.7122550010681152,4.604550361633301,-0.21450190246105194,-1.7545500993728638,-0.12860088050365448,1.6324888467788696,0.5986328125,0.419677734375
4935,1916,-2.872544765472412,4.591606140136719,-0.3877963423728943,-2.374351978302002,-0.1833256632089615,-0.2980751395225525,0.607421875,0.420166015625
4936,1921,-2.6745283603668213,4.606328010559082,-0.516109049320221,-1.2982112169265747,-0.10710146278142929,-2.015733242034912,0.61669921875,0.42041015625
4937,1923,-2.67182993888855,4.498915672302246,-0.4715425968170166,-1.265570878982544,-1.4063433408737183,-1.4766621589660645,0.6142578125,0.413818359375
4938,1916,-2.872544765472412,4.591606140136719,-0.3877963423728943,-2.374351978302002,-0.1833256632089615,-0.2980751395225525,0.607421875,0.420166015625
4939,1924,-2.681762456893921,4.4539031982421875,-0.3647436499595642,-1.3857171535491943,-1.9508016109466553,-0.18483246862888336,0.60791015625,0.4111328125
4940,1922,-2.6985068321228027,4.497658729553223,-0.2582738995552063,-1.588256597518921,-1.421541690826416,1.1030237674713135,0.6015625,0.41357421875
4941,1916,-2.872544765472412,4.591606140136719,-0.3877963423728943,-2.374351978302002,-0.1833256632089615,-0.2980751395225525,0.607421875,0.420166015625
4942,1923,-2.67182993888855,4.498915672302246,-0.4715425968170166,-1.265570878982544,-1.4063433408737183,-1.4766621589660645,0.6142578125,0.413818359375
4943,1924,-2.681762456893921,4.4539031982421875,-0.3647436499595642,-1.3857171535491943,-1.9508016109466553,-0.18483246862888336,0.60791015625,0.4111328125
4944,1925,-2.882673740386963,4.595446586608887,0.14971144497394562,-2.3978593349456787,0.024577677249908447,-0.09833624958992004,0.386474609375,0.08355712890625
4945,1926,-2.705043315887451,4.701199531555176,0.2644084095954895,-1.5813685655593872,1.3174079656600952,1.2343871593475342,0.3798828125,0.0897216796875
4946,1927,-2.7001829147338867,4.745565414428711,0.15699006617069244,-1.5225781202316284,1.8540605306625366,-0.06493495404720306,0.38623046875,0.09259033203125
4947,1925,-2.882673740386963,4.595446586608887,0.14971144497394562,-2.3978593349456787,0.024577677249908447,-0.09833624958992004,0.386474609375,0.08355712890625
4948,1927,-2.7001829147338867,4.745565414428711,0.15699006617069244,-1.5225781202316284,1.8540605306625366,-0.06493495404720306,0.38623046875,0.09259033203125
4949,1928,-2.6962392330169678,4.7009077072143555,0.049654521048069,-1.47487211227417,1.3138936758041382,-1.3632456064224243,0.392578125,0.09014892578125
4950,1925,-2.882673740386963,4.595446586608887,0.14971144497394562,-2.3978593349456787,0.024577677249908447,-0.09833624958992004,0.386474609375,0.08355712890625
4951,1929,-2.707972288131714,4.593798637390137,0.3089851140975952,-1.616795539855957,0.018289441242814064,1.7735955715179443,0.37744140625,0.08331298828125
4952,1926,-2.705043315887451,4.701199531555176,0.2644084095954895,-1.5813685655593872,1.3174079656600952,1.2343871593475342,0.3798828125,0.0897216796875
4953,1925,-2.882673740386963,4.595446586608887,0.14971144497394562,-2.3978593349456787,0.024577677249908447,-0.09833624958992004,0.386474609375,0.08355712890625
4954,1928,-2.6962392330169678,4.7009077072143555,0.049654521048069,-1.47487211227417,1.3138936758041382,-1.3632456064224243,0.392578125,0.09014892578125
4955,1930,-2.695521116256714,4.593387603759766,0.00527789443731308,-1.4661887884140015,0.013317706994712353,-1.9000306129455566,0.3955078125,0.0838623046875
4956,1925,-2.882673740386963,4.595446586608887,0.14971144497394562,-2.3978593349456787,0.024577677249908447,-0.09833624958992004,0.386474609375,0.08355712890625
4957,1931,-2.707254648208618,4.486276626586914,0.2646085023880005,-1.6081162691116333,-1.2822816371917725,1.2368178367614746,0.38037109375,0.0770263671875
4958,1929,-2.707972288131714,4.593798637390137,0.3089851140975952,-1.616795539855957,0.018289441242814064,1.7735955715179443,0.37744140625,0.08331298828125
4959,1925,-2.882673740386963,4.595446586608887,0.14971144497394562,-2.3978593349456787,0.024577677249908447,-0.09833624958992004,0.386474609375,0.08355712890625
4960,1930,-2.695521116256714,4.593387603759766,0.00527789443731308,-1.4661887884140015,0.013317706994712353,-1.9000306129455566,0.3955078125,0.0838623046875
4961,1932,-2.6984503269195557,4.48598575592041,0.04985473304986954,-1.5016196966171265,-1.285797119140625,-1.3608334064483643,0.39306640625,0.07745361328125
4962,1925,-2.882673740386963,4.595446586608887,0.14971144497394562,-2.3978593349456787,0.024577677249908447,-0.09833624958992004,0.386474609375,0.08355712890625
4963,1933,-2.703310489654541,4.441618919372559,0.1572730392217636,-1.5604102611541748,-1.8224540948867798,-0.061504993587732315,0.38671875,0.0745849609375
4964,1931,-2.707254648208618,4.486276626586914,0.2646085023880005,-1.6081162691116333,-1.2822816371917725,1.2368178367614746,0.38037109375,0.0770263671875
4965,1925,-2.882673740386963,4.595446586608887,0.14971144497394562,-2.3978593349456787,0.024577677249908447,-0.09833624958992004,0.386474609375,0.08355712890625
4966,1932,-2.6984503269195557,4.48598575592041,0.04985473304986954,-1.5016196966171265,-1.285797119140625,-1.3608334064483643,0.39306640625,0.07745361328125
4967,1933,-2.703310489654541,4.441618919372559,0.1572730392217636,-1.5604102611541748,-1.8224540948867798,-0.061504993587732315,0.38671875,0.0745849609375
4968,1934,-2.8274497985839844,4.5978193283081055,-0.9118103981018066,-2.386897325515747,0.2249421626329422,0.11011408269405365,0.6142578125,0.54345703125
4969,1935,-2.6323001384735107,4.688592910766602,-0.8139931559562683,-1.3524022102355957,1.4478998184204102,1.3544726371765137,0.6201171875,0.5498046875
4970,1936,-2.6331703662872314,4.732154846191406,-0.9218462705612183,-1.3629255294799805,1.9748281240463257,0.0498899482190609,0.623046875,0.54345703125
4971,1934,-2.8274497985839844,4.5978193283081055,-0.9118103981018066,-2.386897325515747,0.2249421626329422,0.11011408269405365,0.6142578125,0.54345703125
4972,1936,-2.6331703662872314,4.732154846191406,-0.9218462705612183,-1.3629255294799805,1.9748281240463257,0.0498899482190609,0.623046875,0.54345703125
4973,1937,-2.6423468589782715,4.6870832443237305,-1.0286873579025269,-1.4739259481430054,1.42963707447052,-1.2424501180648804,0.62060546875,0.537109375
4974,1934,-2.8274497985839844,4.5978193283081055,-0.9118103981018066,-2.386897325515747,0.2249421626329422,0.11011408269405365,0.6142578125,0.54345703125
4975,1938,-2.6402463912963867,4.581913948059082,-0.7683073282241821,-1.4485175609588623,0.1575198769569397,1.9070887565612793,0.61376953125,0.55224609375
4976,1935,-2.6323001384735107,4.688592910766602,-0.8139931559562683,-1.3524022102355957,1.4478998184204102,1.3544726371765137,0.6201171875,0.5498046875
4977,1934,-2.8274497985839844,4.5978193283081055,-0.9118103981018066,-2.386897325515747,0.2249421626329422,0.11011408269405365,0.6142578125,0.54345703125
4978,1937,-2.6423468589782715,4.6870832443237305,-1.0286873579025269,-1.4739259481430054,1.42963707447052,-1.2424501180648804,0.62060546875,0.537109375
4979,1939,-2.654453992843628,4.579778671264648,-1.0719302892684937,-1.6203733682632446,0.1316945105791092,-1.7655168771743774,0.6142578125,0.5341796875
4980,1934,-2.8274497985839844,4.5978193283081055,-0.9118103981018066,-2.386897325515747,0.2249421626329422,0.11011408269405365,0.6142578125,0.54345703125
4981,1940,-2.652353525161743,4.474609375,-0.8115501999855042,-1.5949676036834717,-1.140418291091919,1.3840259313583374,0.607421875,0.54931640625
4982,1938,-2.6402463912963867,4.581913948059082,-0.7683073282241821,-1.4485175609588623,0.1575198769569397,1.9070887565612793,0.61376953125,0.55224609375
4983,1934,-2.8274497985839844,4.5978193283081055,-0.9118103981018066,-2.386897325515747,0.2249421626329422,0.11011408269405365,0.6142578125,0.54345703125
4984,1939,-2.654453992843628,4.579778671264648,-1.0719302892684937,-1.6203733682632446,0.1316945105791092,-1.7655168771743774,0.6142578125,0.5341796875
4985,1941,-2.662400007247925,4.473100662231445,-1.0262444019317627,-1.7164865732192993,-1.1586823463439941,-1.212902307510376,0.60791015625,0.53662109375
4986,1934,-2.8274497985839844,4.5978193283081055,-0.9118103981018066,-2.386897325515747,0.2249421626329422,0.11011408269405365,0.6142578125,0.54345703125
4987,1942,-2.6615302562713623,4.429537773132324,-0.9183913469314575,-1.7059646844863892,-1.6856098175048828,0.09168007969856262,0.60498046875,0.54296875
4988,1940,-2.652353525161743,4.474609375,-0.8115501999855042,-1.5949676036834717,-1.140418291091919,1.3840259313583374,0.607421875,0.54931640625
4989,1934,-2.8274497985839844,4.5978193283081055,-0.9118103981018066,-2.386897325515747,0.2249421626329422,0.11011408269405365,0.6142578125,0.54345703125
4990,1941,-2.662400007247925,4.473100662231445,-1.0262444019317627,-1.7164865732192993,-1.1586823463439941,-1.212902307510376,0.60791015625,0.53662109375
4991,1942,-2.6615302562713623,4.429537773132324,-0.9183913469314575,-1.7059646844863892,-1.6856098175048828,0.09168007969856262,0.60498046875,0.54296875
4992,1943,-2.8913512229919434,4.596868515014648,0.6786302924156189,-2.366889476776123,0.22491469979286194,-0.3274911344051361,0.386962890625,0.11370849609375
4993,1944,-2.7172882556915283,4.6878662109375,0.8102092146873474,-1.5763429403305054,1.4505620002746582,1.0821341276168823,0.380859375,0.107177734375
4994,1945,-2.69846248626709,4.731204032897949,0.7039167284965515,-1.348632574081421,1.9747790098190308,-0.20356884598731995,0.3779296875,0.1134033203125
4995,1943,-2.8913512229919434,4.596868515014648,0.6786302924156189,-2.366889476776123,0.22491469979286194,-0.3274911344051361,0.386962890625,0.11370849609375
4996,1945,-2.69846248626709,4.731204032897949,0.7039167284965515,-1.348632574081421,1.9747790098190308,-0.20356884598731995,0.3779296875,0.1134033203125
4997,1946,-2.6880133152008057,4.685909271240234,0.5972869396209717,-1.2222341299057007,1.4269015789031982,-1.4933509826660156,0.38037109375,0.119873046875
4998,1943,-2.8913512229919434,4.596868515014648,0.6786302924156189,-2.366889476776123,0.22491469979286194,-0.3274911344051361,0.386962890625,0.11370849609375
4999,1947,-2.733461618423462,4.581281661987305,0.8538994789123535,-1.7719756364822388,0.1613219529390335,1.6106150150299072,0.38720703125,0.104736328125
5000,1944,-2.7172882556915283,4.6878662109375,0.8102092146873474,-1.5763429403305054,1.4505620002746582,1.0821341276168823,0.380859375,0.107177734375
5001,1943,-2.8913512229919434,4.596868515014648,0.6786302924156189,-2.366889476776123,0.22491469979286194,-0.3274911344051361,0.386962890625,0.11370849609375
5002,1946,-2.6880133152008057,4.685909271240234,0.5972869396209717,-1.2222341299057007,1.4269015789031982,-1.4933509826660156,0.38037109375,0.119873046875
5003,1948,-2.6920604705810547,4.57851505279541,0.5527822375297546,-1.2711913585662842,0.12785905599594116,-2.0316812992095947,0.38671875,0.12274169921875
5004,1943,-2.8913512229919434,4.596868515014648,0.6786302924156189,-2.366889476776123,0.22491469979286194,-0.3274911344051361,0.386962890625,0.11370849609375
5005,1949,-2.73750901222229,4.473886489868164,0.8093949556350708,-1.8209350109100342,-1.1377158164978027,1.0722875595092773,0.3935546875,0.10760498046875
5006,1947,-2.733461618423462,4.581281661987305,0.8538994789123535,-1.7719756364822388,0.1613219529390335,1.6106150150299072,0.38720703125,0.104736328125
5007,1943,-2.8913512229919434,4.596868515014648,0.6786302924156189,-2.366889476776123,0.22491469979286194,-0.3274911344051361,0.386962890625,0.11370849609375
5008,1948,-2.6920604705810547,4.57851505279541,0.5527822375297546,-1.2711913585662842,0.12785905599594116,-2.0316812992095947,0.38671875,0.12274169921875
5009,1950,-2.7082340717315674,4.471930503845215,0.5964726209640503,-1.4668277502059937,-1.1613799333572388,-1.5032018423080444,0.39306640625,0.12030029296875
5010,1943,-2.8913512229919434,4.596868515014648,0.6786302924156189,-2.366889476776123,0.22491469979286194,-0.3274911344051361,0.386962890625,0.11370849609375
5011,1951,-2.7270593643188477,4.428591728210449,0.7027651071548462,-1.6945371627807617,-1.6855976581573486,-0.2174990028142929,0.39599609375,0.114013671875
5012,1949,-2.73750901222229,4.473886489868164,0.8093949556350708,-1.8209350109100342,-1.1377158164978027,1.0722875595092773,0.3935546875,0.10760498046875
5013,1943,-2.8913512229919434,4.596868515014648,0.6786302924156189,-2.366889476776123,0.22491469979286194,-0.3274911344051361,0.386962890625,0.11370849609375
5014,1950,-2.7082340717315674,4.471930503845215,0.5964726209640503,-1.4668277502059937,-1.1613799333572388,-1.5032018423080444,0.39306640625,0.12030029296875
5015,1951,-2.7270593643188477,4.428591728210449,0.7027651071548462,-1.6945371627807617,-1.6855976581573486,-0.2174990028142929,0.39599609375,0.114013671875
5016,1952,6.1291046142578125,1.4206974506378174,-1.159064531326294,-2.2543022632598877,0.4323979318141937,0.7008252739906311,0.0161895751953125,0.4248046875
5017,1953,6.251399993896484,1.2439813613891602,-1.2857065200805664,-2.0507612228393555,-1.2131330966949463,-0.2875586152076721,0.0234375,0.417724609375
5018,1954,6.299617290496826,1.242537260055542,-1.1277990341186523,-1.5417325496673584,-1.236605167388916,1.3615692853927612,0.013885498046875,0.4150390625
5019,1952,6.1291046142578125,1.4206974506378174,-1.159064531326294,-2.2543022632598877,0.4323979318141937,0.7008252739906311,0.0161895751953125,0.4248046875
5020,1954,6.299617290496826,1.242537260055542,-1.1277990341186523,-1.5417325496673584,-1.236605167388916,1.3615692853927612,0.013885498046875,0.4150390625
5021,1955,6.346755504608154,1.38149094581604,-1.0554871559143066,-0.9905273914337158,0.24116839468479156,2.1727163791656494,0.00717926025390625,0.421875
5022,1952,6.1291046142578125,1.4206974506378174,-1.159064531326294,-2.2543022632598877,0.4323979318141937,0.7008252739906311,0.0161895751953125,0.4248046875
5023,1956,6.2503180503845215,1.3843789100646973,-1.3713023662567139,-2.0523338317871094,0.26018431782722473,-1.2166483402252197,0.0254669189453125,0.42724609375
5024,1953,6.251399993896484,1.2439813613891602,-1.2857065200805664,-2.0507612228393555,-1.2131330966949463,-0.2875586152076721,0.0234375,0.417724609375
5025,1952,6.1291046142578125,1.4206974506378174,-1.159064531326294,-2.2543022632598877,0.4323979318141937,0.7008252739906311,0.0161895751953125,0.4248046875
5026,1955,6.346755504608154,1.38149094581604,-1.0554871559143066,-0.9905273914337158,0.24116839468479156,2.1727163791656494,0.00717926025390625,0.421875
5027,1957,6.345674991607666,1.5218888521194458,-1.141082763671875,-0.9504296183586121,1.8109371662139893,1.255862832069397,0.00919342041015625,0.431396484375
5028,1958,6.297456741333008,1.523332953453064,-1.298990249633789,-1.5035189390182495,1.8071327209472656,-0.483429491519928,0.01873779296875,0.433837890625
5029,1956,6.2503180503845215,1.3843789100646973,-1.3713023662567139,-2.0523338317871094,0.26018431782722473,-1.2166483402252197,0.0254669189453125,0.42724609375
5030,1952,6.1291046142578125,1.4206974506378174,-1.159064531326294,-2.2543022632598877,0.4323979318141937,0.7008252739906311,0.0161895751953125,0.4248046875
5031,1952,6.1291046142578125,1.4206974506378174,-1.159064531326294,-2.2543022632598877,0.4323979318141937,0.7008252739906311,0.0161895751953125,0.4248046875
5032,1957,6.345674991607666,1.5218888521194458,-1.141082763671875,-0.9504296183586121,1.8109371662139893,1.255862832069397,0.00919342041015625,0.431396484375
5033,1958,6.297456741333008,1.523332953453064,-1.298990249633789,-1.5035189390182495,1.8071327209472656,-0.483429491519928,0.01873779296875,0.433837890625
5034,1959,6.348036289215088,1.3814057111740112,-1.2262766361236572,2.2652838230133057,-0.3899705410003662,-0.6902289390563965,0.60888671875,0.484375
5035,1960,6.2503180503845215,1.3843789100646973,-1.3713023662567139,1.9587020874023438,-0.3999592363834381,-1.3279767036437988,0.6025390625,0.479736328125
5036,1961,6.297456741333008,1.523332953453064,-1.298990249633789,2.1478428840637207,0.22955171763896942,-1.045983076095581,0.60107421875,0.48681640625
5037,1959,6.348036289215088,1.3814057111740112,-1.2262766361236572,2.2652838230133057,-0.3899705410003662,-0.6902289390563965,0.60888671875,0.484375
5038,1961,6.297456741333008,1.523332953453064,-1.298990249633789,2.1478428840637207,0.22955171763896942,-1.045983076095581,0.60107421875,0.48681640625
5039,1962,6.345674991607666,1.5218888521194458,-1.141082763671875,2.364661455154419,0.2411038726568222,-0.3320363759994507,0.6064453125,0.49169921875
5040,1959,6.348036289215088,1.3814057111740112,-1.2262766361236572,2.2652838230133057,-0.3899705410003662,-0.6902289390563965,0.60888671875,0.484375
5041,1963,6.251399993896484,1.2439813613891602,-1.2857065200805664,1.972593903541565,-0.9709449410438538,-0.9623627066612244,0.60888671875,0.47607421875
5042,1960,6.2503180503845215,1.3843789100646973,-1.3713023662567139,1.9587020874023438,-0.3999592363834381,-1.3279767036437988,0.6025390625,0.479736328125
5043,1959,6.348036289215088,1.3814057111740112,-1.2262766361236572,2.2652838230133057,-0.3899705410003662,-0.6902289390563965,0.60888671875,0.484375
5044,1962,6.345674991607666,1.5218888521194458,-1.141082763671875,2.364661455154419,0.2411038726568222,-0.3320363759994507,0.6064453125,0.49169921875
5045,1964,6.346755504608154,1.38149094581604,-1.0554871559143066,2.365173101425171,-0.4069858193397522,0.017930135130882263,0.615234375,0.48876953125
5046,1959,6.348036289215088,1.3814057111740112,-1.2262766361236572,2.2652838230133057,-0.3899705410003662,-0.6902289390563965,0.60888671875,0.484375
5047,1965,6.299617290496826,1.242537260055542,-1.1277990341186523,2.1660001277923584,-0.9826439619064331,-0.3207142949104309,0.615234375,0.479736328125
5048,1963,6.251399993896484,1.2439813613891602,-1.2857065200805664,1.972593903541565,-0.9709449410438538,-0.9623627066612244,0.60888671875,0.47607421875
5049,1959,6.348036289215088,1.3814057111740112,-1.2262766361236572,2.2652838230133057,-0.3899705410003662,-0.6902289390563965,0.60888671875,0.484375
5050,1964,6.346755504608154,1.38149094581604,-1.0554871559143066,2.365173101425171,-0.4069858193397522,0.017930135130882263,0.615234375,0.48876953125
5051,1965,6.299617290496826,1.242537260055542,-1.1277990341186523,2.1660001277923584,-0.9826439619064331,-0.3207142949104309,0.615234375,0.479736328125
5052,1966,-2.645596504211426,4.609127998352051,-0.3593052625656128,2.374352216720581,0.18331998586654663,0.2980750799179077,0.70556640625,0.385498046875
5053,1967,-2.6882762908935547,4.713217735290527,-0.47233694791793823,2.2872507572174072,0.690310001373291,-0.2279479205608368,0.70263671875,0.37890625
5054,1968,-2.7050211429595947,4.756972312927246,-0.36586713790893555,2.2071456909179688,0.8996288180351257,0.281385600566864,0.69873046875,0.3828125
5055,1966,-2.645596504211426,4.609127998352051,-0.3593052625656128,2.374352216720581,0.18331998586654663,0.2980750799179077,0.70556640625,0.385498046875
5056,1968,-2.7050211429595947,4.756972312927246,-0.36586713790893555,2.2071456909179688,0.8996288180351257,0.281385600566864,0.69873046875,0.3828125
5057,1969,-2.7149534225463867,4.71196174621582,-0.2590683698654175,2.159635066986084,0.684298038482666,0.7922854423522949,0.69873046875,0.38818359375
5058,1966,-2.645596504211426,4.609127998352051,-0.3593052625656128,2.374352216720581,0.18331998586654663,0.2980750799179077,0.70556640625,0.385498046875
5059,1970,-2.6745283603668213,4.606328010559082,-0.516109049320221,2.3530173301696777,0.17895722389221191,-0.43736371397972107,0.7080078125,0.37890625
5060,1967,-2.6882762908935547,4.713217735290527,-0.47233694791793823,2.2872507572174072,0.690310001373291,-0.2279479205608368,0.70263671875,0.37890625
5061,1966,-2.645596504211426,4.609127998352051,-0.3593052625656128,2.374352216720581,0.18331998586654663,0.2980750799179077,0.70556640625,0.385498046875
5062,1969,-2.7149534225463867,4.71196174621582,-0.2590683698654175,2.159635066986084,0.684298038482666,0.7922854423522949,0.69873046875,0.38818359375
5063,1971,-2.7122550010681152,4.604550361633301,-0.21450190246105194,2.1725406646728516,0.1704590767621994,1.0054923295974731,0.70263671875,0.39208984375
5064,1966,-2.645596504211426,4.609127998352051,-0.3593052625656128,2.374352216720581,0.18331998586654663,0.2980750799179077,0.70556640625,0.385498046875
5065,1972,-2.67182993888855,4.498915672302246,-0.4715425968170166,2.36592698097229,-0.3348813056945801,-0.22415843605995178,0.7119140625,0.3828125
5066,1970,-2.6745283603668213,4.606328010559082,-0.516109049320221,2.3530173301696777,0.17895722389221191,-0.43736371397972107,0.7080078125,0.37890625
5067,1966,-2.645596504211426,4.609127998352051,-0.3593052625656128,2.374352216720581,0.18331998586654663,0.2980750799179077,0.70556640625,0.385498046875
5068,1971,-2.7122550010681152,4.604550361633301,-0.21450190246105194,2.1725406646728516,0.1704590767621994,1.0054923295974731,0.70263671875,0.39208984375
5069,1973,-2.6985068321228027,4.497658729553223,-0.2582738995552063,2.2383110523223877,-0.3408936858177185,0.7960897088050842,0.7080078125,0.39208984375
5070,1966,-2.645596504211426,4.609127998352051,-0.3593052625656128,2.374352216720581,0.18331998586654663,0.2980750799179077,0.70556640625,0.385498046875
5071,1974,-2.681762456893921,4.4539031982421875,-0.3647436499595642,2.3184127807617188,-0.550215482711792,0.2867562472820282,0.7119140625,0.38818359375
5072,1972,-2.67182993888855,4.498915672302246,-0.4715425968170166,2.36592698097229,-0.3348813056945801,-0.22415843605995178,0.7119140625,0.3828125
5073,1966,-2.645596504211426,4.609127998352051,-0.3593052625656128,2.374352216720581,0.18331998586654663,0.2980750799179077,0.70556640625,0.385498046875
5074,1973,-2.6985068321228027,4.497658729553223,-0.2582738995552063,2.2383110523223877,-0.3408936858177185,0.7960897088050842,0.7080078125,0.39208984375
5075,1974,-2.681762456893921,4.4539031982421875,-0.3647436499595642,2.3184127807617188,-0.550215482711792,0.2867562472820282,0.7119140625,0.38818359375
5076,1975,-2.653477907180786,4.593097686767578,0.15911105275154114,2.3978593349456787,-0.024582447484135628,0.09833858907222748,0.245361328125,0.2161865234375
5077,1976,-2.6962392330169678,4.7009077072143555,0.049654521048069,2.3115293979644775,0.48996204137802124,-0.4204424023628235,0.251953125,0.21337890625
5078,1977,-2.7001829147338867,4.745565414428711,0.15699006617069244,2.292661666870117,0.7035970687866211,0.09303954243659973,0.2481689453125,0.20947265625
5079,1975,-2.653477907180786,4.593097686767578,0.15911105275154114,2.3978593349456787,-0.024582447484135628,0.09833858907222748,0.245361328125,0.2161865234375
5080,1977,-2.7001829147338867,4.745565414428711,0.15699006617069244,2.292661666870117,0.7035970687866211,0.09303954243659973,0.2481689453125,0.20947265625
5081,1978,-2.705043315887451,4.701199531555176,0.2644084095954895,2.2694103717803955,0.491352379322052,0.6069207191467285,0.2425537109375,0.20947265625
5082,1975,-2.653477907180786,4.593097686767578,0.15911105275154114,2.3978593349456787,-0.024582447484135628,0.09833858907222748,0.245361328125,0.2161865234375
5083,1979,-2.695521116256714,4.593387603759766,0.00527789443731308,2.31496262550354,-0.02441001683473587,-0.6327359676361084,0.251953125,0.2188720703125
5084,1976,-2.6962392330169678,4.7009077072143555,0.049654521048069,2.3115293979644775,0.48996204137802124,-0.4204424023628235,0.251953125,0.21337890625
5085,1975,-2.653477907180786,4.593097686767578,0.15911105275154114,2.3978593349456787,-0.024582447484135628,0.09833858907222748,0.245361328125,0.2161865234375
5086,1978,-2.705043315887451,4.701199531555176,0.2644084095954895,2.2694103717803955,0.491352379322052,0.6069207191467285,0.2425537109375,0.20947265625
5087,1980,-2.707972288131714,4.593798637390137,0.3089851140975952,2.255398988723755,-0.022441092878580093,0.8201674222946167,0.2386474609375,0.21337890625
5088,1975,-2.653477907180786,4.593097686767578,0.15911105275154114,2.3978593349456787,-0.024582447484135628,0.09833858907222748,0.245361328125,0.2161865234375
5089,1981,-2.6984503269195557,4.48598575592041,0.04985473304986954,2.3009495735168457,-0.5382066369056702,-0.41948583722114563,0.2481689453125,0.222900390625
5090,1979,-2.695521116256714,4.593387603759766,0.00527789443731308,2.31496262550354,-0.02441001683473587,-0.6327359676361084,0.251953125,0.2188720703125
5091,1975,-2.653477907180786,4.593097686767578,0.15911105275154114,2.3978593349456787,-0.024582447484135628,0.09833858907222748,0.245361328125,0.2161865234375
5092,1980,-2.707972288131714,4.593798637390137,0.3089851140975952,2.255398988723755,-0.022441092878580093,0.8201674222946167,0.2386474609375,0.21337890625
5093,1982,-2.707254648208618,4.486276626586914,0.2646085023880005,2.2588326930999756,-0.5368123054504395,0.6078745126724243,0.2386474609375,0.2188720703125
5094,1975,-2.653477907180786,4.593097686767578,0.15911105275154114,2.3978593349456787,-0.024582447484135628,0.09833858907222748,0.245361328125,0.2161865234375
5095,1983,-2.703310489654541,4.441618919372559,0.1572730392217636,2.277700424194336,-0.7504495978355408,0.09439513832330704,0.2425537109375,0.222900390625
5096,1981,-2.6984503269195557,4.48598575592041,0.04985473304986954,2.3009495735168457,-0.5382066369056702,-0.41948583722114563,0.2481689453125,0.222900390625
5097,1975,-2.653477907180786,4.593097686767578,0.15911105275154114,2.3978593349456787,-0.024582447484135628,0.09833858907222748,0.245361328125,0.2161865234375
5098,1982,-2.707254648208618,4.486276626586914,0.2646085023880005,2.2588326930999756,-0.5368123054504395,0.6078745126724243,0.2386474609375,0.2188720703125
5099,1983,-2.703310489654541,4.441618919372559,0.1572730392217636,2.277700424194336,-0.7504495978355408,0.09439513832330704,0.2425537109375,0.222900390625
5100,1984,-2.599302053451538,4.57631778717041,-0.9223353862762451,2.386897087097168,-0.22494526207447052,-0.1101125180721283,0.7041015625,0.5380859375
5101,1985,-2.6423468589782715,4.6870832443237305,-1.0286873579025269,2.2986700534820557,0.29385140538215637,-0.6243168115615845,0.7109375,0.53515625
5102,1986,-2.6331703662872314,4.732154846191406,-0.9218462705612183,2.3425683975219727,0.5094721913337708,-0.11320272833108902,0.70703125,0.53125
5103,1984,-2.599302053451538,4.57631778717041,-0.9223353862762451,2.386897087097168,-0.22494526207447052,-0.1101125180721283,0.7041015625,0.5380859375
5104,1986,-2.6331703662872314,4.732154846191406,-0.9218462705612183,2.3425683975219727,0.5094721913337708,-0.11320272833108902,0.70703125,0.53125
5105,1987,-2.6323001384735107,4.688592910766602,-0.8139931559562683,2.346731424331665,0.30107223987579346,0.4027533233165741,0.701171875,0.53125
5106,1984,-2.599302053451538,4.57631778717041,-0.9223353862762451,2.386897087097168,-0.22494526207447052,-0.1101125180721283,0.7041015625,0.5380859375
5107,1988,-2.654453992843628,4.579778671264648,-1.0719302892684937,2.2407500743865967,-0.21947883069515228,-0.8311870098114014,0.7109375,0.541015625
5108,1985,-2.6423468589782715,4.6870832443237305,-1.0286873579025269,2.2986700534820557,0.29385140538215637,-0.6243168115615845,0.7109375,0.53515625
5109,1984,-2.599302053451538,4.57631778717041,-0.9223353862762451,2.386897087097168,-0.22494526207447052,-0.1101125180721283,0.7041015625,0.5380859375
5110,1987,-2.6323001384735107,4.688592910766602,-0.8139931559562683,2.346731424331665,0.30107223987579346,0.4027533233165741,0.701171875,0.53125
5111,1989,-2.6402463912963867,4.581913948059082,-0.7683073282241821,2.3087191581726074,-0.20926640927791595,0.621310830116272,0.697265625,0.53515625
5112,1984,-2.599302053451538,4.57631778717041,-0.9223353862762451,2.386897087097168,-0.22494526207447052,-0.1101125180721283,0.7041015625,0.5380859375
5113,1990,-2.662400007247925,4.473100662231445,-1.0262444019317627,2.2027361392974854,-0.7298214435577393,-0.6126311421394348,0.70703125,0.544921875
5114,1988,-2.654453992843628,4.579778671264648,-1.0719302892684937,2.2407500743865967,-0.21947883069515228,-0.8311870098114014,0.7109375,0.541015625
5115,1984,-2.599302053451538,4.57631778717041,-0.9223353862762451,2.386897087097168,-0.22494526207447052,-0.1101125180721283,0.7041015625,0.5380859375
5116,1989,-2.6402463912963867,4.581913948059082,-0.7683073282241821,2.3087191581726074,-0.20926640927791595,0.621310830116272,0.697265625,0.53515625
5117,1991,-2.652353525161743,4.474609375,-0.8115501999855042,2.2507994174957275,-0.7225963473320007,0.41443923115730286,0.697265625,0.541015625
5118,1984,-2.599302053451538,4.57631778717041,-0.9223353862762451,2.386897087097168,-0.22494526207447052,-0.1101125180721283,0.7041015625,0.5380859375
5119,1992,-2.6615302562713623,4.429537773132324,-0.9183913469314575,2.2068984508514404,-0.9382194876670837,-0.09667560458183289,0.701171875,0.544921875
5120,1990,-2.662400007247925,4.473100662231445,-1.0262444019317627,2.2027361392974854,-0.7298214435577393,-0.6126311421394348,0.70703125,0.544921875
5121,1984,-2.599302053451538,4.57631778717041,-0.9223353862762451,2.386897087097168,-0.22494526207447052,-0.1101125180721283,0.7041015625,0.5380859375
5122,1991,-2.652353525161743,4.474609375,-0.8115501999855042,2.2507994174957275,-0.7225963473320007,0.41443923115730286,0.697265625,0.541015625
5123,1992,-2.6615302562713623,4.429537773132324,-0.9183913469314575,2.2068984508514404,-0.9382194876670837,-0.09667560458183289,0.701171875,0.544921875
5124,1993,-2.6651158332824707,4.575370788574219,0.7099334001541138,2.366888999938965,-0.2249167412519455,0.32749366760253906,0.48681640625,0.65576171875
5125,1994,-2.6880133152008057,4.685909271240234,0.5972869396209717,2.3740572929382324,0.29280057549476624,-0.1952478289604187,0.47998046875,0.65869140625
5126,1995,-2.69846248626709,4.731204032897949,0.7039167284965515,2.3240694999694824,0.5094819664955139,0.3148527443408966,0.48388671875,0.66259765625
5127,1993,-2.6651158332824707,4.575370788574219,0.7099334001541138,2.366888999938965,-0.2249167412519455,0.32749366760253906,0.48681640625,0.65576171875
5128,1995,-2.69846248626709,4.731204032897949,0.7039167284965515,2.3240694999694824,0.5094819664955139,0.3148527443408966,0.48388671875,0.66259765625
5129,1996,-2.7172882556915283,4.6878662109375,0.8102092146873474,2.2340102195739746,0.30215778946876526,0.8233485221862793,0.489501953125,0.66259765625
5130,1993,-2.6651158332824707,4.575370788574219,0.7099334001541138,2.366888999938965,-0.2249167412519455,0.32749366760253906,0.48681640625,0.65576171875
5131,1997,-2.6920604705810547,4.57851505279541,0.5527822375297546,2.3546957969665527,-0.2209630310535431,-0.4081500768661499,0.47998046875,0.65283203125
5132,1994,-2.6880133152008057,4.685909271240234,0.5972869396209717,2.3740572929382324,0.29280057549476624,-0.1952478289604187,0.47998046875,0.65869140625
5133,1993,-2.6651158332824707,4.575370788574219,0.7099334001541138,2.366888999938965,-0.2249167412519455,0.32749366760253906,0.48681640625,0.65576171875
5134,1996,-2.7172882556915283,4.6878662109375,0.8102092146873474,2.2340102195739746,0.30215778946876526,0.8233485221862793,0.489501953125,0.66259765625
5135,1998,-2.733461618423462,4.581281661987305,0.8538994789123535,2.1566359996795654,-0.20772837102413177,1.0323634147644043,0.493408203125,0.65869140625
5136,1993,-2.6651158332824707,4.575370788574219,0.7099334001541138,2.366888999938965,-0.2249167412519455,0.32749366760253906,0.48681640625,0.65576171875
5137,1999,-2.7082340717315674,4.471930503845215,0.5964726209640503,2.2773237228393555,-0.730850338935852,-0.19914093613624573,0.48388671875,0.64892578125
5138,1997,-2.6920604705810547,4.57851505279541,0.5527822375297546,2.3546957969665527,-0.2209630310535431,-0.4081500768661499,0.47998046875,0.65283203125
5139,1993,-2.6651158332824707,4.575370788574219,0.7099334001541138,2.366888999938965,-0.2249167412519455,0.32749366760253906,0.48681640625,0.65576171875
5140,1998,-2.733461618423462,4.581281661987305,0.8538994789123535,2.1566359996795654,-0.20772837102413177,1.0323634147644043,0.493408203125,0.65869140625
5141,2000,-2.73750901222229,4.473886489868164,0.8093949556350708,2.1372737884521484,-0.7214938402175903,0.8194570541381836,0.493408203125,0.65283203125
5142,1993,-2.6651158332824707,4.575370788574219,0.7099334001541138,2.366888999938965,-0.2249167412519455,0.32749366760253906,0.48681640625,0.65576171875
5143,2001,-2.7270593643188477,4.428591728210449,0.7027651071548462,2.1872639656066895,-0.9381803870201111,0.3093497157096863,0.489501953125,0.64892578125
5144,1999,-2.7082340717315674,4.471930503845215,0.5964726209640503,2.2773237228393555,-0.730850338935852,-0.19914093613624573,0.48388671875,0.64892578125
5145,1993,-2.6651158332824707,4.575370788574219,0.7099334001541138,2.366888999938965,-0.2249167412519455,0.32749366760253906,0.48681640625,0.65576171875
5146,2000,-2.73750901222229,4.473886489868164,0.8093949556350708,2.1372737884521484,-0.7214938402175903,0.8194570541381836,0.493408203125,0.65283203125
5147,2001,-2.7270593643188477,4.428591728210449,0.7027651071548462,2.1872639656066895,-0.9381803870201111,0.3093497157096863,0.489501953125,0.64892578125
5148,2002,3.6059529781341553,3.8663930892944336,0.11210902035236359,-0.21303926408290863,1.9675217866897583,1.3577457666397095,0.31640625,0.95068359375
5149,2003,4.516908168792725,3.856051206588745,0.1467132866382599,-0.03151462599635124,1.9418902397155762,1.409989595413208,0.316650390625,0.9931640625
5150,2004,4.519747734069824,3.9414379596710205,0.09748440980911255,-0.004112455993890762,2.267641067504883,0.785994827747345,0.322021484375,0.9931640625
5151,2002,3.6059529781341553,3.8663930892944336,0.11210902035236359,-0.21303926408290863,1.9675217866897583,1.3577457666397095,0.31640625,0.95068359375
5152,2005,4.514315605163574,3.856051206588745,0.21496111154556274,0.07554379850625992,1.9418905973434448,-1.408316731452942,0.313232421875,0.9931640625
5153,2003,4.516908168792725,3.856051206588745,0.1467132866382599,-0.03151462599635124,1.9418902397155762,1.409989595413208,0.316650390625,0.9931640625
5154,2002,3.6059529781341553,3.8663930892944336,0.11210902035236359,-0.21303926408290863,1.9675217866897583,1.3577457666397095,0.31640625,0.95068359375
5155,2004,4.519747734069824,3.9414379596710205,0.09748440980911255,-0.004112455993890762,2.267641067504883,0.785994827747345,0.322021484375,0.9931640625
5156,2006,3.608792304992676,3.951780080795288,0.06288012862205505,-0.15899470448493958,2.267817974090576,0.7692354917526245,0.3203125,0.95166015625
5157,2004,4.519747734069824,3.9414379596710205,0.09748440980911255,-0.004112455993890762,2.267641067504883,0.785994827747345,0.322021484375,0.9931640625
5158,2007,3.6162779331207275,3.951780080795288,-0.13418260216712952,-0.08010676503181458,2.085883855819702,-1.1843452453613281,0.328125,0.951171875
5159,2006,3.608792304992676,3.951780080795288,0.06288012862205505,-0.15899470448493958,2.267817974090576,0.7692354917526245,0.3203125,0.95166015625
5160,2004,4.519747734069824,3.9414379596710205,0.09748440980911255,-0.004112455993890762,2.267641067504883,0.785994827747345,0.322021484375,0.9931640625
5161,2008,4.527233600616455,3.9414379596710205,-0.09957832098007202,0.06911317259073257,2.078326463699341,-1.198241949081421,0.332275390625,0.9931640625
5162,2007,3.6162779331207275,3.951780080795288,-0.13418260216712952,-0.08010676503181458,2.085883855819702,-1.1843452453613281,0.328125,0.951171875
5163,2007,3.6162779331207275,3.951780080795288,-0.13418260216712952,-0.08010676503181458,2.085883855819702,-1.1843452453613281,0.328125,0.951171875
5164,2008,4.527233600616455,3.9414379596710205,-0.09957832098007202,0.06911317259073257,2.078326463699341,-1.198241949081421,0.332275390625,0.9931640625
5165,2009,4.529040336608887,3.7706642150878906,-0.19818326830863953,0.0946027860045433,0.45352911949157715,-2.3548600673675537,0.342529296875,0.9931640625
5166,2007,3.6162779331207275,3.951780080795288,-0.13418260216712952,-0.08010676503181458,2.085883855819702,-1.1843452453613281,0.328125,0.951171875
5167,2009,4.529040336608887,3.7706642150878906,-0.19818326830863953,0.0946027860045433,0.45352911949157715,-2.3548600673675537,0.342529296875,0.9931640625
5168,2010,3.6180849075317383,3.7810065746307373,-0.23278753459453583,0.01366560161113739,0.09740860015153885,-2.397984266281128,0.335693359375,0.9501953125
5169,2010,3.6180849075317383,3.7810065746307373,-0.23278753459453583,0.01366560161113739,0.09740860015153885,-2.397984266281128,0.335693359375,0.9501953125
5170,2009,4.529040336608887,3.7706642150878906,-0.19818326830863953,0.0946027860045433,0.45352911949157715,-2.3548600673675537,0.342529296875,0.9931640625
5171,2011,4.523361682891846,3.5998919010162354,-0.09972546994686127,0.06514842808246613,-1.2004413604736328,-2.0771853923797607,0.3525390625,0.9931640625
5172,2010,3.6180849075317383,3.7810065746307373,-0.23278753459453583,0.01366560161113739,0.09740860015153885,-2.397984266281128,0.335693359375,0.9501953125
5173,2011,4.523361682891846,3.5998919010162354,-0.09972546994686127,0.06514842808246613,-1.2004413604736328,-2.0771853923797607,0.3525390625,0.9931640625
5174,2012,3.331724166870117,3.613420248031616,-0.14455832540988922,-0.586945652961731,-0.5288556218147278,-2.266232490539551,0.339111328125,0.93359375
5175,2013,3.361565589904785,3.8677263259887695,-0.1190815269947052,-1.3782953023910522,1.681715488433838,-1.0159411430358887,0.328369140625,0.9404296875
5176,2006,3.608792304992676,3.951780080795288,0.06288012862205505,-0.15899470448493958,2.267817974090576,0.7692354917526245,0.3203125,0.95166015625
5177,2007,3.6162779331207275,3.951780080795288,-0.13418260216712952,-0.08010676503181458,2.085883855819702,-1.1843452453613281,0.328125,0.951171875
5178,2010,3.6180849075317383,3.7810065746307373,-0.23278753459453583,0.01366560161113739,0.09740860015153885,-2.397984266281128,0.335693359375,0.9501953125
5179,2013,3.361565589904785,3.8677263259887695,-0.1190815269947052,-1.3782953023910522,1.681715488433838,-1.0159411430358887,0.328369140625,0.9404296875
5180,2007,3.6162779331207275,3.951780080795288,-0.13418260216712952,-0.08010676503181458,2.085883855819702,-1.1843452453613281,0.328125,0.951171875
5181,2012,3.331724166870117,3.613420248031616,-0.14455832540988922,-0.586945652961731,-0.5288556218147278,-2.266232490539551,0.339111328125,0.93359375
5182,2014,3.4482479095458984,3.743964910507202,-0.19396531581878662,-0.7714945673942566,0.61663818359375,-2.1873629093170166,0.33544921875,0.94189453125
5183,2010,3.6180849075317383,3.7810065746307373,-0.23278753459453583,0.01366560161113739,0.09740860015153885,-2.397984266281128,0.335693359375,0.9501953125
5184,2010,3.6180849075317383,3.7810065746307373,-0.23278753459453583,0.01366560161113739,0.09740860015153885,-2.397984266281128,0.335693359375,0.9501953125
5185,2014,3.4482479095458984,3.743964910507202,-0.19396531581878662,-0.7714945673942566,0.61663818359375,-2.1873629093170166,0.33544921875,0.94189453125
5186,2013,3.361565589904785,3.8677263259887695,-0.1190815269947052,-1.3782953023910522,1.681715488433838,-1.0159411430358887,0.328369140625,0.9404296875
5187,2014,3.4482479095458984,3.743964910507202,-0.19396531581878662,-0.7714945673942566,0.61663818359375,-2.1873629093170166,0.33544921875,0.94189453125
5188,2012,3.331724166870117,3.613420248031616,-0.14455832540988922,-0.586945652961731,-0.5288556218147278,-2.266232490539551,0.339111328125,0.93359375
5189,2015,3.252819776535034,3.6141326427459717,-0.09843567758798599,-2.075108289718628,0.8122970461845398,-0.891124427318573,0.333984375,0.9296875
5190,2014,3.4482479095458984,3.743964910507202,-0.19396531581878662,-0.7714945673942566,0.61663818359375,-2.1873629093170166,0.33544921875,0.94189453125
5191,2015,3.252819776535034,3.6141326427459717,-0.09843567758798599,-2.075108289718628,0.8122970461845398,-0.891124427318573,0.333984375,0.9296875
5192,2013,3.361565589904785,3.8677263259887695,-0.1190815269947052,-1.3782953023910522,1.681715488433838,-1.0159411430358887,0.328369140625,0.9404296875
5193,2013,3.361565589904785,3.8677263259887695,-0.1190815269947052,-1.3782953023910522,1.681715488433838,-1.0159411430358887,0.328369140625,0.9404296875
5194,2015,3.252819776535034,3.6141326427459717,-0.09843567758798599,-2.075108289718628,0.8122970461845398,-0.891124427318573,0.333984375,0.9296875
5195,2016,3.249093532562256,3.6141326427459717,-0.00033727847039699554,-2.1922407150268555,0.8724237084388733,0.439273476600647,0.32666015625,0.92822265625
5196,2013,3.361565589904785,3.8677263259887695,-0.1190815269947052,-1.3782953023910522,1.681715488433838,-1.0159411430358887,0.328369140625,0.9404296875
5197,2017,3.35595965385437,3.8677263259887695,0.02849903143942356,-1.472843885421753,1.8044331073760986,0.5785800218582153,0.32177734375,0.939453125
5198,2006,3.608792304992676,3.951780080795288,0.06288012862205505,-0.15899470448493958,2.267817974090576,0.7692354917526245,0.3203125,0.95166015625
5199,2013,3.361565589904785,3.8677263259887695,-0.1190815269947052,-1.3782953023910522,1.681715488433838,-1.0159411430358887,0.328369140625,0.9404296875
5200,2016,3.249093532562256,3.6141326427459717,-0.00033727847039699554,-2.1922407150268555,0.8724237084388733,0.439273476600647,0.32666015625,0.92822265625
5201,2017,3.35595965385437,3.8677263259887695,0.02849903143942356,-1.472843885421753,1.8044331073760986,0.5785800218582153,0.32177734375,0.939453125
5202,2017,3.35595965385437,3.8677263259887695,0.02849903143942356,-1.472843885421753,1.8044331073760986,0.5785800218582153,0.32177734375,0.939453125
5203,2002,3.6059529781341553,3.8663930892944336,0.11210902035236359,-0.21303926408290863,1.9675217866897583,1.3577457666397095,0.31640625,0.95068359375
5204,2006,3.608792304992676,3.951780080795288,0.06288012862205505,-0.15899470448493958,2.267817974090576,0.7692354917526245,0.3203125,0.95166015625
5205,2016,3.249093532562256,3.6141326427459717,-0.00033727847039699554,-2.1922407150268555,0.8724237084388733,0.439273476600647,0.32666015625,0.92822265625
5206,2018,3.3963358402252197,3.8058459758758545,0.06912104785442352,-1.6290532350540161,1.4917758703231812,0.9385057687759399,0.318359375,0.9384765625
5207,2017,3.35595965385437,3.8677263259887695,0.02849903143942356,-1.472843885421753,1.8044331073760986,0.5785800218582153,0.32177734375,0.939453125
5208,2017,3.35595965385437,3.8677263259887695,0.02849903143942356,-1.472843885421753,1.8044331073760986,0.5785800218582153,0.32177734375,0.939453125
5209,2018,3.3963358402252197,3.8058459758758545,0.06912104785442352,-1.6290532350540161,1.4917758703231812,0.9385057687759399,0.318359375,0.9384765625
5210,2002,3.6059529781341553,3.8663930892944336,0.11210902035236359,-0.21303926408290863,1.9675217866897583,1.3577457666397095,0.31640625,0.95068359375
5211,2016,3.249093532562256,3.6141326427459717,-0.00033727847039699554,-2.1922407150268555,0.8724237084388733,0.439273476600647,0.32666015625,0.92822265625
5212,2019,3.286681890487671,3.613776206970215,0.02565057761967182,-2.0505588054656982,1.007249355316162,0.7352963089942932,0.3232421875,0.9287109375
5213,2018,3.3963358402252197,3.8058459758758545,0.06912104785442352,-1.6290532350540161,1.4917758703231812,0.9385057687759399,0.318359375,0.9384765625
5214,2018,3.3963358402252197,3.8058459758758545,0.06912104785442352,-1.6290532350540161,1.4917758703231812,0.9385057687759399,0.318359375,0.9384765625
5215,2020,3.603360414505005,3.8663930892944336,0.18035684525966644,-0.10942161083221436,1.967522144317627,-1.3699944019317627,0.313720703125,0.951171875
5216,2002,3.6059529781341553,3.8663930892944336,0.11210902035236359,-0.21303926408290863,1.9675217866897583,1.3577457666397095,0.31640625,0.95068359375
5217,2002,3.6059529781341553,3.8663930892944336,0.11210902035236359,-0.21303926408290863,1.9675217866897583,1.3577457666397095,0.31640625,0.95068359375
5218,2020,3.603360414505005,3.8663930892944336,0.18035684525966644,-0.10942161083221436,1.967522144317627,-1.3699944019317627,0.313720703125,0.951171875
5219,2005,4.514315605163574,3.856051206588745,0.21496111154556274,0.07554379850625992,1.9418905973434448,-1.408316731452942,0.313232421875,0.9931640625
5220,2019,3.286681890487671,3.613776206970215,0.02565057761967182,-2.0505588054656982,1.007249355316162,0.7352963089942932,0.3232421875,0.9287109375
5221,2021,3.3910861015319824,3.8058459758758545,0.2073184996843338,-1.5531599521636963,1.4917759895324707,-1.0593873262405396,0.3115234375,0.93896484375
5222,2018,3.3963358402252197,3.8058459758758545,0.06912104785442352,-1.6290532350540161,1.4917758703231812,0.9385057687759399,0.318359375,0.9384765625
5223,2018,3.3963358402252197,3.8058459758758545,0.06912104785442352,-1.6290532350540161,1.4917758703231812,0.9385057687759399,0.318359375,0.9384765625
5224,2021,3.3910861015319824,3.8058459758758545,0.2073184996843338,-1.5531599521636963,1.4917759895324707,-1.0593873262405396,0.3115234375,0.93896484375
5225,2020,3.603360414505005,3.8663930892944336,0.18035684525966644,-0.10942161083221436,1.967522144317627,-1.3699944019317627,0.313720703125,0.951171875
5226,2019,3.286681890487671,3.613776206970215,0.02565057761967182,-2.0505588054656982,1.007249355316162,0.7352963089942932,0.3232421875,0.9287109375
5227,2022,3.2784504890441895,3.613776206970215,0.2423449009656906,-1.988866925239563,1.0072497129440308,-0.8887407183647156,0.306884765625,0.92822265625
5228,2021,3.3910861015319824,3.8058459758758545,0.2073184996843338,-1.5531599521636963,1.4917759895324707,-1.0593873262405396,0.3115234375,0.93896484375
5229,2021,3.3910861015319824,3.8058459758758545,0.2073184996843338,-1.5531599521636963,1.4917759895324707,-1.0593873262405396,0.3115234375,0.93896484375
5230,2022,3.2784504890441895,3.613776206970215,0.2423449009656906,-1.988866925239563,1.0072497129440308,-0.8887407183647156,0.306884765625,0.92822265625
5231,2023,3.2389986515045166,3.6141326427459717,0.2654062509536743,-2.1525981426239014,0.8724230527877808,-0.6043193340301514,0.303466796875,0.927734375
5232,2021,3.3910861015319824,3.8058459758758545,0.2073184996843338,-1.5531599521636963,1.4917759895324707,-1.0593873262405396,0.3115234375,0.93896484375
5233,2023,3.2389986515045166,3.6141326427459717,0.2654062509536743,-2.1525981426239014,0.8724230527877808,-0.6043193340301514,0.303466796875,0.927734375
5234,2024,3.3477444648742676,3.8677263259887695,0.24476037919521332,-1.4247050285339355,1.8044337034225464,-0.688648521900177,0.30810546875,0.93994140625
5235,2020,3.603360414505005,3.8663930892944336,0.18035684525966644,-0.10942161083221436,1.967522144317627,-1.3699944019317627,0.313720703125,0.951171875
5236,2021,3.3910861015319824,3.8058459758758545,0.2073184996843338,-1.5531599521636963,1.4917759895324707,-1.0593873262405396,0.3115234375,0.93896484375
5237,2024,3.3477444648742676,3.8677263259887695,0.24476037919521332,-1.4247050285339355,1.8044337034225464,-0.688648521900177,0.30810546875,0.93994140625
5238,2024,3.3477444648742676,3.8677263259887695,0.24476037919521332,-1.4247050285339355,1.8044337034225464,-0.688648521900177,0.30810546875,0.93994140625
5239,2023,3.2389986515045166,3.6141326427459717,0.2654062509536743,-2.1525981426239014,0.8724230527877808,-0.6043193340301514,0.303466796875,0.927734375
5240,2025,3.235272169113159,3.6141326427459717,0.36350464820861816,-2.136732816696167,0.8122965693473816,0.73112952709198,0.296142578125,0.9296875
5241,2026,3.60245680809021,3.951780080795288,0.229659304022789,-0.10017859935760498,2.2678182125091553,-0.7790805697441101,0.309814453125,0.95166015625
5242,2005,4.514315605163574,3.856051206588745,0.21496111154556274,0.07554379850625992,1.9418905973434448,-1.408316731452942,0.313232421875,0.9931640625
5243,2020,3.603360414505005,3.8663930892944336,0.18035684525966644,-0.10942161083221436,1.967522144317627,-1.3699944019317627,0.313720703125,0.951171875
5244,2020,3.603360414505005,3.8663930892944336,0.18035684525966644,-0.10942161083221436,1.967522144317627,-1.3699944019317627,0.313720703125,0.951171875
5245,2024,3.3477444648742676,3.8677263259887695,0.24476037919521332,-1.4247050285339355,1.8044337034225464,-0.688648521900177,0.30810546875,0.93994140625
5246,2026,3.60245680809021,3.951780080795288,0.229659304022789,-0.10017859935760498,2.2678182125091553,-0.7790805697441101,0.309814453125,0.95166015625
5247,2026,3.60245680809021,3.951780080795288,0.229659304022789,-0.10017859935760498,2.2678182125091553,-0.7790805697441101,0.309814453125,0.95166015625
5248,2027,4.5134124755859375,3.9414379596710205,0.2642636001110077,0.0555281862616539,2.267641067504883,-0.7840414047241211,0.30810546875,0.9931640625
5249,2005,4.514315605163574,3.856051206588745,0.21496111154556274,0.07554379850625992,1.9418905973434448,-1.408316731452942,0.313232421875,0.9931640625
5250,2028,3.594970941543579,3.951780080795288,0.42672204971313477,-0.16972461342811584,2.085883855819702,1.17485511302948,0.3017578125,0.95166015625
5251,2027,4.5134124755859375,3.9414379596710205,0.2642636001110077,0.0555281862616539,2.267641067504883,-0.7840414047241211,0.30810546875,0.9931640625
5252,2026,3.60245680809021,3.951780080795288,0.229659304022789,-0.10017859935760498,2.2678182125091553,-0.7790805697441101,0.309814453125,0.95166015625
5253,2024,3.3477444648742676,3.8677263259887695,0.24476037919521332,-1.4247050285339355,1.8044337034225464,-0.688648521900177,0.30810546875,0.93994140625
5254,2028,3.594970941543579,3.951780080795288,0.42672204971313477,-0.16972461342811584,2.085883855819702,1.17485511302948,0.3017578125,0.95166015625
5255,2026,3.60245680809021,3.951780080795288,0.229659304022789,-0.10017859935760498,2.2678182125091553,-0.7790805697441101,0.309814453125,0.95166015625
5256,2028,3.594970941543579,3.951780080795288,0.42672204971313477,-0.16972461342811584,2.085883855819702,1.17485511302948,0.3017578125,0.95166015625
5257,2029,4.505926609039307,3.9414379596710205,0.46132636070251465,-0.02198955975472927,2.078326463699341,1.2000319957733154,0.2978515625,0.9931640625
5258,2027,4.5134124755859375,3.9414379596710205,0.2642636001110077,0.0555281862616539,2.267641067504883,-0.7840414047241211,0.30810546875,0.9931640625
5259,2024,3.3477444648742676,3.8677263259887695,0.24476037919521332,-1.4247050285339355,1.8044337034225464,-0.688648521900177,0.30810546875,0.93994140625
5260,2025,3.235272169113159,3.6141326427459717,0.36350464820861816,-2.136732816696167,0.8122965693473816,0.73112952709198,0.296142578125,0.9296875
5261,2030,3.3421382904052734,3.8677263259887695,0.3923409581184387,-1.4513955116271973,1.6817165613174438,0.908450722694397,0.3017578125,0.9404296875
5262,2024,3.3477444648742676,3.8677263259887695,0.24476037919521332,-1.4247050285339355,1.8044337034225464,-0.688648521900177,0.30810546875,0.93994140625
5263,2030,3.3421382904052734,3.8677263259887695,0.3923409581184387,-1.4513955116271973,1.6817165613174438,0.908450722694397,0.3017578125,0.9404296875
5264,2028,3.594970941543579,3.951780080795288,0.42672204971313477,-0.16972461342811584,2.085883855819702,1.17485511302948,0.3017578125,0.95166015625
5265,2025,3.235272169113159,3.6141326427459717,0.36350464820861816,-2.136732816696167,0.8122965693473816,0.73112952709198,0.296142578125,0.9296875
5266,2031,3.4228899478912354,3.743964910507202,0.47358494997024536,-0.9352126121520996,0.6166378855705261,2.1225314140319824,0.29443359375,0.94140625
5267,2030,3.3421382904052734,3.8677263259887695,0.3923409581184387,-1.4513955116271973,1.6817165613174438,0.908450722694397,0.3017578125,0.9404296875
5268,2028,3.594970941543579,3.951780080795288,0.42672204971313477,-0.16972461342811584,2.085883855819702,1.17485511302948,0.3017578125,0.95166015625
5269,2030,3.3421382904052734,3.8677263259887695,0.3923409581184387,-1.4513955116271973,1.6817165613174438,0.908450722694397,0.3017578125,0.9404296875
5270,2031,3.4228899478912354,3.743964910507202,0.47358494997024536,-0.9352126121520996,0.6166378855705261,2.1225314140319824,0.29443359375,0.94140625
5271,2025,3.235272169113159,3.6141326427459717,0.36350464820861816,-2.136732816696167,0.8122965693473816,0.73112952709198,0.296142578125,0.9296875
5272,2032,3.3104500770568848,3.613420248031616,0.4154803454875946,-0.7571790814399719,-0.5288566946983337,2.2151734828948975,0.291015625,0.93359375
5273,2031,3.4228899478912354,3.743964910507202,0.47358494997024536,-0.9352126121520996,0.6166378855705261,2.1225314140319824,0.29443359375,0.94140625
5274,2033,3.589292287826538,3.7810065746307373,0.5251798033714294,-0.16829511523246765,0.09740756452083588,2.392110586166382,0.29443359375,0.9501953125
5275,2029,4.505926609039307,3.9414379596710205,0.46132636070251465,-0.02198955975472927,2.078326463699341,1.2000319957733154,0.2978515625,0.9931640625
5276,2028,3.594970941543579,3.951780080795288,0.42672204971313477,-0.16972461342811584,2.085883855819702,1.17485511302948,0.3017578125,0.95166015625
5277,2028,3.594970941543579,3.951780080795288,0.42672204971313477,-0.16972461342811584,2.085883855819702,1.17485511302948,0.3017578125,0.95166015625
5278,2031,3.4228899478912354,3.743964910507202,0.47358494997024536,-0.9352126121520996,0.6166378855705261,2.1225314140319824,0.29443359375,0.94140625
5279,2033,3.589292287826538,3.7810065746307373,0.5251798033714294,-0.16829511523246765,0.09740756452083588,2.392110586166382,0.29443359375,0.9501953125
5280,2033,3.589292287826538,3.7810065746307373,0.5251798033714294,-0.16829511523246765,0.09740756452083588,2.392110586166382,0.29443359375,0.9501953125
5281,2031,3.4228899478912354,3.743964910507202,0.47358494997024536,-0.9352126121520996,0.6166378855705261,2.1225314140319824,0.29443359375,0.94140625
5282,2032,3.3104500770568848,3.613420248031616,0.4154803454875946,-0.7571790814399719,-0.5288566946983337,2.2151734828948975,0.291015625,0.93359375
5283,2033,3.589292287826538,3.7810065746307373,0.5251798033714294,-0.16829511523246765,0.09740756452083588,2.392110586166382,0.29443359375,0.9501953125
5284,2034,4.500247478485107,3.7706642150878906,0.5597841143608093,-0.08431921899318695,0.45352819561958313,2.355250835418701,0.287353515625,0.9931640625
5285,2029,4.505926609039307,3.9414379596710205,0.46132636070251465,-0.02198955975472927,2.078326463699341,1.2000319957733154,0.2978515625,0.9931640625
5286,2032,3.3104500770568848,3.613420248031616,0.4154803454875946,-0.7571790814399719,-0.5288566946983337,2.2151734828948975,0.291015625,0.93359375
5287,2035,4.502054691314697,3.5998919010162354,0.4611792266368866,-0.092623271048069,-1.200441837310791,2.076141357421875,0.277099609375,0.9931640625
5288,2033,3.589292287826538,3.7810065746307373,0.5251798033714294,-0.16829511523246765,0.09740756452083588,2.392110586166382,0.29443359375,0.9501953125
5289,2035,4.502054691314697,3.5998919010162354,0.4611792266368866,-0.092623271048069,-1.200441837310791,2.076141357421875,0.277099609375,0.9931640625
5290,2034,4.500247478485107,3.7706642150878906,0.5597841143608093,-0.08431921899318695,0.45352819561958313,2.355250835418701,0.287353515625,0.9931640625
5291,2033,3.589292287826538,3.7810065746307373,0.5251798033714294,-0.16829511523246765,0.09740756452083588,2.392110586166382,0.29443359375,0.9501953125
