VTX,IDX,in_POSITION0.x,in_POSITION0.y,in_POSITION0.z,in_NORMAL0.x,in_NORMAL0.y,in_NORMAL0.z,in_NORMAL0.w,in_TEXCOORD0.x,in_TEXCOORD0.y
0,0,-2.0146324634552,2.469334363937378,-0.036419209092855453,0.9892578125,0.11541748046875,0.092041015625,0.0,0.49853515625,0.9140625
1,1,-2.0059444904327393,2.511765956878662,-0.18301020562648773,0.9892578125,0.11541748046875,0.092041015625,0.0,0.4853515625,0.91064453125
2,2,-2.018338680267334,2.493328332901001,-0.026678623631596565,0.9892578125,0.11541748046875,0.092041015625,0.0,0.498046875,0.916015625
3,3,2.0291264057159424,1.6787054538726807,-0.10905010253190994,-0.9736328125,-0.156005859375,0.16552734375,0.0,0.443603515625,0.393798828125
4,4,2.063213348388672,1.580188274383545,-0.001408214564435184,-0.9736328125,-0.156005859375,0.16552734375,0.0,0.446533203125,0.381103515625
5,5,2.0637691020965576,1.5957528352737427,0.016531595960259438,-0.9736328125,-0.156005859375,0.16552734375,0.0,0.444580078125,0.38037109375
6,6,2.0291264057159424,1.6787054538726807,-0.10905010253190994,0.291259765625,0.8330078125,0.469970703125,0.0,0.443603515625,0.393798828125
7,7,2.0637691020965576,1.5957528352737427,0.016531595960259438,0.291259765625,0.8330078125,0.469970703125,0.0,0.444580078125,0.38037109375
8,8,2.087779998779297,1.5930907726287842,0.006367464084178209,0.291259765625,0.8330078125,0.469970703125,0.0,0.4423828125,0.38037109375
9,9,2.0832347869873047,1.5763320922851562,-0.013198218308389187,0.9228515625,0.1593017578125,-0.350830078125,0.0,0.440185546875,0.38134765625
10,10,2.0291264057159424,1.6787054538726807,-0.10905010253190994,0.9228515625,0.1593017578125,-0.350830078125,0.0,0.443603515625,0.393798828125
11,11,2.087779998779297,1.5930907726287842,0.006367464084178209,0.9228515625,0.1593017578125,-0.350830078125,0.0,0.4423828125,0.38037109375
12,12,0.9845333099365234,1.6305673122406006,-0.10905010253190994,-0.9736328125,-0.156005859375,0.16552734375,0.0,0.44384765625,0.410888671875
13,13,1.018620252609253,1.5320501327514648,-0.001408214564435184,-0.9736328125,-0.156005859375,0.16552734375,0.0,0.446533203125,0.398193359375
14,14,1.0191761255264282,1.5476146936416626,0.016531595960259438,-0.9736328125,-0.156005859375,0.16552734375,0.0,0.444580078125,0.3974609375
15,15,0.9845333099365234,1.6305673122406006,-0.10905010253190994,0.291259765625,0.8330078125,0.469970703125,0.0,0.44384765625,0.410888671875
16,16,1.0191761255264282,1.5476146936416626,0.016531595960259438,0.291259765625,0.8330078125,0.469970703125,0.0,0.444580078125,0.3974609375
17,17,1.0431870222091675,1.544952630996704,0.006367464084178209,0.291259765625,0.8330078125,0.469970703125,0.0,0.4423828125,0.3974609375
18,18,1.0386416912078857,1.5281939506530762,-0.013198218308389187,0.9228515625,0.1593017578125,-0.350830078125,0.0,0.440185546875,0.3984375
19,19,0.9845333099365234,1.6305673122406006,-0.10905010253190994,0.9228515625,0.1593017578125,-0.350830078125,0.0,0.44384765625,0.410888671875
20,20,1.0431870222091675,1.544952630996704,0.006367464084178209,0.9228515625,0.1593017578125,-0.350830078125,0.0,0.4423828125,0.3974609375
21,21,2.5818254947662354,0.8183829188346863,0.07039310038089752,0.002597808837890625,0.0018367767333984375,1.0,0.0,0.55419921875,0.66015625
22,22,2.5810048580169678,2.253060817718506,0.06775736808776855,0.002597808837890625,0.0018367767333984375,1.0,0.0,0.41650390625,0.66015625
23,23,0.5474145412445068,2.25296950340271,0.07304321229457855,0.002597808837890625,0.0018367767333984375,1.0,0.0,0.41650390625,0.85107421875
24,21,2.5818254947662354,0.8183829188346863,0.07039310038089752,0.002597808837890625,0.0018367767333984375,1.0,0.0,0.55419921875,0.66015625
25,23,0.5474145412445068,2.25296950340271,0.07304321229457855,0.002597808837890625,0.0018367767333984375,1.0,0.0,0.41650390625,0.85107421875
26,24,0.5472975969314575,0.8179810643196106,0.0756777822971344,0.002597808837890625,0.0018367767333984375,1.0,0.0,0.55419921875,0.85107421875
27,25,2.8101375102996826,0.6091037392616272,0.11340025812387466,0.0,0.0,1.0,0.0,0.166259765625,0.87548828125
28,26,2.331798553466797,2.8114497661590576,0.11340025812387466,0.0,0.0,1.0,0.0,0.166259765625,0.66064453125
29,27,1.4041558504104614,2.609971046447754,0.11340025812387466,0.0,0.0,1.0,0.0,0.0743408203125,0.66064453125
30,25,2.8101375102996826,0.6091037392616272,0.11340025812387466,0.0,0.0,1.0,0.0,0.166259765625,0.87548828125
31,27,1.4041558504104614,2.609971046447754,0.11340025812387466,0.0,0.0,1.0,0.0,0.0743408203125,0.66064453125
32,28,1.882494330406189,0.4076254069805145,0.11340025812387466,0.0,0.0,1.0,0.0,0.0743408203125,0.87548828125
33,29,2.8950276374816895,0.8303788304328918,-0.07784608006477356,-0.70703125,0.0,-0.70703125,0.0,0.26708984375,0.29541015625
34,30,2.9623098373413086,3.9800825119018555,-0.10571524500846863,0.0,0.0,-1.0,0.0,0.26025390625,0.0035800933837890625
35,31,2.9623098373413086,0.8303788304328918,-0.10571524500846863,0.0,0.0,-1.0,0.0,0.26025390625,0.29541015625
36,29,2.8950276374816895,0.8303788304328918,-0.07784608006477356,-0.70703125,0.0,-0.70703125,0.0,0.26708984375,0.29541015625
37,32,2.8950276374816895,3.9800825119018555,-0.07784608006477356,-0.70703125,0.0,-0.70703125,0.0,0.26708984375,0.0035800933837890625
38,30,2.9623098373413086,3.9800825119018555,-0.10571524500846863,0.0,0.0,-1.0,0.0,0.26025390625,0.0035800933837890625
39,33,2.8671584129333496,0.8303788304328918,-0.010563964955508709,-1.0,0.0,0.0,0.0,0.274169921875,0.29541015625
40,32,2.8950276374816895,3.9800825119018555,-0.07784608006477356,-0.70703125,0.0,-0.70703125,0.0,0.26708984375,0.0035800933837890625
41,29,2.8950276374816895,0.8303788304328918,-0.07784608006477356,-0.70703125,0.0,-0.70703125,0.0,0.26708984375,0.29541015625
42,33,2.8671584129333496,0.8303788304328918,-0.010563964955508709,-1.0,0.0,0.0,0.0,0.274169921875,0.29541015625
43,34,2.8671584129333496,3.9800825119018555,-0.010563964955508709,-1.0,0.0,0.0,0.0,0.274169921875,0.0035800933837890625
44,32,2.8950276374816895,3.9800825119018555,-0.07784608006477356,-0.70703125,0.0,-0.70703125,0.0,0.26708984375,0.0035800933837890625
45,35,2.8950276374816895,0.8303788304328918,0.05671815201640129,-0.70703125,0.0,0.70703125,0.0,0.28125,0.29541015625
46,34,2.8671584129333496,3.9800825119018555,-0.010563964955508709,-1.0,0.0,0.0,0.0,0.274169921875,0.0035800933837890625
47,33,2.8671584129333496,0.8303788304328918,-0.010563964955508709,-1.0,0.0,0.0,0.0,0.274169921875,0.29541015625
48,35,2.8950276374816895,0.8303788304328918,0.05671815201640129,-0.70703125,0.0,0.70703125,0.0,0.28125,0.29541015625
49,36,2.8950276374816895,3.9800825119018555,0.05671815201640129,-0.70703125,0.0,0.70703125,0.0,0.28125,0.0035800933837890625
50,34,2.8671584129333496,3.9800825119018555,-0.010563964955508709,-1.0,0.0,0.0,0.0,0.274169921875,0.0035800933837890625
51,37,2.9623098373413086,0.8303788304328918,0.08458731323480606,0.0,0.0,1.0,0.0,0.2880859375,0.29541015625
52,36,2.8950276374816895,3.9800825119018555,0.05671815201640129,-0.70703125,0.0,0.70703125,0.0,0.28125,0.0035800933837890625
53,35,2.8950276374816895,0.8303788304328918,0.05671815201640129,-0.70703125,0.0,0.70703125,0.0,0.28125,0.29541015625
54,37,2.9623098373413086,0.8303788304328918,0.08458731323480606,0.0,0.0,1.0,0.0,0.2880859375,0.29541015625
55,38,2.9623098373413086,3.9800825119018555,0.08458731323480606,0.0,0.0,1.0,0.0,0.2880859375,0.0035800933837890625
56,36,2.8950276374816895,3.9800825119018555,0.05671815201640129,-0.70703125,0.0,0.70703125,0.0,0.28125,0.0035800933837890625
57,39,3.0295917987823486,0.8303788304328918,0.05671814829111099,0.70703125,0.0,0.70703125,0.0,0.295166015625,0.29541015625
58,38,2.9623098373413086,3.9800825119018555,0.08458731323480606,0.0,0.0,1.0,0.0,0.2880859375,0.0035800933837890625
59,37,2.9623098373413086,0.8303788304328918,0.08458731323480606,0.0,0.0,1.0,0.0,0.2880859375,0.29541015625
60,39,3.0295917987823486,0.8303788304328918,0.05671814829111099,0.70703125,0.0,0.70703125,0.0,0.295166015625,0.29541015625
61,40,3.0295917987823486,3.9800825119018555,0.05671814829111099,0.70703125,0.0,0.70703125,0.0,0.295166015625,0.0035800933837890625
62,38,2.9623098373413086,3.9800825119018555,0.08458731323480606,0.0,0.0,1.0,0.0,0.2880859375,0.0035800933837890625
63,41,3.0574612617492676,0.8303788304328918,-0.010563964955508709,1.0,0.0,0.0,0.0,0.302001953125,0.29541015625
64,40,3.0295917987823486,3.9800825119018555,0.05671814829111099,0.70703125,0.0,0.70703125,0.0,0.295166015625,0.0035800933837890625
65,39,3.0295917987823486,0.8303788304328918,0.05671814829111099,0.70703125,0.0,0.70703125,0.0,0.295166015625,0.29541015625
66,41,3.0574612617492676,0.8303788304328918,-0.010563964955508709,1.0,0.0,0.0,0.0,0.302001953125,0.29541015625
67,42,3.0574612617492676,3.9800825119018555,-0.010563964955508709,1.0,0.0,0.0,0.0,0.302001953125,0.0035800933837890625
68,40,3.0295917987823486,3.9800825119018555,0.05671814829111099,0.70703125,0.0,0.70703125,0.0,0.295166015625,0.0035800933837890625
69,43,3.0295917987823486,0.8303788304328918,-0.07784608006477356,0.70703125,0.0,-0.70703125,0.0,0.30908203125,0.29541015625
70,42,3.0574612617492676,3.9800825119018555,-0.010563964955508709,1.0,0.0,0.0,0.0,0.302001953125,0.0035800933837890625
71,41,3.0574612617492676,0.8303788304328918,-0.010563964955508709,1.0,0.0,0.0,0.0,0.302001953125,0.29541015625
72,43,3.0295917987823486,0.8303788304328918,-0.07784608006477356,0.70703125,0.0,-0.70703125,0.0,0.30908203125,0.29541015625
73,44,3.0295917987823486,3.9800825119018555,-0.07784608006477356,0.70703125,0.0,-0.70703125,0.0,0.30908203125,0.0035800933837890625
74,42,3.0574612617492676,3.9800825119018555,-0.010563964955508709,1.0,0.0,0.0,0.0,0.302001953125,0.0035800933837890625
75,45,2.9623098373413086,0.8303788304328918,-0.10571524500846863,0.0,0.0,-1.0,0.0,0.316162109375,0.29541015625
76,44,3.0295917987823486,3.9800825119018555,-0.07784608006477356,0.70703125,0.0,-0.70703125,0.0,0.30908203125,0.0035800933837890625
77,43,3.0295917987823486,0.8303788304328918,-0.07784608006477356,0.70703125,0.0,-0.70703125,0.0,0.30908203125,0.29541015625
78,45,2.9623098373413086,0.8303788304328918,-0.10571524500846863,0.0,0.0,-1.0,0.0,0.316162109375,0.29541015625
79,46,2.9623098373413086,3.9800825119018555,-0.10571524500846863,0.0,0.0,-1.0,0.0,0.316162109375,0.0035800933837890625
80,44,3.0295917987823486,3.9800825119018555,-0.07784608006477356,0.70703125,0.0,-0.70703125,0.0,0.30908203125,0.0035800933837890625
81,47,3.0295917987823486,3.9800825119018555,0.05671814829111099,0.0,1.0,0.0,0.0,0.2498779296875,0.42138671875
82,48,3.0574612617492676,3.9800825119018555,-0.010563964955508709,0.0,1.0,0.0,0.0,0.2459716796875,0.41748046875
83,49,3.0295917987823486,3.9800825119018555,-0.07784608006477356,0.0,1.0,0.0,0.0,0.2403564453125,0.41748046875
84,50,2.9623098373413086,3.9800825119018555,-0.10571524500846863,0.0,1.0,0.0,0.0,0.236328125,0.42138671875
85,47,3.0295917987823486,3.9800825119018555,0.05671814829111099,0.0,1.0,0.0,0.0,0.2498779296875,0.42138671875
86,49,3.0295917987823486,3.9800825119018555,-0.07784608006477356,0.0,1.0,0.0,0.0,0.2403564453125,0.41748046875
87,50,2.9623098373413086,3.9800825119018555,-0.10571524500846863,0.0,1.0,0.0,0.0,0.236328125,0.42138671875
88,51,2.9623098373413086,3.9800825119018555,0.08458731323480606,0.0,1.0,0.0,0.0,0.2498779296875,0.427001953125
89,47,3.0295917987823486,3.9800825119018555,0.05671814829111099,0.0,1.0,0.0,0.0,0.2498779296875,0.42138671875
90,50,2.9623098373413086,3.9800825119018555,-0.10571524500846863,0.0,1.0,0.0,0.0,0.236328125,0.42138671875
91,52,2.8950276374816895,3.9800825119018555,0.05671815201640129,0.0,1.0,0.0,0.0,0.2459716796875,0.430908203125
92,51,2.9623098373413086,3.9800825119018555,0.08458731323480606,0.0,1.0,0.0,0.0,0.2498779296875,0.427001953125
93,50,2.9623098373413086,3.9800825119018555,-0.10571524500846863,0.0,1.0,0.0,0.0,0.236328125,0.42138671875
94,53,2.8950276374816895,3.9800825119018555,-0.07784608006477356,0.0,1.0,0.0,0.0,0.236328125,0.427001953125
95,52,2.8950276374816895,3.9800825119018555,0.05671815201640129,0.0,1.0,0.0,0.0,0.2459716796875,0.430908203125
96,53,2.8950276374816895,3.9800825119018555,-0.07784608006477356,0.0,1.0,0.0,0.0,0.236328125,0.427001953125
97,54,2.8671584129333496,3.9800825119018555,-0.010563964955508709,0.0,1.0,0.0,0.0,0.2403564453125,0.430908203125
98,52,2.8950276374816895,3.9800825119018555,0.05671815201640129,0.0,1.0,0.0,0.0,0.2459716796875,0.430908203125
99,55,-0.1478811651468277,0.8303788304328918,-0.07784608006477356,-0.70703125,0.0,-0.70703125,0.0,0.329345703125,0.29541015625
100,56,-0.08059905469417572,3.9800825119018555,-0.10571524500846863,0.0,0.0,-1.0,0.0,0.322265625,0.0035800933837890625
101,57,-0.08059905469417572,0.8303788304328918,-0.10571524500846863,0.0,0.0,-1.0,0.0,0.322265625,0.29541015625
102,55,-0.1478811651468277,0.8303788304328918,-0.07784608006477356,-0.70703125,0.0,-0.70703125,0.0,0.329345703125,0.29541015625
103,58,-0.1478811651468277,3.9800825119018555,-0.07784608006477356,-0.70703125,0.0,-0.70703125,0.0,0.329345703125,0.0035800933837890625
104,56,-0.08059905469417572,3.9800825119018555,-0.10571524500846863,0.0,0.0,-1.0,0.0,0.322265625,0.0035800933837890625
105,59,-0.17575034499168396,0.8303788304328918,-0.010563964955508709,-1.0,0.0,0.0,0.0,0.336181640625,0.29541015625
106,58,-0.1478811651468277,3.9800825119018555,-0.07784608006477356,-0.70703125,0.0,-0.70703125,0.0,0.329345703125,0.0035800933837890625
107,55,-0.1478811651468277,0.8303788304328918,-0.07784608006477356,-0.70703125,0.0,-0.70703125,0.0,0.329345703125,0.29541015625
108,59,-0.17575034499168396,0.8303788304328918,-0.010563964955508709,-1.0,0.0,0.0,0.0,0.336181640625,0.29541015625
109,60,-0.17575034499168396,3.9800825119018555,-0.010563964955508709,-1.0,0.0,0.0,0.0,0.336181640625,0.0035800933837890625
110,58,-0.1478811651468277,3.9800825119018555,-0.07784608006477356,-0.70703125,0.0,-0.70703125,0.0,0.329345703125,0.0035800933837890625
111,61,-0.1478811800479889,0.8303788304328918,0.05671815201640129,-0.70703125,0.0,0.70703125,0.0,0.34326171875,0.29541015625
112,60,-0.17575034499168396,3.9800825119018555,-0.010563964955508709,-1.0,0.0,0.0,0.0,0.336181640625,0.0035800933837890625
113,59,-0.17575034499168396,0.8303788304328918,-0.010563964955508709,-1.0,0.0,0.0,0.0,0.336181640625,0.29541015625
114,61,-0.1478811800479889,0.8303788304328918,0.05671815201640129,-0.70703125,0.0,0.70703125,0.0,0.34326171875,0.29541015625
115,62,-0.1478811800479889,3.9800825119018555,0.05671815201640129,-0.70703125,0.0,0.70703125,0.0,0.34326171875,0.0035800933837890625
116,60,-0.17575034499168396,3.9800825119018555,-0.010563964955508709,-1.0,0.0,0.0,0.0,0.336181640625,0.0035800933837890625
117,63,-0.08059905469417572,0.8303788304328918,0.08458731323480606,0.0,0.0,1.0,0.0,0.350341796875,0.29541015625
118,62,-0.1478811800479889,3.9800825119018555,0.05671815201640129,-0.70703125,0.0,0.70703125,0.0,0.34326171875,0.0035800933837890625
119,61,-0.1478811800479889,0.8303788304328918,0.05671815201640129,-0.70703125,0.0,0.70703125,0.0,0.34326171875,0.29541015625
120,63,-0.08059905469417572,0.8303788304328918,0.08458731323480606,0.0,0.0,1.0,0.0,0.350341796875,0.29541015625
121,64,-0.08059905469417572,3.9800825119018555,0.08458731323480606,0.0,0.0,1.0,0.0,0.350341796875,0.0035800933837890625
122,62,-0.1478811800479889,3.9800825119018555,0.05671815201640129,-0.70703125,0.0,0.70703125,0.0,0.34326171875,0.0035800933837890625
123,65,-0.013316944241523743,0.8303788304328918,0.05671814829111099,0.70703125,0.0,0.70703125,0.0,0.357177734375,0.29541015625
124,64,-0.08059905469417572,3.9800825119018555,0.08458731323480606,0.0,0.0,1.0,0.0,0.350341796875,0.0035800933837890625
125,63,-0.08059905469417572,0.8303788304328918,0.08458731323480606,0.0,0.0,1.0,0.0,0.350341796875,0.29541015625
126,65,-0.013316944241523743,0.8303788304328918,0.05671814829111099,0.70703125,0.0,0.70703125,0.0,0.357177734375,0.29541015625
127,66,-0.013316944241523743,3.9800825119018555,0.05671814829111099,0.70703125,0.0,0.70703125,0.0,0.357177734375,0.0035800933837890625
128,64,-0.08059905469417572,3.9800825119018555,0.08458731323480606,0.0,0.0,1.0,0.0,0.350341796875,0.0035800933837890625
129,67,0.014552218839526176,0.8303788304328918,-0.010563964955508709,1.0,0.0,0.0,0.0,0.3642578125,0.29541015625
130,66,-0.013316944241523743,3.9800825119018555,0.05671814829111099,0.70703125,0.0,0.70703125,0.0,0.357177734375,0.0035800933837890625
131,65,-0.013316944241523743,0.8303788304328918,0.05671814829111099,0.70703125,0.0,0.70703125,0.0,0.357177734375,0.29541015625
132,67,0.014552218839526176,0.8303788304328918,-0.010563964955508709,1.0,0.0,0.0,0.0,0.3642578125,0.29541015625
133,68,0.014552218839526176,3.9800825119018555,-0.010563964955508709,1.0,0.0,0.0,0.0,0.3642578125,0.0035800933837890625
134,66,-0.013316944241523743,3.9800825119018555,0.05671814829111099,0.70703125,0.0,0.70703125,0.0,0.357177734375,0.0035800933837890625
135,69,-0.013316944241523743,0.8303788304328918,-0.07784608006477356,0.70703125,0.0,-0.70703125,0.0,0.371337890625,0.29541015625
136,68,0.014552218839526176,3.9800825119018555,-0.010563964955508709,1.0,0.0,0.0,0.0,0.3642578125,0.0035800933837890625
137,67,0.014552218839526176,0.8303788304328918,-0.010563964955508709,1.0,0.0,0.0,0.0,0.3642578125,0.29541015625
138,69,-0.013316944241523743,0.8303788304328918,-0.07784608006477356,0.70703125,0.0,-0.70703125,0.0,0.371337890625,0.29541015625
139,70,-0.013316944241523743,3.9800825119018555,-0.07784608006477356,0.70703125,0.0,-0.70703125,0.0,0.371337890625,0.0035800933837890625
140,68,0.014552218839526176,3.9800825119018555,-0.010563964955508709,1.0,0.0,0.0,0.0,0.3642578125,0.0035800933837890625
141,71,-0.08059905469417572,0.8303788304328918,-0.10571524500846863,0.0,0.0,-1.0,0.0,0.378173828125,0.29541015625
142,70,-0.013316944241523743,3.9800825119018555,-0.07784608006477356,0.70703125,0.0,-0.70703125,0.0,0.371337890625,0.0035800933837890625
143,69,-0.013316944241523743,0.8303788304328918,-0.07784608006477356,0.70703125,0.0,-0.70703125,0.0,0.371337890625,0.29541015625
144,71,-0.08059905469417572,0.8303788304328918,-0.10571524500846863,0.0,0.0,-1.0,0.0,0.378173828125,0.29541015625
145,72,-0.08059905469417572,3.9800825119018555,-0.10571524500846863,0.0,0.0,-1.0,0.0,0.378173828125,0.0035800933837890625
146,70,-0.013316944241523743,3.9800825119018555,-0.07784608006477356,0.70703125,0.0,-0.70703125,0.0,0.371337890625,0.0035800933837890625
147,73,-0.1478811651468277,3.9800825119018555,-0.07784608006477356,0.0,1.0,0.0,0.0,0.50244140625,0.95361328125
148,74,-0.17575034499168396,3.9800825119018555,-0.010563964955508709,0.0,1.0,0.0,0.0,0.5068359375,0.9580078125
149,75,-0.1478811800479889,3.9800825119018555,0.05671815201640129,0.0,1.0,0.0,0.0,0.51318359375,0.9580078125
150,76,-0.08059905469417572,3.9800825119018555,-0.10571524500846863,0.0,1.0,0.0,0.0,0.50244140625,0.947265625
151,73,-0.1478811651468277,3.9800825119018555,-0.07784608006477356,0.0,1.0,0.0,0.0,0.50244140625,0.95361328125
152,75,-0.1478811800479889,3.9800825119018555,0.05671815201640129,0.0,1.0,0.0,0.0,0.51318359375,0.9580078125
153,76,-0.08059905469417572,3.9800825119018555,-0.10571524500846863,0.0,1.0,0.0,0.0,0.50244140625,0.947265625
154,75,-0.1478811800479889,3.9800825119018555,0.05671815201640129,0.0,1.0,0.0,0.0,0.51318359375,0.9580078125
155,77,-0.08059905469417572,3.9800825119018555,0.08458731323480606,0.0,1.0,0.0,0.0,0.517578125,0.95361328125
156,76,-0.08059905469417572,3.9800825119018555,-0.10571524500846863,0.0,1.0,0.0,0.0,0.50244140625,0.947265625
157,77,-0.08059905469417572,3.9800825119018555,0.08458731323480606,0.0,1.0,0.0,0.0,0.517578125,0.95361328125
158,78,-0.013316944241523743,3.9800825119018555,0.05671814829111099,0.0,1.0,0.0,0.0,0.517578125,0.947265625
159,76,-0.08059905469417572,3.9800825119018555,-0.10571524500846863,0.0,1.0,0.0,0.0,0.50244140625,0.947265625
160,78,-0.013316944241523743,3.9800825119018555,0.05671814829111099,0.0,1.0,0.0,0.0,0.517578125,0.947265625
161,79,-0.013316944241523743,3.9800825119018555,-0.07784608006477356,0.0,1.0,0.0,0.0,0.5068359375,0.9423828125
162,78,-0.013316944241523743,3.9800825119018555,0.05671814829111099,0.0,1.0,0.0,0.0,0.517578125,0.947265625
163,80,0.014552218839526176,3.9800825119018555,-0.010563964955508709,0.0,1.0,0.0,0.0,0.51318359375,0.9423828125
164,79,-0.013316944241523743,3.9800825119018555,-0.07784608006477356,0.0,1.0,0.0,0.0,0.5068359375,0.9423828125
165,81,-3.0750253200531006,0.8303788304328918,-0.07784608006477356,-0.70703125,0.0,-0.70703125,0.0,0.390625,0.29541015625
166,82,-3.0077431201934814,3.9800825119018555,-0.10571524500846863,0.0,0.0,-1.0,0.0,0.3837890625,0.0035800933837890625
167,83,-3.0077431201934814,0.8303788304328918,-0.10571524500846863,0.0,0.0,-1.0,0.0,0.3837890625,0.29541015625
168,81,-3.0750253200531006,0.8303788304328918,-0.07784608006477356,-0.70703125,0.0,-0.70703125,0.0,0.390625,0.29541015625
169,84,-3.0750253200531006,3.9800825119018555,-0.07784608006477356,-0.70703125,0.0,-0.70703125,0.0,0.390625,0.0035800933837890625
170,82,-3.0077431201934814,3.9800825119018555,-0.10571524500846863,0.0,0.0,-1.0,0.0,0.3837890625,0.0035800933837890625
171,85,-3.1028945446014404,0.8303788304328918,-0.010563964955508709,-1.0,0.0,0.0,0.0,0.397705078125,0.29541015625
172,84,-3.0750253200531006,3.9800825119018555,-0.07784608006477356,-0.70703125,0.0,-0.70703125,0.0,0.390625,0.0035800933837890625
173,81,-3.0750253200531006,0.8303788304328918,-0.07784608006477356,-0.70703125,0.0,-0.70703125,0.0,0.390625,0.29541015625
174,85,-3.1028945446014404,0.8303788304328918,-0.010563964955508709,-1.0,0.0,0.0,0.0,0.397705078125,0.29541015625
175,86,-3.1028945446014404,3.9800825119018555,-0.010563964955508709,-1.0,0.0,0.0,0.0,0.397705078125,0.0035800933837890625
176,84,-3.0750253200531006,3.9800825119018555,-0.07784608006477356,-0.70703125,0.0,-0.70703125,0.0,0.390625,0.0035800933837890625
177,87,-3.0750253200531006,0.8303788304328918,0.05671815201640129,-0.70703125,0.0,0.70703125,0.0,0.40478515625,0.29541015625
178,86,-3.1028945446014404,3.9800825119018555,-0.010563964955508709,-1.0,0.0,0.0,0.0,0.397705078125,0.0035800933837890625
179,85,-3.1028945446014404,0.8303788304328918,-0.010563964955508709,-1.0,0.0,0.0,0.0,0.397705078125,0.29541015625
180,87,-3.0750253200531006,0.8303788304328918,0.05671815201640129,-0.70703125,0.0,0.70703125,0.0,0.40478515625,0.29541015625
181,88,-3.0750253200531006,3.9800825119018555,0.05671815201640129,-0.70703125,0.0,0.70703125,0.0,0.40478515625,0.0035800933837890625
182,86,-3.1028945446014404,3.9800825119018555,-0.010563964955508709,-1.0,0.0,0.0,0.0,0.397705078125,0.0035800933837890625
183,89,-3.0077431201934814,0.8303788304328918,0.08458731323480606,0.0,0.0,1.0,0.0,0.41162109375,0.29541015625
184,88,-3.0750253200531006,3.9800825119018555,0.05671815201640129,-0.70703125,0.0,0.70703125,0.0,0.40478515625,0.0035800933837890625
185,87,-3.0750253200531006,0.8303788304328918,0.05671815201640129,-0.70703125,0.0,0.70703125,0.0,0.40478515625,0.29541015625
186,89,-3.0077431201934814,0.8303788304328918,0.08458731323480606,0.0,0.0,1.0,0.0,0.41162109375,0.29541015625
187,90,-3.0077431201934814,3.9800825119018555,0.08458731323480606,0.0,0.0,1.0,0.0,0.41162109375,0.0035800933837890625
188,88,-3.0750253200531006,3.9800825119018555,0.05671815201640129,-0.70703125,0.0,0.70703125,0.0,0.40478515625,0.0035800933837890625
189,91,-2.9404611587524414,0.8303788304328918,0.05671814829111099,0.70703125,0.0,0.70703125,0.0,0.418701171875,0.29541015625
190,90,-3.0077431201934814,3.9800825119018555,0.08458731323480606,0.0,0.0,1.0,0.0,0.41162109375,0.0035800933837890625
191,89,-3.0077431201934814,0.8303788304328918,0.08458731323480606,0.0,0.0,1.0,0.0,0.41162109375,0.29541015625
192,91,-2.9404611587524414,0.8303788304328918,0.05671814829111099,0.70703125,0.0,0.70703125,0.0,0.418701171875,0.29541015625
193,92,-2.9404611587524414,3.9800825119018555,0.05671814829111099,0.70703125,0.0,0.70703125,0.0,0.418701171875,0.0035800933837890625
194,90,-3.0077431201934814,3.9800825119018555,0.08458731323480606,0.0,0.0,1.0,0.0,0.41162109375,0.0035800933837890625
195,93,-2.9125916957855225,0.8303788304328918,-0.010563964955508709,1.0,0.0,0.0,0.0,0.42578125,0.29541015625
196,92,-2.9404611587524414,3.9800825119018555,0.05671814829111099,0.70703125,0.0,0.70703125,0.0,0.418701171875,0.0035800933837890625
197,91,-2.9404611587524414,0.8303788304328918,0.05671814829111099,0.70703125,0.0,0.70703125,0.0,0.418701171875,0.29541015625
198,93,-2.9125916957855225,0.8303788304328918,-0.010563964955508709,1.0,0.0,0.0,0.0,0.42578125,0.29541015625
199,94,-2.9125916957855225,3.9800825119018555,-0.010563964955508709,1.0,0.0,0.0,0.0,0.42578125,0.0035800933837890625
200,92,-2.9404611587524414,3.9800825119018555,0.05671814829111099,0.70703125,0.0,0.70703125,0.0,0.418701171875,0.0035800933837890625
201,95,-2.9404611587524414,0.8303788304328918,-0.07784608006477356,0.70703125,0.0,-0.70703125,0.0,0.4326171875,0.29541015625
202,94,-2.9125916957855225,3.9800825119018555,-0.010563964955508709,1.0,0.0,0.0,0.0,0.42578125,0.0035800933837890625
203,93,-2.9125916957855225,0.8303788304328918,-0.010563964955508709,1.0,0.0,0.0,0.0,0.42578125,0.29541015625
204,95,-2.9404611587524414,0.8303788304328918,-0.07784608006477356,0.70703125,0.0,-0.70703125,0.0,0.4326171875,0.29541015625
205,96,-2.9404611587524414,3.9800825119018555,-0.07784608006477356,0.70703125,0.0,-0.70703125,0.0,0.4326171875,0.0035800933837890625
206,94,-2.9125916957855225,3.9800825119018555,-0.010563964955508709,1.0,0.0,0.0,0.0,0.42578125,0.0035800933837890625
207,97,-3.0077431201934814,0.8303788304328918,-0.10571524500846863,0.0,0.0,-1.0,0.0,0.439697265625,0.29541015625
208,96,-2.9404611587524414,3.9800825119018555,-0.07784608006477356,0.70703125,0.0,-0.70703125,0.0,0.4326171875,0.0035800933837890625
209,95,-2.9404611587524414,0.8303788304328918,-0.07784608006477356,0.70703125,0.0,-0.70703125,0.0,0.4326171875,0.29541015625
210,97,-3.0077431201934814,0.8303788304328918,-0.10571524500846863,0.0,0.0,-1.0,0.0,0.439697265625,0.29541015625
211,98,-3.0077431201934814,3.9800825119018555,-0.10571524500846863,0.0,0.0,-1.0,0.0,0.439697265625,0.0035800933837890625
212,96,-2.9404611587524414,3.9800825119018555,-0.07784608006477356,0.70703125,0.0,-0.70703125,0.0,0.4326171875,0.0035800933837890625
213,99,-2.9404611587524414,3.9800825119018555,0.05671814829111099,0.0,1.0,0.0,0.0,0.277587890625,0.322998046875
214,100,-2.9125916957855225,3.9800825119018555,-0.010563964955508709,0.0,1.0,0.0,0.0,0.272705078125,0.318115234375
215,101,-2.9404611587524414,3.9800825119018555,-0.07784608006477356,0.0,1.0,0.0,0.0,0.265625,0.318115234375
216,102,-3.0077431201934814,3.9800825119018555,-0.10571524500846863,0.0,1.0,0.0,0.0,0.2607421875,0.322998046875
217,99,-2.9404611587524414,3.9800825119018555,0.05671814829111099,0.0,1.0,0.0,0.0,0.277587890625,0.322998046875
218,101,-2.9404611587524414,3.9800825119018555,-0.07784608006477356,0.0,1.0,0.0,0.0,0.265625,0.318115234375
219,102,-3.0077431201934814,3.9800825119018555,-0.10571524500846863,0.0,1.0,0.0,0.0,0.2607421875,0.322998046875
220,103,-3.0077431201934814,3.9800825119018555,0.08458731323480606,0.0,1.0,0.0,0.0,0.277587890625,0.330078125
221,99,-2.9404611587524414,3.9800825119018555,0.05671814829111099,0.0,1.0,0.0,0.0,0.277587890625,0.322998046875
222,102,-3.0077431201934814,3.9800825119018555,-0.10571524500846863,0.0,1.0,0.0,0.0,0.2607421875,0.322998046875
223,104,-3.0750253200531006,3.9800825119018555,0.05671815201640129,0.0,1.0,0.0,0.0,0.272705078125,0.3349609375
224,103,-3.0077431201934814,3.9800825119018555,0.08458731323480606,0.0,1.0,0.0,0.0,0.277587890625,0.330078125
225,102,-3.0077431201934814,3.9800825119018555,-0.10571524500846863,0.0,1.0,0.0,0.0,0.2607421875,0.322998046875
226,105,-3.0750253200531006,3.9800825119018555,-0.07784608006477356,0.0,1.0,0.0,0.0,0.2607421875,0.330078125
227,104,-3.0750253200531006,3.9800825119018555,0.05671815201640129,0.0,1.0,0.0,0.0,0.272705078125,0.3349609375
228,105,-3.0750253200531006,3.9800825119018555,-0.07784608006477356,0.0,1.0,0.0,0.0,0.2607421875,0.330078125
229,106,-3.1028945446014404,3.9800825119018555,-0.010563964955508709,0.0,1.0,0.0,0.0,0.265625,0.3349609375
230,104,-3.0750253200531006,3.9800825119018555,0.05671815201640129,0.0,1.0,0.0,0.0,0.272705078125,0.3349609375
231,107,-3.1181559562683105,0.006015948951244354,0.4526904225349426,-1.0,2.384185791015625e-07,0.0,0.0,0.054901123046875,0.95751953125
232,108,-3.1181559562683105,0.10077031701803207,-0.4524316191673279,-1.0,-1.7881393432617188e-07,0.0,0.0,0.06402587890625,0.87060546875
233,109,-3.1181559562683105,0.006015948951244354,-0.45286375284194946,-1.0,2.384185791015625e-07,0.0,0.0,0.054901123046875,0.87060546875
234,107,-3.1181559562683105,0.006015948951244354,0.4526904225349426,-1.0,2.384185791015625e-07,0.0,0.0,0.054901123046875,0.95751953125
235,110,-3.1181559562683105,0.10077031701803207,0.45225584506988525,-1.0,-1.7881393432617188e-07,0.0,0.0,0.06402587890625,0.95751953125
236,108,-3.1181559562683105,0.10077031701803207,-0.4524316191673279,-1.0,-1.7881393432617188e-07,0.0,0.0,0.06402587890625,0.87060546875
237,110,-3.1181559562683105,0.10077031701803207,0.45225584506988525,-1.0,-1.7881393432617188e-07,0.0,0.0,0.06402587890625,0.95751953125
238,111,-3.1181559562683105,0.20645642280578613,-0.31879881024360657,-1.0,-4.76837158203125e-07,0.0,0.0,0.07415771484375,0.88330078125
239,108,-3.1181559562683105,0.10077031701803207,-0.4524316191673279,-1.0,-1.7881393432617188e-07,0.0,0.0,0.06402587890625,0.87060546875
240,110,-3.1181559562683105,0.10077031701803207,0.45225584506988525,-1.0,-1.7881393432617188e-07,0.0,0.0,0.06402587890625,0.95751953125
241,112,-3.1181559562683105,0.20645642280578613,0.31862547993659973,-1.0,-4.76837158203125e-07,0.0,0.0,0.07415771484375,0.9443359375
242,111,-3.1181559562683105,0.20645642280578613,-0.31879881024360657,-1.0,-4.76837158203125e-07,0.0,0.0,0.07415771484375,0.88330078125
243,112,-3.1181559562683105,0.20645642280578613,0.31862547993659973,-1.0,-4.76837158203125e-07,0.0,0.0,0.07415771484375,0.9443359375
244,113,-3.1181559562683105,0.7325634360313416,-0.23853270709514618,-1.0,-1.7881393432617188e-07,0.0,0.0,0.12469482421875,0.89111328125
245,111,-3.1181559562683105,0.20645642280578613,-0.31879881024360657,-1.0,-4.76837158203125e-07,0.0,0.0,0.07415771484375,0.88330078125
246,112,-3.1181559562683105,0.20645642280578613,0.31862547993659973,-1.0,-4.76837158203125e-07,0.0,0.0,0.07415771484375,0.9443359375
247,114,-3.1181559562683105,0.7325634360313416,0.23835937678813934,-1.0,-1.7881393432617188e-07,0.0,0.0,0.12469482421875,0.93701171875
248,113,-3.1181559562683105,0.7325634360313416,-0.23853270709514618,-1.0,-1.7881393432617188e-07,0.0,0.0,0.12469482421875,0.89111328125
249,114,-3.1181559562683105,0.7325634360313416,0.23835937678813934,-1.0,-1.7881393432617188e-07,0.0,0.0,0.12469482421875,0.93701171875
250,115,-3.1181559562683105,0.8303784728050232,-0.10313964635133743,-1.0,0.0,0.0,0.0,0.1341552734375,0.90380859375
251,113,-3.1181559562683105,0.7325634360313416,-0.23853270709514618,-1.0,-1.7881393432617188e-07,0.0,0.0,0.12469482421875,0.89111328125
252,114,-3.1181559562683105,0.7325634360313416,0.23835937678813934,-1.0,-1.7881393432617188e-07,0.0,0.0,0.12469482421875,0.93701171875
253,116,-3.1181559562683105,0.8303784728050232,0.10296630859375,-1.0,0.0,0.0,0.0,0.1341552734375,0.923828125
254,115,-3.1181559562683105,0.8303784728050232,-0.10313964635133743,-1.0,0.0,0.0,0.0,0.1341552734375,0.90380859375
255,117,-0.6106554865837097,0.006015948951244354,-0.45286375284194946,0.0,0.004558563232421875,-1.0,0.0,0.07470703125,0.41259765625
256,118,-0.6106554865837097,0.10077031701803207,-0.4524316191673279,0.0,0.004558563232421875,-1.0,0.0,0.08209228515625,0.41259765625
257,119,-0.02826599031686783,0.10077031701803207,-0.4524316191673279,0.0,0.004558563232421875,-1.0,0.0,0.08209228515625,0.356689453125
258,117,-0.6106554865837097,0.006015948951244354,-0.45286375284194946,0.0,0.004558563232421875,-1.0,0.0,0.07470703125,0.41259765625
259,119,-0.02826599031686783,0.10077031701803207,-0.4524316191673279,0.0,0.004558563232421875,-1.0,0.0,0.08209228515625,0.356689453125
260,120,-0.02826599031686783,0.006015948951244354,-0.45286375284194946,0.0,0.004558563232421875,-1.0,0.0,0.07470703125,0.356689453125
261,121,-0.02826599031686783,0.10077031701803207,-0.4524316191673279,0.0,0.7841796875,-0.6201171875,0.0,0.08209228515625,0.356689453125
262,122,-0.6106554865837097,0.10077031701803207,-0.4524316191673279,0.0,0.7841796875,-0.6201171875,0.0,0.08209228515625,0.41259765625
263,123,-0.02826599031686783,0.20645642280578613,-0.31879881024360657,0.0,0.1851806640625,-0.98291015625,0.0,0.0953369140625,0.356689453125
264,122,-0.6106554865837097,0.10077031701803207,-0.4524316191673279,0.0,0.7841796875,-0.6201171875,0.0,0.08209228515625,0.41259765625
265,124,-0.8439910411834717,0.10077031701803207,-0.4524316191673279,0.0,0.7841796875,-0.6201171875,0.0,0.08209228515625,0.43505859375
266,123,-0.02826599031686783,0.20645642280578613,-0.31879881024360657,0.0,0.1851806640625,-0.98291015625,0.0,0.0953369140625,0.356689453125
267,124,-0.8439910411834717,0.10077031701803207,-0.4524316191673279,0.0,0.7841796875,-0.6201171875,0.0,0.08209228515625,0.43505859375
268,125,-3.1181559562683105,0.20645642280578613,-0.31879881024360657,0.0,0.1927490234375,-0.9814453125,0.0,0.0953369140625,0.65380859375
269,123,-0.02826599031686783,0.20645642280578613,-0.31879881024360657,0.0,0.1851806640625,-0.98291015625,0.0,0.0953369140625,0.356689453125
270,124,-0.8439910411834717,0.10077031701803207,-0.4524316191673279,0.0,0.7841796875,-0.6201171875,0.0,0.08209228515625,0.43505859375
271,126,-1.8505572080612183,0.10077031701803207,-0.4524316191673279,0.0,0.7841796875,-0.6201171875,0.0,0.08209228515625,0.53173828125
272,125,-3.1181559562683105,0.20645642280578613,-0.31879881024360657,0.0,0.1927490234375,-0.9814453125,0.0,0.0953369140625,0.65380859375
273,125,-3.1181559562683105,0.20645642280578613,-0.31879881024360657,0.0,0.1927490234375,-0.9814453125,0.0,0.0953369140625,0.65380859375
274,127,-0.02826599031686783,0.7325634360313416,-0.23853270709514618,0.0,0.15087890625,-0.98876953125,0.0,0.1368408203125,0.356689453125
275,123,-0.02826599031686783,0.20645642280578613,-0.31879881024360657,0.0,0.1851806640625,-0.98291015625,0.0,0.0953369140625,0.356689453125
276,125,-3.1181559562683105,0.20645642280578613,-0.31879881024360657,0.0,0.1927490234375,-0.9814453125,0.0,0.0953369140625,0.65380859375
277,128,-3.1181559562683105,0.7325634360313416,-0.23853270709514618,0.0,0.15087890625,-0.98876953125,0.0,0.1368408203125,0.65380859375
278,127,-0.02826599031686783,0.7325634360313416,-0.23853270709514618,0.0,0.15087890625,-0.98876953125,0.0,0.1368408203125,0.356689453125
279,126,-1.8505572080612183,0.10077031701803207,-0.4524316191673279,0.0,0.7841796875,-0.6201171875,0.0,0.08209228515625,0.53173828125
280,129,-2.1021039485931396,0.10077031701803207,-0.4524316191673279,0.0,0.7841796875,-0.6201171875,0.0,0.08209228515625,0.55615234375
281,125,-3.1181559562683105,0.20645642280578613,-0.31879881024360657,0.0,0.1927490234375,-0.9814453125,0.0,0.0953369140625,0.65380859375
282,129,-2.1021039485931396,0.10077031701803207,-0.4524316191673279,0.0,0.7841796875,-0.6201171875,0.0,0.08209228515625,0.55615234375
283,130,-3.1181559562683105,0.10077031701803207,-0.4524316191673279,0.0,0.7841796875,-0.6201171875,0.0,0.08209228515625,0.65380859375
284,125,-3.1181559562683105,0.20645642280578613,-0.31879881024360657,0.0,0.1927490234375,-0.9814453125,0.0,0.0953369140625,0.65380859375
285,131,-3.1181559562683105,0.7325634360313416,-0.23853270709514618,0.0,0.810546875,-0.58544921875,0.0,0.1368408203125,0.65380859375
286,132,-3.1181559562683105,0.8303784728050232,-0.10313964635133743,0.0,0.810546875,-0.58544921875,0.0,0.1497802734375,0.65380859375
287,133,-0.02826599031686783,0.8303784728050232,-0.10313964635133743,0.0,0.810546875,-0.58544921875,0.0,0.1497802734375,0.356689453125
288,131,-3.1181559562683105,0.7325634360313416,-0.23853270709514618,0.0,0.810546875,-0.58544921875,0.0,0.1368408203125,0.65380859375
289,133,-0.02826599031686783,0.8303784728050232,-0.10313964635133743,0.0,0.810546875,-0.58544921875,0.0,0.1497802734375,0.356689453125
290,134,-0.02826599031686783,0.7325634360313416,-0.23853270709514618,0.0,0.810546875,-0.58544921875,0.0,0.1368408203125,0.356689453125
291,135,-0.02826599031686783,0.8303784728050232,-0.10313964635133743,0.0,1.0,0.0,0.0,0.1497802734375,0.356689453125
292,136,-3.1181559562683105,0.8303784728050232,-0.10313964635133743,0.0,1.0,0.0,0.0,0.1497802734375,0.65380859375
293,137,-3.1181559562683105,0.8303784728050232,0.10296630859375,0.0,1.0,0.0,0.0,0.165771484375,0.65380859375
294,135,-0.02826599031686783,0.8303784728050232,-0.10313964635133743,0.0,1.0,0.0,0.0,0.1497802734375,0.356689453125
295,137,-3.1181559562683105,0.8303784728050232,0.10296630859375,0.0,1.0,0.0,0.0,0.165771484375,0.65380859375
296,138,-0.02826599031686783,0.8303784728050232,0.10296630859375,0.0,1.0,0.0,0.0,0.165771484375,0.356689453125
297,139,-3.1181559562683105,0.7325634360313416,0.23835937678813934,0.0,0.810546875,0.58544921875,0.0,0.1788330078125,0.65380859375
298,140,-0.02826599031686783,0.7325634360313416,0.23835937678813934,0.0,0.810546875,0.58544921875,0.0,0.1788330078125,0.356689453125
299,141,-0.02826599031686783,0.8303784728050232,0.10296630859375,0.0,0.810546875,0.58544921875,0.0,0.165771484375,0.356689453125
300,139,-3.1181559562683105,0.7325634360313416,0.23835937678813934,0.0,0.810546875,0.58544921875,0.0,0.1788330078125,0.65380859375
301,141,-0.02826599031686783,0.8303784728050232,0.10296630859375,0.0,0.810546875,0.58544921875,0.0,0.165771484375,0.356689453125
302,142,-3.1181559562683105,0.8303784728050232,0.10296630859375,0.0,0.810546875,0.58544921875,0.0,0.165771484375,0.65380859375
303,143,-3.1181559562683105,0.20645642280578613,0.31862547993659973,0.0,0.1927490234375,0.9814453125,0.0,0.22021484375,0.65380859375
304,144,-0.02826599031686783,0.7325634360313416,0.23835937678813934,0.0,0.15087890625,0.98876953125,0.0,0.1788330078125,0.356689453125
305,145,-3.1181559562683105,0.7325634360313416,0.23835937678813934,0.0,0.15087890625,0.98876953125,0.0,0.1788330078125,0.65380859375
306,143,-3.1181559562683105,0.20645642280578613,0.31862547993659973,0.0,0.1927490234375,0.9814453125,0.0,0.22021484375,0.65380859375
307,146,-0.02826599031686783,0.20645642280578613,0.31862547993659973,0.0,0.1851806640625,0.98291015625,0.0,0.22021484375,0.356689453125
308,144,-0.02826599031686783,0.7325634360313416,0.23835937678813934,0.0,0.15087890625,0.98876953125,0.0,0.1788330078125,0.356689453125
309,143,-3.1181559562683105,0.20645642280578613,0.31862547993659973,0.0,0.1927490234375,0.9814453125,0.0,0.22021484375,0.65380859375
310,147,-0.8439910411834717,0.10077031701803207,0.45225584506988525,0.0,0.7841796875,0.6201171875,0.0,0.2335205078125,0.43505859375
311,146,-0.02826599031686783,0.20645642280578613,0.31862547993659973,0.0,0.1851806640625,0.98291015625,0.0,0.22021484375,0.356689453125
312,146,-0.02826599031686783,0.20645642280578613,0.31862547993659973,0.0,0.1851806640625,0.98291015625,0.0,0.22021484375,0.356689453125
313,147,-0.8439910411834717,0.10077031701803207,0.45225584506988525,0.0,0.7841796875,0.6201171875,0.0,0.2335205078125,0.43505859375
314,148,-0.6106554865837097,0.10077031701803207,0.45225584506988525,0.0,0.7841796875,0.6201171875,0.0,0.2335205078125,0.41259765625
315,146,-0.02826599031686783,0.20645642280578613,0.31862547993659973,0.0,0.1851806640625,0.98291015625,0.0,0.22021484375,0.356689453125
316,148,-0.6106554865837097,0.10077031701803207,0.45225584506988525,0.0,0.7841796875,0.6201171875,0.0,0.2335205078125,0.41259765625
317,149,-0.02826599031686783,0.10077031701803207,0.45225584506988525,0.0,0.7841796875,0.6201171875,0.0,0.2335205078125,0.356689453125
318,143,-3.1181559562683105,0.20645642280578613,0.31862547993659973,0.0,0.1927490234375,0.9814453125,0.0,0.22021484375,0.65380859375
319,150,-1.8505572080612183,0.10077031701803207,0.45225584506988525,0.0,0.7841796875,0.6201171875,0.0,0.2335205078125,0.53173828125
320,147,-0.8439910411834717,0.10077031701803207,0.45225584506988525,0.0,0.7841796875,0.6201171875,0.0,0.2335205078125,0.43505859375
321,143,-3.1181559562683105,0.20645642280578613,0.31862547993659973,0.0,0.1927490234375,0.9814453125,0.0,0.22021484375,0.65380859375
322,151,-2.102104425430298,0.10077031701803207,0.45225584506988525,0.0,0.7841796875,0.6201171875,0.0,0.2335205078125,0.55615234375
323,150,-1.8505572080612183,0.10077031701803207,0.45225584506988525,0.0,0.7841796875,0.6201171875,0.0,0.2335205078125,0.53173828125
324,143,-3.1181559562683105,0.20645642280578613,0.31862547993659973,0.0,0.1927490234375,0.9814453125,0.0,0.22021484375,0.65380859375
325,152,-3.1181559562683105,0.10077031701803207,0.45225584506988525,0.0,0.7841796875,0.6201171875,0.0,0.2335205078125,0.65380859375
326,151,-2.102104425430298,0.10077031701803207,0.45225584506988525,0.0,0.7841796875,0.6201171875,0.0,0.2335205078125,0.55615234375
327,153,-3.1181559562683105,0.006015948951244354,0.4526904225349426,0.0,0.00458526611328125,1.0,0.0,0.2408447265625,0.65380859375
328,154,-2.102104425430298,0.006015948951244354,0.4526904225349426,0.0,0.00458526611328125,1.0,0.0,0.2408447265625,0.55615234375
329,155,-2.102104425430298,0.10077031701803207,0.45225584506988525,0.0,0.00458526611328125,1.0,0.0,0.2335205078125,0.55615234375
330,153,-3.1181559562683105,0.006015948951244354,0.4526904225349426,0.0,0.00458526611328125,1.0,0.0,0.2408447265625,0.65380859375
331,155,-2.102104425430298,0.10077031701803207,0.45225584506988525,0.0,0.00458526611328125,1.0,0.0,0.2335205078125,0.55615234375
332,156,-3.1181559562683105,0.10077031701803207,0.45225584506988525,0.0,0.00458526611328125,1.0,0.0,0.2335205078125,0.65380859375
333,157,-1.8505572080612183,0.006015948951244354,0.4526904225349426,0.0,0.00458526611328125,1.0,0.0,0.2408447265625,0.53173828125
334,158,-0.8439910411834717,0.006015948951244354,0.4526904225349426,0.0,0.00458526611328125,1.0,0.0,0.2408447265625,0.43505859375
335,159,-0.8439910411834717,0.10077031701803207,0.45225584506988525,0.0,0.00458526611328125,1.0,0.0,0.2335205078125,0.43505859375
336,157,-1.8505572080612183,0.006015948951244354,0.4526904225349426,0.0,0.00458526611328125,1.0,0.0,0.2408447265625,0.53173828125
337,159,-0.8439910411834717,0.10077031701803207,0.45225584506988525,0.0,0.00458526611328125,1.0,0.0,0.2335205078125,0.43505859375
338,160,-1.8505572080612183,0.10077031701803207,0.45225584506988525,0.0,0.00458526611328125,1.0,0.0,0.2335205078125,0.53173828125
339,161,-0.6106554865837097,0.10077031701803207,0.45225584506988525,0.0,0.00458526611328125,1.0,0.0,0.2335205078125,0.41259765625
340,162,-0.6106554865837097,0.006015948951244354,0.4526904225349426,0.0,0.00458526611328125,1.0,0.0,0.2408447265625,0.41259765625
341,163,-0.02826599031686783,0.006015948951244354,0.4526904225349426,0.0,0.00458526611328125,1.0,0.0,0.2408447265625,0.356689453125
342,161,-0.6106554865837097,0.10077031701803207,0.45225584506988525,0.0,0.00458526611328125,1.0,0.0,0.2335205078125,0.41259765625
343,163,-0.02826599031686783,0.006015948951244354,0.4526904225349426,0.0,0.00458526611328125,1.0,0.0,0.2408447265625,0.356689453125
344,164,-0.02826599031686783,0.10077031701803207,0.45225584506988525,0.0,0.00458526611328125,1.0,0.0,0.2335205078125,0.356689453125
345,165,-2.1021039485931396,0.006015948951244354,-0.45286375284194946,0.0,0.004558563232421875,-1.0,0.0,0.07470703125,0.55615234375
346,166,-3.1181559562683105,0.006015948951244354,-0.45286375284194946,0.0,0.004558563232421875,-1.0,0.0,0.07470703125,0.65380859375
347,167,-3.1181559562683105,0.10077031701803207,-0.4524316191673279,0.0,0.004558563232421875,-1.0,0.0,0.08209228515625,0.65380859375
348,165,-2.1021039485931396,0.006015948951244354,-0.45286375284194946,0.0,0.004558563232421875,-1.0,0.0,0.07470703125,0.55615234375
349,167,-3.1181559562683105,0.10077031701803207,-0.4524316191673279,0.0,0.004558563232421875,-1.0,0.0,0.08209228515625,0.65380859375
350,168,-2.1021039485931396,0.10077031701803207,-0.4524316191673279,0.0,0.004558563232421875,-1.0,0.0,0.08209228515625,0.55615234375
351,169,-1.8505572080612183,0.10077031701803207,-0.4524316191673279,0.0,0.004558563232421875,-1.0,0.0,0.08209228515625,0.53173828125
352,170,-0.8439910411834717,0.10077031701803207,-0.4524316191673279,0.0,0.004558563232421875,-1.0,0.0,0.08209228515625,0.43505859375
353,171,-0.8439910411834717,0.006015948951244354,-0.45286375284194946,0.0,0.004558563232421875,-1.0,0.0,0.07470703125,0.43505859375
354,169,-1.8505572080612183,0.10077031701803207,-0.4524316191673279,0.0,0.004558563232421875,-1.0,0.0,0.08209228515625,0.53173828125
355,171,-0.8439910411834717,0.006015948951244354,-0.45286375284194946,0.0,0.004558563232421875,-1.0,0.0,0.07470703125,0.43505859375
356,172,-1.8505572080612183,0.006015948951244354,-0.45286375284194946,0.0,0.004558563232421875,-1.0,0.0,0.07470703125,0.53173828125
357,173,-0.02826599031686783,0.8303784728050232,0.10296630859375,1.0,0.0,0.0,0.0,0.1383056640625,0.91748046875
358,174,-0.02826599031686783,0.7325634360313416,-0.23853270709514618,1.0,0.0,0.0,0.0,0.147705078125,0.884765625
359,175,-0.02826599031686783,0.8303784728050232,-0.10313964635133743,1.0,0.0,0.0,0.0,0.1383056640625,0.89794921875
360,173,-0.02826599031686783,0.8303784728050232,0.10296630859375,1.0,0.0,0.0,0.0,0.1383056640625,0.91748046875
361,176,-0.02826599031686783,0.7325634360313416,0.23835937678813934,1.0,0.0,0.0,0.0,0.147705078125,0.9306640625
362,174,-0.02826599031686783,0.7325634360313416,-0.23853270709514618,1.0,0.0,0.0,0.0,0.147705078125,0.884765625
363,176,-0.02826599031686783,0.7325634360313416,0.23835937678813934,1.0,0.0,0.0,0.0,0.147705078125,0.9306640625
364,177,-0.02826599031686783,0.20645642280578613,-0.31879881024360657,1.0,0.0,0.0,0.0,0.1982421875,0.876953125
365,174,-0.02826599031686783,0.7325634360313416,-0.23853270709514618,1.0,0.0,0.0,0.0,0.147705078125,0.884765625
366,176,-0.02826599031686783,0.7325634360313416,0.23835937678813934,1.0,0.0,0.0,0.0,0.147705078125,0.9306640625
367,178,-0.02826599031686783,0.20645642280578613,0.31862547993659973,1.0,0.0,0.0,0.0,0.1982421875,0.9384765625
368,177,-0.02826599031686783,0.20645642280578613,-0.31879881024360657,1.0,0.0,0.0,0.0,0.1982421875,0.876953125
369,178,-0.02826599031686783,0.20645642280578613,0.31862547993659973,1.0,0.0,0.0,0.0,0.1982421875,0.9384765625
370,179,-0.02826599031686783,0.10077031701803207,-0.4524316191673279,1.0,0.0,0.0,0.0,0.20849609375,0.8642578125
371,177,-0.02826599031686783,0.20645642280578613,-0.31879881024360657,1.0,0.0,0.0,0.0,0.1982421875,0.876953125
372,178,-0.02826599031686783,0.20645642280578613,0.31862547993659973,1.0,0.0,0.0,0.0,0.1982421875,0.9384765625
373,180,-0.02826599031686783,0.10077031701803207,0.45225584506988525,1.0,0.0,0.0,0.0,0.20849609375,0.951171875
374,179,-0.02826599031686783,0.10077031701803207,-0.4524316191673279,1.0,0.0,0.0,0.0,0.20849609375,0.8642578125
375,180,-0.02826599031686783,0.10077031701803207,0.45225584506988525,1.0,0.0,0.0,0.0,0.20849609375,0.951171875
376,181,-0.02826599031686783,0.006015948951244354,-0.45286375284194946,1.0,0.0,0.0,0.0,0.217529296875,0.8642578125
377,179,-0.02826599031686783,0.10077031701803207,-0.4524316191673279,1.0,0.0,0.0,0.0,0.20849609375,0.8642578125
378,180,-0.02826599031686783,0.10077031701803207,0.45225584506988525,1.0,0.0,0.0,0.0,0.20849609375,0.951171875
379,182,-0.02826599031686783,0.006015948951244354,0.4526904225349426,1.0,0.0,0.0,0.0,0.217529296875,0.951171875
380,181,-0.02826599031686783,0.006015948951244354,-0.45286375284194946,1.0,0.0,0.0,0.0,0.217529296875,0.8642578125
381,183,-0.8439910411834717,0.006015948951244354,0.4526904225349426,1.0,0.0,0.0,0.0,0.053680419921875,0.9833984375
382,184,-0.8439910411834717,0.006015948951244354,-0.45286375284194946,1.0,0.0,0.0,0.0,0.1348876953125,0.9833984375
383,185,-0.8439910411834717,0.10077031701803207,-0.4524316191673279,1.0,0.0,0.0,0.0,0.1348876953125,0.974609375
384,183,-0.8439910411834717,0.006015948951244354,0.4526904225349426,1.0,0.0,0.0,0.0,0.053680419921875,0.9833984375
385,185,-0.8439910411834717,0.10077031701803207,-0.4524316191673279,1.0,0.0,0.0,0.0,0.1348876953125,0.974609375
386,186,-0.8439910411834717,0.10077031701803207,0.45225584506988525,1.0,0.0,0.0,0.0,0.053680419921875,0.974609375
387,187,-0.6106554865837097,0.006015948951244354,-0.45286375284194946,-1.0,5.960464477539062e-07,0.0,0.0,0.05413818359375,0.97021484375
388,188,-0.6106554865837097,0.006015948951244354,0.4526904225349426,-1.0,5.960464477539062e-07,0.0,0.0,0.14111328125,0.97021484375
389,189,-0.6106554865837097,0.10077031701803207,0.45225584506988525,-1.0,5.960464477539062e-07,0.0,0.0,0.14111328125,0.96142578125
390,187,-0.6106554865837097,0.006015948951244354,-0.45286375284194946,-1.0,5.960464477539062e-07,0.0,0.0,0.05413818359375,0.97021484375
391,189,-0.6106554865837097,0.10077031701803207,0.45225584506988525,-1.0,5.960464477539062e-07,0.0,0.0,0.14111328125,0.96142578125
392,190,-0.6106554865837097,0.10077031701803207,-0.4524316191673279,-1.0,5.960464477539062e-07,0.0,0.0,0.05413818359375,0.96142578125
393,191,-1.8505572080612183,0.10077031701803207,0.45225584506988525,-1.0,2.2649765014648438e-06,0.0,0.0,0.13818359375,0.99755859375
394,192,-1.8505572080612183,0.10077031701803207,-0.4524316191673279,-1.0,2.2649765014648438e-06,0.0,0.0,0.2174072265625,0.99755859375
395,193,-1.8505572080612183,0.006015948951244354,-0.45286375284194946,-1.0,2.2649765014648438e-06,0.0,0.0,0.2174072265625,0.98828125
396,191,-1.8505572080612183,0.10077031701803207,0.45225584506988525,-1.0,2.2649765014648438e-06,0.0,0.0,0.13818359375,0.99755859375
397,193,-1.8505572080612183,0.006015948951244354,-0.45286375284194946,-1.0,2.2649765014648438e-06,0.0,0.0,0.2174072265625,0.98828125
398,194,-1.8505572080612183,0.006015948951244354,0.4526904225349426,-1.0,2.2649765014648438e-06,0.0,0.0,0.13818359375,0.98828125
399,195,-2.102104425430298,0.006015948951244354,0.4526904225349426,1.0,0.0,6.556510925292969e-07,0.0,0.45654296875,0.86328125
400,196,-2.1021039485931396,0.006015948951244354,-0.45286375284194946,1.0,0.0,6.556510925292969e-07,0.0,0.54296875,0.86328125
401,197,-2.1021039485931396,0.10077031701803207,-0.4524316191673279,1.0,0.0,6.556510925292969e-07,0.0,0.54296875,0.85400390625
402,195,-2.102104425430298,0.006015948951244354,0.4526904225349426,1.0,0.0,6.556510925292969e-07,0.0,0.45654296875,0.86328125
403,197,-2.1021039485931396,0.10077031701803207,-0.4524316191673279,1.0,0.0,6.556510925292969e-07,0.0,0.54296875,0.85400390625
404,198,-2.102104425430298,0.10077031701803207,0.45225584506988525,1.0,0.0,6.556510925292969e-07,0.0,0.45654296875,0.85400390625
405,199,-2.9418632984161377,3.423412322998047,-0.041389159858226776,0.0,0.002971649169921875,-1.0,0.0,0.05535888671875,0.564453125
406,200,2.9027671813964844,3.423412322998047,-0.041389159858226776,0.0,0.002971649169921875,-1.0,0.0,0.05535888671875,0.0035800933837890625
407,201,2.9027671813964844,3.3659112453460693,-0.041560057550668716,0.0,0.002971649169921875,-1.0,0.0,0.049835205078125,0.0035800933837890625
408,199,-2.9418632984161377,3.423412322998047,-0.041389159858226776,0.0,0.002971649169921875,-1.0,0.0,0.05535888671875,0.564453125
409,201,2.9027671813964844,3.3659112453460693,-0.041560057550668716,0.0,0.002971649169921875,-1.0,0.0,0.049835205078125,0.0035800933837890625
410,202,-2.9418632984161377,3.3659112453460693,-0.041560057550668716,0.0,0.002971649169921875,-1.0,0.0,0.049835205078125,0.564453125
411,203,-2.9418632984161377,3.4233195781707764,0.04307861253619194,0.0,1.0,0.0010986328125,0.0,0.0634765625,0.564453125
412,204,2.9027671813964844,3.4233195781707764,0.04307861253619194,0.0,1.0,0.0010986328125,0.0,0.0634765625,0.0035800933837890625
413,205,2.9027671813964844,3.423412322998047,-0.041389159858226776,0.0,1.0,0.0010986328125,0.0,0.05535888671875,0.0035800933837890625
414,203,-2.9418632984161377,3.4233195781707764,0.04307861253619194,0.0,1.0,0.0010986328125,0.0,0.0634765625,0.564453125
415,205,2.9027671813964844,3.423412322998047,-0.041389159858226776,0.0,1.0,0.0010986328125,0.0,0.05535888671875,0.0035800933837890625
416,206,-2.9418632984161377,3.423412322998047,-0.041389159858226776,0.0,1.0,0.0010986328125,0.0,0.05535888671875,0.564453125
417,207,-2.9418632984161377,3.3658080101013184,0.04302734136581421,0.0,-0.0008916854858398438,1.0,0.0,0.06903076171875,0.564453125
418,208,2.9027671813964844,3.3658080101013184,0.04302734136581421,0.0,-0.0008916854858398438,1.0,0.0,0.06903076171875,0.0035800933837890625
419,209,2.9027671813964844,3.4233195781707764,0.04307861253619194,0.0,-0.0008916854858398438,1.0,0.0,0.0634765625,0.0035800933837890625
420,207,-2.9418632984161377,3.3658080101013184,0.04302734136581421,0.0,-0.0008916854858398438,1.0,0.0,0.06903076171875,0.564453125
421,209,2.9027671813964844,3.4233195781707764,0.04307861253619194,0.0,-0.0008916854858398438,1.0,0.0,0.0634765625,0.0035800933837890625
422,210,-2.9418632984161377,3.4233195781707764,0.04307861253619194,0.0,-0.0008916854858398438,1.0,0.0,0.0634765625,0.564453125
423,211,3.1181559562683105,0.006015948951244354,0.4526904225349426,1.0,0.0,0.0,0.0,0.3388671875,0.9423828125
424,212,3.1181559562683105,0.006015948951244354,-0.45286375284194946,1.0,0.0,0.0,0.0,0.3388671875,0.85546875
425,213,3.1181559562683105,0.10077031701803207,-0.4524316191673279,1.0,7.152557373046875e-07,0.0,0.0,0.329833984375,0.85546875
426,211,3.1181559562683105,0.006015948951244354,0.4526904225349426,1.0,0.0,0.0,0.0,0.3388671875,0.9423828125
427,213,3.1181559562683105,0.10077031701803207,-0.4524316191673279,1.0,7.152557373046875e-07,0.0,0.0,0.329833984375,0.85546875
428,214,3.1181559562683105,0.10077031701803207,0.45225584506988525,1.0,7.152557373046875e-07,0.0,0.0,0.329833984375,0.9423828125
429,214,3.1181559562683105,0.10077031701803207,0.45225584506988525,1.0,7.152557373046875e-07,0.0,0.0,0.329833984375,0.9423828125
430,213,3.1181559562683105,0.10077031701803207,-0.4524316191673279,1.0,7.152557373046875e-07,0.0,0.0,0.329833984375,0.85546875
431,215,3.1181559562683105,0.20645642280578613,-0.31879881024360657,1.0,7.748603820800781e-07,0.0,0.0,0.319580078125,0.8681640625
432,214,3.1181559562683105,0.10077031701803207,0.45225584506988525,1.0,7.152557373046875e-07,0.0,0.0,0.329833984375,0.9423828125
433,215,3.1181559562683105,0.20645642280578613,-0.31879881024360657,1.0,7.748603820800781e-07,0.0,0.0,0.319580078125,0.8681640625
434,216,3.1181559562683105,0.20645642280578613,0.31862547993659973,1.0,7.748603820800781e-07,0.0,0.0,0.319580078125,0.92919921875
435,216,3.1181559562683105,0.20645642280578613,0.31862547993659973,1.0,7.748603820800781e-07,0.0,0.0,0.319580078125,0.92919921875
436,215,3.1181559562683105,0.20645642280578613,-0.31879881024360657,1.0,7.748603820800781e-07,0.0,0.0,0.319580078125,0.8681640625
437,217,3.1181559562683105,0.7325634360313416,-0.23853270709514618,1.0,0.0,0.0,0.0,0.26904296875,0.8759765625
438,216,3.1181559562683105,0.20645642280578613,0.31862547993659973,1.0,7.748603820800781e-07,0.0,0.0,0.319580078125,0.92919921875
439,217,3.1181559562683105,0.7325634360313416,-0.23853270709514618,1.0,0.0,0.0,0.0,0.26904296875,0.8759765625
440,218,3.1181559562683105,0.7325634360313416,0.23835937678813934,1.0,0.0,0.0,0.0,0.26904296875,0.921875
441,218,3.1181559562683105,0.7325634360313416,0.23835937678813934,1.0,0.0,0.0,0.0,0.26904296875,0.921875
442,217,3.1181559562683105,0.7325634360313416,-0.23853270709514618,1.0,0.0,0.0,0.0,0.26904296875,0.8759765625
443,219,3.1181559562683105,0.8303784728050232,-0.10313964635133743,1.0,0.0,0.0,0.0,0.259765625,0.888671875
444,218,3.1181559562683105,0.7325634360313416,0.23835937678813934,1.0,0.0,0.0,0.0,0.26904296875,0.921875
445,219,3.1181559562683105,0.8303784728050232,-0.10313964635133743,1.0,0.0,0.0,0.0,0.259765625,0.888671875
446,220,3.1181559562683105,0.8303784728050232,0.10296630859375,1.0,0.0,0.0,0.0,0.259765625,0.90869140625
447,221,0.6106554865837097,0.006015948951244354,-0.45286375284194946,0.0,0.004558563232421875,-1.0,0.0,0.405029296875,0.41259765625
448,222,0.02826599031686783,0.006015948951244354,-0.45286375284194946,0.0,0.004558563232421875,-1.0,0.0,0.405029296875,0.356689453125
449,223,0.02826599031686783,0.10077031701803207,-0.4524316191673279,0.0,0.004558563232421875,-1.0,0.0,0.39794921875,0.356689453125
450,221,0.6106554865837097,0.006015948951244354,-0.45286375284194946,0.0,0.004558563232421875,-1.0,0.0,0.405029296875,0.41259765625
451,223,0.02826599031686783,0.10077031701803207,-0.4524316191673279,0.0,0.004558563232421875,-1.0,0.0,0.39794921875,0.356689453125
452,224,0.6106554865837097,0.10077031701803207,-0.4524316191673279,0.0,0.004558563232421875,-1.0,0.0,0.39794921875,0.41259765625
453,225,0.02826599031686783,0.10077031701803207,-0.4524316191673279,0.0,0.7841796875,-0.6201171875,0.0,0.39794921875,0.356689453125
454,226,0.02826599031686783,0.20645642280578613,-0.31879881024360657,0.0,0.1851806640625,-0.98291015625,0.0,0.38525390625,0.356689453125
455,227,0.6106554865837097,0.10077031701803207,-0.4524316191673279,0.0,0.7841796875,-0.6201171875,0.0,0.39794921875,0.41259765625
456,227,0.6106554865837097,0.10077031701803207,-0.4524316191673279,0.0,0.7841796875,-0.6201171875,0.0,0.39794921875,0.41259765625
457,226,0.02826599031686783,0.20645642280578613,-0.31879881024360657,0.0,0.1851806640625,-0.98291015625,0.0,0.38525390625,0.356689453125
458,228,0.8439910411834717,0.10077031701803207,-0.4524316191673279,0.0,0.7841796875,-0.6201171875,0.0,0.39794921875,0.43505859375
459,228,0.8439910411834717,0.10077031701803207,-0.4524316191673279,0.0,0.7841796875,-0.6201171875,0.0,0.39794921875,0.43505859375
460,226,0.02826599031686783,0.20645642280578613,-0.31879881024360657,0.0,0.1851806640625,-0.98291015625,0.0,0.38525390625,0.356689453125
461,229,3.1181559562683105,0.20645642280578613,-0.31879881024360657,0.0,0.1927490234375,-0.9814453125,0.0,0.38525390625,0.65380859375
462,228,0.8439910411834717,0.10077031701803207,-0.4524316191673279,0.0,0.7841796875,-0.6201171875,0.0,0.39794921875,0.43505859375
463,229,3.1181559562683105,0.20645642280578613,-0.31879881024360657,0.0,0.1927490234375,-0.9814453125,0.0,0.38525390625,0.65380859375
464,230,1.8505572080612183,0.10077031701803207,-0.4524316191673279,0.0,0.7841796875,-0.6201171875,0.0,0.39794921875,0.53173828125
465,229,3.1181559562683105,0.20645642280578613,-0.31879881024360657,0.0,0.1927490234375,-0.9814453125,0.0,0.38525390625,0.65380859375
466,226,0.02826599031686783,0.20645642280578613,-0.31879881024360657,0.0,0.1851806640625,-0.98291015625,0.0,0.38525390625,0.356689453125
467,231,0.02826599031686783,0.7325634360313416,-0.23853270709514618,0.0,0.15087890625,-0.98876953125,0.0,0.345703125,0.356689453125
468,229,3.1181559562683105,0.20645642280578613,-0.31879881024360657,0.0,0.1927490234375,-0.9814453125,0.0,0.38525390625,0.65380859375
469,231,0.02826599031686783,0.7325634360313416,-0.23853270709514618,0.0,0.15087890625,-0.98876953125,0.0,0.345703125,0.356689453125
470,232,3.1181559562683105,0.7325634360313416,-0.23853270709514618,0.0,0.15087890625,-0.98876953125,0.0,0.345703125,0.65380859375
471,230,1.8505572080612183,0.10077031701803207,-0.4524316191673279,0.0,0.7841796875,-0.6201171875,0.0,0.39794921875,0.53173828125
472,229,3.1181559562683105,0.20645642280578613,-0.31879881024360657,0.0,0.1927490234375,-0.9814453125,0.0,0.38525390625,0.65380859375
473,233,2.1021039485931396,0.10077031701803207,-0.4524316191673279,0.0,0.7841796875,-0.6201171875,0.0,0.39794921875,0.55615234375
474,233,2.1021039485931396,0.10077031701803207,-0.4524316191673279,0.0,0.7841796875,-0.6201171875,0.0,0.39794921875,0.55615234375
475,229,3.1181559562683105,0.20645642280578613,-0.31879881024360657,0.0,0.1927490234375,-0.9814453125,0.0,0.38525390625,0.65380859375
476,234,3.1181559562683105,0.10077031701803207,-0.4524316191673279,0.0,0.7841796875,-0.6201171875,0.0,0.39794921875,0.65380859375
477,235,3.1181559562683105,0.7325634360313416,-0.23853270709514618,0.0,0.810546875,-0.58544921875,0.0,0.345703125,0.65380859375
478,236,0.02826599031686783,0.7325634360313416,-0.23853270709514618,0.0,0.810546875,-0.58544921875,0.0,0.345703125,0.356689453125
479,237,0.02826599031686783,0.8303784728050232,-0.10313964635133743,0.0,0.810546875,-0.58544921875,0.0,0.333251953125,0.356689453125
480,235,3.1181559562683105,0.7325634360313416,-0.23853270709514618,0.0,0.810546875,-0.58544921875,0.0,0.345703125,0.65380859375
481,237,0.02826599031686783,0.8303784728050232,-0.10313964635133743,0.0,0.810546875,-0.58544921875,0.0,0.333251953125,0.356689453125
482,238,3.1181559562683105,0.8303784728050232,-0.10313964635133743,0.0,0.810546875,-0.58544921875,0.0,0.333251953125,0.65380859375
483,239,0.02826599031686783,0.8303784728050232,-0.10313964635133743,0.0,1.0,0.0,0.0,0.333251953125,0.356689453125
484,240,0.02826599031686783,0.8303784728050232,0.10296630859375,0.0,1.0,0.0,0.0,0.31787109375,0.356689453125
485,241,3.1181559562683105,0.8303784728050232,0.10296630859375,0.0,1.0,0.0,0.0,0.31787109375,0.65380859375
486,239,0.02826599031686783,0.8303784728050232,-0.10313964635133743,0.0,1.0,0.0,0.0,0.333251953125,0.356689453125
487,241,3.1181559562683105,0.8303784728050232,0.10296630859375,0.0,1.0,0.0,0.0,0.31787109375,0.65380859375
488,242,3.1181559562683105,0.8303784728050232,-0.10313964635133743,0.0,1.0,0.0,0.0,0.333251953125,0.65380859375
489,243,3.1181559562683105,0.7325634360313416,0.23835937678813934,0.0,0.810546875,0.58544921875,0.0,0.305419921875,0.65380859375
490,244,3.1181559562683105,0.8303784728050232,0.10296630859375,0.0,0.810546875,0.58544921875,0.0,0.31787109375,0.65380859375
491,245,0.02826599031686783,0.8303784728050232,0.10296630859375,0.0,0.810546875,0.58544921875,0.0,0.31787109375,0.356689453125
492,243,3.1181559562683105,0.7325634360313416,0.23835937678813934,0.0,0.810546875,0.58544921875,0.0,0.305419921875,0.65380859375
493,245,0.02826599031686783,0.8303784728050232,0.10296630859375,0.0,0.810546875,0.58544921875,0.0,0.31787109375,0.356689453125
494,246,0.02826599031686783,0.7325634360313416,0.23835937678813934,0.0,0.810546875,0.58544921875,0.0,0.305419921875,0.356689453125
495,247,3.1181559562683105,0.20645642280578613,0.31862547993659973,0.0,0.1927490234375,0.9814453125,0.0,0.265869140625,0.65380859375
496,248,3.1181559562683105,0.7325634360313416,0.23835937678813934,0.0,0.15087890625,0.98876953125,0.0,0.305419921875,0.65380859375
497,249,0.02826599031686783,0.7325634360313416,0.23835937678813934,0.0,0.15087890625,0.98876953125,0.0,0.305419921875,0.356689453125
498,247,3.1181559562683105,0.20645642280578613,0.31862547993659973,0.0,0.1927490234375,0.9814453125,0.0,0.265869140625,0.65380859375
499,249,0.02826599031686783,0.7325634360313416,0.23835937678813934,0.0,0.15087890625,0.98876953125,0.0,0.305419921875,0.356689453125
500,250,0.02826599031686783,0.20645642280578613,0.31862547993659973,0.0,0.1851806640625,0.98291015625,0.0,0.265869140625,0.356689453125
501,247,3.1181559562683105,0.20645642280578613,0.31862547993659973,0.0,0.1927490234375,0.9814453125,0.0,0.265869140625,0.65380859375
502,250,0.02826599031686783,0.20645642280578613,0.31862547993659973,0.0,0.1851806640625,0.98291015625,0.0,0.265869140625,0.356689453125
503,251,0.8439910411834717,0.10077031701803207,0.45225584506988525,0.0,0.7841796875,0.6201171875,0.0,0.253173828125,0.43505859375
504,250,0.02826599031686783,0.20645642280578613,0.31862547993659973,0.0,0.1851806640625,0.98291015625,0.0,0.265869140625,0.356689453125
505,252,0.6106554865837097,0.10077031701803207,0.45225584506988525,0.0,0.7841796875,0.6201171875,0.0,0.253173828125,0.41259765625
506,251,0.8439910411834717,0.10077031701803207,0.45225584506988525,0.0,0.7841796875,0.6201171875,0.0,0.253173828125,0.43505859375
507,250,0.02826599031686783,0.20645642280578613,0.31862547993659973,0.0,0.1851806640625,0.98291015625,0.0,0.265869140625,0.356689453125
508,253,0.02826599031686783,0.10077031701803207,0.45225584506988525,0.0,0.7841796875,0.6201171875,0.0,0.253173828125,0.356689453125
509,252,0.6106554865837097,0.10077031701803207,0.45225584506988525,0.0,0.7841796875,0.6201171875,0.0,0.253173828125,0.41259765625
510,247,3.1181559562683105,0.20645642280578613,0.31862547993659973,0.0,0.1927490234375,0.9814453125,0.0,0.265869140625,0.65380859375
511,251,0.8439910411834717,0.10077031701803207,0.45225584506988525,0.0,0.7841796875,0.6201171875,0.0,0.253173828125,0.43505859375
512,254,1.8505572080612183,0.10077031701803207,0.45225584506988525,0.0,0.7841796875,0.6201171875,0.0,0.253173828125,0.53173828125
513,247,3.1181559562683105,0.20645642280578613,0.31862547993659973,0.0,0.1927490234375,0.9814453125,0.0,0.265869140625,0.65380859375
514,254,1.8505572080612183,0.10077031701803207,0.45225584506988525,0.0,0.7841796875,0.6201171875,0.0,0.253173828125,0.53173828125
515,255,2.102104425430298,0.10077031701803207,0.45225584506988525,0.0,0.7841796875,0.6201171875,0.0,0.253173828125,0.55615234375
516,247,3.1181559562683105,0.20645642280578613,0.31862547993659973,0.0,0.1927490234375,0.9814453125,0.0,0.265869140625,0.65380859375
517,255,2.102104425430298,0.10077031701803207,0.45225584506988525,0.0,0.7841796875,0.6201171875,0.0,0.253173828125,0.55615234375
518,256,3.1181559562683105,0.10077031701803207,0.45225584506988525,0.0,0.7841796875,0.6201171875,0.0,0.253173828125,0.65380859375
519,257,3.1181559562683105,0.006015948951244354,0.4526904225349426,0.0,0.00458526611328125,1.0,0.0,0.24609375,0.65380859375
520,258,3.1181559562683105,0.10077031701803207,0.45225584506988525,0.0,0.00458526611328125,1.0,0.0,0.253173828125,0.65380859375
521,259,2.102104425430298,0.10077031701803207,0.45225584506988525,0.0,0.00458526611328125,1.0,0.0,0.253173828125,0.55615234375
522,257,3.1181559562683105,0.006015948951244354,0.4526904225349426,0.0,0.00458526611328125,1.0,0.0,0.24609375,0.65380859375
523,259,2.102104425430298,0.10077031701803207,0.45225584506988525,0.0,0.00458526611328125,1.0,0.0,0.253173828125,0.55615234375
524,260,2.102104425430298,0.006015948951244354,0.4526904225349426,0.0,0.00458526611328125,1.0,0.0,0.24609375,0.55615234375
525,261,1.8505572080612183,0.006015948951244354,0.4526904225349426,0.0,0.00458526611328125,1.0,0.0,0.24609375,0.53173828125
526,262,1.8505572080612183,0.10077031701803207,0.45225584506988525,0.0,0.00458526611328125,1.0,0.0,0.253173828125,0.53173828125
527,263,0.8439910411834717,0.10077031701803207,0.45225584506988525,0.0,0.00458526611328125,1.0,0.0,0.253173828125,0.43505859375
528,261,1.8505572080612183,0.006015948951244354,0.4526904225349426,0.0,0.00458526611328125,1.0,0.0,0.24609375,0.53173828125
529,263,0.8439910411834717,0.10077031701803207,0.45225584506988525,0.0,0.00458526611328125,1.0,0.0,0.253173828125,0.43505859375
530,264,0.8439910411834717,0.006015948951244354,0.4526904225349426,0.0,0.00458526611328125,1.0,0.0,0.24609375,0.43505859375
531,265,0.6106554865837097,0.10077031701803207,0.45225584506988525,0.0,0.00458526611328125,1.0,0.0,0.253173828125,0.41259765625
532,266,0.02826599031686783,0.10077031701803207,0.45225584506988525,0.0,0.00458526611328125,1.0,0.0,0.253173828125,0.356689453125
533,267,0.02826599031686783,0.006015948951244354,0.4526904225349426,0.0,0.00458526611328125,1.0,0.0,0.24609375,0.356689453125
534,265,0.6106554865837097,0.10077031701803207,0.45225584506988525,0.0,0.00458526611328125,1.0,0.0,0.253173828125,0.41259765625
535,267,0.02826599031686783,0.006015948951244354,0.4526904225349426,0.0,0.00458526611328125,1.0,0.0,0.24609375,0.356689453125
536,268,0.6106554865837097,0.006015948951244354,0.4526904225349426,0.0,0.00458526611328125,1.0,0.0,0.24609375,0.41259765625
537,269,2.1021039485931396,0.006015948951244354,-0.45286375284194946,0.0,0.004558563232421875,-1.0,0.0,0.405029296875,0.55615234375
538,270,2.1021039485931396,0.10077031701803207,-0.4524316191673279,0.0,0.004558563232421875,-1.0,0.0,0.39794921875,0.55615234375
539,271,3.1181559562683105,0.10077031701803207,-0.4524316191673279,0.0,0.004558563232421875,-1.0,0.0,0.39794921875,0.65380859375
540,269,2.1021039485931396,0.006015948951244354,-0.45286375284194946,0.0,0.004558563232421875,-1.0,0.0,0.405029296875,0.55615234375
541,271,3.1181559562683105,0.10077031701803207,-0.4524316191673279,0.0,0.004558563232421875,-1.0,0.0,0.39794921875,0.65380859375
542,272,3.1181559562683105,0.006015948951244354,-0.45286375284194946,0.0,0.004558563232421875,-1.0,0.0,0.405029296875,0.65380859375
543,273,1.8505572080612183,0.10077031701803207,-0.4524316191673279,0.0,0.004558563232421875,-1.0,0.0,0.39794921875,0.53173828125
544,274,1.8505572080612183,0.006015948951244354,-0.45286375284194946,0.0,0.004558563232421875,-1.0,0.0,0.405029296875,0.53173828125
545,275,0.8439910411834717,0.006015948951244354,-0.45286375284194946,0.0,0.004558563232421875,-1.0,0.0,0.405029296875,0.43505859375
546,273,1.8505572080612183,0.10077031701803207,-0.4524316191673279,0.0,0.004558563232421875,-1.0,0.0,0.39794921875,0.53173828125
547,275,0.8439910411834717,0.006015948951244354,-0.45286375284194946,0.0,0.004558563232421875,-1.0,0.0,0.405029296875,0.43505859375
548,276,0.8439910411834717,0.10077031701803207,-0.4524316191673279,0.0,0.004558563232421875,-1.0,0.0,0.39794921875,0.43505859375
549,277,0.02826599031686783,0.8303784728050232,0.10296630859375,-1.0,0.0,0.0,0.0,0.30078125,0.96337890625
550,278,0.02826599031686783,0.8303784728050232,-0.10313964635133743,-1.0,0.0,0.0,0.0,0.30078125,0.943359375
551,279,0.02826599031686783,0.7325634360313416,-0.23853270709514618,-1.0,0.0,0.0,0.0,0.29150390625,0.9306640625
552,277,0.02826599031686783,0.8303784728050232,0.10296630859375,-1.0,0.0,0.0,0.0,0.30078125,0.96337890625
553,279,0.02826599031686783,0.7325634360313416,-0.23853270709514618,-1.0,0.0,0.0,0.0,0.29150390625,0.9306640625
554,280,0.02826599031686783,0.7325634360313416,0.23835937678813934,-1.0,0.0,0.0,0.0,0.29150390625,0.97607421875
555,280,0.02826599031686783,0.7325634360313416,0.23835937678813934,-1.0,0.0,0.0,0.0,0.29150390625,0.97607421875
556,279,0.02826599031686783,0.7325634360313416,-0.23853270709514618,-1.0,0.0,0.0,0.0,0.29150390625,0.9306640625
557,281,0.02826599031686783,0.20645642280578613,-0.31879881024360657,-1.0,0.0,0.0,0.0,0.2408447265625,0.9228515625
558,280,0.02826599031686783,0.7325634360313416,0.23835937678813934,-1.0,0.0,0.0,0.0,0.29150390625,0.97607421875
559,281,0.02826599031686783,0.20645642280578613,-0.31879881024360657,-1.0,0.0,0.0,0.0,0.2408447265625,0.9228515625
560,282,0.02826599031686783,0.20645642280578613,0.31862547993659973,-1.0,0.0,0.0,0.0,0.2408447265625,0.98388671875
561,282,0.02826599031686783,0.20645642280578613,0.31862547993659973,-1.0,0.0,0.0,0.0,0.2408447265625,0.98388671875
562,281,0.02826599031686783,0.20645642280578613,-0.31879881024360657,-1.0,0.0,0.0,0.0,0.2408447265625,0.9228515625
563,283,0.02826599031686783,0.10077031701803207,-0.4524316191673279,-1.0,0.0,0.0,0.0,0.230712890625,0.91015625
564,282,0.02826599031686783,0.20645642280578613,0.31862547993659973,-1.0,0.0,0.0,0.0,0.2408447265625,0.98388671875
565,283,0.02826599031686783,0.10077031701803207,-0.4524316191673279,-1.0,0.0,0.0,0.0,0.230712890625,0.91015625
566,284,0.02826599031686783,0.10077031701803207,0.45225584506988525,-1.0,0.0,0.0,0.0,0.230712890625,0.9970703125
567,284,0.02826599031686783,0.10077031701803207,0.45225584506988525,-1.0,0.0,0.0,0.0,0.230712890625,0.9970703125
568,283,0.02826599031686783,0.10077031701803207,-0.4524316191673279,-1.0,0.0,0.0,0.0,0.230712890625,0.91015625
569,285,0.02826599031686783,0.006015948951244354,-0.45286375284194946,-1.0,0.0,0.0,0.0,0.2215576171875,0.91015625
570,284,0.02826599031686783,0.10077031701803207,0.45225584506988525,-1.0,0.0,0.0,0.0,0.230712890625,0.9970703125
571,285,0.02826599031686783,0.006015948951244354,-0.45286375284194946,-1.0,0.0,0.0,0.0,0.2215576171875,0.91015625
572,286,0.02826599031686783,0.006015948951244354,0.4526904225349426,-1.0,0.0,0.0,0.0,0.2215576171875,0.9970703125
573,287,0.8439910411834717,0.006015948951244354,0.4526904225349426,-1.0,-2.980232238769531e-07,0.0,0.0,0.134765625,0.9970703125
574,288,0.8439910411834717,0.10077031701803207,0.45225584506988525,-1.0,-2.980232238769531e-07,0.0,0.0,0.134765625,0.98828125
575,289,0.8439910411834717,0.10077031701803207,-0.4524316191673279,-1.0,-2.980232238769531e-07,0.0,0.0,0.053619384765625,0.98828125
576,287,0.8439910411834717,0.006015948951244354,0.4526904225349426,-1.0,-2.980232238769531e-07,0.0,0.0,0.134765625,0.9970703125
577,289,0.8439910411834717,0.10077031701803207,-0.4524316191673279,-1.0,-2.980232238769531e-07,0.0,0.0,0.053619384765625,0.98828125
578,290,0.8439910411834717,0.006015948951244354,-0.45286375284194946,-1.0,-2.980232238769531e-07,0.0,0.0,0.053619384765625,0.9970703125
579,291,0.6106554865837097,0.006015948951244354,-0.45286375284194946,1.0,4.172325134277344e-07,0.0,0.0,0.2174072265625,0.9833984375
580,292,0.6106554865837097,0.10077031701803207,-0.4524316191673279,1.0,4.172325134277344e-07,0.0,0.0,0.2174072265625,0.974609375
581,293,0.6106554865837097,0.10077031701803207,0.45225584506988525,1.0,4.172325134277344e-07,0.0,0.0,0.1375732421875,0.974609375
582,291,0.6106554865837097,0.006015948951244354,-0.45286375284194946,1.0,4.172325134277344e-07,0.0,0.0,0.2174072265625,0.9833984375
583,293,0.6106554865837097,0.10077031701803207,0.45225584506988525,1.0,4.172325134277344e-07,0.0,0.0,0.1375732421875,0.974609375
584,294,0.6106554865837097,0.006015948951244354,0.4526904225349426,1.0,4.172325134277344e-07,0.0,0.0,0.1375732421875,0.9833984375
585,295,1.8505572080612183,0.10077031701803207,0.45225584506988525,1.0,1.1324882507324219e-06,0.0,0.0,0.456787109375,0.8984375
586,296,1.8505572080612183,0.006015948951244354,0.4526904225349426,1.0,1.1324882507324219e-06,0.0,0.0,0.456787109375,0.90771484375
587,297,1.8505572080612183,0.006015948951244354,-0.45286375284194946,1.0,1.1324882507324219e-06,0.0,0.0,0.54345703125,0.90771484375
588,295,1.8505572080612183,0.10077031701803207,0.45225584506988525,1.0,1.1324882507324219e-06,0.0,0.0,0.456787109375,0.8984375
589,297,1.8505572080612183,0.006015948951244354,-0.45286375284194946,1.0,1.1324882507324219e-06,0.0,0.0,0.54345703125,0.90771484375
590,298,1.8505572080612183,0.10077031701803207,-0.4524316191673279,1.0,1.1324882507324219e-06,0.0,0.0,0.54345703125,0.8984375
591,299,2.102104425430298,0.006015948951244354,0.4526904225349426,-1.0,4.172325134277344e-07,6.556510925292969e-07,0.0,0.54296875,0.8759765625
592,300,2.102104425430298,0.10077031701803207,0.45225584506988525,-1.0,4.172325134277344e-07,6.556510925292969e-07,0.0,0.54296875,0.86669921875
593,301,2.1021039485931396,0.10077031701803207,-0.4524316191673279,-1.0,4.172325134277344e-07,6.556510925292969e-07,0.0,0.45654296875,0.86669921875
594,299,2.102104425430298,0.006015948951244354,0.4526904225349426,-1.0,4.172325134277344e-07,6.556510925292969e-07,0.0,0.54296875,0.8759765625
595,301,2.1021039485931396,0.10077031701803207,-0.4524316191673279,-1.0,4.172325134277344e-07,6.556510925292969e-07,0.0,0.45654296875,0.86669921875
596,302,2.1021039485931396,0.006015948951244354,-0.45286375284194946,-1.0,4.172325134277344e-07,6.556510925292969e-07,0.0,0.45654296875,0.8759765625
597,303,0.14971740543842316,2.2527005672454834,0.17919909954071045,-0.25341796875,0.445556640625,0.85888671875,0.0,0.415283203125,0.56591796875
598,304,0.08895980566740036,2.3578572273254395,0.10671016573905945,-0.271240234375,0.47900390625,0.8349609375,0.0,0.4169921875,0.578125
599,305,0.07058929651975632,2.3492677211761475,0.10574746876955032,-0.2763671875,0.488525390625,0.82763671875,0.0,0.418701171875,0.578125
600,304,0.08895980566740036,2.3578572273254395,0.10671016573905945,-0.271240234375,0.47900390625,0.8349609375,0.0,0.4169921875,0.578125
601,306,0.041670531034469604,2.3867225646972656,0.07014762610197067,-0.37451171875,0.642578125,0.66845703125,0.0,0.418701171875,0.5830078125
602,305,0.07058929651975632,2.3492677211761475,0.10574746876955032,-0.2763671875,0.488525390625,0.82763671875,0.0,0.418701171875,0.578125
603,304,0.08895980566740036,2.3578572273254395,0.10671016573905945,-0.271240234375,0.47900390625,0.8349609375,0.0,0.4169921875,0.578125
604,307,0.058164212852716446,2.3978707790374756,0.06913045793771744,-0.375244140625,0.6435546875,0.6669921875,0.0,0.4169921875,0.58349609375
605,306,0.041670531034469604,2.3867225646972656,0.07014762610197067,-0.37451171875,0.642578125,0.66845703125,0.0,0.418701171875,0.5830078125
606,307,0.058164212852716446,2.3978707790374756,0.06913045793771744,-0.375244140625,0.6435546875,0.6669921875,0.0,0.4169921875,0.58349609375
607,308,0.023594969883561134,2.4138848781585693,0.016348255798220634,-0.43994140625,0.73779296875,0.51220703125,0.0,0.41845703125,0.58837890625
608,306,0.041670531034469604,2.3867225646972656,0.07014762610197067,-0.37451171875,0.642578125,0.66845703125,0.0,0.418701171875,0.5830078125
609,307,0.058164212852716446,2.3978707790374756,0.06913045793771744,-0.375244140625,0.6435546875,0.6669921875,0.0,0.4169921875,0.58349609375
610,309,0.038875579833984375,2.4240832328796387,0.013909639790654182,-0.43994140625,0.73779296875,0.51220703125,0.0,0.4169921875,0.5888671875
611,308,0.023594969883561134,2.4138848781585693,0.016348255798220634,-0.43994140625,0.73779296875,0.51220703125,0.0,0.41845703125,0.58837890625
612,310,0.08895980566740036,2.3578572273254395,0.10671016573905945,0.884765625,0.40478515625,-0.2315673828125,0.0,0.4169921875,0.578125
613,311,0.14971740543842316,2.2527005672454834,0.17919909954071045,0.90185546875,0.383544921875,-0.1993408203125,0.0,0.415283203125,0.56591796875
614,312,0.09119156002998352,2.339601993560791,0.08168807625770569,0.88330078125,0.406494140625,-0.2342529296875,0.0,0.414306640625,0.578125
615,313,0.06227874755859375,2.375555992126465,0.04995080828666687,0.89794921875,0.389404296875,-0.205322265625,0.0,0.414306640625,0.58349609375
616,310,0.08895980566740036,2.3578572273254395,0.10671016573905945,0.884765625,0.40478515625,-0.2315673828125,0.0,0.4169921875,0.578125
617,312,0.09119156002998352,2.339601993560791,0.08168807625770569,0.88330078125,0.406494140625,-0.2342529296875,0.0,0.414306640625,0.578125
618,313,0.06227874755859375,2.375555992126465,0.04995080828666687,0.89794921875,0.389404296875,-0.205322265625,0.0,0.414306640625,0.58349609375
619,314,0.058164212852716446,2.3978707790374756,0.06913045793771744,0.89697265625,0.390380859375,-0.206787109375,0.0,0.4169921875,0.58349609375
620,310,0.08895980566740036,2.3578572273254395,0.10671016573905945,0.884765625,0.40478515625,-0.2315673828125,0.0,0.4169921875,0.578125
621,315,0.047265470027923584,2.399866819381714,0.0005644679185934365,0.92822265625,0.345458984375,-0.137451171875,0.0,0.41455078125,0.58837890625
622,314,0.058164212852716446,2.3978707790374756,0.06913045793771744,0.89697265625,0.390380859375,-0.206787109375,0.0,0.4169921875,0.58349609375
623,313,0.06227874755859375,2.375555992126465,0.04995080828666687,0.89794921875,0.389404296875,-0.205322265625,0.0,0.414306640625,0.58349609375
624,315,0.047265470027923584,2.399866819381714,0.0005644679185934365,0.92822265625,0.345458984375,-0.137451171875,0.0,0.41455078125,0.58837890625
625,316,0.038875579833984375,2.4240832328796387,0.013909639790654182,0.92822265625,0.345458984375,-0.137451171875,0.0,0.4169921875,0.5888671875
626,314,0.058164212852716446,2.3978707790374756,0.06913045793771744,0.89697265625,0.390380859375,-0.206787109375,0.0,0.4169921875,0.58349609375
627,317,0.06227874755859375,2.375555992126465,0.04995080828666687,-0.6181640625,-0.75390625,-0.2216796875,0.0,0.414306640625,0.58349609375
628,318,0.023594969883561134,2.4138848781585693,0.016348255798220634,-0.599609375,-0.77587890625,-0.19482421875,0.0,0.411865234375,0.58837890625
629,319,0.047265470027923584,2.399866819381714,0.0005644679185934365,-0.599609375,-0.77587890625,-0.19482421875,0.0,0.41455078125,0.58837890625
630,317,0.06227874755859375,2.375555992126465,0.04995080828666687,-0.6181640625,-0.75390625,-0.2216796875,0.0,0.414306640625,0.58349609375
631,320,0.041670531034469604,2.3867225646972656,0.07014762610197067,-0.61865234375,-0.75341796875,-0.222412109375,0.0,0.41162109375,0.58349609375
632,318,0.023594969883561134,2.4138848781585693,0.016348255798220634,-0.599609375,-0.77587890625,-0.19482421875,0.0,0.411865234375,0.58837890625
633,321,0.09119156002998352,2.339601993560791,0.08168807625770569,-0.63916015625,-0.7255859375,-0.254638671875,0.0,0.414306640625,0.578125
634,320,0.041670531034469604,2.3867225646972656,0.07014762610197067,-0.61865234375,-0.75341796875,-0.222412109375,0.0,0.41162109375,0.58349609375
635,317,0.06227874755859375,2.375555992126465,0.04995080828666687,-0.6181640625,-0.75390625,-0.2216796875,0.0,0.414306640625,0.58349609375
636,321,0.09119156002998352,2.339601993560791,0.08168807625770569,-0.63916015625,-0.7255859375,-0.254638671875,0.0,0.414306640625,0.578125
637,322,0.07058929651975632,2.3492677211761475,0.10574746876955032,-0.63916015625,-0.72607421875,-0.25439453125,0.0,0.41162109375,0.578125
638,320,0.041670531034469604,2.3867225646972656,0.07014762610197067,-0.61865234375,-0.75341796875,-0.222412109375,0.0,0.41162109375,0.58349609375
639,322,0.07058929651975632,2.3492677211761475,0.10574746876955032,-0.63916015625,-0.72607421875,-0.25439453125,0.0,0.41162109375,0.578125
640,321,0.09119156002998352,2.339601993560791,0.08168807625770569,-0.63916015625,-0.7255859375,-0.254638671875,0.0,0.414306640625,0.578125
641,323,0.14971740543842316,2.2527005672454834,0.17919909954071045,-0.64111328125,-0.72216796875,-0.2587890625,0.0,0.415283203125,0.56591796875
642,324,0.022181395441293716,2.411597967147827,0.01433002483099699,-0.72509765625,0.62939453125,0.2802734375,0.0,0.449462890625,0.96923828125
643,325,0.097040556371212,2.4576468467712402,-0.05924757197499275,-0.389404296875,0.1319580078125,-0.91162109375,0.0,0.45849609375,0.9619140625
644,326,0.0443919375538826,2.3912155628204346,-0.05030178278684616,-0.397216796875,0.139404296875,-0.9072265625,0.0,0.449462890625,0.9619140625
645,324,0.022181395441293716,2.411597967147827,0.01433002483099699,-0.72509765625,0.62939453125,0.2802734375,0.0,0.449462890625,0.96923828125
646,327,0.07737823575735092,2.480478048324585,0.0004649782204069197,-0.73779296875,0.6318359375,0.2376708984375,0.0,0.45849609375,0.96923828125
647,325,0.097040556371212,2.4576468467712402,-0.05924757197499275,-0.389404296875,0.1319580078125,-0.91162109375,0.0,0.45849609375,0.9619140625
648,328,0.05373077094554901,2.3742451667785645,0.06563790887594223,-0.04083251953125,0.2186279296875,0.97509765625,0.0,0.449462890625,0.9755859375
649,327,0.07737823575735092,2.480478048324585,0.0004649782204069197,-0.73779296875,0.6318359375,0.2376708984375,0.0,0.45849609375,0.96923828125
650,324,0.022181395441293716,2.411597967147827,0.01433002483099699,-0.72509765625,0.62939453125,0.2802734375,0.0,0.449462890625,0.96923828125
651,328,0.05373077094554901,2.3742451667785645,0.06563790887594223,-0.04083251953125,0.2186279296875,0.97509765625,0.0,0.449462890625,0.9755859375
652,329,0.1269589215517044,2.4686813354492188,0.049276430159807205,-0.04632568359375,0.22265625,0.9736328125,0.0,0.45849609375,0.9755859375
653,327,0.07737823575735092,2.480478048324585,0.0004649782204069197,-0.73779296875,0.6318359375,0.2376708984375,0.0,0.45849609375,0.96923828125
654,330,0.10864715278148651,2.346705198287964,0.03512437641620636,0.71240234375,-0.466796875,0.52392578125,0.0,0.449462890625,0.98193359375
655,329,0.1269589215517044,2.4686813354492188,0.049276430159807205,-0.04632568359375,0.22265625,0.9736328125,0.0,0.45849609375,0.9755859375
656,328,0.05373077094554901,2.3742451667785645,0.06563790887594223,-0.04083251953125,0.2186279296875,0.97509765625,0.0,0.449462890625,0.9755859375
657,330,0.10864715278148651,2.346705198287964,0.03512437641620636,0.71240234375,-0.466796875,0.52392578125,0.0,0.449462890625,0.98193359375
658,331,0.1667269915342331,2.4108121395111084,0.017184747382998466,0.73681640625,-0.5009765625,0.454345703125,0.0,0.45849609375,0.98193359375
659,329,0.1269589215517044,2.4686813354492188,0.049276430159807205,-0.04632568359375,0.22265625,0.9736328125,0.0,0.45849609375,0.9755859375
660,332,0.0956045538187027,2.331231117248535,-0.03631152957677841,0.5185546875,-0.5517578125,-0.6533203125,0.0,0.449462890625,0.9892578125
661,331,0.1667269915342331,2.4108121395111084,0.017184747382998466,0.73681640625,-0.5009765625,0.454345703125,0.0,0.45849609375,0.98193359375
662,330,0.10864715278148651,2.346705198287964,0.03512437641620636,0.71240234375,-0.466796875,0.52392578125,0.0,0.449462890625,0.98193359375
663,332,0.0956045538187027,2.331231117248535,-0.03631152957677841,0.5185546875,-0.5517578125,-0.6533203125,0.0,0.449462890625,0.9892578125
664,333,0.162769615650177,2.4234447479248047,-0.05952753499150276,0.4541015625,-0.51513671875,-0.72705078125,0.0,0.45849609375,0.9892578125
665,331,0.1667269915342331,2.4108121395111084,0.017184747382998466,0.73681640625,-0.5009765625,0.454345703125,0.0,0.45849609375,0.98193359375
666,334,0.0443919375538826,2.3912155628204346,-0.05030178278684616,-0.397216796875,0.139404296875,-0.9072265625,0.0,0.449462890625,0.99658203125
667,333,0.162769615650177,2.4234447479248047,-0.05952753499150276,0.4541015625,-0.51513671875,-0.72705078125,0.0,0.45849609375,0.9892578125
668,332,0.0956045538187027,2.331231117248535,-0.03631152957677841,0.5185546875,-0.5517578125,-0.6533203125,0.0,0.449462890625,0.9892578125
669,334,0.0443919375538826,2.3912155628204346,-0.05030178278684616,-0.397216796875,0.139404296875,-0.9072265625,0.0,0.449462890625,0.99658203125
670,335,0.097040556371212,2.4576468467712402,-0.05924757197499275,-0.389404296875,0.1319580078125,-0.91162109375,0.0,0.45849609375,0.99658203125
671,333,0.162769615650177,2.4234447479248047,-0.05952753499150276,0.4541015625,-0.51513671875,-0.72705078125,0.0,0.45849609375,0.9892578125
672,336,0.07737823575735092,2.480478048324585,0.0004649782204069197,0.587890625,0.796875,-0.13818359375,0.0,0.58544921875,0.73291015625
673,337,0.1269589215517044,2.4686813354492188,0.049276430159807205,0.60009765625,0.66162109375,-0.44970703125,0.0,0.59130859375,0.7314453125
674,338,0.1667269915342331,2.4108121395111084,0.017184747382998466,0.6181640625,0.78515625,-0.032806396484375,0.0,0.59130859375,0.72509765625
675,336,0.07737823575735092,2.480478048324585,0.0004649782204069197,0.587890625,0.796875,-0.13818359375,0.0,0.58544921875,0.73291015625
676,338,0.1667269915342331,2.4108121395111084,0.017184747382998466,0.6181640625,0.78515625,-0.032806396484375,0.0,0.59130859375,0.72509765625
677,339,0.162769615650177,2.4234447479248047,-0.05952753499150276,0.57666015625,0.81591796875,0.045379638671875,0.0,0.5849609375,0.72265625
678,340,0.097040556371212,2.4576468467712402,-0.05924757197499275,0.453125,0.8720703125,-0.184326171875,0.0,0.58203125,0.72802734375
679,336,0.07737823575735092,2.480478048324585,0.0004649782204069197,0.587890625,0.796875,-0.13818359375,0.0,0.58544921875,0.73291015625
680,339,0.162769615650177,2.4234447479248047,-0.05952753499150276,0.57666015625,0.81591796875,0.045379638671875,0.0,0.5849609375,0.72265625
681,341,0.022268524393439293,2.60695219039917,-0.06150248274207115,-0.9228515625,-0.2127685546875,0.320556640625,0.0,0.306884765625,0.94970703125
682,342,0.0771830752491951,2.4908528327941895,0.019540157169103622,-0.86279296875,-0.33984375,0.374267578125,0.0,0.30810546875,0.93603515625
683,343,0.08109817653894424,2.503549337387085,0.03923460468649864,-0.857421875,-0.349609375,0.378173828125,0.0,0.30615234375,0.93603515625
684,342,0.0771830752491951,2.4908528327941895,0.019540157169103622,-0.86279296875,-0.33984375,0.374267578125,0.0,0.30810546875,0.93603515625
685,344,0.11799346655607224,2.4596457481384277,0.053804900497198105,-0.748046875,-0.501953125,0.43408203125,0.0,0.304931640625,0.93115234375
686,343,0.08109817653894424,2.503549337387085,0.03923460468649864,-0.857421875,-0.349609375,0.378173828125,0.0,0.30615234375,0.93603515625
687,342,0.0771830752491951,2.4908528327941895,0.019540157169103622,-0.86279296875,-0.33984375,0.374267578125,0.0,0.30810546875,0.93603515625
688,345,0.1151605173945427,2.4490747451782227,0.03496437519788742,-0.748046875,-0.501953125,0.43408203125,0.0,0.306640625,0.9306640625
689,344,0.11799346655607224,2.4596457481384277,0.053804900497198105,-0.748046875,-0.501953125,0.43408203125,0.0,0.304931640625,0.93115234375
690,346,0.12108749151229858,2.4549319744110107,0.02064993418753147,0.77099609375,0.337646484375,-0.5400390625,0.0,0.30126953125,0.9326171875
691,347,0.10285079479217529,2.502925157546997,0.02462770976126194,0.8125,0.28125,-0.5107421875,0.0,0.303955078125,0.93603515625
692,348,0.130848690867424,2.461329936981201,0.0380505695939064,0.77099609375,0.337646484375,-0.5400390625,0.0,0.302978515625,0.931640625
693,346,0.12108749151229858,2.4549319744110107,0.02064993418753147,0.77099609375,0.337646484375,-0.5400390625,0.0,0.30126953125,0.9326171875
694,349,0.0947084054350853,2.489213466644287,0.0038907432463020086,0.81640625,0.27587890625,-0.5078125,0.0,0.3017578125,0.9365234375
695,347,0.10285079479217529,2.502925157546997,0.02462770976126194,0.8125,0.28125,-0.5107421875,0.0,0.303955078125,0.93603515625
696,349,0.0947084054350853,2.489213466644287,0.0038907432463020086,0.81640625,0.27587890625,-0.5078125,0.0,0.3017578125,0.9365234375
697,350,0.022268524393439293,2.60695219039917,-0.06150248274207115,0.83740234375,0.2432861328125,-0.489501953125,0.0,0.306884765625,0.94970703125
698,347,0.10285079479217529,2.502925157546997,0.02462770976126194,0.8125,0.28125,-0.5107421875,0.0,0.303955078125,0.93603515625
699,351,0.022268524393439293,2.60695219039917,-0.06150248274207115,0.38525390625,0.7470703125,0.5419921875,0.0,0.306884765625,0.94970703125
700,352,0.08109817653894424,2.503549337387085,0.03923460468649864,0.429443359375,0.703125,0.56689453125,0.0,0.30615234375,0.93603515625
701,353,0.10285079479217529,2.502925157546997,0.02462770976126194,0.447509765625,0.68359375,0.57666015625,0.0,0.303955078125,0.93603515625
702,352,0.08109817653894424,2.503549337387085,0.03923460468649864,0.429443359375,0.703125,0.56689453125,0.0,0.30615234375,0.93603515625
703,354,0.130848690867424,2.461329936981201,0.0380505695939064,0.51953125,0.59521484375,0.61328125,0.0,0.302978515625,0.931640625
704,353,0.10285079479217529,2.502925157546997,0.02462770976126194,0.447509765625,0.68359375,0.57666015625,0.0,0.303955078125,0.93603515625
705,352,0.08109817653894424,2.503549337387085,0.03923460468649864,0.429443359375,0.703125,0.56689453125,0.0,0.30615234375,0.93603515625
706,355,0.11799346655607224,2.4596457481384277,0.053804900497198105,0.51953125,0.59521484375,0.61328125,0.0,0.304931640625,0.93115234375
707,354,0.130848690867424,2.461329936981201,0.0380505695939064,0.51953125,0.59521484375,0.61328125,0.0,0.302978515625,0.931640625
708,356,0.15876586735248566,2.4256415367126465,-0.025764955207705498,0.19921875,0.900390625,0.38671875,0.0,0.49365234375,0.306640625
709,357,0.21284621953964233,2.407836437225342,-0.012169837951660156,0.2188720703125,0.8984375,0.381103515625,0.0,0.494140625,0.301513671875
710,358,0.157906636595726,2.435877799987793,-0.047451719641685486,0.19921875,0.900390625,0.38671875,0.0,0.491455078125,0.30712890625
711,356,0.15876586735248566,2.4256415367126465,-0.025764955207705498,0.19921875,0.900390625,0.38671875,0.0,0.49365234375,0.306640625
712,359,0.20853668451309204,2.400744915008545,0.008269872516393661,0.236328125,0.89599609375,0.376220703125,0.0,0.49609375,0.3017578125
713,357,0.21284621953964233,2.407836437225342,-0.012169837951660156,0.2188720703125,0.8984375,0.381103515625,0.0,0.494140625,0.301513671875
714,359,0.20853668451309204,2.400744915008545,0.008269872516393661,0.236328125,0.89599609375,0.376220703125,0.0,0.49609375,0.3017578125
715,360,0.2804122865200043,2.3703384399414062,0.02924055978655815,0.27001953125,0.890625,0.365966796875,0.0,0.49853515625,0.295166015625
716,357,0.21284621953964233,2.407836437225342,-0.012169837951660156,0.2188720703125,0.8984375,0.381103515625,0.0,0.494140625,0.301513671875
717,361,0.2804122865200043,2.3703384399414062,0.02924055978655815,0.63671875,0.487548828125,-0.59716796875,0.0,0.49853515625,0.295166015625
718,362,0.21673782169818878,2.389302968978882,-0.023150499910116196,0.63720703125,0.4951171875,-0.59033203125,0.0,0.49267578125,0.30029296875
719,363,0.21284621953964233,2.407836437225342,-0.012169837951660156,0.6376953125,0.496337890625,-0.58935546875,0.0,0.494140625,0.301513671875
720,362,0.21673782169818878,2.389302968978882,-0.023150499910116196,0.63720703125,0.4951171875,-0.59033203125,0.0,0.49267578125,0.30029296875
721,364,0.157906636595726,2.435877799987793,-0.047451719641685486,0.6376953125,0.5,-0.5859375,0.0,0.491455078125,0.30712890625
722,363,0.21284621953964233,2.407836437225342,-0.012169837951660156,0.6376953125,0.496337890625,-0.58935546875,0.0,0.494140625,0.301513671875
723,362,0.21673782169818878,2.389302968978882,-0.023150499910116196,0.63720703125,0.4951171875,-0.59033203125,0.0,0.49267578125,0.30029296875
724,365,0.1565328985452652,2.4199905395507812,-0.06311547011137009,0.6376953125,0.5,-0.5859375,0.0,0.48974609375,0.306396484375
725,364,0.157906636595726,2.435877799987793,-0.047451719641685486,0.6376953125,0.5,-0.5859375,0.0,0.491455078125,0.30712890625
726,366,0.15876586735248566,2.4256415367126465,-0.025764955207705498,-0.529296875,-0.8330078125,0.1611328125,0.0,0.49365234375,0.306640625
727,367,0.1565328985452652,2.4199905395507812,-0.06311547011137009,-0.529296875,-0.8330078125,0.1611328125,0.0,0.49560546875,0.309326171875
728,368,0.21673782169818878,2.389302968978882,-0.023150499910116196,-0.50146484375,-0.84765625,0.1749267578125,0.0,0.498779296875,0.302978515625
729,366,0.15876586735248566,2.4256415367126465,-0.025764955207705498,-0.529296875,-0.8330078125,0.1611328125,0.0,0.49365234375,0.306640625
730,368,0.21673782169818878,2.389302968978882,-0.023150499910116196,-0.50146484375,-0.84765625,0.1749267578125,0.0,0.498779296875,0.302978515625
731,369,0.20853668451309204,2.400744915008545,0.008269872516393661,-0.493408203125,-0.85107421875,0.1787109375,0.0,0.49609375,0.3017578125
732,368,0.21673782169818878,2.389302968978882,-0.023150499910116196,-0.50146484375,-0.84765625,0.1749267578125,0.0,0.498779296875,0.302978515625
733,370,0.2804122865200043,2.3703384399414062,0.02924055978655815,-0.431884765625,-0.8779296875,0.20703125,0.0,0.49853515625,0.295166015625
734,369,0.20853668451309204,2.400744915008545,0.008269872516393661,-0.493408203125,-0.85107421875,0.1787109375,0.0,0.49609375,0.3017578125
735,371,0.08428878337144852,2.3676047325134277,-0.021167971193790436,-0.68212890625,0.305419921875,0.66455078125,0.0,0.30810546875,0.300537109375
736,372,0.05083755403757095,2.3620121479034424,-0.05291760712862015,-0.59130859375,0.280517578125,0.75634765625,0.0,0.309326171875,0.3046875
737,373,0.08222763240337372,2.3498620986938477,-0.014604637399315834,-0.68212890625,0.305419921875,0.66455078125,0.0,0.309814453125,0.2998046875
738,371,0.08428878337144852,2.3676047325134277,-0.021167971193790436,-0.68212890625,0.305419921875,0.66455078125,0.0,0.30810546875,0.300537109375
739,374,0.0558442659676075,2.379315137863159,-0.05520249158143997,-0.572265625,0.275146484375,0.7724609375,0.0,0.3076171875,0.304931640625
740,372,0.05083755403757095,2.3620121479034424,-0.05291760712862015,-0.59130859375,0.280517578125,0.75634765625,0.0,0.309326171875,0.3046875
741,374,0.0558442659676075,2.379315137863159,-0.05520249158143997,-0.572265625,0.275146484375,0.7724609375,0.0,0.3076171875,0.304931640625
742,375,-0.05004379153251648,2.413693904876709,-0.12978249788284302,-0.50048828125,0.254150390625,0.82763671875,0.0,0.30810546875,0.317626953125
743,372,0.05083755403757095,2.3620121479034424,-0.05291760712862015,-0.59130859375,0.280517578125,0.75634765625,0.0,0.309326171875,0.3046875
744,376,0.08428878337144852,2.3676047325134277,-0.021167971193790436,0.6376953125,0.7099609375,-0.299072265625,0.0,0.30810546875,0.300537109375
745,377,0.09987059980630875,2.346069812774658,-0.040271490812301636,0.6376953125,0.7099609375,-0.299072265625,0.0,0.30517578125,0.300048828125
746,378,0.06671813875436783,2.359088659286499,-0.07884667813777924,0.576171875,0.73486328125,-0.357177734375,0.0,0.304443359375,0.304931640625
747,376,0.08428878337144852,2.3676047325134277,-0.021167971193790436,0.6376953125,0.7099609375,-0.299072265625,0.0,0.30810546875,0.300537109375
748,378,0.06671813875436783,2.359088659286499,-0.07884667813777924,0.576171875,0.73486328125,-0.357177734375,0.0,0.304443359375,0.304931640625
749,379,0.0558442659676075,2.379315137863159,-0.05520249158143997,0.5771484375,0.73486328125,-0.3564453125,0.0,0.3076171875,0.304931640625
750,378,0.06671813875436783,2.359088659286499,-0.07884667813777924,0.576171875,0.73486328125,-0.357177734375,0.0,0.304443359375,0.304931640625
751,380,-0.05004379153251648,2.413693904876709,-0.12978249788284302,0.52587890625,0.75048828125,-0.400390625,0.0,0.30810546875,0.317626953125
752,379,0.0558442659676075,2.379315137863159,-0.05520249158143997,0.5771484375,0.73486328125,-0.3564453125,0.0,0.3076171875,0.304931640625
753,381,1.0471268892288208,3.3579587936401367,-0.012093810364603996,0.71826171875,-0.6953125,-0.01385498046875,0.0,0.1353759765625,0.350341796875
754,382,1.0225720405578613,3.3816866874694824,0.022719649598002434,0.00820159912109375,-0.0025653839111328125,1.0,0.0,0.14013671875,0.350341796875
755,383,-1.4745409488677979,0.8021194338798523,0.036585234105587006,0.011138916015625,-0.005405426025390625,1.0,0.0,0.14013671875,0.0035800933837890625
756,381,1.0471268892288208,3.3579587936401367,-0.012093810364603996,0.71826171875,-0.6953125,-0.01385498046875,0.0,0.1353759765625,0.350341796875
757,383,-1.4745409488677979,0.8021194338798523,0.036585234105587006,0.011138916015625,-0.005405426025390625,1.0,0.0,0.14013671875,0.0035800933837890625
758,384,-1.4499859809875488,0.7783917188644409,0.0017717742593958974,0.71826171875,-0.6953125,-0.005466461181640625,0.0,0.1353759765625,0.0035800933837890625
759,385,1.0223546028137207,3.382420778274536,-0.04623885825276375,-0.011138916015625,0.005405426025390625,-1.0,0.0,0.1307373046875,0.350341796875
760,381,1.0471268892288208,3.3579587936401367,-0.012093810364603996,0.71826171875,-0.6953125,-0.01385498046875,0.0,0.1353759765625,0.350341796875
761,384,-1.4499859809875488,0.7783917188644409,0.0017717742593958974,0.71826171875,-0.6953125,-0.005466461181640625,0.0,0.1353759765625,0.0035800933837890625
762,385,1.0223546028137207,3.382420778274536,-0.04623885825276375,-0.011138916015625,0.005405426025390625,-1.0,0.0,0.1307373046875,0.350341796875
763,384,-1.4499859809875488,0.7783917188644409,0.0017717742593958974,0.71826171875,-0.6953125,-0.005466461181640625,0.0,0.1353759765625,0.0035800933837890625
764,386,-1.4747583866119385,0.8028533458709717,-0.03237312287092209,-0.00820159912109375,0.002567291259765625,-1.0,0.0,0.1307373046875,0.0035800933837890625
765,387,0.9977996349334717,3.406148672103882,-0.011425399221479893,-0.71826171875,0.6953125,0.005466461181640625,0.0,0.1259765625,0.350341796875
766,385,1.0223546028137207,3.382420778274536,-0.04623885825276375,-0.011138916015625,0.005405426025390625,-1.0,0.0,0.1307373046875,0.350341796875
767,386,-1.4747583866119385,0.8028533458709717,-0.03237312287092209,-0.00820159912109375,0.002567291259765625,-1.0,0.0,0.1307373046875,0.0035800933837890625
768,387,0.9977996349334717,3.406148672103882,-0.011425399221479893,-0.71826171875,0.6953125,0.005466461181640625,0.0,0.1259765625,0.350341796875
769,386,-1.4747583866119385,0.8028533458709717,-0.03237312287092209,-0.00820159912109375,0.002567291259765625,-1.0,0.0,0.1307373046875,0.0035800933837890625
770,388,-1.4993133544921875,0.8265811204910278,0.002440338023006916,-0.71826171875,0.6953125,0.01385498046875,0.0,0.1259765625,0.0035800933837890625
771,389,1.0225720405578613,3.3816866874694824,0.022719649598002434,0.00820159912109375,-0.0025653839111328125,1.0,0.0,0.121337890625,0.350341796875
772,387,0.9977996349334717,3.406148672103882,-0.011425399221479893,-0.71826171875,0.6953125,0.005466461181640625,0.0,0.1259765625,0.350341796875
773,388,-1.4993133544921875,0.8265811204910278,0.002440338023006916,-0.71826171875,0.6953125,0.01385498046875,0.0,0.1259765625,0.0035800933837890625
774,389,1.0225720405578613,3.3816866874694824,0.022719649598002434,0.00820159912109375,-0.0025653839111328125,1.0,0.0,0.121337890625,0.350341796875
775,388,-1.4993133544921875,0.8265811204910278,0.002440338023006916,-0.71826171875,0.6953125,0.01385498046875,0.0,0.1259765625,0.0035800933837890625
776,390,-1.4745409488677979,0.8021194338798523,0.036585234105587006,0.011138916015625,-0.005405426025390625,1.0,0.0,0.121337890625,0.0035800933837890625
777,391,-1.341194987297058,3.3682003021240234,0.16091200709342957,-0.63134765625,0.66259765625,-0.403564453125,0.0,0.48974609375,0.36083984375
778,392,-1.2845202684402466,3.342278480529785,0.02968987450003624,-0.59765625,0.66015625,-0.454833984375,0.0,0.48876953125,0.374755859375
779,393,-1.2961618900299072,3.3270771503448486,0.02293873205780983,-0.5810546875,0.65869140625,-0.478271484375,0.0,0.490478515625,0.375244140625
780,392,-1.2845202684402466,3.342278480529785,0.02968987450003624,-0.59765625,0.66015625,-0.454833984375,0.0,0.48876953125,0.374755859375
781,394,-1.2675384283065796,3.3027055263519287,-0.0371151901781559,-0.425048828125,0.59619140625,-0.68115234375,0.0,0.490478515625,0.3818359375
782,393,-1.2961618900299072,3.3270771503448486,0.02293873205780983,-0.5810546875,0.65869140625,-0.478271484375,0.0,0.490478515625,0.375244140625
783,392,-1.2845202684402466,3.342278480529785,0.02968987450003624,-0.59765625,0.66015625,-0.454833984375,0.0,0.48876953125,0.374755859375
784,395,-1.2540323734283447,3.3169002532958984,-0.03344643861055374,-0.441162109375,0.6044921875,-0.6630859375,0.0,0.48876953125,0.381591796875
785,394,-1.2675384283065796,3.3027055263519287,-0.0371151901781559,-0.425048828125,0.59619140625,-0.68115234375,0.0,0.490478515625,0.3818359375
786,395,-1.2540323734283447,3.3169002532958984,-0.03344643861055374,-0.441162109375,0.6044921875,-0.6630859375,0.0,0.48876953125,0.381591796875
787,396,-1.2294608354568481,3.2707087993621826,-0.07015597075223923,-0.27294921875,0.50537109375,-0.818359375,0.0,0.490478515625,0.38720703125
788,394,-1.2675384283065796,3.3027055263519287,-0.0371151901781559,-0.425048828125,0.59619140625,-0.68115234375,0.0,0.490478515625,0.3818359375
789,395,-1.2540323734283447,3.3169002532958984,-0.03344643861055374,-0.441162109375,0.6044921875,-0.6630859375,0.0,0.48876953125,0.381591796875
790,397,-1.2158795595169067,3.2828128337860107,-0.06662185490131378,-0.27294921875,0.50537109375,-0.818359375,0.0,0.48876953125,0.38720703125
791,396,-1.2294608354568481,3.2707087993621826,-0.07015597075223923,-0.27294921875,0.50537109375,-0.818359375,0.0,0.490478515625,0.38720703125
792,398,-1.2845202684402466,3.342278480529785,0.02968987450003624,0.837890625,0.496337890625,0.2264404296875,0.0,0.48876953125,0.374755859375
793,399,-1.341194987297058,3.3682003021240234,0.16091200709342957,0.81396484375,0.52587890625,0.2476806640625,0.0,0.48974609375,0.36083984375
794,400,-1.2732802629470825,3.31768536567688,0.04496043920516968,0.8369140625,0.497802734375,0.2274169921875,0.0,0.48583984375,0.37451171875
795,401,-1.248285174369812,3.2950689792633057,-0.014130658470094204,0.822265625,0.5029296875,0.266357421875,0.0,0.48583984375,0.381591796875
796,398,-1.2845202684402466,3.342278480529785,0.02968987450003624,0.837890625,0.496337890625,0.2264404296875,0.0,0.48876953125,0.374755859375
797,400,-1.2732802629470825,3.31768536567688,0.04496043920516968,0.8369140625,0.497802734375,0.2274169921875,0.0,0.48583984375,0.37451171875
798,401,-1.248285174369812,3.2950689792633057,-0.014130658470094204,0.822265625,0.5029296875,0.266357421875,0.0,0.48583984375,0.381591796875
799,402,-1.2540323734283447,3.3169002532958984,-0.03344643861055374,0.8203125,0.50439453125,0.26904296875,0.0,0.48876953125,0.381591796875
800,398,-1.2845202684402466,3.342278480529785,0.02968987450003624,0.837890625,0.496337890625,0.2264404296875,0.0,0.48876953125,0.374755859375
801,403,-1.2135143280029297,3.2661731243133545,-0.0431177020072937,0.7646484375,0.544921875,0.3447265625,0.0,0.48583984375,0.386962890625
802,402,-1.2540323734283447,3.3169002532958984,-0.03344643861055374,0.8203125,0.50439453125,0.26904296875,0.0,0.48876953125,0.381591796875
803,401,-1.248285174369812,3.2950689792633057,-0.014130658470094204,0.822265625,0.5029296875,0.266357421875,0.0,0.48583984375,0.381591796875
804,403,-1.2135143280029297,3.2661731243133545,-0.0431177020072937,0.7646484375,0.544921875,0.3447265625,0.0,0.48583984375,0.386962890625
805,404,-1.2158795595169067,3.2828128337860107,-0.06662185490131378,0.7646484375,0.544921875,0.3447265625,0.0,0.48876953125,0.38720703125
806,402,-1.2540323734283447,3.3169002532958984,-0.03344643861055374,0.8203125,0.50439453125,0.26904296875,0.0,0.48876953125,0.381591796875
807,405,-1.2294608354568481,3.2707087993621826,-0.07015597075223923,-0.53759765625,-0.82421875,0.177734375,0.0,0.490478515625,0.38720703125
808,406,-1.2135143280029297,3.2661731243133545,-0.0431177020072937,-0.53759765625,-0.82421875,0.177734375,0.0,0.49365234375,0.386962890625
809,407,-1.248285174369812,3.2950689792633057,-0.014130658470094204,-0.5068359375,-0.849609375,0.1470947265625,0.0,0.493408203125,0.38134765625
810,405,-1.2294608354568481,3.2707087993621826,-0.07015597075223923,-0.53759765625,-0.82421875,0.177734375,0.0,0.490478515625,0.38720703125
811,407,-1.248285174369812,3.2950689792633057,-0.014130658470094204,-0.5068359375,-0.849609375,0.1470947265625,0.0,0.493408203125,0.38134765625
812,408,-1.2675384283065796,3.3027055263519287,-0.0371151901781559,-0.51025390625,-0.8466796875,0.150390625,0.0,0.490478515625,0.3818359375
813,409,-1.2732802629470825,3.31768536567688,0.04496043920516968,-0.47314453125,-0.87353515625,0.1158447265625,0.0,0.49365234375,0.374267578125
814,408,-1.2675384283065796,3.3027055263519287,-0.0371151901781559,-0.51025390625,-0.8466796875,0.150390625,0.0,0.490478515625,0.3818359375
815,407,-1.248285174369812,3.2950689792633057,-0.014130658470094204,-0.5068359375,-0.849609375,0.1470947265625,0.0,0.493408203125,0.38134765625
816,409,-1.2732802629470825,3.31768536567688,0.04496043920516968,-0.47314453125,-0.87353515625,0.1158447265625,0.0,0.49365234375,0.374267578125
817,410,-1.2961618900299072,3.3270771503448486,0.02293873205780983,-0.4755859375,-0.87158203125,0.117919921875,0.0,0.490478515625,0.375244140625
818,408,-1.2675384283065796,3.3027055263519287,-0.0371151901781559,-0.51025390625,-0.8466796875,0.150390625,0.0,0.490478515625,0.3818359375
819,410,-1.2961618900299072,3.3270771503448486,0.02293873205780983,-0.4755859375,-0.87158203125,0.117919921875,0.0,0.490478515625,0.375244140625
820,409,-1.2732802629470825,3.31768536567688,0.04496043920516968,-0.47314453125,-0.87353515625,0.1158447265625,0.0,0.49365234375,0.374267578125
821,411,-1.341194987297058,3.3682003021240234,0.16091200709342957,-0.4658203125,-0.8779296875,0.109619140625,0.0,0.48974609375,0.36083984375
822,412,-1.2269220352172852,3.2702102661132812,-0.06964604556560516,-0.2401123046875,0.10943603515625,-0.96435546875,0.0,0.5693359375,0.9326171875
823,413,-1.115683674812317,3.2871437072753906,-0.04779856652021408,0.57568359375,-0.7431640625,-0.34130859375,0.0,0.56103515625,0.939453125
824,414,-1.1777526140213013,3.2296040058135986,-0.03771583363413811,0.572265625,-0.74072265625,-0.352294921875,0.0,0.5693359375,0.939453125
825,412,-1.2269220352172852,3.2702102661132812,-0.06964604556560516,-0.2401123046875,0.10943603515625,-0.96435546875,0.0,0.5693359375,0.9326171875
826,415,-1.1588236093521118,3.3272018432617188,-0.07954386621713638,-0.2122802734375,0.0758056640625,-0.97412109375,0.0,0.56103515625,0.9326171875
827,413,-1.115683674812317,3.2871437072753906,-0.04779856652021408,0.57568359375,-0.7431640625,-0.34130859375,0.0,0.56103515625,0.939453125
828,416,-1.2691925764083862,3.3018572330474854,-0.022372843697667122,-0.6513671875,0.728515625,-0.2119140625,0.0,0.5693359375,0.92724609375
829,415,-1.1588236093521118,3.3272018432617188,-0.07954386621713638,-0.2122802734375,0.0758056640625,-0.97412109375,0.0,0.56103515625,0.9326171875
830,412,-1.2269220352172852,3.2702102661132812,-0.06964604556560516,-0.2401123046875,0.10943603515625,-0.96435546875,0.0,0.5693359375,0.9326171875
831,416,-1.2691925764083862,3.3018572330474854,-0.022372843697667122,-0.6513671875,0.728515625,-0.2119140625,0.0,0.5693359375,0.92724609375
832,417,-1.178933024406433,3.380377769470215,-0.037736233323812485,-0.65087890625,0.72705078125,-0.2186279296875,0.0,0.56103515625,0.92724609375
833,415,-1.1588236093521118,3.3272018432617188,-0.07954386621713638,-0.2122802734375,0.0758056640625,-0.97412109375,0.0,0.56103515625,0.9326171875
834,418,-1.2344419956207275,3.2979085445404053,0.03663678839802742,-0.296142578125,0.494140625,0.8173828125,0.0,0.5693359375,0.92138671875
835,417,-1.178933024406433,3.380377769470215,-0.037736233323812485,-0.65087890625,0.72705078125,-0.2186279296875,0.0,0.56103515625,0.92724609375
836,416,-1.2691925764083862,3.3018572330474854,-0.022372843697667122,-0.6513671875,0.728515625,-0.2119140625,0.0,0.5693359375,0.92724609375
837,418,-1.2344419956207275,3.2979085445404053,0.03663678839802742,-0.296142578125,0.494140625,0.8173828125,0.0,0.5693359375,0.92138671875
838,419,-1.1642316579818726,3.3513526916503906,0.0322754867374897,-0.2486572265625,0.4443359375,0.86083984375,0.0,0.56103515625,0.92138671875
839,417,-1.178933024406433,3.380377769470215,-0.037736233323812485,-0.65087890625,0.72705078125,-0.2186279296875,0.0,0.56103515625,0.92724609375
840,420,-1.19370698928833,3.2359554767608643,0.04052536562085152,0.46533203125,-0.427490234375,0.77490234375,0.0,0.5693359375,0.91455078125
841,419,-1.1642316579818726,3.3513526916503906,0.0322754867374897,-0.2486572265625,0.4443359375,0.86083984375,0.0,0.56103515625,0.92138671875
842,418,-1.2344419956207275,3.2979085445404053,0.03663678839802742,-0.296142578125,0.494140625,0.8173828125,0.0,0.5693359375,0.92138671875
843,420,-1.19370698928833,3.2359554767608643,0.04052536562085152,0.46533203125,-0.427490234375,0.77490234375,0.0,0.5693359375,0.91455078125
844,421,-1.1020604372024536,3.305497169494629,0.022683510556817055,0.509765625,-0.491943359375,0.7060546875,0.0,0.56103515625,0.91455078125
845,419,-1.1642316579818726,3.3513526916503906,0.0322754867374897,-0.2486572265625,0.4443359375,0.86083984375,0.0,0.56103515625,0.92138671875
846,422,-1.1777526140213013,3.2296040058135986,-0.03771583363413811,0.572265625,-0.74072265625,-0.352294921875,0.0,0.5693359375,0.908203125
847,421,-1.1020604372024536,3.305497169494629,0.022683510556817055,0.509765625,-0.491943359375,0.7060546875,0.0,0.56103515625,0.91455078125
848,420,-1.19370698928833,3.2359554767608643,0.04052536562085152,0.46533203125,-0.427490234375,0.77490234375,0.0,0.5693359375,0.91455078125
849,422,-1.1777526140213013,3.2296040058135986,-0.03771583363413811,0.572265625,-0.74072265625,-0.352294921875,0.0,0.5693359375,0.908203125
850,423,-1.115683674812317,3.2871437072753906,-0.04779856652021408,0.57568359375,-0.7431640625,-0.34130859375,0.0,0.56103515625,0.908203125
851,421,-1.1020604372024536,3.305497169494629,0.022683510556817055,0.509765625,-0.491943359375,0.7060546875,0.0,0.56103515625,0.91455078125
852,424,-1.1588236093521118,3.3272018432617188,-0.07954386621713638,0.74853515625,0.64599609375,-0.1505126953125,0.0,0.5390625,0.97216796875
853,425,-1.178933024406433,3.380377769470215,-0.037736233323812485,0.9248046875,0.37890625,-0.037109375,0.0,0.544921875,0.97119140625
854,426,-1.1642316579818726,3.3513526916503906,0.0322754867374897,0.6767578125,0.7255859375,-0.1240234375,0.0,0.544921875,0.96435546875
855,424,-1.1588236093521118,3.3272018432617188,-0.07954386621713638,0.74853515625,0.64599609375,-0.1505126953125,0.0,0.5390625,0.97216796875
856,426,-1.1642316579818726,3.3513526916503906,0.0322754867374897,0.6767578125,0.7255859375,-0.1240234375,0.0,0.544921875,0.96435546875
857,427,-1.1020604372024536,3.305497169494629,0.022683510556817055,0.61328125,0.76953125,-0.1771240234375,0.0,0.53857421875,0.9619140625
858,428,-1.115683674812317,3.2871437072753906,-0.04779856652021408,0.7578125,0.58056640625,-0.297607421875,0.0,0.53564453125,0.9677734375
859,424,-1.1588236093521118,3.3272018432617188,-0.07954386621713638,0.74853515625,0.64599609375,-0.1505126953125,0.0,0.5390625,0.97216796875
860,427,-1.1020604372024536,3.305497169494629,0.022683510556817055,0.61328125,0.76953125,-0.1771240234375,0.0,0.53857421875,0.9619140625
861,429,-1.2344419956207275,3.2979085445404053,0.03663678839802742,-0.7646484375,-0.634765625,0.11126708984375,0.0,0.48974609375,0.326171875
862,430,-1.2691925764083862,3.3018572330474854,-0.022372843697667122,-0.43603515625,-0.8779296875,0.197998046875,0.0,0.486328125,0.320556640625
863,431,-1.2269220352172852,3.2702102661132812,-0.06964604556560516,-0.68310546875,-0.72705078125,0.06787109375,0.0,0.479736328125,0.322509765625
864,429,-1.2344419956207275,3.2979085445404053,0.03663678839802742,-0.7646484375,-0.634765625,0.11126708984375,0.0,0.48974609375,0.326171875
865,431,-1.2269220352172852,3.2702102661132812,-0.06964604556560516,-0.68310546875,-0.72705078125,0.06787109375,0.0,0.479736328125,0.322509765625
866,432,-1.19370698928833,3.2359554767608643,0.04052536562085152,-0.7841796875,-0.619140625,0.0439453125,0.0,0.486083984375,0.332275390625
867,431,-1.2269220352172852,3.2702102661132812,-0.06964604556560516,-0.68310546875,-0.72705078125,0.06787109375,0.0,0.479736328125,0.322509765625
868,433,-1.1777526140213013,3.2296040058135986,-0.03771583363413811,-0.61181640625,-0.78857421875,-0.06072998046875,0.0,0.478759765625,0.329345703125
869,432,-1.19370698928833,3.2359554767608643,0.04052536562085152,-0.7841796875,-0.619140625,0.0439453125,0.0,0.486083984375,0.332275390625
870,434,-1.1017721891403198,3.318913698196411,-0.21316590905189514,-0.8408203125,-0.393310546875,-0.37158203125,0.0,0.4697265625,0.35546875
871,435,-1.168832778930664,3.340991973876953,-0.0847400650382042,-0.8798828125,-0.389892578125,-0.271484375,0.0,0.47705078125,0.343017578125
872,436,-1.1759146451950073,3.362610101699829,-0.09158876538276672,-0.88134765625,-0.3896484375,-0.267333984375,0.0,0.47509765625,0.34228515625
873,435,-1.168832778930664,3.340991973876953,-0.0847400650382042,-0.8798828125,-0.389892578125,-0.271484375,0.0,0.47705078125,0.343017578125
874,437,-1.1890625953674316,3.371870994567871,-0.034996580332517624,-0.91552734375,-0.378662109375,-0.13720703125,0.0,0.475830078125,0.336669921875
875,436,-1.1759146451950073,3.362610101699829,-0.09158876538276672,-0.88134765625,-0.3896484375,-0.267333984375,0.0,0.47509765625,0.34228515625
876,435,-1.168832778930664,3.340991973876953,-0.0847400650382042,-0.8798828125,-0.389892578125,-0.271484375,0.0,0.47705078125,0.343017578125
877,438,-1.181127905845642,3.352508068084717,-0.028925541788339615,-0.91552734375,-0.378662109375,-0.13720703125,0.0,0.477783203125,0.337158203125
878,437,-1.1890625953674316,3.371870994567871,-0.034996580332517624,-0.91552734375,-0.378662109375,-0.13720703125,0.0,0.475830078125,0.336669921875
879,439,-1.1648567914962769,3.3494365215301514,-0.028528934344649315,0.93115234375,0.2469482421875,0.268798828125,0.0,0.4716796875,0.33642578125
880,440,-1.1553605794906616,3.364717721939087,-0.07546377927064896,0.9287109375,0.25048828125,0.273681640625,0.0,0.472900390625,0.3408203125
881,441,-1.1705596446990967,3.3695170879364014,-0.026726411655545235,0.93115234375,0.2469482421875,0.268798828125,0.0,0.473876953125,0.336181640625
882,439,-1.1648567914962769,3.3494365215301514,-0.028528934344649315,0.93115234375,0.2469482421875,0.268798828125,0.0,0.4716796875,0.33642578125
883,442,-1.1498806476593018,3.339561700820923,-0.07082965224981308,0.92822265625,0.2509765625,0.27392578125,0.0,0.470458984375,0.3408203125
884,440,-1.1553605794906616,3.364717721939087,-0.07546377927064896,0.9287109375,0.25048828125,0.273681640625,0.0,0.472900390625,0.3408203125
885,442,-1.1498806476593018,3.339561700820923,-0.07082965224981308,0.92822265625,0.2509765625,0.27392578125,0.0,0.470458984375,0.3408203125
886,443,-1.1017721891403198,3.318913698196411,-0.21316590905189514,0.92724609375,0.2529296875,0.276611328125,0.0,0.4697265625,0.35546875
887,440,-1.1553605794906616,3.364717721939087,-0.07546377927064896,0.9287109375,0.25048828125,0.273681640625,0.0,0.472900390625,0.3408203125
888,444,-1.1017721891403198,3.318913698196411,-0.21316590905189514,0.11590576171875,0.955078125,-0.272705078125,0.0,0.4697265625,0.35546875
889,445,-1.1759146451950073,3.362610101699829,-0.09158876538276672,0.10455322265625,0.96826171875,-0.2261962890625,0.0,0.47509765625,0.34228515625
890,446,-1.1553605794906616,3.364717721939087,-0.07546377927064896,0.09674072265625,0.97607421875,-0.194580078125,0.0,0.472900390625,0.3408203125
891,445,-1.1759146451950073,3.362610101699829,-0.09158876538276672,0.10455322265625,0.96826171875,-0.2261962890625,0.0,0.47509765625,0.34228515625
892,447,-1.1705596446990967,3.3695170879364014,-0.026726411655545235,0.0760498046875,0.99072265625,-0.11175537109375,0.0,0.473876953125,0.336181640625
893,446,-1.1553605794906616,3.364717721939087,-0.07546377927064896,0.09674072265625,0.97607421875,-0.194580078125,0.0,0.472900390625,0.3408203125
894,445,-1.1759146451950073,3.362610101699829,-0.09158876538276672,0.10455322265625,0.96826171875,-0.2261962890625,0.0,0.47509765625,0.34228515625
895,448,-1.1890625953674316,3.371870994567871,-0.034996580332517624,0.0760498046875,0.99072265625,-0.11175537109375,0.0,0.475830078125,0.336669921875
896,447,-1.1705596446990967,3.3695170879364014,-0.026726411655545235,0.0760498046875,0.99072265625,-0.11175537109375,0.0,0.473876953125,0.336181640625
897,449,-1.1648567914962769,3.3494365215301514,-0.028528934344649315,-0.1884765625,-0.96923828125,0.158935546875,0.0,0.4716796875,0.33642578125
898,450,-1.181127905845642,3.352508068084717,-0.028925541788339615,-0.1884765625,-0.96923828125,0.158935546875,0.0,0.47021484375,0.33544921875
899,451,-1.168832778930664,3.340991973876953,-0.0847400650382042,-0.156494140625,-0.9814453125,0.11285400390625,0.0,0.46826171875,0.341064453125
900,449,-1.1648567914962769,3.3494365215301514,-0.028528934344649315,-0.1884765625,-0.96923828125,0.158935546875,0.0,0.4716796875,0.33642578125
901,451,-1.168832778930664,3.340991973876953,-0.0847400650382042,-0.156494140625,-0.9814453125,0.11285400390625,0.0,0.46826171875,0.341064453125
902,452,-1.1498806476593018,3.339561700820923,-0.07082965224981308,-0.1641845703125,-0.978515625,0.1239013671875,0.0,0.470458984375,0.3408203125
903,453,-1.1017721891403198,3.318913698196411,-0.21316590905189514,-0.1435546875,-0.9853515625,0.0943603515625,0.0,0.4697265625,0.35546875
904,452,-1.1498806476593018,3.339561700820923,-0.07082965224981308,-0.1641845703125,-0.978515625,0.1239013671875,0.0,0.470458984375,0.3408203125
905,451,-1.168832778930664,3.340991973876953,-0.0847400650382042,-0.156494140625,-0.9814453125,0.11285400390625,0.0,0.46826171875,0.341064453125
906,454,-1.1242903470993042,3.31925106048584,0.019466403871774673,0.2015380859375,0.83935546875,-0.5048828125,0.0,0.468994140625,0.923828125
907,455,-1.1069600582122803,3.3427977561950684,0.06550723314285278,0.2060546875,0.84814453125,-0.48828125,0.0,0.467041015625,0.91943359375
908,456,-1.1034313440322876,3.3098790645599365,0.012192747555673122,0.2015380859375,0.83935546875,-0.5048828125,0.0,0.466796875,0.9248046875
909,454,-1.1242903470993042,3.31925106048584,0.019466403871774673,0.2015380859375,0.83935546875,-0.5048828125,0.0,0.468994140625,0.923828125
910,457,-1.1274045705795288,3.348936080932617,0.06752366572618484,0.207763671875,0.8515625,-0.481689453125,0.0,0.468505859375,0.9189453125
911,455,-1.1069600582122803,3.3427977561950684,0.06550723314285278,0.2060546875,0.84814453125,-0.48828125,0.0,0.467041015625,0.91943359375
912,457,-1.1274045705795288,3.348936080932617,0.06752366572618484,0.207763671875,0.8515625,-0.481689453125,0.0,0.468505859375,0.9189453125
913,458,-1.1112651824951172,3.3843703269958496,0.14232930541038513,0.2144775390625,0.86376953125,-0.45556640625,0.0,0.467529296875,0.91162109375
914,455,-1.1069600582122803,3.3427977561950684,0.06550723314285278,0.2060546875,0.84814453125,-0.48828125,0.0,0.467041015625,0.91943359375
915,459,-1.1112651824951172,3.3843703269958496,0.14232930541038513,0.98095703125,0.1883544921875,-0.04693603515625,0.0,0.467529296875,0.91162109375
916,460,-1.099974513053894,3.302671432495117,0.05051463097333908,0.98193359375,0.181640625,-0.05328369140625,0.0,0.464599609375,0.921875
917,461,-1.1069600582122803,3.3427977561950684,0.06550723314285278,0.9814453125,0.1866455078125,-0.04852294921875,0.0,0.467041015625,0.91943359375
918,460,-1.099974513053894,3.302671432495117,0.05051463097333908,0.98193359375,0.181640625,-0.05328369140625,0.0,0.464599609375,0.921875
919,462,-1.1034313440322876,3.3098790645599365,0.012192747555673122,0.98193359375,0.18017578125,-0.054718017578125,0.0,0.466796875,0.9248046875
920,461,-1.1069600582122803,3.3427977561950684,0.06550723314285278,0.9814453125,0.1866455078125,-0.04852294921875,0.0,0.467041015625,0.91943359375
921,460,-1.099974513053894,3.302671432495117,0.05051463097333908,0.98193359375,0.181640625,-0.05328369140625,0.0,0.464599609375,0.921875
922,463,-1.0997636318206787,3.290648937225342,0.02298165298998356,0.98193359375,0.18017578125,-0.054718017578125,0.0,0.464599609375,0.92431640625
923,462,-1.1034313440322876,3.3098790645599365,0.012192747555673122,0.98193359375,0.18017578125,-0.054718017578125,0.0,0.466796875,0.9248046875
924,464,-1.1242903470993042,3.31925106048584,0.019466403871774673,-0.98779296875,-0.150634765625,0.03729248046875,0.0,0.468994140625,0.923828125
925,465,-1.1208094358444214,3.2933168411254883,0.01753968372941017,-0.98779296875,-0.150634765625,0.03729248046875,0.0,0.470947265625,0.9248046875
926,466,-1.1217334270477295,3.309451103210449,0.04761677235364914,-0.97900390625,-0.1796875,0.09381103515625,0.0,0.47119140625,0.921875
927,464,-1.1242903470993042,3.31925106048584,0.019466403871774673,-0.98779296875,-0.150634765625,0.03729248046875,0.0,0.468994140625,0.923828125
928,466,-1.1217334270477295,3.309451103210449,0.04761677235364914,-0.97900390625,-0.1796875,0.09381103515625,0.0,0.47119140625,0.921875
929,467,-1.1274045705795288,3.348936080932617,0.06752366572618484,-0.9169921875,-0.275634765625,0.28857421875,0.0,0.468505859375,0.9189453125
930,466,-1.1217334270477295,3.309451103210449,0.04761677235364914,-0.97900390625,-0.1796875,0.09381103515625,0.0,0.47119140625,0.921875
931,468,-1.1112651824951172,3.3843703269958496,0.14232930541038513,-0.89501953125,-0.296630859375,0.33349609375,0.0,0.467529296875,0.91162109375
932,467,-1.1274045705795288,3.348936080932617,0.06752366572618484,-0.9169921875,-0.275634765625,0.28857421875,0.0,0.468505859375,0.9189453125
933,469,-1.1208094358444214,3.2933168411254883,0.01753968372941017,-0.272705078125,-0.86669921875,0.418212890625,0.0,0.46240234375,0.92431640625
934,470,-1.0997636318206787,3.290648937225342,0.02298165298998356,-0.272705078125,-0.86669921875,0.418212890625,0.0,0.464599609375,0.92431640625
935,471,-1.099974513053894,3.302671432495117,0.05051463097333908,-0.29736328125,-0.78515625,0.54345703125,0.0,0.464599609375,0.921875
936,469,-1.1208094358444214,3.2933168411254883,0.01753968372941017,-0.272705078125,-0.86669921875,0.418212890625,0.0,0.46240234375,0.92431640625
937,471,-1.099974513053894,3.302671432495117,0.05051463097333908,-0.29736328125,-0.78515625,0.54345703125,0.0,0.464599609375,0.921875
938,472,-1.1217334270477295,3.309451103210449,0.04761677235364914,-0.298583984375,-0.77978515625,0.55078125,0.0,0.462646484375,0.92138671875
939,471,-1.099974513053894,3.302671432495117,0.05051463097333908,-0.29736328125,-0.78515625,0.54345703125,0.0,0.464599609375,0.921875
940,473,-1.1112651824951172,3.3843703269958496,0.14232930541038513,-0.30859375,-0.72900390625,0.61083984375,0.0,0.467529296875,0.91162109375
941,472,-1.1217334270477295,3.309451103210449,0.04761677235364914,-0.298583984375,-0.77978515625,0.55078125,0.0,0.462646484375,0.92138671875
942,474,-1.1927255392074585,3.254976511001587,0.00972655974328518,-0.68310546875,0.316162109375,-0.658203125,0.0,0.473876953125,0.53759765625
943,475,-1.1940683126449585,3.2148115634918213,-0.008177530951797962,-0.72314453125,0.4248046875,-0.54443359375,0.0,0.47607421875,0.541015625
944,476,-1.20704185962677,3.2489559650421143,0.02072298526763916,-0.68310546875,0.316162109375,-0.658203125,0.0,0.475341796875,0.53662109375
945,474,-1.1927255392074585,3.254976511001587,0.00972655974328518,-0.68310546875,0.316162109375,-0.658203125,0.0,0.473876953125,0.53759765625
946,477,-1.1818640232086182,3.2250285148620605,-0.016915220767259598,-0.72607421875,0.434326171875,-0.533203125,0.0,0.47412109375,0.54150390625
947,475,-1.1940683126449585,3.2148115634918213,-0.008177530951797962,-0.72314453125,0.4248046875,-0.54443359375,0.0,0.47607421875,0.541015625
948,477,-1.1818640232086182,3.2250285148620605,-0.016915220767259598,-0.72607421875,0.434326171875,-0.533203125,0.0,0.47412109375,0.54150390625
949,478,-1.1770092248916626,3.135547637939453,-0.1231817901134491,-0.740234375,0.497314453125,-0.452392578125,0.0,0.476318359375,0.5546875
950,475,-1.1940683126449585,3.2148115634918213,-0.008177530951797962,-0.72314453125,0.4248046875,-0.54443359375,0.0,0.47607421875,0.541015625
951,479,-1.1770092248916626,3.135547637939453,-0.1231817901134491,-0.52001953125,-0.7373046875,0.43115234375,0.0,0.476318359375,0.5546875
952,480,-1.1687018871307373,3.2050817012786865,0.005784422159194946,-0.5322265625,-0.703125,0.470947265625,0.0,0.47900390625,0.541015625
953,481,-1.1940683126449585,3.2148115634918213,-0.008177530951797962,-0.5322265625,-0.70458984375,0.4697265625,0.0,0.47607421875,0.541015625
954,480,-1.1687018871307373,3.2050817012786865,0.005784422159194946,-0.5322265625,-0.703125,0.470947265625,0.0,0.47900390625,0.541015625
955,482,-1.20704185962677,3.2489559650421143,0.02072298526763916,-0.54638671875,-0.6552734375,0.521484375,0.0,0.475341796875,0.53662109375
956,481,-1.1940683126449585,3.2148115634918213,-0.008177530951797962,-0.5322265625,-0.70458984375,0.4697265625,0.0,0.47607421875,0.541015625
957,480,-1.1687018871307373,3.2050817012786865,0.005784422159194946,-0.5322265625,-0.703125,0.470947265625,0.0,0.47900390625,0.541015625
958,483,-1.1814911365509033,3.239919662475586,0.0365329347550869,-0.54638671875,-0.6552734375,0.521484375,0.0,0.478271484375,0.53662109375
959,482,-1.20704185962677,3.2489559650421143,0.02072298526763916,-0.54638671875,-0.6552734375,0.521484375,0.0,0.475341796875,0.53662109375
960,484,-1.1927255392074585,3.254976511001587,0.00972655974328518,0.8896484375,0.4384765625,-0.12841796875,0.0,0.473876953125,0.53759765625
961,485,-1.1814911365509033,3.239919662475586,0.0365329347550869,0.8896484375,0.4384765625,-0.12841796875,0.0,0.470703125,0.537109375
962,486,-1.1687018871307373,3.2050817012786865,0.005784422159194946,0.9052734375,0.37939453125,-0.1905517578125,0.0,0.47119140625,0.5419921875
963,484,-1.1927255392074585,3.254976511001587,0.00972655974328518,0.8896484375,0.4384765625,-0.12841796875,0.0,0.473876953125,0.53759765625
964,486,-1.1687018871307373,3.2050817012786865,0.005784422159194946,0.9052734375,0.37939453125,-0.1905517578125,0.0,0.47119140625,0.5419921875
965,487,-1.1818640232086182,3.2250285148620605,-0.016915220767259598,0.90625,0.374267578125,-0.19580078125,0.0,0.47412109375,0.54150390625
966,486,-1.1687018871307373,3.2050817012786865,0.005784422159194946,0.9052734375,0.37939453125,-0.1905517578125,0.0,0.47119140625,0.5419921875
967,488,-1.1770092248916626,3.135547637939453,-0.1231817901134491,0.9130859375,0.331787109375,-0.2376708984375,0.0,0.476318359375,0.5546875
968,487,-1.1818640232086182,3.2250285148620605,-0.016915220767259598,0.90625,0.374267578125,-0.19580078125,0.0,0.47412109375,0.54150390625
969,489,-2.1249799728393555,2.3873653411865234,0.22933831810951233,-0.6328125,0.7666015625,0.10772705078125,0.0,0.4013671875,0.337646484375
970,490,-2.1092400550842285,2.419300079345703,0.09449557960033417,-0.626953125,0.7763671875,0.06390380859375,0.0,0.3984375,0.32470703125
971,491,-2.124507188796997,2.4076175689697266,0.08796735852956772,-0.625,0.77880859375,0.05255126953125,0.0,0.396484375,0.32470703125
972,490,-2.1092400550842285,2.419300079345703,0.09449557960033417,-0.626953125,0.7763671875,0.06390380859375,0.0,0.3984375,0.32470703125
973,492,-2.11716365814209,2.4133858680725098,0.02941618673503399,-0.57763671875,0.79345703125,-0.1922607421875,0.0,0.3955078125,0.319091796875
974,491,-2.124507188796997,2.4076175689697266,0.08796735852956772,-0.625,0.77880859375,0.05255126953125,0.0,0.396484375,0.32470703125
975,490,-2.1092400550842285,2.419300079345703,0.09449557960033417,-0.626953125,0.7763671875,0.06390380859375,0.0,0.3984375,0.32470703125
976,493,-2.1017491817474365,2.425701141357422,0.03226088732481003,-0.57763671875,0.79296875,-0.193115234375,0.0,0.3974609375,0.31884765625
977,492,-2.11716365814209,2.4133858680725098,0.02941618673503399,-0.57763671875,0.79345703125,-0.1922607421875,0.0,0.3955078125,0.319091796875
978,493,-2.1017491817474365,2.425701141357422,0.03226088732481003,-0.57763671875,0.79296875,-0.193115234375,0.0,0.3974609375,0.31884765625
979,494,-2.0953848361968994,2.399840831756592,-0.028239121660590172,-0.51513671875,0.76708984375,-0.382080078125,0.0,0.395751953125,0.31298828125
980,492,-2.11716365814209,2.4133858680725098,0.02941618673503399,-0.57763671875,0.79345703125,-0.1922607421875,0.0,0.3955078125,0.319091796875
981,493,-2.1017491817474365,2.425701141357422,0.03226088732481003,-0.57763671875,0.79296875,-0.193115234375,0.0,0.3974609375,0.31884765625
982,495,-2.080230712890625,2.41035532951355,-0.026436027139425278,-0.51513671875,0.76708984375,-0.382080078125,0.0,0.397705078125,0.312744140625
983,494,-2.0953848361968994,2.399840831756592,-0.028239121660590172,-0.51513671875,0.76708984375,-0.382080078125,0.0,0.395751953125,0.31298828125
984,496,-2.1092400550842285,2.419300079345703,0.09449557960033417,0.89697265625,0.406494140625,0.1734619140625,0.0,0.3984375,0.32470703125
985,497,-2.1249799728393555,2.3873653411865234,0.22933831810951233,0.88916015625,0.41064453125,0.2010498046875,0.0,0.4013671875,0.337646484375
986,498,-2.095614194869995,2.3916594982147217,0.09066539257764816,0.89794921875,0.40625,0.17041015625,0.0,0.4013671875,0.323974609375
987,499,-2.0908310413360596,2.39823317527771,0.035271625965833664,0.89306640625,0.4091796875,0.1864013671875,0.0,0.400146484375,0.318603515625
988,496,-2.1092400550842285,2.419300079345703,0.09449557960033417,0.89697265625,0.406494140625,0.1734619140625,0.0,0.3984375,0.32470703125
989,498,-2.095614194869995,2.3916594982147217,0.09066539257764816,0.89794921875,0.40625,0.17041015625,0.0,0.4013671875,0.323974609375
990,499,-2.0908310413360596,2.39823317527771,0.035271625965833664,0.89306640625,0.4091796875,0.1864013671875,0.0,0.400146484375,0.318603515625
991,500,-2.1017491817474365,2.425701141357422,0.03226088732481003,0.89404296875,0.40869140625,0.18359375,0.0,0.3974609375,0.31884765625
992,496,-2.1092400550842285,2.419300079345703,0.09449557960033417,0.89697265625,0.406494140625,0.1734619140625,0.0,0.3984375,0.32470703125
993,501,-2.0697762966156006,2.385364055633545,-0.016383390873670578,0.87890625,0.416015625,0.2327880859375,0.0,0.400390625,0.31298828125
994,500,-2.1017491817474365,2.425701141357422,0.03226088732481003,0.89404296875,0.40869140625,0.18359375,0.0,0.3974609375,0.31884765625
995,499,-2.0908310413360596,2.39823317527771,0.035271625965833664,0.89306640625,0.4091796875,0.1864013671875,0.0,0.400146484375,0.318603515625
996,501,-2.0697762966156006,2.385364055633545,-0.016383390873670578,0.87890625,0.416015625,0.2327880859375,0.0,0.400390625,0.31298828125
997,502,-2.080230712890625,2.41035532951355,-0.026436027139425278,0.87890625,0.416015625,0.2327880859375,0.0,0.397705078125,0.312744140625
998,500,-2.1017491817474365,2.425701141357422,0.03226088732481003,0.89404296875,0.40869140625,0.18359375,0.0,0.3974609375,0.31884765625
999,503,-2.0929722785949707,2.399406909942627,-0.0292114969342947,-0.62890625,0.5,-0.59521484375,0.0,0.349853515625,0.90087890625
1000,504,-1.9825273752212524,2.4152510166168213,-0.05545929819345474,0.2626953125,-0.45947265625,-0.84814453125,0.0,0.34326171875,0.8916015625
1001,505,-2.040363073348999,2.3536577224731445,-0.0442211776971817,0.255126953125,-0.452880859375,-0.8544921875,0.0,0.34326171875,0.90087890625
1002,503,-2.0929722785949707,2.399406909942627,-0.0292114969342947,-0.62890625,0.5,-0.59521484375,0.0,0.349853515625,0.90087890625
1003,506,-2.029783248901367,2.4609904289245605,-0.04328363016247749,-0.61279296875,0.47705078125,-0.6298828125,0.0,0.349853515625,0.8916015625
1004,504,-1.9825273752212524,2.4152510166168213,-0.05545929819345474,0.2626953125,-0.45947265625,-0.84814453125,0.0,0.34326171875,0.8916015625
1005,507,-2.105278968811035,2.4029107093811035,0.04049770161509514,-0.578125,0.68359375,0.445556640625,0.0,0.3564453125,0.90087890625
1006,506,-2.029783248901367,2.4609904289245605,-0.04328363016247749,-0.61279296875,0.47705078125,-0.6298828125,0.0,0.349853515625,0.8916015625
1007,503,-2.0929722785949707,2.399406909942627,-0.0292114969342947,-0.62890625,0.5,-0.59521484375,0.0,0.349853515625,0.90087890625
1008,507,-2.105278968811035,2.4029107093811035,0.04049770161509514,-0.578125,0.68359375,0.445556640625,0.0,0.3564453125,0.90087890625
1009,508,-2.022146701812744,2.488186836242676,0.02138482965528965,-0.5810546875,0.68505859375,0.439453125,0.0,0.3564453125,0.8916015625
1010,506,-2.029783248901367,2.4609904289245605,-0.04328363016247749,-0.61279296875,0.47705078125,-0.6298828125,0.0,0.349853515625,0.8916015625
1011,509,-2.0486748218536377,2.376624345779419,0.06896435469388962,0.1654052734375,0.0535888671875,0.98486328125,0.0,0.36328125,0.90087890625
1012,508,-2.022146701812744,2.488186836242676,0.02138482965528965,-0.5810546875,0.68505859375,0.439453125,0.0,0.3564453125,0.8916015625
1013,507,-2.105278968811035,2.4029107093811035,0.04049770161509514,-0.578125,0.68359375,0.445556640625,0.0,0.3564453125,0.90087890625
1014,509,-2.0486748218536377,2.376624345779419,0.06896435469388962,0.1654052734375,0.0535888671875,0.98486328125,0.0,0.36328125,0.90087890625
1015,510,-1.9815984964370728,2.432797908782959,0.05671389028429985,0.220458984375,-0.005558013916015625,0.9755859375,0.0,0.36328125,0.8916015625
1016,508,-2.022146701812744,2.488186836242676,0.02138482965528965,-0.5810546875,0.68505859375,0.439453125,0.0,0.3564453125,0.8916015625
1017,511,-2.0187761783599854,2.323380947113037,0.026728788390755653,0.70361328125,-0.6796875,0.2076416015625,0.0,0.370361328125,0.90087890625
1018,510,-1.9815984964370728,2.432797908782959,0.05671389028429985,0.220458984375,-0.005558013916015625,0.9755859375,0.0,0.36328125,0.8916015625
1019,509,-2.0486748218536377,2.376624345779419,0.06896435469388962,0.1654052734375,0.0535888671875,0.98486328125,0.0,0.36328125,0.90087890625
1020,511,-2.0187761783599854,2.323380947113037,0.026728788390755653,0.70361328125,-0.6796875,0.2076416015625,0.0,0.370361328125,0.90087890625
1021,512,-1.9366687536239624,2.401860237121582,0.0011784409871324897,0.70361328125,-0.70263671875,0.10595703125,0.0,0.370361328125,0.8916015625
1022,510,-1.9815984964370728,2.432797908782959,0.05671389028429985,0.220458984375,-0.005558013916015625,0.9755859375,0.0,0.36328125,0.8916015625
1023,513,-2.040363073348999,2.3536577224731445,-0.0442211776971817,0.255126953125,-0.452880859375,-0.8544921875,0.0,0.377685546875,0.90087890625
1024,512,-1.9366687536239624,2.401860237121582,0.0011784409871324897,0.70361328125,-0.70263671875,0.10595703125,0.0,0.370361328125,0.8916015625
1025,511,-2.0187761783599854,2.323380947113037,0.026728788390755653,0.70361328125,-0.6796875,0.2076416015625,0.0,0.370361328125,0.90087890625
1026,513,-2.040363073348999,2.3536577224731445,-0.0442211776971817,0.255126953125,-0.452880859375,-0.8544921875,0.0,0.377685546875,0.90087890625
1027,514,-1.9825273752212524,2.4152510166168213,-0.05545929819345474,0.2626953125,-0.45947265625,-0.84814453125,0.0,0.377685546875,0.8916015625
1028,512,-1.9366687536239624,2.401860237121582,0.0011784409871324897,0.70361328125,-0.70263671875,0.10595703125,0.0,0.370361328125,0.8916015625
1029,515,-2.029783248901367,2.4609904289245605,-0.04328363016247749,0.67822265625,0.712890625,-0.1787109375,0.0,0.53076171875,0.9970703125
1030,516,-2.022146701812744,2.488186836242676,0.02138482965528965,0.85107421875,0.440673828125,-0.285888671875,0.0,0.537109375,0.99560546875
1031,517,-1.9815984964370728,2.432797908782959,0.05671389028429985,0.63671875,0.765625,-0.091064453125,0.0,0.537109375,0.9892578125
1032,515,-2.029783248901367,2.4609904289245605,-0.04328363016247749,0.67822265625,0.712890625,-0.1787109375,0.0,0.53076171875,0.9970703125
1033,517,-1.9815984964370728,2.432797908782959,0.05671389028429985,0.63671875,0.765625,-0.091064453125,0.0,0.537109375,0.9892578125
1034,518,-1.9366687536239624,2.401860237121582,0.0011784409871324897,0.5625,0.822265625,-0.08465576171875,0.0,0.53076171875,0.98681640625
1035,519,-1.9825273752212524,2.4152510166168213,-0.05545929819345474,0.61279296875,0.7197265625,-0.325927734375,0.0,0.52734375,0.9921875
1036,515,-2.029783248901367,2.4609904289245605,-0.04328363016247749,0.67822265625,0.712890625,-0.1787109375,0.0,0.53076171875,0.9970703125
1037,518,-1.9366687536239624,2.401860237121582,0.0011784409871324897,0.5625,0.822265625,-0.08465576171875,0.0,0.53076171875,0.98681640625
1038,520,-2.0059444904327393,2.511765956878662,-0.18301020562648773,-0.9453125,-0.201171875,-0.25634765625,0.0,0.4853515625,0.91064453125
1039,521,-2.037443161010742,2.474976062774658,-0.038021545857191086,-0.95703125,-0.2685546875,-0.1090087890625,0.0,0.495849609375,0.91943359375
1040,522,-2.044008493423462,2.4966373443603516,-0.030805062502622604,-0.95703125,-0.275146484375,-0.0931396484375,0.0,0.496826171875,0.91796875
1041,521,-2.037443161010742,2.474976062774658,-0.038021545857191086,-0.95703125,-0.2685546875,-0.1090087890625,0.0,0.495849609375,0.91943359375
1042,523,-2.0312602519989014,2.476625680923462,0.02339906617999077,-0.9306640625,-0.35107421875,0.10308837890625,0.0,0.50146484375,0.91943359375
1043,522,-2.044008493423462,2.4966373443603516,-0.030805062502622604,-0.95703125,-0.275146484375,-0.0931396484375,0.0,0.496826171875,0.91796875
1044,521,-2.037443161010742,2.474976062774658,-0.038021545857191086,-0.95703125,-0.2685546875,-0.1090087890625,0.0,0.495849609375,0.91943359375
1045,524,-2.0239980220794678,2.457399845123291,0.016162537038326263,-0.9306640625,-0.35107421875,0.10308837890625,0.0,0.5009765625,0.92138671875
1046,523,-2.0312602519989014,2.476625680923462,0.02339906617999077,-0.9306640625,-0.35107421875,0.10308837890625,0.0,0.50146484375,0.91943359375
1047,525,-2.0059444904327393,2.511765956878662,-0.18301020562648773,0.10711669921875,0.986328125,0.12481689453125,0.0,0.4853515625,0.91064453125
1048,526,-2.044008493423462,2.4966373443603516,-0.030805062502622604,0.1185302734375,0.9736328125,0.196044921875,0.0,0.496826171875,0.91796875
1049,527,-2.018338680267334,2.493328332901001,-0.026678623631596565,0.12261962890625,0.96728515625,0.222412109375,0.0,0.498046875,0.916015625
1050,526,-2.044008493423462,2.4966373443603516,-0.030805062502622604,0.1185302734375,0.9736328125,0.196044921875,0.0,0.496826171875,0.91796875
1051,528,-2.011481523513794,2.472602128982544,0.020413001999258995,0.1409912109375,0.927734375,0.345703125,0.0,0.50244140625,0.91796875
1052,527,-2.018338680267334,2.493328332901001,-0.026678623631596565,0.12261962890625,0.96728515625,0.222412109375,0.0,0.498046875,0.916015625
1053,526,-2.044008493423462,2.4966373443603516,-0.030805062502622604,0.1185302734375,0.9736328125,0.196044921875,0.0,0.496826171875,0.91796875
1054,529,-2.0312602519989014,2.476625680923462,0.02339906617999077,0.1409912109375,0.927734375,0.345703125,0.0,0.50146484375,0.91943359375
1055,528,-2.011481523513794,2.472602128982544,0.020413001999258995,0.1409912109375,0.927734375,0.345703125,0.0,0.50244140625,0.91796875
1056,530,-1.9600366353988647,2.4146814346313477,0.019812243059277534,0.0716552734375,0.986328125,-0.148681640625,0.0,0.375732421875,0.332275390625
1057,531,-1.9292763471603394,2.4199740886688232,0.06973201781511307,0.09173583984375,0.986328125,-0.137451171875,0.0,0.374755859375,0.326904296875
1058,532,-1.9460030794143677,2.411457061767578,0.0006159162148833275,0.0716552734375,0.986328125,-0.148681640625,0.0,0.373779296875,0.33349609375
1059,530,-1.9600366353988647,2.4146814346313477,0.019812243059277534,0.0716552734375,0.986328125,-0.148681640625,0.0,0.375732421875,0.332275390625
1060,533,-1.9460798501968384,2.4239561557769775,0.08345912396907806,0.1109619140625,0.98583984375,-0.12646484375,0.0,0.376708984375,0.326416015625
1061,531,-1.9292763471603394,2.4199740886688232,0.06973201781511307,0.09173583984375,0.986328125,-0.137451171875,0.0,0.374755859375,0.326904296875
1062,533,-1.9460798501968384,2.4239561557769775,0.08345912396907806,0.1109619140625,0.98583984375,-0.12646484375,0.0,0.376708984375,0.326416015625
1063,534,-1.9095736742019653,2.4262444972991943,0.15509769320487976,0.146484375,0.9833984375,-0.10601806640625,0.0,0.377197265625,0.318603515625
1064,531,-1.9292763471603394,2.4199740886688232,0.06973201781511307,0.09173583984375,0.986328125,-0.137451171875,0.0,0.374755859375,0.326904296875
1065,535,-1.9095736742019653,2.4262444972991943,0.15509769320487976,0.94287109375,0.2364501953125,-0.2349853515625,0.0,0.377197265625,0.318603515625
1066,536,-1.9227972030639648,2.399874448776245,0.07549631595611572,0.9384765625,0.2421875,-0.2452392578125,0.0,0.372802734375,0.325927734375
1067,537,-1.9292763471603394,2.4199740886688232,0.06973201781511307,0.93798828125,0.2431640625,-0.2470703125,0.0,0.374755859375,0.326904296875
1068,536,-1.9227972030639648,2.399874448776245,0.07549631595611572,0.9384765625,0.2421875,-0.2452392578125,0.0,0.372802734375,0.325927734375
1069,538,-1.9460030794143677,2.411457061767578,0.0006159162148833275,0.93603515625,0.2459716796875,-0.251953125,0.0,0.373779296875,0.33349609375
1070,537,-1.9292763471603394,2.4199740886688232,0.06973201781511307,0.93798828125,0.2431640625,-0.2470703125,0.0,0.374755859375,0.326904296875
1071,536,-1.9227972030639648,2.399874448776245,0.07549631595611572,0.9384765625,0.2421875,-0.2452392578125,0.0,0.372802734375,0.325927734375
1072,539,-1.9403986930847168,2.3898749351501465,-0.0009476756677031517,0.93603515625,0.2459716796875,-0.251953125,0.0,0.37158203125,0.33349609375
1073,538,-1.9460030794143677,2.411457061767578,0.0006159162148833275,0.93603515625,0.2459716796875,-0.251953125,0.0,0.373779296875,0.33349609375
1074,540,-1.9600366353988647,2.4146814346313477,0.019812243059277534,-0.9677734375,-0.105712890625,0.229248046875,0.0,0.375732421875,0.332275390625
1075,541,-1.9611276388168335,2.3926963806152344,0.005533459130674601,-0.9677734375,-0.105712890625,0.229248046875,0.0,0.377197265625,0.33447265625
1076,542,-1.9441752433776855,2.401845693588257,0.08084388822317123,-0.94873046875,-0.11328125,0.295654296875,0.0,0.37890625,0.326904296875
1077,540,-1.9600366353988647,2.4146814346313477,0.019812243059277534,-0.9677734375,-0.105712890625,0.229248046875,0.0,0.375732421875,0.332275390625
1078,542,-1.9441752433776855,2.401845693588257,0.08084388822317123,-0.94873046875,-0.11328125,0.295654296875,0.0,0.37890625,0.326904296875
1079,543,-1.9460798501968384,2.4239561557769775,0.08345912396907806,-0.9375,-0.11669921875,0.3271484375,0.0,0.376708984375,0.326416015625
1080,542,-1.9441752433776855,2.401845693588257,0.08084388822317123,-0.94873046875,-0.11328125,0.295654296875,0.0,0.37890625,0.326904296875
1081,544,-1.9095736742019653,2.4262444972991943,0.15509769320487976,-0.8818359375,-0.129638671875,0.453369140625,0.0,0.377197265625,0.318603515625
1082,543,-1.9460798501968384,2.4239561557769775,0.08345912396907806,-0.9375,-0.11669921875,0.3271484375,0.0,0.376708984375,0.326416015625
1083,545,-2.0292165279388428,2.354022741317749,0.010499431751668453,-0.87109375,0.47802734375,-0.11431884765625,0.0,0.31103515625,0.95458984375
1084,546,-2.0392673015594482,2.3270621299743652,-0.025647258386015892,-0.86376953125,0.5029296875,-0.030181884765625,0.0,0.312255859375,0.9580078125
1085,547,-2.0377612113952637,2.3424713611602783,0.022976670414209366,-0.87109375,0.47802734375,-0.11431884765625,0.0,0.3125,0.95361328125
1086,545,-2.0292165279388428,2.354022741317749,0.010499431751668453,-0.87109375,0.47802734375,-0.11431884765625,0.0,0.31103515625,0.95458984375
1087,548,-2.0310494899749756,2.3411691188812256,-0.033592890948057175,-0.86181640625,0.50732421875,-0.01358795166015625,0.0,0.310546875,0.95849609375
1088,546,-2.0392673015594482,2.3270621299743652,-0.025647258386015892,-0.86376953125,0.5029296875,-0.030181884765625,0.0,0.312255859375,0.9580078125
1089,548,-2.0310494899749756,2.3411691188812256,-0.033592890948057175,-0.86181640625,0.50732421875,-0.01358795166015625,0.0,0.310546875,0.95849609375
1090,549,-2.06131911277771,2.302675485610962,-0.15799082815647125,-0.8515625,0.52197265625,0.045745849609375,0.0,0.31103515625,0.97021484375
1091,546,-2.0392673015594482,2.3270621299743652,-0.025647258386015892,-0.86376953125,0.5029296875,-0.030181884765625,0.0,0.312255859375,0.9580078125
1092,550,-2.0292165279388428,2.354022741317749,0.010499431751668453,0.79833984375,0.56640625,-0.205810546875,0.0,0.31103515625,0.95458984375
1093,551,-2.009229898452759,2.32981538772583,0.01977533847093582,0.79833984375,0.56640625,-0.205810546875,0.0,0.30810546875,0.9541015625
1094,552,-2.011812686920166,2.3145835399627686,-0.03050384484231472,0.7890625,0.54296875,-0.287353515625,0.0,0.307861328125,0.95849609375
1095,550,-2.0292165279388428,2.354022741317749,0.010499431751668453,0.79833984375,0.56640625,-0.205810546875,0.0,0.31103515625,0.95458984375
1096,552,-2.011812686920166,2.3145835399627686,-0.03050384484231472,0.7890625,0.54296875,-0.287353515625,0.0,0.307861328125,0.95849609375
1097,553,-2.0310494899749756,2.3411691188812256,-0.033592890948057175,0.7890625,0.54296875,-0.28759765625,0.0,0.310546875,0.95849609375
1098,552,-2.011812686920166,2.3145835399627686,-0.03050384484231472,0.7890625,0.54296875,-0.287353515625,0.0,0.307861328125,0.95849609375
1099,554,-2.06131911277771,2.302675485610962,-0.15799082815647125,0.77734375,0.52197265625,-0.3505859375,0.0,0.31103515625,0.97021484375
1100,553,-2.0310494899749756,2.3411691188812256,-0.033592890948057175,0.7890625,0.54296875,-0.28759765625,0.0,0.310546875,0.95849609375
1101,555,-1.0873709917068481,3.3566906452178955,-0.015030975453555584,0.72119140625,-0.69287109375,-0.01385498046875,0.0,0.06317138671875,0.82373046875
1102,556,-1.1158133745193481,3.375584363937378,0.019782714545726776,0.06683349609375,-0.058349609375,0.99609375,0.0,0.06781005859375,0.82373046875
1103,557,-2.944171667098999,1.4725942611694336,0.03069213777780533,0.0133056640625,-0.00691986083984375,1.0,0.0,0.06781005859375,0.57080078125
1104,555,-1.0873709917068481,3.3566906452178955,-0.015030975453555584,0.72119140625,-0.69287109375,-0.01385498046875,0.0,0.06317138671875,0.82373046875
1105,557,-2.944171667098999,1.4725942611694336,0.03069213777780533,0.0133056640625,-0.00691986083984375,1.0,0.0,0.06781005859375,0.57080078125
1106,558,-2.91961669921875,1.4488664865493774,-0.0041212462820112705,0.72119140625,-0.69287109375,-0.005741119384765625,0.0,0.06317138671875,0.57080078125
1107,559,-1.1161599159240723,3.376267671585083,-0.04917602613568306,0.047943115234375,-0.0516357421875,-0.99755859375,0.0,0.0584716796875,0.82373046875
1108,555,-1.0873709917068481,3.3566906452178955,-0.015030975453555584,0.72119140625,-0.69287109375,-0.01385498046875,0.0,0.06317138671875,0.82373046875
1109,558,-2.91961669921875,1.4488664865493774,-0.0041212462820112705,0.72119140625,-0.69287109375,-0.005741119384765625,0.0,0.06317138671875,0.57080078125
1110,559,-1.1161599159240723,3.376267671585083,-0.04917602613568306,0.047943115234375,-0.0516357421875,-0.99755859375,0.0,0.0584716796875,0.82373046875
1111,558,-2.91961669921875,1.4488664865493774,-0.0041212462820112705,0.72119140625,-0.69287109375,-0.005741119384765625,0.0,0.06317138671875,0.57080078125
1112,560,-2.9443888664245605,1.4733284711837769,-0.038266293704509735,-0.006023406982421875,0.00019109249114990234,-1.0,0.0,0.0584716796875,0.57080078125
1113,561,-1.1446021795272827,3.3951616287231445,-0.014362639747560024,-0.72119140625,0.69287109375,0.0068206787109375,0.0,0.05377197265625,0.82373046875
1114,559,-1.1161599159240723,3.376267671585083,-0.04917602613568306,0.047943115234375,-0.0516357421875,-0.99755859375,0.0,0.0584716796875,0.82373046875
1115,560,-2.9443888664245605,1.4733284711837769,-0.038266293704509735,-0.006023406982421875,0.00019109249114990234,-1.0,0.0,0.0584716796875,0.57080078125
1116,561,-1.1446021795272827,3.3951616287231445,-0.014362639747560024,-0.72119140625,0.69287109375,0.0068206787109375,0.0,0.05377197265625,0.82373046875
1117,560,-2.9443888664245605,1.4733284711837769,-0.038266293704509735,-0.006023406982421875,0.00019109249114990234,-1.0,0.0,0.0584716796875,0.57080078125
1118,562,-2.9689440727233887,1.497056245803833,-0.003452911274507642,-0.720703125,0.69287109375,0.01436614990234375,0.0,0.05377197265625,0.57080078125
1119,563,-1.1158133745193481,3.375584363937378,0.019782714545726776,0.06683349609375,-0.058349609375,0.99609375,0.0,0.049102783203125,0.82373046875
1120,561,-1.1446021795272827,3.3951616287231445,-0.014362639747560024,-0.72119140625,0.69287109375,0.0068206787109375,0.0,0.05377197265625,0.82373046875
1121,562,-2.9689440727233887,1.497056245803833,-0.003452911274507642,-0.720703125,0.69287109375,0.01436614990234375,0.0,0.05377197265625,0.57080078125
1122,563,-1.1158133745193481,3.375584363937378,0.019782714545726776,0.06683349609375,-0.058349609375,0.99609375,0.0,0.049102783203125,0.82373046875
1123,562,-2.9689440727233887,1.497056245803833,-0.003452911274507642,-0.720703125,0.69287109375,0.01436614990234375,0.0,0.05377197265625,0.57080078125
1124,564,-2.944171667098999,1.4725942611694336,0.03069213777780533,0.0133056640625,-0.00691986083984375,1.0,0.0,0.049102783203125,0.57080078125
1125,565,2.6712164878845215,3.3690927028656006,0.16477662324905396,-0.611328125,0.681640625,-0.40234375,0.0,0.50390625,0.33154296875
1126,566,2.7271246910095215,3.343865394592285,0.0370580330491066,-0.5927734375,0.6748046875,-0.439453125,0.0,0.505859375,0.34423828125
1127,567,2.7142751216888428,3.3291218280792236,0.03160864859819412,-0.5859375,0.67236328125,-0.4521484375,0.0,0.5078125,0.34423828125
1128,566,2.7271246910095215,3.343865394592285,0.0370580330491066,-0.5927734375,0.6748046875,-0.439453125,0.0,0.505859375,0.34423828125
1129,568,2.7364208698272705,3.309898853302002,-0.01910443790256977,-0.46142578125,0.59521484375,-0.65771484375,0.0,0.5078125,0.349365234375
1130,567,2.7142751216888428,3.3291218280792236,0.03160864859819412,-0.5859375,0.67236328125,-0.4521484375,0.0,0.5078125,0.34423828125
1131,566,2.7271246910095215,3.343865394592285,0.0370580330491066,-0.5927734375,0.6748046875,-0.439453125,0.0,0.505859375,0.34423828125
1132,569,2.7506301403045654,3.323723316192627,-0.01701624132692814,-0.46435546875,0.59765625,-0.65380859375,0.0,0.505859375,0.349365234375
1133,568,2.7364208698272705,3.309898853302002,-0.01910443790256977,-0.46142578125,0.59521484375,-0.65771484375,0.0,0.5078125,0.349365234375
1134,569,2.7506301403045654,3.323723316192627,-0.01701624132692814,-0.46435546875,0.59765625,-0.65380859375,0.0,0.505859375,0.349365234375
1135,570,2.7747161388397217,3.2778875827789307,-0.05691131576895714,-0.34521484375,0.50634765625,-0.7900390625,0.0,0.5078125,0.35498046875
1136,568,2.7364208698272705,3.309898853302002,-0.01910443790256977,-0.46142578125,0.59521484375,-0.65771484375,0.0,0.5078125,0.349365234375
1137,569,2.7506301403045654,3.323723316192627,-0.01701624132692814,-0.46435546875,0.59765625,-0.65380859375,0.0,0.505859375,0.349365234375
1138,571,2.788933753967285,3.2896265983581543,-0.055040568113327026,-0.34521484375,0.50634765625,-0.7900390625,0.0,0.505859375,0.35498046875
1139,570,2.7747161388397217,3.2778875827789307,-0.05691131576895714,-0.34521484375,0.50634765625,-0.7900390625,0.0,0.5078125,0.35498046875
1140,572,2.7271246910095215,3.343865394592285,0.0370580330491066,0.85791015625,0.447998046875,0.25048828125,0.0,0.505859375,0.34423828125
1141,573,2.6712164878845215,3.3690927028656006,0.16477662324905396,0.84423828125,0.45751953125,0.279296875,0.0,0.50390625,0.33154296875
1142,574,2.737372636795044,3.317127227783203,0.049875762313604355,0.85888671875,0.44775390625,0.24951171875,0.0,0.5029296875,0.344482421875
1143,575,2.7579269409179688,3.300281286239624,0.0005844032857567072,0.83642578125,0.468505859375,0.283935546875,0.0,0.50341796875,0.349609375
1144,572,2.7271246910095215,3.343865394592285,0.0370580330491066,0.85791015625,0.447998046875,0.25048828125,0.0,0.505859375,0.34423828125
1145,574,2.737372636795044,3.317127227783203,0.049875762313604355,0.85888671875,0.44775390625,0.24951171875,0.0,0.5029296875,0.344482421875
1146,575,2.7579269409179688,3.300281286239624,0.0005844032857567072,0.83642578125,0.468505859375,0.283935546875,0.0,0.50341796875,0.349609375
1147,576,2.7506301403045654,3.323723316192627,-0.01701624132692814,0.837890625,0.4677734375,0.281982421875,0.0,0.505859375,0.349365234375
1148,572,2.7271246910095215,3.343865394592285,0.0370580330491066,0.85791015625,0.447998046875,0.25048828125,0.0,0.505859375,0.34423828125
1149,577,2.7914373874664307,3.269073724746704,-0.03221481665968895,0.794921875,0.496826171875,0.347900390625,0.0,0.50341796875,0.354736328125
1150,576,2.7506301403045654,3.323723316192627,-0.01701624132692814,0.837890625,0.4677734375,0.281982421875,0.0,0.505859375,0.349365234375
1151,575,2.7579269409179688,3.300281286239624,0.0005844032857567072,0.83642578125,0.468505859375,0.283935546875,0.0,0.50341796875,0.349609375
1152,577,2.7914373874664307,3.269073724746704,-0.03221481665968895,0.794921875,0.496826171875,0.347900390625,0.0,0.50341796875,0.354736328125
1153,578,2.788933753967285,3.2896265983581543,-0.055040568113327026,0.794921875,0.496826171875,0.347900390625,0.0,0.505859375,0.35498046875
1154,576,2.7506301403045654,3.323723316192627,-0.01701624132692814,0.837890625,0.4677734375,0.281982421875,0.0,0.505859375,0.349365234375
1155,579,2.7747161388397217,3.2778875827789307,-0.05691131576895714,-0.56591796875,-0.810546875,0.1505126953125,0.0,0.50048828125,0.35498046875
1156,580,2.7914373874664307,3.269073724746704,-0.03221481665968895,-0.56591796875,-0.810546875,0.1505126953125,0.0,0.50341796875,0.354736328125
1157,581,2.7579269409179688,3.300281286239624,0.0005844032857567072,-0.53369140625,-0.83642578125,0.1243896484375,0.0,0.50341796875,0.349609375
1158,579,2.7747161388397217,3.2778875827789307,-0.05691131576895714,-0.56591796875,-0.810546875,0.1505126953125,0.0,0.50048828125,0.35498046875
1159,581,2.7579269409179688,3.300281286239624,0.0005844032857567072,-0.53369140625,-0.83642578125,0.1243896484375,0.0,0.50341796875,0.349609375
1160,582,2.7364208698272705,3.309898853302002,-0.01910443790256977,-0.53369140625,-0.83642578125,0.12420654296875,0.0,0.50048828125,0.349609375
1161,583,2.737372636795044,3.317127227783203,0.049875762313604355,-0.5078125,-0.8564453125,0.0928955078125,0.0,0.5029296875,0.344482421875
1162,582,2.7364208698272705,3.309898853302002,-0.01910443790256977,-0.53369140625,-0.83642578125,0.12420654296875,0.0,0.50048828125,0.349609375
1163,581,2.7579269409179688,3.300281286239624,0.0005844032857567072,-0.53369140625,-0.83642578125,0.1243896484375,0.0,0.50341796875,0.349609375
1164,583,2.737372636795044,3.317127227783203,0.049875762313604355,-0.5078125,-0.8564453125,0.0928955078125,0.0,0.5029296875,0.344482421875
1165,584,2.7142751216888428,3.3291218280792236,0.03160864859819412,-0.5068359375,-0.85693359375,0.0933837890625,0.0,0.50048828125,0.344482421875
1166,582,2.7364208698272705,3.309898853302002,-0.01910443790256977,-0.53369140625,-0.83642578125,0.12420654296875,0.0,0.50048828125,0.349609375
1167,584,2.7142751216888428,3.3291218280792236,0.03160864859819412,-0.5068359375,-0.85693359375,0.0933837890625,0.0,0.50048828125,0.344482421875
1168,583,2.737372636795044,3.317127227783203,0.049875762313604355,-0.5078125,-0.8564453125,0.0928955078125,0.0,0.5029296875,0.344482421875
1169,585,2.6712164878845215,3.3690927028656006,0.16477662324905396,-0.51416015625,-0.85302734375,0.08984375,0.0,0.50390625,0.33154296875
1170,586,2.7742974758148193,3.27432918548584,-0.05626532435417175,-0.37939453125,0.1497802734375,-0.9130859375,0.0,0.609375,0.68603515625
1171,587,2.887895107269287,3.2886128425598145,-0.050831038504838943,0.501953125,-0.73876953125,-0.44970703125,0.0,0.60009765625,0.6923828125
1172,588,2.8268001079559326,3.2317497730255127,-0.03353923559188843,0.496826171875,-0.73583984375,-0.460205078125,0.0,0.609375,0.6923828125
1173,586,2.7742974758148193,3.27432918548584,-0.05626532435417175,-0.37939453125,0.1497802734375,-0.9130859375,0.0,0.609375,0.68603515625
1174,589,2.8413684368133545,3.3305394649505615,-0.07430112361907959,-0.35400390625,0.1160888671875,-0.927734375,0.0,0.60009765625,0.68603515625
1175,587,2.887895107269287,3.2886128425598145,-0.050831038504838943,0.501953125,-0.73876953125,-0.44970703125,0.0,0.60009765625,0.6923828125
1176,590,2.7402849197387695,3.3048479557037354,-0.002090954687446356,-0.65966796875,0.74658203125,-0.08587646484375,0.0,0.609375,0.6796875
1177,589,2.8413684368133545,3.3305394649505615,-0.07430112361907959,-0.35400390625,0.1160888671875,-0.927734375,0.0,0.60009765625,0.68603515625
1178,586,2.7742974758148193,3.27432918548584,-0.05626532435417175,-0.37939453125,0.1497802734375,-0.9130859375,0.0,0.609375,0.68603515625
1179,590,2.7402849197387695,3.3048479557037354,-0.002090954687446356,-0.65966796875,0.74658203125,-0.08587646484375,0.0,0.609375,0.6796875
1180,591,2.828911066055298,3.382415294647217,-0.028109408915042877,-0.66015625,0.7451171875,-0.09259033203125,0.0,0.60009765625,0.6796875
1181,589,2.8413684368133545,3.3305394649505615,-0.07430112361907959,-0.35400390625,0.1160888671875,-0.927734375,0.0,0.60009765625,0.68603515625
1182,592,2.7833898067474365,3.298104763031006,0.05084140598773956,-0.15966796875,0.467529296875,0.86962890625,0.0,0.609375,0.67333984375
1183,591,2.828911066055298,3.382415294647217,-0.028109408915042877,-0.66015625,0.7451171875,-0.09259033203125,0.0,0.60009765625,0.6796875
1184,590,2.7402849197387695,3.3048479557037354,-0.002090954687446356,-0.65966796875,0.74658203125,-0.08587646484375,0.0,0.609375,0.6796875
1185,592,2.7833898067474365,3.298104763031006,0.05084140598773956,-0.15966796875,0.467529296875,0.86962890625,0.0,0.609375,0.67333984375
1186,593,2.8533008098602295,3.350527048110962,0.037833698093891144,-0.10723876953125,0.415283203125,0.9033203125,0.0,0.60009765625,0.67333984375
1187,591,2.828911066055298,3.382415294647217,-0.028109408915042877,-0.66015625,0.7451171875,-0.09259033203125,0.0,0.60009765625,0.6796875
1188,594,2.822890043258667,3.2353944778442383,0.04638569802045822,0.56689453125,-0.4638671875,0.6806640625,0.0,0.609375,0.66650390625
1189,593,2.8533008098602295,3.350527048110962,0.037833698093891144,-0.10723876953125,0.415283203125,0.9033203125,0.0,0.60009765625,0.67333984375
1190,592,2.7833898067474365,3.298104763031006,0.05084140598773956,-0.15966796875,0.467529296875,0.86962890625,0.0,0.609375,0.67333984375
1191,594,2.822890043258667,3.2353944778442383,0.04638569802045822,0.56689453125,-0.4638671875,0.6806640625,0.0,0.609375,0.66650390625
1192,595,2.912320137023926,3.3040621280670166,0.01739579625427723,0.5986328125,-0.5263671875,0.603515625,0.0,0.60009765625,0.66650390625
1193,593,2.8533008098602295,3.350527048110962,0.037833698093891144,-0.10723876953125,0.415283203125,0.9033203125,0.0,0.60009765625,0.67333984375
1194,596,2.8268001079559326,3.2317497730255127,-0.03353923559188843,0.496826171875,-0.73583984375,-0.460205078125,0.0,0.609375,0.65966796875
1195,595,2.912320137023926,3.3040621280670166,0.01739579625427723,0.5986328125,-0.5263671875,0.603515625,0.0,0.60009765625,0.66650390625
1196,594,2.822890043258667,3.2353944778442383,0.04638569802045822,0.56689453125,-0.4638671875,0.6806640625,0.0,0.609375,0.66650390625
1197,596,2.8268001079559326,3.2317497730255127,-0.03353923559188843,0.496826171875,-0.73583984375,-0.460205078125,0.0,0.609375,0.65966796875
1198,597,2.887895107269287,3.2886128425598145,-0.050831038504838943,0.501953125,-0.73876953125,-0.44970703125,0.0,0.60009765625,0.65966796875
1199,595,2.912320137023926,3.3040621280670166,0.01739579625427723,0.5986328125,-0.5263671875,0.603515625,0.0,0.60009765625,0.66650390625
1200,598,2.8413684368133545,3.3305394649505615,-0.07430112361907959,0.73095703125,0.63916015625,-0.23876953125,0.0,0.45947265625,0.4921875
1201,599,2.828911066055298,3.382415294647217,-0.028109408915042877,0.91650390625,0.364990234375,-0.16259765625,0.0,0.465576171875,0.490966796875
1202,600,2.8533008098602295,3.350527048110962,0.037833698093891144,0.666015625,0.71875,-0.198974609375,0.0,0.465576171875,0.484375
1203,598,2.8413684368133545,3.3305394649505615,-0.07430112361907959,0.73095703125,0.63916015625,-0.23876953125,0.0,0.45947265625,0.4921875
1204,600,2.8533008098602295,3.350527048110962,0.037833698093891144,0.666015625,0.71875,-0.198974609375,0.0,0.465576171875,0.484375
1205,601,2.912320137023926,3.3040621280670166,0.01739579625427723,0.5966796875,0.765625,-0.240478515625,0.0,0.459228515625,0.48193359375
1206,602,2.887895107269287,3.2886128425598145,-0.050831038504838943,0.71728515625,0.57861328125,-0.387939453125,0.0,0.4560546875,0.487548828125
1207,598,2.8413684368133545,3.3305394649505615,-0.07430112361907959,0.73095703125,0.63916015625,-0.23876953125,0.0,0.45947265625,0.4921875
1208,601,2.912320137023926,3.3040621280670166,0.01739579625427723,0.5966796875,0.765625,-0.240478515625,0.0,0.459228515625,0.48193359375
1209,603,2.7833898067474365,3.298104763031006,0.05084140598773956,-0.7529296875,-0.6259765625,0.202880859375,0.0,0.52294921875,0.9658203125
1210,604,2.7402849197387695,3.3048479557037354,-0.002090954687446356,-0.42041015625,-0.87744140625,0.23046875,0.0,0.51904296875,0.96142578125
1211,605,2.7742974758148193,3.27432918548584,-0.05626532435417175,-0.68115234375,-0.7177734375,0.14453125,0.0,0.513671875,0.9638671875
1212,603,2.7833898067474365,3.298104763031006,0.05084140598773956,-0.7529296875,-0.6259765625,0.202880859375,0.0,0.52294921875,0.9658203125
1213,605,2.7742974758148193,3.27432918548584,-0.05626532435417175,-0.68115234375,-0.7177734375,0.14453125,0.0,0.513671875,0.9638671875
1214,606,2.822890043258667,3.2353944778442383,0.04638569802045822,-0.7822265625,-0.607421875,0.1397705078125,0.0,0.52001953125,0.9716796875
1215,605,2.7742974758148193,3.27432918548584,-0.05626532435417175,-0.68115234375,-0.7177734375,0.14453125,0.0,0.513671875,0.9638671875
1216,607,2.8268001079559326,3.2317497730255127,-0.03353923559188843,-0.630859375,-0.77587890625,0.004505157470703125,0.0,0.513671875,0.97021484375
1217,606,2.822890043258667,3.2353944778442383,0.04638569802045822,-0.7822265625,-0.607421875,0.1397705078125,0.0,0.52001953125,0.9716796875
1218,608,2.910235643386841,3.320206642150879,-0.20846013724803925,-0.86669921875,-0.164794921875,-0.470458984375,0.0,0.23583984375,0.8876953125
1219,609,2.8596599102020264,3.331468343734741,-0.11919597536325455,-0.88427734375,-0.2396240234375,-0.400390625,0.0,0.2327880859375,0.8974609375
1220,610,2.8339738845825195,3.3651819229125977,-0.0836675614118576,-0.8759765625,-0.4580078125,-0.152099609375,0.0,0.2342529296875,0.90234375
1221,609,2.8596599102020264,3.331468343734741,-0.11919597536325455,-0.88427734375,-0.2396240234375,-0.400390625,0.0,0.2327880859375,0.8974609375
1222,611,2.8224949836730957,3.375251293182373,-0.02501191571354866,-0.86767578125,-0.4833984375,-0.11767578125,0.0,0.23388671875,0.90771484375
1223,610,2.8339738845825195,3.3651819229125977,-0.0836675614118576,-0.8759765625,-0.4580078125,-0.152099609375,0.0,0.2342529296875,0.90234375
1224,609,2.8596599102020264,3.331468343734741,-0.11919597536325455,-0.88427734375,-0.2396240234375,-0.400390625,0.0,0.2327880859375,0.8974609375
1225,612,2.8308262825012207,3.355546236038208,-0.020885154604911804,-0.86767578125,-0.4833984375,-0.11767578125,0.0,0.2314453125,0.90771484375
1226,611,2.8224949836730957,3.375251293182373,-0.02501191571354866,-0.86767578125,-0.4833984375,-0.11767578125,0.0,0.23388671875,0.90771484375
1227,613,2.84690260887146,3.3521978855133057,-0.023049747571349144,0.95361328125,0.23388671875,0.1904296875,0.0,0.23828125,0.9072265625
1228,614,2.8530712127685547,3.3648924827575684,-0.06954121589660645,0.93359375,0.2568359375,0.2493896484375,0.0,0.236328125,0.90283203125
1229,615,2.841972589492798,3.3722856044769287,-0.019708331674337387,0.95361328125,0.23388671875,0.1904296875,0.0,0.236083984375,0.90771484375
1230,613,2.84690260887146,3.3521978855133057,-0.023049747571349144,0.95361328125,0.23388671875,0.1904296875,0.0,0.23828125,0.9072265625
1231,616,2.858224391937256,3.3436617851257324,-0.06592750549316406,0.931640625,0.259033203125,0.255615234375,0.0,0.23828125,0.90283203125
1232,614,2.8530712127685547,3.3648924827575684,-0.06954121589660645,0.93359375,0.2568359375,0.2493896484375,0.0,0.236328125,0.90283203125
1233,616,2.858224391937256,3.3436617851257324,-0.06592750549316406,0.931640625,0.259033203125,0.255615234375,0.0,0.23828125,0.90283203125
1234,617,2.910235643386841,3.320206642150879,-0.20846013724803925,0.91748046875,0.27197265625,0.2900390625,0.0,0.23583984375,0.8876953125
1235,614,2.8530712127685547,3.3648924827575684,-0.06954121589660645,0.93359375,0.2568359375,0.2493896484375,0.0,0.236328125,0.90283203125
1236,618,2.910235643386841,3.320206642150879,-0.20846013724803925,0.185302734375,0.955078125,-0.23095703125,0.0,0.23583984375,0.8876953125
1237,619,2.8339738845825195,3.3651819229125977,-0.0836675614118576,0.1737060546875,0.96435546875,-0.19921875,0.0,0.2342529296875,0.90234375
1238,620,2.8530712127685547,3.3648924827575684,-0.06954121589660645,0.166748046875,0.96923828125,-0.180419921875,0.0,0.236328125,0.90283203125
1239,619,2.8339738845825195,3.3651819229125977,-0.0836675614118576,0.1737060546875,0.96435546875,-0.19921875,0.0,0.2342529296875,0.90234375
1240,621,2.841972589492798,3.3722856044769287,-0.019708331674337387,0.1468505859375,0.98095703125,-0.1273193359375,0.0,0.236083984375,0.90771484375
1241,620,2.8530712127685547,3.3648924827575684,-0.06954121589660645,0.166748046875,0.96923828125,-0.180419921875,0.0,0.236328125,0.90283203125
1242,619,2.8339738845825195,3.3651819229125977,-0.0836675614118576,0.1737060546875,0.96435546875,-0.19921875,0.0,0.2342529296875,0.90234375
1243,622,2.8224949836730957,3.375251293182373,-0.02501191571354866,0.1468505859375,0.98095703125,-0.1273193359375,0.0,0.23388671875,0.90771484375
1244,621,2.841972589492798,3.3722856044769287,-0.019708331674337387,0.1468505859375,0.98095703125,-0.1273193359375,0.0,0.236083984375,0.90771484375
1245,623,2.84690260887146,3.3521978855133057,-0.023049747571349144,-0.09893798828125,-0.9755859375,0.1971435546875,0.0,0.23828125,0.9072265625
1246,624,2.8308262825012207,3.355546236038208,-0.020885154604911804,-0.09893798828125,-0.9755859375,0.1971435546875,0.0,0.2398681640625,0.90771484375
1247,625,2.8596599102020264,3.331468343734741,-0.11919597536325455,0.1630859375,-0.9609375,0.2227783203125,0.0,0.2392578125,0.8974609375
1248,623,2.84690260887146,3.3521978855133057,-0.023049747571349144,-0.09893798828125,-0.9755859375,0.1971435546875,0.0,0.23828125,0.9072265625
1249,625,2.8596599102020264,3.331468343734741,-0.11919597536325455,0.1630859375,-0.9609375,0.2227783203125,0.0,0.2392578125,0.8974609375
1250,626,2.858224391937256,3.3436617851257324,-0.06592750549316406,-0.0643310546875,-0.9775390625,0.201416015625,0.0,0.23828125,0.90283203125
1251,627,2.910235643386841,3.320206642150879,-0.20846013724803925,0.1822509765625,-0.95751953125,0.22412109375,0.0,0.23583984375,0.8876953125
1252,626,2.858224391937256,3.3436617851257324,-0.06592750549316406,-0.0643310546875,-0.9775390625,0.201416015625,0.0,0.23828125,0.90283203125
1253,625,2.8596599102020264,3.331468343734741,-0.11919597536325455,0.1630859375,-0.9609375,0.2227783203125,0.0,0.2392578125,0.8974609375
1254,628,2.81965970993042,3.2555487155914307,0.016474207863211632,-0.75927734375,0.2548828125,-0.5986328125,0.0,0.47119140625,0.272705078125
1255,629,2.822122097015381,3.2140719890594482,-0.004308132454752922,-0.787109375,0.365966796875,-0.49658203125,0.0,0.47021484375,0.268798828125
1256,630,2.8070244789123535,3.24934983253479,0.029282838106155396,-0.75927734375,0.2548828125,-0.5986328125,0.0,0.4697265625,0.273193359375
1257,628,2.81965970993042,3.2555487155914307,0.016474207863211632,-0.75927734375,0.2548828125,-0.5986328125,0.0,0.47119140625,0.272705078125
1258,631,2.833099365234375,3.224412679672241,-0.014420505613088608,-0.7900390625,0.384521484375,-0.4775390625,0.0,0.4716796875,0.268798828125
1259,629,2.822122097015381,3.2140719890594482,-0.004308132454752922,-0.787109375,0.365966796875,-0.49658203125,0.0,0.47021484375,0.268798828125
1260,631,2.833099365234375,3.224412679672241,-0.014420505613088608,-0.7900390625,0.384521484375,-0.4775390625,0.0,0.4716796875,0.268798828125
1261,632,2.83510422706604,3.136847972869873,-0.11854611337184906,-0.7958984375,0.45556640625,-0.3984375,0.0,0.47119140625,0.2568359375
1262,629,2.822122097015381,3.2140719890594482,-0.004308132454752922,-0.787109375,0.365966796875,-0.49658203125,0.0,0.47021484375,0.268798828125
1263,633,2.81965970993042,3.2555487155914307,0.016474207863211632,0.84521484375,0.5107421875,-0.15869140625,0.0,0.47119140625,0.272705078125
1264,634,2.8344531059265137,3.2393078804016113,0.040741175413131714,0.84521484375,0.5107421875,-0.15869140625,0.0,0.47412109375,0.273193359375
1265,635,2.849076509475708,3.2034096717834473,0.005327899474650621,0.865234375,0.439208984375,-0.240966796875,0.0,0.474609375,0.268798828125
1266,633,2.81965970993042,3.2555487155914307,0.016474207863211632,0.84521484375,0.5107421875,-0.15869140625,0.0,0.47119140625,0.272705078125
1267,635,2.849076509475708,3.2034096717834473,0.005327899474650621,0.865234375,0.439208984375,-0.240966796875,0.0,0.474609375,0.268798828125
1268,636,2.833099365234375,3.224412679672241,-0.014420505613088608,0.865234375,0.439208984375,-0.2410888671875,0.0,0.4716796875,0.268798828125
1269,635,2.849076509475708,3.2034096717834473,0.005327899474650621,0.865234375,0.439208984375,-0.240966796875,0.0,0.474609375,0.268798828125
1270,637,2.83510422706604,3.136847972869873,-0.11854611337184906,0.8740234375,0.380126953125,-0.302734375,0.0,0.47119140625,0.2568359375
1271,636,2.833099365234375,3.224412679672241,-0.014420505613088608,0.865234375,0.439208984375,-0.2410888671875,0.0,0.4716796875,0.268798828125
1272,638,2.071800708770752,2.204155445098877,0.06170139089226723,0.1707763671875,0.04583740234375,0.984375,0.0,0.412841796875,0.473388671875
1273,639,1.9994343519210815,2.3263564109802246,0.06856328248977661,0.1517333984375,0.07891845703125,0.9853515625,0.0,0.41455078125,0.461181640625
1274,640,1.9813393354415894,2.3178553581237793,0.07209845632314682,0.1461181640625,0.0887451171875,0.9853515625,0.0,0.412841796875,0.460693359375
1275,639,1.9994343519210815,2.3263564109802246,0.06856328248977661,0.1517333984375,0.07891845703125,0.9853515625,0.0,0.41455078125,0.461181640625
1276,641,1.945429801940918,2.364910125732422,0.07041222602128983,0.015411376953125,0.281982421875,0.95947265625,0.0,0.4130859375,0.455810546875
1277,640,1.9813393354415894,2.3178553581237793,0.07209845632314682,0.1461181640625,0.0887451171875,0.9853515625,0.0,0.412841796875,0.460693359375
1278,639,1.9994343519210815,2.3263564109802246,0.06856328248977661,0.1517333984375,0.07891845703125,0.9853515625,0.0,0.41455078125,0.461181640625
1279,642,1.961344838142395,2.37644362449646,0.06708765029907227,0.01422882080078125,0.28369140625,0.958984375,0.0,0.414794921875,0.455810546875
1280,641,1.945429801940918,2.364910125732422,0.07041222602128983,0.015411376953125,0.281982421875,0.95947265625,0.0,0.4130859375,0.455810546875
1281,642,1.961344838142395,2.37644362449646,0.06708765029907227,0.01422882080078125,0.28369140625,0.958984375,0.0,0.414794921875,0.455810546875
1282,643,1.9106017351150513,2.410860776901245,0.0452241487801075,-0.0955810546875,0.429443359375,0.89794921875,0.0,0.413330078125,0.45068359375
1283,641,1.945429801940918,2.364910125732422,0.07041222602128983,0.015411376953125,0.281982421875,0.95947265625,0.0,0.4130859375,0.455810546875
1284,642,1.961344838142395,2.37644362449646,0.06708765029907227,0.01422882080078125,0.28369140625,0.958984375,0.0,0.414794921875,0.455810546875
1285,644,1.9247198104858398,2.422050714492798,0.04087580740451813,-0.0955810546875,0.429443359375,0.89794921875,0.0,0.4150390625,0.450439453125
1286,643,1.9106017351150513,2.410860776901245,0.0452241487801075,-0.0955810546875,0.429443359375,0.89794921875,0.0,0.413330078125,0.45068359375
1287,645,2.071800708770752,2.204155445098877,0.06170139089226723,-0.77197265625,-0.59326171875,-0.228515625,0.0,0.412841796875,0.473388671875
1288,646,1.9813393354415894,2.3178553581237793,0.07209845632314682,-0.77099609375,-0.5947265625,-0.2275390625,0.0,0.412841796875,0.460693359375
1289,647,1.9889373779296875,2.3203489780426025,0.039961427450180054,-0.77099609375,-0.5947265625,-0.2275390625,0.0,0.409912109375,0.4609375
1290,646,1.9813393354415894,2.3178553581237793,0.07209845632314682,-0.77099609375,-0.5947265625,-0.2275390625,0.0,0.412841796875,0.460693359375
1291,648,1.9544167518615723,2.364434242248535,0.04080978408455849,-0.7451171875,-0.62890625,-0.2213134765625,0.0,0.410400390625,0.45556640625
1292,647,1.9889373779296875,2.3203489780426025,0.039961427450180054,-0.77099609375,-0.5947265625,-0.2275390625,0.0,0.409912109375,0.4609375
1293,646,1.9813393354415894,2.3178553581237793,0.07209845632314682,-0.77099609375,-0.5947265625,-0.2275390625,0.0,0.412841796875,0.460693359375
1294,649,1.945429801940918,2.364910125732422,0.07041222602128983,-0.74609375,-0.62841796875,-0.221435546875,0.0,0.4130859375,0.455810546875
1295,648,1.9544167518615723,2.364434242248535,0.04080978408455849,-0.7451171875,-0.62890625,-0.2213134765625,0.0,0.410400390625,0.45556640625
1296,649,1.945429801940918,2.364910125732422,0.07041222602128983,-0.74609375,-0.62841796875,-0.221435546875,0.0,0.4130859375,0.455810546875
1297,650,1.9237949848175049,2.4061455726623535,0.01677010767161846,-0.72021484375,-0.6591796875,-0.2161865234375,0.0,0.41064453125,0.450439453125
1298,648,1.9544167518615723,2.364434242248535,0.04080978408455849,-0.7451171875,-0.62890625,-0.2213134765625,0.0,0.410400390625,0.45556640625
1299,649,1.945429801940918,2.364910125732422,0.07041222602128983,-0.74609375,-0.62841796875,-0.221435546875,0.0,0.4130859375,0.455810546875
1300,651,1.9106017351150513,2.410860776901245,0.0452241487801075,-0.72021484375,-0.6591796875,-0.2161865234375,0.0,0.413330078125,0.45068359375
1301,650,1.9237949848175049,2.4061455726623535,0.01677010767161846,-0.72021484375,-0.6591796875,-0.2161865234375,0.0,0.41064453125,0.450439453125
1302,652,1.9994343519210815,2.3263564109802246,0.06856328248977661,0.75732421875,0.5166015625,-0.399658203125,0.0,0.41455078125,0.461181640625
1303,653,2.071800708770752,2.204155445098877,0.06170139089226723,0.78271484375,0.4853515625,-0.38916015625,0.0,0.412841796875,0.473388671875
1304,654,1.9889373779296875,2.3203489780426025,0.039961427450180054,0.7548828125,0.51953125,-0.400634765625,0.0,0.417236328125,0.461181640625
1305,655,1.9544167518615723,2.364434242248535,0.04080978408455849,0.77783203125,0.492919921875,-0.39013671875,0.0,0.417236328125,0.4560546875
1306,652,1.9994343519210815,2.3263564109802246,0.06856328248977661,0.75732421875,0.5166015625,-0.399658203125,0.0,0.41455078125,0.461181640625
1307,654,1.9889373779296875,2.3203489780426025,0.039961427450180054,0.7548828125,0.51953125,-0.400634765625,0.0,0.417236328125,0.461181640625
1308,655,1.9544167518615723,2.364434242248535,0.04080978408455849,0.77783203125,0.492919921875,-0.39013671875,0.0,0.417236328125,0.4560546875
1309,656,1.961344838142395,2.37644362449646,0.06708765029907227,0.7763671875,0.494384765625,-0.390625,0.0,0.414794921875,0.455810546875
1310,652,1.9994343519210815,2.3263564109802246,0.06856328248977661,0.75732421875,0.5166015625,-0.399658203125,0.0,0.41455078125,0.461181640625
1311,657,1.9237949848175049,2.4061455726623535,0.01677010767161846,0.8271484375,0.4267578125,-0.365478515625,0.0,0.41748046875,0.450927734375
1312,656,1.961344838142395,2.37644362449646,0.06708765029907227,0.7763671875,0.494384765625,-0.390625,0.0,0.414794921875,0.455810546875
1313,655,1.9544167518615723,2.364434242248535,0.04080978408455849,0.77783203125,0.492919921875,-0.39013671875,0.0,0.417236328125,0.4560546875
1314,657,1.9237949848175049,2.4061455726623535,0.01677010767161846,0.8271484375,0.4267578125,-0.365478515625,0.0,0.41748046875,0.450927734375
1315,658,1.9247198104858398,2.422050714492798,0.04087580740451813,0.8271484375,0.4267578125,-0.365478515625,0.0,0.4150390625,0.450439453125
1316,656,1.961344838142395,2.37644362449646,0.06708765029907227,0.7763671875,0.494384765625,-0.390625,0.0,0.414794921875,0.455810546875
1317,659,1.9108660221099854,2.4124062061309814,0.043103743344545364,-0.46142578125,0.41015625,0.78662109375,0.0,0.311279296875,0.99609375
1318,660,1.9544137716293335,2.4893383979797363,-0.029855826869606972,-0.70703125,0.475830078125,-0.5234375,0.0,0.3046875,0.98681640625
1319,661,1.9020211696624756,2.422168254852295,-0.026985449716448784,-0.71142578125,0.480224609375,-0.51318359375,0.0,0.3046875,0.99609375
1320,659,1.9108660221099854,2.4124062061309814,0.043103743344545364,-0.46142578125,0.41015625,0.78662109375,0.0,0.311279296875,0.99609375
1321,662,1.963868498802185,2.4839999675750732,0.036140937358140945,-0.489990234375,0.4296875,0.75830078125,0.0,0.311279296875,0.98681640625
1322,660,1.9544137716293335,2.4893383979797363,-0.029855826869606972,-0.70703125,0.475830078125,-0.5234375,0.0,0.3046875,0.98681640625
1323,663,1.9555699825286865,2.3590621948242188,0.05648515745997429,0.38818359375,-0.2100830078125,0.8974609375,0.0,0.318115234375,0.99609375
1324,662,1.963868498802185,2.4839999675750732,0.036140937358140945,-0.489990234375,0.4296875,0.75830078125,0.0,0.311279296875,0.98681640625
1325,659,1.9108660221099854,2.4124062061309814,0.043103743344545364,-0.46142578125,0.41015625,0.78662109375,0.0,0.311279296875,0.99609375
1326,663,1.9555699825286865,2.3590621948242188,0.05648515745997429,0.38818359375,-0.2100830078125,0.8974609375,0.0,0.318115234375,0.99609375
1327,664,2.0271031856536865,2.4559683799743652,0.05012543871998787,0.38330078125,-0.206298828125,0.900390625,0.0,0.318115234375,0.98681640625
1328,662,1.963868498802185,2.4839999675750732,0.036140937358140945,-0.489990234375,0.4296875,0.75830078125,0.0,0.311279296875,0.98681640625
1329,665,1.9892998933792114,2.350100517272949,-0.002568426076322794,0.79833984375,-0.5986328125,-0.06243896484375,0.0,0.32470703125,0.99609375
1330,664,2.0271031856536865,2.4559683799743652,0.05012543871998787,0.38330078125,-0.206298828125,0.900390625,0.0,0.318115234375,0.98681640625
1331,663,1.9555699825286865,2.3590621948242188,0.05648515745997429,0.38818359375,-0.2100830078125,0.8974609375,0.0,0.318115234375,0.99609375
1332,665,1.9892998933792114,2.350100517272949,-0.002568426076322794,0.79833984375,-0.5986328125,-0.06243896484375,0.0,0.32470703125,0.99609375
1333,666,2.0426433086395264,2.4192347526550293,-0.01597578078508377,0.78759765625,-0.59912109375,-0.14306640625,0.0,0.32470703125,0.98681640625
1334,664,2.0271031856536865,2.4559683799743652,0.05012543871998787,0.38330078125,-0.206298828125,0.900390625,0.0,0.318115234375,0.98681640625
1335,667,1.9464247226715088,2.3650195598602295,-0.06132049486041069,0.1324462890625,-0.1971435546875,-0.97119140625,0.0,0.33203125,0.99609375
1336,666,2.0426433086395264,2.4192347526550293,-0.01597578078508377,0.78759765625,-0.59912109375,-0.14306640625,0.0,0.32470703125,0.98681640625
1337,665,1.9892998933792114,2.350100517272949,-0.002568426076322794,0.79833984375,-0.5986328125,-0.06243896484375,0.0,0.32470703125,0.99609375
1338,667,1.9464247226715088,2.3650195598602295,-0.06132049486041069,0.1324462890625,-0.1971435546875,-0.97119140625,0.0,0.33203125,0.99609375
1339,668,2.0093994140625,2.462397336959839,-0.07158032059669495,0.049041748046875,-0.1370849609375,-0.9892578125,0.0,0.33203125,0.98681640625
1340,666,2.0426433086395264,2.4192347526550293,-0.01597578078508377,0.78759765625,-0.59912109375,-0.14306640625,0.0,0.32470703125,0.98681640625
1341,669,1.9020211696624756,2.422168254852295,-0.026985449716448784,-0.71142578125,0.480224609375,-0.51318359375,0.0,0.33935546875,0.99609375
1342,668,2.0093994140625,2.462397336959839,-0.07158032059669495,0.049041748046875,-0.1370849609375,-0.9892578125,0.0,0.33203125,0.98681640625
1343,667,1.9464247226715088,2.3650195598602295,-0.06132049486041069,0.1324462890625,-0.1971435546875,-0.97119140625,0.0,0.33203125,0.99609375
1344,669,1.9020211696624756,2.422168254852295,-0.026985449716448784,-0.71142578125,0.480224609375,-0.51318359375,0.0,0.33935546875,0.99609375
1345,670,1.9544137716293335,2.4893383979797363,-0.029855826869606972,-0.70703125,0.475830078125,-0.5234375,0.0,0.33935546875,0.98681640625
1346,668,2.0093994140625,2.462397336959839,-0.07158032059669495,0.049041748046875,-0.1370849609375,-0.9892578125,0.0,0.33203125,0.98681640625
1347,671,1.963868498802185,2.4839999675750732,0.036140937358140945,0.57666015625,0.81591796875,-0.04119873046875,0.0,0.313232421875,0.352294921875
1348,672,2.0271031856536865,2.4559683799743652,0.05012543871998787,0.443359375,0.82373046875,-0.353515625,0.0,0.320068359375,0.350830078125
1349,673,2.0426433086395264,2.4192347526550293,-0.01597578078508377,0.6455078125,0.76318359375,0.027008056640625,0.0,0.320068359375,0.343505859375
1350,671,1.963868498802185,2.4839999675750732,0.036140937358140945,0.57666015625,0.81591796875,-0.04119873046875,0.0,0.313232421875,0.352294921875
1351,673,2.0426433086395264,2.4192347526550293,-0.01597578078508377,0.6455078125,0.76318359375,0.027008056640625,0.0,0.320068359375,0.343505859375
1352,674,2.0093994140625,2.462397336959839,-0.07158032059669495,0.6435546875,0.755859375,0.12042236328125,0.0,0.31298828125,0.3408203125
1353,675,1.9544137716293335,2.4893383979797363,-0.029855826869606972,0.4453125,0.8955078125,0.00864410400390625,0.0,0.3095703125,0.346923828125
1354,671,1.963868498802185,2.4839999675750732,0.036140937358140945,0.57666015625,0.81591796875,-0.04119873046875,0.0,0.313232421875,0.352294921875
1355,674,2.0093994140625,2.462397336959839,-0.07158032059669495,0.6435546875,0.755859375,0.12042236328125,0.0,0.31298828125,0.3408203125
1356,676,1.9039865732192993,2.618178129196167,0.05168098211288452,-0.73583984375,-0.370849609375,0.56640625,0.0,0.2401123046875,0.85595703125
1357,677,1.971137523651123,2.484325408935547,0.0512741357088089,-0.67431640625,-0.51025390625,0.53369140625,0.0,0.2374267578125,0.87060546875
1358,678,1.984316110610962,2.487879514694214,0.07071863114833832,-0.66748046875,-0.52294921875,0.52978515625,0.0,0.239501953125,0.87060546875
1359,677,1.971137523651123,2.484325408935547,0.0512741357088089,-0.67431640625,-0.51025390625,0.53369140625,0.0,0.2374267578125,0.87060546875
1360,679,2.0180492401123047,2.4442124366760254,0.04935622960329056,-0.5634765625,-0.68115234375,0.467529296875,0.0,0.239501953125,0.8759765625
1361,678,1.984316110610962,2.487879514694214,0.07071863114833832,-0.66748046875,-0.52294921875,0.52978515625,0.0,0.239501953125,0.87060546875
1362,677,1.971137523651123,2.484325408935547,0.0512741357088089,-0.67431640625,-0.51025390625,0.53369140625,0.0,0.2374267578125,0.87060546875
1363,680,2.006466865539551,2.442296266555786,0.031001023948192596,-0.5634765625,-0.68115234375,0.467529296875,0.0,0.2371826171875,0.8759765625
1364,679,2.0180492401123047,2.4442124366760254,0.04935622960329056,-0.5634765625,-0.68115234375,0.467529296875,0.0,0.239501953125,0.8759765625
1365,681,2.00673508644104,2.453928232192993,0.019212564453482628,0.52001953125,0.57763671875,-0.62939453125,0.0,0.2437744140625,0.87548828125
1366,682,1.99795401096344,2.494709014892578,0.049404602497816086,0.5654296875,0.51123046875,-0.64697265625,0.0,0.241943359375,0.87109375
1367,683,2.0234665870666504,2.4530766010284424,0.0317956805229187,0.52001953125,0.57763671875,-0.62939453125,0.0,0.2415771484375,0.8759765625
1368,681,2.00673508644104,2.453928232192993,0.019212564453482628,0.52001953125,0.57763671875,-0.62939453125,0.0,0.2437744140625,0.87548828125
1369,684,1.9803987741470337,2.490412950515747,0.030492043122649193,0.56982421875,0.50390625,-0.64892578125,0.0,0.2442626953125,0.87060546875
1370,682,1.99795401096344,2.494709014892578,0.049404602497816086,0.5654296875,0.51123046875,-0.64697265625,0.0,0.241943359375,0.87109375
1371,684,1.9803987741470337,2.490412950515747,0.030492043122649193,0.56982421875,0.50390625,-0.64892578125,0.0,0.2442626953125,0.87060546875
1372,685,1.9039865732192993,2.618178129196167,0.05168098211288452,0.59423828125,0.46435546875,-0.65673828125,0.0,0.2401123046875,0.85595703125
1373,682,1.99795401096344,2.494709014892578,0.049404602497816086,0.5654296875,0.51123046875,-0.64697265625,0.0,0.241943359375,0.87109375
1374,686,1.9039865732192993,2.618178129196167,0.05168098211288452,0.65576171875,0.48828125,0.576171875,0.0,0.2401123046875,0.85595703125
1375,687,1.984316110610962,2.487879514694214,0.07071863114833832,0.7041015625,0.43603515625,0.560546875,0.0,0.239501953125,0.87060546875
1376,688,1.99795401096344,2.494709014892578,0.049404602497816086,0.72265625,0.414306640625,0.5537109375,0.0,0.241943359375,0.87109375
1377,687,1.984316110610962,2.487879514694214,0.07071863114833832,0.7041015625,0.43603515625,0.560546875,0.0,0.239501953125,0.87060546875
1378,689,2.0234665870666504,2.4530766010284424,0.0317956805229187,0.79541015625,0.31591796875,0.517578125,0.0,0.2415771484375,0.8759765625
1379,688,1.99795401096344,2.494709014892578,0.049404602497816086,0.72265625,0.414306640625,0.5537109375,0.0,0.241943359375,0.87109375
1380,687,1.984316110610962,2.487879514694214,0.07071863114833832,0.7041015625,0.43603515625,0.560546875,0.0,0.239501953125,0.87060546875
1381,690,2.0180492401123047,2.4442124366760254,0.04935622960329056,0.79541015625,0.31591796875,0.517578125,0.0,0.239501953125,0.8759765625
1382,689,2.0234665870666504,2.4530766010284424,0.0317956805229187,0.79541015625,0.31591796875,0.517578125,0.0,0.2415771484375,0.8759765625
1383,691,2.00673508644104,2.453928232192993,0.019212564453482628,-0.77880859375,-0.4267578125,-0.4599609375,0.0,0.235595703125,0.87548828125
1384,692,2.006466865539551,2.442296266555786,0.031001023948192596,-0.77880859375,-0.4267578125,-0.4599609375,0.0,0.2371826171875,0.8759765625
1385,693,1.971137523651123,2.484325408935547,0.0512741357088089,-0.787109375,-0.405029296875,-0.465576171875,0.0,0.2374267578125,0.87060546875
1386,691,2.00673508644104,2.453928232192993,0.019212564453482628,-0.77880859375,-0.4267578125,-0.4599609375,0.0,0.235595703125,0.87548828125
1387,693,1.971137523651123,2.484325408935547,0.0512741357088089,-0.787109375,-0.405029296875,-0.465576171875,0.0,0.2374267578125,0.87060546875
1388,694,1.9803987741470337,2.490412950515747,0.030492043122649193,-0.78564453125,-0.408203125,-0.46484375,0.0,0.235107421875,0.87060546875
1389,693,1.971137523651123,2.484325408935547,0.0512741357088089,-0.787109375,-0.405029296875,-0.465576171875,0.0,0.2374267578125,0.87060546875
1390,695,1.9039865732192993,2.618178129196167,0.05168098211288452,-0.79052734375,-0.39501953125,-0.468017578125,0.0,0.2401123046875,0.85595703125
1391,694,1.9803987741470337,2.490412950515747,0.030492043122649193,-0.78564453125,-0.408203125,-0.46484375,0.0,0.235107421875,0.87060546875
1392,696,2.0190887451171875,2.4481582641601562,-0.04496580362319946,0.46240234375,0.67529296875,0.57470703125,0.0,0.326171875,0.33349609375
1393,697,2.0720386505126953,2.4267282485961914,-0.06240103766322136,0.47314453125,0.6796875,0.560546875,0.0,0.32470703125,0.327880859375
1394,698,2.0107710361480713,2.4664223194122314,-0.05812109261751175,0.46240234375,0.67529296875,0.57470703125,0.0,0.32421875,0.3349609375
1395,696,2.0190887451171875,2.4481582641601562,-0.04496580362319946,0.46240234375,0.67529296875,0.57470703125,0.0,0.326171875,0.33349609375
1396,699,2.075572967529297,2.412404775619507,-0.0468132309615612,0.483154296875,0.68359375,0.546875,0.0,0.326416015625,0.327392578125
1397,697,2.0720386505126953,2.4267282485961914,-0.06240103766322136,0.47314453125,0.6796875,0.560546875,0.0,0.32470703125,0.327880859375
1398,699,2.075572967529297,2.412404775619507,-0.0468132309615612,0.483154296875,0.68359375,0.546875,0.0,0.326416015625,0.327392578125
1399,700,2.1460928916931152,2.378941059112549,-0.07032085210084915,0.50146484375,0.69091796875,0.52099609375,0.0,0.326416015625,0.3193359375
1400,697,2.0720386505126953,2.4267282485961914,-0.06240103766322136,0.47314453125,0.6796875,0.560546875,0.0,0.32470703125,0.327880859375
1401,701,2.1460928916931152,2.378941059112549,-0.07032085210084915,0.429443359375,0.7490234375,-0.50439453125,0.0,0.326416015625,0.3193359375
1402,702,2.0347726345062256,2.43453311920166,-0.08252685517072678,0.432373046875,0.73291015625,-0.525390625,0.0,0.321533203125,0.3310546875
1403,703,2.0720386505126953,2.4267282485961914,-0.06240103766322136,0.43017578125,0.74462890625,-0.51025390625,0.0,0.32470703125,0.327880859375
1404,702,2.0347726345062256,2.43453311920166,-0.08252685517072678,0.432373046875,0.73291015625,-0.525390625,0.0,0.321533203125,0.3310546875
1405,704,2.0107710361480713,2.4664223194122314,-0.05812109261751175,0.432861328125,0.73046875,-0.5283203125,0.0,0.32421875,0.3349609375
1406,703,2.0720386505126953,2.4267282485961914,-0.06240103766322136,0.43017578125,0.74462890625,-0.51025390625,0.0,0.32470703125,0.327880859375
1407,702,2.0347726345062256,2.43453311920166,-0.08252685517072678,0.432373046875,0.73291015625,-0.525390625,0.0,0.321533203125,0.3310546875
1408,705,2.001128673553467,2.458448886871338,-0.07664397358894348,0.432861328125,0.73046875,-0.5283203125,0.0,0.322021484375,0.335205078125
1409,704,2.0107710361480713,2.4664223194122314,-0.05812109261751175,0.432861328125,0.73046875,-0.5283203125,0.0,0.32421875,0.3349609375
1410,706,2.0190887451171875,2.4481582641601562,-0.04496580362319946,-0.5458984375,-0.83447265625,0.07470703125,0.0,0.326171875,0.33349609375
1411,707,2.001128673553467,2.458448886871338,-0.07664397358894348,-0.5458984375,-0.83447265625,0.07470703125,0.0,0.32958984375,0.335205078125
1412,708,2.0347726345062256,2.43453311920166,-0.08252685517072678,-0.52734375,-0.84814453125,0.05084228515625,0.0,0.330322265625,0.331298828125
1413,706,2.0190887451171875,2.4481582641601562,-0.04496580362319946,-0.5458984375,-0.83447265625,0.07470703125,0.0,0.326171875,0.33349609375
1414,708,2.0347726345062256,2.43453311920166,-0.08252685517072678,-0.52734375,-0.84814453125,0.05084228515625,0.0,0.330322265625,0.331298828125
1415,709,2.075572967529297,2.412404775619507,-0.0468132309615612,-0.468017578125,-0.88330078125,-0.020355224609375,0.0,0.326416015625,0.327392578125
1416,708,2.0347726345062256,2.43453311920166,-0.08252685517072678,-0.52734375,-0.84814453125,0.05084228515625,0.0,0.330322265625,0.331298828125
1417,710,2.1460928916931152,2.378941059112549,-0.07032085210084915,-0.44189453125,-0.8955078125,-0.050262451171875,0.0,0.326416015625,0.3193359375
1418,709,2.075572967529297,2.412404775619507,-0.0468132309615612,-0.468017578125,-0.88330078125,-0.020355224609375,0.0,0.326416015625,0.327392578125
1419,711,1.9459786415100098,2.388373851776123,-0.03364935144782066,-0.306884765625,-0.040924072265625,0.95068359375,0.0,0.44384765625,0.63916015625
1420,712,1.9020777940750122,2.3945000171661377,-0.047559671103954315,-0.2030029296875,-0.09149169921875,0.97509765625,0.0,0.4453125,0.64306640625
1421,713,1.9445387125015259,2.3694207668304443,-0.03456175699830055,-0.306884765625,-0.040924072265625,0.95068359375,0.0,0.4453125,0.63818359375
1422,711,1.9459786415100098,2.388373851776123,-0.03364935144782066,-0.306884765625,-0.040924072265625,0.95068359375,0.0,0.44384765625,0.63916015625
1423,714,1.907869577407837,2.4114506244659424,-0.04459130018949509,-0.1829833984375,-0.10089111328125,0.97802734375,0.0,0.443603515625,0.64306640625
1424,712,1.9020777940750122,2.3945000171661377,-0.047559671103954315,-0.2030029296875,-0.09149169921875,0.97509765625,0.0,0.4453125,0.64306640625
1425,714,1.907869577407837,2.4114506244659424,-0.04459130018949509,-0.1829833984375,-0.10089111328125,0.97802734375,0.0,0.443603515625,0.64306640625
1426,715,1.787135124206543,2.465404748916626,-0.0501612164080143,-0.10626220703125,-0.1361083984375,0.98486328125,0.0,0.4443359375,0.65478515625
1427,712,1.9020777940750122,2.3945000171661377,-0.047559671103954315,-0.2030029296875,-0.09149169921875,0.97509765625,0.0,0.4453125,0.64306640625
1428,716,1.9459786415100098,2.388373851776123,-0.03364935144782066,0.5185546875,0.85498046875,-0.0079193115234375,0.0,0.44384765625,0.63916015625
1429,717,1.9497648477554321,2.385904550552368,-0.059226103127002716,0.5185546875,0.85498046875,-0.0079193115234375,0.0,0.441650390625,0.63916015625
1430,718,1.9099416732788086,2.409869909286499,-0.07270263880491257,0.455322265625,0.89013671875,-0.0157012939453125,0.0,0.441162109375,0.64306640625
1431,716,1.9459786415100098,2.388373851776123,-0.03364935144782066,0.5185546875,0.85498046875,-0.0079193115234375,0.0,0.44384765625,0.63916015625
1432,718,1.9099416732788086,2.409869909286499,-0.07270263880491257,0.455322265625,0.89013671875,-0.0157012939453125,0.0,0.441162109375,0.64306640625
1433,719,1.907869577407837,2.4114506244659424,-0.04459130018949509,0.45556640625,0.89013671875,-0.015655517578125,0.0,0.443603515625,0.64306640625
1434,718,1.9099416732788086,2.409869909286499,-0.07270263880491257,0.455322265625,0.89013671875,-0.0157012939453125,0.0,0.441162109375,0.64306640625
1435,720,1.787135124206543,2.465404748916626,-0.0501612164080143,0.40869140625,0.91259765625,-0.02117919921875,0.0,0.4443359375,0.65478515625
1436,719,1.907869577407837,2.4114506244659424,-0.04459130018949509,0.45556640625,0.89013671875,-0.015655517578125,0.0,0.443603515625,0.64306640625
1437,721,1.9020777940750122,2.3945000171661377,-0.047559671103954315,-0.358642578125,-0.740234375,-0.568359375,0.0,0.4453125,0.64306640625
1438,722,1.9497648477554321,2.385904550552368,-0.059226103127002716,-0.278564453125,-0.7744140625,-0.568359375,0.0,0.44775390625,0.63916015625
1439,723,1.9445387125015259,2.3694207668304443,-0.03456175699830055,-0.278564453125,-0.7744140625,-0.568359375,0.0,0.4453125,0.63818359375
1440,721,1.9020777940750122,2.3945000171661377,-0.047559671103954315,-0.358642578125,-0.740234375,-0.568359375,0.0,0.4453125,0.64306640625
1441,724,1.9099416732788086,2.409869909286499,-0.07270263880491257,-0.367919921875,-0.73583984375,-0.568359375,0.0,0.44775390625,0.6435546875
1442,722,1.9497648477554321,2.385904550552368,-0.059226103127002716,-0.278564453125,-0.7744140625,-0.568359375,0.0,0.44775390625,0.63916015625
1443,721,1.9020777940750122,2.3945000171661377,-0.047559671103954315,-0.358642578125,-0.740234375,-0.568359375,0.0,0.4453125,0.64306640625
1444,725,1.787135124206543,2.465404748916626,-0.0501612164080143,-0.423828125,-0.70751953125,-0.5654296875,0.0,0.4443359375,0.65478515625
1445,724,1.9099416732788086,2.409869909286499,-0.07270263880491257,-0.367919921875,-0.73583984375,-0.568359375,0.0,0.44775390625,0.6435546875
1446,726,1.7285082340240479,2.151350259780884,0.02555549144744873,0.01264190673828125,-0.00547027587890625,1.0,0.0,0.25341796875,0.175537109375
1447,727,0.4044968783855438,0.7983700633049011,0.03468354791402817,0.0102386474609375,-0.003269195556640625,1.0,0.0,0.25341796875,0.0035800933837890625
1448,728,0.42654603719711304,0.7770840525627136,0.003437040140852332,0.71484375,-0.69921875,-0.00457763671875,0.0,0.2490234375,0.0035800933837890625
1449,726,1.7285082340240479,2.151350259780884,0.02555549144744873,0.01264190673828125,-0.00547027587890625,1.0,0.0,0.25341796875,0.175537109375
1450,728,0.42654603719711304,0.7770840525627136,0.003437040140852332,0.71484375,-0.69921875,-0.00457763671875,0.0,0.2490234375,0.0035800933837890625
1451,729,1.7505571842193604,2.130064010620117,-0.005691017955541611,0.7197265625,-0.6943359375,-0.0099639892578125,0.0,0.2490234375,0.175537109375
1452,729,1.7505571842193604,2.130064010620117,-0.005691017955541611,0.7197265625,-0.6943359375,-0.0099639892578125,0.0,0.2490234375,0.175537109375
1453,728,0.42654603719711304,0.7770840525627136,0.003437040140852332,0.71484375,-0.69921875,-0.00457763671875,0.0,0.2490234375,0.0035800933837890625
1454,730,0.40435218811035156,0.7990811467170715,-0.027209725230932236,-0.0103607177734375,0.003391265869140625,-1.0,0.0,0.24462890625,0.0035800933837890625
1455,731,2.89634370803833,3.3367042541503906,-0.013687905855476856,0.72509765625,-0.6884765625,-0.01476287841796875,0.0,0.2490234375,0.350341796875
1456,726,1.7285082340240479,2.151350259780884,0.02555549144744873,0.01264190673828125,-0.00547027587890625,1.0,0.0,0.25341796875,0.175537109375
1457,729,1.7505571842193604,2.130064010620117,-0.005691017955541611,0.7197265625,-0.6943359375,-0.0099639892578125,0.0,0.2490234375,0.175537109375
1458,731,2.89634370803833,3.3367042541503906,-0.013687905855476856,0.72509765625,-0.6884765625,-0.01476287841796875,0.0,0.2490234375,0.350341796875
1459,732,2.8742947578430176,3.357990264892578,0.017558608204126358,0.005565643310546875,0.0013427734375,1.0,0.0,0.25341796875,0.350341796875
1460,726,1.7285082340240479,2.151350259780884,0.02555549144744873,0.01264190673828125,-0.00547027587890625,1.0,0.0,0.25341796875,0.175537109375
1461,733,2.874149799346924,3.358701467514038,-0.044334568083286285,-0.0152587890625,0.00786590576171875,-1.0,0.0,0.24462890625,0.350341796875
1462,731,2.89634370803833,3.3367042541503906,-0.013687905855476856,0.72509765625,-0.6884765625,-0.01476287841796875,0.0,0.2490234375,0.350341796875
1463,729,1.7505571842193604,2.130064010620117,-0.005691017955541611,0.7197265625,-0.6943359375,-0.0099639892578125,0.0,0.2490234375,0.175537109375
1464,729,1.7505571842193604,2.130064010620117,-0.005691017955541611,0.7197265625,-0.6943359375,-0.0099639892578125,0.0,0.2490234375,0.175537109375
1465,730,0.40435218811035156,0.7990811467170715,-0.027209725230932236,-0.0103607177734375,0.003391265869140625,-1.0,0.0,0.24462890625,0.0035800933837890625
1466,734,1.728363275527954,2.1520614624023438,-0.036337729543447495,-0.0080413818359375,0.0011005401611328125,-1.0,0.0,0.24462890625,0.1756591796875
1467,733,2.874149799346924,3.358701467514038,-0.044334568083286285,-0.0152587890625,0.00786590576171875,-1.0,0.0,0.24462890625,0.350341796875
1468,729,1.7505571842193604,2.130064010620117,-0.005691017955541611,0.7197265625,-0.6943359375,-0.0099639892578125,0.0,0.2490234375,0.175537109375
1469,734,1.728363275527954,2.1520614624023438,-0.036337729543447495,-0.0080413818359375,0.0011005401611328125,-1.0,0.0,0.24462890625,0.1756591796875
1470,734,1.728363275527954,2.1520614624023438,-0.036337729543447495,-0.0080413818359375,0.0011005401611328125,-1.0,0.0,0.24462890625,0.1756591796875
1471,730,0.40435218811035156,0.7990811467170715,-0.027209725230932236,-0.0103607177734375,0.003391265869140625,-1.0,0.0,0.24462890625,0.0035800933837890625
1472,735,0.38230299949645996,0.820367157459259,0.004036790691316128,-0.71435546875,0.69921875,0.01483917236328125,0.0,0.240234375,0.0035800933837890625
1473,736,2.8521008491516113,3.3799877166748047,-0.013088053092360497,-0.72509765625,0.6884765625,0.00438690185546875,0.0,0.240234375,0.350341796875
1474,733,2.874149799346924,3.358701467514038,-0.044334568083286285,-0.0152587890625,0.00786590576171875,-1.0,0.0,0.24462890625,0.350341796875
1475,734,1.728363275527954,2.1520614624023438,-0.036337729543447495,-0.0080413818359375,0.0011005401611328125,-1.0,0.0,0.24462890625,0.1756591796875
1476,734,1.728363275527954,2.1520614624023438,-0.036337729543447495,-0.0080413818359375,0.0011005401611328125,-1.0,0.0,0.24462890625,0.1756591796875
1477,735,0.38230299949645996,0.820367157459259,0.004036790691316128,-0.71435546875,0.69921875,0.01483917236328125,0.0,0.240234375,0.0035800933837890625
1478,737,1.7063143253326416,2.1733474731445312,-0.005091212689876556,-0.7197265625,0.6943359375,0.00936126708984375,0.0,0.240234375,0.1756591796875
1479,736,2.8521008491516113,3.3799877166748047,-0.013088053092360497,-0.72509765625,0.6884765625,0.00438690185546875,0.0,0.240234375,0.350341796875
1480,734,1.728363275527954,2.1520614624023438,-0.036337729543447495,-0.0080413818359375,0.0011005401611328125,-1.0,0.0,0.24462890625,0.1756591796875
1481,737,1.7063143253326416,2.1733474731445312,-0.005091212689876556,-0.7197265625,0.6943359375,0.00936126708984375,0.0,0.240234375,0.1756591796875
1482,737,1.7063143253326416,2.1733474731445312,-0.005091212689876556,-0.7197265625,0.6943359375,0.00936126708984375,0.0,0.240234375,0.1756591796875
1483,735,0.38230299949645996,0.820367157459259,0.004036790691316128,-0.71435546875,0.69921875,0.01483917236328125,0.0,0.240234375,0.0035800933837890625
1484,738,0.4044968783855438,0.7983700633049011,0.03468354791402817,0.0102386474609375,-0.003269195556640625,1.0,0.0,0.2357177734375,0.0035800933837890625
1485,739,2.8742947578430176,3.357990264892578,0.017558608204126358,0.005565643310546875,0.0013427734375,1.0,0.0,0.2357177734375,0.350341796875
1486,736,2.8521008491516113,3.3799877166748047,-0.013088053092360497,-0.72509765625,0.6884765625,0.00438690185546875,0.0,0.240234375,0.350341796875
1487,737,1.7063143253326416,2.1733474731445312,-0.005091212689876556,-0.7197265625,0.6943359375,0.00936126708984375,0.0,0.240234375,0.1756591796875
1488,737,1.7063143253326416,2.1733474731445312,-0.005091212689876556,-0.7197265625,0.6943359375,0.00936126708984375,0.0,0.240234375,0.1756591796875
1489,738,0.4044968783855438,0.7983700633049011,0.03468354791402817,0.0102386474609375,-0.003269195556640625,1.0,0.0,0.2357177734375,0.0035800933837890625
1490,740,1.7285082340240479,2.151350259780884,0.02555549144744873,0.01264190673828125,-0.00547027587890625,1.0,0.0,0.2357177734375,0.175537109375
1491,739,2.8742947578430176,3.357990264892578,0.017558608204126358,0.005565643310546875,0.0013427734375,1.0,0.0,0.2357177734375,0.350341796875
1492,737,1.7063143253326416,2.1733474731445312,-0.005091212689876556,-0.7197265625,0.6943359375,0.00936126708984375,0.0,0.240234375,0.1756591796875
1493,740,1.7285082340240479,2.151350259780884,0.02555549144744873,0.01264190673828125,-0.00547027587890625,1.0,0.0,0.2357177734375,0.175537109375
1494,741,1.3868780136108398,3.2434167861938477,0.21391847729682922,-0.751953125,-0.6044921875,0.26220703125,0.0,0.48974609375,0.4208984375
1495,742,1.3416050672531128,3.2422916889190674,0.08142983168363571,-0.7666015625,-0.60302734375,0.2210693359375,0.0,0.491455078125,0.4345703125
1496,743,1.3524205684661865,3.2262110710144043,0.07537809014320374,-0.7705078125,-0.60205078125,0.208251953125,0.0,0.493408203125,0.4345703125
1497,742,1.3416050672531128,3.2422916889190674,0.08142983168363571,-0.7666015625,-0.60302734375,0.2210693359375,0.0,0.491455078125,0.4345703125
1498,744,1.3412607908248901,3.2254278659820557,0.017228735610842705,-0.8134765625,-0.58154296875,-0.0269622802734375,0.0,0.4931640625,0.440185546875
1499,743,1.3524205684661865,3.2262110710144043,0.07537809014320374,-0.7705078125,-0.60205078125,0.208251953125,0.0,0.493408203125,0.4345703125
1500,742,1.3416050672531128,3.2422916889190674,0.08142983168363571,-0.7666015625,-0.60302734375,0.2210693359375,0.0,0.491455078125,0.4345703125
1501,745,1.3294540643692017,3.2413012981414795,0.01967979595065117,-0.8134765625,-0.5810546875,-0.02899169921875,0.0,0.4912109375,0.440185546875
1502,744,1.3412607908248901,3.2254278659820557,0.017228735610842705,-0.8134765625,-0.58154296875,-0.0269622802734375,0.0,0.4931640625,0.440185546875
1503,745,1.3294540643692017,3.2413012981414795,0.01967979595065117,-0.8134765625,-0.5810546875,-0.02899169921875,0.0,0.4912109375,0.440185546875
1504,746,1.3458880186080933,3.241959571838379,-0.043303847312927246,-0.8115234375,-0.5419921875,-0.217529296875,0.0,0.492919921875,0.446044921875
1505,744,1.3412607908248901,3.2254278659820557,0.017228735610842705,-0.8134765625,-0.58154296875,-0.0269622802734375,0.0,0.4931640625,0.440185546875
1506,745,1.3294540643692017,3.2413012981414795,0.01967979595065117,-0.8134765625,-0.5810546875,-0.02899169921875,0.0,0.4912109375,0.440185546875
1507,747,1.3357675075531006,3.257432222366333,-0.042032454162836075,-0.8115234375,-0.5419921875,-0.217529296875,0.0,0.490966796875,0.446044921875
1508,746,1.3458880186080933,3.241959571838379,-0.043303847312927246,-0.8115234375,-0.5419921875,-0.217529296875,0.0,0.492919921875,0.446044921875
1509,748,1.3868780136108398,3.2434167861938477,0.21391847729682922,0.853515625,-0.499267578125,-0.1502685546875,0.0,0.48974609375,0.4208984375
1510,749,1.3524205684661865,3.2262110710144043,0.07537809014320374,0.8525390625,-0.5,-0.15283203125,0.0,0.4853515625,0.434326171875
1511,750,1.3688790798187256,3.254892110824585,0.0735752210021019,0.8525390625,-0.499755859375,-0.152587890625,0.0,0.488525390625,0.4345703125
1512,749,1.3524205684661865,3.2262110710144043,0.07537809014320374,0.8525390625,-0.5,-0.15283203125,0.0,0.4853515625,0.434326171875
1513,751,1.3572014570236206,3.2518935203552246,0.01888943836092949,0.8564453125,-0.5029296875,-0.11517333984375,0.0,0.48828125,0.440185546875
1514,750,1.3688790798187256,3.254892110824585,0.0735752210021019,0.8525390625,-0.499755859375,-0.152587890625,0.0,0.488525390625,0.4345703125
1515,749,1.3524205684661865,3.2262110710144043,0.07537809014320374,0.8525390625,-0.5,-0.15283203125,0.0,0.4853515625,0.434326171875
1516,752,1.3412607908248901,3.2254278659820557,0.017228735610842705,0.8564453125,-0.5029296875,-0.11627197265625,0.0,0.4853515625,0.440185546875
1517,751,1.3572014570236206,3.2518935203552246,0.01888943836092949,0.8564453125,-0.5029296875,-0.11517333984375,0.0,0.48828125,0.440185546875
1518,752,1.3412607908248901,3.2254278659820557,0.017228735610842705,0.8564453125,-0.5029296875,-0.11627197265625,0.0,0.4853515625,0.440185546875
1519,753,1.361740231513977,3.268317222595215,-0.03556324169039726,0.8603515625,-0.50439453125,-0.075927734375,0.0,0.48828125,0.446044921875
1520,751,1.3572014570236206,3.2518935203552246,0.01888943836092949,0.8564453125,-0.5029296875,-0.11517333984375,0.0,0.48828125,0.440185546875
1521,752,1.3412607908248901,3.2254278659820557,0.017228735610842705,0.8564453125,-0.5029296875,-0.11627197265625,0.0,0.4853515625,0.440185546875
1522,754,1.3458880186080933,3.241959571838379,-0.043303847312927246,0.8603515625,-0.50439453125,-0.075927734375,0.0,0.4853515625,0.44580078125
1523,753,1.361740231513977,3.268317222595215,-0.03556324169039726,0.8603515625,-0.50439453125,-0.075927734375,0.0,0.48828125,0.446044921875
1524,755,1.3416050672531128,3.2422916889190674,0.08142983168363571,-0.384521484375,0.9189453125,0.08953857421875,0.0,0.491455078125,0.4345703125
1525,756,1.3868780136108398,3.2434167861938477,0.21391847729682922,-0.386474609375,0.9140625,0.124267578125,0.0,0.48974609375,0.4208984375
1526,757,1.3688790798187256,3.254892110824585,0.0735752210021019,-0.384521484375,0.9189453125,0.08642578125,0.0,0.488525390625,0.4345703125
1527,758,1.3572014570236206,3.2518935203552246,0.01888943836092949,-0.38330078125,0.9140625,0.1312255859375,0.0,0.48828125,0.440185546875
1528,755,1.3416050672531128,3.2422916889190674,0.08142983168363571,-0.384521484375,0.9189453125,0.08953857421875,0.0,0.491455078125,0.4345703125
1529,757,1.3688790798187256,3.254892110824585,0.0735752210021019,-0.384521484375,0.9189453125,0.08642578125,0.0,0.488525390625,0.4345703125
1530,758,1.3572014570236206,3.2518935203552246,0.01888943836092949,-0.38330078125,0.9140625,0.1312255859375,0.0,0.48828125,0.440185546875
1531,759,1.3294540643692017,3.2413012981414795,0.01967979595065117,-0.38330078125,0.91455078125,0.12939453125,0.0,0.4912109375,0.440185546875
1532,755,1.3416050672531128,3.2422916889190674,0.08142983168363571,-0.384521484375,0.9189453125,0.08953857421875,0.0,0.491455078125,0.4345703125
1533,760,1.361740231513977,3.268317222595215,-0.03556324169039726,-0.382080078125,0.8984375,0.216064453125,0.0,0.48828125,0.446044921875
1534,759,1.3294540643692017,3.2413012981414795,0.01967979595065117,-0.38330078125,0.91455078125,0.12939453125,0.0,0.4912109375,0.440185546875
1535,758,1.3572014570236206,3.2518935203552246,0.01888943836092949,-0.38330078125,0.9140625,0.1312255859375,0.0,0.48828125,0.440185546875
1536,760,1.361740231513977,3.268317222595215,-0.03556324169039726,-0.382080078125,0.8984375,0.216064453125,0.0,0.48828125,0.446044921875
1537,761,1.3357675075531006,3.257432222366333,-0.042032454162836075,-0.382080078125,0.8984375,0.216064453125,0.0,0.490966796875,0.446044921875
1538,759,1.3294540643692017,3.2413012981414795,0.01967979595065117,-0.38330078125,0.91455078125,0.12939453125,0.0,0.4912109375,0.440185546875
1539,762,1.3462499380111694,3.2442538738250732,-0.044552993029356,-0.5634765625,-0.6748046875,-0.47705078125,0.0,0.424560546875,0.88671875
1540,763,1.3290917873382568,3.3518359661102295,-0.08018636703491211,0.37646484375,0.1673583984375,-0.9111328125,0.0,0.417236328125,0.8779296875
1541,764,1.390863060951233,3.294145107269287,-0.06918125599622726,0.369140625,0.1591796875,-0.91552734375,0.0,0.417236328125,0.88671875
1542,762,1.3462499380111694,3.2442538738250732,-0.044552993029356,-0.5634765625,-0.6748046875,-0.47705078125,0.0,0.424560546875,0.88671875
1543,765,1.2842670679092407,3.3069872856140137,-0.058907102793455124,-0.54345703125,-0.66259765625,-0.51513671875,0.0,0.424560546875,0.8779296875
1544,763,1.3290917873382568,3.3518359661102295,-0.08018636703491211,0.37646484375,0.1673583984375,-0.9111328125,0.0,0.417236328125,0.8779296875
1545,766,1.3495068550109863,3.2390336990356445,0.026053283363580704,-0.642578125,-0.5166015625,0.56591796875,0.0,0.4306640625,0.88671875
1546,765,1.2842670679092407,3.3069872856140137,-0.058907102793455124,-0.54345703125,-0.66259765625,-0.51513671875,0.0,0.424560546875,0.8779296875
1547,762,1.3462499380111694,3.2442538738250732,-0.044552993029356,-0.5634765625,-0.6748046875,-0.47705078125,0.0,0.424560546875,0.88671875
1548,766,1.3495068550109863,3.2390336990356445,0.026053283363580704,-0.642578125,-0.5166015625,0.56591796875,0.0,0.4306640625,0.88671875
1549,767,1.2636672258377075,3.321594715118408,0.006988425273448229,-0.64453125,-0.52001953125,0.560546875,0.0,0.4306640625,0.8779296875
1550,765,1.2842670679092407,3.3069872856140137,-0.058907102793455124,-0.54345703125,-0.66259765625,-0.51513671875,0.0,0.424560546875,0.8779296875
1551,768,1.3790850639343262,3.2976367473602295,0.045956093817949295,0.04559326171875,0.263916015625,0.96337890625,0.0,0.437255859375,0.88671875
1552,767,1.2636672258377075,3.321594715118408,0.006988425273448229,-0.64453125,-0.52001953125,0.560546875,0.0,0.4306640625,0.8779296875
1553,766,1.3495068550109863,3.2390336990356445,0.026053283363580704,-0.642578125,-0.5166015625,0.56591796875,0.0,0.4306640625,0.88671875
1554,768,1.3790850639343262,3.2976367473602295,0.045956093817949295,0.04559326171875,0.263916015625,0.96337890625,0.0,0.437255859375,0.88671875
1555,769,1.3227070569992065,3.364306926727295,0.032486990094184875,0.1041259765625,0.31640625,0.94287109375,0.0,0.437255859375,0.8779296875
1556,767,1.2636672258377075,3.321594715118408,0.006988425273448229,-0.64453125,-0.52001953125,0.560546875,0.0,0.4306640625,0.8779296875
1557,770,1.4282231330871582,3.322066068649292,-0.004056787583976984,0.70458984375,0.70654296875,0.06842041015625,0.0,0.444580078125,0.88671875
1558,769,1.3227070569992065,3.364306926727295,0.032486990094184875,0.1041259765625,0.31640625,0.94287109375,0.0,0.437255859375,0.8779296875
1559,768,1.3790850639343262,3.2976367473602295,0.045956093817949295,0.04559326171875,0.263916015625,0.96337890625,0.0,0.437255859375,0.88671875
1560,770,1.4282231330871582,3.322066068649292,-0.004056787583976984,0.70458984375,0.70654296875,0.06842041015625,0.0,0.444580078125,0.88671875
1561,771,1.3485006093978882,3.402825355529785,-0.03005138412117958,0.71728515625,0.69580078125,-0.0345458984375,0.0,0.444580078125,0.8779296875
1562,769,1.3227070569992065,3.364306926727295,0.032486990094184875,0.1041259765625,0.31640625,0.94287109375,0.0,0.437255859375,0.8779296875
1563,772,1.390863060951233,3.294145107269287,-0.06918125599622726,0.369140625,0.1591796875,-0.91552734375,0.0,0.45166015625,0.88671875
1564,771,1.3485006093978882,3.402825355529785,-0.03005138412117958,0.71728515625,0.69580078125,-0.0345458984375,0.0,0.444580078125,0.8779296875
1565,770,1.4282231330871582,3.322066068649292,-0.004056787583976984,0.70458984375,0.70654296875,0.06842041015625,0.0,0.444580078125,0.88671875
1566,772,1.390863060951233,3.294145107269287,-0.06918125599622726,0.369140625,0.1591796875,-0.91552734375,0.0,0.45166015625,0.88671875
1567,773,1.3290917873382568,3.3518359661102295,-0.08018636703491211,0.37646484375,0.1673583984375,-0.9111328125,0.0,0.45166015625,0.8779296875
1568,771,1.3485006093978882,3.402825355529785,-0.03005138412117958,0.71728515625,0.69580078125,-0.0345458984375,0.0,0.444580078125,0.8779296875
1569,774,1.2842670679092407,3.3069872856140137,-0.058907102793455124,-0.7197265625,0.671875,-0.1763916015625,0.0,0.5224609375,0.308837890625
1570,775,1.2636672258377075,3.321594715118408,0.006988425273448229,-0.45751953125,0.8271484375,-0.326416015625,0.0,0.5283203125,0.3076171875
1571,776,1.3227070569992065,3.364306926727295,0.032486990094184875,-0.763671875,0.64013671875,-0.080322265625,0.0,0.5283203125,0.301025390625
1572,774,1.2842670679092407,3.3069872856140137,-0.058907102793455124,-0.7197265625,0.671875,-0.1763916015625,0.0,0.5224609375,0.308837890625
1573,776,1.3227070569992065,3.364306926727295,0.032486990094184875,-0.763671875,0.64013671875,-0.080322265625,0.0,0.5283203125,0.301025390625
1574,777,1.3485006093978882,3.402825355529785,-0.03005138412117958,-0.8203125,0.568359375,-0.061004638671875,0.0,0.52197265625,0.298583984375
1575,778,1.3290917873382568,3.3518359661102295,-0.08018636703491211,-0.74169921875,0.591796875,-0.31494140625,0.0,0.51904296875,0.30419921875
1576,774,1.2842670679092407,3.3069872856140137,-0.058907102793455124,-0.7197265625,0.671875,-0.1763916015625,0.0,0.5224609375,0.308837890625
1577,777,1.3485006093978882,3.402825355529785,-0.03005138412117958,-0.8203125,0.568359375,-0.061004638671875,0.0,0.52197265625,0.298583984375
1578,779,1.3790850639343262,3.2976367473602295,0.045956093817949295,0.69140625,-0.70361328125,0.1640625,0.0,0.45068359375,0.47998046875
1579,780,1.3495068550109863,3.2390336990356445,0.026053283363580704,0.89990234375,-0.429443359375,-0.0732421875,0.0,0.44677734375,0.475341796875
1580,781,1.3462499380111694,3.2442538738250732,-0.044552993029356,0.73681640625,-0.6748046875,0.044830322265625,0.0,0.441162109375,0.477783203125
1581,779,1.3790850639343262,3.2976367473602295,0.045956093817949295,0.69140625,-0.70361328125,0.1640625,0.0,0.45068359375,0.47998046875
1582,781,1.3462499380111694,3.2442538738250732,-0.044552993029356,0.73681640625,-0.6748046875,0.044830322265625,0.0,0.441162109375,0.477783203125
1583,782,1.4282231330871582,3.322066068649292,-0.004056787583976984,0.64599609375,-0.75146484375,0.1361083984375,0.0,0.447998046875,0.48583984375
1584,781,1.3462499380111694,3.2442538738250732,-0.044552993029356,0.73681640625,-0.6748046875,0.044830322265625,0.0,0.441162109375,0.477783203125
1585,783,1.390863060951233,3.294145107269287,-0.06918125599622726,0.712890625,-0.6923828125,-0.1119384765625,0.0,0.441162109375,0.484130859375
1586,782,1.4282231330871582,3.322066068649292,-0.004056787583976984,0.64599609375,-0.75146484375,0.1361083984375,0.0,0.447998046875,0.48583984375
1587,784,1.2955411672592163,3.3308231830596924,-0.010819328017532825,-0.1607666015625,0.97607421875,-0.14697265625,0.0,0.389404296875,0.333740234375
1588,785,1.2549045085906982,3.3196709156036377,-0.04041749984025955,-0.1717529296875,0.98291015625,-0.0693359375,0.0,0.38720703125,0.32958984375
1589,786,1.2802482843399048,3.3307580947875977,0.003502807579934597,-0.1607666015625,0.97607421875,-0.14697265625,0.0,0.38720703125,0.33447265625
1590,784,1.2955411672592163,3.3308231830596924,-0.010819328017532825,-0.1607666015625,0.97607421875,-0.14697265625,0.0,0.389404296875,0.333740234375
1591,787,1.2778594493865967,3.321889877319336,-0.052765779197216034,-0.12451171875,0.98974609375,-0.06805419921875,0.0,0.389892578125,0.3291015625
1592,785,1.2549045085906982,3.3196709156036377,-0.04041749984025955,-0.1717529296875,0.98291015625,-0.0693359375,0.0,0.38720703125,0.32958984375
1593,787,1.2778594493865967,3.321889877319336,-0.052765779197216034,-0.12451171875,0.98974609375,-0.06805419921875,0.0,0.389892578125,0.3291015625
1594,788,1.2656081914901733,3.323669910430908,-0.09833373874425888,-0.254150390625,0.966796875,0.019805908203125,0.0,0.389404296875,0.32470703125
1595,785,1.2549045085906982,3.3196709156036377,-0.04041749984025955,-0.1717529296875,0.98291015625,-0.0693359375,0.0,0.38720703125,0.32958984375
1596,788,1.2656081914901733,3.323669910430908,-0.09833373874425888,-0.254150390625,0.966796875,0.019805908203125,0.0,0.389404296875,0.32470703125
1597,789,1.220673680305481,3.313115358352661,-0.1949877291917801,-0.2646484375,0.96435546875,0.0176849365234375,0.0,0.387939453125,0.314697265625
1598,785,1.2549045085906982,3.3196709156036377,-0.04041749984025955,-0.1717529296875,0.98291015625,-0.0693359375,0.0,0.38720703125,0.32958984375
1599,790,1.220673680305481,3.313115358352661,-0.1949877291917801,-0.9677734375,0.141845703125,0.208251953125,0.0,0.387939453125,0.314697265625
1600,791,1.2512136697769165,3.2982451915740967,-0.042976073920726776,-0.947265625,0.15966796875,0.277099609375,0.0,0.385009765625,0.3291015625
1601,792,1.2549045085906982,3.3196709156036377,-0.04041749984025955,-0.93505859375,0.16845703125,0.31201171875,0.0,0.38720703125,0.32958984375
1602,791,1.2512136697769165,3.2982451915740967,-0.042976073920726776,-0.947265625,0.15966796875,0.277099609375,0.0,0.385009765625,0.3291015625
1603,793,1.2802482843399048,3.3307580947875977,0.003502807579934597,-0.88720703125,0.194580078125,0.418212890625,0.0,0.38720703125,0.33447265625
1604,792,1.2549045085906982,3.3196709156036377,-0.04041749984025955,-0.93505859375,0.16845703125,0.31201171875,0.0,0.38720703125,0.32958984375
1605,791,1.2512136697769165,3.2982451915740967,-0.042976073920726776,-0.947265625,0.15966796875,0.277099609375,0.0,0.385009765625,0.3291015625
1606,794,1.27632474899292,3.3114635944366455,0.008852463215589523,-0.88720703125,0.194580078125,0.418212890625,0.0,0.38525390625,0.334228515625
1607,793,1.2802482843399048,3.3307580947875977,0.003502807579934597,-0.88720703125,0.194580078125,0.418212890625,0.0,0.38720703125,0.33447265625
1608,795,1.2955411672592163,3.3308231830596924,-0.010819328017532825,0.90869140625,-0.269287109375,-0.319580078125,0.0,0.389404296875,0.333740234375
1609,796,1.2948206663131714,3.317568063735962,-0.0009137791348621249,0.90869140625,-0.269287109375,-0.319580078125,0.0,0.390869140625,0.33447265625
1610,797,1.2718403339385986,3.29915452003479,-0.05149509757757187,0.89501953125,-0.317626953125,-0.312744140625,0.0,0.392578125,0.328857421875
1611,795,1.2955411672592163,3.3308231830596924,-0.010819328017532825,0.90869140625,-0.269287109375,-0.319580078125,0.0,0.389404296875,0.333740234375
1612,797,1.2718403339385986,3.29915452003479,-0.05149509757757187,0.89501953125,-0.317626953125,-0.312744140625,0.0,0.392578125,0.328857421875
1613,798,1.2778594493865967,3.321889877319336,-0.052765779197216034,0.916015625,-0.2666015625,-0.30029296875,0.0,0.389892578125,0.3291015625
1614,797,1.2718403339385986,3.29915452003479,-0.05149509757757187,0.89501953125,-0.317626953125,-0.312744140625,0.0,0.392578125,0.328857421875
1615,799,1.2656081914901733,3.323669910430908,-0.09833373874425888,0.83935546875,-0.427490234375,-0.33544921875,0.0,0.389404296875,0.32470703125
1616,798,1.2778594493865967,3.321889877319336,-0.052765779197216034,0.916015625,-0.2666015625,-0.30029296875,0.0,0.389892578125,0.3291015625
1617,797,1.2718403339385986,3.29915452003479,-0.05149509757757187,0.89501953125,-0.317626953125,-0.312744140625,0.0,0.392578125,0.328857421875
1618,800,1.220673680305481,3.313115358352661,-0.1949877291917801,0.8330078125,-0.43701171875,-0.339599609375,0.0,0.387939453125,0.314697265625
1619,799,1.2656081914901733,3.323669910430908,-0.09833373874425888,0.83935546875,-0.427490234375,-0.33544921875,0.0,0.389404296875,0.32470703125
1620,801,1.2948206663131714,3.317568063735962,-0.0009137791348621249,0.25244140625,-0.95166015625,0.17529296875,0.0,0.383056640625,0.334228515625
1621,802,1.27632474899292,3.3114635944366455,0.008852463215589523,0.25244140625,-0.95166015625,0.17529296875,0.0,0.38525390625,0.334228515625
1622,803,1.2512136697769165,3.2982451915740967,-0.042976073920726776,0.117919921875,-0.99267578125,0.0258331298828125,0.0,0.385009765625,0.3291015625
1623,801,1.2948206663131714,3.317568063735962,-0.0009137791348621249,0.25244140625,-0.95166015625,0.17529296875,0.0,0.383056640625,0.334228515625
1624,803,1.2512136697769165,3.2982451915740967,-0.042976073920726776,0.117919921875,-0.99267578125,0.0258331298828125,0.0,0.385009765625,0.3291015625
1625,804,1.2718403339385986,3.29915452003479,-0.05149509757757187,0.11199951171875,-0.99365234375,0.019378662109375,0.0,0.3828125,0.328369140625
1626,803,1.2512136697769165,3.2982451915740967,-0.042976073920726776,0.117919921875,-0.99267578125,0.0258331298828125,0.0,0.385009765625,0.3291015625
1627,805,1.220673680305481,3.313115358352661,-0.1949877291917801,0.0033893585205078125,-0.9951171875,-0.0980224609375,0.0,0.387939453125,0.314697265625
1628,804,1.2718403339385986,3.29915452003479,-0.05149509757757187,0.11199951171875,-0.99365234375,0.019378662109375,0.0,0.3828125,0.328369140625
1629,806,1.396018385887146,3.310696840286255,-0.016094697639346123,-0.469970703125,-0.88232421875,-0.0267791748046875,0.0,0.51171875,0.9384765625
1630,807,1.4211204051971436,3.298448085784912,-0.053218282759189606,-0.50390625,-0.859375,0.0902099609375,0.0,0.51171875,0.93408203125
1631,808,1.4086509943008423,3.303201198577881,-0.003996734507381916,-0.469970703125,-0.88232421875,-0.0267791748046875,0.0,0.51025390625,0.9384765625
1632,806,1.396018385887146,3.310696840286255,-0.016094697639346123,-0.469970703125,-0.88232421875,-0.0267791748046875,0.0,0.51171875,0.9384765625
1633,809,1.4063881635665894,3.3061232566833496,-0.06054828688502312,-0.5087890625,-0.853515625,0.1114501953125,0.0,0.51318359375,0.9345703125
1634,807,1.4211204051971436,3.298448085784912,-0.053218282759189606,-0.50390625,-0.859375,0.0902099609375,0.0,0.51171875,0.93408203125
1635,809,1.4063881635665894,3.3061232566833496,-0.06054828688502312,-0.5087890625,-0.853515625,0.1114501953125,0.0,0.51318359375,0.9345703125
1636,810,1.4318890571594238,3.260880708694458,-0.18550296127796173,-0.52685546875,-0.828125,0.1922607421875,0.0,0.5185546875,0.923828125
1637,807,1.4211204051971436,3.298448085784912,-0.053218282759189606,-0.50390625,-0.859375,0.0902099609375,0.0,0.51171875,0.93408203125
1638,811,1.4318890571594238,3.260880708694458,-0.18550296127796173,0.9150390625,-0.362548828125,0.177490234375,0.0,0.5185546875,0.923828125
1639,812,1.4333558082580566,3.325017213821411,-0.062017783522605896,0.912109375,-0.3525390625,0.2103271484375,0.0,0.515625,0.935546875
1640,813,1.4211204051971436,3.298448085784912,-0.053218282759189606,0.9111328125,-0.3505859375,0.2166748046875,0.0,0.5185546875,0.93603515625
1641,812,1.4333558082580566,3.325017213821411,-0.062017783522605896,0.912109375,-0.3525390625,0.2103271484375,0.0,0.515625,0.935546875
1642,814,1.4086509943008423,3.303201198577881,-0.003996734507381916,0.9052734375,-0.336669921875,0.2587890625,0.0,0.51708984375,0.94091796875
1643,813,1.4211204051971436,3.298448085784912,-0.053218282759189606,0.9111328125,-0.3505859375,0.2166748046875,0.0,0.5185546875,0.93603515625
1644,812,1.4333558082580566,3.325017213821411,-0.062017783522605896,0.912109375,-0.3525390625,0.2103271484375,0.0,0.515625,0.935546875
1645,815,1.4212379455566406,3.331002712249756,-0.01128357369452715,0.9052734375,-0.336669921875,0.2587890625,0.0,0.5146484375,0.939453125
1646,814,1.4086509943008423,3.303201198577881,-0.003996734507381916,0.9052734375,-0.336669921875,0.2587890625,0.0,0.51708984375,0.94091796875
1647,816,1.396018385887146,3.310696840286255,-0.016094697639346123,-0.576171875,0.7861328125,-0.223388671875,0.0,0.51171875,0.9384765625
1648,817,1.4212379455566406,3.331002712249756,-0.01128357369452715,-0.576171875,0.7861328125,-0.223388671875,0.0,0.5146484375,0.939453125
1649,818,1.4333558082580566,3.325017213821411,-0.062017783522605896,-0.56005859375,0.7666015625,-0.314453125,0.0,0.515625,0.935546875
1650,816,1.396018385887146,3.310696840286255,-0.016094697639346123,-0.576171875,0.7861328125,-0.223388671875,0.0,0.51171875,0.9384765625
1651,818,1.4333558082580566,3.325017213821411,-0.062017783522605896,-0.56005859375,0.7666015625,-0.314453125,0.0,0.515625,0.935546875
1652,819,1.4063881635665894,3.3061232566833496,-0.06054828688502312,-0.560546875,0.76708984375,-0.312255859375,0.0,0.51318359375,0.9345703125
1653,818,1.4333558082580566,3.325017213821411,-0.062017783522605896,-0.56005859375,0.7666015625,-0.314453125,0.0,0.515625,0.935546875
1654,820,1.4318890571594238,3.260880708694458,-0.18550296127796173,-0.54443359375,0.7470703125,-0.381591796875,0.0,0.5185546875,0.923828125
1655,819,1.4063881635665894,3.3061232566833496,-0.06054828688502312,-0.560546875,0.76708984375,-0.312255859375,0.0,0.51318359375,0.9345703125
1656,821,1.7310218811035156,2.9692721366882324,-0.018407825380563736,0.68896484375,0.724609375,-0.004150390625,0.0,0.022125244140625,0.78369140625
1657,822,2.9290077686309814,1.8455064296722412,-0.0054184854961931705,0.6845703125,0.72900390625,-0.0037555694580078125,0.0,0.022125244140625,0.62939453125
1658,823,2.9069902896881104,1.8223298788070679,-0.03736310452222824,0.007587432861328125,-0.0025653839111328125,-1.0,0.0,0.0175933837890625,0.62939453125
1659,821,1.7310218811035156,2.9692721366882324,-0.018407825380563736,0.68896484375,0.724609375,-0.004150390625,0.0,0.022125244140625,0.78369140625
1660,823,2.9069902896881104,1.8223298788070679,-0.03736310452222824,0.007587432861328125,-0.0025653839111328125,-1.0,0.0,0.0175933837890625,0.62939453125
1661,824,1.7033518552780151,2.953805446624756,-0.05034159496426582,-0.04986572265625,-0.056243896484375,-0.9970703125,0.0,0.0175933837890625,0.78369140625
1662,824,1.7033518552780151,2.953805446624756,-0.05034159496426582,-0.04986572265625,-0.056243896484375,-0.9970703125,0.0,0.0175933837890625,0.78369140625
1663,823,2.9069902896881104,1.8223298788070679,-0.03736310452222824,0.007587432861328125,-0.0025653839111328125,-1.0,0.0,0.0175933837890625,0.62939453125
1664,825,2.8844311237335205,1.799708366394043,-0.005398767068982124,-0.685546875,-0.72802734375,3.2186508178710938e-06,0.0,0.0130615234375,0.62939453125
1665,826,1.2798441648483276,3.3748295307159424,-0.040792107582092285,-0.137939453125,-0.11578369140625,-0.9833984375,0.0,0.0175933837890625,0.8369140625
1666,821,1.7310218811035156,2.9692721366882324,-0.018407825380563736,0.68896484375,0.724609375,-0.004150390625,0.0,0.022125244140625,0.78369140625
1667,824,1.7033518552780151,2.953805446624756,-0.05034159496426582,-0.04986572265625,-0.056243896484375,-0.9970703125,0.0,0.0175933837890625,0.78369140625
1668,826,1.2798441648483276,3.3748295307159424,-0.040792107582092285,-0.137939453125,-0.11578369140625,-0.9833984375,0.0,0.0175933837890625,0.8369140625
1669,827,1.3095004558563232,3.387586832046509,-0.008862159214913845,0.70458984375,0.70947265625,0.006679534912109375,0.0,0.022125244140625,0.8369140625
1670,821,1.7310218811035156,2.9692721366882324,-0.018407825380563736,0.68896484375,0.724609375,-0.004150390625,0.0,0.022125244140625,0.78369140625
1671,828,1.2498520612716675,3.3627572059631348,-0.008813015185296535,-0.705078125,-0.708984375,0.0177154541015625,0.0,0.0130615234375,0.8369140625
1672,826,1.2798441648483276,3.3748295307159424,-0.040792107582092285,-0.137939453125,-0.11578369140625,-0.9833984375,0.0,0.0175933837890625,0.8369140625
1673,824,1.7033518552780151,2.953805446624756,-0.05034159496426582,-0.04986572265625,-0.056243896484375,-0.9970703125,0.0,0.0175933837890625,0.78369140625
1674,824,1.7033518552780151,2.953805446624756,-0.05034159496426582,-0.04986572265625,-0.056243896484375,-0.9970703125,0.0,0.0175933837890625,0.78369140625
1675,825,2.8844311237335205,1.799708366394043,-0.005398767068982124,-0.685546875,-0.72802734375,3.2186508178710938e-06,0.0,0.0130615234375,0.62939453125
1676,829,1.6752926111221313,2.938990354537964,-0.018366336822509766,-0.69189453125,-0.72216796875,0.0002110004425048828,0.0,0.0130615234375,0.78369140625
1677,828,1.2498520612716675,3.3627572059631348,-0.008813015185296535,-0.705078125,-0.708984375,0.0177154541015625,0.0,0.0130615234375,0.8369140625
1678,824,1.7033518552780151,2.953805446624756,-0.05034159496426582,-0.04986572265625,-0.056243896484375,-0.9970703125,0.0,0.0175933837890625,0.78369140625
1679,829,1.6752926111221313,2.938990354537964,-0.018366336822509766,-0.69189453125,-0.72216796875,0.0002110004425048828,0.0,0.0130615234375,0.78369140625
1680,829,1.6752926111221313,2.938990354537964,-0.018366336822509766,-0.69189453125,-0.72216796875,0.0002110004425048828,0.0,0.0130615234375,0.78369140625
1681,825,2.8844311237335205,1.799708366394043,-0.005398767068982124,-0.685546875,-0.72802734375,3.2186508178710938e-06,0.0,0.0130615234375,0.62939453125
1682,830,2.9064486026763916,1.8228849172592163,0.026545852422714233,-0.0014219284057617188,0.0107879638671875,1.0,0.0,0.0085296630859375,0.62939453125
1683,831,1.279508352279663,3.375514030456543,0.023116648197174072,-0.125244140625,-0.1475830078125,0.98095703125,0.0,0.0085296630859375,0.8369140625
1684,828,1.2498520612716675,3.3627572059631348,-0.008813015185296535,-0.705078125,-0.708984375,0.0177154541015625,0.0,0.0130615234375,0.8369140625
1685,829,1.6752926111221313,2.938990354537964,-0.018366336822509766,-0.69189453125,-0.72216796875,0.0002110004425048828,0.0,0.0130615234375,0.78369140625
1686,829,1.6752926111221313,2.938990354537964,-0.018366336822509766,-0.69189453125,-0.72216796875,0.0002110004425048828,0.0,0.0130615234375,0.78369140625
1687,830,2.9064486026763916,1.8228849172592163,0.026545852422714233,-0.0014219284057617188,0.0107879638671875,1.0,0.0,0.0085296630859375,0.62939453125
1688,832,1.7029626369476318,2.9544568061828613,0.013567212969064713,-0.05218505859375,-0.053741455078125,0.9970703125,0.0,0.0085296630859375,0.78369140625
1689,831,1.279508352279663,3.375514030456543,0.023116648197174072,-0.125244140625,-0.1475830078125,0.98095703125,0.0,0.0085296630859375,0.8369140625
1690,829,1.6752926111221313,2.938990354537964,-0.018366336822509766,-0.69189453125,-0.72216796875,0.0002110004425048828,0.0,0.0130615234375,0.78369140625
1691,832,1.7029626369476318,2.9544568061828613,0.013567212969064713,-0.05218505859375,-0.053741455078125,0.9970703125,0.0,0.0085296630859375,0.78369140625
1692,832,1.7029626369476318,2.9544568061828613,0.013567212969064713,-0.05218505859375,-0.053741455078125,0.9970703125,0.0,0.0085296630859375,0.78369140625
1693,830,2.9064486026763916,1.8228849172592163,0.026545852422714233,-0.0014219284057617188,0.0107879638671875,1.0,0.0,0.0085296630859375,0.62939453125
1694,833,2.9290077686309814,1.8455064296722412,-0.0054184854961931705,0.6845703125,0.72900390625,-0.0037555694580078125,0.0,0.003993988037109375,0.62939453125
1695,834,1.3095004558563232,3.387586832046509,-0.008862159214913845,0.70458984375,0.70947265625,0.006679534912109375,0.0,0.003993988037109375,0.8369140625
1696,831,1.279508352279663,3.375514030456543,0.023116648197174072,-0.125244140625,-0.1475830078125,0.98095703125,0.0,0.0085296630859375,0.8369140625
1697,832,1.7029626369476318,2.9544568061828613,0.013567212969064713,-0.05218505859375,-0.053741455078125,0.9970703125,0.0,0.0085296630859375,0.78369140625
1698,832,1.7029626369476318,2.9544568061828613,0.013567212969064713,-0.05218505859375,-0.053741455078125,0.9970703125,0.0,0.0085296630859375,0.78369140625
1699,833,2.9290077686309814,1.8455064296722412,-0.0054184854961931705,0.6845703125,0.72900390625,-0.0037555694580078125,0.0,0.003993988037109375,0.62939453125
1700,835,1.7310218811035156,2.9692721366882324,-0.018407825380563736,0.68896484375,0.724609375,-0.004150390625,0.0,0.003993988037109375,0.78369140625
1701,834,1.3095004558563232,3.387586832046509,-0.008862159214913845,0.70458984375,0.70947265625,0.006679534912109375,0.0,0.003993988037109375,0.8369140625
1702,832,1.7029626369476318,2.9544568061828613,0.013567212969064713,-0.05218505859375,-0.053741455078125,0.9970703125,0.0,0.0085296630859375,0.78369140625
1703,835,1.7310218811035156,2.9692721366882324,-0.018407825380563736,0.68896484375,0.724609375,-0.004150390625,0.0,0.003993988037109375,0.78369140625
1704,836,-0.8556161522865295,3.2388036251068115,0.21112948656082153,-0.802734375,-0.53125,0.271484375,0.0,0.473388671875,0.27734375
1705,837,-0.9007489085197449,3.239522933959961,0.07915060967206955,-0.81689453125,-0.52880859375,0.2294921875,0.0,0.474853515625,0.28955078125
1706,838,-0.8913602828979492,3.2224388122558594,0.07347802072763443,-0.82080078125,-0.5283203125,0.2166748046875,0.0,0.476806640625,0.289794921875
1707,837,-0.9007489085197449,3.239522933959961,0.07915060967206955,-0.81689453125,-0.52880859375,0.2294921875,0.0,0.474853515625,0.28955078125
1708,839,-0.9023252725601196,3.221461772918701,0.015294531360268593,-0.86083984375,-0.50830078125,-0.0199737548828125,0.0,0.4765625,0.294677734375
1709,838,-0.8913602828979492,3.2224388122558594,0.07347802072763443,-0.82080078125,-0.5283203125,0.2166748046875,0.0,0.476806640625,0.289794921875
1710,837,-0.9007489085197449,3.239522933959961,0.07915060967206955,-0.81689453125,-0.52880859375,0.2294921875,0.0,0.474853515625,0.28955078125
1711,840,-0.9127055406570435,3.2383532524108887,0.017365802079439163,-0.86083984375,-0.50830078125,-0.0220184326171875,0.0,0.474853515625,0.294677734375
1712,839,-0.9023252725601196,3.221461772918701,0.015294531360268593,-0.86083984375,-0.50830078125,-0.0199737548828125,0.0,0.4765625,0.294677734375
1713,840,-0.9127055406570435,3.2383532524108887,0.017365802079439163,-0.86083984375,-0.50830078125,-0.0220184326171875,0.0,0.474853515625,0.294677734375
1714,841,-0.8960383534431458,3.236300230026245,-0.04552645981311798,-0.85546875,-0.47314453125,-0.211181640625,0.0,0.476318359375,0.300048828125
1715,839,-0.9023252725601196,3.221461772918701,0.015294531360268593,-0.86083984375,-0.50830078125,-0.0199737548828125,0.0,0.4765625,0.294677734375
1716,840,-0.9127055406570435,3.2383532524108887,0.017365802079439163,-0.86083984375,-0.50830078125,-0.0220184326171875,0.0,0.474853515625,0.294677734375
1717,842,-0.9047695994377136,3.252621650695801,-0.04461734741926193,-0.85546875,-0.47314453125,-0.211181640625,0.0,0.474609375,0.300048828125
1718,841,-0.8960383534431458,3.236300230026245,-0.04552645981311798,-0.85546875,-0.47314453125,-0.211181640625,0.0,0.476318359375,0.300048828125
1719,843,-0.8556161522865295,3.2388036251068115,0.21112948656082153,0.80615234375,-0.57470703125,-0.1409912109375,0.0,0.473388671875,0.27734375
1720,844,-0.8913602828979492,3.2224388122558594,0.07347802072763443,0.8056640625,-0.57568359375,-0.1409912109375,0.0,0.469482421875,0.28955078125
1721,845,-0.8724464178085327,3.249527931213379,0.07119976729154587,0.8056640625,-0.5751953125,-0.1409912109375,0.0,0.472412109375,0.289794921875
1722,844,-0.8913602828979492,3.2224388122558594,0.07347802072763443,0.8056640625,-0.57568359375,-0.1409912109375,0.0,0.469482421875,0.28955078125
1723,846,-0.8841341733932495,3.2464592456817627,0.016520043835043907,0.8095703125,-0.578125,-0.1004638671875,0.0,0.47216796875,0.294677734375
1724,845,-0.8724464178085327,3.249527931213379,0.07119976729154587,0.8056640625,-0.5751953125,-0.1409912109375,0.0,0.472412109375,0.289794921875
1725,844,-0.8913602828979492,3.2224388122558594,0.07347802072763443,0.8056640625,-0.57568359375,-0.1409912109375,0.0,0.469482421875,0.28955078125
1726,847,-0.9023252725601196,3.221461772918701,0.015294531360268593,0.8095703125,-0.578125,-0.1015625,0.0,0.469482421875,0.294677734375
1727,846,-0.8841341733932495,3.2464592456817627,0.016520043835043907,0.8095703125,-0.578125,-0.1004638671875,0.0,0.47216796875,0.294677734375
1728,847,-0.9023252725601196,3.221461772918701,0.015294531360268593,0.8095703125,-0.578125,-0.1015625,0.0,0.469482421875,0.294677734375
1729,848,-0.8779679536819458,3.2613208293914795,-0.03822068125009537,0.81298828125,-0.5791015625,-0.061187744140625,0.0,0.47216796875,0.300048828125
1730,846,-0.8841341733932495,3.2464592456817627,0.016520043835043907,0.8095703125,-0.578125,-0.1004638671875,0.0,0.47216796875,0.294677734375
1731,847,-0.9023252725601196,3.221461772918701,0.015294531360268593,0.8095703125,-0.578125,-0.1015625,0.0,0.469482421875,0.294677734375
1732,849,-0.8960383534431458,3.236300230026245,-0.04552645981311798,0.81298828125,-0.5791015625,-0.061187744140625,0.0,0.4697265625,0.300048828125
1733,848,-0.8779679536819458,3.2613208293914795,-0.03822068125009537,0.81298828125,-0.5791015625,-0.061187744140625,0.0,0.47216796875,0.300048828125
1734,850,-0.9007489085197449,3.239522933959961,0.07915060967206955,-0.30224609375,0.95068359375,0.07183837890625,0.0,0.474853515625,0.28955078125
1735,851,-0.8556161522865295,3.2388036251068115,0.21112948656082153,-0.303955078125,0.9462890625,0.10906982421875,0.0,0.473388671875,0.27734375
1736,852,-0.8724464178085327,3.249527931213379,0.07119976729154587,-0.302001953125,0.95068359375,0.06866455078125,0.0,0.472412109375,0.289794921875
1737,853,-0.8841341733932495,3.2464592456817627,0.016520043835043907,-0.30224609375,0.94677734375,0.11102294921875,0.0,0.47216796875,0.294677734375
1738,850,-0.9007489085197449,3.239522933959961,0.07915060967206955,-0.30224609375,0.95068359375,0.07183837890625,0.0,0.474853515625,0.28955078125
1739,852,-0.8724464178085327,3.249527931213379,0.07119976729154587,-0.302001953125,0.95068359375,0.06866455078125,0.0,0.472412109375,0.289794921875
1740,853,-0.8841341733932495,3.2464592456817627,0.016520043835043907,-0.30224609375,0.94677734375,0.11102294921875,0.0,0.47216796875,0.294677734375
1741,854,-0.9127055406570435,3.2383532524108887,0.017365802079439163,-0.30224609375,0.94677734375,0.10919189453125,0.0,0.474853515625,0.294677734375
1742,850,-0.9007489085197449,3.239522933959961,0.07915060967206955,-0.30224609375,0.95068359375,0.07183837890625,0.0,0.474853515625,0.28955078125
1743,855,-0.8779679536819458,3.2613208293914795,-0.03822068125009537,-0.302734375,0.9326171875,0.1961669921875,0.0,0.47216796875,0.300048828125
1744,854,-0.9127055406570435,3.2383532524108887,0.017365802079439163,-0.30224609375,0.94677734375,0.10919189453125,0.0,0.474853515625,0.294677734375
1745,853,-0.8841341733932495,3.2464592456817627,0.016520043835043907,-0.30224609375,0.94677734375,0.11102294921875,0.0,0.47216796875,0.294677734375
1746,855,-0.8779679536819458,3.2613208293914795,-0.03822068125009537,-0.302734375,0.9326171875,0.1961669921875,0.0,0.47216796875,0.300048828125
1747,856,-0.9047695994377136,3.252621650695801,-0.04461734741926193,-0.302734375,0.9326171875,0.1961669921875,0.0,0.474609375,0.300048828125
1748,854,-0.9127055406570435,3.2383532524108887,0.017365802079439163,-0.30224609375,0.94677734375,0.10919189453125,0.0,0.474853515625,0.294677734375
1749,857,-0.9025790095329285,3.2395639419555664,-0.044614482671022415,-0.6181640625,-0.63232421875,-0.466552734375,0.0,0.271484375,0.99658203125
1750,858,-0.9101138710975647,3.3474934101104736,-0.08246234804391861,0.39306640625,0.11529541015625,-0.912109375,0.0,0.26416015625,0.9873046875
1751,859,-0.8536747694015503,3.28485369682312,-0.06997653841972351,0.385009765625,0.10772705078125,-0.91650390625,0.0,0.26416015625,0.99658203125
1752,857,-0.9025790095329285,3.2395639419555664,-0.044614482671022415,-0.6181640625,-0.63232421875,-0.466552734375,0.0,0.271484375,0.99658203125
1753,860,-0.9587746262550354,3.3071770668029785,-0.06054944917559624,-0.59765625,-0.623046875,-0.5048828125,0.0,0.271484375,0.9873046875
1754,858,-0.9101138710975647,3.3474934101104736,-0.08246234804391861,0.39306640625,0.11529541015625,-0.912109375,0.0,0.26416015625,0.9873046875
1755,861,-0.9000596404075623,3.235504627227783,0.026098165661096573,-0.6875,-0.447021484375,0.57275390625,0.0,0.277587890625,0.99658203125
1756,860,-0.9587746262550354,3.3071770668029785,-0.06054944917559624,-0.59765625,-0.623046875,-0.5048828125,0.0,0.271484375,0.9873046875
1757,857,-0.9025790095329285,3.2395639419555664,-0.044614482671022415,-0.6181640625,-0.63232421875,-0.466552734375,0.0,0.271484375,0.99658203125
1758,861,-0.9000596404075623,3.235504627227783,0.026098165661096573,-0.6875,-0.447021484375,0.57275390625,0.0,0.277587890625,0.99658203125
1759,862,-0.978265643119812,3.324857711791992,0.004929183516651392,-0.68994140625,-0.4501953125,0.56689453125,0.0,0.277587890625,0.9873046875
1760,860,-0.9587746262550354,3.3071770668029785,-0.06054944917559624,-0.59765625,-0.623046875,-0.5048828125,0.0,0.271484375,0.9873046875
1761,863,-0.8655381798744202,3.291685104370117,0.045002203434705734,0.06488037109375,0.2783203125,0.95849609375,0.0,0.2841796875,0.99658203125
1762,862,-0.978265643119812,3.324857711791992,0.004929183516651392,-0.68994140625,-0.4501953125,0.56689453125,0.0,0.277587890625,0.9873046875
1763,861,-0.9000596404075623,3.235504627227783,0.026098165661096573,-0.6875,-0.447021484375,0.57275390625,0.0,0.277587890625,0.99658203125
1764,863,-0.8655381798744202,3.291685104370117,0.045002203434705734,0.06488037109375,0.2783203125,0.95849609375,0.0,0.2841796875,0.99658203125
1765,864,-0.9158089756965637,3.362746477127075,0.029905302450060844,0.1279296875,0.3251953125,0.93701171875,0.0,0.2841796875,0.9873046875
1766,862,-0.978265643119812,3.324857711791992,0.004929183516651392,-0.68994140625,-0.4501953125,0.56689453125,0.0,0.277587890625,0.9873046875
1767,865,-0.814259946346283,3.3107075691223145,-0.005210657138377428,0.76318359375,0.64306640625,0.058349609375,0.0,0.291259765625,0.99658203125
1768,864,-0.9158089756965637,3.362746477127075,0.029905302450060844,0.1279296875,0.3251953125,0.93701171875,0.0,0.2841796875,0.9873046875
1769,863,-0.8655381798744202,3.291685104370117,0.045002203434705734,0.06488037109375,0.2783203125,0.95849609375,0.0,0.2841796875,0.99658203125
1770,865,-0.814259946346283,3.3107075691223145,-0.005210657138377428,0.76318359375,0.64306640625,0.058349609375,0.0,0.291259765625,0.99658203125
1771,866,-0.8865041136741638,3.3975908756256104,-0.03323837369680405,0.77587890625,0.62939453125,-0.0443115234375,0.0,0.291259765625,0.9873046875
1772,864,-0.9158089756965637,3.362746477127075,0.029905302450060844,0.1279296875,0.3251953125,0.93701171875,0.0,0.2841796875,0.9873046875
1773,867,-0.8536747694015503,3.28485369682312,-0.06997653841972351,0.385009765625,0.10772705078125,-0.91650390625,0.0,0.29833984375,0.99658203125
1774,866,-0.8865041136741638,3.3975908756256104,-0.03323837369680405,0.77587890625,0.62939453125,-0.0443115234375,0.0,0.291259765625,0.9873046875
1775,865,-0.814259946346283,3.3107075691223145,-0.005210657138377428,0.76318359375,0.64306640625,0.058349609375,0.0,0.291259765625,0.99658203125
1776,867,-0.8536747694015503,3.28485369682312,-0.06997653841972351,0.385009765625,0.10772705078125,-0.91650390625,0.0,0.29833984375,0.99658203125
1777,868,-0.9101138710975647,3.3474934101104736,-0.08246234804391861,0.39306640625,0.11529541015625,-0.912109375,0.0,0.29833984375,0.9873046875
1778,866,-0.8865041136741638,3.3975908756256104,-0.03323837369680405,0.77587890625,0.62939453125,-0.0443115234375,0.0,0.291259765625,0.9873046875
1779,869,-0.9587746262550354,3.3071770668029785,-0.06054944917559624,-0.6572265625,0.728515625,-0.193603515625,0.0,0.5859375,0.71923828125
1780,870,-0.978265643119812,3.324857711791992,0.004929183516651392,-0.382080078125,0.857421875,-0.34521484375,0.0,0.591796875,0.7177734375
1781,871,-0.9158089756965637,3.362746477127075,0.029905302450060844,-0.70458984375,0.703125,-0.09722900390625,0.0,0.591796875,0.71142578125
1782,869,-0.9587746262550354,3.3071770668029785,-0.06054944917559624,-0.6572265625,0.728515625,-0.193603515625,0.0,0.5859375,0.71923828125
1783,871,-0.9158089756965637,3.362746477127075,0.029905302450060844,-0.70458984375,0.703125,-0.09722900390625,0.0,0.591796875,0.71142578125
1784,872,-0.8865041136741638,3.3975908756256104,-0.03323837369680405,-0.767578125,0.63671875,-0.0767822265625,0.0,0.58544921875,0.708984375
1785,873,-0.9101138710975647,3.3474934101104736,-0.08246234804391861,-0.68603515625,0.64794921875,-0.33056640625,0.0,0.58251953125,0.71435546875
1786,869,-0.9587746262550354,3.3071770668029785,-0.06054944917559624,-0.6572265625,0.728515625,-0.193603515625,0.0,0.5859375,0.71923828125
1787,872,-0.8865041136741638,3.3975908756256104,-0.03323837369680405,-0.767578125,0.63671875,-0.0767822265625,0.0,0.58544921875,0.708984375
1788,874,-0.8655381798744202,3.291685104370117,0.045002203434705734,0.62646484375,-0.7578125,0.1817626953125,0.0,0.337890625,0.346435546875
1789,875,-0.9000596404075623,3.235504627227783,0.026098165661096573,0.859375,-0.5078125,-0.05975341796875,0.0,0.333740234375,0.34130859375
1790,876,-0.9025790095329285,3.2395639419555664,-0.044614482671022415,0.67431640625,-0.73583984375,0.062225341796875,0.0,0.32763671875,0.34423828125
1791,874,-0.8655381798744202,3.291685104370117,0.045002203434705734,0.62646484375,-0.7578125,0.1817626953125,0.0,0.337890625,0.346435546875
1792,876,-0.9025790095329285,3.2395639419555664,-0.044614482671022415,0.67431640625,-0.73583984375,0.062225341796875,0.0,0.32763671875,0.34423828125
1793,877,-0.814259946346283,3.3107075691223145,-0.005210657138377428,0.5771484375,-0.8017578125,0.1544189453125,0.0,0.3349609375,0.35302734375
1794,876,-0.9025790095329285,3.2395639419555664,-0.044614482671022415,0.67431640625,-0.73583984375,0.062225341796875,0.0,0.32763671875,0.34423828125
1795,878,-0.8536747694015503,3.28485369682312,-0.06997653841972351,0.64990234375,-0.75439453125,-0.09423828125,0.0,0.32763671875,0.35107421875
1796,877,-0.814259946346283,3.3107075691223145,-0.005210657138377428,0.5771484375,-0.8017578125,0.1544189453125,0.0,0.3349609375,0.35302734375
1797,879,-0.9452468156814575,3.3252642154693604,-0.01025385595858097,-0.0740966796875,0.98291015625,-0.1671142578125,0.0,0.32275390625,0.857421875
1798,880,-0.9865912199020386,3.317115068435669,-0.039850614964962006,-0.0447998046875,0.994140625,-0.09771728515625,0.0,0.31884765625,0.859375
1799,881,-0.960540771484375,3.326826333999634,0.003981758374720812,-0.0740966796875,0.98291015625,-0.1671142578125,0.0,0.3232421875,0.85888671875
1800,879,-0.9452468156814575,3.3252642154693604,-0.01025385595858097,-0.0740966796875,0.98291015625,-0.1671142578125,0.0,0.32275390625,0.857421875
1801,882,-0.9634836316108704,3.3170673847198486,-0.052112892270088196,-0.041717529296875,0.9951171875,-0.09039306640625,0.0,0.318603515625,0.85693359375
1802,880,-0.9865912199020386,3.317115068435669,-0.039850614964962006,-0.0447998046875,0.994140625,-0.09771728515625,0.0,0.31884765625,0.859375
1803,882,-0.9634836316108704,3.3170673847198486,-0.052112892270088196,-0.041717529296875,0.9951171875,-0.09039306640625,0.0,0.318603515625,0.85693359375
1804,883,-1.0210593938827515,3.308244466781616,-0.19500602781772614,-0.0252532958984375,0.99853515625,-0.05145263671875,0.0,0.30517578125,0.85595703125
1805,880,-0.9865912199020386,3.317115068435669,-0.039850614964962006,-0.0447998046875,0.994140625,-0.09771728515625,0.0,0.31884765625,0.859375
1806,884,-1.0210593938827515,3.308244466781616,-0.19500602781772614,-0.96240234375,0.178466796875,0.20361328125,0.0,0.30517578125,0.85595703125
1807,885,-0.991145133972168,3.2931203842163086,-0.040342625230550766,-0.93994140625,0.205810546875,0.272216796875,0.0,0.318115234375,0.861328125
1808,886,-0.9865912199020386,3.317115068435669,-0.039850614964962006,-0.9306640625,0.215087890625,0.295654296875,0.0,0.31884765625,0.859375
1809,885,-0.991145133972168,3.2931203842163086,-0.040342625230550766,-0.93994140625,0.205810546875,0.272216796875,0.0,0.318115234375,0.861328125
1810,887,-0.960540771484375,3.326826333999634,0.003981758374720812,-0.87548828125,0.258056640625,0.408203125,0.0,0.3232421875,0.85888671875
1811,886,-0.9865912199020386,3.317115068435669,-0.039850614964962006,-0.9306640625,0.215087890625,0.295654296875,0.0,0.31884765625,0.859375
1812,885,-0.991145133972168,3.2931203842163086,-0.040342625230550766,-0.93994140625,0.205810546875,0.272216796875,0.0,0.318115234375,0.861328125
1813,888,-0.9661591649055481,3.308060884475708,0.009689983911812305,-0.87548828125,0.258056640625,0.408203125,0.0,0.3232421875,0.86083984375
1814,887,-0.960540771484375,3.326826333999634,0.003981758374720812,-0.87548828125,0.258056640625,0.408203125,0.0,0.3232421875,0.85888671875
1815,889,-0.9452468156814575,3.3252642154693604,-0.01025385595858097,0.8828125,-0.354248046875,-0.30908203125,0.0,0.32275390625,0.857421875
1816,890,-0.9471629858016968,3.3123254776000977,-9.233772289007902e-05,0.8828125,-0.354248046875,-0.30908203125,0.0,0.3232421875,0.85595703125
1817,891,-0.9714754819869995,3.2949764728546143,-0.05042637884616852,0.8798828125,-0.346435546875,-0.32568359375,0.0,0.318359375,0.85498046875
1818,889,-0.9452468156814575,3.3252642154693604,-0.01025385595858097,0.8828125,-0.354248046875,-0.30908203125,0.0,0.32275390625,0.857421875
1819,891,-0.9714754819869995,3.2949764728546143,-0.05042637884616852,0.8798828125,-0.346435546875,-0.32568359375,0.0,0.318359375,0.85498046875
1820,892,-0.9634836316108704,3.3170673847198486,-0.052112892270088196,0.88037109375,-0.34765625,-0.3232421875,0.0,0.318603515625,0.85693359375
1821,891,-0.9714754819869995,3.2949764728546143,-0.05042637884616852,0.8798828125,-0.346435546875,-0.32568359375,0.0,0.318359375,0.85498046875
1822,893,-1.0210593938827515,3.308244466781616,-0.19500602781772614,0.87841796875,-0.34326171875,-0.332763671875,0.0,0.30517578125,0.85595703125
1823,892,-0.9634836316108704,3.3170673847198486,-0.052112892270088196,0.88037109375,-0.34765625,-0.3232421875,0.0,0.318603515625,0.85693359375
1824,894,-0.9471629858016968,3.3123254776000977,-9.233772289007902e-05,0.245849609375,-0.95166015625,0.185302734375,0.0,0.3232421875,0.85595703125
1825,895,-0.9661591649055481,3.308060884475708,0.009689983911812305,0.245849609375,-0.95166015625,0.185302734375,0.0,0.32373046875,0.85400390625
1826,896,-0.991145133972168,3.2931203842163086,-0.040342625230550766,0.14111328125,-0.9892578125,0.03497314453125,0.0,0.318603515625,0.85302734375
1827,894,-0.9471629858016968,3.3123254776000977,-9.233772289007902e-05,0.245849609375,-0.95166015625,0.185302734375,0.0,0.3232421875,0.85595703125
1828,896,-0.991145133972168,3.2931203842163086,-0.040342625230550766,0.14111328125,-0.9892578125,0.03497314453125,0.0,0.318603515625,0.85302734375
1829,897,-0.9714754819869995,3.2949764728546143,-0.05042637884616852,0.1263427734375,-0.99169921875,0.01422119140625,0.0,0.318359375,0.85498046875
1830,896,-0.991145133972168,3.2931203842163086,-0.040342625230550766,0.14111328125,-0.9892578125,0.03497314453125,0.0,0.318603515625,0.85302734375
1831,898,-1.0210593938827515,3.308244466781616,-0.19500602781772614,0.03997802734375,-0.99365234375,-0.10491943359375,0.0,0.30517578125,0.85595703125
1832,897,-0.9714754819869995,3.2949764728546143,-0.05042637884616852,0.1263427734375,-0.99169921875,0.01422119140625,0.0,0.318359375,0.85498046875
1833,899,-0.8098850846290588,3.256002426147461,-0.18550296127796173,0.849609375,-0.4892578125,0.197509765625,0.0,0.07550048828125,0.552734375
1834,900,-0.8046212792396545,3.3157851696014404,-0.060043033212423325,0.85205078125,-0.462646484375,0.24462890625,0.0,0.07574462890625,0.54052734375
1835,901,-0.8200495839118958,3.2925190925598145,-0.05133824795484543,0.8525390625,-0.453369140625,0.260498046875,0.0,0.0732421875,0.54052734375
1836,900,-0.8046212792396545,3.3157851696014404,-0.060043033212423325,0.85205078125,-0.462646484375,0.24462890625,0.0,0.07574462890625,0.54052734375
1837,902,-0.8359146118164062,3.2953264713287354,-0.003938402980566025,0.85107421875,-0.41357421875,0.32373046875,0.0,0.0731201171875,0.53564453125
1838,901,-0.8200495839118958,3.2925190925598145,-0.05133824795484543,0.8525390625,-0.453369140625,0.260498046875,0.0,0.0732421875,0.54052734375
1839,900,-0.8046212792396545,3.3157851696014404,-0.060043033212423325,0.85205078125,-0.462646484375,0.24462890625,0.0,0.07574462890625,0.54052734375
1840,903,-0.8209136724472046,3.3217670917510986,-0.011703543365001678,0.85107421875,-0.41357421875,0.32373046875,0.0,0.0758056640625,0.53662109375
1841,902,-0.8359146118164062,3.2953264713287354,-0.003938402980566025,0.85107421875,-0.41357421875,0.32373046875,0.0,0.0731201171875,0.53564453125
1842,904,-0.8477963209152222,3.30365252494812,-0.01625204086303711,-0.476318359375,0.84716796875,-0.2349853515625,0.0,0.07879638671875,0.53662109375
1843,905,-0.8209136724472046,3.3217670917510986,-0.011703543365001678,-0.476318359375,0.84716796875,-0.2349853515625,0.0,0.0758056640625,0.53662109375
1844,906,-0.8046212792396545,3.3157851696014404,-0.060043033212423325,-0.444091796875,0.83642578125,-0.321044921875,0.0,0.07574462890625,0.54052734375
1845,904,-0.8477963209152222,3.30365252494812,-0.01625204086303711,-0.476318359375,0.84716796875,-0.2349853515625,0.0,0.07879638671875,0.53662109375
1846,906,-0.8046212792396545,3.3157851696014404,-0.060043033212423325,-0.444091796875,0.83642578125,-0.321044921875,0.0,0.07574462890625,0.54052734375
1847,907,-0.8340252637863159,3.301304340362549,-0.058900125324726105,-0.44775390625,0.837890625,-0.3125,0.0,0.0784912109375,0.541015625
1848,906,-0.8046212792396545,3.3157851696014404,-0.060043033212423325,-0.444091796875,0.83642578125,-0.321044921875,0.0,0.07574462890625,0.54052734375
1849,908,-0.8098850846290588,3.256002426147461,-0.18550296127796173,-0.421142578125,0.82568359375,-0.375732421875,0.0,0.07550048828125,0.552734375
1850,907,-0.8340252637863159,3.301304340362549,-0.058900125324726105,-0.44775390625,0.837890625,-0.3125,0.0,0.0784912109375,0.541015625
1851,909,0.17259734869003296,2.5066394805908203,0.1557978391647339,-0.34765625,-0.2254638671875,0.91015625,0.0,0.41552734375,0.355712890625
1852,910,0.06244903430342674,2.445709705352783,0.09862342476844788,-0.38427734375,-0.2425537109375,0.890625,0.0,0.417724609375,0.36767578125
1853,911,0.06973419338464737,2.426854133605957,0.09673416614532471,-0.39697265625,-0.2484130859375,0.8837890625,0.0,0.41943359375,0.36767578125
1854,910,0.06244903430342674,2.445709705352783,0.09862342476844788,-0.38427734375,-0.2425537109375,0.890625,0.0,0.417724609375,0.36767578125
1855,912,0.023611754179000854,2.3972349166870117,0.0641946941614151,-0.56982421875,-0.337646484375,0.7490234375,0.0,0.419921875,0.373291015625
1856,911,0.06973419338464737,2.426854133605957,0.09673416614532471,-0.39697265625,-0.2484130859375,0.8837890625,0.0,0.41943359375,0.36767578125
1857,910,0.06244903430342674,2.445709705352783,0.09862342476844788,-0.38427734375,-0.2425537109375,0.890625,0.0,0.417724609375,0.36767578125
1858,913,0.013388823717832565,2.414344072341919,0.06456394493579865,-0.56640625,-0.3359375,0.75244140625,0.0,0.418212890625,0.373291015625
1859,912,0.023611754179000854,2.3972349166870117,0.0641946941614151,-0.56982421875,-0.337646484375,0.7490234375,0.0,0.419921875,0.373291015625
1860,913,0.013388823717832565,2.414344072341919,0.06456394493579865,-0.56640625,-0.3359375,0.75244140625,0.0,0.418212890625,0.373291015625
1861,914,-0.010489501990377903,2.378352403640747,0.01353961881250143,-0.68896484375,-0.39990234375,0.6044921875,0.0,0.419921875,0.378662109375
1862,912,0.023611754179000854,2.3972349166870117,0.0641946941614151,-0.56982421875,-0.337646484375,0.7490234375,0.0,0.419921875,0.373291015625
1863,913,0.013388823717832565,2.414344072341919,0.06456394493579865,-0.56640625,-0.3359375,0.75244140625,0.0,0.418212890625,0.373291015625
1864,915,-0.02006484940648079,2.3941774368286133,0.012383644469082355,-0.68896484375,-0.39990234375,0.6044921875,0.0,0.418212890625,0.37890625
1865,914,-0.010489501990377903,2.378352403640747,0.01353961881250143,-0.68896484375,-0.39990234375,0.6044921875,0.0,0.419921875,0.378662109375
1866,916,0.17259734869003296,2.5066394805908203,0.1557978391647339,0.68896484375,-0.498779296875,-0.52587890625,0.0,0.41552734375,0.355712890625
1867,917,0.06973419338464737,2.426854133605957,0.09673416614532471,0.6875,-0.49560546875,-0.53125,0.0,0.412353515625,0.3681640625
1868,918,0.07254499942064285,2.454169750213623,0.0745021402835846,0.6875,-0.49609375,-0.5302734375,0.0,0.41552734375,0.367919921875
1869,917,0.06973419338464737,2.426854133605957,0.09673416614532471,0.6875,-0.49560546875,-0.53125,0.0,0.412353515625,0.3681640625
1870,919,0.029783857986330986,2.425992965698242,0.04643018916249275,0.7548828125,-0.50048828125,-0.423828125,0.0,0.415771484375,0.373046875
1871,918,0.07254499942064285,2.454169750213623,0.0745021402835846,0.6875,-0.49609375,-0.5302734375,0.0,0.41552734375,0.367919921875
1872,917,0.06973419338464737,2.426854133605957,0.09673416614532471,0.6875,-0.49560546875,-0.53125,0.0,0.412353515625,0.3681640625
1873,920,0.023611754179000854,2.3972349166870117,0.0641946941614151,0.76513671875,-0.5009765625,-0.404541015625,0.0,0.41259765625,0.37353515625
1874,919,0.029783857986330986,2.425992965698242,0.04643018916249275,0.7548828125,-0.50048828125,-0.423828125,0.0,0.415771484375,0.373046875
1875,920,0.023611754179000854,2.3972349166870117,0.0641946941614151,0.76513671875,-0.5009765625,-0.404541015625,0.0,0.41259765625,0.37353515625
1876,921,0.0022138976491987705,2.4009599685668945,-0.004721113480627537,0.81982421875,-0.498779296875,-0.281494140625,0.0,0.415771484375,0.37890625
1877,919,0.029783857986330986,2.425992965698242,0.04643018916249275,0.7548828125,-0.50048828125,-0.423828125,0.0,0.415771484375,0.373046875
1878,920,0.023611754179000854,2.3972349166870117,0.0641946941614151,0.76513671875,-0.5009765625,-0.404541015625,0.0,0.41259765625,0.37353515625
1879,922,-0.010489501990377903,2.378352403640747,0.01353961881250143,0.81982421875,-0.498779296875,-0.281494140625,0.0,0.4130859375,0.37890625
1880,921,0.0022138976491987705,2.4009599685668945,-0.004721113480627537,0.81982421875,-0.498779296875,-0.281494140625,0.0,0.415771484375,0.37890625
1881,923,0.06244903430342674,2.445709705352783,0.09862342476844788,-0.5380859375,0.84033203125,0.06304931640625,0.0,0.417724609375,0.36767578125
1882,924,0.17259734869003296,2.5066394805908203,0.1557978391647339,-0.51513671875,0.85302734375,0.08355712890625,0.0,0.41552734375,0.355712890625
1883,925,0.07254499942064285,2.454169750213623,0.0745021402835846,-0.5390625,0.84033203125,0.062286376953125,0.0,0.41552734375,0.367919921875
1884,926,0.029783857986330986,2.425992965698242,0.04643018916249275,-0.5302734375,0.84765625,-0.02166748046875,0.0,0.415771484375,0.373046875
1885,923,0.06244903430342674,2.445709705352783,0.09862342476844788,-0.5380859375,0.84033203125,0.06304931640625,0.0,0.417724609375,0.36767578125
1886,925,0.07254499942064285,2.454169750213623,0.0745021402835846,-0.5390625,0.84033203125,0.062286376953125,0.0,0.41552734375,0.367919921875
1887,926,0.029783857986330986,2.425992965698242,0.04643018916249275,-0.5302734375,0.84765625,-0.02166748046875,0.0,0.415771484375,0.373046875
1888,927,0.013388823717832565,2.414344072341919,0.06456394493579865,-0.525390625,0.85009765625,-0.03076171875,0.0,0.418212890625,0.373291015625
1889,923,0.06244903430342674,2.445709705352783,0.09862342476844788,-0.5380859375,0.84033203125,0.06304931640625,0.0,0.417724609375,0.36767578125
1890,928,0.0022138976491987705,2.4009599685668945,-0.004721113480627537,-0.49267578125,0.86572265625,-0.0877685546875,0.0,0.415771484375,0.37890625
1891,927,0.013388823717832565,2.414344072341919,0.06456394493579865,-0.525390625,0.85009765625,-0.03076171875,0.0,0.418212890625,0.373291015625
1892,926,0.029783857986330986,2.425992965698242,0.04643018916249275,-0.5302734375,0.84765625,-0.02166748046875,0.0,0.415771484375,0.373046875
1893,928,0.0022138976491987705,2.4009599685668945,-0.004721113480627537,-0.49267578125,0.86572265625,-0.0877685546875,0.0,0.415771484375,0.37890625
1894,929,-0.02006484940648079,2.3941774368286133,0.012383644469082355,-0.49267578125,0.86572265625,-0.0877685546875,0.0,0.418212890625,0.37890625
1895,927,0.013388823717832565,2.414344072341919,0.06456394493579865,-0.525390625,0.85009765625,-0.03076171875,0.0,0.418212890625,0.373291015625
1896,930,0.0005430603050626814,2.398319721221924,-0.0540696419775486,0.021026611328125,-0.050628662109375,-0.99853515625,0.0,0.46484375,0.389404296875
1897,931,-0.0633949264883995,2.454683303833008,-0.05374995619058609,0.021026611328125,-0.050628662109375,-0.99853515625,0.0,0.456298828125,0.389404296875
1898,932,-0.02600143291056156,2.5182712078094482,-0.06071128323674202,0.42041015625,0.4140625,-0.80712890625,0.0,0.456298828125,0.39599609375
1899,930,0.0005430603050626814,2.398319721221924,-0.0540696419775486,0.021026611328125,-0.050628662109375,-0.99853515625,0.0,0.46484375,0.389404296875
1900,932,-0.02600143291056156,2.5182712078094482,-0.06071128323674202,0.42041015625,0.4140625,-0.80712890625,0.0,0.456298828125,0.39599609375
1901,933,0.06476516276597977,2.446070671081543,-0.05061471834778786,0.4716796875,0.476806640625,-0.74169921875,0.0,0.46484375,0.39599609375
1902,933,0.06476516276597977,2.446070671081543,-0.05061471834778786,0.4716796875,0.476806640625,-0.74169921875,0.0,0.46484375,0.39599609375
1903,932,-0.02600143291056156,2.5182712078094482,-0.06071128323674202,0.42041015625,0.4140625,-0.80712890625,0.0,0.456298828125,0.39599609375
1904,934,-0.0013819885207340121,2.5224132537841797,0.013022961094975471,0.6064453125,0.71142578125,0.35546875,0.0,0.456298828125,0.402587890625
1905,933,0.06476516276597977,2.446070671081543,-0.05061471834778786,0.4716796875,0.476806640625,-0.74169921875,0.0,0.46484375,0.39599609375
1906,934,-0.0013819885207340121,2.5224132537841797,0.013022961094975471,0.6064453125,0.71142578125,0.35546875,0.0,0.456298828125,0.402587890625
1907,935,0.061356961727142334,2.4608752727508545,0.022061629220843315,0.58203125,0.68994140625,0.43017578125,0.0,0.46484375,0.402587890625
1908,935,0.061356961727142334,2.4608752727508545,0.022061629220843315,0.58203125,0.68994140625,0.43017578125,0.0,0.46484375,0.402587890625
1909,934,-0.0013819885207340121,2.5224132537841797,0.013022961094975471,0.6064453125,0.71142578125,0.35546875,0.0,0.456298828125,0.402587890625
1910,936,-0.05570129305124283,2.4865241050720215,0.054514989256858826,-0.07061767578125,-0.021209716796875,0.9970703125,0.0,0.456298828125,0.40869140625
1911,935,0.061356961727142334,2.4608752727508545,0.022061629220843315,0.58203125,0.68994140625,0.43017578125,0.0,0.46484375,0.402587890625
1912,936,-0.05570129305124283,2.4865241050720215,0.054514989256858826,-0.07061767578125,-0.021209716796875,0.9970703125,0.0,0.456298828125,0.40869140625
1913,937,0.03584869205951691,2.4080564975738525,0.05762603506445885,-0.066162109375,-0.015960693359375,0.99755859375,0.0,0.46484375,0.40869140625
1914,937,0.03584869205951691,2.4080564975738525,0.05762603506445885,-0.066162109375,-0.015960693359375,0.99755859375,0.0,0.46484375,0.40869140625
1915,936,-0.05570129305124283,2.4865241050720215,0.054514989256858826,-0.07061767578125,-0.021209716796875,0.9970703125,0.0,0.456298828125,0.40869140625
1916,938,-0.07772766053676605,2.437133312225342,0.00917890015989542,-0.4453125,-0.47314453125,0.76025390625,0.0,0.456298828125,0.41455078125
1917,937,0.03584869205951691,2.4080564975738525,0.05762603506445885,-0.066162109375,-0.015960693359375,0.99755859375,0.0,0.46484375,0.40869140625
1918,938,-0.07772766053676605,2.437133312225342,0.00917890015989542,-0.4453125,-0.47314453125,0.76025390625,0.0,0.456298828125,0.41455078125
1919,939,-0.010752716101706028,2.3781416416168213,0.013393559493124485,-0.4453125,-0.47314453125,0.76025390625,0.0,0.46484375,0.41455078125
1920,940,-0.023986052721738815,2.3044357299804688,-0.12981997430324554,0.896484375,-0.37890625,-0.229248046875,0.0,0.31396484375,0.317626953125
1921,941,0.03459121659398079,2.418534755706787,-0.08934325724840164,0.90869140625,-0.35791015625,-0.21435546875,0.0,0.313232421875,0.330322265625
1922,942,0.034847717732191086,2.403172016143799,-0.06294278800487518,0.91064453125,-0.354248046875,-0.2119140625,0.0,0.316162109375,0.33056640625
1923,941,0.03459121659398079,2.418534755706787,-0.08934325724840164,0.90869140625,-0.35791015625,-0.21435546875,0.0,0.313232421875,0.330322265625
1924,943,0.052737731486558914,2.434434652328491,-0.02919262833893299,0.92529296875,-0.326904296875,-0.1927490234375,0.0,0.31591796875,0.33544921875
1925,942,0.034847717732191086,2.403172016143799,-0.06294278800487518,0.91064453125,-0.354248046875,-0.2119140625,0.0,0.316162109375,0.33056640625
1926,941,0.03459121659398079,2.418534755706787,-0.08934325724840164,0.90869140625,-0.35791015625,-0.21435546875,0.0,0.313232421875,0.330322265625
1927,944,0.05347854644060135,2.4515085220336914,-0.0555059053003788,0.92529296875,-0.326904296875,-0.1927490234375,0.0,0.31298828125,0.3349609375
1928,943,0.052737731486558914,2.434434652328491,-0.02919262833893299,0.92529296875,-0.326904296875,-0.1927490234375,0.0,0.31591796875,0.33544921875
1929,945,0.03433471545577049,2.4374589920043945,-0.032975368201732635,-0.72607421875,0.65087890625,-0.2218017578125,0.0,0.309814453125,0.33447265625
1930,946,0.05347854644060135,2.4515085220336914,-0.0555059053003788,-0.72607421875,0.65087890625,-0.2218017578125,0.0,0.31298828125,0.3349609375
1931,947,0.03459121659398079,2.418534755706787,-0.08934325724840164,-0.76708984375,0.578125,-0.278076171875,0.0,0.313232421875,0.330322265625
1932,945,0.03433471545577049,2.4374589920043945,-0.032975368201732635,-0.72607421875,0.65087890625,-0.2218017578125,0.0,0.309814453125,0.33447265625
1933,947,0.03459121659398079,2.418534755706787,-0.08934325724840164,-0.76708984375,0.578125,-0.278076171875,0.0,0.313232421875,0.330322265625
1934,948,0.017710266634821892,2.409162759780884,-0.0626300498843193,-0.76611328125,0.58056640625,-0.2763671875,0.0,0.31005859375,0.329833984375
1935,947,0.03459121659398079,2.418534755706787,-0.08934325724840164,-0.76708984375,0.578125,-0.278076171875,0.0,0.313232421875,0.330322265625
1936,949,-0.023986052721738815,2.3044357299804688,-0.12981997430324554,-0.79248046875,0.52001953125,-0.318603515625,0.0,0.31396484375,0.317626953125
1937,948,0.017710266634821892,2.409162759780884,-0.0626300498843193,-0.76611328125,0.58056640625,-0.2763671875,0.0,0.31005859375,0.329833984375
1938,950,-0.6658545732498169,3.1202712059020996,-0.009795444086194038,0.6904296875,0.7236328125,0.0008683204650878906,0.0,0.0938720703125,0.32275390625
1939,951,1.7388818264007568,0.8377988934516907,0.0019487773533910513,0.6884765625,0.72509765625,-0.004138946533203125,0.0,0.0938720703125,0.0035800933837890625
1940,952,1.715067744255066,0.8128446936607361,-0.03252014145255089,0.00548553466796875,0.00075531005859375,-1.0,0.0,0.08917236328125,0.0035800933837890625
1941,950,-0.6658545732498169,3.1202712059020996,-0.009795444086194038,0.6904296875,0.7236328125,0.0008683204650878906,0.0,0.0938720703125,0.32275390625
1942,952,1.715067744255066,0.8128446936607361,-0.03252014145255089,0.00548553466796875,0.00075531005859375,-1.0,0.0,0.08917236328125,0.0035800933837890625
1943,953,-0.6931588649749756,3.0992705821990967,-0.04426436498761177,-0.039825439453125,-0.047210693359375,-0.998046875,0.0,0.08917236328125,0.32275390625
1944,953,-0.6931588649749756,3.0992705821990967,-0.04426436498761177,-0.039825439453125,-0.047210693359375,-0.998046875,0.0,0.08917236328125,0.32275390625
1945,952,1.715067744255066,0.8128446936607361,-0.03252014145255089,0.00548553466796875,0.00075531005859375,-1.0,0.0,0.08917236328125,0.0035800933837890625
1946,954,1.6907708644866943,0.7883908152580261,0.0019702136050909758,-0.6884765625,-0.72509765625,-0.0017061233520507812,0.0,0.08453369140625,0.0035800933837890625
1947,955,-0.9690539836883545,3.3751113414764404,-0.04568633809685707,-0.049102783203125,-0.054168701171875,-0.99755859375,0.0,0.08917236328125,0.350341796875
1948,950,-0.6658545732498169,3.1202712059020996,-0.009795444086194038,0.6904296875,0.7236328125,0.0008683204650878906,0.0,0.0938720703125,0.32275390625
1949,953,-0.6931588649749756,3.0992705821990967,-0.04426436498761177,-0.039825439453125,-0.047210693359375,-0.998046875,0.0,0.08917236328125,0.32275390625
1950,955,-0.9690539836883545,3.3751113414764404,-0.04568633809685707,-0.049102783203125,-0.054168701171875,-0.99755859375,0.0,0.08917236328125,0.350341796875
1951,956,-0.9413396120071411,3.3956477642059326,-0.011217421852052212,0.70703125,0.70703125,0.0008134841918945312,0.0,0.0938720703125,0.350341796875
1952,950,-0.6658545732498169,3.1202712059020996,-0.009795444086194038,0.6904296875,0.7236328125,0.0008683204650878906,0.0,0.0938720703125,0.32275390625
1953,957,-0.9971588850021362,3.355149984359741,-0.011196210980415344,-0.70703125,-0.70703125,0.004817962646484375,0.0,0.08453369140625,0.350341796875
1954,955,-0.9690539836883545,3.3751113414764404,-0.04568633809685707,-0.049102783203125,-0.054168701171875,-0.99755859375,0.0,0.08917236328125,0.350341796875
1955,953,-0.6931588649749756,3.0992705821990967,-0.04426436498761177,-0.039825439453125,-0.047210693359375,-0.998046875,0.0,0.08917236328125,0.32275390625
1956,953,-0.6931588649749756,3.0992705821990967,-0.04426436498761177,-0.039825439453125,-0.047210693359375,-0.998046875,0.0,0.08917236328125,0.32275390625
1957,954,1.6907708644866943,0.7883908152580261,0.0019702136050909758,-0.6884765625,-0.72509765625,-0.0017061233520507812,0.0,0.08453369140625,0.0035800933837890625
1958,958,-0.7208634614944458,3.0788371562957764,-0.009774209931492805,-0.69091796875,-0.72314453125,0.0036754608154296875,0.0,0.08453369140625,0.32275390625
1959,957,-0.9971588850021362,3.355149984359741,-0.011196210980415344,-0.70703125,-0.70703125,0.004817962646484375,0.0,0.08453369140625,0.350341796875
1960,953,-0.6931588649749756,3.0992705821990967,-0.04426436498761177,-0.039825439453125,-0.047210693359375,-0.998046875,0.0,0.08917236328125,0.32275390625
1961,958,-0.7208634614944458,3.0788371562957764,-0.009774209931492805,-0.69091796875,-0.72314453125,0.0036754608154296875,0.0,0.08453369140625,0.32275390625
1962,958,-0.7208634614944458,3.0788371562957764,-0.009774209931492805,-0.69091796875,-0.72314453125,0.0036754608154296875,0.0,0.08453369140625,0.32275390625
1963,954,1.6907708644866943,0.7883908152580261,0.0019702136050909758,-0.6884765625,-0.72509765625,-0.0017061233520507812,0.0,0.08453369140625,0.0035800933837890625
1964,959,1.7145849466323853,0.8133450150489807,0.03643913194537163,0.0011882781982421875,0.006500244140625,1.0,0.0,0.079833984375,0.0035800933837890625
1965,960,-0.9694448113441467,3.3756866455078125,0.02327278070151806,-0.05328369140625,-0.048095703125,0.99755859375,0.0,0.079833984375,0.350341796875
1966,957,-0.9971588850021362,3.355149984359741,-0.011196210980415344,-0.70703125,-0.70703125,0.004817962646484375,0.0,0.08453369140625,0.350341796875
1967,958,-0.7208634614944458,3.0788371562957764,-0.009774209931492805,-0.69091796875,-0.72314453125,0.0036754608154296875,0.0,0.08453369140625,0.32275390625
1968,958,-0.7208634614944458,3.0788371562957764,-0.009774209931492805,-0.69091796875,-0.72314453125,0.0036754608154296875,0.0,0.08453369140625,0.32275390625
1969,959,1.7145849466323853,0.8133450150489807,0.03643913194537163,0.0011882781982421875,0.006500244140625,1.0,0.0,0.079833984375,0.0035800933837890625
1970,961,-0.6935593485832214,3.0998377799987793,0.02469477616250515,-0.044219970703125,-0.04156494140625,0.998046875,0.0,0.079833984375,0.32275390625
1971,960,-0.9694448113441467,3.3756866455078125,0.02327278070151806,-0.05328369140625,-0.048095703125,0.99755859375,0.0,0.079833984375,0.350341796875
1972,958,-0.7208634614944458,3.0788371562957764,-0.009774209931492805,-0.69091796875,-0.72314453125,0.0036754608154296875,0.0,0.08453369140625,0.32275390625
1973,961,-0.6935593485832214,3.0998377799987793,0.02469477616250515,-0.044219970703125,-0.04156494140625,0.998046875,0.0,0.079833984375,0.32275390625
1974,961,-0.6935593485832214,3.0998377799987793,0.02469477616250515,-0.044219970703125,-0.04156494140625,0.998046875,0.0,0.079833984375,0.32275390625
1975,959,1.7145849466323853,0.8133450150489807,0.03643913194537163,0.0011882781982421875,0.006500244140625,1.0,0.0,0.079833984375,0.0035800933837890625
1976,962,1.7388818264007568,0.8377988934516907,0.0019487773533910513,0.6884765625,0.72509765625,-0.004138946533203125,0.0,0.07513427734375,0.0035800933837890625
1977,963,-0.9413396120071411,3.3956477642059326,-0.011217421852052212,0.70703125,0.70703125,0.0008134841918945312,0.0,0.07513427734375,0.350341796875
1978,960,-0.9694448113441467,3.3756866455078125,0.02327278070151806,-0.05328369140625,-0.048095703125,0.99755859375,0.0,0.079833984375,0.350341796875
1979,961,-0.6935593485832214,3.0998377799987793,0.02469477616250515,-0.044219970703125,-0.04156494140625,0.998046875,0.0,0.079833984375,0.32275390625
1980,961,-0.6935593485832214,3.0998377799987793,0.02469477616250515,-0.044219970703125,-0.04156494140625,0.998046875,0.0,0.079833984375,0.32275390625
1981,962,1.7388818264007568,0.8377988934516907,0.0019487773533910513,0.6884765625,0.72509765625,-0.004138946533203125,0.0,0.07513427734375,0.0035800933837890625
1982,964,-0.6658545732498169,3.1202712059020996,-0.009795444086194038,0.6904296875,0.7236328125,0.0008683204650878906,0.0,0.07513427734375,0.32275390625
1983,963,-0.9413396120071411,3.3956477642059326,-0.011217421852052212,0.70703125,0.70703125,0.0008134841918945312,0.0,0.07513427734375,0.350341796875
1984,961,-0.6935593485832214,3.0998377799987793,0.02469477616250515,-0.044219970703125,-0.04156494140625,0.998046875,0.0,0.079833984375,0.32275390625
1985,964,-0.6658545732498169,3.1202712059020996,-0.009795444086194038,0.6904296875,0.7236328125,0.0008683204650878906,0.0,0.07513427734375,0.32275390625
1986,965,-2.867309808731079,3.225908041000366,0.21139861643314362,-0.74951171875,-0.607421875,0.263916015625,0.0,0.44677734375,0.58935546875
1987,966,-2.9130609035491943,3.2251150608062744,0.07963325083255768,-0.76416015625,-0.60595703125,0.221923828125,0.0,0.448486328125,0.6015625
1988,967,-2.9021871089935303,3.209074020385742,0.0735815092921257,-0.76806640625,-0.60498046875,0.2091064453125,0.0,0.4501953125,0.6015625
1989,966,-2.9130609035491943,3.2251150608062744,0.07963325083255768,-0.76416015625,-0.60595703125,0.221923828125,0.0,0.448486328125,0.6015625
1990,968,-2.913344144821167,3.208250045776367,0.015432153828442097,-0.81103515625,-0.58447265625,-0.0269622802734375,0.0,0.4501953125,0.6064453125
1991,967,-2.9021871089935303,3.209074020385742,0.0735815092921257,-0.76806640625,-0.60498046875,0.2091064453125,0.0,0.4501953125,0.6015625
1992,966,-2.9130609035491943,3.2251150608062744,0.07963325083255768,-0.76416015625,-0.60595703125,0.221923828125,0.0,0.448486328125,0.6015625
1993,969,-2.92520809173584,3.2240803241729736,0.017883211374282837,-0.81103515625,-0.583984375,-0.02899169921875,0.0,0.448486328125,0.6064453125
1994,968,-2.913344144821167,3.208250045776367,0.015432153828442097,-0.81103515625,-0.58447265625,-0.0269622802734375,0.0,0.4501953125,0.6064453125
1995,969,-2.92520809173584,3.2240803241729736,0.017883211374282837,-0.81103515625,-0.583984375,-0.02899169921875,0.0,0.448486328125,0.6064453125
1996,970,-2.9087767601013184,3.2247984409332275,-0.04510043188929558,-0.8095703125,-0.544921875,-0.217529296875,0.0,0.449951171875,0.61181640625
1997,968,-2.913344144821167,3.208250045776367,0.015432153828442097,-0.81103515625,-0.58447265625,-0.0269622802734375,0.0,0.4501953125,0.6064453125
1998,969,-2.92520809173584,3.2240803241729736,0.017883211374282837,-0.81103515625,-0.583984375,-0.02899169921875,0.0,0.448486328125,0.6064453125
1999,971,-2.9189531803131104,3.240234375,-0.04382903873920441,-0.8095703125,-0.544921875,-0.217529296875,0.0,0.4482421875,0.61181640625
2000,970,-2.9087767601013184,3.2247984409332275,-0.04510043188929558,-0.8095703125,-0.544921875,-0.217529296875,0.0,0.449951171875,0.61181640625
2001,972,-2.867309808731079,3.225908041000366,0.21139861643314362,0.8544921875,-0.495849609375,-0.1556396484375,0.0,0.44677734375,0.58935546875
2002,973,-2.9021871089935303,3.209074020385742,0.0735815092921257,0.85400390625,-0.496826171875,-0.1556396484375,0.0,0.443115234375,0.6015625
2003,974,-2.8858325481414795,3.23781418800354,0.07177864015102386,0.85400390625,-0.49658203125,-0.1556396484375,0.0,0.44580078125,0.6015625
2004,973,-2.9021871089935303,3.209074020385742,0.0735815092921257,0.85400390625,-0.496826171875,-0.1556396484375,0.0,0.443115234375,0.6015625
2005,975,-2.8974993228912354,3.2347731590270996,0.017092853784561157,0.8583984375,-0.499755859375,-0.11517333984375,0.0,0.44580078125,0.60693359375
2006,974,-2.8858325481414795,3.23781418800354,0.07177864015102386,0.85400390625,-0.49658203125,-0.1556396484375,0.0,0.44580078125,0.6015625
2007,973,-2.9021871089935303,3.209074020385742,0.0735815092921257,0.85400390625,-0.496826171875,-0.1556396484375,0.0,0.443115234375,0.6015625
2008,976,-2.913344144821167,3.208250045776367,0.015432153828442097,0.8583984375,-0.499755859375,-0.11627197265625,0.0,0.44287109375,0.6064453125
2009,975,-2.8974993228912354,3.2347731590270996,0.017092853784561157,0.8583984375,-0.499755859375,-0.11517333984375,0.0,0.44580078125,0.60693359375
2010,976,-2.913344144821167,3.208250045776367,0.015432153828442097,0.8583984375,-0.499755859375,-0.11627197265625,0.0,0.44287109375,0.6064453125
2011,977,-2.893019914627075,3.251213312149048,-0.037359822541475296,0.86181640625,-0.5009765625,-0.075927734375,0.0,0.44580078125,0.61181640625
2012,975,-2.8974993228912354,3.2347731590270996,0.017092853784561157,0.8583984375,-0.499755859375,-0.11517333984375,0.0,0.44580078125,0.60693359375
2013,976,-2.913344144821167,3.208250045776367,0.015432153828442097,0.8583984375,-0.499755859375,-0.11627197265625,0.0,0.44287109375,0.6064453125
2014,978,-2.9087767601013184,3.2247984409332275,-0.04510043188929558,0.86181640625,-0.5009765625,-0.075927734375,0.0,0.443115234375,0.61181640625
2015,977,-2.893019914627075,3.251213312149048,-0.037359822541475296,0.86181640625,-0.5009765625,-0.075927734375,0.0,0.44580078125,0.61181640625
2016,979,-2.9130609035491943,3.2251150608062744,0.07963325083255768,-0.38720703125,0.91748046875,0.0921630859375,0.0,0.448486328125,0.6015625
2017,980,-2.867309808731079,3.225908041000366,0.21139861643314362,-0.38818359375,0.91259765625,0.1292724609375,0.0,0.44677734375,0.58935546875
2018,981,-2.8858325481414795,3.23781418800354,0.07177864015102386,-0.386962890625,0.91796875,0.0889892578125,0.0,0.44580078125,0.6015625
2019,982,-2.8974993228912354,3.2347731590270996,0.017092853784561157,-0.38671875,0.91259765625,0.1312255859375,0.0,0.44580078125,0.60693359375
2020,979,-2.9130609035491943,3.2251150608062744,0.07963325083255768,-0.38720703125,0.91748046875,0.0921630859375,0.0,0.448486328125,0.6015625
2021,981,-2.8858325481414795,3.23781418800354,0.07177864015102386,-0.386962890625,0.91796875,0.0889892578125,0.0,0.44580078125,0.6015625
2022,982,-2.8974993228912354,3.2347731590270996,0.017092853784561157,-0.38671875,0.91259765625,0.1312255859375,0.0,0.44580078125,0.60693359375
2023,983,-2.92520809173584,3.2240803241729736,0.017883211374282837,-0.38671875,0.9130859375,0.12939453125,0.0,0.448486328125,0.6064453125
2024,979,-2.9130609035491943,3.2251150608062744,0.07963325083255768,-0.38720703125,0.91748046875,0.0921630859375,0.0,0.448486328125,0.6015625
2025,984,-2.893019914627075,3.251213312149048,-0.037359822541475296,-0.38525390625,0.89697265625,0.216064453125,0.0,0.44580078125,0.61181640625
2026,983,-2.92520809173584,3.2240803241729736,0.017883211374282837,-0.38671875,0.9130859375,0.12939453125,0.0,0.448486328125,0.6064453125
2027,982,-2.8974993228912354,3.2347731590270996,0.017092853784561157,-0.38671875,0.91259765625,0.1312255859375,0.0,0.44580078125,0.60693359375
2028,984,-2.893019914627075,3.251213312149048,-0.037359822541475296,-0.38525390625,0.89697265625,0.216064453125,0.0,0.44580078125,0.61181640625
2029,985,-2.9189531803131104,3.240234375,-0.04382903873920441,-0.38525390625,0.89697265625,0.216064453125,0.0,0.4482421875,0.61181640625
2030,983,-2.92520809173584,3.2240803241729736,0.017883211374282837,-0.38671875,0.9130859375,0.12939453125,0.0,0.448486328125,0.6064453125
2031,986,-2.9084231853485107,3.2270936965942383,-0.046349573880434036,-0.56103515625,-0.6767578125,-0.47705078125,0.0,0.38671875,0.88671875
2032,987,-2.925971031188965,3.3346128463745117,-0.08198295533657074,0.3759765625,0.168701171875,-0.9111328125,0.0,0.380126953125,0.87744140625
2033,988,-2.8639910221099854,3.277146577835083,-0.0709778368473053,0.368408203125,0.1605224609375,-0.91552734375,0.0,0.380126953125,0.88671875
2034,986,-2.9084231853485107,3.2270936965942383,-0.046349573880434036,-0.56103515625,-0.6767578125,-0.47705078125,0.0,0.38671875,0.88671875
2035,989,-2.970632791519165,3.289602279663086,-0.060703687369823456,-0.541015625,-0.66455078125,-0.51513671875,0.0,0.38671875,0.87744140625
2036,987,-2.925971031188965,3.3346128463745117,-0.08198295533657074,0.3759765625,0.168701171875,-0.9111328125,0.0,0.380126953125,0.87744140625
2037,990,-2.9051473140716553,3.2218856811523438,0.02425670064985752,-0.640625,-0.51904296875,0.56591796875,0.0,0.3935546875,0.88671875
2038,989,-2.970632791519165,3.289602279663086,-0.060703687369823456,-0.541015625,-0.66455078125,-0.51513671875,0.0,0.38671875,0.87744140625
2039,986,-2.9084231853485107,3.2270936965942383,-0.046349573880434036,-0.56103515625,-0.6767578125,-0.47705078125,0.0,0.38671875,0.88671875
2040,990,-2.9051473140716553,3.2218856811523438,0.02425670064985752,-0.640625,-0.51904296875,0.56591796875,0.0,0.3935546875,0.88671875
2041,991,-2.9912853240966797,3.304135322570801,0.005191842094063759,-0.642578125,-0.5224609375,0.560546875,0.0,0.3935546875,0.87744140625
2042,989,-2.970632791519165,3.289602279663086,-0.060703687369823456,-0.541015625,-0.66455078125,-0.51513671875,0.0,0.38671875,0.87744140625
2043,992,-2.875781536102295,3.280595541000366,0.04415951296687126,0.044647216796875,0.263916015625,0.96337890625,0.0,0.400146484375,0.88671875
2044,991,-2.9912853240966797,3.304135322570801,0.005191842094063759,-0.642578125,-0.5224609375,0.560546875,0.0,0.3935546875,0.87744140625
2045,990,-2.9051473140716553,3.2218856811523438,0.02425670064985752,-0.640625,-0.51904296875,0.56591796875,0.0,0.3935546875,0.88671875
2046,992,-2.875781536102295,3.280595541000366,0.04415951296687126,0.044647216796875,0.263916015625,0.96337890625,0.0,0.400146484375,0.88671875
2047,993,-2.9324004650115967,3.3470611572265625,0.030690405517816544,0.10296630859375,0.31689453125,0.94287109375,0.0,0.400146484375,0.87744140625
2048,991,-2.9912853240966797,3.304135322570801,0.005191842094063759,-0.642578125,-0.5224609375,0.560546875,0.0,0.3935546875,0.87744140625
2049,994,-2.8267321586608887,3.3052024841308594,-0.005853371694684029,0.7021484375,0.708984375,0.06842041015625,0.0,0.407470703125,0.88671875
2050,993,-2.9324004650115967,3.3470611572265625,0.030690405517816544,0.10296630859375,0.31689453125,0.94287109375,0.0,0.400146484375,0.87744140625
2051,992,-2.875781536102295,3.280595541000366,0.04415951296687126,0.044647216796875,0.263916015625,0.96337890625,0.0,0.400146484375,0.88671875
2052,994,-2.8267321586608887,3.3052024841308594,-0.005853371694684029,0.7021484375,0.708984375,0.06842041015625,0.0,0.407470703125,0.88671875
2053,995,-2.9067468643188477,3.3856725692749023,-0.031847961246967316,0.71484375,0.6982421875,-0.0345458984375,0.0,0.407470703125,0.87744140625
2054,993,-2.9324004650115967,3.3470611572265625,0.030690405517816544,0.10296630859375,0.31689453125,0.94287109375,0.0,0.400146484375,0.87744140625
2055,996,-2.8639910221099854,3.277146577835083,-0.0709778368473053,0.368408203125,0.1605224609375,-0.91552734375,0.0,0.414794921875,0.88671875
2056,995,-2.9067468643188477,3.3856725692749023,-0.031847961246967316,0.71484375,0.6982421875,-0.0345458984375,0.0,0.407470703125,0.87744140625
2057,994,-2.8267321586608887,3.3052024841308594,-0.005853371694684029,0.7021484375,0.708984375,0.06842041015625,0.0,0.407470703125,0.88671875
2058,996,-2.8639910221099854,3.277146577835083,-0.0709778368473053,0.368408203125,0.1605224609375,-0.91552734375,0.0,0.414794921875,0.88671875
2059,997,-2.925971031188965,3.3346128463745117,-0.08198295533657074,0.3759765625,0.168701171875,-0.9111328125,0.0,0.414794921875,0.87744140625
2060,995,-2.9067468643188477,3.3856725692749023,-0.031847961246967316,0.71484375,0.6982421875,-0.0345458984375,0.0,0.407470703125,0.87744140625
2061,998,-2.970632791519165,3.289602279663086,-0.060703687369823456,-0.72216796875,0.6689453125,-0.1763916015625,0.0,0.427001953125,0.544921875
2062,999,-2.9912853240966797,3.304135322570801,0.005191842094063759,-0.46044921875,0.82568359375,-0.326416015625,0.0,0.43310546875,0.5439453125
2063,1000,-2.9324004650115967,3.3470611572265625,0.030690405517816544,-0.76611328125,0.6376953125,-0.080322265625,0.0,0.43310546875,0.537109375
2064,998,-2.970632791519165,3.289602279663086,-0.060703687369823456,-0.72216796875,0.6689453125,-0.1763916015625,0.0,0.427001953125,0.544921875
2065,1000,-2.9324004650115967,3.3470611572265625,0.030690405517816544,-0.76611328125,0.6376953125,-0.080322265625,0.0,0.43310546875,0.537109375
2066,1001,-2.9067468643188477,3.3856725692749023,-0.031847961246967316,-0.82275390625,0.5654296875,-0.061004638671875,0.0,0.4267578125,0.53466796875
2067,1002,-2.925971031188965,3.3346128463745117,-0.08198295533657074,-0.744140625,0.58935546875,-0.31494140625,0.0,0.423583984375,0.54052734375
2068,998,-2.970632791519165,3.289602279663086,-0.060703687369823456,-0.72216796875,0.6689453125,-0.1763916015625,0.0,0.427001953125,0.544921875
2069,1001,-2.9067468643188477,3.3856725692749023,-0.031847961246967316,-0.82275390625,0.5654296875,-0.061004638671875,0.0,0.4267578125,0.53466796875
2070,1003,-2.875781536102295,3.280595541000366,0.04415951296687126,0.6943359375,-0.701171875,0.1640625,0.0,0.59375,0.701171875
2071,1004,-2.9051473140716553,3.2218856811523438,0.02425670064985752,0.90185546875,-0.42626953125,-0.0732421875,0.0,0.58984375,0.69677734375
2072,1005,-2.9084231853485107,3.2270936965942383,-0.046349573880434036,0.7392578125,-0.67236328125,0.044830322265625,0.0,0.58447265625,0.69921875
2073,1003,-2.875781536102295,3.280595541000366,0.04415951296687126,0.6943359375,-0.701171875,0.1640625,0.0,0.59375,0.701171875
2074,1005,-2.9084231853485107,3.2270936965942383,-0.046349573880434036,0.7392578125,-0.67236328125,0.044830322265625,0.0,0.58447265625,0.69921875
2075,1006,-2.8267321586608887,3.3052024841308594,-0.005853371694684029,0.6484375,-0.7490234375,0.1361083984375,0.0,0.5908203125,0.70751953125
2076,1005,-2.9084231853485107,3.2270936965942383,-0.046349573880434036,0.7392578125,-0.67236328125,0.044830322265625,0.0,0.58447265625,0.69921875
2077,1007,-2.8639910221099854,3.277146577835083,-0.0709778368473053,0.71533203125,-0.68994140625,-0.1119384765625,0.0,0.58447265625,0.70556640625
2078,1006,-2.8267321586608887,3.3052024841308594,-0.005853371694684029,0.6484375,-0.7490234375,0.1361083984375,0.0,0.5908203125,0.70751953125
2079,1008,-2.8237948417663574,3.241565465927124,-0.18552611768245697,0.90869140625,-0.368408203125,0.1953125,0.0,0.51806640625,0.295166015625
2080,1009,-2.8240928649902344,3.3051648139953613,-0.06416705250740051,0.9326171875,-0.291748046875,0.2125244140625,0.0,0.51806640625,0.283447265625
2081,1010,-2.834601640701294,3.264948606491089,-0.0911279246211052,0.91259765625,-0.36376953125,0.186767578125,0.0,0.515625,0.286865234375
2082,1009,-2.8240928649902344,3.3051648139953613,-0.06416705250740051,0.9326171875,-0.291748046875,0.2125244140625,0.0,0.51806640625,0.283447265625
2083,1011,-2.833259105682373,3.279510021209717,-0.05448490381240845,0.94091796875,-0.2626953125,0.21435546875,0.0,0.515625,0.283203125
2084,1010,-2.834601640701294,3.264948606491089,-0.0911279246211052,0.91259765625,-0.36376953125,0.186767578125,0.0,0.515625,0.286865234375
2085,1009,-2.8240928649902344,3.3051648139953613,-0.06416705250740051,0.9326171875,-0.291748046875,0.2125244140625,0.0,0.51806640625,0.283447265625
2086,1012,-2.845745801925659,3.2842180728912354,-0.0052633583545684814,0.9345703125,-0.2471923828125,0.255615234375,0.0,0.515625,0.27880859375
2087,1011,-2.833259105682373,3.279510021209717,-0.05448490381240845,0.94091796875,-0.2626953125,0.21435546875,0.0,0.515625,0.283203125
2088,1009,-2.8240928649902344,3.3051648139953613,-0.06416705250740051,0.9326171875,-0.291748046875,0.2125244140625,0.0,0.51806640625,0.283447265625
2089,1013,-2.835867166519165,3.3112618923187256,-0.014248869381844997,0.9345703125,-0.2471923828125,0.255615234375,0.0,0.51806640625,0.279296875
2090,1012,-2.845745801925659,3.2842180728912354,-0.0052633583545684814,0.9345703125,-0.2471923828125,0.255615234375,0.0,0.515625,0.27880859375
2091,1014,-2.8588955402374268,3.2937169075012207,-0.017891282215714455,-0.55712890625,0.80029296875,-0.2210693359375,0.0,0.52099609375,0.279541015625
2092,1015,-2.835867166519165,3.3112618923187256,-0.014248869381844997,-0.55712890625,0.80029296875,-0.2210693359375,0.0,0.51806640625,0.279296875
2093,1016,-2.8240928649902344,3.3051648139953613,-0.06416705250740051,-0.53857421875,0.7890625,-0.2958984375,0.0,0.51806640625,0.283447265625
2094,1014,-2.8588955402374268,3.2937169075012207,-0.017891282215714455,-0.55712890625,0.80029296875,-0.2210693359375,0.0,0.52099609375,0.279541015625
2095,1016,-2.8240928649902344,3.3051648139953613,-0.06416705250740051,-0.53857421875,0.7890625,-0.2958984375,0.0,0.51806640625,0.283447265625
2096,1017,-2.8485095500946045,3.2891807556152344,-0.06234486773610115,-0.5498046875,0.79150390625,-0.266357421875,0.0,0.5205078125,0.28369140625
2097,1016,-2.8240928649902344,3.3051648139953613,-0.06416705250740051,-0.53857421875,0.7890625,-0.2958984375,0.0,0.51806640625,0.283447265625
2098,1018,-2.846773386001587,3.2723803520202637,-0.09856074303388596,-0.5,0.76708984375,-0.401611328125,0.0,0.5205078125,0.287353515625
2099,1017,-2.8485095500946045,3.2891807556152344,-0.06234486773610115,-0.5498046875,0.79150390625,-0.266357421875,0.0,0.5205078125,0.28369140625
2100,1016,-2.8240928649902344,3.3051648139953613,-0.06416705250740051,-0.53857421875,0.7890625,-0.2958984375,0.0,0.51806640625,0.283447265625
2101,1019,-2.8237948417663574,3.241565465927124,-0.18552611768245697,-0.497802734375,0.767578125,-0.403564453125,0.0,0.51806640625,0.295166015625
2102,1018,-2.846773386001587,3.2723803520202637,-0.09856074303388596,-0.5,0.76708984375,-0.401611328125,0.0,0.5205078125,0.287353515625
2103,1020,-2.845745801925659,3.2842180728912354,-0.0052633583545684814,-0.53515625,-0.84326171875,-0.04742431640625,0.0,0.5224609375,0.279052734375
2104,1021,-2.8588955402374268,3.2937169075012207,-0.017891282215714455,-0.53515625,-0.84326171875,-0.04742431640625,0.0,0.52099609375,0.279541015625
2105,1022,-2.8485095500946045,3.2891807556152344,-0.06234486773610115,-0.5869140625,-0.80029296875,0.12286376953125,0.0,0.5205078125,0.28369140625
2106,1020,-2.845745801925659,3.2842180728912354,-0.0052633583545684814,-0.53515625,-0.84326171875,-0.04742431640625,0.0,0.5224609375,0.279052734375
2107,1022,-2.8485095500946045,3.2891807556152344,-0.06234486773610115,-0.5869140625,-0.80029296875,0.12286376953125,0.0,0.5205078125,0.28369140625
2108,1023,-2.833259105682373,3.279510021209717,-0.05448490381240845,-0.5771484375,-0.8125,0.08544921875,0.0,0.5224609375,0.28369140625
2109,1023,-2.833259105682373,3.279510021209717,-0.05448490381240845,-0.5771484375,-0.8125,0.08544921875,0.0,0.5224609375,0.28369140625
2110,1022,-2.8485095500946045,3.2891807556152344,-0.06234486773610115,-0.5869140625,-0.80029296875,0.12286376953125,0.0,0.5205078125,0.28369140625
2111,1024,-2.846773386001587,3.2723803520202637,-0.09856074303388596,-0.59765625,-0.77392578125,0.209716796875,0.0,0.5205078125,0.287353515625
2112,1023,-2.833259105682373,3.279510021209717,-0.05448490381240845,-0.5771484375,-0.8125,0.08544921875,0.0,0.5224609375,0.28369140625
2113,1024,-2.846773386001587,3.2723803520202637,-0.09856074303388596,-0.59765625,-0.77392578125,0.209716796875,0.0,0.5205078125,0.287353515625
2114,1025,-2.834601640701294,3.264948606491089,-0.0911279246211052,-0.603515625,-0.7626953125,0.232666015625,0.0,0.52197265625,0.287353515625
2115,1025,-2.834601640701294,3.264948606491089,-0.0911279246211052,-0.603515625,-0.7626953125,0.232666015625,0.0,0.52197265625,0.287353515625
2116,1024,-2.846773386001587,3.2723803520202637,-0.09856074303388596,-0.59765625,-0.77392578125,0.209716796875,0.0,0.5205078125,0.287353515625
2117,1026,-2.8237948417663574,3.241565465927124,-0.18552611768245697,-0.57470703125,-0.80712890625,0.1341552734375,0.0,0.51806640625,0.295166015625
2118,1027,-1.846562147140503,2.483938455581665,0.17764760553836823,-0.4501953125,-0.26220703125,0.853515625,0.0,0.40966796875,0.302001953125
2119,1028,-1.9514902830123901,2.422166109085083,0.1033182293176651,-0.480224609375,-0.27783203125,0.83203125,0.0,0.396240234375,0.303955078125
2120,1029,-1.9431095123291016,2.4037163257598877,0.10207213461399078,-0.489501953125,-0.28271484375,0.82470703125,0.0,0.39599609375,0.305908203125
2121,1028,-1.9514902830123901,2.422166109085083,0.1033182293176651,-0.480224609375,-0.27783203125,0.83203125,0.0,0.396240234375,0.303955078125
2122,1030,-1.9811397790908813,2.3756353855133057,0.06641171127557755,-0.6416015625,-0.37548828125,0.6689453125,0.0,0.390380859375,0.306640625
2123,1029,-1.9431095123291016,2.4037163257598877,0.10207213461399078,-0.489501953125,-0.28271484375,0.82470703125,0.0,0.39599609375,0.305908203125
2124,1028,-1.9514902830123901,2.422166109085083,0.1033182293176651,-0.480224609375,-0.27783203125,0.83203125,0.0,0.396240234375,0.303955078125
2125,1031,-1.9921144247055054,2.3922603130340576,0.06567494571208954,-0.64306640625,-0.376220703125,0.6669921875,0.0,0.390380859375,0.304931640625
2126,1030,-1.9811397790908813,2.3756353855133057,0.06641171127557755,-0.6416015625,-0.37548828125,0.6689453125,0.0,0.390380859375,0.306640625
2127,1031,-1.9921144247055054,2.3922603130340576,0.06567494571208954,-0.64306640625,-0.376220703125,0.6669921875,0.0,0.390380859375,0.304931640625
2128,1032,-2.008894205093384,2.3585031032562256,0.01260573323816061,-0.73876953125,-0.43798828125,0.51220703125,0.0,0.38427734375,0.30615234375
2129,1030,-1.9811397790908813,2.3756353855133057,0.06641171127557755,-0.6416015625,-0.37548828125,0.6689453125,0.0,0.390380859375,0.306640625
2130,1031,-1.9921144247055054,2.3922603130340576,0.06567494571208954,-0.64306640625,-0.376220703125,0.6669921875,0.0,0.390380859375,0.304931640625
2131,1033,-2.01894211769104,2.3739216327667236,0.010426067747175694,-0.73876953125,-0.43798828125,0.51220703125,0.0,0.38427734375,0.30419921875
2132,1032,-2.008894205093384,2.3585031032562256,0.01260573323816061,-0.73876953125,-0.43798828125,0.51220703125,0.0,0.38427734375,0.30615234375
2133,1034,-1.9514902830123901,2.422166109085083,0.1033182293176651,-0.404541015625,0.88671875,-0.223876953125,0.0,0.396240234375,0.303955078125
2134,1035,-1.846562147140503,2.483938455581665,0.17764760553836823,-0.389892578125,0.8994140625,-0.1971435546875,0.0,0.40966796875,0.302001953125
2135,1036,-1.9333964586257935,2.424499750137329,0.07818838208913803,-0.40576171875,0.88525390625,-0.2264404296875,0.0,0.395751953125,0.301025390625
2136,1037,-1.9698976278305054,2.3963623046875,0.0463789738714695,-0.381103515625,0.904296875,-0.191650390625,0.0,0.39013671875,0.302001953125
2137,1034,-1.9514902830123901,2.422166109085083,0.1033182293176651,-0.404541015625,0.88671875,-0.223876953125,0.0,0.396240234375,0.303955078125
2138,1036,-1.9333964586257935,2.424499750137329,0.07818838208913803,-0.40576171875,0.88525390625,-0.2264404296875,0.0,0.395751953125,0.301025390625
2139,1037,-1.9698976278305054,2.3963623046875,0.0463789738714695,-0.381103515625,0.904296875,-0.191650390625,0.0,0.39013671875,0.302001953125
2140,1038,-1.9921144247055054,2.3922603130340576,0.06567494571208954,-0.382080078125,0.90380859375,-0.193115234375,0.0,0.390380859375,0.304931640625
2141,1034,-1.9514902830123901,2.422166109085083,0.1033182293176651,-0.404541015625,0.88671875,-0.223876953125,0.0,0.396240234375,0.303955078125
2142,1039,-1.9947344064712524,2.3822078704833984,-0.0029992663767188787,-0.33642578125,0.93359375,-0.12384033203125,0.0,0.384765625,0.301513671875
2143,1038,-1.9921144247055054,2.3922603130340576,0.06567494571208954,-0.382080078125,0.90380859375,-0.193115234375,0.0,0.390380859375,0.304931640625
2144,1037,-1.9698976278305054,2.3963623046875,0.0463789738714695,-0.381103515625,0.904296875,-0.191650390625,0.0,0.39013671875,0.302001953125
2145,1039,-1.9947344064712524,2.3822078704833984,-0.0029992663767188787,-0.33642578125,0.93359375,-0.12384033203125,0.0,0.384765625,0.301513671875
2146,1040,-2.01894211769104,2.3739216327667236,0.010426067747175694,-0.33642578125,0.93359375,-0.12384033203125,0.0,0.38427734375,0.30419921875
2147,1038,-1.9921144247055054,2.3922603130340576,0.06567494571208954,-0.382080078125,0.90380859375,-0.193115234375,0.0,0.390380859375,0.304931640625
2148,1041,-2.0094821453094482,2.359764814376831,0.010366005823016167,-0.634765625,-0.72119140625,0.2763671875,0.0,0.388671875,0.90087890625
2149,1042,-2.0552496910095215,2.435997486114502,-0.06196622550487518,-0.1429443359375,-0.376953125,-0.9150390625,0.0,0.38134765625,0.8916015625
2150,1043,-1.9893344640731812,2.3825273513793945,-0.054147299379110336,-0.150390625,-0.384765625,-0.91064453125,0.0,0.38134765625,0.90087890625
2151,1041,-2.0094821453094482,2.359764814376831,0.010366005823016167,-0.634765625,-0.72119140625,0.2763671875,0.0,0.388671875,0.90087890625
2152,1044,-2.0778541564941406,2.4158685207366943,-0.002322945510968566,-0.63818359375,-0.7333984375,0.2335205078125,0.0,0.388671875,0.8916015625
2153,1042,-2.0552496910095215,2.435997486114502,-0.06196622550487518,-0.1429443359375,-0.376953125,-0.9150390625,0.0,0.38134765625,0.8916015625
2154,1045,-1.9714092016220093,2.3902885913848877,0.061765048652887344,-0.2117919921875,-0.0501708984375,0.97607421875,0.0,0.39501953125,0.90087890625
2155,1044,-2.0778541564941406,2.4158685207366943,-0.002322945510968566,-0.63818359375,-0.7333984375,0.2335205078125,0.0,0.388671875,0.8916015625
2156,1041,-2.0094821453094482,2.359764814376831,0.010366005823016167,-0.634765625,-0.72119140625,0.2763671875,0.0,0.388671875,0.90087890625
2157,1045,-1.9714092016220093,2.3902885913848877,0.061765048652887344,-0.2117919921875,-0.0501708984375,0.97607421875,0.0,0.39501953125,0.90087890625
2158,1046,-2.0651564598083496,2.464728593826294,0.04698656499385834,-0.2159423828125,-0.05560302734375,0.974609375,0.0,0.39501953125,0.8916015625
2159,1044,-2.0778541564941406,2.4158685207366943,-0.002322945510968566,-0.63818359375,-0.7333984375,0.2335205078125,0.0,0.388671875,0.8916015625
2160,1047,-1.943495750427246,2.445265054702759,0.031703054904937744,0.478515625,0.70068359375,0.52880859375,0.0,0.401611328125,0.90087890625
2161,1046,-2.0651564598083496,2.464728593826294,0.04698656499385834,-0.2159423828125,-0.05560302734375,0.974609375,0.0,0.39501953125,0.8916015625
2162,1045,-1.9714092016220093,2.3902885913848877,0.061765048652887344,-0.2117919921875,-0.0501708984375,0.97607421875,0.0,0.39501953125,0.90087890625
2163,1047,-1.943495750427246,2.445265054702759,0.031703054904937744,0.478515625,0.70068359375,0.52880859375,0.0,0.401611328125,0.90087890625
2164,1048,-2.0070934295654297,2.504248857498169,0.014938530512154102,0.51220703125,0.7255859375,0.459228515625,0.0,0.401611328125,0.8916015625
2165,1046,-2.0651564598083496,2.464728593826294,0.04698656499385834,-0.2159423828125,-0.05560302734375,0.974609375,0.0,0.39501953125,0.8916015625
2166,1049,-1.9286919832229614,2.4329140186309814,-0.03999732807278633,0.552734375,0.52001953125,-0.6513671875,0.0,0.40869140625,0.90087890625
2167,1048,-2.0070934295654297,2.504248857498169,0.014938530512154102,0.51220703125,0.7255859375,0.459228515625,0.0,0.401611328125,0.8916015625
2168,1047,-1.943495750427246,2.445265054702759,0.031703054904937744,0.478515625,0.70068359375,0.52880859375,0.0,0.401611328125,0.90087890625
2169,1049,-1.9286919832229614,2.4329140186309814,-0.03999732807278633,0.552734375,0.52001953125,-0.6513671875,0.0,0.40869140625,0.90087890625
2170,1050,-2.0203332901000977,2.501349925994873,-0.061718638986349106,0.5146484375,0.457275390625,-0.7255859375,0.0,0.40869140625,0.8916015625
2171,1048,-2.0070934295654297,2.504248857498169,0.014938530512154102,0.51220703125,0.7255859375,0.459228515625,0.0,0.401611328125,0.8916015625
2172,1051,-1.9893344640731812,2.3825273513793945,-0.054147299379110336,-0.150390625,-0.384765625,-0.91064453125,0.0,0.415771484375,0.90087890625
2173,1050,-2.0203332901000977,2.501349925994873,-0.061718638986349106,0.5146484375,0.457275390625,-0.7255859375,0.0,0.40869140625,0.8916015625
2174,1049,-1.9286919832229614,2.4329140186309814,-0.03999732807278633,0.552734375,0.52001953125,-0.6513671875,0.0,0.40869140625,0.90087890625
2175,1051,-1.9893344640731812,2.3825273513793945,-0.054147299379110336,-0.150390625,-0.384765625,-0.91064453125,0.0,0.415771484375,0.90087890625
2176,1052,-2.0552496910095215,2.435997486114502,-0.06196622550487518,-0.1429443359375,-0.376953125,-0.9150390625,0.0,0.415771484375,0.8916015625
2177,1050,-2.0203332901000977,2.501349925994873,-0.061718638986349106,0.5146484375,0.457275390625,-0.7255859375,0.0,0.40869140625,0.8916015625
2178,1053,-2.0778541564941406,2.4158685207366943,-0.002322945510968566,-0.79150390625,0.59814453125,-0.125244140625,0.0,0.4287109375,0.493408203125
2179,1054,-2.0651564598083496,2.464728593826294,0.04698656499385834,-0.658203125,0.61279296875,-0.4375,0.0,0.4345703125,0.4921875
2180,1055,-2.0070934295654297,2.504248857498169,0.014938530512154102,-0.77880859375,0.62744140625,-0.01953125,0.0,0.4345703125,0.485595703125
2181,1053,-2.0778541564941406,2.4158685207366943,-0.002322945510968566,-0.79150390625,0.59814453125,-0.125244140625,0.0,0.4287109375,0.493408203125
2182,1055,-2.0070934295654297,2.504248857498169,0.014938530512154102,-0.77880859375,0.62744140625,-0.01953125,0.0,0.4345703125,0.485595703125
2183,1056,-2.0203332901000977,2.501349925994873,-0.061718638986349106,-0.80908203125,0.5849609375,0.058380126953125,0.0,0.42822265625,0.483154296875
2184,1057,-2.0552496910095215,2.435997486114502,-0.06196622550487518,-0.86865234375,0.464599609375,-0.17236328125,0.0,0.42529296875,0.48876953125
2185,1053,-2.0778541564941406,2.4158685207366943,-0.002322945510968566,-0.79150390625,0.59814453125,-0.125244140625,0.0,0.4287109375,0.493408203125
2186,1056,-2.0203332901000977,2.501349925994873,-0.061718638986349106,-0.80908203125,0.5849609375,0.058380126953125,0.0,0.42822265625,0.483154296875
2187,1058,-1.943495750427246,2.445265054702759,0.031703054904937744,0.76513671875,-0.626953125,0.1461181640625,0.0,0.384521484375,0.3466796875
2188,1059,-1.9714092016220093,2.3902885913848877,0.061765048652887344,0.79443359375,-0.54736328125,-0.263427734375,0.0,0.38037109375,0.341552734375
2189,1060,-2.0094821453094482,2.359764814376831,0.010366005823016167,0.7421875,-0.669921875,0.02496337890625,0.0,0.374267578125,0.344482421875
2190,1058,-1.943495750427246,2.445265054702759,0.031703054904937744,0.76513671875,-0.626953125,0.1461181640625,0.0,0.384521484375,0.3466796875
2191,1060,-2.0094821453094482,2.359764814376831,0.010366005823016167,0.7421875,-0.669921875,0.02496337890625,0.0,0.374267578125,0.344482421875
2192,1061,-1.9286919832229614,2.4329140186309814,-0.03999732807278633,0.71826171875,-0.67431640625,0.172607421875,0.0,0.381591796875,0.353271484375
2193,1060,-2.0094821453094482,2.359764814376831,0.010366005823016167,0.7421875,-0.669921875,0.02496337890625,0.0,0.374267578125,0.344482421875
2194,1062,-1.9893344640731812,2.3825273513793945,-0.054147299379110336,0.64697265625,-0.759765625,-0.06610107421875,0.0,0.374267578125,0.351318359375
2195,1061,-1.9286919832229614,2.4329140186309814,-0.03999732807278633,0.71826171875,-0.67431640625,0.172607421875,0.0,0.381591796875,0.353271484375
2196,1063,-2.048621892929077,2.459459066390991,0.014222610741853714,-0.333251953125,0.78076171875,-0.5283203125,0.0,0.44189453125,0.90625
2197,1064,-2.0967812538146973,2.441697835922241,0.018342293798923492,-0.269775390625,0.8251953125,-0.49609375,0.0,0.4462890625,0.9072265625
2198,1065,-2.0547842979431152,2.4690794944763184,0.03178590536117554,-0.333251953125,0.78076171875,-0.5283203125,0.0,0.442626953125,0.90478515625
2199,1063,-2.048621892929077,2.459459066390991,0.014222610741853714,-0.333251953125,0.78076171875,-0.5283203125,0.0,0.44189453125,0.90625
2200,1066,-2.083312749862671,2.433656930923462,-0.002592523116618395,-0.263427734375,0.82958984375,-0.49267578125,0.0,0.445068359375,0.90869140625
2201,1064,-2.0967812538146973,2.441697835922241,0.018342293798923492,-0.269775390625,0.8251953125,-0.49609375,0.0,0.4462890625,0.9072265625
2202,1066,-2.083312749862671,2.433656930923462,-0.002592523116618395,-0.263427734375,0.82958984375,-0.49267578125,0.0,0.445068359375,0.90869140625
2203,1067,-2.2001192569732666,2.3659191131591797,-0.06882066279649734,-0.22607421875,0.8515625,-0.47265625,0.0,0.455322265625,0.9169921875
2204,1064,-2.0967812538146973,2.441697835922241,0.018342293798923492,-0.269775390625,0.8251953125,-0.49609375,0.0,0.4462890625,0.9072265625
2205,1068,-2.2001192569732666,2.3659191131591797,-0.06882066279649734,-0.74365234375,0.384033203125,0.54736328125,0.0,0.455322265625,0.9169921875
2206,1069,-2.0975358486175537,2.4197795391082764,0.03269297629594803,-0.69677734375,0.42919921875,0.57470703125,0.0,0.447998046875,0.90576171875
2207,1070,-2.0967812538146973,2.441697835922241,0.018342293798923492,-0.6767578125,0.44677734375,0.5849609375,0.0,0.4462890625,0.9072265625
2208,1069,-2.0975358486175537,2.4197795391082764,0.03269297629594803,-0.69677734375,0.42919921875,0.57470703125,0.0,0.447998046875,0.90576171875
2209,1071,-2.0547842979431152,2.4690794944763184,0.03178590536117554,-0.5849609375,0.5185546875,0.62353515625,0.0,0.442626953125,0.90478515625
2210,1070,-2.0967812538146973,2.441697835922241,0.018342293798923492,-0.6767578125,0.44677734375,0.5849609375,0.0,0.4462890625,0.9072265625
2211,1069,-2.0975358486175537,2.4197795391082764,0.03269297629594803,-0.69677734375,0.42919921875,0.57470703125,0.0,0.447998046875,0.90576171875
2212,1072,-2.0531249046325684,2.4560184478759766,0.0473727248609066,-0.5849609375,0.5185546875,0.62353515625,0.0,0.443603515625,0.9033203125
2213,1071,-2.0547842979431152,2.4690794944763184,0.03178590536117554,-0.5849609375,0.5185546875,0.62353515625,0.0,0.442626953125,0.90478515625
2214,1073,-1.963017225265503,2.6198742389678955,0.03128926083445549,0.95166015625,-0.035247802734375,-0.30517578125,0.0,0.495361328125,0.2890625
2215,1074,-1.9786772727966309,2.5414035320281982,-0.008471174165606499,0.92236328125,-0.134765625,-0.362548828125,0.0,0.496826171875,0.281494140625
2216,1075,-1.9835875034332275,2.554861307144165,-0.025331687182188034,0.921875,-0.135009765625,-0.362548828125,0.0,0.4951171875,0.281494140625
2217,1074,-1.9786772727966309,2.5414035320281982,-0.008471174165606499,0.92236328125,-0.134765625,-0.362548828125,0.0,0.496826171875,0.281494140625
2218,1076,-2.013775587081909,2.4957709312438965,-0.06767696887254715,0.9013671875,-0.1865234375,-0.390625,0.0,0.49462890625,0.274658203125
2219,1075,-1.9835875034332275,2.554861307144165,-0.025331687182188034,0.921875,-0.135009765625,-0.362548828125,0.0,0.4951171875,0.281494140625
2220,1074,-1.9786772727966309,2.5414035320281982,-0.008471174165606499,0.92236328125,-0.134765625,-0.362548828125,0.0,0.496826171875,0.281494140625
2221,1077,-2.0090315341949463,2.4836623668670654,-0.05005479231476784,0.9013671875,-0.1865234375,-0.390625,0.0,0.496826171875,0.27490234375
2222,1076,-2.013775587081909,2.4957709312438965,-0.06767696887254715,0.9013671875,-0.1865234375,-0.390625,0.0,0.49462890625,0.274658203125
2223,1078,-2.0191264152526855,2.4976162910461426,-0.030261162668466568,-0.90283203125,0.1695556640625,0.3955078125,0.0,0.4912109375,0.276611328125
2224,1079,-2.0020809173583984,2.551039457321167,-0.014259586110711098,-0.900390625,0.1943359375,0.389892578125,0.0,0.4931640625,0.281494140625
2225,1080,-2.0295310020446777,2.49712872505188,-0.05187898129224777,-0.90283203125,0.1695556640625,0.3955078125,0.0,0.49267578125,0.275146484375
2226,1078,-2.0191264152526855,2.4976162910461426,-0.030261162668466568,-0.90283203125,0.1695556640625,0.3955078125,0.0,0.4912109375,0.276611328125
2227,1081,-1.9948866367340088,2.5464084148406982,0.006073532160371542,-0.89697265625,0.2176513671875,0.38427734375,0.0,0.49169921875,0.282470703125
2228,1079,-2.0020809173583984,2.551039457321167,-0.014259586110711098,-0.900390625,0.1943359375,0.389892578125,0.0,0.4931640625,0.281494140625
2229,1081,-1.9948866367340088,2.5464084148406982,0.006073532160371542,-0.89697265625,0.2176513671875,0.38427734375,0.0,0.49169921875,0.282470703125
2230,1082,-1.963017225265503,2.6198742389678955,0.03128926083445549,-0.890625,0.258056640625,0.3740234375,0.0,0.495361328125,0.2890625
2231,1079,-2.0020809173583984,2.551039457321167,-0.014259586110711098,-0.900390625,0.1943359375,0.389892578125,0.0,0.4931640625,0.281494140625
2232,1083,-1.963017225265503,2.6198742389678955,0.03128926083445549,-0.482421875,0.6572265625,-0.5791015625,0.0,0.495361328125,0.2890625
2233,1084,-1.9835875034332275,2.554861307144165,-0.025331687182188034,-0.48974609375,0.65625,-0.57373046875,0.0,0.4951171875,0.281494140625
2234,1085,-2.0020809173583984,2.551039457321167,-0.014259586110711098,-0.490966796875,0.65625,-0.5732421875,0.0,0.4931640625,0.281494140625
2235,1084,-1.9835875034332275,2.554861307144165,-0.025331687182188034,-0.48974609375,0.65625,-0.57373046875,0.0,0.4951171875,0.281494140625
2236,1086,-2.0295310020446777,2.49712872505188,-0.05187898129224777,-0.49462890625,0.65576171875,-0.5703125,0.0,0.49267578125,0.275146484375
2237,1085,-2.0020809173583984,2.551039457321167,-0.014259586110711098,-0.490966796875,0.65625,-0.5732421875,0.0,0.4931640625,0.281494140625
2238,1084,-1.9835875034332275,2.554861307144165,-0.025331687182188034,-0.48974609375,0.65625,-0.57373046875,0.0,0.4951171875,0.281494140625
2239,1087,-2.013775587081909,2.4957709312438965,-0.06767696887254715,-0.49462890625,0.65576171875,-0.5703125,0.0,0.49462890625,0.274658203125
2240,1086,-2.0295310020446777,2.49712872505188,-0.05187898129224777,-0.49462890625,0.65576171875,-0.5703125,0.0,0.49267578125,0.275146484375
2241,1088,-2.0191264152526855,2.4976162910461426,-0.030261162668466568,0.369384765625,-0.66455078125,0.64990234375,0.0,0.49853515625,0.2763671875
2242,1089,-2.0090315341949463,2.4836623668670654,-0.05005479231476784,0.369384765625,-0.66455078125,0.64990234375,0.0,0.496826171875,0.27490234375
2243,1090,-1.9786772727966309,2.5414035320281982,-0.008471174165606499,0.412353515625,-0.6103515625,0.67626953125,0.0,0.496826171875,0.281494140625
2244,1088,-2.0191264152526855,2.4976162910461426,-0.030261162668466568,0.369384765625,-0.66455078125,0.64990234375,0.0,0.49853515625,0.2763671875
2245,1090,-1.9786772727966309,2.5414035320281982,-0.008471174165606499,0.412353515625,-0.6103515625,0.67626953125,0.0,0.496826171875,0.281494140625
2246,1091,-1.9948866367340088,2.5464084148406982,0.006073532160371542,0.433837890625,-0.5810546875,0.6884765625,0.0,0.49853515625,0.282470703125
2247,1090,-1.9786772727966309,2.5414035320281982,-0.008471174165606499,0.412353515625,-0.6103515625,0.67626953125,0.0,0.496826171875,0.281494140625
2248,1092,-1.963017225265503,2.6198742389678955,0.03128926083445549,0.505859375,-0.468017578125,0.724609375,0.0,0.495361328125,0.2890625
2249,1091,-1.9948866367340088,2.5464084148406982,0.006073532160371542,0.433837890625,-0.5810546875,0.6884765625,0.0,0.49853515625,0.282470703125
2250,1093,-2.006901502609253,2.294712781906128,-0.13918200135231018,0.91064453125,-0.406494140625,-0.07476806640625,0.0,0.283447265625,0.31787109375
2251,1094,-1.9530456066131592,2.405459403991699,-0.08524851500988007,0.921875,-0.38134765625,-0.06842041015625,0.0,0.28125,0.30517578125
2252,1095,-1.9575004577636719,2.3907582759857178,-0.05959171801805496,0.9248046875,-0.375,-0.06683349609375,0.0,0.278564453125,0.305419921875
2253,1094,-1.9530456066131592,2.405459403991699,-0.08524851500988007,0.921875,-0.38134765625,-0.06842041015625,0.0,0.28125,0.30517578125
2254,1096,-1.943992018699646,2.4192118644714355,-0.02113916538655758,0.9375,-0.343017578125,-0.05877685546875,0.0,0.27734375,0.300537109375
2255,1095,-1.9575004577636719,2.3907582759857178,-0.05959171801805496,0.9248046875,-0.375,-0.06683349609375,0.0,0.278564453125,0.305419921875
2256,1094,-1.9530456066131592,2.405459403991699,-0.08524851500988007,0.921875,-0.38134765625,-0.06842041015625,0.0,0.28125,0.30517578125
2257,1097,-1.9393808841705322,2.4380030632019043,-0.046379365026950836,0.9375,-0.343017578125,-0.05877685546875,0.0,0.280517578125,0.300537109375
2258,1096,-1.943992018699646,2.4192118644714355,-0.02113916538655758,0.9375,-0.343017578125,-0.05877685546875,0.0,0.27734375,0.300537109375
2259,1098,-1.9617588520050049,2.421544075012207,-0.02754424326121807,-0.67724609375,0.67578125,-0.290771484375,0.0,0.283935546875,0.30029296875
2260,1099,-1.9393808841705322,2.4380030632019043,-0.046379365026950836,-0.67724609375,0.67578125,-0.290771484375,0.0,0.280517578125,0.300537109375
2261,1100,-1.9530456066131592,2.405459403991699,-0.08524851500988007,-0.69921875,0.60986328125,-0.372802734375,0.0,0.28125,0.30517578125
2262,1098,-1.9617588520050049,2.421544075012207,-0.02754424326121807,-0.67724609375,0.67578125,-0.290771484375,0.0,0.283935546875,0.30029296875
2263,1100,-1.9530456066131592,2.405459403991699,-0.08524851500988007,-0.69921875,0.60986328125,-0.372802734375,0.0,0.28125,0.30517578125
2264,1101,-1.974764108657837,2.395979642868042,-0.061686933040618896,-0.6982421875,0.61328125,-0.36865234375,0.0,0.284423828125,0.3046875
2265,1100,-1.9530456066131592,2.405459403991699,-0.08524851500988007,-0.69921875,0.60986328125,-0.372802734375,0.0,0.28125,0.30517578125
2266,1102,-2.006901502609253,2.294712781906128,-0.13918200135231018,-0.71044921875,0.5556640625,-0.431396484375,0.0,0.283447265625,0.31787109375
2267,1101,-1.974764108657837,2.395979642868042,-0.061686933040618896,-0.6982421875,0.61328125,-0.36865234375,0.0,0.284423828125,0.3046875
2268,1103,-1.7238699197769165,2.200258731842041,-0.004227558150887489,0.69140625,0.72216796875,0.0016260147094726562,0.0,0.1868896484375,0.1876220703125
2269,1104,-0.2933730483055115,0.8284867405891418,0.000751666200812906,0.6923828125,0.7216796875,-0.0028476715087890625,0.0,0.1868896484375,0.0035800933837890625
2270,1105,-0.3155418336391449,0.8052565455436707,-0.03133575990796089,0.003314971923828125,-0.00017392635345458984,-1.0,0.0,0.182373046875,0.0035800933837890625
2271,1103,-1.7238699197769165,2.200258731842041,-0.004227558150887489,0.69140625,0.72216796875,0.0016260147094726562,0.0,0.1868896484375,0.1876220703125
2272,1105,-0.3155418336391449,0.8052565455436707,-0.03133575990796089,0.003314971923828125,-0.00017392635345458984,-1.0,0.0,0.182373046875,0.0035800933837890625
2273,1106,-1.746038794517517,2.1770286560058594,-0.036314982920885086,0.00452423095703125,-0.00466156005859375,-1.0,0.0,0.182373046875,0.1876220703125
2274,1107,-2.9326469898223877,3.355457305908203,-0.022979993373155594,0.69091796875,0.72314453125,-0.0018262863159179688,0.0,0.1868896484375,0.350341796875
2275,1103,-1.7238699197769165,2.200258731842041,-0.004227558150887489,0.69140625,0.72216796875,0.0016260147094726562,0.0,0.1868896484375,0.1876220703125
2276,1106,-1.746038794517517,2.1770286560058594,-0.036314982920885086,0.00452423095703125,-0.00466156005859375,-1.0,0.0,0.182373046875,0.1876220703125
2277,1106,-1.746038794517517,2.1770286560058594,-0.036314982920885086,0.00452423095703125,-0.00466156005859375,-1.0,0.0,0.182373046875,0.1876220703125
2278,1105,-0.3155418336391449,0.8052565455436707,-0.03133575990796089,0.003314971923828125,-0.00017392635345458984,-1.0,0.0,0.182373046875,0.0035800933837890625
2279,1108,-0.3380647301673889,0.78239905834198,0.0007730129291303456,-0.69189453125,-0.7216796875,-0.0020923614501953125,0.0,0.1778564453125,0.0035800933837890625
2280,1107,-2.9326469898223877,3.355457305908203,-0.022979993373155594,0.69091796875,0.72314453125,-0.0018262863159179688,0.0,0.1868896484375,0.350341796875
2281,1106,-1.746038794517517,2.1770286560058594,-0.036314982920885086,0.00452423095703125,-0.00466156005859375,-1.0,0.0,0.182373046875,0.1876220703125
2282,1109,-2.9548158645629883,3.3322274684906006,-0.05506741255521774,0.005550384521484375,-0.0104217529296875,-1.0,0.0,0.182373046875,0.350341796875
2283,1106,-1.746038794517517,2.1770286560058594,-0.036314982920885086,0.00452423095703125,-0.00466156005859375,-1.0,0.0,0.182373046875,0.1876220703125
2284,1108,-0.3380647301673889,0.78239905834198,0.0007730129291303456,-0.69189453125,-0.7216796875,-0.0020923614501953125,0.0,0.1778564453125,0.0035800933837890625
2285,1110,-1.7685617208480835,2.1541709899902344,-0.004206116311252117,-0.69140625,-0.72216796875,0.0023784637451171875,0.0,0.1778564453125,0.187744140625
2286,1109,-2.9548158645629883,3.3322274684906006,-0.05506741255521774,0.005550384521484375,-0.0104217529296875,-1.0,0.0,0.182373046875,0.350341796875
2287,1106,-1.746038794517517,2.1770286560058594,-0.036314982920885086,0.00452423095703125,-0.00466156005859375,-1.0,0.0,0.182373046875,0.1876220703125
2288,1110,-1.7685617208480835,2.1541709899902344,-0.004206116311252117,-0.69140625,-0.72216796875,0.0023784637451171875,0.0,0.1778564453125,0.187744140625
2289,1110,-1.7685617208480835,2.1541709899902344,-0.004206116311252117,-0.69140625,-0.72216796875,0.0023784637451171875,0.0,0.1778564453125,0.187744140625
2290,1108,-0.3380647301673889,0.78239905834198,0.0007730129291303456,-0.69189453125,-0.7216796875,-0.0020923614501953125,0.0,0.1778564453125,0.0035800933837890625
2291,1111,-0.3158959448337555,0.8056291937828064,0.03286043927073479,0.00015985965728759766,0.003795623779296875,1.0,0.0,0.17333984375,0.0035800933837890625
2292,1109,-2.9548158645629883,3.3322274684906006,-0.05506741255521774,0.005550384521484375,-0.0104217529296875,-1.0,0.0,0.182373046875,0.350341796875
2293,1110,-1.7685617208480835,2.1541709899902344,-0.004206116311252117,-0.69140625,-0.72216796875,0.0023784637451171875,0.0,0.1778564453125,0.187744140625
2294,1112,-2.9773387908935547,3.3093698024749756,-0.02295846864581108,-0.69091796875,-0.72314453125,-0.0010700225830078125,0.0,0.1778564453125,0.350341796875
2295,1110,-1.7685617208480835,2.1541709899902344,-0.004206116311252117,-0.69140625,-0.72216796875,0.0023784637451171875,0.0,0.1778564453125,0.187744140625
2296,1111,-0.3158959448337555,0.8056291937828064,0.03286043927073479,0.00015985965728759766,0.003795623779296875,1.0,0.0,0.17333984375,0.0035800933837890625
2297,1113,-1.7463927268981934,2.177401304244995,0.027881309390068054,-0.004337310791015625,0.0048675537109375,1.0,0.0,0.17333984375,0.1876220703125
2298,1112,-2.9773387908935547,3.3093698024749756,-0.02295846864581108,-0.69091796875,-0.72314453125,-0.0010700225830078125,0.0,0.1778564453125,0.350341796875
2299,1110,-1.7685617208480835,2.1541709899902344,-0.004206116311252117,-0.69140625,-0.72216796875,0.0023784637451171875,0.0,0.1778564453125,0.187744140625
2300,1113,-1.7463927268981934,2.177401304244995,0.027881309390068054,-0.004337310791015625,0.0048675537109375,1.0,0.0,0.17333984375,0.1876220703125
2301,1113,-1.7463927268981934,2.177401304244995,0.027881309390068054,-0.004337310791015625,0.0048675537109375,1.0,0.0,0.17333984375,0.1876220703125
2302,1111,-0.3158959448337555,0.8056291937828064,0.03286043927073479,0.00015985965728759766,0.003795623779296875,1.0,0.0,0.17333984375,0.0035800933837890625
2303,1114,-0.2933730483055115,0.8284867405891418,0.000751666200812906,0.6923828125,0.7216796875,-0.0028476715087890625,0.0,0.1688232421875,0.0035800933837890625
2304,1112,-2.9773387908935547,3.3093698024749756,-0.02295846864581108,-0.69091796875,-0.72314453125,-0.0010700225830078125,0.0,0.1778564453125,0.350341796875
2305,1113,-1.7463927268981934,2.177401304244995,0.027881309390068054,-0.004337310791015625,0.0048675537109375,1.0,0.0,0.17333984375,0.1876220703125
2306,1115,-2.955169916152954,3.3326001167297363,0.00912895705550909,-0.01007843017578125,0.00568389892578125,1.0,0.0,0.17333984375,0.350341796875
2307,1113,-1.7463927268981934,2.177401304244995,0.027881309390068054,-0.004337310791015625,0.0048675537109375,1.0,0.0,0.17333984375,0.1876220703125
2308,1114,-0.2933730483055115,0.8284867405891418,0.000751666200812906,0.6923828125,0.7216796875,-0.0028476715087890625,0.0,0.1688232421875,0.0035800933837890625
2309,1116,-1.7238699197769165,2.200258731842041,-0.004227558150887489,0.69140625,0.72216796875,0.0016260147094726562,0.0,0.1688232421875,0.1876220703125
2310,1115,-2.955169916152954,3.3326001167297363,0.00912895705550909,-0.01007843017578125,0.00568389892578125,1.0,0.0,0.17333984375,0.350341796875
2311,1113,-1.7463927268981934,2.177401304244995,0.027881309390068054,-0.004337310791015625,0.0048675537109375,1.0,0.0,0.17333984375,0.1876220703125
2312,1116,-1.7238699197769165,2.200258731842041,-0.004227558150887489,0.69140625,0.72216796875,0.0016260147094726562,0.0,0.1688232421875,0.1876220703125
2313,1115,-2.955169916152954,3.3326001167297363,0.00912895705550909,-0.01007843017578125,0.00568389892578125,1.0,0.0,0.17333984375,0.350341796875
2314,1116,-1.7238699197769165,2.200258731842041,-0.004227558150887489,0.69140625,0.72216796875,0.0016260147094726562,0.0,0.1688232421875,0.1876220703125
2315,1117,-2.9326469898223877,3.355457305908203,-0.022979993373155594,0.69091796875,0.72314453125,-0.0018262863159179688,0.0,0.1688232421875,0.350341796875
2316,1118,0.02826599031686783,0.588582456111908,0.06473511457443237,0.0,0.0,1.0,0.0,0.22119140625,0.8544921875
2317,1119,0.02826599031686783,0.800930917263031,0.06473511457443237,0.0,0.0,1.0,0.0,0.2027587890625,0.8544921875
2318,1120,-0.028265992179512978,0.800930917263031,0.06473511457443237,0.0,0.0,1.0,0.0,0.2027587890625,0.859375
2319,1118,0.02826599031686783,0.588582456111908,0.06473511457443237,0.0,0.0,1.0,0.0,0.22119140625,0.8544921875
2320,1120,-0.028265992179512978,0.800930917263031,0.06473511457443237,0.0,0.0,1.0,0.0,0.2027587890625,0.859375
2321,1121,-0.028265992179512978,0.588582456111908,0.06473511457443237,0.0,0.0,1.0,0.0,0.22119140625,0.859375
2322,1122,0.02826599031686783,0.800930917263031,0.06473511457443237,0.0,1.0,0.0,0.0,0.27294921875,0.302490234375
2323,1123,0.02826599031686783,0.800930917263031,-0.0630822703242302,0.0,1.0,0.0,0.0,0.261962890625,0.302490234375
2324,1124,-0.028265992179512978,0.800930917263031,-0.0630822703242302,0.0,1.0,0.0,0.0,0.261962890625,0.307373046875
2325,1122,0.02826599031686783,0.800930917263031,0.06473511457443237,0.0,1.0,0.0,0.0,0.27294921875,0.302490234375
2326,1124,-0.028265992179512978,0.800930917263031,-0.0630822703242302,0.0,1.0,0.0,0.0,0.261962890625,0.307373046875
2327,1125,-0.028265992179512978,0.800930917263031,0.06473511457443237,0.0,1.0,0.0,0.0,0.27294921875,0.307373046875
2328,1126,0.02826599031686783,0.800930917263031,-0.0630822703242302,0.0,0.0,-1.0,0.0,0.40625,0.55126953125
2329,1127,0.02826599031686783,0.588582456111908,-0.0630822703242302,0.0,0.0,-1.0,0.0,0.40625,0.5361328125
2330,1128,-0.028265992179512978,0.588582456111908,-0.0630822703242302,0.0,0.0,-1.0,0.0,0.4013671875,0.5361328125
2331,1126,0.02826599031686783,0.800930917263031,-0.0630822703242302,0.0,0.0,-1.0,0.0,0.40625,0.55126953125
2332,1128,-0.028265992179512978,0.588582456111908,-0.0630822703242302,0.0,0.0,-1.0,0.0,0.4013671875,0.5361328125
2333,1129,-0.028265992179512978,0.800930917263031,-0.0630822703242302,0.0,0.0,-1.0,0.0,0.4013671875,0.55126953125
2334,1130,2.1190216541290283,1.4355372190475464,-0.15861457586288452,0.9384765625,-0.34375,-0.037109375,0.0,0.351318359375,0.339111328125
2335,1131,2.1582443714141846,1.5340652465820312,-0.07937528192996979,0.9462890625,-0.322509765625,-0.01251220703125,0.0,0.350341796875,0.326416015625
2336,1132,2.151732921600342,1.5139119625091553,-0.057363856583833694,0.9482421875,-0.31787109375,-0.007198333740234375,0.0,0.34765625,0.326416015625
2337,1131,2.1582443714141846,1.5340652465820312,-0.07937528192996979,0.9462890625,-0.322509765625,-0.01251220703125,0.0,0.350341796875,0.326416015625
2338,1133,2.157794237136841,1.5378774404525757,-0.012757167220115662,0.95654296875,-0.291015625,0.0231170654296875,0.0,0.347412109375,0.3212890625
2339,1132,2.151732921600342,1.5139119625091553,-0.057363856583833694,0.9482421875,-0.31787109375,-0.007198333740234375,0.0,0.34765625,0.326416015625
2340,1131,2.1582443714141846,1.5340652465820312,-0.07937528192996979,0.9462890625,-0.322509765625,-0.01251220703125,0.0,0.350341796875,0.326416015625
2341,1134,2.1651077270507812,1.5597060918807983,-0.034075524657964706,0.95654296875,-0.291015625,0.0231170654296875,0.0,0.3505859375,0.32177734375
2342,1133,2.157794237136841,1.5378774404525757,-0.012757167220115662,0.95654296875,-0.291015625,0.0231170654296875,0.0,0.347412109375,0.3212890625
2343,1135,2.1411819458007812,1.541329026222229,-0.02137361466884613,-0.66552734375,0.69091796875,-0.2822265625,0.0,0.353759765625,0.322021484375
2344,1136,2.1651077270507812,1.5597060918807983,-0.034075524657964706,-0.66552734375,0.69091796875,-0.2822265625,0.0,0.3505859375,0.32177734375
2345,1137,2.1582443714141846,1.5340652465820312,-0.07937528192996979,-0.68115234375,0.6416015625,-0.3525390625,0.0,0.350341796875,0.326416015625
2346,1135,2.1411819458007812,1.541329026222229,-0.02137361466884613,-0.66552734375,0.69091796875,-0.2822265625,0.0,0.353759765625,0.322021484375
2347,1137,2.1582443714141846,1.5340652465820312,-0.07937528192996979,-0.68115234375,0.6416015625,-0.3525390625,0.0,0.350341796875,0.326416015625
2348,1138,2.1348962783813477,1.5195026397705078,-0.06123172119259834,-0.6806640625,0.64404296875,-0.349609375,0.0,0.353515625,0.326416015625
2349,1137,2.1582443714141846,1.5340652465820312,-0.07937528192996979,-0.68115234375,0.6416015625,-0.3525390625,0.0,0.350341796875,0.326416015625
2350,1139,2.1190216541290283,1.4355372190475464,-0.15861457586288452,-0.689453125,0.6005859375,-0.4052734375,0.0,0.351318359375,0.339111328125
2351,1138,2.1348962783813477,1.5195026397705078,-0.06123172119259834,-0.6806640625,0.64404296875,-0.349609375,0.0,0.353515625,0.326416015625
2352,1140,2.157794237136841,1.5378774404525757,-0.012757167220115662,-0.391845703125,-0.78369140625,0.482177734375,0.0,0.35546875,0.321533203125
2353,1141,2.1411819458007812,1.541329026222229,-0.02137361466884613,-0.391845703125,-0.78369140625,0.482177734375,0.0,0.353759765625,0.322021484375
2354,1142,2.1348962783813477,1.5195026397705078,-0.06123172119259834,-0.38037109375,-0.71826171875,0.58251953125,0.0,0.353515625,0.326416015625
2355,1140,2.157794237136841,1.5378774404525757,-0.012757167220115662,-0.391845703125,-0.78369140625,0.482177734375,0.0,0.35546875,0.321533203125
2356,1142,2.1348962783813477,1.5195026397705078,-0.06123172119259834,-0.38037109375,-0.71826171875,0.58251953125,0.0,0.353515625,0.326416015625
2357,1143,2.151732921600342,1.5139119625091553,-0.057363856583833694,-0.382568359375,-0.7294921875,0.5673828125,0.0,0.355224609375,0.326416015625
2358,1143,2.151732921600342,1.5139119625091553,-0.057363856583833694,-0.382568359375,-0.7294921875,0.5673828125,0.0,0.355224609375,0.326416015625
2359,1142,2.1348962783813477,1.5195026397705078,-0.06123172119259834,-0.38037109375,-0.71826171875,0.58251953125,0.0,0.353515625,0.326416015625
2360,1144,2.1190216541290283,1.4355372190475464,-0.15861457586288452,-0.37060546875,-0.6728515625,0.640625,0.0,0.351318359375,0.339111328125
2361,1145,2.1282575130462646,1.7264147996902466,0.06999292969703674,0.9755859375,0.0496826171875,-0.2130126953125,0.0,0.34375,0.316650390625
2362,1146,2.1196281909942627,1.65450918674469,0.013712615706026554,0.97607421875,-0.012939453125,-0.2178955078125,0.0,0.347900390625,0.30908203125
2363,1147,2.1106419563293457,1.6506701707839966,-0.028337402269244194,0.955078125,-0.1905517578125,-0.22705078125,0.0,0.3466796875,0.30517578125
2364,1146,2.1196281909942627,1.65450918674469,0.013712615706026554,0.97607421875,-0.012939453125,-0.2178955078125,0.0,0.347900390625,0.30908203125
2365,1148,2.0937345027923584,1.6206008195877075,-0.0569445826113224,0.9423828125,-0.2437744140625,-0.228515625,0.0,0.34765625,0.30126953125
2366,1147,2.1106419563293457,1.6506701707839966,-0.028337402269244194,0.955078125,-0.1905517578125,-0.22705078125,0.0,0.3466796875,0.30517578125
2367,1146,2.1196281909942627,1.65450918674469,0.013712615706026554,0.97607421875,-0.012939453125,-0.2178955078125,0.0,0.347900390625,0.30908203125
2368,1149,2.0959510803222656,1.605736255645752,-0.04101383686065674,0.9423828125,-0.2437744140625,-0.228515625,0.0,0.349853515625,0.3017578125
2369,1148,2.0937345027923584,1.6206008195877075,-0.0569445826113224,0.9423828125,-0.2437744140625,-0.228515625,0.0,0.34765625,0.30126953125
2370,1150,2.0826523303985596,1.6163054704666138,-0.02101810835301876,-0.95166015625,0.130126953125,0.277587890625,0.0,0.34326171875,0.302001953125
2371,1151,2.097205877304077,1.6650954484939575,0.0060139368288218975,-0.94970703125,0.1492919921875,0.275146484375,0.0,0.343994140625,0.3076171875
2372,1152,2.075711250305176,1.6194332838058472,-0.043774694204330444,-0.95166015625,0.130126953125,0.277587890625,0.0,0.34521484375,0.30078125
2373,1150,2.0826523303985596,1.6163054704666138,-0.02101810835301876,-0.95166015625,0.130126953125,0.277587890625,0.0,0.34326171875,0.302001953125
2374,1153,2.101276159286499,1.6571475267410278,0.02618582732975483,-0.947265625,0.1678466796875,0.2724609375,0.0,0.342041015625,0.308349609375
2375,1151,2.097205877304077,1.6650954484939575,0.0060139368288218975,-0.94970703125,0.1492919921875,0.275146484375,0.0,0.343994140625,0.3076171875
2376,1153,2.101276159286499,1.6571475267410278,0.02618582732975483,-0.947265625,0.1678466796875,0.2724609375,0.0,0.342041015625,0.308349609375
2377,1154,2.1282575130462646,1.7264147996902466,0.06999292969703674,-0.94287109375,0.1976318359375,0.26806640625,0.0,0.34375,0.316650390625
2378,1151,2.097205877304077,1.6650954484939575,0.0060139368288218975,-0.94970703125,0.1492919921875,0.275146484375,0.0,0.343994140625,0.3076171875
2379,1155,2.1282575130462646,1.7264147996902466,0.06999292969703674,-0.456298828125,0.74267578125,-0.490234375,0.0,0.34375,0.316650390625
2380,1156,2.1106419563293457,1.6506701707839966,-0.028337402269244194,-0.445556640625,0.7431640625,-0.4990234375,0.0,0.3466796875,0.30517578125
2381,1157,2.097205877304077,1.6650954484939575,0.0060139368288218975,-0.452880859375,0.74267578125,-0.492919921875,0.0,0.343994140625,0.3076171875
2382,1156,2.1106419563293457,1.6506701707839966,-0.028337402269244194,-0.445556640625,0.7431640625,-0.4990234375,0.0,0.3466796875,0.30517578125
2383,1158,2.075711250305176,1.6194332838058472,-0.043774694204330444,-0.443359375,0.7431640625,-0.5009765625,0.0,0.34521484375,0.30078125
2384,1157,2.097205877304077,1.6650954484939575,0.0060139368288218975,-0.452880859375,0.74267578125,-0.492919921875,0.0,0.343994140625,0.3076171875
2385,1156,2.1106419563293457,1.6506701707839966,-0.028337402269244194,-0.445556640625,0.7431640625,-0.4990234375,0.0,0.3466796875,0.30517578125
2386,1159,2.0937345027923584,1.6206008195877075,-0.0569445826113224,-0.443359375,0.7431640625,-0.5009765625,0.0,0.34765625,0.30126953125
2387,1158,2.075711250305176,1.6194332838058472,-0.043774694204330444,-0.443359375,0.7431640625,-0.5009765625,0.0,0.34521484375,0.30078125
2388,1160,2.0826523303985596,1.6163054704666138,-0.02101810835301876,0.263671875,-0.77587890625,0.57275390625,0.0,0.351318359375,0.303955078125
2389,1161,2.0959510803222656,1.605736255645752,-0.04101383686065674,0.263671875,-0.77587890625,0.57275390625,0.0,0.349853515625,0.3017578125
2390,1162,2.1196281909942627,1.65450918674469,0.013712615706026554,0.304443359375,-0.7265625,0.6162109375,0.0,0.347900390625,0.30908203125
2391,1160,2.0826523303985596,1.6163054704666138,-0.02101810835301876,0.263671875,-0.77587890625,0.57275390625,0.0,0.351318359375,0.303955078125
2392,1162,2.1196281909942627,1.65450918674469,0.013712615706026554,0.304443359375,-0.7265625,0.6162109375,0.0,0.347900390625,0.30908203125
2393,1163,2.101276159286499,1.6571475267410278,0.02618582732975483,0.323974609375,-0.7001953125,0.63623046875,0.0,0.349609375,0.310302734375
2394,1162,2.1196281909942627,1.65450918674469,0.013712615706026554,0.304443359375,-0.7265625,0.6162109375,0.0,0.347900390625,0.30908203125
2395,1164,2.1282575130462646,1.7264147996902466,0.06999292969703674,0.39111328125,-0.595703125,0.701171875,0.0,0.34375,0.316650390625
2396,1163,2.101276159286499,1.6571475267410278,0.02618582732975483,0.323974609375,-0.7001953125,0.63623046875,0.0,0.349609375,0.310302734375
2397,1165,2.0474319458007812,1.571524977684021,0.011524245142936707,-0.263427734375,0.85888671875,-0.43896484375,0.0,0.489990234375,0.488525390625
2398,1166,1.999578833580017,1.5535967350006104,0.005170097108930349,-0.24658203125,0.89501953125,-0.37158203125,0.0,0.4873046875,0.484130859375
2399,1167,2.0384480953216553,1.578163981437683,0.02925003692507744,-0.263427734375,0.85888671875,-0.43896484375,0.0,0.48779296875,0.489013671875
2400,1165,2.0474319458007812,1.571524977684021,0.011524245142936707,-0.263427734375,0.85888671875,-0.43896484375,0.0,0.489990234375,0.488525390625
2401,1168,2.0162675380706787,1.5490283966064453,-0.014449667185544968,-0.2034912109375,0.8974609375,-0.3916015625,0.0,0.490234375,0.48388671875
2402,1166,1.999578833580017,1.5535967350006104,0.005170097108930349,-0.24658203125,0.89501953125,-0.37158203125,0.0,0.4873046875,0.484130859375
2403,1168,2.0162675380706787,1.5490283966064453,-0.014449667185544968,-0.2034912109375,0.8974609375,-0.3916015625,0.0,0.490234375,0.48388671875
2404,1169,1.9914507865905762,1.5365246534347534,-0.0460205078125,-0.278564453125,0.92333984375,-0.263671875,0.0,0.490234375,0.479736328125
2405,1166,1.999578833580017,1.5535967350006104,0.005170097108930349,-0.24658203125,0.89501953125,-0.37158203125,0.0,0.4873046875,0.484130859375
2406,1169,1.9914507865905762,1.5365246534347534,-0.0460205078125,-0.278564453125,0.92333984375,-0.263671875,0.0,0.490234375,0.479736328125
2407,1170,1.9155668020248413,1.4948453903198242,-0.10908300429582596,-0.288818359375,0.9208984375,-0.26123046875,0.0,0.49072265625,0.469482421875
2408,1166,1.999578833580017,1.5535967350006104,0.005170097108930349,-0.24658203125,0.89501953125,-0.37158203125,0.0,0.4873046875,0.484130859375
2409,1171,1.9155668020248413,1.4948453903198242,-0.10908300429582596,-0.8369140625,0.2489013671875,0.487548828125,0.0,0.49072265625,0.469482421875
2410,1172,1.999951720237732,1.5337704420089722,0.015932617709040642,-0.7841796875,0.314453125,0.53515625,0.0,0.485107421875,0.483642578125
2411,1173,1.999578833580017,1.5535967350006104,0.005170097108930349,-0.779296875,0.319580078125,0.5390625,0.0,0.4873046875,0.484130859375
2412,1172,1.999951720237732,1.5337704420089722,0.015932617709040642,-0.7841796875,0.314453125,0.53515625,0.0,0.485107421875,0.483642578125
2413,1174,2.0384480953216553,1.578163981437683,0.02925003692507744,-0.68408203125,0.412841796875,0.6015625,0.0,0.48779296875,0.489013671875
2414,1173,1.999578833580017,1.5535967350006104,0.005170097108930349,-0.779296875,0.319580078125,0.5390625,0.0,0.4873046875,0.484130859375
2415,1172,1.999951720237732,1.5337704420089722,0.015932617709040642,-0.7841796875,0.314453125,0.53515625,0.0,0.485107421875,0.483642578125
2416,1175,2.037950038909912,1.5627111196517944,0.0425637885928154,-0.68408203125,0.412841796875,0.6015625,0.0,0.48583984375,0.489013671875
2417,1174,2.0384480953216553,1.578163981437683,0.02925003692507744,-0.68408203125,0.412841796875,0.6015625,0.0,0.48779296875,0.489013671875
2418,1176,2.0474319458007812,1.571524977684021,0.011524245142936707,0.744140625,-0.44677734375,-0.496337890625,0.0,0.489990234375,0.488525390625
2419,1177,2.0511960983276367,1.5630820989608765,0.025268057361245155,0.744140625,-0.44677734375,-0.496337890625,0.0,0.491455078125,0.489013671875
2420,1178,2.0125491619110107,1.5290476083755493,-0.0025472878478467464,0.736328125,-0.48779296875,-0.46923828125,0.0,0.49267578125,0.483642578125
2421,1176,2.0474319458007812,1.571524977684021,0.011524245142936707,0.744140625,-0.44677734375,-0.496337890625,0.0,0.489990234375,0.488525390625
2422,1178,2.0125491619110107,1.5290476083755493,-0.0025472878478467464,0.736328125,-0.48779296875,-0.46923828125,0.0,0.49267578125,0.483642578125
2423,1179,2.0162675380706787,1.5490283966064453,-0.014449667185544968,0.7578125,-0.437744140625,-0.483642578125,0.0,0.490234375,0.48388671875
2424,1178,2.0125491619110107,1.5290476083755493,-0.0025472878478467464,0.736328125,-0.48779296875,-0.46923828125,0.0,0.49267578125,0.483642578125
2425,1180,1.9914507865905762,1.5365246534347534,-0.0460205078125,0.689453125,-0.57958984375,-0.434326171875,0.0,0.490234375,0.479736328125
2426,1179,2.0162675380706787,1.5490283966064453,-0.014449667185544968,0.7578125,-0.437744140625,-0.483642578125,0.0,0.490234375,0.48388671875
2427,1178,2.0125491619110107,1.5290476083755493,-0.0025472878478467464,0.736328125,-0.48779296875,-0.46923828125,0.0,0.49267578125,0.483642578125
2428,1181,1.9155668020248413,1.4948453903198242,-0.10908300429582596,0.68310546875,-0.5888671875,-0.4326171875,0.0,0.49072265625,0.469482421875
2429,1180,1.9914507865905762,1.5365246534347534,-0.0460205078125,0.689453125,-0.57958984375,-0.434326171875,0.0,0.490234375,0.479736328125
2430,1182,2.0511960983276367,1.5630820989608765,0.025268057361245155,0.402099609375,-0.82763671875,0.39111328125,0.0,0.491455078125,0.489013671875
2431,1183,2.037950038909912,1.5627111196517944,0.0425637885928154,0.402099609375,-0.82763671875,0.39111328125,0.0,0.49365234375,0.489501953125
2432,1184,1.999951720237732,1.5337704420089722,0.015932617709040642,0.236328125,-0.9091796875,0.342529296875,0.0,0.494873046875,0.484130859375
2433,1182,2.0511960983276367,1.5630820989608765,0.025268057361245155,0.402099609375,-0.82763671875,0.39111328125,0.0,0.491455078125,0.489013671875
2434,1184,1.999951720237732,1.5337704420089722,0.015932617709040642,0.236328125,-0.9091796875,0.342529296875,0.0,0.494873046875,0.484130859375
2435,1185,2.0125491619110107,1.5290476083755493,-0.0025472878478467464,0.178466796875,-0.92919921875,0.3232421875,0.0,0.49267578125,0.483642578125
2436,1184,1.999951720237732,1.5337704420089722,0.015932617709040642,0.236328125,-0.9091796875,0.342529296875,0.0,0.494873046875,0.484130859375
2437,1186,1.9155668020248413,1.4948453903198242,-0.10908300429582596,0.03955078125,-0.96142578125,0.272705078125,0.0,0.49072265625,0.469482421875
2438,1185,2.0125491619110107,1.5290476083755493,-0.0025472878478467464,0.178466796875,-0.92919921875,0.3232421875,0.0,0.49267578125,0.483642578125
2439,1187,2.0750420093536377,1.4514210224151611,-0.019594009965658188,-0.7841796875,0.397216796875,0.4765625,0.0,0.443603515625,0.324462890625
2440,1188,2.0477521419525146,1.4408220052719116,-0.05566655099391937,-0.72802734375,0.387939453125,0.56494140625,0.0,0.44482421875,0.328857421875
2441,1189,2.071479558944702,1.4348626136779785,-0.010919112712144852,-0.7841796875,0.397216796875,0.4765625,0.0,0.445556640625,0.32373046875
2442,1187,2.0750420093536377,1.4514210224151611,-0.019594009965658188,-0.7841796875,0.397216796875,0.4765625,0.0,0.443603515625,0.324462890625
2443,1190,2.053431987762451,1.457617163658142,-0.05958378314971924,-0.71630859375,0.3857421875,0.58154296875,0.0,0.443115234375,0.328857421875
2444,1188,2.0477521419525146,1.4408220052719116,-0.05566655099391937,-0.72802734375,0.387939453125,0.56494140625,0.0,0.44482421875,0.328857421875
2445,1190,2.053431987762451,1.457617163658142,-0.05958378314971924,-0.71630859375,0.3857421875,0.58154296875,0.0,0.443115234375,0.328857421875
2446,1191,1.9685832262039185,1.4755516052246094,-0.15878652036190033,-0.66943359375,0.3759765625,0.640625,0.0,0.440185546875,0.34130859375
2447,1188,2.0477521419525146,1.4408220052719116,-0.05566655099391937,-0.72802734375,0.387939453125,0.56494140625,0.0,0.44482421875,0.328857421875
2448,1192,2.0750420093536377,1.4514210224151611,-0.019594009965658188,0.69482421875,0.66162109375,-0.281982421875,0.0,0.443603515625,0.324462890625
2449,1193,2.0933783054351807,1.427361011505127,-0.032099828124046326,0.69482421875,0.66162109375,-0.281982421875,0.0,0.4404296875,0.32373046875
2450,1194,2.0679819583892822,1.4341259002685547,-0.0775519460439682,0.64892578125,0.67578125,-0.34912109375,0.0,0.440185546875,0.32861328125
2451,1192,2.0750420093536377,1.4514210224151611,-0.019594009965658188,0.69482421875,0.66162109375,-0.281982421875,0.0,0.443603515625,0.324462890625
2452,1194,2.0679819583892822,1.4341259002685547,-0.0775519460439682,0.64892578125,0.67578125,-0.34912109375,0.0,0.440185546875,0.32861328125
2453,1195,2.053431987762451,1.457617163658142,-0.05958378314971924,0.65087890625,0.67529296875,-0.3466796875,0.0,0.443115234375,0.328857421875
2454,1194,2.0679819583892822,1.4341259002685547,-0.0775519460439682,0.64892578125,0.67578125,-0.34912109375,0.0,0.440185546875,0.32861328125
2455,1196,1.9685832262039185,1.4755516052246094,-0.15878652036190033,0.61083984375,0.68359375,-0.39892578125,0.0,0.440185546875,0.34130859375
2456,1195,2.053431987762451,1.457617163658142,-0.05958378314971924,0.65087890625,0.67529296875,-0.3466796875,0.0,0.443115234375,0.328857421875
2457,1197,2.0477521419525146,1.4408220052719116,-0.05566655099391937,-0.325927734375,-0.9453125,-0.00867462158203125,0.0,0.437255859375,0.328369140625
2458,1198,2.0933783054351807,1.427361011505127,-0.032099828124046326,-0.295166015625,-0.955078125,0.02606201171875,0.0,0.4404296875,0.32373046875
2459,1199,2.071479558944702,1.4348626136779785,-0.010919112712144852,-0.295166015625,-0.955078125,0.02606201171875,0.0,0.4375,0.3232421875
2460,1197,2.0477521419525146,1.4408220052719116,-0.05566655099391937,-0.325927734375,-0.9453125,-0.00867462158203125,0.0,0.437255859375,0.328369140625
2461,1200,2.0679819583892822,1.4341259002685547,-0.0775519460439682,-0.3310546875,-0.943359375,-0.014617919921875,0.0,0.440185546875,0.32861328125
2462,1198,2.0933783054351807,1.427361011505127,-0.032099828124046326,-0.295166015625,-0.955078125,0.02606201171875,0.0,0.4404296875,0.32373046875
2463,1197,2.0477521419525146,1.4408220052719116,-0.05566655099391937,-0.325927734375,-0.9453125,-0.00867462158203125,0.0,0.437255859375,0.328369140625
2464,1201,1.9685832262039185,1.4755516052246094,-0.15878652036190033,-0.354736328125,-0.93408203125,-0.04217529296875,0.0,0.440185546875,0.34130859375
2465,1200,2.0679819583892822,1.4341259002685547,-0.0775519460439682,-0.3310546875,-0.943359375,-0.014617919921875,0.0,0.440185546875,0.32861328125
2466,1202,2.029991388320923,1.4964748620986938,0.06082359701395035,-0.51025390625,0.80322265625,0.306884765625,0.0,0.445556640625,0.437255859375
2467,1203,2.0214900970458984,1.5138651132583618,-0.00028110979474149644,-0.51025390625,0.80322265625,0.306884765625,0.0,0.445556640625,0.430908203125
2468,1204,2.0058205127716064,1.5040361881256104,0.0008565807365812361,-0.51025390625,0.80322265625,0.306884765625,0.0,0.443603515625,0.430908203125
2469,1202,2.029991388320923,1.4964748620986938,0.06082359701395035,-0.51025390625,0.80322265625,0.306884765625,0.0,0.445556640625,0.437255859375
2470,1204,2.0058205127716064,1.5040361881256104,0.0008565807365812361,-0.51025390625,0.80322265625,0.306884765625,0.0,0.443603515625,0.430908203125
2471,1205,2.0133655071258545,1.485481858253479,0.060503095388412476,-0.51025390625,0.80322265625,0.306884765625,0.0,0.443603515625,0.437255859375
2472,1206,2.031662940979004,1.4879719018936157,-0.00808914378285408,0.9443359375,0.327880859375,-0.017547607421875,0.0,0.44873046875,0.430908203125
2473,1207,2.0214900970458984,1.5138651132583618,-0.00028110979474149644,0.9443359375,0.327880859375,-0.017547607421875,0.0,0.445556640625,0.430908203125
2474,1208,2.029991388320923,1.4964748620986938,0.06082359701395035,0.9443359375,0.327880859375,-0.017547607421875,0.0,0.445556640625,0.437255859375
2475,1206,2.031662940979004,1.4879719018936157,-0.00808914378285408,0.9443359375,0.327880859375,-0.017547607421875,0.0,0.44873046875,0.430908203125
2476,1208,2.029991388320923,1.4964748620986938,0.06082359701395035,0.9443359375,0.327880859375,-0.017547607421875,0.0,0.445556640625,0.437255859375
2477,1209,2.03704833984375,1.4715434312820435,0.04628490284085274,0.9443359375,0.327880859375,-0.017547607421875,0.0,0.44873046875,0.437255859375
2478,1210,2.0074472427368164,1.5042816400527954,-0.0012045002076774836,-0.7509765625,0.65869140625,0.046600341796875,0.0,0.5556640625,0.88037109375
2479,1211,2.0952365398406982,1.5392262935638428,-0.06608846038579941,-0.216064453125,-0.010772705078125,-0.9765625,0.0,0.54736328125,0.88720703125
2480,1212,2.0405256748199463,1.4745121002197266,-0.05693245679140091,-0.224609375,-0.002750396728515625,-0.974609375,0.0,0.5556640625,0.88720703125
2481,1210,2.0074472427368164,1.5042816400527954,-0.0012045002076774836,-0.7509765625,0.65869140625,0.046600341796875,0.0,0.5556640625,0.88037109375
2482,1213,2.065598487854004,1.570690393447876,-0.0150485560297966,-0.755859375,0.65478515625,0.0023174285888671875,0.0,0.54736328125,0.88037109375
2483,1211,2.0952365398406982,1.5392262935638428,-0.06608846038579941,-0.216064453125,-0.010772705078125,-0.9765625,0.0,0.54736328125,0.88720703125
2484,1214,2.0284886360168457,1.47538161277771,0.05999304726719856,-0.21142578125,0.363525390625,0.9072265625,0.0,0.5556640625,0.875
2485,1213,2.065598487854004,1.570690393447876,-0.0150485560297966,-0.755859375,0.65478515625,0.0023174285888671875,0.0,0.54736328125,0.88037109375
2486,1210,2.0074472427368164,1.5042816400527954,-0.0012045002076774836,-0.7509765625,0.65869140625,0.046600341796875,0.0,0.5556640625,0.88037109375
2487,1214,2.0284886360168457,1.47538161277771,0.05999304726719856,-0.21142578125,0.363525390625,0.9072265625,0.0,0.5556640625,0.875
2488,1215,2.1053314208984375,1.5668121576309204,0.043142709881067276,-0.216552734375,0.3671875,0.90478515625,0.0,0.54736328125,0.875
2489,1213,2.065598487854004,1.570690393447876,-0.0150485560297966,-0.755859375,0.65478515625,0.0023174285888671875,0.0,0.54736328125,0.88037109375
2490,1216,2.0874440670013428,1.4439620971679688,0.04442286863923073,0.5966796875,-0.37646484375,0.70849609375,0.0,0.5556640625,0.86865234375
2491,1215,2.1053314208984375,1.5668121576309204,0.043142709881067276,-0.216552734375,0.3671875,0.90478515625,0.0,0.54736328125,0.875
2492,1214,2.0284886360168457,1.47538161277771,0.05999304726719856,-0.21142578125,0.363525390625,0.9072265625,0.0,0.5556640625,0.875
2493,1216,2.0874440670013428,1.4439620971679688,0.04442286863923073,0.5966796875,-0.37646484375,0.70849609375,0.0,0.5556640625,0.86865234375
2494,1217,2.1490695476531982,1.50505793094635,0.027858788147568703,0.6328125,-0.420654296875,0.650390625,0.0,0.54736328125,0.86865234375
2495,1215,2.1053314208984375,1.5668121576309204,0.043142709881067276,-0.216552734375,0.3671875,0.90478515625,0.0,0.54736328125,0.875
2496,1218,2.087176561355591,1.4177398681640625,-0.025039123371243477,0.6162109375,-0.64013671875,-0.458251953125,0.0,0.5556640625,0.8623046875
2497,1217,2.1490695476531982,1.50505793094635,0.027858788147568703,0.6328125,-0.420654296875,0.650390625,0.0,0.54736328125,0.86865234375
2498,1216,2.0874440670013428,1.4439620971679688,0.04442286863923073,0.5966796875,-0.37646484375,0.70849609375,0.0,0.5556640625,0.86865234375
2499,1218,2.087176561355591,1.4177398681640625,-0.025039123371243477,0.6162109375,-0.64013671875,-0.458251953125,0.0,0.5556640625,0.8623046875
2500,1219,2.1592466831207275,1.5058876276016235,-0.04931474104523659,0.5673828125,-0.61572265625,-0.546875,0.0,0.54736328125,0.8623046875
2501,1217,2.1490695476531982,1.50505793094635,0.027858788147568703,0.6328125,-0.420654296875,0.650390625,0.0,0.54736328125,0.86865234375
2502,1220,2.0405256748199463,1.4745121002197266,-0.05693245679140091,-0.224609375,-0.002750396728515625,-0.974609375,0.0,0.5556640625,0.85595703125
2503,1219,2.1592466831207275,1.5058876276016235,-0.04931474104523659,0.5673828125,-0.61572265625,-0.546875,0.0,0.54736328125,0.8623046875
2504,1218,2.087176561355591,1.4177398681640625,-0.025039123371243477,0.6162109375,-0.64013671875,-0.458251953125,0.0,0.5556640625,0.8623046875
2505,1220,2.0405256748199463,1.4745121002197266,-0.05693245679140091,-0.224609375,-0.002750396728515625,-0.974609375,0.0,0.5556640625,0.85595703125
2506,1221,2.0952365398406982,1.5392262935638428,-0.06608846038579941,-0.216064453125,-0.010772705078125,-0.9765625,0.0,0.54736328125,0.85595703125
2507,1219,2.1592466831207275,1.5058876276016235,-0.04931474104523659,0.5673828125,-0.61572265625,-0.546875,0.0,0.54736328125,0.8623046875
2508,1222,2.065598487854004,1.570690393447876,-0.0150485560297966,0.619140625,0.771484375,-0.147705078125,0.0,0.458984375,0.52294921875
2509,1223,2.1053314208984375,1.5668121576309204,0.043142709881067276,0.68408203125,0.59033203125,-0.427734375,0.0,0.465087890625,0.521484375
2510,1224,2.1490695476531982,1.50505793094635,0.027858788147568703,0.6298828125,0.77587890625,-0.038055419921875,0.0,0.465087890625,0.51513671875
2511,1222,2.065598487854004,1.570690393447876,-0.0150485560297966,0.619140625,0.771484375,-0.147705078125,0.0,0.458984375,0.52294921875
2512,1224,2.1490695476531982,1.50505793094635,0.027858788147568703,0.6298828125,0.77587890625,-0.038055419921875,0.0,0.465087890625,0.51513671875
2513,1225,2.1592466831207275,1.5058876276016235,-0.04931474104523659,0.5751953125,0.8173828125,0.02581787109375,0.0,0.458740234375,0.5126953125
2514,1226,2.0952365398406982,1.5392262935638428,-0.06608846038579941,0.49609375,0.837890625,-0.228271484375,0.0,0.45556640625,0.51806640625
2515,1222,2.065598487854004,1.570690393447876,-0.0150485560297966,0.619140625,0.771484375,-0.147705078125,0.0,0.458984375,0.52294921875
2516,1225,2.1592466831207275,1.5058876276016235,-0.04931474104523659,0.5751953125,0.8173828125,0.02581787109375,0.0,0.458740234375,0.5126953125
2517,1227,2.0886905193328857,1.4736016988754272,-0.0024233341682702303,-0.6552734375,-0.75341796875,0.05316162109375,0.0,0.1514892578125,0.97021484375
2518,1228,2.0530831813812256,1.560933232307434,-0.06756427884101868,0.007266998291015625,-0.2205810546875,-0.97509765625,0.0,0.1448974609375,0.9609375
2519,1229,2.118067979812622,1.5065386295318604,-0.05844242125749588,-0.00070953369140625,-0.2291259765625,-0.97314453125,0.0,0.1448974609375,0.97021484375
2520,1227,2.0886905193328857,1.4736016988754272,-0.0024233341682702303,-0.6552734375,-0.75341796875,0.05316162109375,0.0,0.1514892578125,0.97021484375
2521,1230,2.02197527885437,1.5314074754714966,-0.01624179631471634,-0.65185546875,-0.75830078125,0.008880615234375,0.0,0.1514892578125,0.9609375
2522,1228,2.0530831813812256,1.560933232307434,-0.06756427884101868,0.007266998291015625,-0.2205810546875,-0.97509765625,0.0,0.1448974609375,0.9609375
2523,1231,2.1177780628204346,1.495055913925171,0.05854169651865959,-0.3583984375,-0.2086181640625,0.91015625,0.0,0.1580810546875,0.97021484375
2524,1230,2.02197527885437,1.5314074754714966,-0.01624179631471634,-0.65185546875,-0.75830078125,0.008880615234375,0.0,0.1514892578125,0.9609375
2525,1227,2.0886905193328857,1.4736016988754272,-0.0024233341682702303,-0.6552734375,-0.75341796875,0.05316162109375,0.0,0.1514892578125,0.97021484375
2526,1231,2.1177780628204346,1.495055913925171,0.05854169651865959,-0.3583984375,-0.2086181640625,0.91015625,0.0,0.1580810546875,0.97021484375
2527,1232,2.025949001312256,1.571433186531067,0.041741836816072464,-0.3623046875,-0.2137451171875,0.9072265625,0.0,0.1580810546875,0.9609375
2528,1230,2.02197527885437,1.5314074754714966,-0.01624179631471634,-0.65185546875,-0.75830078125,0.008880615234375,0.0,0.1514892578125,0.9609375
2529,1233,2.1488780975341797,1.5540673732757568,0.042549096047878265,0.377197265625,0.6015625,0.7041015625,0.0,0.1649169921875,0.97021484375
2530,1232,2.025949001312256,1.571433186531067,0.041741836816072464,-0.3623046875,-0.2137451171875,0.9072265625,0.0,0.1580810546875,0.9609375
2531,1231,2.1177780628204346,1.495055913925171,0.05854169651865959,-0.3583984375,-0.2086181640625,0.91015625,0.0,0.1580810546875,0.97021484375
2532,1233,2.1488780975341797,1.5540673732757568,0.042549096047878265,0.377197265625,0.6015625,0.7041015625,0.0,0.1649169921875,0.97021484375
2533,1234,2.087448835372925,1.6153565645217896,0.025970032438635826,0.4208984375,0.6376953125,0.6455078125,0.0,0.1649169921875,0.9609375
2534,1232,2.025949001312256,1.571433186531067,0.041741836816072464,-0.3623046875,-0.2137451171875,0.9072265625,0.0,0.1580810546875,0.9609375
2535,1235,2.1747868061065674,1.5535786151885986,-0.027029208838939667,0.6357421875,0.61669921875,-0.464111328125,0.0,0.172119140625,0.97021484375
2536,1234,2.087448835372925,1.6153565645217896,0.025970032438635826,0.4208984375,0.6376953125,0.6455078125,0.0,0.1649169921875,0.9609375
2537,1233,2.1488780975341797,1.5540673732757568,0.042549096047878265,0.377197265625,0.6015625,0.7041015625,0.0,0.1649169921875,0.97021484375
2538,1235,2.1747868061065674,1.5535786151885986,-0.027029208838939667,0.6357421875,0.61669921875,-0.464111328125,0.0,0.172119140625,0.97021484375
2539,1236,2.0862274169921875,1.6251620054244995,-0.05124641954898834,0.61083984375,0.5673828125,-0.55224609375,0.0,0.172119140625,0.9609375
2540,1234,2.087448835372925,1.6153565645217896,0.025970032438635826,0.4208984375,0.6376953125,0.6455078125,0.0,0.1649169921875,0.9609375
2541,1237,2.118067979812622,1.5065386295318604,-0.05844242125749588,-0.00070953369140625,-0.2291259765625,-0.97314453125,0.0,0.1793212890625,0.97021484375
2542,1236,2.0862274169921875,1.6251620054244995,-0.05124641954898834,0.61083984375,0.5673828125,-0.55224609375,0.0,0.172119140625,0.9609375
2543,1235,2.1747868061065674,1.5535786151885986,-0.027029208838939667,0.6357421875,0.61669921875,-0.464111328125,0.0,0.172119140625,0.97021484375
2544,1237,2.118067979812622,1.5065386295318604,-0.05844242125749588,-0.00070953369140625,-0.2291259765625,-0.97314453125,0.0,0.1793212890625,0.97021484375
2545,1238,2.0530831813812256,1.560933232307434,-0.06756427884101868,0.007266998291015625,-0.2205810546875,-0.97509765625,0.0,0.1793212890625,0.9609375
2546,1236,2.0862274169921875,1.6251620054244995,-0.05124641954898834,0.61083984375,0.5673828125,-0.55224609375,0.0,0.172119140625,0.9609375
2547,1239,2.02197527885437,1.5314074754714966,-0.01624179631471634,-0.7744140625,0.615234375,-0.147216796875,0.0,0.428955078125,0.443359375
2548,1240,2.025949001312256,1.571433186531067,0.041741836816072464,-0.59521484375,0.6796875,-0.428466796875,0.0,0.434814453125,0.442138671875
2549,1241,2.087448835372925,1.6153565645217896,0.025970032438635826,-0.77880859375,0.6259765625,-0.037506103515625,0.0,0.434814453125,0.435302734375
2550,1239,2.02197527885437,1.5314074754714966,-0.01624179631471634,-0.7744140625,0.615234375,-0.147216796875,0.0,0.428955078125,0.443359375
2551,1241,2.087448835372925,1.6153565645217896,0.025970032438635826,-0.77880859375,0.6259765625,-0.037506103515625,0.0,0.434814453125,0.435302734375
2552,1242,2.0862274169921875,1.6251620054244995,-0.05124641954898834,-0.81982421875,0.57177734375,0.02679443359375,0.0,0.428466796875,0.432861328125
2553,1243,2.0530831813812256,1.560933232307434,-0.06756427884101868,-0.8408203125,0.491455078125,-0.226806640625,0.0,0.425537109375,0.4384765625
2554,1239,2.02197527885437,1.5314074754714966,-0.01624179631471634,-0.7744140625,0.615234375,-0.147216796875,0.0,0.428955078125,0.443359375
2555,1242,2.0862274169921875,1.6251620054244995,-0.05124641954898834,-0.81982421875,0.57177734375,0.02679443359375,0.0,0.428466796875,0.432861328125
2556,1244,2.107778787612915,1.502488374710083,0.07258300483226776,-0.80078125,-0.45068359375,0.39501953125,0.0,0.2435302734375,0.90966796875
2557,1245,2.079051971435547,1.487608790397644,-0.0015231585130095482,-0.80078125,-0.45068359375,0.39501953125,0.0,0.24365234375,0.91650390625
2558,1246,2.08895206451416,1.4719856977462769,-0.00035568236489780247,-0.80078125,-0.45068359375,0.39501953125,0.0,0.2451171875,0.91650390625
2559,1244,2.107778787612915,1.502488374710083,0.07258300483226776,-0.80078125,-0.45068359375,0.39501953125,0.0,0.2435302734375,0.90966796875
2560,1246,2.08895206451416,1.4719856977462769,-0.00035568236489780247,-0.80078125,-0.45068359375,0.39501953125,0.0,0.2451171875,0.91650390625
2561,1247,2.113724946975708,1.48747980594635,0.06858642399311066,-0.80078125,-0.45068359375,0.39501953125,0.0,0.244873046875,0.91015625
2562,1248,2.1048667430877686,1.4978525638580322,-0.009496933780610561,-0.310302734375,0.94970703125,-0.042633056640625,0.0,0.2412109375,0.91650390625
2563,1249,2.079051971435547,1.487608790397644,-0.0015231585130095482,-0.310302734375,0.94970703125,-0.042633056640625,0.0,0.24365234375,0.91650390625
2564,1250,2.107778787612915,1.502488374710083,0.07258300483226776,-0.310302734375,0.94970703125,-0.042633056640625,0.0,0.2435302734375,0.90966796875
2565,1248,2.1048667430877686,1.4978525638580322,-0.009496933780610561,-0.310302734375,0.94970703125,-0.042633056640625,0.0,0.2412109375,0.91650390625
2566,1250,2.107778787612915,1.502488374710083,0.07258300483226776,-0.310302734375,0.94970703125,-0.042633056640625,0.0,0.2435302734375,0.90966796875
2567,1251,2.1215178966522217,1.503565788269043,0.04477575048804283,-0.310302734375,0.94970703125,-0.042633056640625,0.0,0.2412109375,0.91162109375
2568,1252,2.113724946975708,1.48747980594635,0.06858642399311066,0.7958984375,-0.58154296875,-0.1676025390625,0.0,0.2388916015625,0.91015625
2569,1253,2.08895206451416,1.4719856977462769,-0.00035568236489780247,0.7958984375,-0.58154296875,-0.1676025390625,0.0,0.23876953125,0.91650390625
2570,1254,2.1048667430877686,1.4978525638580322,-0.009496933780610561,0.7958984375,-0.58154296875,-0.1676025390625,0.0,0.2412109375,0.91650390625
2571,1252,2.113724946975708,1.48747980594635,0.06858642399311066,0.7958984375,-0.58154296875,-0.1676025390625,0.0,0.2388916015625,0.91015625
2572,1254,2.1048667430877686,1.4978525638580322,-0.009496933780610561,0.7958984375,-0.58154296875,-0.1676025390625,0.0,0.2412109375,0.91650390625
2573,1255,2.1215178966522217,1.503565788269043,0.04477575048804283,0.7958984375,-0.58154296875,-0.1676025390625,0.0,0.2412109375,0.91162109375
2574,1256,1.046364665031433,0.665395975112915,-0.06864847242832184,-0.00921630859375,0.2008056640625,-0.9794921875,0.0,0.445556640625,0.378173828125
2575,1257,1.177451491355896,0.6170013546943665,-0.07979956269264221,0.2437744140625,0.103759765625,-0.96435546875,0.0,0.44287109375,0.36669921875
2576,1258,1.170554757118225,0.5985642671585083,-0.08351293206214905,0.269775390625,0.09295654296875,-0.95849609375,0.0,0.441162109375,0.36669921875
2577,1257,1.177451491355896,0.6170013546943665,-0.07979956269264221,0.2437744140625,0.103759765625,-0.96435546875,0.0,0.44287109375,0.36669921875
2578,1259,1.22646164894104,0.5665011405944824,-0.051706742495298386,0.49169921875,-0.007122039794921875,-0.87060546875,0.0,0.44091796875,0.36083984375
2579,1258,1.170554757118225,0.5985642671585083,-0.08351293206214905,0.269775390625,0.09295654296875,-0.95849609375,0.0,0.441162109375,0.36669921875
2580,1257,1.177451491355896,0.6170013546943665,-0.07979956269264221,0.2437744140625,0.103759765625,-0.96435546875,0.0,0.44287109375,0.36669921875
2581,1260,1.2349562644958496,0.5822874307632446,-0.04700728878378868,0.49169921875,-0.007122039794921875,-0.87060546875,0.0,0.442626953125,0.3603515625
2582,1259,1.22646164894104,0.5665011405944824,-0.051706742495298386,0.49169921875,-0.007122039794921875,-0.87060546875,0.0,0.44091796875,0.36083984375
2583,1261,1.177451491355896,0.6170013546943665,-0.07979956269264221,0.286376953125,0.82421875,0.48828125,0.0,0.44287109375,0.36669921875
2584,1262,1.046364665031433,0.665395975112915,-0.06864847242832184,0.332763671875,0.779296875,0.53076171875,0.0,0.445556640625,0.378173828125
2585,1263,1.1665693521499634,0.601591944694519,-0.050364211201667786,0.278564453125,0.83154296875,0.48095703125,0.0,0.44580078125,0.366455078125
2586,1264,1.218442678451538,0.5787330269813538,-0.023564068600535393,0.2255859375,0.8740234375,0.430419921875,0.0,0.44580078125,0.361083984375
2587,1261,1.177451491355896,0.6170013546943665,-0.07979956269264221,0.286376953125,0.82421875,0.48828125,0.0,0.44287109375,0.36669921875
2588,1263,1.1665693521499634,0.601591944694519,-0.050364211201667786,0.278564453125,0.83154296875,0.48095703125,0.0,0.44580078125,0.366455078125
2589,1264,1.218442678451538,0.5787330269813538,-0.023564068600535393,0.2255859375,0.8740234375,0.430419921875,0.0,0.44580078125,0.361083984375
2590,1265,1.2349562644958496,0.5822874307632446,-0.04700728878378868,0.2255859375,0.8740234375,0.430419921875,0.0,0.442626953125,0.3603515625
2591,1261,1.177451491355896,0.6170013546943665,-0.07979956269264221,0.286376953125,0.82421875,0.48828125,0.0,0.44287109375,0.36669921875
2592,1266,1.1419193744659424,0.8169081211090088,0.055221863090991974,-0.72802734375,-0.3623046875,0.58203125,0.0,0.2431640625,0.55224609375
2593,1267,1.1889004707336426,0.7226412892341614,0.05531962215900421,-0.6865234375,-0.453369140625,0.568359375,0.0,0.246826171875,0.54345703125
2594,1268,1.202241063117981,0.7246029376983643,0.07323790341615677,-0.6708984375,-0.483154296875,0.5625,0.0,0.2451171875,0.54248046875
2595,1267,1.1889004707336426,0.7226412892341614,0.05531962215900421,-0.6865234375,-0.453369140625,0.568359375,0.0,0.246826171875,0.54345703125
2596,1269,1.2520614862442017,0.662415623664856,0.07107146829366684,-0.6435546875,-0.53076171875,0.5517578125,0.0,0.2452392578125,0.53564453125
2597,1268,1.202241063117981,0.7246029376983643,0.07323790341615677,-0.6708984375,-0.483154296875,0.5625,0.0,0.2451171875,0.54248046875
2598,1267,1.1889004707336426,0.7226412892341614,0.05531962215900421,-0.6865234375,-0.453369140625,0.568359375,0.0,0.246826171875,0.54345703125
2599,1270,1.2412182092666626,0.6563394069671631,0.05303921550512314,-0.6435546875,-0.53076171875,0.5517578125,0.0,0.2470703125,0.53564453125
2600,1269,1.2520614862442017,0.662415623664856,0.07107146829366684,-0.6435546875,-0.53076171875,0.5517578125,0.0,0.2452392578125,0.53564453125
2601,1271,1.2413430213928223,0.6777253746986389,0.036883555352687836,0.66162109375,0.53369140625,-0.5263671875,0.0,0.2413330078125,0.537109375
2602,1272,1.214263916015625,0.7298592925071716,0.05571568012237549,0.669921875,0.54541015625,-0.50390625,0.0,0.2432861328125,0.54248046875
2603,1273,1.259302020072937,0.6740466356277466,0.05287246033549309,0.66162109375,0.53369140625,-0.5263671875,0.0,0.2431640625,0.5361328125
2604,1271,1.2413430213928223,0.6777253746986389,0.036883555352687836,0.66162109375,0.53369140625,-0.5263671875,0.0,0.2413330078125,0.537109375
2605,1274,1.2013648748397827,0.7295230031013489,0.03628517687320709,0.673828125,0.55126953125,-0.4921875,0.0,0.241455078125,0.54296875
2606,1272,1.214263916015625,0.7298592925071716,0.05571568012237549,0.669921875,0.54541015625,-0.50390625,0.0,0.2432861328125,0.54248046875
2607,1274,1.2013648748397827,0.7295230031013489,0.03628517687320709,0.673828125,0.55126953125,-0.4921875,0.0,0.241455078125,0.54296875
2608,1275,1.1419193744659424,0.8169081211090088,0.055221863090991974,0.68310546875,0.56494140625,-0.463134765625,0.0,0.2431640625,0.55224609375
2609,1272,1.214263916015625,0.7298592925071716,0.05571568012237549,0.669921875,0.54541015625,-0.50390625,0.0,0.2432861328125,0.54248046875
2610,1276,1.1419193744659424,0.8169081211090088,0.055221863090991974,0.623046875,0.52099609375,0.58349609375,0.0,0.2431640625,0.55224609375
2611,1277,1.202241063117981,0.7246029376983643,0.07323790341615677,0.6357421875,0.50634765625,0.5830078125,0.0,0.2451171875,0.54248046875
2612,1278,1.214263916015625,0.7298592925071716,0.05571568012237549,0.63720703125,0.50439453125,0.58251953125,0.0,0.2432861328125,0.54248046875
2613,1277,1.202241063117981,0.7246029376983643,0.07323790341615677,0.6357421875,0.50634765625,0.5830078125,0.0,0.2451171875,0.54248046875
2614,1279,1.259302020072937,0.6740466356277466,0.05287246033549309,0.6455078125,0.494384765625,0.58203125,0.0,0.2431640625,0.5361328125
2615,1278,1.214263916015625,0.7298592925071716,0.05571568012237549,0.63720703125,0.50439453125,0.58251953125,0.0,0.2432861328125,0.54248046875
2616,1277,1.202241063117981,0.7246029376983643,0.07323790341615677,0.6357421875,0.50634765625,0.5830078125,0.0,0.2451171875,0.54248046875
2617,1280,1.2520614862442017,0.662415623664856,0.07107146829366684,0.6455078125,0.494384765625,0.58203125,0.0,0.2452392578125,0.53564453125
2618,1279,1.259302020072937,0.6740466356277466,0.05287246033549309,0.6455078125,0.494384765625,0.58203125,0.0,0.2431640625,0.5361328125
2619,1281,1.2413430213928223,0.6777253746986389,0.036883555352687836,-0.62744140625,-0.481689453125,-0.611328125,0.0,0.2413330078125,0.537109375
2620,1282,1.2412182092666626,0.6563394069671631,0.05303921550512314,-0.62744140625,-0.481689453125,-0.611328125,0.0,0.239501953125,0.53564453125
2621,1283,1.1889004707336426,0.7226412892341614,0.05531962215900421,-0.6689453125,-0.427978515625,-0.607421875,0.0,0.239501953125,0.54345703125
2622,1281,1.2413430213928223,0.6777253746986389,0.036883555352687836,-0.62744140625,-0.481689453125,-0.611328125,0.0,0.2413330078125,0.537109375
2623,1283,1.1889004707336426,0.7226412892341614,0.05531962215900421,-0.6689453125,-0.427978515625,-0.607421875,0.0,0.239501953125,0.54345703125
2624,1284,1.2013648748397827,0.7295230031013489,0.03628517687320709,-0.66357421875,-0.435546875,-0.6083984375,0.0,0.241455078125,0.54296875
2625,1283,1.1889004707336426,0.7226412892341614,0.05531962215900421,-0.6689453125,-0.427978515625,-0.607421875,0.0,0.239501953125,0.54345703125
2626,1285,1.1419193744659424,0.8169081211090088,0.055221863090991974,-0.716796875,-0.35791015625,-0.5986328125,0.0,0.2431640625,0.55224609375
2627,1284,1.2013648748397827,0.7295230031013489,0.03628517687320709,-0.66357421875,-0.435546875,-0.6083984375,0.0,0.241455078125,0.54296875
2628,1286,1.2278523445129395,0.5670198202133179,-0.04952703043818474,0.513671875,-0.386962890625,-0.76611328125,0.0,0.330078125,0.9541015625
2629,1287,1.2933770418167114,0.6227954030036926,0.02619379200041294,0.564453125,-0.61767578125,0.54736328125,0.0,0.339111328125,0.947265625
2630,1288,1.236040472984314,0.5599450469017029,0.020963601768016815,0.5703125,-0.62109375,0.53759765625,0.0,0.330078125,0.947265625
2631,1286,1.2278523445129395,0.5670198202133179,-0.04952703043818474,0.513671875,-0.386962890625,-0.76611328125,0.0,0.330078125,0.9541015625
2632,1289,1.2892762422561646,0.6312098503112793,-0.04003192484378815,0.5361328125,-0.411865234375,-0.73681640625,0.0,0.339111328125,0.9541015625
2633,1287,1.2933770418167114,0.6227954030036926,0.02619379200041294,0.564453125,-0.61767578125,0.54736328125,0.0,0.339111328125,0.947265625
2634,1290,1.1684128046035767,0.6022096276283264,-0.06539282947778702,-0.2344970703125,0.347412109375,-0.90771484375,0.0,0.330078125,0.96044921875
2635,1289,1.2892762422561646,0.6312098503112793,-0.04003192484378815,0.5361328125,-0.411865234375,-0.73681640625,0.0,0.339111328125,0.9541015625
2636,1286,1.2278523445129395,0.5670198202133179,-0.04952703043818474,0.513671875,-0.386962890625,-0.76611328125,0.0,0.330078125,0.9541015625
2637,1290,1.1684128046035767,0.6022096276283264,-0.06539282947778702,-0.2344970703125,0.347412109375,-0.90771484375,0.0,0.330078125,0.96044921875
2638,1291,1.2517151832580566,0.6888874769210815,-0.055601395666599274,-0.229736328125,0.34326171875,-0.91064453125,0.0,0.339111328125,0.96044921875
2639,1289,1.2892762422561646,0.6312098503112793,-0.04003192484378815,0.5361328125,-0.411865234375,-0.73681640625,0.0,0.339111328125,0.9541015625
2640,1292,1.1515259742736816,0.6339923143386841,-0.006997453048825264,-0.72509765625,0.6875,0.032257080078125,0.0,0.330078125,0.96728515625
2641,1291,1.2517151832580566,0.6888874769210815,-0.055601395666599274,-0.229736328125,0.34326171875,-0.91064453125,0.0,0.339111328125,0.96044921875
2642,1290,1.1684128046035767,0.6022096276283264,-0.06539282947778702,-0.2344970703125,0.347412109375,-0.90771484375,0.0,0.330078125,0.96044921875
2643,1292,1.1515259742736816,0.6339923143386841,-0.006997453048825264,-0.72509765625,0.6875,0.032257080078125,0.0,0.330078125,0.96728515625
2644,1293,1.2102031707763672,0.6981103420257568,0.008833951316773891,-0.72705078125,0.67724609375,0.11285400390625,0.0,0.339111328125,0.96728515625
2645,1291,1.2517151832580566,0.6888874769210815,-0.055601395666599274,-0.229736328125,0.34326171875,-0.91064453125,0.0,0.339111328125,0.96044921875
2646,1294,1.1709270477294922,0.5942184329032898,0.052620381116867065,-0.256591796875,0.09796142578125,0.96142578125,0.0,0.330078125,0.974609375
2647,1293,1.2102031707763672,0.6981103420257568,0.008833951316773891,-0.72705078125,0.67724609375,0.11285400390625,0.0,0.339111328125,0.96728515625
2648,1292,1.1515259742736816,0.6339923143386841,-0.006997453048825264,-0.72509765625,0.6875,0.032257080078125,0.0,0.330078125,0.96728515625
2649,1294,1.1709270477294922,0.5942184329032898,0.052620381116867065,-0.256591796875,0.09796142578125,0.96142578125,0.0,0.330078125,0.974609375
2650,1295,1.2559568881988525,0.672537088394165,0.066389299929142,-0.1842041015625,0.02581787109375,0.982421875,0.0,0.339111328125,0.974609375
2651,1293,1.2102031707763672,0.6981103420257568,0.008833951316773891,-0.72705078125,0.67724609375,0.11285400390625,0.0,0.339111328125,0.96728515625
2652,1296,1.236040472984314,0.5599450469017029,0.020963601768016815,0.5703125,-0.62109375,0.53759765625,0.0,0.330078125,0.98193359375
2653,1295,1.2559568881988525,0.672537088394165,0.066389299929142,-0.1842041015625,0.02581787109375,0.982421875,0.0,0.339111328125,0.974609375
2654,1294,1.1709270477294922,0.5942184329032898,0.052620381116867065,-0.256591796875,0.09796142578125,0.96142578125,0.0,0.330078125,0.974609375
2655,1296,1.236040472984314,0.5599450469017029,0.020963601768016815,0.5703125,-0.62109375,0.53759765625,0.0,0.330078125,0.98193359375
2656,1297,1.2933770418167114,0.6227954030036926,0.02619379200041294,0.564453125,-0.61767578125,0.54736328125,0.0,0.339111328125,0.98193359375
2657,1295,1.2559568881988525,0.672537088394165,0.066389299929142,-0.1842041015625,0.02581787109375,0.982421875,0.0,0.339111328125,0.974609375
2658,1298,1.2892762422561646,0.6312098503112793,-0.04003192484378815,0.7060546875,0.70458984375,0.0703125,0.0,0.60009765625,0.732421875
2659,1299,1.2517151832580566,0.6888874769210815,-0.055601395666599274,0.72314453125,0.57421875,0.383544921875,0.0,0.60595703125,0.73095703125
2660,1300,1.2102031707763672,0.6981103420257568,0.008833951316773891,0.6455078125,0.763671875,-0.0004992485046386719,0.0,0.60595703125,0.724609375
2661,1298,1.2892762422561646,0.6312098503112793,-0.04003192484378815,0.7060546875,0.70458984375,0.0703125,0.0,0.60009765625,0.732421875
2662,1300,1.2102031707763672,0.6981103420257568,0.008833951316773891,0.6455078125,0.763671875,-0.0004992485046386719,0.0,0.60595703125,0.724609375
2663,1301,1.2559568881988525,0.672537088394165,0.066389299929142,0.642578125,0.76025390625,-0.0941162109375,0.0,0.599609375,0.72216796875
2664,1302,1.2933770418167114,0.6227954030036926,0.02619379200041294,0.80859375,0.58837890625,0.0246734619140625,0.0,0.5966796875,0.7275390625
2665,1298,1.2892762422561646,0.6312098503112793,-0.04003192484378815,0.7060546875,0.70458984375,0.0703125,0.0,0.60009765625,0.732421875
2666,1301,1.2559568881988525,0.672537088394165,0.066389299929142,0.642578125,0.76025390625,-0.0941162109375,0.0,0.599609375,0.72216796875
2667,1303,1.1956733465194702,0.5964460372924805,0.02280605025589466,0.06585693359375,-0.348388671875,-0.93505859375,0.0,0.461669921875,0.331298828125
2668,1304,1.2082912921905518,0.5545925498008728,0.039285000413656235,-0.004199981689453125,-0.24462890625,-0.9697265625,0.0,0.459716796875,0.3271484375
2669,1305,1.1772029399871826,0.5918694734573364,0.022955290973186493,0.06585693359375,-0.348388671875,-0.93505859375,0.0,0.4599609375,0.33203125
2670,1303,1.1956733465194702,0.5964460372924805,0.02280605025589466,0.06585693359375,-0.348388671875,-0.93505859375,0.0,0.461669921875,0.331298828125
2671,1306,1.2241498231887817,0.5631260275840759,0.03696868196129799,-0.0136260986328125,-0.2303466796875,-0.97314453125,0.0,0.46142578125,0.326904296875
2672,1304,1.2082912921905518,0.5545925498008728,0.039285000413656235,-0.004199981689453125,-0.24462890625,-0.9697265625,0.0,0.459716796875,0.3271484375
2673,1306,1.2241498231887817,0.5631260275840759,0.03696868196129799,-0.0136260986328125,-0.2303466796875,-0.97314453125,0.0,0.46142578125,0.326904296875
2674,1307,1.3271034955978394,0.4094981253147125,0.05969146639108658,-0.04803466796875,-0.1776123046875,-0.98291015625,0.0,0.4609375,0.308837890625
2675,1304,1.2082912921905518,0.5545925498008728,0.039285000413656235,-0.004199981689453125,-0.24462890625,-0.9697265625,0.0,0.459716796875,0.3271484375
2676,1308,1.3271034955978394,0.4094981253147125,0.05969146639108658,-0.7607421875,-0.5830078125,0.28466796875,0.0,0.4609375,0.308837890625
2677,1309,1.215491771697998,0.5594907999038696,0.06856325268745422,-0.7705078125,-0.57080078125,0.283447265625,0.0,0.46435546875,0.32666015625
2678,1310,1.2082912921905518,0.5545925498008728,0.039285000413656235,-0.7744140625,-0.56640625,0.282958984375,0.0,0.46728515625,0.326171875
2679,1309,1.215491771697998,0.5594907999038696,0.06856325268745422,-0.7705078125,-0.57080078125,0.283447265625,0.0,0.46435546875,0.32666015625
2680,1311,1.1772029399871826,0.5918694734573364,0.022955290973186493,-0.7919921875,-0.5419921875,0.2802734375,0.0,0.468994140625,0.33056640625
2681,1310,1.2082912921905518,0.5545925498008728,0.039285000413656235,-0.7744140625,-0.56640625,0.282958984375,0.0,0.46728515625,0.326171875
2682,1309,1.215491771697998,0.5594907999038696,0.06856325268745422,-0.7705078125,-0.57080078125,0.283447265625,0.0,0.46435546875,0.32666015625
2683,1312,1.1833229064941406,0.5982046127319336,0.05306943133473396,-0.7919921875,-0.5419921875,0.2802734375,0.0,0.46533203125,0.331298828125
2684,1311,1.1772029399871826,0.5918694734573364,0.022955290973186493,-0.7919921875,-0.5419921875,0.2802734375,0.0,0.468994140625,0.33056640625
2685,1313,1.1956733465194702,0.5964460372924805,0.02280605025589466,0.68603515625,0.68212890625,0.253662109375,0.0,0.461669921875,0.331298828125
2686,1314,1.1833229064941406,0.5982046127319336,0.05306943133473396,0.68603515625,0.68212890625,0.253662109375,0.0,0.46533203125,0.331298828125
2687,1315,1.215491771697998,0.5594907999038696,0.06856325268745422,0.75,0.603515625,0.270751953125,0.0,0.46435546875,0.32666015625
2688,1313,1.1956733465194702,0.5964460372924805,0.02280605025589466,0.68603515625,0.68212890625,0.253662109375,0.0,0.461669921875,0.331298828125
2689,1315,1.215491771697998,0.5594907999038696,0.06856325268745422,0.75,0.603515625,0.270751953125,0.0,0.46435546875,0.32666015625
2690,1316,1.2241498231887817,0.5631260275840759,0.03696868196129799,0.7451171875,0.60986328125,0.26953125,0.0,0.46142578125,0.326904296875
2691,1315,1.215491771697998,0.5594907999038696,0.06856325268745422,0.75,0.603515625,0.270751953125,0.0,0.46435546875,0.32666015625
2692,1317,1.3271034955978394,0.4094981253147125,0.05969146639108658,0.7783203125,0.56298828125,0.278076171875,0.0,0.4609375,0.308837890625
2693,1316,1.2241498231887817,0.5631260275840759,0.03696868196129799,0.7451171875,0.60986328125,0.26953125,0.0,0.46142578125,0.326904296875
2694,1318,1.2501477003097534,0.6656876802444458,-0.023710638284683228,0.50341796875,0.6064453125,0.615234375,0.0,0.47705078125,0.65234375
2695,1319,1.290556788444519,0.6626670956611633,-0.05379567667841911,0.4453125,0.63330078125,0.6328125,0.0,0.473876953125,0.64892578125
2696,1320,1.2462689876556396,0.6819676160812378,-0.036316849291324615,0.50341796875,0.6064453125,0.615234375,0.0,0.475341796875,0.6533203125
2697,1318,1.2501477003097534,0.6656876802444458,-0.023710638284683228,0.50341796875,0.6064453125,0.615234375,0.0,0.47705078125,0.65234375
2698,1321,1.2894976139068604,0.6446231007575989,-0.03488484025001526,0.4365234375,0.63671875,0.63525390625,0.0,0.476318359375,0.64794921875
2699,1319,1.290556788444519,0.6626670956611633,-0.05379567667841911,0.4453125,0.63330078125,0.6328125,0.0,0.473876953125,0.64892578125
2700,1321,1.2894976139068604,0.6446231007575989,-0.03488484025001526,0.4365234375,0.63671875,0.63525390625,0.0,0.476318359375,0.64794921875
2701,1322,1.4068390130996704,0.5947175621986389,-0.05649999901652336,0.396484375,0.65283203125,0.64501953125,0.0,0.4736328125,0.6357421875
2702,1319,1.290556788444519,0.6626670956611633,-0.05379567667841911,0.4453125,0.63330078125,0.6328125,0.0,0.473876953125,0.64892578125
2703,1323,1.4068390130996704,0.5947175621986389,-0.05649999901652336,0.40478515625,0.71533203125,-0.5693359375,0.0,0.4736328125,0.6357421875
2704,1324,1.2864867448806763,0.6479942202568054,-0.07512800395488739,0.3369140625,0.75927734375,-0.556640625,0.0,0.471435546875,0.6484375
2705,1325,1.290556788444519,0.6626670956611633,-0.05379567667841911,0.305908203125,0.77734375,-0.5498046875,0.0,0.473876953125,0.64892578125
2706,1324,1.2864867448806763,0.6479942202568054,-0.07512800395488739,0.3369140625,0.75927734375,-0.556640625,0.0,0.471435546875,0.6484375
2707,1326,1.2462689876556396,0.6819676160812378,-0.036316849291324615,0.1983642578125,0.830078125,-0.52099609375,0.0,0.475341796875,0.6533203125
2708,1325,1.290556788444519,0.6626670956611633,-0.05379567667841911,0.305908203125,0.77734375,-0.5498046875,0.0,0.473876953125,0.64892578125
2709,1324,1.2864867448806763,0.6479942202568054,-0.07512800395488739,0.3369140625,0.75927734375,-0.556640625,0.0,0.471435546875,0.6484375
2710,1327,1.2386544942855835,0.6749954223632812,-0.05391523241996765,0.1983642578125,0.830078125,-0.52099609375,0.0,0.473388671875,0.65380859375
2711,1326,1.2462689876556396,0.6819676160812378,-0.036316849291324615,0.1983642578125,0.830078125,-0.52099609375,0.0,0.475341796875,0.6533203125
2712,1328,1.3183001279830933,0.6774958372116089,-0.003196137258782983,0.71826171875,-0.6953125,-0.006786346435546875,0.0,0.039794921875,0.62939453125
2713,1329,3.004039764404297,2.463526964187622,0.02175241708755493,0.08856201171875,-0.08160400390625,0.99267578125,0.0,0.044281005859375,0.8369140625
2714,1330,1.2940536737442017,0.6973249912261963,0.028908895328640938,-0.015869140625,0.019561767578125,0.99951171875,0.0,0.044281005859375,0.62939453125
2715,1328,1.3183001279830933,0.6774958372116089,-0.003196137258782983,0.71826171875,-0.6953125,-0.006786346435546875,0.0,0.039794921875,0.62939453125
2716,1331,3.031492233276367,2.4478065967559814,-0.01035374216735363,0.71826171875,-0.6953125,-0.01358795166015625,0.0,0.039794921875,0.8369140625
2717,1329,3.004039764404297,2.463526964187622,0.02175241708755493,0.08856201171875,-0.08160400390625,0.99267578125,0.0,0.044281005859375,0.8369140625
2718,1332,1.2938320636749268,0.698010265827179,-0.034683678299188614,-0.03326416015625,0.0283050537109375,-0.9990234375,0.0,0.035308837890625,0.62939453125
2719,1331,3.031492233276367,2.4478065967559814,-0.01035374216735363,0.71826171875,-0.6953125,-0.01358795166015625,0.0,0.039794921875,0.8369140625
2720,1328,1.3183001279830933,0.6774958372116089,-0.003196137258782983,0.71826171875,-0.6953125,-0.006786346435546875,0.0,0.039794921875,0.62939453125
2721,1332,1.2938320636749268,0.698010265827179,-0.034683678299188614,-0.03326416015625,0.0283050537109375,-0.9990234375,0.0,0.035308837890625,0.62939453125
2722,1333,3.003713369369507,2.4641637802124023,-0.04184001311659813,0.071533203125,-0.0731201171875,-0.99462890625,0.0,0.035308837890625,0.8369140625
2723,1331,3.031492233276367,2.4478065967559814,-0.01035374216735363,0.71826171875,-0.6953125,-0.01358795166015625,0.0,0.039794921875,0.8369140625
2724,1334,1.269585371017456,0.7178394794464111,-0.0025785905309021473,-0.71826171875,0.69580078125,0.01412200927734375,0.0,0.03082275390625,0.62939453125
2725,1333,3.003713369369507,2.4641637802124023,-0.04184001311659813,0.071533203125,-0.0731201171875,-0.99462890625,0.0,0.035308837890625,0.8369140625
2726,1332,1.2938320636749268,0.698010265827179,-0.034683678299188614,-0.03326416015625,0.0283050537109375,-0.9990234375,0.0,0.035308837890625,0.62939453125
2727,1334,1.269585371017456,0.7178394794464111,-0.0025785905309021473,-0.71826171875,0.69580078125,0.01412200927734375,0.0,0.03082275390625,0.62939453125
2728,1335,2.976261615753174,2.479884624481201,-0.009733750484883785,-0.71826171875,0.69580078125,0.0077056884765625,0.0,0.03082275390625,0.8369140625
2729,1333,3.003713369369507,2.4641637802124023,-0.04184001311659813,0.071533203125,-0.0731201171875,-0.99462890625,0.0,0.035308837890625,0.8369140625
2730,1336,1.2940536737442017,0.6973249912261963,0.028908895328640938,-0.015869140625,0.019561767578125,0.99951171875,0.0,0.026336669921875,0.62939453125
2731,1335,2.976261615753174,2.479884624481201,-0.009733750484883785,-0.71826171875,0.69580078125,0.0077056884765625,0.0,0.03082275390625,0.8369140625
2732,1334,1.269585371017456,0.7178394794464111,-0.0025785905309021473,-0.71826171875,0.69580078125,0.01412200927734375,0.0,0.03082275390625,0.62939453125
2733,1336,1.2940536737442017,0.6973249912261963,0.028908895328640938,-0.015869140625,0.019561767578125,0.99951171875,0.0,0.026336669921875,0.62939453125
2734,1337,3.004039764404297,2.463526964187622,0.02175241708755493,0.08856201171875,-0.08160400390625,0.99267578125,0.0,0.026336669921875,0.8369140625
2735,1335,2.976261615753174,2.479884624481201,-0.009733750484883785,-0.71826171875,0.69580078125,0.0077056884765625,0.0,0.03082275390625,0.8369140625
2736,1338,0.9628540873527527,1.4561434984207153,-0.0012045002076774836,-0.7509765625,0.65869140625,0.046600341796875,0.0,0.4462890625,0.98876953125
2737,1339,1.0506433248519897,1.4910882711410522,-0.06608846038579941,-0.216064453125,-0.010772705078125,-0.9765625,0.0,0.437255859375,0.99658203125
2738,1340,0.9959326982498169,1.4263741970062256,-0.05693245679140091,-0.224609375,-0.0027484893798828125,-0.974609375,0.0,0.4462890625,0.99658203125
2739,1338,0.9628540873527527,1.4561434984207153,-0.0012045002076774836,-0.7509765625,0.65869140625,0.046600341796875,0.0,0.4462890625,0.98876953125
2740,1341,1.0210055112838745,1.522552490234375,-0.0150485560297966,-0.755859375,0.65478515625,0.0023174285888671875,0.0,0.437255859375,0.98876953125
2741,1339,1.0506433248519897,1.4910882711410522,-0.06608846038579941,-0.216064453125,-0.010772705078125,-0.9765625,0.0,0.437255859375,0.99658203125
2742,1342,0.9838955998420715,1.4272435903549194,0.05999304726719856,-0.21142578125,0.363525390625,0.9072265625,0.0,0.4462890625,0.98291015625
2743,1341,1.0210055112838745,1.522552490234375,-0.0150485560297966,-0.755859375,0.65478515625,0.0023174285888671875,0.0,0.437255859375,0.98876953125
2744,1338,0.9628540873527527,1.4561434984207153,-0.0012045002076774836,-0.7509765625,0.65869140625,0.046600341796875,0.0,0.4462890625,0.98876953125
2745,1342,0.9838955998420715,1.4272435903549194,0.05999304726719856,-0.21142578125,0.363525390625,0.9072265625,0.0,0.4462890625,0.98291015625
2746,1343,1.0607383251190186,1.5186740159988403,0.043142709881067276,-0.216552734375,0.3671875,0.90478515625,0.0,0.437255859375,0.98291015625
2747,1341,1.0210055112838745,1.522552490234375,-0.0150485560297966,-0.755859375,0.65478515625,0.0023174285888671875,0.0,0.437255859375,0.98876953125
2748,1344,1.0428509712219238,1.3958239555358887,0.04442286863923073,0.5966796875,-0.37646484375,0.70849609375,0.0,0.4462890625,0.97607421875
2749,1343,1.0607383251190186,1.5186740159988403,0.043142709881067276,-0.216552734375,0.3671875,0.90478515625,0.0,0.437255859375,0.98291015625
2750,1342,0.9838955998420715,1.4272435903549194,0.05999304726719856,-0.21142578125,0.363525390625,0.9072265625,0.0,0.4462890625,0.98291015625
2751,1344,1.0428509712219238,1.3958239555358887,0.04442286863923073,0.5966796875,-0.37646484375,0.70849609375,0.0,0.4462890625,0.97607421875
2752,1345,1.1044765710830688,1.45691978931427,0.027858788147568703,0.6328125,-0.420654296875,0.650390625,0.0,0.437255859375,0.97607421875
2753,1343,1.0607383251190186,1.5186740159988403,0.043142709881067276,-0.216552734375,0.3671875,0.90478515625,0.0,0.437255859375,0.98291015625
2754,1346,1.0425834655761719,1.3696017265319824,-0.025039123371243477,0.6162109375,-0.64013671875,-0.458251953125,0.0,0.4462890625,0.96923828125
2755,1345,1.1044765710830688,1.45691978931427,0.027858788147568703,0.6328125,-0.420654296875,0.650390625,0.0,0.437255859375,0.97607421875
2756,1344,1.0428509712219238,1.3958239555358887,0.04442286863923073,0.5966796875,-0.37646484375,0.70849609375,0.0,0.4462890625,0.97607421875
2757,1346,1.0425834655761719,1.3696017265319824,-0.025039123371243477,0.6162109375,-0.64013671875,-0.458251953125,0.0,0.4462890625,0.96923828125
2758,1347,1.1146537065505981,1.457749605178833,-0.04931474104523659,0.5673828125,-0.61572265625,-0.546875,0.0,0.437255859375,0.96923828125
2759,1345,1.1044765710830688,1.45691978931427,0.027858788147568703,0.6328125,-0.420654296875,0.650390625,0.0,0.437255859375,0.97607421875
2760,1348,0.9959326982498169,1.4263741970062256,-0.05693245679140091,-0.224609375,-0.0027484893798828125,-0.974609375,0.0,0.4462890625,0.9619140625
2761,1347,1.1146537065505981,1.457749605178833,-0.04931474104523659,0.5673828125,-0.61572265625,-0.546875,0.0,0.437255859375,0.96923828125
2762,1346,1.0425834655761719,1.3696017265319824,-0.025039123371243477,0.6162109375,-0.64013671875,-0.458251953125,0.0,0.4462890625,0.96923828125
2763,1348,0.9959326982498169,1.4263741970062256,-0.05693245679140091,-0.224609375,-0.0027484893798828125,-0.974609375,0.0,0.4462890625,0.9619140625
2764,1349,1.0506433248519897,1.4910882711410522,-0.06608846038579941,-0.216064453125,-0.010772705078125,-0.9765625,0.0,0.437255859375,0.9619140625
2765,1347,1.1146537065505981,1.457749605178833,-0.04931474104523659,0.5673828125,-0.61572265625,-0.546875,0.0,0.437255859375,0.96923828125
2766,1350,1.0210055112838745,1.522552490234375,-0.0150485560297966,0.619140625,0.771484375,-0.147705078125,0.0,0.29638671875,0.352294921875
2767,1351,1.0607383251190186,1.5186740159988403,0.043142709881067276,0.68408203125,0.59033203125,-0.427734375,0.0,0.302978515625,0.350830078125
2768,1352,1.1044765710830688,1.45691978931427,0.027858788147568703,0.6298828125,0.77587890625,-0.038055419921875,0.0,0.302978515625,0.343505859375
2769,1350,1.0210055112838745,1.522552490234375,-0.0150485560297966,0.619140625,0.771484375,-0.147705078125,0.0,0.29638671875,0.352294921875
2770,1352,1.1044765710830688,1.45691978931427,0.027858788147568703,0.6298828125,0.77587890625,-0.038055419921875,0.0,0.302978515625,0.343505859375
2771,1353,1.1146537065505981,1.457749605178833,-0.04931474104523659,0.5751953125,0.8173828125,0.02581787109375,0.0,0.2958984375,0.3408203125
2772,1354,1.0506433248519897,1.4910882711410522,-0.06608846038579941,0.49609375,0.837890625,-0.228271484375,0.0,0.29248046875,0.346923828125
2773,1350,1.0210055112838745,1.522552490234375,-0.0150485560297966,0.619140625,0.771484375,-0.147705078125,0.0,0.29638671875,0.352294921875
2774,1353,1.1146537065505981,1.457749605178833,-0.04931474104523659,0.5751953125,0.8173828125,0.02581787109375,0.0,0.2958984375,0.3408203125
2775,1355,1.0216363668441772,1.4430612325668335,0.07258300483226776,-0.80078125,-0.45068359375,0.39501953125,0.0,0.4462890625,0.5146484375
2776,1356,0.9929095506668091,1.428181767463684,-0.0015231585130095482,-0.80078125,-0.45068359375,0.39501953125,0.0,0.4462890625,0.521484375
2777,1357,1.0028094053268433,1.4125585556030273,-0.00035568236489780247,-0.80078125,-0.45068359375,0.39501953125,0.0,0.447998046875,0.521484375
2778,1355,1.0216363668441772,1.4430612325668335,0.07258300483226776,-0.80078125,-0.45068359375,0.39501953125,0.0,0.4462890625,0.5146484375
2779,1357,1.0028094053268433,1.4125585556030273,-0.00035568236489780247,-0.80078125,-0.45068359375,0.39501953125,0.0,0.447998046875,0.521484375
2780,1358,1.0275824069976807,1.4280526638031006,0.06858642399311066,-0.80078125,-0.45068359375,0.39501953125,0.0,0.44775390625,0.51513671875
2781,1359,1.0187242031097412,1.4384255409240723,-0.009496933780610561,-0.310302734375,0.94970703125,-0.042633056640625,0.0,0.444091796875,0.521484375
2782,1360,0.9929095506668091,1.428181767463684,-0.0015231585130095482,-0.310302734375,0.94970703125,-0.042633056640625,0.0,0.4462890625,0.521484375
2783,1361,1.0216363668441772,1.4430612325668335,0.07258300483226776,-0.310302734375,0.94970703125,-0.042633056640625,0.0,0.4462890625,0.5146484375
2784,1359,1.0187242031097412,1.4384255409240723,-0.009496933780610561,-0.310302734375,0.94970703125,-0.042633056640625,0.0,0.444091796875,0.521484375
2785,1361,1.0216363668441772,1.4430612325668335,0.07258300483226776,-0.310302734375,0.94970703125,-0.042633056640625,0.0,0.4462890625,0.5146484375
2786,1362,1.0353753566741943,1.444138765335083,0.04477575048804283,-0.310302734375,0.94970703125,-0.042633056640625,0.0,0.444091796875,0.5166015625
2787,1363,1.0275824069976807,1.4280526638031006,0.06858642399311066,0.7958984375,-0.58154296875,-0.1676025390625,0.0,0.441650390625,0.51513671875
2788,1364,1.0028094053268433,1.4125585556030273,-0.00035568236489780247,0.7958984375,-0.58154296875,-0.1676025390625,0.0,0.44140625,0.521484375
2789,1365,1.0187242031097412,1.4384255409240723,-0.009496933780610561,0.7958984375,-0.58154296875,-0.1676025390625,0.0,0.444091796875,0.521484375
2790,1363,1.0275824069976807,1.4280526638031006,0.06858642399311066,0.7958984375,-0.58154296875,-0.1676025390625,0.0,0.441650390625,0.51513671875
2791,1365,1.0187242031097412,1.4384255409240723,-0.009496933780610561,0.7958984375,-0.58154296875,-0.1676025390625,0.0,0.444091796875,0.521484375
2792,1366,1.0353753566741943,1.444138765335083,0.04477575048804283,0.7958984375,-0.58154296875,-0.1676025390625,0.0,0.444091796875,0.5166015625
2793,1367,0.9853982925415039,1.4483367204666138,0.06082359701395035,-0.51025390625,0.80322265625,0.306884765625,0.0,0.4453125,0.4609375
2794,1368,0.9768970012664795,1.4657272100448608,-0.00028110979474149644,-0.51025390625,0.80322265625,0.306884765625,0.0,0.4453125,0.45458984375
2795,1369,0.9612274765968323,1.4558980464935303,0.0008565807365812361,-0.51025390625,0.80322265625,0.306884765625,0.0,0.443359375,0.45458984375
2796,1367,0.9853982925415039,1.4483367204666138,0.06082359701395035,-0.51025390625,0.80322265625,0.306884765625,0.0,0.4453125,0.4609375
2797,1369,0.9612274765968323,1.4558980464935303,0.0008565807365812361,-0.51025390625,0.80322265625,0.306884765625,0.0,0.443359375,0.45458984375
2798,1370,0.9687724709510803,1.437343716621399,0.060503095388412476,-0.51025390625,0.80322265625,0.306884765625,0.0,0.443359375,0.4609375
2799,1371,0.9870699048042297,1.4398339986801147,-0.00808914378285408,0.9443359375,0.327880859375,-0.017547607421875,0.0,0.4482421875,0.45458984375
2800,1372,0.9768970012664795,1.4657272100448608,-0.00028110979474149644,0.9443359375,0.327880859375,-0.017547607421875,0.0,0.4453125,0.45458984375
2801,1373,0.9853982925415039,1.4483367204666138,0.06082359701395035,0.9443359375,0.327880859375,-0.017547607421875,0.0,0.4453125,0.4609375
2802,1371,0.9870699048042297,1.4398339986801147,-0.00808914378285408,0.9443359375,0.327880859375,-0.017547607421875,0.0,0.4482421875,0.45458984375
2803,1373,0.9853982925415039,1.4483367204666138,0.06082359701395035,0.9443359375,0.327880859375,-0.017547607421875,0.0,0.4453125,0.4609375
2804,1374,0.9924551844596863,1.423405408859253,0.04628490284085274,0.9443359375,0.327880859375,-0.017547607421875,0.0,0.4482421875,0.4609375
2805,1375,1.0304489135742188,1.4032829999923706,-0.019594009965658188,-0.7841796875,0.397216796875,0.4765625,0.0,0.185546875,0.8603515625
2806,1376,1.0031590461730957,1.392683982849121,-0.05566655099391937,-0.72802734375,0.387939453125,0.5654296875,0.0,0.18701171875,0.8642578125
2807,1377,1.0268864631652832,1.3867244720458984,-0.010919112712144852,-0.7841796875,0.397216796875,0.4765625,0.0,0.1871337890625,0.85986328125
2808,1375,1.0304489135742188,1.4032829999923706,-0.019594009965658188,-0.7841796875,0.397216796875,0.4765625,0.0,0.185546875,0.8603515625
2809,1378,1.0088388919830322,1.409479022026062,-0.05958378314971924,-0.71630859375,0.3857421875,0.58154296875,0.0,0.1854248046875,0.8642578125
2810,1376,1.0031590461730957,1.392683982849121,-0.05566655099391937,-0.72802734375,0.387939453125,0.5654296875,0.0,0.18701171875,0.8642578125
2811,1378,1.0088388919830322,1.409479022026062,-0.05958378314971924,-0.71630859375,0.3857421875,0.58154296875,0.0,0.1854248046875,0.8642578125
2812,1379,0.9239900708198547,1.4274135828018188,-0.15878652036190033,-0.66943359375,0.3759765625,0.640625,0.0,0.1834716796875,0.8759765625
2813,1376,1.0031590461730957,1.392683982849121,-0.05566655099391937,-0.72802734375,0.387939453125,0.5654296875,0.0,0.18701171875,0.8642578125
2814,1380,1.0304489135742188,1.4032829999923706,-0.019594009965658188,0.69482421875,0.66162109375,-0.281982421875,0.0,0.185546875,0.8603515625
2815,1381,1.0487853288650513,1.3792229890823364,-0.032099828124046326,0.69482421875,0.66162109375,-0.281982421875,0.0,0.1826171875,0.85986328125
2816,1382,1.0233888626098633,1.3859878778457642,-0.0775519460439682,0.64892578125,0.67578125,-0.34912109375,0.0,0.1826171875,0.8642578125
2817,1380,1.0304489135742188,1.4032829999923706,-0.019594009965658188,0.69482421875,0.66162109375,-0.281982421875,0.0,0.185546875,0.8603515625
2818,1382,1.0233888626098633,1.3859878778457642,-0.0775519460439682,0.64892578125,0.67578125,-0.34912109375,0.0,0.1826171875,0.8642578125
2819,1383,1.0088388919830322,1.409479022026062,-0.05958378314971924,0.65087890625,0.67529296875,-0.3466796875,0.0,0.1854248046875,0.8642578125
2820,1382,1.0233888626098633,1.3859878778457642,-0.0775519460439682,0.64892578125,0.67578125,-0.34912109375,0.0,0.1826171875,0.8642578125
2821,1384,0.9239900708198547,1.4274135828018188,-0.15878652036190033,0.61083984375,0.68359375,-0.39892578125,0.0,0.1834716796875,0.8759765625
2822,1383,1.0088388919830322,1.409479022026062,-0.05958378314971924,0.65087890625,0.67529296875,-0.3466796875,0.0,0.1854248046875,0.8642578125
2823,1385,1.0031590461730957,1.392683982849121,-0.05566655099391937,-0.325927734375,-0.9453125,-0.00867462158203125,0.0,0.1800537109375,0.8642578125
2824,1386,1.0487853288650513,1.3792229890823364,-0.032099828124046326,-0.295166015625,-0.955078125,0.02606201171875,0.0,0.1826171875,0.85986328125
2825,1387,1.0268864631652832,1.3867244720458984,-0.010919112712144852,-0.295166015625,-0.955078125,0.02606201171875,0.0,0.1798095703125,0.859375
2826,1385,1.0031590461730957,1.392683982849121,-0.05566655099391937,-0.325927734375,-0.9453125,-0.00867462158203125,0.0,0.1800537109375,0.8642578125
2827,1388,1.0233888626098633,1.3859878778457642,-0.0775519460439682,-0.3310546875,-0.943359375,-0.01461029052734375,0.0,0.1826171875,0.8642578125
2828,1386,1.0487853288650513,1.3792229890823364,-0.032099828124046326,-0.295166015625,-0.955078125,0.02606201171875,0.0,0.1826171875,0.85986328125
2829,1385,1.0031590461730957,1.392683982849121,-0.05566655099391937,-0.325927734375,-0.9453125,-0.00867462158203125,0.0,0.1800537109375,0.8642578125
2830,1389,0.9239900708198547,1.4274135828018188,-0.15878652036190033,-0.354736328125,-0.93408203125,-0.04217529296875,0.0,0.1834716796875,0.8759765625
2831,1388,1.0233888626098633,1.3859878778457642,-0.0775519460439682,-0.3310546875,-0.943359375,-0.01461029052734375,0.0,0.1826171875,0.8642578125
2832,1390,1.373362421989441,2.219322443008423,-0.039212025701999664,-0.04595947265625,-0.05377197265625,-0.99755859375,0.0,0.1121826171875,0.19287109375
2833,1391,1.3989133834838867,2.2394323348999023,-0.006507277488708496,0.689453125,0.72412109375,0.0015077590942382812,0.0,0.11669921875,0.19287109375
2834,1392,2.8577377796173096,0.8503608703613281,0.0015330339083448052,0.689453125,0.72412109375,-0.003971099853515625,0.0,0.11669921875,0.0035800933837890625
2835,1390,1.373362421989441,2.219322443008423,-0.039212025701999664,-0.04595947265625,-0.05377197265625,-0.99755859375,0.0,0.1121826171875,0.19287109375
2836,1392,2.8577377796173096,0.8503608703613281,0.0015330339083448052,0.689453125,0.72412109375,-0.003971099853515625,0.0,0.11669921875,0.0035800933837890625
2837,1393,2.835136890411377,0.8266903758049011,-0.03117087297141552,0.005176544189453125,-0.00012874603271484375,-1.0,0.0,0.1121826171875,0.0035800933837890625
2838,1390,1.373362421989441,2.219322443008423,-0.039212025701999664,-0.04595947265625,-0.05377197265625,-0.99755859375,0.0,0.1121826171875,0.19287109375
2839,1393,2.835136890411377,0.8266903758049011,-0.03117087297141552,0.005176544189453125,-0.00012874603271484375,-1.0,0.0,0.1121826171875,0.0035800933837890625
2840,1394,2.8120622634887695,0.8035094738006592,0.0015528608346357942,-0.68994140625,-0.72412109375,-0.0017652511596679688,0.0,0.10760498046875,0.0035800933837890625
2841,1390,1.373362421989441,2.219322443008423,-0.039212025701999664,-0.04595947265625,-0.05377197265625,-0.99755859375,0.0,0.1121826171875,0.19287109375
2842,1394,2.8120622634887695,0.8035094738006592,0.0015528608346357942,-0.68994140625,-0.72412109375,-0.0017652511596679688,0.0,0.10760498046875,0.0035800933837890625
2843,1395,1.3474090099334717,2.1997554302215576,-0.006489211227744818,-0.68994140625,-0.72412109375,0.00408172607421875,0.0,0.10760498046875,0.19287109375
2844,1395,1.3474090099334717,2.1997554302215576,-0.006489211227744818,-0.68994140625,-0.72412109375,0.00408172607421875,0.0,0.10760498046875,0.19287109375
2845,1394,2.8120622634887695,0.8035094738006592,0.0015528608346357942,-0.68994140625,-0.72412109375,-0.0017652511596679688,0.0,0.10760498046875,0.0035800933837890625
2846,1396,2.834662914276123,0.827180027961731,0.034256767481565475,0.0002295970916748047,0.0062255859375,1.0,0.0,0.10308837890625,0.0035800933837890625
2847,1395,1.3474090099334717,2.1997554302215576,-0.006489211227744818,-0.68994140625,-0.72412109375,0.00408172607421875,0.0,0.10760498046875,0.19287109375
2848,1396,2.834662914276123,0.827180027961731,0.034256767481565475,0.0002295970916748047,0.0062255859375,1.0,0.0,0.10308837890625,0.0035800933837890625
2849,1397,1.372959852218628,2.219865083694458,0.026215536519885063,-0.05108642578125,-0.04766845703125,0.99755859375,0.0,0.10308837890625,0.19287109375
2850,1397,1.372959852218628,2.219865083694458,0.026215536519885063,-0.05108642578125,-0.04766845703125,0.99755859375,0.0,0.10308837890625,0.19287109375
2851,1396,2.834662914276123,0.827180027961731,0.034256767481565475,0.0002295970916748047,0.0062255859375,1.0,0.0,0.10308837890625,0.0035800933837890625
2852,1398,2.8577377796173096,0.8503608703613281,0.0015330339083448052,0.689453125,0.72412109375,-0.003971099853515625,0.0,0.0985107421875,0.0035800933837890625
2853,1397,1.372959852218628,2.219865083694458,0.026215536519885063,-0.05108642578125,-0.04766845703125,0.99755859375,0.0,0.10308837890625,0.19287109375
2854,1398,2.8577377796173096,0.8503608703613281,0.0015330339083448052,0.689453125,0.72412109375,-0.003971099853515625,0.0,0.0985107421875,0.0035800933837890625
2855,1399,1.3989133834838867,2.2394323348999023,-0.006507277488708496,0.689453125,0.72412109375,0.0015077590942382812,0.0,0.0985107421875,0.19287109375
2856,1400,0.42791083455085754,1.706940770149231,0.028494734317064285,0.039154052734375,-0.03399658203125,0.99853515625,0.0,0.2095947265625,0.129638671875
2857,1401,-0.5254653692245483,0.7308170199394226,0.03246946632862091,0.00991058349609375,-0.0054473876953125,1.0,0.0,0.2095947265625,0.0035800933837890625
2858,1402,-0.5028135776519775,0.7089435458183289,0.0003649971913546324,0.71533203125,-0.69873046875,-0.005817413330078125,0.0,0.205078125,0.0035800933837890625
2859,1400,0.42791083455085754,1.706940770149231,0.028494734317064285,0.039154052734375,-0.03399658203125,0.99853515625,0.0,0.2095947265625,0.129638671875
2860,1402,-0.5028135776519775,0.7089435458183289,0.0003649971913546324,0.71533203125,-0.69873046875,-0.005817413330078125,0.0,0.205078125,0.0035800933837890625
2861,1403,0.45234304666519165,1.6873492002487183,-0.003610361833125353,0.71533203125,-0.69873046875,-0.0136566162109375,0.0,0.205078125,0.129638671875
2862,1403,0.45234304666519165,1.6873492002487183,-0.003610361833125353,0.71533203125,-0.69873046875,-0.0136566162109375,0.0,0.205078125,0.129638671875
2863,1402,-0.5028135776519775,0.7089435458183289,0.0003649971913546324,0.71533203125,-0.69873046875,-0.005817413330078125,0.0,0.205078125,0.0035800933837890625
2864,1404,-0.5256344676017761,0.7315263152122498,-0.031123178079724312,-0.0079193115234375,0.0038204193115234375,-1.0,0.0,0.2005615234375,0.0035800933837890625
2865,1403,0.45234304666519165,1.6873492002487183,-0.003610361833125353,0.71533203125,-0.69873046875,-0.0136566162109375,0.0,0.205078125,0.129638671875
2866,1404,-0.5256344676017761,0.7315263152122498,-0.031123178079724312,-0.0079193115234375,0.0038204193115234375,-1.0,0.0,0.2005615234375,0.0035800933837890625
2867,1405,0.4276832938194275,1.7076231241226196,-0.03509783372282982,0.02154541015625,-0.0249481201171875,-0.99951171875,0.0,0.2005615234375,0.1297607421875
2868,1405,0.4276832938194275,1.7076231241226196,-0.03509783372282982,0.02154541015625,-0.0249481201171875,-0.99951171875,0.0,0.2005615234375,0.1297607421875
2869,1404,-0.5256344676017761,0.7315263152122498,-0.031123178079724312,-0.0079193115234375,0.0038204193115234375,-1.0,0.0,0.2005615234375,0.0035800933837890625
2870,1406,-0.5482863783836365,0.7533997893333435,0.0009813274955376983,-0.71533203125,0.69873046875,0.01393890380859375,0.0,0.196044921875,0.0035800933837890625
2871,1405,0.4276832938194275,1.7076231241226196,-0.03509783372282982,0.02154541015625,-0.0249481201171875,-0.99951171875,0.0,0.2005615234375,0.1297607421875
2872,1406,-0.5482863783836365,0.7533997893333435,0.0009813274955376983,-0.71533203125,0.69873046875,0.01393890380859375,0.0,0.196044921875,0.0035800933837890625
2873,1407,0.40325111150741577,1.7272148132324219,-0.002992672845721245,-0.71533203125,0.69873046875,0.0063934326171875,0.0,0.196044921875,0.1297607421875
2874,1407,0.40325111150741577,1.7272148132324219,-0.002992672845721245,-0.71533203125,0.69873046875,0.0063934326171875,0.0,0.196044921875,0.1297607421875
2875,1406,-0.5482863783836365,0.7533997893333435,0.0009813274955376983,-0.71533203125,0.69873046875,0.01393890380859375,0.0,0.196044921875,0.0035800933837890625
2876,1408,-0.5254653692245483,0.7308170199394226,0.03246946632862091,0.00991058349609375,-0.0054473876953125,1.0,0.0,0.191650390625,0.0035800933837890625
2877,1407,0.40325111150741577,1.7272148132324219,-0.002992672845721245,-0.71533203125,0.69873046875,0.0063934326171875,0.0,0.196044921875,0.1297607421875
2878,1408,-0.5254653692245483,0.7308170199394226,0.03246946632862091,0.00991058349609375,-0.0054473876953125,1.0,0.0,0.191650390625,0.0035800933837890625
2879,1409,0.42791083455085754,1.706940770149231,0.028494734317064285,0.039154052734375,-0.03399658203125,0.99853515625,0.0,0.191650390625,0.129638671875
2880,1410,0.40325111150741577,1.7272148132324219,-0.002992672845721245,0.63037109375,0.7763671875,0.006072998046875,0.0,0.71435546875,0.285888671875
2881,1411,0.42791083455085754,1.706940770149231,0.028494734317064285,0.63037109375,0.7763671875,0.006072998046875,0.0,0.71435546875,0.281982421875
2882,1412,0.45234304666519165,1.6873492002487183,-0.003610361833125353,0.63037109375,0.7763671875,0.006072998046875,0.0,0.71044921875,0.2822265625
2883,1410,0.40325111150741577,1.7272148132324219,-0.002992672845721245,0.63037109375,0.7763671875,0.006072998046875,0.0,0.71435546875,0.285888671875
2884,1412,0.45234304666519165,1.6873492002487183,-0.003610361833125353,0.63037109375,0.7763671875,0.006072998046875,0.0,0.71044921875,0.2822265625
2885,1413,0.4276832938194275,1.7076231241226196,-0.03509783372282982,0.63037109375,0.7763671875,0.006072998046875,0.0,0.71044921875,0.2861328125
2886,1414,1.3474090099334717,2.1997554302215576,-0.006489211227744818,-0.6103515625,0.7919921875,-0.0103302001953125,0.0,0.71044921875,0.275634765625
2887,1415,1.372959852218628,2.219865083694458,0.026215536519885063,-0.6103515625,0.7919921875,-0.0103302001953125,0.0,0.71240234375,0.2783203125
2888,1416,1.3989133834838867,2.2394323348999023,-0.006507277488708496,-0.6103515625,0.7919921875,-0.0103302001953125,0.0,0.71484375,0.276123046875
2889,1414,1.3474090099334717,2.1997554302215576,-0.006489211227744818,-0.6103515625,0.7919921875,-0.0103302001953125,0.0,0.71044921875,0.275634765625
2890,1416,1.3989133834838867,2.2394323348999023,-0.006507277488708496,-0.6103515625,0.7919921875,-0.0103302001953125,0.0,0.71484375,0.276123046875
2891,1417,1.373362421989441,2.219322443008423,-0.039212025701999664,-0.6103515625,0.7919921875,-0.0103302001953125,0.0,0.712890625,0.273681640625
