VTX,IDX,in_POSITION0.x,in_POSITION0.y,in_POSITION0.z,in_NORMAL0.x,in_NORMAL0.y,in_NORMAL0.z,in_NORMAL0.w,in_TEXCOORD0.x,in_TEXCOORD0.y
0,0,-0.9121212363243103,1.5598254203796387,-0.6965683698654175,-1.0,0.0,0.0,0.0,0.443115234375,0.445068359375
1,1,-0.9121212363243103,2.104585886001587,0.80014967918396,-1.0,0.0,0.0,0.0,0.443115234375,0.603515625
2,2,-0.9121212363243103,2.2851860523223877,0.7344173192977905,-1.0,0.0,0.0,0.0,0.463134765625,0.603515625
3,0,-0.9121212363243103,1.5598254203796387,-0.6965683698654175,-1.0,0.0,0.0,0.0,0.443115234375,0.445068359375
4,2,-0.9121212363243103,2.2851860523223877,0.7344173192977905,-1.0,0.0,0.0,0.0,0.463134765625,0.603515625
5,3,-0.9121212363243103,1.7404258251190186,-0.7623007297515869,-1.0,0.0,0.0,0.0,0.463134765625,0.445068359375
6,4,-0.7404513359069824,2.2851860523223877,0.7344173192977905,0.0,0.939453125,-0.342041015625,0.0,0.48095703125,0.603515625
7,5,-0.7404513359069824,1.7404258251190186,-0.7623007297515869,0.0,0.939453125,-0.342041015625,0.0,0.48095703125,0.445068359375
8,6,-0.9121212363243103,1.7404258251190186,-0.7623007297515869,0.0,0.939453125,-0.342041015625,0.0,0.463134765625,0.445068359375
9,4,-0.7404513359069824,2.2851860523223877,0.7344173192977905,0.0,0.939453125,-0.342041015625,0.0,0.48095703125,0.603515625
10,6,-0.9121212363243103,1.7404258251190186,-0.7623007297515869,0.0,0.939453125,-0.342041015625,0.0,0.463134765625,0.445068359375
11,7,-0.9121212363243103,2.2851860523223877,0.7344173192977905,0.0,0.939453125,-0.342041015625,0.0,0.463134765625,0.603515625
12,8,-0.7520251870155334,2.614100217819214,0.8554876446723938,0.0,-4.172325134277344e-07,1.0,0.0,0.490234375,0.44482421875
13,9,0.8321099877357483,2.616320848464966,0.8554876446723938,0.0,-4.172325134277344e-07,1.0,0.0,0.490234375,0.60302734375
14,10,0.8318408131599426,2.8085110187530518,0.8554876446723938,0.0,-4.172325134277344e-07,1.0,0.0,0.50927734375,0.60302734375
15,8,-0.7520251870155334,2.614100217819214,0.8554876446723938,0.0,-4.172325134277344e-07,1.0,0.0,0.490234375,0.44482421875
16,10,0.8318408131599426,2.8085110187530518,0.8554876446723938,0.0,-4.172325134277344e-07,1.0,0.0,0.50927734375,0.60302734375
17,11,-0.7522946000099182,2.806290864944458,0.8554878234863281,0.0,-4.172325134277344e-07,1.0,0.0,0.50927734375,0.44482421875
18,12,0.8318408131599426,2.8085110187530518,0.6838177442550659,-0.0014019012451171875,1.0,0.0,0.0,0.5263671875,0.60302734375
19,13,-0.7522946000099182,2.806290864944458,0.6838178634643555,-0.0014019012451171875,1.0,0.0,0.0,0.5263671875,0.44482421875
20,14,-0.7522946000099182,2.806290864944458,0.8554878234863281,-0.0014019012451171875,1.0,0.0,0.0,0.50927734375,0.44482421875
21,12,0.8318408131599426,2.8085110187530518,0.6838177442550659,-0.0014019012451171875,1.0,0.0,0.0,0.5263671875,0.60302734375
22,14,-0.7522946000099182,2.806290864944458,0.8554878234863281,-0.0014019012451171875,1.0,0.0,0.0,0.50927734375,0.44482421875
23,15,0.8318408131599426,2.8085110187530518,0.8554876446723938,-0.0014019012451171875,1.0,0.0,0.0,0.50927734375,0.60302734375
24,16,-0.8773930072784424,3.0012426376342773,-0.7610195875167847,-1.0,0.0,0.0,0.0,0.1563720703125,0.4091796875
25,17,-0.8773930072784424,2.7093608379364014,0.7384330630302429,-1.0,0.0,0.0,0.0,0.1563720703125,0.56689453125
26,18,-0.8773930072784424,2.8980114459991455,0.7751533389091492,-1.0,0.0,0.0,0.0,0.1776123046875,0.56689453125
27,16,-0.8773930072784424,3.0012426376342773,-0.7610195875167847,-1.0,0.0,0.0,0.0,0.1563720703125,0.4091796875
28,18,-0.8773930072784424,2.8980114459991455,0.7751533389091492,-1.0,0.0,0.0,0.0,0.1776123046875,0.56689453125
29,19,-0.8773930072784424,3.1898927688598633,-0.7242962718009949,-1.0,0.0,0.0,0.0,0.1776123046875,0.4091796875
30,20,-0.8773930072784424,3.1898927688598633,-0.7242962718009949,0.0,0.9814453125,0.1910400390625,0.0,0.1776123046875,0.4091796875
31,21,-0.8773930072784424,2.8980114459991455,0.7751533389091492,0.0,0.9814453125,0.1910400390625,0.0,0.1776123046875,0.56689453125
32,22,-0.7057231068611145,2.8980114459991455,0.7751533389091492,0.0,0.9814453125,0.1910400390625,0.0,0.1966552734375,0.56689453125
33,20,-0.8773930072784424,3.1898927688598633,-0.7242962718009949,0.0,0.9814453125,0.1910400390625,0.0,0.1776123046875,0.4091796875
34,22,-0.7057231068611145,2.8980114459991455,0.7751533389091492,0.0,0.9814453125,0.1910400390625,0.0,0.1966552734375,0.56689453125
35,23,-0.7057231068611145,3.1898927688598633,-0.7242962718009949,0.0,0.9814453125,0.1910400390625,0.0,0.1966552734375,0.4091796875
36,24,-0.861370325088501,2.526156187057495,-0.6572631597518921,-1.0,3.5762786865234375e-07,0.0,0.0,0.20556640625,0.406494140625
37,25,-0.861370325088501,3.1273906230926514,0.7470409870147705,-1.0,3.5762786865234375e-07,0.0,0.0,0.20556640625,0.568359375
38,26,-0.861370325088501,3.3040688037872314,0.6713964939117432,-1.0,3.5762786865234375e-07,0.0,0.0,0.227294921875,0.568359375
39,24,-0.861370325088501,2.526156187057495,-0.6572631597518921,-1.0,3.5762786865234375e-07,0.0,0.0,0.20556640625,0.406494140625
40,26,-0.861370325088501,3.3040688037872314,0.6713964939117432,-1.0,3.5762786865234375e-07,0.0,0.0,0.227294921875,0.568359375
41,27,-0.861370325088501,2.702836275100708,-0.7329052686691284,-1.0,3.5762786865234375e-07,0.0,0.0,0.227294921875,0.406494140625
42,28,-0.861370325088501,2.702836275100708,-0.7329052686691284,0.0,0.91943359375,-0.3935546875,0.0,0.227294921875,0.406494140625
43,29,-0.861370325088501,3.3040688037872314,0.6713964939117432,0.0,0.91943359375,-0.3935546875,0.0,0.227294921875,0.568359375
44,30,-0.6897003650665283,3.3040688037872314,0.6713964939117432,0.0,0.91943359375,-0.3935546875,0.0,0.2467041015625,0.568359375
45,28,-0.861370325088501,2.702836275100708,-0.7329052686691284,0.0,0.91943359375,-0.3935546875,0.0,0.227294921875,0.406494140625
46,30,-0.6897003650665283,3.3040688037872314,0.6713964939117432,0.0,0.91943359375,-0.3935546875,0.0,0.2467041015625,0.568359375
47,31,-0.6897003650665283,2.702836275100708,-0.7329052686691284,0.0,0.91943359375,-0.3935546875,0.0,0.2467041015625,0.406494140625
48,32,-0.8477675914764404,4.827516555786133,1.2334967851638794,-0.2493896484375,0.21630859375,0.94384765625,0.0,0.8583984375,0.92822265625
49,33,-0.8298038244247437,4.71218729019165,1.1091097593307495,0.306396484375,-0.67578125,0.67041015625,0.0,0.87890625,0.9541015625
50,34,-0.6692578792572021,4.741011619567871,1.064792275428772,0.52978515625,-0.240966796875,0.8134765625,0.0,0.90869140625,0.93994140625
51,34,-0.6692578792572021,4.741011619567871,1.064792275428772,0.52978515625,-0.240966796875,0.8134765625,0.0,0.90869140625,0.93994140625
52,35,-0.6402800679206848,4.834865570068359,1.0580275058746338,0.481689453125,0.53173828125,0.69677734375,0.0,0.91162109375,0.921875
53,32,-0.8477675914764404,4.827516555786133,1.2334967851638794,-0.2493896484375,0.21630859375,0.94384765625,0.0,0.8583984375,0.92822265625
54,35,-0.6402800679206848,4.834865570068359,1.0580275058746338,0.481689453125,0.53173828125,0.69677734375,0.0,0.91162109375,0.921875
55,34,-0.6692578792572021,4.741011619567871,1.064792275428772,0.52978515625,-0.240966796875,0.8134765625,0.0,0.90869140625,0.93994140625
56,36,-0.4009484648704529,4.737292766571045,0.9162545800209045,0.87939453125,-0.301025390625,0.369140625,0.0,0.97021484375,0.93310546875
57,36,-0.4009484648704529,4.737292766571045,0.9162545800209045,0.87939453125,-0.301025390625,0.369140625,0.0,0.97021484375,0.93310546875
58,37,-0.3839680850505829,4.82894229888916,0.9200097322463989,0.716796875,0.62109375,0.31689453125,0.0,0.970703125,0.91552734375
59,35,-0.6402800679206848,4.834865570068359,1.0580275058746338,0.481689453125,0.53173828125,0.69677734375,0.0,0.91162109375,0.921875
60,38,-0.5847124457359314,4.921507835388184,0.8622283935546875,0.382080078125,0.9228515625,-0.046142578125,0.0,0.93701171875,0.888671875
61,35,-0.6402800679206848,4.834865570068359,1.0580275058746338,0.481689453125,0.53173828125,0.69677734375,0.0,0.91162109375,0.921875
62,37,-0.3839680850505829,4.82894229888916,0.9200097322463989,0.716796875,0.62109375,0.31689453125,0.0,0.970703125,0.91552734375
63,32,-0.8477675914764404,4.827516555786133,1.2334967851638794,-0.2493896484375,0.21630859375,0.94384765625,0.0,0.8583984375,0.92822265625
64,35,-0.6402800679206848,4.834865570068359,1.0580275058746338,0.481689453125,0.53173828125,0.69677734375,0.0,0.91162109375,0.921875
65,39,-0.7408594489097595,4.930995941162109,0.9756295680999756,0.02734375,0.97509765625,0.220458984375,0.0,0.900390625,0.8935546875
66,35,-0.6402800679206848,4.834865570068359,1.0580275058746338,0.481689453125,0.53173828125,0.69677734375,0.0,0.91162109375,0.921875
67,38,-0.5847124457359314,4.921507835388184,0.8622283935546875,0.382080078125,0.9228515625,-0.046142578125,0.0,0.93701171875,0.888671875
68,39,-0.7408594489097595,4.930995941162109,0.9756295680999756,0.02734375,0.97509765625,0.220458984375,0.0,0.900390625,0.8935546875
69,38,-0.5847124457359314,4.921507835388184,0.8622283935546875,0.382080078125,0.9228515625,-0.046142578125,0.0,0.93701171875,0.888671875
70,37,-0.3839680850505829,4.82894229888916,0.9200097322463989,0.716796875,0.62109375,0.31689453125,0.0,0.970703125,0.91552734375
71,40,-0.4609522819519043,4.796909809112549,0.7418475151062012,0.767578125,0.4794921875,-0.425537109375,0.0,0.97607421875,0.87841796875
72,37,-0.3839680850505829,4.82894229888916,0.9200097322463989,0.716796875,0.62109375,0.31689453125,0.0,0.970703125,0.91552734375
73,41,-0.4009484648704529,4.737292766571045,0.9162545800209045,0.87939453125,-0.301025390625,0.369140625,0.0,0.98974609375,0.912109375
74,40,-0.4609522819519043,4.796909809112549,0.7418475151062012,0.767578125,0.4794921875,-0.425537109375,0.0,0.97607421875,0.87841796875
75,40,-0.4609522819519043,4.796909809112549,0.7418475151062012,0.767578125,0.4794921875,-0.425537109375,0.0,0.97607421875,0.87841796875
76,41,-0.4009484648704529,4.737292766571045,0.9162545800209045,0.87939453125,-0.301025390625,0.369140625,0.0,0.98974609375,0.912109375
77,42,-0.7166189551353455,4.725194454193115,0.4228222668170929,0.712890625,-0.5009765625,-0.490966796875,0.0,0.990234375,0.7978515625
78,43,-0.6756576299667358,4.812116622924805,0.39978307485580444,0.74560546875,0.521484375,-0.414794921875,0.0,0.97216796875,0.802734375
79,40,-0.4609522819519043,4.796909809112549,0.7418475151062012,0.767578125,0.4794921875,-0.425537109375,0.0,0.97607421875,0.87841796875
80,42,-0.7166189551353455,4.725194454193115,0.4228222668170929,0.712890625,-0.5009765625,-0.490966796875,0.0,0.990234375,0.7978515625
81,43,-0.6756576299667358,4.812116622924805,0.39978307485580444,0.74560546875,0.521484375,-0.414794921875,0.0,0.97216796875,0.802734375
82,38,-0.5847124457359314,4.921507835388184,0.8622283935546875,0.382080078125,0.9228515625,-0.046142578125,0.0,0.93701171875,0.888671875
83,40,-0.4609522819519043,4.796909809112549,0.7418475151062012,0.767578125,0.4794921875,-0.425537109375,0.0,0.97607421875,0.87841796875
84,44,-0.7994598150253296,4.790895938873291,0.25976014137268066,0.39501953125,-0.0675048828125,-0.916015625,0.0,0.9638671875,0.7646484375
85,43,-0.6756576299667358,4.812116622924805,0.39978307485580444,0.74560546875,0.521484375,-0.414794921875,0.0,0.97216796875,0.802734375
86,42,-0.7166189551353455,4.725194454193115,0.4228222668170929,0.712890625,-0.5009765625,-0.490966796875,0.0,0.990234375,0.7978515625
87,43,-0.6756576299667358,4.812116622924805,0.39978307485580444,0.74560546875,0.521484375,-0.414794921875,0.0,0.97216796875,0.802734375
88,45,-0.7601383924484253,4.955494403839111,0.5505957007408142,0.39501953125,0.90380859375,-0.16552734375,0.0,0.935546875,0.82470703125
89,38,-0.5847124457359314,4.921507835388184,0.8622283935546875,0.382080078125,0.9228515625,-0.046142578125,0.0,0.93701171875,0.888671875
90,45,-0.7601383924484253,4.955494403839111,0.5505957007408142,0.39501953125,0.90380859375,-0.16552734375,0.0,0.935546875,0.82470703125
91,39,-0.7408594489097595,4.930995941162109,0.9756295680999756,0.02734375,0.97509765625,0.220458984375,0.0,0.900390625,0.8935546875
92,38,-0.5847124457359314,4.921507835388184,0.8622283935546875,0.382080078125,0.9228515625,-0.046142578125,0.0,0.93701171875,0.888671875
93,44,-0.7994598150253296,4.790895938873291,0.25976014137268066,0.39501953125,-0.0675048828125,-0.916015625,0.0,0.9638671875,0.7646484375
94,46,-0.7413998246192932,4.829489707946777,0.2843804359436035,0.701171875,0.396240234375,-0.5927734375,0.0,0.96337890625,0.77880859375
95,43,-0.6756576299667358,4.812116622924805,0.39978307485580444,0.74560546875,0.521484375,-0.414794921875,0.0,0.97216796875,0.802734375
96,46,-0.7413998246192932,4.829489707946777,0.2843804359436035,0.701171875,0.396240234375,-0.5927734375,0.0,0.96337890625,0.77880859375
97,45,-0.7601383924484253,4.955494403839111,0.5505957007408142,0.39501953125,0.90380859375,-0.16552734375,0.0,0.935546875,0.82470703125
98,43,-0.6756576299667358,4.812116622924805,0.39978307485580444,0.74560546875,0.521484375,-0.414794921875,0.0,0.97216796875,0.802734375
99,47,-0.9761454463005066,4.776707172393799,0.22145329415798187,0.123779296875,0.1373291015625,-0.98291015625,0.0,0.931640625,0.73828125
100,46,-0.7413998246192932,4.829489707946777,0.2843804359436035,0.701171875,0.396240234375,-0.5927734375,0.0,0.96337890625,0.77880859375
101,44,-0.7994598150253296,4.790895938873291,0.25976014137268066,0.39501953125,-0.0675048828125,-0.916015625,0.0,0.9638671875,0.7646484375
102,32,-0.8477675914764404,4.827516555786133,1.2334967851638794,-0.2493896484375,0.21630859375,0.94384765625,0.0,0.8583984375,0.92822265625
103,39,-0.7408594489097595,4.930995941162109,0.9756295680999756,0.02734375,0.97509765625,0.220458984375,0.0,0.900390625,0.8935546875
104,48,-0.8781067728996277,4.890824317932129,1.0105277299880981,-0.455810546875,0.82763671875,0.326904296875,0.0,0.87255859375,0.88720703125
105,45,-0.7601383924484253,4.955494403839111,0.5505957007408142,0.39501953125,0.90380859375,-0.16552734375,0.0,0.935546875,0.82470703125
106,49,-0.9046830534934998,4.974175453186035,0.6572310328483582,-0.042510986328125,0.9931640625,0.10748291015625,0.0,0.90283203125,0.82958984375
107,39,-0.7408594489097595,4.930995941162109,0.9756295680999756,0.02734375,0.97509765625,0.220458984375,0.0,0.900390625,0.8935546875
108,48,-0.8781067728996277,4.890824317932129,1.0105277299880981,-0.455810546875,0.82763671875,0.326904296875,0.0,0.87255859375,0.88720703125
109,39,-0.7408594489097595,4.930995941162109,0.9756295680999756,0.02734375,0.97509765625,0.220458984375,0.0,0.900390625,0.8935546875
110,49,-0.9046830534934998,4.974175453186035,0.6572310328483582,-0.042510986328125,0.9931640625,0.10748291015625,0.0,0.90283203125,0.82958984375
111,46,-0.7413998246192932,4.829489707946777,0.2843804359436035,0.701171875,0.396240234375,-0.5927734375,0.0,0.96337890625,0.77880859375
112,50,-0.8568893074989319,4.959547519683838,0.39207205176353455,0.265625,0.92578125,-0.269287109375,0.0,0.9326171875,0.79248046875
113,45,-0.7601383924484253,4.955494403839111,0.5505957007408142,0.39501953125,0.90380859375,-0.16552734375,0.0,0.935546875,0.82470703125
114,49,-0.9046830534934998,4.974175453186035,0.6572310328483582,-0.042510986328125,0.9931640625,0.10748291015625,0.0,0.90283203125,0.82958984375
115,45,-0.7601383924484253,4.955494403839111,0.5505957007408142,0.39501953125,0.90380859375,-0.16552734375,0.0,0.935546875,0.82470703125
116,50,-0.8568893074989319,4.959547519683838,0.39207205176353455,0.265625,0.92578125,-0.269287109375,0.0,0.9326171875,0.79248046875
117,47,-0.9761454463005066,4.776707172393799,0.22145329415798187,0.123779296875,0.1373291015625,-0.98291015625,0.0,0.931640625,0.73828125
118,51,-0.8984954357147217,4.878244876861572,0.24801574647426605,0.077392578125,0.67919921875,-0.72998046875,0.0,0.9384765625,0.7626953125
119,46,-0.7413998246192932,4.829489707946777,0.2843804359436035,0.701171875,0.396240234375,-0.5927734375,0.0,0.96337890625,0.77880859375
120,50,-0.8568893074989319,4.959547519683838,0.39207205176353455,0.265625,0.92578125,-0.269287109375,0.0,0.9326171875,0.79248046875
121,46,-0.7413998246192932,4.829489707946777,0.2843804359436035,0.701171875,0.396240234375,-0.5927734375,0.0,0.96337890625,0.77880859375
122,51,-0.8984954357147217,4.878244876861572,0.24801574647426605,0.077392578125,0.67919921875,-0.72998046875,0.0,0.9384765625,0.7626953125
123,52,-0.9065802693367004,4.813307285308838,1.0507019758224487,-0.89990234375,-0.087646484375,0.427001953125,0.0,0.85546875,0.89111328125
124,32,-0.8477675914764404,4.827516555786133,1.2334967851638794,-0.2493896484375,0.21630859375,0.94384765625,0.0,0.8583984375,0.92822265625
125,48,-0.8781067728996277,4.890824317932129,1.0105277299880981,-0.455810546875,0.82763671875,0.326904296875,0.0,0.87255859375,0.88720703125
126,52,-0.9065802693367004,4.813307285308838,1.0507019758224487,-0.89990234375,-0.087646484375,0.427001953125,0.0,0.85546875,0.89111328125
127,53,-0.8298038244247437,4.71218729019165,1.1091097593307495,-0.82861328125,-0.407470703125,0.3837890625,0.0,0.833984375,0.90576171875
128,32,-0.8477675914764404,4.827516555786133,1.2334967851638794,-0.2493896484375,0.21630859375,0.94384765625,0.0,0.8583984375,0.92822265625
129,52,-0.9065802693367004,4.813307285308838,1.0507019758224487,-0.89990234375,-0.087646484375,0.427001953125,0.0,0.85546875,0.89111328125
130,54,-0.894738495349884,4.692238807678223,0.9884413480758667,-0.84228515625,-0.364990234375,0.396484375,0.0,0.8310546875,0.87939453125
131,53,-0.8298038244247437,4.71218729019165,1.1091097593307495,-0.82861328125,-0.407470703125,0.3837890625,0.0,0.833984375,0.90576171875
132,52,-0.9065802693367004,4.813307285308838,1.0507019758224487,-0.89990234375,-0.087646484375,0.427001953125,0.0,0.85546875,0.89111328125
133,48,-0.8781067728996277,4.890824317932129,1.0105277299880981,-0.455810546875,0.82763671875,0.326904296875,0.0,0.87255859375,0.88720703125
134,55,-1.0409373044967651,4.90796422958374,0.7200716733932495,-0.509765625,0.79052734375,0.339111328125,0.0,0.873046875,0.82470703125
135,48,-0.8781067728996277,4.890824317932129,1.0105277299880981,-0.455810546875,0.82763671875,0.326904296875,0.0,0.87255859375,0.88720703125
136,49,-0.9046830534934998,4.974175453186035,0.6572310328483582,-0.042510986328125,0.9931640625,0.10748291015625,0.0,0.90283203125,0.82958984375
137,55,-1.0409373044967651,4.90796422958374,0.7200716733932495,-0.509765625,0.79052734375,0.339111328125,0.0,0.873046875,0.82470703125
138,56,-1.0708787441253662,4.833128452301025,0.7405456304550171,-0.8876953125,-0.0281524658203125,0.4599609375,0.0,0.85791015625,0.8232421875
139,54,-0.894738495349884,4.692238807678223,0.9884413480758667,-0.84228515625,-0.364990234375,0.396484375,0.0,0.8310546875,0.87939453125
140,52,-0.9065802693367004,4.813307285308838,1.0507019758224487,-0.89990234375,-0.087646484375,0.427001953125,0.0,0.85546875,0.89111328125
141,52,-0.9065802693367004,4.813307285308838,1.0507019758224487,-0.89990234375,-0.087646484375,0.427001953125,0.0,0.85546875,0.89111328125
142,55,-1.0409373044967651,4.90796422958374,0.7200716733932495,-0.509765625,0.79052734375,0.339111328125,0.0,0.873046875,0.82470703125
143,56,-1.0708787441253662,4.833128452301025,0.7405456304550171,-0.8876953125,-0.0281524658203125,0.4599609375,0.0,0.85791015625,0.8232421875
144,56,-1.0708787441253662,4.833128452301025,0.7405456304550171,-0.8876953125,-0.0281524658203125,0.4599609375,0.0,0.85791015625,0.8232421875
145,57,-1.0526214838027954,4.726709365844727,0.664860188961029,-0.82958984375,-0.3701171875,0.418212890625,0.0,0.83740234375,0.806640625
146,54,-0.894738495349884,4.692238807678223,0.9884413480758667,-0.84228515625,-0.364990234375,0.396484375,0.0,0.8310546875,0.87939453125
147,49,-0.9046830534934998,4.974175453186035,0.6572310328483582,-0.042510986328125,0.9931640625,0.10748291015625,0.0,0.90283203125,0.82958984375
148,50,-0.8568893074989319,4.959547519683838,0.39207205176353455,0.265625,0.92578125,-0.269287109375,0.0,0.9326171875,0.79248046875
149,58,-1.0098541975021362,4.967820167541504,0.4773358702659607,-0.12646484375,0.9775390625,-0.16845703125,0.0,0.9033203125,0.7939453125
150,58,-1.0098541975021362,4.967820167541504,0.4773358702659607,-0.12646484375,0.9775390625,-0.16845703125,0.0,0.9033203125,0.7939453125
151,50,-0.8568893074989319,4.959547519683838,0.39207205176353455,0.265625,0.92578125,-0.269287109375,0.0,0.9326171875,0.79248046875
152,51,-0.8984954357147217,4.878244876861572,0.24801574647426605,0.077392578125,0.67919921875,-0.72998046875,0.0,0.9384765625,0.7626953125
153,59,-1.0986695289611816,4.941184997558594,0.5352345108985901,-0.58447265625,0.80615234375,0.09295654296875,0.0,0.88525390625,0.7939453125
154,55,-1.0409373044967651,4.90796422958374,0.7200716733932495,-0.509765625,0.79052734375,0.339111328125,0.0,0.873046875,0.82470703125
155,49,-0.9046830534934998,4.974175453186035,0.6572310328483582,-0.042510986328125,0.9931640625,0.10748291015625,0.0,0.90283203125,0.82958984375
156,56,-1.0708787441253662,4.833128452301025,0.7405456304550171,-0.8876953125,-0.0281524658203125,0.4599609375,0.0,0.85791015625,0.8232421875
157,55,-1.0409373044967651,4.90796422958374,0.7200716733932495,-0.509765625,0.79052734375,0.339111328125,0.0,0.873046875,0.82470703125
158,59,-1.0986695289611816,4.941184997558594,0.5352345108985901,-0.58447265625,0.80615234375,0.09295654296875,0.0,0.88525390625,0.7939453125
159,58,-1.0098541975021362,4.967820167541504,0.4773358702659607,-0.12646484375,0.9775390625,-0.16845703125,0.0,0.9033203125,0.7939453125
160,59,-1.0986695289611816,4.941184997558594,0.5352345108985901,-0.58447265625,0.80615234375,0.09295654296875,0.0,0.88525390625,0.7939453125
161,49,-0.9046830534934998,4.974175453186035,0.6572310328483582,-0.042510986328125,0.9931640625,0.10748291015625,0.0,0.90283203125,0.82958984375
162,60,-1.158400535583496,4.853176593780518,0.5819865465164185,-0.91015625,0.0850830078125,0.406005859375,0.0,0.8662109375,0.79052734375
163,57,-1.0526214838027954,4.726709365844727,0.664860188961029,-0.82958984375,-0.3701171875,0.418212890625,0.0,0.83740234375,0.806640625
164,56,-1.0708787441253662,4.833128452301025,0.7405456304550171,-0.8876953125,-0.0281524658203125,0.4599609375,0.0,0.85791015625,0.8232421875
165,56,-1.0708787441253662,4.833128452301025,0.7405456304550171,-0.8876953125,-0.0281524658203125,0.4599609375,0.0,0.85791015625,0.8232421875
166,59,-1.0986695289611816,4.941184997558594,0.5352345108985901,-0.58447265625,0.80615234375,0.09295654296875,0.0,0.88525390625,0.7939453125
167,60,-1.158400535583496,4.853176593780518,0.5819865465164185,-0.91015625,0.0850830078125,0.406005859375,0.0,0.8662109375,0.79052734375
168,60,-1.158400535583496,4.853176593780518,0.5819865465164185,-0.91015625,0.0850830078125,0.406005859375,0.0,0.8662109375,0.79052734375
169,61,-1.1509944200515747,4.737680435180664,0.5087596774101257,-0.8623046875,-0.363037109375,0.353271484375,0.0,0.85400390625,0.76708984375
170,57,-1.0526214838027954,4.726709365844727,0.664860188961029,-0.82958984375,-0.3701171875,0.418212890625,0.0,0.83740234375,0.806640625
171,62,-1.1904891729354858,4.813112735748291,0.4298660159111023,-0.935546875,0.319580078125,-0.1507568359375,0.0,0.875,0.7626953125
172,61,-1.1509944200515747,4.737680435180664,0.5087596774101257,-0.8623046875,-0.363037109375,0.353271484375,0.0,0.85400390625,0.76708984375
173,60,-1.158400535583496,4.853176593780518,0.5819865465164185,-0.91015625,0.0850830078125,0.406005859375,0.0,0.8662109375,0.79052734375
174,59,-1.0986695289611816,4.941184997558594,0.5352345108985901,-0.58447265625,0.80615234375,0.09295654296875,0.0,0.88525390625,0.7939453125
175,62,-1.1904891729354858,4.813112735748291,0.4298660159111023,-0.935546875,0.319580078125,-0.1507568359375,0.0,0.875,0.7626953125
176,60,-1.158400535583496,4.853176593780518,0.5819865465164185,-0.91015625,0.0850830078125,0.406005859375,0.0,0.8662109375,0.79052734375
177,62,-1.1904891729354858,4.813112735748291,0.4298660159111023,-0.935546875,0.319580078125,-0.1507568359375,0.0,0.875,0.7626953125
178,63,-1.1409729719161987,4.726894378662109,0.42727482318878174,-0.86181640625,-0.4912109375,-0.125732421875,0.0,0.865234375,0.74951171875
179,61,-1.1509944200515747,4.737680435180664,0.5087596774101257,-0.8623046875,-0.363037109375,0.353271484375,0.0,0.85400390625,0.76708984375
180,64,-1.126006007194519,4.733726978302002,0.34461283683776855,-0.83349609375,-0.255615234375,-0.489990234375,0.0,0.8818359375,0.73779296875
181,63,-1.1409729719161987,4.726894378662109,0.42727482318878174,-0.86181640625,-0.4912109375,-0.125732421875,0.0,0.865234375,0.74951171875
182,62,-1.1904891729354858,4.813112735748291,0.4298660159111023,-0.935546875,0.319580078125,-0.1507568359375,0.0,0.875,0.7626953125
183,59,-1.0986695289611816,4.941184997558594,0.5352345108985901,-0.58447265625,0.80615234375,0.09295654296875,0.0,0.88525390625,0.7939453125
184,58,-1.0098541975021362,4.967820167541504,0.4773358702659607,-0.12646484375,0.9775390625,-0.16845703125,0.0,0.9033203125,0.7939453125
185,65,-1.1180593967437744,4.855017185211182,0.28737297654151917,-0.51318359375,0.71826171875,-0.469482421875,0.0,0.9013671875,0.751953125
186,62,-1.1904891729354858,4.813112735748291,0.4298660159111023,-0.935546875,0.319580078125,-0.1507568359375,0.0,0.875,0.7626953125
187,59,-1.0986695289611816,4.941184997558594,0.5352345108985901,-0.58447265625,0.80615234375,0.09295654296875,0.0,0.88525390625,0.7939453125
188,65,-1.1180593967437744,4.855017185211182,0.28737297654151917,-0.51318359375,0.71826171875,-0.469482421875,0.0,0.9013671875,0.751953125
189,65,-1.1180593967437744,4.855017185211182,0.28737297654151917,-0.51318359375,0.71826171875,-0.469482421875,0.0,0.9013671875,0.751953125
190,64,-1.126006007194519,4.733726978302002,0.34461283683776855,-0.83349609375,-0.255615234375,-0.489990234375,0.0,0.8818359375,0.73779296875
191,62,-1.1904891729354858,4.813112735748291,0.4298660159111023,-0.935546875,0.319580078125,-0.1507568359375,0.0,0.875,0.7626953125
192,58,-1.0098541975021362,4.967820167541504,0.4773358702659607,-0.12646484375,0.9775390625,-0.16845703125,0.0,0.9033203125,0.7939453125
193,51,-0.8984954357147217,4.878244876861572,0.24801574647426605,0.077392578125,0.67919921875,-0.72998046875,0.0,0.9384765625,0.7626953125
194,65,-1.1180593967437744,4.855017185211182,0.28737297654151917,-0.51318359375,0.71826171875,-0.469482421875,0.0,0.9013671875,0.751953125
195,64,-1.126006007194519,4.733726978302002,0.34461283683776855,-0.83349609375,-0.255615234375,-0.489990234375,0.0,0.8818359375,0.73779296875
196,65,-1.1180593967437744,4.855017185211182,0.28737297654151917,-0.51318359375,0.71826171875,-0.469482421875,0.0,0.9013671875,0.751953125
197,66,-1.0664215087890625,4.754340171813965,0.27228879928588867,-0.69189453125,-0.32568359375,-0.64453125,0.0,0.90478515625,0.73193359375
198,51,-0.8984954357147217,4.878244876861572,0.24801574647426605,0.077392578125,0.67919921875,-0.72998046875,0.0,0.9384765625,0.7626953125
199,67,-1.0715086460113525,4.836431980133057,0.22597211599349976,-0.3564453125,0.4970703125,-0.791015625,0.0,0.9130859375,0.74560546875
200,65,-1.1180593967437744,4.855017185211182,0.28737297654151917,-0.51318359375,0.71826171875,-0.469482421875,0.0,0.9013671875,0.751953125
201,66,-1.0664215087890625,4.754340171813965,0.27228879928588867,-0.69189453125,-0.32568359375,-0.64453125,0.0,0.90478515625,0.73193359375
202,65,-1.1180593967437744,4.855017185211182,0.28737297654151917,-0.51318359375,0.71826171875,-0.469482421875,0.0,0.9013671875,0.751953125
203,67,-1.0715086460113525,4.836431980133057,0.22597211599349976,-0.3564453125,0.4970703125,-0.791015625,0.0,0.9130859375,0.74560546875
204,66,-1.0664215087890625,4.754340171813965,0.27228879928588867,-0.69189453125,-0.32568359375,-0.64453125,0.0,0.90478515625,0.73193359375
205,67,-1.0715086460113525,4.836431980133057,0.22597211599349976,-0.3564453125,0.4970703125,-0.791015625,0.0,0.9130859375,0.74560546875
206,68,-1.0159492492675781,4.756372451782227,0.23077233135700226,-0.5625,-0.4326171875,-0.70458984375,0.0,0.92138671875,0.73291015625
207,51,-0.8984954357147217,4.878244876861572,0.24801574647426605,0.077392578125,0.67919921875,-0.72998046875,0.0,0.9384765625,0.7626953125
208,47,-0.9761454463005066,4.776707172393799,0.22145329415798187,0.123779296875,0.1373291015625,-0.98291015625,0.0,0.931640625,0.73828125
209,67,-1.0715086460113525,4.836431980133057,0.22597211599349976,-0.3564453125,0.4970703125,-0.791015625,0.0,0.9130859375,0.74560546875
210,67,-1.0715086460113525,4.836431980133057,0.22597211599349976,-0.3564453125,0.4970703125,-0.791015625,0.0,0.9130859375,0.74560546875
211,47,-0.9761454463005066,4.776707172393799,0.22145329415798187,0.123779296875,0.1373291015625,-0.98291015625,0.0,0.931640625,0.73828125
212,69,-1.0159492492675781,4.756372451782227,0.23077233135700226,-0.1466064453125,-0.1602783203125,-0.97607421875,0.0,0.92138671875,0.73291015625
213,70,-0.5821042656898499,4.549383640289307,0.7829015851020813,0.6513671875,0.302490234375,0.69580078125,0.0,0.65234375,0.896484375
214,71,-0.70913165807724,4.4763665199279785,0.7254415154457092,-0.0289306640625,-0.52001953125,0.853515625,0.0,0.626953125,0.91455078125
215,72,-0.6429043412208557,4.481440544128418,0.6879023313522339,0.302734375,-0.8564453125,0.41845703125,0.0,0.64111328125,0.9189453125
216,73,-0.8980373740196228,4.559019088745117,0.7530207633972168,0.064208984375,0.1448974609375,0.9873046875,0.0,0.587890625,0.900390625
217,71,-0.70913165807724,4.4763665199279785,0.7254415154457092,-0.0289306640625,-0.52001953125,0.853515625,0.0,0.626953125,0.91455078125
218,70,-0.5821042656898499,4.549383640289307,0.7829015851020813,0.6513671875,0.302490234375,0.69580078125,0.0,0.65234375,0.896484375
219,71,-0.70913165807724,4.4763665199279785,0.7254415154457092,-0.0289306640625,-0.52001953125,0.853515625,0.0,0.626953125,0.91455078125
220,73,-0.8980373740196228,4.559019088745117,0.7530207633972168,0.064208984375,0.1448974609375,0.9873046875,0.0,0.587890625,0.900390625
221,74,-1.1455191373825073,4.477541446685791,0.736186683177948,0.10675048828125,-0.50146484375,0.8583984375,0.0,0.5390625,0.9208984375
222,73,-0.8980373740196228,4.559019088745117,0.7530207633972168,0.064208984375,0.1448974609375,0.9873046875,0.0,0.587890625,0.900390625
223,75,-1.2340933084487915,4.579690933227539,0.8147314190864563,-0.350830078125,0.1275634765625,0.927734375,0.0,0.517578125,0.89990234375
224,74,-1.1455191373825073,4.477541446685791,0.736186683177948,0.10675048828125,-0.50146484375,0.8583984375,0.0,0.5390625,0.9208984375
225,76,-0.7236751914024353,4.650432109832764,0.6857344508171082,0.11956787109375,0.8125,0.57080078125,0.0,0.62158203125,0.87646484375
226,73,-0.8980373740196228,4.559019088745117,0.7530207633972168,0.064208984375,0.1448974609375,0.9873046875,0.0,0.587890625,0.900390625
227,70,-0.5821042656898499,4.549383640289307,0.7829015851020813,0.6513671875,0.302490234375,0.69580078125,0.0,0.65234375,0.896484375
228,77,-1.1441867351531982,4.666954040527344,0.7264295816421509,-0.08209228515625,0.84521484375,0.5283203125,0.0,0.53759765625,0.8798828125
229,75,-1.2340933084487915,4.579690933227539,0.8147314190864563,-0.350830078125,0.1275634765625,0.927734375,0.0,0.517578125,0.89990234375
230,73,-0.8980373740196228,4.559019088745117,0.7530207633972168,0.064208984375,0.1448974609375,0.9873046875,0.0,0.587890625,0.900390625
231,76,-0.7236751914024353,4.650432109832764,0.6857344508171082,0.11956787109375,0.8125,0.57080078125,0.0,0.62158203125,0.87646484375
232,77,-1.1441867351531982,4.666954040527344,0.7264295816421509,-0.08209228515625,0.84521484375,0.5283203125,0.0,0.53759765625,0.8798828125
233,73,-0.8980373740196228,4.559019088745117,0.7530207633972168,0.064208984375,0.1448974609375,0.9873046875,0.0,0.587890625,0.900390625
234,78,-0.7184228301048279,4.682711601257324,0.5692524313926697,0.62841796875,0.7744140625,0.07537841796875,0.0,0.623046875,0.85302734375
235,76,-0.7236751914024353,4.650432109832764,0.6857344508171082,0.11956787109375,0.8125,0.57080078125,0.0,0.62158203125,0.87646484375
236,70,-0.5821042656898499,4.549383640289307,0.7829015851020813,0.6513671875,0.302490234375,0.69580078125,0.0,0.65234375,0.896484375
237,79,-0.8768489360809326,4.710471153259277,0.5988902449607849,0.068115234375,0.96533203125,0.25146484375,0.0,0.5908203125,0.85791015625
238,77,-1.1441867351531982,4.666954040527344,0.7264295816421509,-0.08209228515625,0.84521484375,0.5283203125,0.0,0.53759765625,0.8798828125
239,76,-0.7236751914024353,4.650432109832764,0.6857344508171082,0.11956787109375,0.8125,0.57080078125,0.0,0.62158203125,0.87646484375
240,78,-0.7184228301048279,4.682711601257324,0.5692524313926697,0.62841796875,0.7744140625,0.07537841796875,0.0,0.623046875,0.85302734375
241,79,-0.8768489360809326,4.710471153259277,0.5988902449607849,0.068115234375,0.96533203125,0.25146484375,0.0,0.5908203125,0.85791015625
242,76,-0.7236751914024353,4.650432109832764,0.6857344508171082,0.11956787109375,0.8125,0.57080078125,0.0,0.62158203125,0.87646484375
243,70,-0.5821042656898499,4.549383640289307,0.7829015851020813,0.6513671875,0.302490234375,0.69580078125,0.0,0.65234375,0.896484375
244,80,-0.6395121812820435,4.556707859039307,0.5715479850769043,0.98095703125,0.1480712890625,-0.12457275390625,0.0,0.6513671875,0.853515625
245,78,-0.7184228301048279,4.682711601257324,0.5692524313926697,0.62841796875,0.7744140625,0.07537841796875,0.0,0.623046875,0.85302734375
246,80,-0.6395121812820435,4.556707859039307,0.5715479850769043,0.98095703125,0.1480712890625,-0.12457275390625,0.0,0.6513671875,0.853515625
247,70,-0.5821042656898499,4.549383640289307,0.7829015851020813,0.6513671875,0.302490234375,0.69580078125,0.0,0.65234375,0.896484375
248,81,-0.6429043412208557,4.481440544128418,0.6879023313522339,0.90625,-0.36669921875,-0.210693359375,0.0,0.6669921875,0.87451171875
249,80,-0.6395121812820435,4.556707859039307,0.5715479850769043,0.98095703125,0.1480712890625,-0.12457275390625,0.0,0.6513671875,0.853515625
250,81,-0.6429043412208557,4.481440544128418,0.6879023313522339,0.90625,-0.36669921875,-0.210693359375,0.0,0.6669921875,0.87451171875
251,82,-0.6563603281974792,4.488365173339844,0.5697370767593384,0.93896484375,-0.303955078125,-0.1610107421875,0.0,0.6650390625,0.85107421875
252,83,-0.6817926168441772,4.581717491149902,0.21516352891921997,0.990234375,0.12176513671875,-0.0673828125,0.0,0.6455078125,0.78076171875
253,80,-0.6395121812820435,4.556707859039307,0.5715479850769043,0.98095703125,0.1480712890625,-0.12457275390625,0.0,0.6513671875,0.853515625
254,82,-0.6563603281974792,4.488365173339844,0.5697370767593384,0.93896484375,-0.303955078125,-0.1610107421875,0.0,0.6650390625,0.85107421875
255,78,-0.7184228301048279,4.682711601257324,0.5692524313926697,0.62841796875,0.7744140625,0.07537841796875,0.0,0.623046875,0.85302734375
256,80,-0.6395121812820435,4.556707859039307,0.5715479850769043,0.98095703125,0.1480712890625,-0.12457275390625,0.0,0.6513671875,0.853515625
257,83,-0.6817926168441772,4.581717491149902,0.21516352891921997,0.990234375,0.12176513671875,-0.0673828125,0.0,0.6455078125,0.78076171875
258,83,-0.6817926168441772,4.581717491149902,0.21516352891921997,0.990234375,0.12176513671875,-0.0673828125,0.0,0.6455078125,0.78076171875
259,82,-0.6563603281974792,4.488365173339844,0.5697370767593384,0.93896484375,-0.303955078125,-0.1610107421875,0.0,0.6650390625,0.85107421875
260,84,-0.7165802121162415,4.48367166519165,0.1989872306585312,0.93408203125,-0.32763671875,-0.1412353515625,0.0,0.66357421875,0.77001953125
261,78,-0.7184228301048279,4.682711601257324,0.5692524313926697,0.62841796875,0.7744140625,0.07537841796875,0.0,0.623046875,0.85302734375
262,83,-0.6817926168441772,4.581717491149902,0.21516352891921997,0.990234375,0.12176513671875,-0.0673828125,0.0,0.6455078125,0.78076171875
263,85,-0.7244645357131958,4.710186004638672,0.23415355384349823,0.66357421875,0.74658203125,0.041748046875,0.0,0.62158203125,0.79052734375
264,79,-0.8768489360809326,4.710471153259277,0.5988902449607849,0.068115234375,0.96533203125,0.25146484375,0.0,0.5908203125,0.85791015625
265,78,-0.7184228301048279,4.682711601257324,0.5692524313926697,0.62841796875,0.7744140625,0.07537841796875,0.0,0.623046875,0.85302734375
266,85,-0.7244645357131958,4.710186004638672,0.23415355384349823,0.66357421875,0.74658203125,0.041748046875,0.0,0.62158203125,0.79052734375
267,83,-0.6817926168441772,4.581717491149902,0.21516352891921997,0.990234375,0.12176513671875,-0.0673828125,0.0,0.6455078125,0.78076171875
268,84,-0.7165802121162415,4.48367166519165,0.1989872306585312,0.93408203125,-0.32763671875,-0.1412353515625,0.0,0.66357421875,0.77001953125
269,86,-0.6847596764564514,4.608906269073486,0.03767974302172661,0.96435546875,-0.06329345703125,-0.2578125,0.0,0.62939453125,0.75048828125
270,86,-0.6847596764564514,4.608906269073486,0.03767974302172661,0.96435546875,-0.06329345703125,-0.2578125,0.0,0.62939453125,0.75048828125
271,85,-0.7244645357131958,4.710186004638672,0.23415355384349823,0.66357421875,0.74658203125,0.041748046875,0.0,0.62158203125,0.79052734375
272,83,-0.6817926168441772,4.581717491149902,0.21516352891921997,0.990234375,0.12176513671875,-0.0673828125,0.0,0.6455078125,0.78076171875
273,84,-0.7165802121162415,4.48367166519165,0.1989872306585312,0.93408203125,-0.32763671875,-0.1412353515625,0.0,0.66357421875,0.77001953125
274,87,-0.7767535448074341,4.477452754974365,-0.06509804725646973,0.79248046875,-0.1246337890625,-0.59716796875,0.0,0.62939453125,0.71142578125
275,86,-0.6847596764564514,4.608906269073486,0.03767974302172661,0.96435546875,-0.06329345703125,-0.2578125,0.0,0.62939453125,0.75048828125
276,86,-0.6847596764564514,4.608906269073486,0.03767974302172661,0.96435546875,-0.06329345703125,-0.2578125,0.0,0.62939453125,0.75048828125
277,87,-0.7767535448074341,4.477452754974365,-0.06509804725646973,0.79248046875,-0.1246337890625,-0.59716796875,0.0,0.62939453125,0.71142578125
278,88,-0.7291538715362549,4.674150466918945,-0.00577482208609581,0.623046875,0.591796875,-0.51171875,0.0,0.6162109375,0.748046875
279,86,-0.6847596764564514,4.608906269073486,0.03767974302172661,0.96435546875,-0.06329345703125,-0.2578125,0.0,0.62939453125,0.75048828125
280,88,-0.7291538715362549,4.674150466918945,-0.00577482208609581,0.623046875,0.591796875,-0.51171875,0.0,0.6162109375,0.748046875
281,85,-0.7244645357131958,4.710186004638672,0.23415355384349823,0.66357421875,0.74658203125,0.041748046875,0.0,0.62158203125,0.79052734375
282,89,-0.899973452091217,4.606733798980713,-0.16929803788661957,0.296875,0.386474609375,-0.873046875,0.0,0.58935546875,0.7177734375
283,88,-0.7291538715362549,4.674150466918945,-0.00577482208609581,0.623046875,0.591796875,-0.51171875,0.0,0.6162109375,0.748046875
284,87,-0.7767535448074341,4.477452754974365,-0.06509804725646973,0.79248046875,-0.1246337890625,-0.59716796875,0.0,0.62939453125,0.71142578125
285,89,-0.899973452091217,4.606733798980713,-0.16929803788661957,0.296875,0.386474609375,-0.873046875,0.0,0.58935546875,0.7177734375
286,87,-0.7767535448074341,4.477452754974365,-0.06509804725646973,0.79248046875,-0.1246337890625,-0.59716796875,0.0,0.62939453125,0.71142578125
287,90,-0.8760632276535034,4.474856376647949,-0.15072351694107056,0.280517578125,-0.05743408203125,-0.9580078125,0.0,0.5986328125,0.697265625
288,91,-1.0312483310699463,4.610193252563477,-0.13963589072227478,-0.384521484375,0.319091796875,-0.8662109375,0.0,0.564453125,0.7197265625
289,89,-0.899973452091217,4.606733798980713,-0.16929803788661957,0.296875,0.386474609375,-0.873046875,0.0,0.58935546875,0.7177734375
290,90,-0.8760632276535034,4.474856376647949,-0.15072351694107056,0.280517578125,-0.05743408203125,-0.9580078125,0.0,0.5986328125,0.697265625
291,92,-1.064254879951477,4.4835944175720215,-0.12525224685668945,-0.422607421875,-0.0355224609375,-0.90576171875,0.0,0.55126953125,0.70166015625
292,91,-1.0312483310699463,4.610193252563477,-0.13963589072227478,-0.384521484375,0.319091796875,-0.8662109375,0.0,0.564453125,0.7197265625
293,90,-0.8760632276535034,4.474856376647949,-0.15072351694107056,0.280517578125,-0.05743408203125,-0.9580078125,0.0,0.5986328125,0.697265625
294,88,-0.7291538715362549,4.674150466918945,-0.00577482208609581,0.623046875,0.591796875,-0.51171875,0.0,0.6162109375,0.748046875
295,89,-0.899973452091217,4.606733798980713,-0.16929803788661957,0.296875,0.386474609375,-0.873046875,0.0,0.58935546875,0.7177734375
296,93,-0.9759209752082825,4.697357654571533,-0.0651884600520134,-0.01242828369140625,0.7705078125,-0.63720703125,0.0,0.57421875,0.7392578125
297,93,-0.9759209752082825,4.697357654571533,-0.0651884600520134,-0.01242828369140625,0.7705078125,-0.63720703125,0.0,0.57421875,0.7392578125
298,89,-0.899973452091217,4.606733798980713,-0.16929803788661957,0.296875,0.386474609375,-0.873046875,0.0,0.58935546875,0.7177734375
299,91,-1.0312483310699463,4.610193252563477,-0.13963589072227478,-0.384521484375,0.319091796875,-0.8662109375,0.0,0.564453125,0.7197265625
300,85,-0.7244645357131958,4.710186004638672,0.23415355384349823,0.66357421875,0.74658203125,0.041748046875,0.0,0.62158203125,0.79052734375
301,88,-0.7291538715362549,4.674150466918945,-0.00577482208609581,0.623046875,0.591796875,-0.51171875,0.0,0.6162109375,0.748046875
302,94,-0.888265073299408,4.8040056228637695,0.06469269841909409,0.12408447265625,0.9658203125,-0.228515625,0.0,0.587890625,0.76708984375
303,94,-0.888265073299408,4.8040056228637695,0.06469269841909409,0.12408447265625,0.9658203125,-0.228515625,0.0,0.587890625,0.76708984375
304,88,-0.7291538715362549,4.674150466918945,-0.00577482208609581,0.623046875,0.591796875,-0.51171875,0.0,0.6162109375,0.748046875
305,93,-0.9759209752082825,4.697357654571533,-0.0651884600520134,-0.01242828369140625,0.7705078125,-0.63720703125,0.0,0.57421875,0.7392578125
306,79,-0.8768489360809326,4.710471153259277,0.5988902449607849,0.068115234375,0.96533203125,0.25146484375,0.0,0.5908203125,0.85791015625
307,85,-0.7244645357131958,4.710186004638672,0.23415355384349823,0.66357421875,0.74658203125,0.041748046875,0.0,0.62158203125,0.79052734375
308,95,-0.8968863487243652,4.800169467926025,0.2587229609489441,0.0667724609375,0.98681640625,0.1466064453125,0.0,0.5869140625,0.79833984375
309,95,-0.8968863487243652,4.800169467926025,0.2587229609489441,0.0667724609375,0.98681640625,0.1466064453125,0.0,0.5869140625,0.79833984375
310,85,-0.7244645357131958,4.710186004638672,0.23415355384349823,0.66357421875,0.74658203125,0.041748046875,0.0,0.62158203125,0.79052734375
311,94,-0.888265073299408,4.8040056228637695,0.06469269841909409,0.12408447265625,0.9658203125,-0.228515625,0.0,0.587890625,0.76708984375
312,91,-1.0312483310699463,4.610193252563477,-0.13963589072227478,-0.384521484375,0.319091796875,-0.8662109375,0.0,0.564453125,0.7197265625
313,92,-1.064254879951477,4.4835944175720215,-0.12525224685668945,-0.422607421875,-0.0355224609375,-0.90576171875,0.0,0.55126953125,0.70166015625
314,96,-1.1690908670425415,4.5802106857299805,-0.03067943826317787,-0.8583984375,0.09588623046875,-0.50439453125,0.0,0.5341796875,0.73388671875
315,97,-1.1431405544281006,4.4835944175720215,-0.027357231825590134,-0.89892578125,-0.2440185546875,-0.3642578125,0.0,0.52490234375,0.72021484375
316,96,-1.1690908670425415,4.5802106857299805,-0.03067943826317787,-0.8583984375,0.09588623046875,-0.50439453125,0.0,0.5341796875,0.73388671875
317,92,-1.064254879951477,4.4835944175720215,-0.12525224685668945,-0.422607421875,-0.0355224609375,-0.90576171875,0.0,0.55126953125,0.70166015625
318,98,-1.0998870134353638,4.691738605499268,0.006845118943601847,-0.53125,0.60888671875,-0.58935546875,0.0,0.5517578125,0.74951171875
319,93,-0.9759209752082825,4.697357654571533,-0.0651884600520134,-0.01242828369140625,0.7705078125,-0.63720703125,0.0,0.57421875,0.7392578125
320,91,-1.0312483310699463,4.610193252563477,-0.13963589072227478,-0.384521484375,0.319091796875,-0.8662109375,0.0,0.564453125,0.7197265625
321,91,-1.0312483310699463,4.610193252563477,-0.13963589072227478,-0.384521484375,0.319091796875,-0.8662109375,0.0,0.564453125,0.7197265625
322,96,-1.1690908670425415,4.5802106857299805,-0.03067943826317787,-0.8583984375,0.09588623046875,-0.50439453125,0.0,0.5341796875,0.73388671875
323,98,-1.0998870134353638,4.691738605499268,0.006845118943601847,-0.53125,0.60888671875,-0.58935546875,0.0,0.5517578125,0.74951171875
324,97,-1.1431405544281006,4.4835944175720215,-0.027357231825590134,-0.89892578125,-0.2440185546875,-0.3642578125,0.0,0.52490234375,0.72021484375
325,99,-1.202223300933838,4.633317947387695,0.06329303234815598,-0.95947265625,0.27734375,-0.0494384765625,0.0,0.53076171875,0.7548828125
326,96,-1.1690908670425415,4.5802106857299805,-0.03067943826317787,-0.8583984375,0.09588623046875,-0.50439453125,0.0,0.5341796875,0.73388671875
327,96,-1.1690908670425415,4.5802106857299805,-0.03067943826317787,-0.8583984375,0.09588623046875,-0.50439453125,0.0,0.5341796875,0.73388671875
328,99,-1.202223300933838,4.633317947387695,0.06329303234815598,-0.95947265625,0.27734375,-0.0494384765625,0.0,0.53076171875,0.7548828125
329,98,-1.0998870134353638,4.691738605499268,0.006845118943601847,-0.53125,0.60888671875,-0.58935546875,0.0,0.5517578125,0.74951171875
330,97,-1.1431405544281006,4.4835944175720215,-0.027357231825590134,-0.89892578125,-0.2440185546875,-0.3642578125,0.0,0.52490234375,0.72021484375
331,100,-1.1648555994033813,4.483593463897705,0.06347570568323135,-0.970703125,-0.234375,-0.054931640625,0.0,0.5078125,0.73876953125
332,99,-1.202223300933838,4.633317947387695,0.06329303234815598,-0.95947265625,0.27734375,-0.0494384765625,0.0,0.53076171875,0.7548828125
333,99,-1.202223300933838,4.633317947387695,0.06329303234815598,-0.95947265625,0.27734375,-0.0494384765625,0.0,0.53076171875,0.7548828125
334,100,-1.1648555994033813,4.483593463897705,0.06347570568323135,-0.970703125,-0.234375,-0.054931640625,0.0,0.5078125,0.73876953125
335,101,-1.1661924123764038,4.483593463897705,0.29562968015670776,-0.9658203125,-0.259033203125,-0.006298065185546875,0.0,0.494873046875,0.79150390625
336,102,-1.0777827501296997,4.769318103790283,0.0656694546341896,-0.48876953125,0.86767578125,-0.08837890625,0.0,0.55859375,0.7646484375
337,93,-0.9759209752082825,4.697357654571533,-0.0651884600520134,-0.01242828369140625,0.7705078125,-0.63720703125,0.0,0.57421875,0.7392578125
338,98,-1.0998870134353638,4.691738605499268,0.006845118943601847,-0.53125,0.60888671875,-0.58935546875,0.0,0.5517578125,0.74951171875
339,102,-1.0777827501296997,4.769318103790283,0.0656694546341896,-0.48876953125,0.86767578125,-0.08837890625,0.0,0.55859375,0.7646484375
340,94,-0.888265073299408,4.8040056228637695,0.06469269841909409,0.12408447265625,0.9658203125,-0.228515625,0.0,0.587890625,0.76708984375
341,93,-0.9759209752082825,4.697357654571533,-0.0651884600520134,-0.01242828369140625,0.7705078125,-0.63720703125,0.0,0.57421875,0.7392578125
342,99,-1.202223300933838,4.633317947387695,0.06329303234815598,-0.95947265625,0.27734375,-0.0494384765625,0.0,0.53076171875,0.7548828125
343,102,-1.0777827501296997,4.769318103790283,0.0656694546341896,-0.48876953125,0.86767578125,-0.08837890625,0.0,0.55859375,0.7646484375
344,98,-1.0998870134353638,4.691738605499268,0.006845118943601847,-0.53125,0.60888671875,-0.58935546875,0.0,0.5517578125,0.74951171875
345,99,-1.202223300933838,4.633317947387695,0.06329303234815598,-0.95947265625,0.27734375,-0.0494384765625,0.0,0.53076171875,0.7548828125
346,101,-1.1661924123764038,4.483593463897705,0.29562968015670776,-0.9658203125,-0.259033203125,-0.006298065185546875,0.0,0.494873046875,0.79150390625
347,103,-1.194246768951416,4.612685203552246,0.2955292761325836,-0.96630859375,0.257080078125,0.022247314453125,0.0,0.51806640625,0.796875
348,102,-1.0777827501296997,4.769318103790283,0.0656694546341896,-0.48876953125,0.86767578125,-0.08837890625,0.0,0.55859375,0.7646484375
349,99,-1.202223300933838,4.633317947387695,0.06329303234815598,-0.95947265625,0.27734375,-0.0494384765625,0.0,0.53076171875,0.7548828125
350,103,-1.194246768951416,4.612685203552246,0.2955292761325836,-0.96630859375,0.257080078125,0.022247314453125,0.0,0.51806640625,0.796875
351,103,-1.194246768951416,4.612685203552246,0.2955292761325836,-0.96630859375,0.257080078125,0.022247314453125,0.0,0.51806640625,0.796875
352,101,-1.1661924123764038,4.483593463897705,0.29562968015670776,-0.9658203125,-0.259033203125,-0.006298065185546875,0.0,0.494873046875,0.79150390625
353,104,-1.1589205265045166,4.4765167236328125,0.6242984533309937,-0.94482421875,-0.32568359375,-0.02850341796875,0.0,0.494140625,0.859375
354,105,-1.0858173370361328,4.762845516204834,0.28026387095451355,-0.433837890625,0.8916015625,0.12890625,0.0,0.5517578125,0.80029296875
355,94,-0.888265073299408,4.8040056228637695,0.06469269841909409,0.12408447265625,0.9658203125,-0.228515625,0.0,0.587890625,0.76708984375
356,102,-1.0777827501296997,4.769318103790283,0.0656694546341896,-0.48876953125,0.86767578125,-0.08837890625,0.0,0.55859375,0.7646484375
357,105,-1.0858173370361328,4.762845516204834,0.28026387095451355,-0.433837890625,0.8916015625,0.12890625,0.0,0.5517578125,0.80029296875
358,95,-0.8968863487243652,4.800169467926025,0.2587229609489441,0.0667724609375,0.98681640625,0.1466064453125,0.0,0.5869140625,0.79833984375
359,94,-0.888265073299408,4.8040056228637695,0.06469269841909409,0.12408447265625,0.9658203125,-0.228515625,0.0,0.587890625,0.76708984375
360,102,-1.0777827501296997,4.769318103790283,0.0656694546341896,-0.48876953125,0.86767578125,-0.08837890625,0.0,0.55859375,0.7646484375
361,103,-1.194246768951416,4.612685203552246,0.2955292761325836,-0.96630859375,0.257080078125,0.022247314453125,0.0,0.51806640625,0.796875
362,105,-1.0858173370361328,4.762845516204834,0.28026387095451355,-0.433837890625,0.8916015625,0.12890625,0.0,0.5517578125,0.80029296875
363,103,-1.194246768951416,4.612685203552246,0.2955292761325836,-0.96630859375,0.257080078125,0.022247314453125,0.0,0.51806640625,0.796875
364,104,-1.1589205265045166,4.4765167236328125,0.6242984533309937,-0.94482421875,-0.32568359375,-0.02850341796875,0.0,0.494140625,0.859375
365,106,-1.1993550062179565,4.578666687011719,0.6238762736320496,-0.98095703125,0.1932373046875,-0.01343536376953125,0.0,0.51513671875,0.86083984375
366,106,-1.1993550062179565,4.578666687011719,0.6238762736320496,-0.98095703125,0.1932373046875,-0.01343536376953125,0.0,0.51513671875,0.86083984375
367,105,-1.0858173370361328,4.762845516204834,0.28026387095451355,-0.433837890625,0.8916015625,0.12890625,0.0,0.5517578125,0.80029296875
368,103,-1.194246768951416,4.612685203552246,0.2955292761325836,-0.96630859375,0.257080078125,0.022247314453125,0.0,0.51806640625,0.796875
369,107,-1.1280179023742676,4.682799339294434,0.6328575611114502,-0.379150390625,0.900390625,0.2135009765625,0.0,0.5400390625,0.86279296875
370,95,-0.8968863487243652,4.800169467926025,0.2587229609489441,0.0667724609375,0.98681640625,0.1466064453125,0.0,0.5869140625,0.79833984375
371,105,-1.0858173370361328,4.762845516204834,0.28026387095451355,-0.433837890625,0.8916015625,0.12890625,0.0,0.5517578125,0.80029296875
372,106,-1.1993550062179565,4.578666687011719,0.6238762736320496,-0.98095703125,0.1932373046875,-0.01343536376953125,0.0,0.51513671875,0.86083984375
373,107,-1.1280179023742676,4.682799339294434,0.6328575611114502,-0.379150390625,0.900390625,0.2135009765625,0.0,0.5400390625,0.86279296875
374,105,-1.0858173370361328,4.762845516204834,0.28026387095451355,-0.433837890625,0.8916015625,0.12890625,0.0,0.5517578125,0.80029296875
375,107,-1.1280179023742676,4.682799339294434,0.6328575611114502,-0.379150390625,0.900390625,0.2135009765625,0.0,0.5400390625,0.86279296875
376,79,-0.8768489360809326,4.710471153259277,0.5988902449607849,0.068115234375,0.96533203125,0.25146484375,0.0,0.5908203125,0.85791015625
377,95,-0.8968863487243652,4.800169467926025,0.2587229609489441,0.0667724609375,0.98681640625,0.1466064453125,0.0,0.5869140625,0.79833984375
378,79,-0.8768489360809326,4.710471153259277,0.5988902449607849,0.068115234375,0.96533203125,0.25146484375,0.0,0.5908203125,0.85791015625
379,107,-1.1280179023742676,4.682799339294434,0.6328575611114502,-0.379150390625,0.900390625,0.2135009765625,0.0,0.5400390625,0.86279296875
380,77,-1.1441867351531982,4.666954040527344,0.7264295816421509,-0.08209228515625,0.84521484375,0.5283203125,0.0,0.53759765625,0.8798828125
381,107,-1.1280179023742676,4.682799339294434,0.6328575611114502,-0.379150390625,0.900390625,0.2135009765625,0.0,0.5400390625,0.86279296875
382,106,-1.1993550062179565,4.578666687011719,0.6238762736320496,-0.98095703125,0.1932373046875,-0.01343536376953125,0.0,0.51513671875,0.86083984375
383,77,-1.1441867351531982,4.666954040527344,0.7264295816421509,-0.08209228515625,0.84521484375,0.5283203125,0.0,0.53759765625,0.8798828125
384,106,-1.1993550062179565,4.578666687011719,0.6238762736320496,-0.98095703125,0.1932373046875,-0.01343536376953125,0.0,0.51513671875,0.86083984375
385,75,-1.2340933084487915,4.579690933227539,0.8147314190864563,-0.350830078125,0.1275634765625,0.927734375,0.0,0.517578125,0.89990234375
386,77,-1.1441867351531982,4.666954040527344,0.7264295816421509,-0.08209228515625,0.84521484375,0.5283203125,0.0,0.53759765625,0.8798828125
387,75,-1.2340933084487915,4.579690933227539,0.8147314190864563,-0.350830078125,0.1275634765625,0.927734375,0.0,0.517578125,0.89990234375
388,106,-1.1993550062179565,4.578666687011719,0.6238762736320496,-0.98095703125,0.1932373046875,-0.01343536376953125,0.0,0.51513671875,0.86083984375
389,104,-1.1589205265045166,4.4765167236328125,0.6242984533309937,-0.94482421875,-0.32568359375,-0.02850341796875,0.0,0.494140625,0.859375
390,104,-1.1589205265045166,4.4765167236328125,0.6242984533309937,-0.94482421875,-0.32568359375,-0.02850341796875,0.0,0.494140625,0.859375
391,108,-1.1455191373825073,4.477541446685791,0.736186683177948,-0.71630859375,-0.69189453125,0.09210205078125,0.0,0.491943359375,0.88134765625
392,75,-1.2340933084487915,4.579690933227539,0.8147314190864563,-0.350830078125,0.1275634765625,0.927734375,0.0,0.517578125,0.89990234375
393,109,-0.2960790991783142,4.48915958404541,1.1975451707839966,-0.05517578125,-0.452392578125,0.89013671875,0.0,0.8837890625,0.460205078125
394,110,-0.10679810494184494,4.492461681365967,1.1978375911712646,0.377685546875,-0.67529296875,0.6337890625,0.0,0.88134765625,0.495361328125
395,111,-0.017728587612509727,4.653494358062744,1.3152786493301392,0.292236328125,0.00939178466796875,0.9560546875,0.0,0.9169921875,0.51513671875
396,112,-0.2960790991783142,4.623085021972656,1.2573421001434326,-0.07489013671875,-0.15185546875,0.9853515625,0.0,0.91162109375,0.46142578125
397,109,-0.2960790991783142,4.48915958404541,1.1975451707839966,-0.05517578125,-0.452392578125,0.89013671875,0.0,0.8837890625,0.460205078125
398,111,-0.017728587612509727,4.653494358062744,1.3152786493301392,0.292236328125,0.00939178466796875,0.9560546875,0.0,0.9169921875,0.51513671875
399,109,-0.2960790991783142,4.48915958404541,1.1975451707839966,-0.05517578125,-0.452392578125,0.89013671875,0.0,0.8837890625,0.460205078125
400,112,-0.2960790991783142,4.623085021972656,1.2573421001434326,-0.07489013671875,-0.15185546875,0.9853515625,0.0,0.91162109375,0.46142578125
401,113,-0.7792227268218994,4.620362281799316,1.2381093502044678,-0.1712646484375,-0.202392578125,0.96435546875,0.0,0.90478515625,0.375244140625
402,109,-0.2960790991783142,4.48915958404541,1.1975451707839966,-0.05517578125,-0.452392578125,0.89013671875,0.0,0.8837890625,0.460205078125
403,113,-0.7792227268218994,4.620362281799316,1.2381093502044678,-0.1712646484375,-0.202392578125,0.96435546875,0.0,0.90478515625,0.375244140625
404,114,-0.7585722804069519,4.48915958404541,1.1668180227279663,-0.140869140625,-0.46435546875,0.87451171875,0.0,0.87841796875,0.3720703125
405,114,-0.7585722804069519,4.48915958404541,1.1668180227279663,-0.140869140625,-0.46435546875,0.87451171875,0.0,0.87841796875,0.3720703125
406,113,-0.7792227268218994,4.620362281799316,1.2381093502044678,-0.1712646484375,-0.202392578125,0.96435546875,0.0,0.90478515625,0.375244140625
407,115,-0.9243781566619873,4.580744743347168,1.1266710758209229,-0.8115234375,-0.0631103515625,0.5810546875,0.0,0.90771484375,0.341552734375
408,114,-0.7585722804069519,4.48915958404541,1.1668180227279663,-0.140869140625,-0.46435546875,0.87451171875,0.0,0.87841796875,0.3720703125
409,115,-0.9243781566619873,4.580744743347168,1.1266710758209229,-0.8115234375,-0.0631103515625,0.5810546875,0.0,0.90771484375,0.341552734375
410,116,-0.8844813108444214,4.493327617645264,1.0897042751312256,-0.66552734375,-0.52294921875,0.53271484375,0.0,0.8876953125,0.341796875
411,112,-0.2960790991783142,4.623085021972656,1.2573421001434326,-0.07489013671875,-0.15185546875,0.9853515625,0.0,0.91162109375,0.46142578125
412,111,-0.017728587612509727,4.653494358062744,1.3152786493301392,0.292236328125,0.00939178466796875,0.9560546875,0.0,0.9169921875,0.51513671875
413,117,-0.0652657076716423,4.698110580444336,1.2194128036499023,0.176513671875,0.94775390625,0.266357421875,0.0,0.93408203125,0.50146484375
414,113,-0.7792227268218994,4.620362281799316,1.2381093502044678,-0.1712646484375,-0.202392578125,0.96435546875,0.0,0.90478515625,0.375244140625
415,112,-0.2960790991783142,4.623085021972656,1.2573421001434326,-0.07489013671875,-0.15185546875,0.9853515625,0.0,0.91162109375,0.46142578125
416,118,-0.3895920217037201,4.713708877563477,1.1921285390853882,-0.029083251953125,0.8232421875,0.56689453125,0.0,0.93115234375,0.441650390625
417,118,-0.3895920217037201,4.713708877563477,1.1921285390853882,-0.029083251953125,0.8232421875,0.56689453125,0.0,0.93115234375,0.441650390625
418,112,-0.2960790991783142,4.623085021972656,1.2573421001434326,-0.07489013671875,-0.15185546875,0.9853515625,0.0,0.91162109375,0.46142578125
419,117,-0.0652657076716423,4.698110580444336,1.2194128036499023,0.176513671875,0.94775390625,0.266357421875,0.0,0.93408203125,0.50146484375
420,113,-0.7792227268218994,4.620362281799316,1.2381093502044678,-0.1712646484375,-0.202392578125,0.96435546875,0.0,0.90478515625,0.375244140625
421,119,-0.780363142490387,4.69571590423584,1.171173095703125,-0.28271484375,0.84375,0.455810546875,0.0,0.9208984375,0.373291015625
422,115,-0.9243781566619873,4.580744743347168,1.1266710758209229,-0.8115234375,-0.0631103515625,0.5810546875,0.0,0.90771484375,0.341552734375
423,118,-0.3895920217037201,4.713708877563477,1.1921285390853882,-0.029083251953125,0.8232421875,0.56689453125,0.0,0.93115234375,0.441650390625
424,119,-0.780363142490387,4.69571590423584,1.171173095703125,-0.28271484375,0.84375,0.455810546875,0.0,0.9208984375,0.373291015625
425,113,-0.7792227268218994,4.620362281799316,1.2381093502044678,-0.1712646484375,-0.202392578125,0.96435546875,0.0,0.90478515625,0.375244140625
426,117,-0.0652657076716423,4.698110580444336,1.2194128036499023,0.176513671875,0.94775390625,0.266357421875,0.0,0.93408203125,0.50146484375
427,111,-0.017728587612509727,4.653494358062744,1.3152786493301392,0.292236328125,0.00939178466796875,0.9560546875,0.0,0.9169921875,0.51513671875
428,120,-0.03478531166911125,4.629111289978027,1.1738841533660889,0.98876953125,-0.1259765625,-0.08258056640625,0.0,0.9443359375,0.51416015625
429,120,-0.03478531166911125,4.629111289978027,1.1738841533660889,0.98876953125,-0.1259765625,-0.08258056640625,0.0,0.9443359375,0.51416015625
430,111,-0.017728587612509727,4.653494358062744,1.3152786493301392,0.292236328125,0.00939178466796875,0.9560546875,0.0,0.9169921875,0.51513671875
431,121,-0.10679810494184494,4.492461681365967,1.1978375911712646,0.377685546875,-0.67529296875,0.6337890625,0.0,0.94677734375,0.54296875
432,121,-0.10679810494184494,4.492461681365967,1.1978375911712646,0.377685546875,-0.67529296875,0.6337890625,0.0,0.94677734375,0.54296875
433,122,-0.10262802988290787,4.511724472045898,1.0774046182632446,0.88037109375,-0.471923828125,-0.04498291015625,0.0,0.9677734375,0.5341796875
434,120,-0.03478531166911125,4.629111289978027,1.1738841533660889,0.98876953125,-0.1259765625,-0.08258056640625,0.0,0.9443359375,0.51416015625
435,120,-0.03478531166911125,4.629111289978027,1.1738841533660889,0.98876953125,-0.1259765625,-0.08258056640625,0.0,0.9443359375,0.51416015625
436,123,-0.08962101489305496,4.698339939117432,1.0739507675170898,0.363525390625,0.9306640625,-0.04119873046875,0.0,0.96044921875,0.494384765625
437,117,-0.0652657076716423,4.698110580444336,1.2194128036499023,0.176513671875,0.94775390625,0.266357421875,0.0,0.93408203125,0.50146484375
438,123,-0.08962101489305496,4.698339939117432,1.0739507675170898,0.363525390625,0.9306640625,-0.04119873046875,0.0,0.96044921875,0.494384765625
439,120,-0.03478531166911125,4.629111289978027,1.1738841533660889,0.98876953125,-0.1259765625,-0.08258056640625,0.0,0.9443359375,0.51416015625
440,124,-0.0748978927731514,4.673087120056152,0.9950249195098877,0.80859375,0.5869140625,-0.037017822265625,0.0,0.97607421875,0.497314453125
441,117,-0.0652657076716423,4.698110580444336,1.2194128036499023,0.176513671875,0.94775390625,0.266357421875,0.0,0.93408203125,0.50146484375
442,123,-0.08962101489305496,4.698339939117432,1.0739507675170898,0.363525390625,0.9306640625,-0.04119873046875,0.0,0.96044921875,0.494384765625
443,125,-0.41837069392204285,4.761670112609863,1.0406030416488647,-0.0309295654296875,0.984375,0.172607421875,0.0,0.9609375,0.4306640625
444,125,-0.41837069392204285,4.761670112609863,1.0406030416488647,-0.0309295654296875,0.984375,0.172607421875,0.0,0.9609375,0.4306640625
445,118,-0.3895920217037201,4.713708877563477,1.1921285390853882,-0.029083251953125,0.8232421875,0.56689453125,0.0,0.93115234375,0.441650390625
446,117,-0.0652657076716423,4.698110580444336,1.2194128036499023,0.176513671875,0.94775390625,0.266357421875,0.0,0.93408203125,0.50146484375
447,119,-0.780363142490387,4.69571590423584,1.171173095703125,-0.28271484375,0.84375,0.455810546875,0.0,0.9208984375,0.373291015625
448,118,-0.3895920217037201,4.713708877563477,1.1921285390853882,-0.029083251953125,0.8232421875,0.56689453125,0.0,0.93115234375,0.441650390625
449,125,-0.41837069392204285,4.761670112609863,1.0406030416488647,-0.0309295654296875,0.984375,0.172607421875,0.0,0.9609375,0.4306640625
450,126,-0.9795867800712585,4.607468605041504,0.9538048505783081,-0.921875,0.362548828125,0.1353759765625,0.0,0.935546875,0.325439453125
451,115,-0.9243781566619873,4.580744743347168,1.1266710758209229,-0.8115234375,-0.0631103515625,0.5810546875,0.0,0.90771484375,0.341552734375
452,119,-0.780363142490387,4.69571590423584,1.171173095703125,-0.28271484375,0.84375,0.455810546875,0.0,0.9208984375,0.373291015625
453,127,-0.8844813108444214,4.493327617645264,1.0897042751312256,-0.66552734375,-0.52294921875,0.53271484375,0.0,0.90185546875,0.322998046875
454,115,-0.9243781566619873,4.580744743347168,1.1266710758209229,-0.8115234375,-0.0631103515625,0.5810546875,0.0,0.90771484375,0.341552734375
455,126,-0.9795867800712585,4.607468605041504,0.9538048505783081,-0.921875,0.362548828125,0.1353759765625,0.0,0.935546875,0.325439453125
456,127,-0.8844813108444214,4.493327617645264,1.0897042751312256,-0.66552734375,-0.52294921875,0.53271484375,0.0,0.90185546875,0.322998046875
457,126,-0.9795867800712585,4.607468605041504,0.9538048505783081,-0.921875,0.362548828125,0.1353759765625,0.0,0.935546875,0.325439453125
458,128,-0.9279112815856934,4.520051956176758,0.949155867099762,-0.85986328125,-0.495849609375,0.1209716796875,0.0,0.92919921875,0.31005859375
459,129,-0.9181557893753052,4.531428337097168,0.8604673743247986,-0.732421875,-0.1705322265625,-0.6591796875,0.0,0.9501953125,0.306640625
460,128,-0.9279112815856934,4.520051956176758,0.949155867099762,-0.85986328125,-0.495849609375,0.1209716796875,0.0,0.92919921875,0.31005859375
461,126,-0.9795867800712585,4.607468605041504,0.9538048505783081,-0.921875,0.362548828125,0.1353759765625,0.0,0.935546875,0.325439453125
462,130,-0.7606048583984375,4.755799293518066,0.9954485893249512,-0.2476806640625,0.96826171875,0.036468505859375,0.0,0.953125,0.36767578125
463,119,-0.780363142490387,4.69571590423584,1.171173095703125,-0.28271484375,0.84375,0.455810546875,0.0,0.9208984375,0.373291015625
464,125,-0.41837069392204285,4.761670112609863,1.0406030416488647,-0.0309295654296875,0.984375,0.172607421875,0.0,0.9609375,0.4306640625
465,119,-0.780363142490387,4.69571590423584,1.171173095703125,-0.28271484375,0.84375,0.455810546875,0.0,0.9208984375,0.373291015625
466,130,-0.7606048583984375,4.755799293518066,0.9954485893249512,-0.2476806640625,0.96826171875,0.036468505859375,0.0,0.953125,0.36767578125
467,126,-0.9795867800712585,4.607468605041504,0.9538048505783081,-0.921875,0.362548828125,0.1353759765625,0.0,0.935546875,0.325439453125
468,126,-0.9795867800712585,4.607468605041504,0.9538048505783081,-0.921875,0.362548828125,0.1353759765625,0.0,0.935546875,0.325439453125
469,131,-0.9460115432739258,4.618844985961914,0.8721148371696472,-0.66015625,0.5703125,-0.488525390625,0.0,0.9501953125,0.322998046875
470,129,-0.9181557893753052,4.531428337097168,0.8604673743247986,-0.732421875,-0.1705322265625,-0.6591796875,0.0,0.9501953125,0.306640625
471,130,-0.7606048583984375,4.755799293518066,0.9954485893249512,-0.2476806640625,0.96826171875,0.036468505859375,0.0,0.953125,0.36767578125
472,131,-0.9460115432739258,4.618844985961914,0.8721148371696472,-0.66015625,0.5703125,-0.488525390625,0.0,0.9501953125,0.322998046875
473,126,-0.9795867800712585,4.607468605041504,0.9538048505783081,-0.921875,0.362548828125,0.1353759765625,0.0,0.935546875,0.325439453125
474,131,-0.9460115432739258,4.618844985961914,0.8721148371696472,-0.66015625,0.5703125,-0.488525390625,0.0,0.9501953125,0.322998046875
475,132,-0.7752452492713928,4.543196678161621,0.7239851951599121,-0.68017578125,-0.1204833984375,-0.72265625,0.0,0.990234375,0.309326171875
476,129,-0.9181557893753052,4.531428337097168,0.8604673743247986,-0.732421875,-0.1705322265625,-0.6591796875,0.0,0.9501953125,0.306640625
477,131,-0.9460115432739258,4.618844985961914,0.8721148371696472,-0.66015625,0.5703125,-0.488525390625,0.0,0.9501953125,0.322998046875
478,133,-0.8031010031700134,4.630613803863525,0.735632598400116,-0.62353515625,0.48876953125,-0.60986328125,0.0,0.98681640625,0.32666015625
479,132,-0.7752452492713928,4.543196678161621,0.7239851951599121,-0.68017578125,-0.1204833984375,-0.72265625,0.0,0.990234375,0.309326171875
480,131,-0.9460115432739258,4.618844985961914,0.8721148371696472,-0.66015625,0.5703125,-0.488525390625,0.0,0.9501953125,0.322998046875
481,130,-0.7606048583984375,4.755799293518066,0.9954485893249512,-0.2476806640625,0.96826171875,0.036468505859375,0.0,0.953125,0.36767578125
482,133,-0.8031010031700134,4.630613803863525,0.735632598400116,-0.62353515625,0.48876953125,-0.60986328125,0.0,0.98681640625,0.32666015625
483,130,-0.7606048583984375,4.755799293518066,0.9954485893249512,-0.2476806640625,0.96826171875,0.036468505859375,0.0,0.953125,0.36767578125
484,134,-0.6779677271842957,4.722992420196533,0.8177787661552429,-0.1669921875,0.9599609375,-0.2254638671875,0.0,0.9873046875,0.364501953125
485,133,-0.8031010031700134,4.630613803863525,0.735632598400116,-0.62353515625,0.48876953125,-0.60986328125,0.0,0.98681640625,0.32666015625
486,130,-0.7606048583984375,4.755799293518066,0.9954485893249512,-0.2476806640625,0.96826171875,0.036468505859375,0.0,0.953125,0.36767578125
487,125,-0.41837069392204285,4.761670112609863,1.0406030416488647,-0.0309295654296875,0.984375,0.172607421875,0.0,0.9609375,0.4306640625
488,134,-0.6779677271842957,4.722992420196533,0.8177787661552429,-0.1669921875,0.9599609375,-0.2254638671875,0.0,0.9873046875,0.364501953125
489,125,-0.41837069392204285,4.761670112609863,1.0406030416488647,-0.0309295654296875,0.984375,0.172607421875,0.0,0.9609375,0.4306640625
490,135,-0.41837069392204285,4.761670112609863,0.88441401720047,-0.1473388671875,0.9892578125,0.0,0.0,0.9892578125,0.419677734375
491,134,-0.6779677271842957,4.722992420196533,0.8177787661552429,-0.1669921875,0.9599609375,-0.2254638671875,0.0,0.9873046875,0.364501953125
492,136,0.7772941589355469,4.632388591766357,0.8758186101913452,0.95263671875,0.301513671875,-0.034942626953125,0.0,0.9755859375,0.7216796875
493,137,0.7787551879882812,4.632419109344482,0.7842912077903748,0.935546875,0.353759765625,-0.006320953369140625,0.0,0.99267578125,0.72119140625
494,138,0.713985025882721,4.694606304168701,0.7836438417434692,0.5224609375,0.8505859375,-0.05914306640625,0.0,0.99267578125,0.70458984375
495,136,0.7772941589355469,4.632388591766357,0.8758186101913452,0.95263671875,0.301513671875,-0.034942626953125,0.0,0.9755859375,0.7216796875
496,138,0.713985025882721,4.694606304168701,0.7836438417434692,0.5224609375,0.8505859375,-0.05914306640625,0.0,0.99267578125,0.70458984375
497,139,0.7160380482673645,4.697571754455566,0.8756130933761597,0.5302734375,0.8466796875,-0.041900634765625,0.0,0.9755859375,0.705078125
498,140,0.786700963973999,4.63230562210083,1.125266194343567,0.98046875,0.1802978515625,-0.07818603515625,0.0,0.92919921875,0.7236328125
499,136,0.7772941589355469,4.632388591766357,0.8758186101913452,0.95263671875,0.301513671875,-0.034942626953125,0.0,0.9755859375,0.7216796875
500,139,0.7160380482673645,4.697571754455566,0.8756130933761597,0.5302734375,0.8466796875,-0.041900634765625,0.0,0.9755859375,0.705078125
501,139,0.7160380482673645,4.697571754455566,0.8756130933761597,0.5302734375,0.8466796875,-0.041900634765625,0.0,0.9755859375,0.705078125
502,138,0.713985025882721,4.694606304168701,0.7836438417434692,0.5224609375,0.8505859375,-0.05914306640625,0.0,0.99267578125,0.70458984375
503,141,0.6202613711357117,4.721315383911133,0.7879148721694946,0.1651611328125,0.97705078125,-0.134765625,0.0,0.99169921875,0.6865234375
504,140,0.786700963973999,4.63230562210083,1.125266194343567,0.98046875,0.1802978515625,-0.07818603515625,0.0,0.92919921875,0.7236328125
505,139,0.7160380482673645,4.697571754455566,0.8756130933761597,0.5302734375,0.8466796875,-0.041900634765625,0.0,0.9755859375,0.705078125
506,142,0.740909993648529,4.700152397155762,1.1262643337249756,0.52490234375,0.85107421875,-0.00891876220703125,0.0,0.9287109375,0.70849609375
507,140,0.786700963973999,4.63230562210083,1.125266194343567,0.98046875,0.1802978515625,-0.07818603515625,0.0,0.92919921875,0.7236328125
508,142,0.740909993648529,4.700152397155762,1.1262643337249756,0.52490234375,0.85107421875,-0.00891876220703125,0.0,0.9287109375,0.70849609375
509,143,0.8192499279975891,4.648787975311279,1.2757625579833984,0.6396484375,0.418212890625,0.64501953125,0.0,0.900390625,0.724609375
510,139,0.7160380482673645,4.697571754455566,0.8756130933761597,0.5302734375,0.8466796875,-0.041900634765625,0.0,0.9755859375,0.705078125
511,141,0.6202613711357117,4.721315383911133,0.7879148721694946,0.1651611328125,0.97705078125,-0.134765625,0.0,0.99169921875,0.6865234375
512,144,0.6223137378692627,4.736045837402344,0.8798840045928955,0.126220703125,0.99169921875,-0.01311492919921875,0.0,0.974609375,0.6865234375
513,142,0.740909993648529,4.700152397155762,1.1262643337249756,0.52490234375,0.85107421875,-0.00891876220703125,0.0,0.9287109375,0.70849609375
514,139,0.7160380482673645,4.697571754455566,0.8756130933761597,0.5302734375,0.8466796875,-0.041900634765625,0.0,0.9755859375,0.705078125
515,144,0.6223137378692627,4.736045837402344,0.8798840045928955,0.126220703125,0.99169921875,-0.01311492919921875,0.0,0.974609375,0.6865234375
516,145,0.2725094258785248,4.756282806396484,0.8981219530105591,-0.0100555419921875,0.9990234375,0.03802490234375,0.0,0.97265625,0.62158203125
517,144,0.6223137378692627,4.736045837402344,0.8798840045928955,0.126220703125,0.99169921875,-0.01311492919921875,0.0,0.974609375,0.6865234375
518,141,0.6202613711357117,4.721315383911133,0.7879148721694946,0.1651611328125,0.97705078125,-0.134765625,0.0,0.99169921875,0.6865234375
519,142,0.740909993648529,4.700152397155762,1.1262643337249756,0.52490234375,0.85107421875,-0.00891876220703125,0.0,0.9287109375,0.70849609375
520,144,0.6223137378692627,4.736045837402344,0.8798840045928955,0.126220703125,0.99169921875,-0.01311492919921875,0.0,0.974609375,0.6865234375
521,146,0.6279076933860779,4.732363700866699,1.1305347681045532,0.058837890625,0.94140625,0.33203125,0.0,0.92822265625,0.68701171875
522,146,0.6279076933860779,4.732363700866699,1.1305347681045532,0.058837890625,0.94140625,0.33203125,0.0,0.92822265625,0.68701171875
523,144,0.6223137378692627,4.736045837402344,0.8798840045928955,0.126220703125,0.99169921875,-0.01311492919921875,0.0,0.974609375,0.6865234375
524,145,0.2725094258785248,4.756282806396484,0.8981219530105591,-0.0100555419921875,0.9990234375,0.03802490234375,0.0,0.97265625,0.62158203125
525,142,0.740909993648529,4.700152397155762,1.1262643337249756,0.52490234375,0.85107421875,-0.00891876220703125,0.0,0.9287109375,0.70849609375
526,146,0.6279076933860779,4.732363700866699,1.1305347681045532,0.058837890625,0.94140625,0.33203125,0.0,0.92822265625,0.68701171875
527,143,0.8192499279975891,4.648787975311279,1.2757625579833984,0.6396484375,0.418212890625,0.64501953125,0.0,0.900390625,0.724609375
528,146,0.6279076933860779,4.732363700866699,1.1305347681045532,0.058837890625,0.94140625,0.33203125,0.0,0.92822265625,0.68701171875
529,145,0.2725094258785248,4.756282806396484,0.8981219530105591,-0.0100555419921875,0.9990234375,0.03802490234375,0.0,0.97265625,0.62158203125
530,147,0.2918541133403778,4.745033264160156,1.1024177074432373,-0.021728515625,0.951171875,0.308349609375,0.0,0.93505859375,0.6259765625
531,148,0.23581500351428986,4.635624408721924,1.2243674993515015,-0.03143310546875,0.3671875,0.9296875,0.0,0.9052734375,0.61474609375
532,146,0.6279076933860779,4.732363700866699,1.1305347681045532,0.058837890625,0.94140625,0.33203125,0.0,0.92822265625,0.68701171875
533,147,0.2918541133403778,4.745033264160156,1.1024177074432373,-0.021728515625,0.951171875,0.308349609375,0.0,0.93505859375,0.6259765625
534,147,0.2918541133403778,4.745033264160156,1.1024177074432373,-0.021728515625,0.951171875,0.308349609375,0.0,0.93505859375,0.6259765625
535,145,0.2725094258785248,4.756282806396484,0.8981219530105591,-0.0100555419921875,0.9990234375,0.03802490234375,0.0,0.97265625,0.62158203125
536,149,-0.02502436190843582,4.710049152374268,1.0241519212722778,-0.2244873046875,0.9677734375,0.11309814453125,0.0,0.94677734375,0.56591796875
537,147,0.2918541133403778,4.745033264160156,1.1024177074432373,-0.021728515625,0.951171875,0.308349609375,0.0,0.93505859375,0.6259765625
538,149,-0.02502436190843582,4.710049152374268,1.0241519212722778,-0.2244873046875,0.9677734375,0.11309814453125,0.0,0.94677734375,0.56591796875
539,150,0.03584756329655647,4.709780216217041,1.1437420845031738,-0.1436767578125,0.93115234375,0.335205078125,0.0,0.92626953125,0.57958984375
540,150,0.03584756329655647,4.709780216217041,1.1437420845031738,-0.1436767578125,0.93115234375,0.335205078125,0.0,0.92626953125,0.57958984375
541,148,0.23581500351428986,4.635624408721924,1.2243674993515015,-0.03143310546875,0.3671875,0.9296875,0.0,0.9052734375,0.61474609375
542,147,0.2918541133403778,4.745033264160156,1.1024177074432373,-0.021728515625,0.951171875,0.308349609375,0.0,0.93505859375,0.6259765625
543,150,0.03584756329655647,4.709780216217041,1.1437420845031738,-0.1436767578125,0.93115234375,0.335205078125,0.0,0.92626953125,0.57958984375
544,149,-0.02502436190843582,4.710049152374268,1.0241519212722778,-0.2244873046875,0.9677734375,0.11309814453125,0.0,0.94677734375,0.56591796875
545,151,-0.03478531166911125,4.629111289978027,1.1738841533660889,-0.6181640625,-0.0406494140625,0.78515625,0.0,0.91259765625,0.564453125
546,151,-0.03478531166911125,4.629111289978027,1.1738841533660889,-0.6181640625,-0.0406494140625,0.78515625,0.0,0.91259765625,0.564453125
547,149,-0.02502436190843582,4.710049152374268,1.0241519212722778,-0.2244873046875,0.9677734375,0.11309814453125,0.0,0.94677734375,0.56591796875
548,152,-0.0748978927731514,4.673087120056152,0.9950249195098877,-0.67724609375,0.6650390625,0.3154296875,0.0,0.9482421875,0.55322265625
549,153,0.04508630558848381,4.618924617767334,1.224348783493042,-0.1614990234375,0.131103515625,0.97802734375,0.0,0.90625,0.580078125
550,150,0.03584756329655647,4.709780216217041,1.1437420845031738,-0.1436767578125,0.93115234375,0.335205078125,0.0,0.92626953125,0.57958984375
551,151,-0.03478531166911125,4.629111289978027,1.1738841533660889,-0.6181640625,-0.0406494140625,0.78515625,0.0,0.91259765625,0.564453125
552,150,0.03584756329655647,4.709780216217041,1.1437420845031738,-0.1436767578125,0.93115234375,0.335205078125,0.0,0.92626953125,0.57958984375
553,153,0.04508630558848381,4.618924617767334,1.224348783493042,-0.1614990234375,0.131103515625,0.97802734375,0.0,0.90625,0.580078125
554,148,0.23581500351428986,4.635624408721924,1.2243674993515015,-0.03143310546875,0.3671875,0.9296875,0.0,0.9052734375,0.61474609375
555,153,0.04508630558848381,4.618924617767334,1.224348783493042,-0.1614990234375,0.131103515625,0.97802734375,0.0,0.90625,0.580078125
556,151,-0.03478531166911125,4.629111289978027,1.1738841533660889,-0.6181640625,-0.0406494140625,0.78515625,0.0,0.91259765625,0.564453125
557,154,-0.10262802988290787,4.511724472045898,1.0774046182632446,-0.55029296875,-0.30615234375,0.77685546875,0.0,0.892578125,0.541015625
558,153,0.04508630558848381,4.618924617767334,1.224348783493042,-0.1614990234375,0.131103515625,0.97802734375,0.0,0.90625,0.580078125
559,154,-0.10262802988290787,4.511724472045898,1.0774046182632446,-0.55029296875,-0.30615234375,0.77685546875,0.0,0.892578125,0.541015625
560,155,0.03221869841217995,4.492738723754883,1.1676000356674194,-0.260986328125,-0.343994140625,0.90185546875,0.0,0.8837890625,0.57080078125
561,155,0.03221869841217995,4.492738723754883,1.1676000356674194,-0.260986328125,-0.343994140625,0.90185546875,0.0,0.8837890625,0.57080078125
562,148,0.23581500351428986,4.635624408721924,1.2243674993515015,-0.03143310546875,0.3671875,0.9296875,0.0,0.9052734375,0.61474609375
563,153,0.04508630558848381,4.618924617767334,1.224348783493042,-0.1614990234375,0.131103515625,0.97802734375,0.0,0.90625,0.580078125
564,155,0.03221869841217995,4.492738723754883,1.1676000356674194,-0.260986328125,-0.343994140625,0.90185546875,0.0,0.8837890625,0.57080078125
565,156,0.2401450276374817,4.498757362365723,1.1828190088272095,-0.0292205810546875,-0.32373046875,0.94580078125,0.0,0.87890625,0.6123046875
566,148,0.23581500351428986,4.635624408721924,1.2243674993515015,-0.03143310546875,0.3671875,0.9296875,0.0,0.9052734375,0.61474609375
567,148,0.23581500351428986,4.635624408721924,1.2243674993515015,-0.03143310546875,0.3671875,0.9296875,0.0,0.9052734375,0.61474609375
568,157,0.7049514055252075,4.643180847167969,1.237755537033081,-0.08795166015625,0.5205078125,0.84912109375,0.0,0.90234375,0.7021484375
569,146,0.6279076933860779,4.732363700866699,1.1305347681045532,0.058837890625,0.94140625,0.33203125,0.0,0.92822265625,0.68701171875
570,143,0.8192499279975891,4.648787975311279,1.2757625579833984,0.6396484375,0.418212890625,0.64501953125,0.0,0.900390625,0.724609375
571,146,0.6279076933860779,4.732363700866699,1.1305347681045532,0.058837890625,0.94140625,0.33203125,0.0,0.92822265625,0.68701171875
572,157,0.7049514055252075,4.643180847167969,1.237755537033081,-0.08795166015625,0.5205078125,0.84912109375,0.0,0.90234375,0.7021484375
573,148,0.23581500351428986,4.635624408721924,1.2243674993515015,-0.03143310546875,0.3671875,0.9296875,0.0,0.9052734375,0.61474609375
574,156,0.2401450276374817,4.498757362365723,1.1828190088272095,-0.0292205810546875,-0.32373046875,0.94580078125,0.0,0.87890625,0.6123046875
575,158,0.714545726776123,4.574801445007324,1.2272313833236694,0.09344482421875,-0.492919921875,0.865234375,0.0,0.88916015625,0.7021484375
576,158,0.714545726776123,4.574801445007324,1.2272313833236694,0.09344482421875,-0.492919921875,0.865234375,0.0,0.88916015625,0.7021484375
577,157,0.7049514055252075,4.643180847167969,1.237755537033081,-0.08795166015625,0.5205078125,0.84912109375,0.0,0.90234375,0.7021484375
578,148,0.23581500351428986,4.635624408721924,1.2243674993515015,-0.03143310546875,0.3671875,0.9296875,0.0,0.9052734375,0.61474609375
579,143,0.8192499279975891,4.648787975311279,1.2757625579833984,0.6396484375,0.418212890625,0.64501953125,0.0,0.900390625,0.724609375
580,157,0.7049514055252075,4.643180847167969,1.237755537033081,-0.08795166015625,0.5205078125,0.84912109375,0.0,0.90234375,0.7021484375
581,158,0.714545726776123,4.574801445007324,1.2272313833236694,0.09344482421875,-0.492919921875,0.865234375,0.0,0.88916015625,0.7021484375
582,156,0.2401450276374817,4.498757362365723,1.1828190088272095,-0.0292205810546875,-0.32373046875,0.94580078125,0.0,0.87890625,0.6123046875
583,159,0.5923776626586914,4.513700008392334,1.1879560947418213,0.273681640625,-0.92626953125,0.258056640625,0.0,0.87744140625,0.67822265625
584,158,0.714545726776123,4.574801445007324,1.2272313833236694,0.09344482421875,-0.492919921875,0.865234375,0.0,0.88916015625,0.7021484375
585,143,0.8192499279975891,4.648787975311279,1.2757625579833984,0.6396484375,0.418212890625,0.64501953125,0.0,0.900390625,0.724609375
586,158,0.714545726776123,4.574801445007324,1.2272313833236694,0.09344482421875,-0.492919921875,0.865234375,0.0,0.88916015625,0.7021484375
587,160,0.7644056677818298,4.577407360076904,1.16452157497406,0.478515625,-0.8779296875,0.0145721435546875,0.0,0.8779296875,0.71240234375
588,158,0.714545726776123,4.574801445007324,1.2272313833236694,0.09344482421875,-0.492919921875,0.865234375,0.0,0.88916015625,0.7021484375
589,159,0.5923776626586914,4.513700008392334,1.1879560947418213,0.273681640625,-0.92626953125,0.258056640625,0.0,0.87744140625,0.67822265625
590,160,0.7644056677818298,4.577407360076904,1.16452157497406,0.478515625,-0.8779296875,0.0145721435546875,0.0,0.8779296875,0.71240234375
591,143,0.8192499279975891,4.648787975311279,1.2757625579833984,0.6396484375,0.418212890625,0.64501953125,0.0,0.900390625,0.724609375
592,160,0.7644056677818298,4.577407360076904,1.16452157497406,0.478515625,-0.8779296875,0.0145721435546875,0.0,0.8779296875,0.71240234375
593,161,0.786700963973999,4.63230562210083,1.125266194343567,0.98046875,0.1802978515625,-0.07818603515625,0.0,0.87255859375,0.72412109375
594,162,0.7772941589355469,4.632388591766357,0.8758186101913452,0.95263671875,0.301513671875,-0.034942626953125,0.0,0.82666015625,0.72998046875
595,161,0.786700963973999,4.63230562210083,1.125266194343567,0.98046875,0.1802978515625,-0.07818603515625,0.0,0.87255859375,0.72412109375
596,160,0.7644056677818298,4.577407360076904,1.16452157497406,0.478515625,-0.8779296875,0.0145721435546875,0.0,0.8779296875,0.71240234375
597,160,0.7644056677818298,4.577407360076904,1.16452157497406,0.478515625,-0.8779296875,0.0145721435546875,0.0,0.8779296875,0.71240234375
598,159,0.5923776626586914,4.513700008392334,1.1879560947418213,0.273681640625,-0.92626953125,0.258056640625,0.0,0.87744140625,0.67822265625
599,163,0.578587532043457,4.51162576675415,0.8961325883865356,0.3310546875,-0.94384765625,-0.0011348724365234375,0.0,0.82373046875,0.68310546875
600,162,0.7772941589355469,4.632388591766357,0.8758186101913452,0.95263671875,0.301513671875,-0.034942626953125,0.0,0.82666015625,0.72998046875
601,160,0.7644056677818298,4.577407360076904,1.16452157497406,0.478515625,-0.8779296875,0.0145721435546875,0.0,0.8779296875,0.71240234375
602,164,0.7629960179328918,4.574803352355957,0.8868921995162964,0.51416015625,-0.857421875,-0.004085540771484375,0.0,0.8271484375,0.71875
603,160,0.7644056677818298,4.577407360076904,1.16452157497406,0.478515625,-0.8779296875,0.0145721435546875,0.0,0.8779296875,0.71240234375
604,163,0.578587532043457,4.51162576675415,0.8961325883865356,0.3310546875,-0.94384765625,-0.0011348724365234375,0.0,0.82373046875,0.68310546875
605,164,0.7629960179328918,4.574803352355957,0.8868921995162964,0.51416015625,-0.857421875,-0.004085540771484375,0.0,0.8271484375,0.71875
606,165,0.7787551879882812,4.632419109344482,0.7842912077903748,0.935546875,0.353759765625,-0.006320953369140625,0.0,0.81005859375,0.732421875
607,162,0.7772941589355469,4.632388591766357,0.8758186101913452,0.95263671875,0.301513671875,-0.034942626953125,0.0,0.82666015625,0.72998046875
608,164,0.7629960179328918,4.574803352355957,0.8868921995162964,0.51416015625,-0.857421875,-0.004085540771484375,0.0,0.8271484375,0.71875
609,165,0.7787551879882812,4.632419109344482,0.7842912077903748,0.935546875,0.353759765625,-0.006320953369140625,0.0,0.81005859375,0.732421875
610,164,0.7629960179328918,4.574803352355957,0.8868921995162964,0.51416015625,-0.857421875,-0.004085540771484375,0.0,0.8271484375,0.71875
611,166,0.7624789476394653,4.573848724365234,0.7850242257118225,0.50048828125,-0.86572265625,0.0005965232849121094,0.0,0.80859375,0.7216796875
612,163,0.578587532043457,4.51162576675415,0.8961325883865356,0.3310546875,-0.94384765625,-0.0011348724365234375,0.0,0.82373046875,0.68310546875
613,166,0.7624789476394653,4.573848724365234,0.7850242257118225,0.50048828125,-0.86572265625,0.0005965232849121094,0.0,0.80859375,0.7216796875
614,164,0.7629960179328918,4.574803352355957,0.8868921995162964,0.51416015625,-0.857421875,-0.004085540771484375,0.0,0.8271484375,0.71875
615,163,0.578587532043457,4.51162576675415,0.8961325883865356,0.3310546875,-0.94384765625,-0.0011348724365234375,0.0,0.82373046875,0.68310546875
616,167,0.5733964443206787,4.5108642578125,0.7859219908714294,0.320068359375,-0.947265625,-0.0009446144104003906,0.0,0.80322265625,0.68505859375
617,166,0.7624789476394653,4.573848724365234,0.7850242257118225,0.50048828125,-0.86572265625,0.0005965232849121094,0.0,0.80859375,0.7216796875
618,168,-0.447138249874115,4.82065486907959,1.2652465105056763,-0.57470703125,-0.0225982666015625,0.81787109375,0.0,0.153564453125,0.61181640625
619,169,-0.33645179867744446,4.7186384201049805,1.1059019565582275,-0.267822265625,-0.88525390625,0.380615234375,0.0,0.11871337890625,0.63720703125
620,170,-0.18323908746242523,4.693427562713623,1.155086636543274,0.062744140625,-0.5458984375,0.83544921875,0.0,0.126708984375,0.6669921875
621,168,-0.447138249874115,4.82065486907959,1.2652465105056763,-0.57470703125,-0.0225982666015625,0.81787109375,0.0,0.153564453125,0.61181640625
622,170,-0.18323908746242523,4.693427562713623,1.155086636543274,0.062744140625,-0.5458984375,0.83544921875,0.0,0.126708984375,0.6669921875
623,171,-0.18323908746242523,4.805935382843018,1.2144465446472168,0.1182861328125,-0.06866455078125,0.99072265625,0.0,0.150146484375,0.6630859375
624,172,0.21478568017482758,4.717283725738525,1.1212177276611328,0.1007080078125,-0.50390625,0.85791015625,0.0,0.136474609375,0.7451171875
625,171,-0.18323908746242523,4.805935382843018,1.2144465446472168,0.1182861328125,-0.06866455078125,0.99072265625,0.0,0.150146484375,0.6630859375
626,170,-0.18323908746242523,4.693427562713623,1.155086636543274,0.062744140625,-0.5458984375,0.83544921875,0.0,0.126708984375,0.6669921875
627,172,0.21478568017482758,4.717283725738525,1.1212177276611328,0.1007080078125,-0.50390625,0.85791015625,0.0,0.136474609375,0.7451171875
628,173,0.2897460162639618,4.821455001831055,1.1779828071594238,0.158935546875,0.0221099853515625,0.98681640625,0.0,0.158935546875,0.75
629,171,-0.18323908746242523,4.805935382843018,1.2144465446472168,0.1182861328125,-0.06866455078125,0.99072265625,0.0,0.150146484375,0.6630859375
630,173,0.2897460162639618,4.821455001831055,1.1779828071594238,0.158935546875,0.0221099853515625,0.98681640625,0.0,0.158935546875,0.75
631,172,0.21478568017482758,4.717283725738525,1.1212177276611328,0.1007080078125,-0.50390625,0.85791015625,0.0,0.136474609375,0.7451171875
632,174,0.3137374520301819,4.721755027770996,1.0971001386642456,0.280517578125,-0.6025390625,0.7470703125,0.0,0.145751953125,0.7685546875
633,171,-0.18323908746242523,4.805935382843018,1.2144465446472168,0.1182861328125,-0.06866455078125,0.99072265625,0.0,0.150146484375,0.6630859375
634,175,-0.3272424638271332,4.9033660888671875,1.194915533065796,-0.1505126953125,0.75537109375,0.6376953125,0.0,0.1708984375,0.6357421875
635,168,-0.447138249874115,4.82065486907959,1.2652465105056763,-0.57470703125,-0.0225982666015625,0.81787109375,0.0,0.153564453125,0.61181640625
636,168,-0.447138249874115,4.82065486907959,1.2652465105056763,-0.57470703125,-0.0225982666015625,0.81787109375,0.0,0.153564453125,0.61181640625
637,175,-0.3272424638271332,4.9033660888671875,1.194915533065796,-0.1505126953125,0.75537109375,0.6376953125,0.0,0.1708984375,0.6357421875
638,176,-0.42422688007354736,4.831503391265869,1.0690205097198486,-0.99853515625,0.0258636474609375,0.048736572265625,0.0,0.19384765625,0.6103515625
639,177,-0.33645179867744446,4.7186384201049805,1.1059019565582275,-0.80224609375,-0.59716796875,-0.0036296844482421875,0.0,0.1851806640625,0.58447265625
640,168,-0.447138249874115,4.82065486907959,1.2652465105056763,-0.57470703125,-0.0225982666015625,0.81787109375,0.0,0.153564453125,0.61181640625
641,176,-0.42422688007354736,4.831503391265869,1.0690205097198486,-0.99853515625,0.0258636474609375,0.048736572265625,0.0,0.19384765625,0.6103515625
642,176,-0.42422688007354736,4.831503391265869,1.0690205097198486,-0.99853515625,0.0258636474609375,0.048736572265625,0.0,0.19384765625,0.6103515625
643,178,-0.44502729177474976,4.835668087005615,0.8341977000236511,-0.98876953125,0.035614013671875,0.1455078125,0.0,0.2415771484375,0.60986328125
644,177,-0.33645179867744446,4.7186384201049805,1.1059019565582275,-0.80224609375,-0.59716796875,-0.0036296844482421875,0.0,0.1851806640625,0.58447265625
645,177,-0.33645179867744446,4.7186384201049805,1.1059019565582275,-0.80224609375,-0.59716796875,-0.0036296844482421875,0.0,0.1851806640625,0.58447265625
646,178,-0.44502729177474976,4.835668087005615,0.8341977000236511,-0.98876953125,0.035614013671875,0.1455078125,0.0,0.2415771484375,0.60986328125
647,179,-0.40450620651245117,4.742222309112549,0.7469602823257446,-0.86572265625,-0.486328125,0.11871337890625,0.0,0.256591796875,0.58984375
648,178,-0.44502729177474976,4.835668087005615,0.8341977000236511,-0.98876953125,0.035614013671875,0.1455078125,0.0,0.2415771484375,0.60986328125
649,180,-0.48150527477264404,4.863761901855469,0.6517565846443176,-0.572265625,0.73291015625,-0.36865234375,0.0,0.2783203125,0.61474609375
650,179,-0.40450620651245117,4.742222309112549,0.7469602823257446,-0.86572265625,-0.486328125,0.11871337890625,0.0,0.256591796875,0.58984375
651,181,-0.3432729244232178,4.936271667480469,0.993659496307373,-0.49365234375,0.8623046875,0.11175537109375,0.0,0.2098388671875,0.63427734375
652,178,-0.44502729177474976,4.835668087005615,0.8341977000236511,-0.98876953125,0.035614013671875,0.1455078125,0.0,0.2415771484375,0.60986328125
653,176,-0.42422688007354736,4.831503391265869,1.0690205097198486,-0.99853515625,0.0258636474609375,0.048736572265625,0.0,0.19384765625,0.6103515625
654,175,-0.3272424638271332,4.9033660888671875,1.194915533065796,-0.1505126953125,0.75537109375,0.6376953125,0.0,0.1708984375,0.6357421875
655,181,-0.3432729244232178,4.936271667480469,0.993659496307373,-0.49365234375,0.8623046875,0.11175537109375,0.0,0.2098388671875,0.63427734375
656,176,-0.42422688007354736,4.831503391265869,1.0690205097198486,-0.99853515625,0.0258636474609375,0.048736572265625,0.0,0.19384765625,0.6103515625
657,180,-0.48150527477264404,4.863761901855469,0.6517565846443176,-0.572265625,0.73291015625,-0.36865234375,0.0,0.2783203125,0.61474609375
658,178,-0.44502729177474976,4.835668087005615,0.8341977000236511,-0.98876953125,0.035614013671875,0.1455078125,0.0,0.2415771484375,0.60986328125
659,182,-0.35907480120658875,4.940023899078369,0.7600135803222656,-0.295654296875,0.90380859375,-0.31005859375,0.0,0.25439453125,0.63720703125
660,178,-0.44502729177474976,4.835668087005615,0.8341977000236511,-0.98876953125,0.035614013671875,0.1455078125,0.0,0.2415771484375,0.60986328125
661,181,-0.3432729244232178,4.936271667480469,0.993659496307373,-0.49365234375,0.8623046875,0.11175537109375,0.0,0.2098388671875,0.63427734375
662,182,-0.35907480120658875,4.940023899078369,0.7600135803222656,-0.295654296875,0.90380859375,-0.31005859375,0.0,0.25439453125,0.63720703125
663,180,-0.48150527477264404,4.863761901855469,0.6517565846443176,-0.572265625,0.73291015625,-0.36865234375,0.0,0.2783203125,0.61474609375
664,182,-0.35907480120658875,4.940023899078369,0.7600135803222656,-0.295654296875,0.90380859375,-0.31005859375,0.0,0.25439453125,0.63720703125
665,183,-0.21324096620082855,4.819188594818115,0.6763333082199097,0.00350189208984375,0.6142578125,-0.7890625,0.0,0.28173828125,0.66845703125
666,182,-0.35907480120658875,4.940023899078369,0.7600135803222656,-0.295654296875,0.90380859375,-0.31005859375,0.0,0.25439453125,0.63720703125
667,184,-0.20475193858146667,4.947630405426025,0.7511274814605713,-0.00493621826171875,0.85107421875,-0.52490234375,0.0,0.25439453125,0.66650390625
668,183,-0.21324096620082855,4.819188594818115,0.6763333082199097,0.00350189208984375,0.6142578125,-0.7890625,0.0,0.28173828125,0.66845703125
669,184,-0.20475193858146667,4.947630405426025,0.7511274814605713,-0.00493621826171875,0.85107421875,-0.52490234375,0.0,0.25439453125,0.66650390625
670,185,0.26680728793144226,4.8469085693359375,0.6659220457077026,0.047332763671875,0.6064453125,-0.7939453125,0.0,0.263427734375,0.76416015625
671,183,-0.21324096620082855,4.819188594818115,0.6763333082199097,0.00350189208984375,0.6142578125,-0.7890625,0.0,0.28173828125,0.66845703125
672,182,-0.35907480120658875,4.940023899078369,0.7600135803222656,-0.295654296875,0.90380859375,-0.31005859375,0.0,0.25439453125,0.63720703125
673,181,-0.3432729244232178,4.936271667480469,0.993659496307373,-0.49365234375,0.8623046875,0.11175537109375,0.0,0.2098388671875,0.63427734375
674,186,-0.18434953689575195,4.985667705535889,0.9163746237754822,-0.018463134765625,0.9990234375,-0.03509521484375,0.0,0.22265625,0.66552734375
675,184,-0.20475193858146667,4.947630405426025,0.7511274814605713,-0.00493621826171875,0.85107421875,-0.52490234375,0.0,0.25439453125,0.66650390625
676,182,-0.35907480120658875,4.940023899078369,0.7600135803222656,-0.295654296875,0.90380859375,-0.31005859375,0.0,0.25439453125,0.63720703125
677,186,-0.18434953689575195,4.985667705535889,0.9163746237754822,-0.018463134765625,0.9990234375,-0.03509521484375,0.0,0.22265625,0.66552734375
678,187,-0.17310529947280884,4.957108974456787,1.0930275917053223,-0.0015554428100585938,0.94775390625,0.31884765625,0.0,0.1888427734375,0.66455078125
679,181,-0.3432729244232178,4.936271667480469,0.993659496307373,-0.49365234375,0.8623046875,0.11175537109375,0.0,0.2098388671875,0.63427734375
680,175,-0.3272424638271332,4.9033660888671875,1.194915533065796,-0.1505126953125,0.75537109375,0.6376953125,0.0,0.1708984375,0.6357421875
681,187,-0.17310529947280884,4.957108974456787,1.0930275917053223,-0.0015554428100585938,0.94775390625,0.31884765625,0.0,0.1888427734375,0.66455078125
682,186,-0.18434953689575195,4.985667705535889,0.9163746237754822,-0.018463134765625,0.9990234375,-0.03509521484375,0.0,0.22265625,0.66552734375
683,181,-0.3432729244232178,4.936271667480469,0.993659496307373,-0.49365234375,0.8623046875,0.11175537109375,0.0,0.2098388671875,0.63427734375
684,171,-0.18323908746242523,4.805935382843018,1.2144465446472168,0.1182861328125,-0.06866455078125,0.99072265625,0.0,0.150146484375,0.6630859375
685,188,-0.17449325323104858,4.899455547332764,1.180169701576233,0.08551025390625,0.6171875,0.7822265625,0.0,0.1690673828125,0.66357421875
686,175,-0.3272424638271332,4.9033660888671875,1.194915533065796,-0.1505126953125,0.75537109375,0.6376953125,0.0,0.1708984375,0.6357421875
687,188,-0.17449325323104858,4.899455547332764,1.180169701576233,0.08551025390625,0.6171875,0.7822265625,0.0,0.1690673828125,0.66357421875
688,187,-0.17310529947280884,4.957108974456787,1.0930275917053223,-0.0015554428100585938,0.94775390625,0.31884765625,0.0,0.1888427734375,0.66455078125
689,175,-0.3272424638271332,4.9033660888671875,1.194915533065796,-0.1505126953125,0.75537109375,0.6376953125,0.0,0.1708984375,0.6357421875
690,184,-0.20475193858146667,4.947630405426025,0.7511274814605713,-0.00493621826171875,0.85107421875,-0.52490234375,0.0,0.25439453125,0.66650390625
691,189,0.27968814969062805,4.942811012268066,0.7638731002807617,0.07989501953125,0.876953125,-0.473876953125,0.0,0.2403564453125,0.7548828125
692,185,0.26680728793144226,4.8469085693359375,0.6659220457077026,0.047332763671875,0.6064453125,-0.7939453125,0.0,0.263427734375,0.76416015625
693,186,-0.18434953689575195,4.985667705535889,0.9163746237754822,-0.018463134765625,0.9990234375,-0.03509521484375,0.0,0.22265625,0.66552734375
694,189,0.27968814969062805,4.942811012268066,0.7638731002807617,0.07989501953125,0.876953125,-0.473876953125,0.0,0.2403564453125,0.7548828125
695,184,-0.20475193858146667,4.947630405426025,0.7511274814605713,-0.00493621826171875,0.85107421875,-0.52490234375,0.0,0.25439453125,0.66650390625
696,171,-0.18323908746242523,4.805935382843018,1.2144465446472168,0.1182861328125,-0.06866455078125,0.99072265625,0.0,0.150146484375,0.6630859375
697,190,0.2991183400154114,4.899325370788574,1.1296720504760742,0.146484375,0.65234375,0.74365234375,0.0,0.1744384765625,0.748046875
698,188,-0.17449325323104858,4.899455547332764,1.180169701576233,0.08551025390625,0.6171875,0.7822265625,0.0,0.1690673828125,0.66357421875
699,171,-0.18323908746242523,4.805935382843018,1.2144465446472168,0.1182861328125,-0.06866455078125,0.99072265625,0.0,0.150146484375,0.6630859375
700,173,0.2897460162639618,4.821455001831055,1.1779828071594238,0.158935546875,0.0221099853515625,0.98681640625,0.0,0.158935546875,0.75
701,190,0.2991183400154114,4.899325370788574,1.1296720504760742,0.146484375,0.65234375,0.74365234375,0.0,0.1744384765625,0.748046875
702,187,-0.17310529947280884,4.957108974456787,1.0930275917053223,-0.0015554428100585938,0.94775390625,0.31884765625,0.0,0.1888427734375,0.66455078125
703,191,0.3041307032108307,4.973728656768799,0.9340916275978088,0.093017578125,0.99462890625,-0.04058837890625,0.0,0.210693359375,0.75048828125
704,186,-0.18434953689575195,4.985667705535889,0.9163746237754822,-0.018463134765625,0.9990234375,-0.03509521484375,0.0,0.22265625,0.66552734375
705,186,-0.18434953689575195,4.985667705535889,0.9163746237754822,-0.018463134765625,0.9990234375,-0.03509521484375,0.0,0.22265625,0.66552734375
706,191,0.3041307032108307,4.973728656768799,0.9340916275978088,0.093017578125,0.99462890625,-0.04058837890625,0.0,0.210693359375,0.75048828125
707,189,0.27968814969062805,4.942811012268066,0.7638731002807617,0.07989501953125,0.876953125,-0.473876953125,0.0,0.2403564453125,0.7548828125
708,188,-0.17449325323104858,4.899455547332764,1.180169701576233,0.08551025390625,0.6171875,0.7822265625,0.0,0.1690673828125,0.66357421875
709,192,0.29880231618881226,4.953466892242432,1.0550625324249268,0.0771484375,0.943359375,0.322021484375,0.0,0.190185546875,0.7470703125
710,187,-0.17310529947280884,4.957108974456787,1.0930275917053223,-0.0015554428100585938,0.94775390625,0.31884765625,0.0,0.1888427734375,0.66455078125
711,188,-0.17449325323104858,4.899455547332764,1.180169701576233,0.08551025390625,0.6171875,0.7822265625,0.0,0.1690673828125,0.66357421875
712,190,0.2991183400154114,4.899325370788574,1.1296720504760742,0.146484375,0.65234375,0.74365234375,0.0,0.1744384765625,0.748046875
713,192,0.29880231618881226,4.953466892242432,1.0550625324249268,0.0771484375,0.943359375,0.322021484375,0.0,0.190185546875,0.7470703125
714,187,-0.17310529947280884,4.957108974456787,1.0930275917053223,-0.0015554428100585938,0.94775390625,0.31884765625,0.0,0.1888427734375,0.66455078125
715,192,0.29880231618881226,4.953466892242432,1.0550625324249268,0.0771484375,0.943359375,0.322021484375,0.0,0.190185546875,0.7470703125
716,191,0.3041307032108307,4.973728656768799,0.9340916275978088,0.093017578125,0.99462890625,-0.04058837890625,0.0,0.210693359375,0.75048828125
717,193,0.3659020960330963,4.793267726898193,0.7041106820106506,0.59716796875,0.2353515625,-0.7666015625,0.0,0.248779296875,0.7861328125
718,185,0.26680728793144226,4.8469085693359375,0.6659220457077026,0.047332763671875,0.6064453125,-0.7939453125,0.0,0.263427734375,0.76416015625
719,189,0.27968814969062805,4.942811012268066,0.7638731002807617,0.07989501953125,0.876953125,-0.473876953125,0.0,0.2403564453125,0.7548828125
720,185,0.26680728793144226,4.8469085693359375,0.6659220457077026,0.047332763671875,0.6064453125,-0.7939453125,0.0,0.263427734375,0.76416015625
721,193,0.3659020960330963,4.793267726898193,0.7041106820106506,0.59716796875,0.2353515625,-0.7666015625,0.0,0.248779296875,0.7861328125
722,194,0.3418762981891632,4.730218887329102,0.714870035648346,0.4521484375,-0.341796875,-0.82373046875,0.0,0.255615234375,0.7978515625
723,195,0.41600656509399414,4.855978488922119,1.0641710758209229,0.771484375,0.3701171875,0.517578125,0.0,0.180908203125,0.76953125
724,190,0.2991183400154114,4.899325370788574,1.1296720504760742,0.146484375,0.65234375,0.74365234375,0.0,0.1744384765625,0.748046875
725,173,0.2897460162639618,4.821455001831055,1.1779828071594238,0.158935546875,0.0221099853515625,0.98681640625,0.0,0.158935546875,0.75
726,192,0.29880231618881226,4.953466892242432,1.0550625324249268,0.0771484375,0.943359375,0.322021484375,0.0,0.190185546875,0.7470703125
727,190,0.2991183400154114,4.899325370788574,1.1296720504760742,0.146484375,0.65234375,0.74365234375,0.0,0.1744384765625,0.748046875
728,195,0.41600656509399414,4.855978488922119,1.0641710758209229,0.771484375,0.3701171875,0.517578125,0.0,0.180908203125,0.76953125
729,196,0.3560487926006317,4.876465320587158,0.8058511018753052,0.6328125,0.68603515625,-0.358642578125,0.0,0.2301025390625,0.7724609375
730,189,0.27968814969062805,4.942811012268066,0.7638731002807617,0.07989501953125,0.876953125,-0.473876953125,0.0,0.2403564453125,0.7548828125
731,191,0.3041307032108307,4.973728656768799,0.9340916275978088,0.093017578125,0.99462890625,-0.04058837890625,0.0,0.210693359375,0.75048828125
732,193,0.3659020960330963,4.793267726898193,0.7041106820106506,0.59716796875,0.2353515625,-0.7666015625,0.0,0.248779296875,0.7861328125
733,189,0.27968814969062805,4.942811012268066,0.7638731002807617,0.07989501953125,0.876953125,-0.473876953125,0.0,0.2403564453125,0.7548828125
734,196,0.3560487926006317,4.876465320587158,0.8058511018753052,0.6328125,0.68603515625,-0.358642578125,0.0,0.2301025390625,0.7724609375
735,194,0.3418762981891632,4.730218887329102,0.714870035648346,0.4521484375,-0.341796875,-0.82373046875,0.0,0.255615234375,0.7978515625
736,193,0.3659020960330963,4.793267726898193,0.7041106820106506,0.59716796875,0.2353515625,-0.7666015625,0.0,0.248779296875,0.7861328125
737,197,0.4215679466724396,4.785399436950684,0.7613903880119324,0.77734375,-0.1890869140625,-0.60009765625,0.0,0.2344970703125,0.79443359375
738,198,0.4357316792011261,4.757424831390381,0.8065041899681091,0.84423828125,-0.3818359375,-0.37646484375,0.0,0.226806640625,0.802734375
739,194,0.3418762981891632,4.730218887329102,0.714870035648346,0.4521484375,-0.341796875,-0.82373046875,0.0,0.255615234375,0.7978515625
740,197,0.4215679466724396,4.785399436950684,0.7613903880119324,0.77734375,-0.1890869140625,-0.60009765625,0.0,0.2344970703125,0.79443359375
741,199,0.4394790828227997,4.762476921081543,0.8402235507965088,0.91455078125,-0.313232421875,-0.256103515625,0.0,0.218994140625,0.8046875
742,198,0.4357316792011261,4.757424831390381,0.8065041899681091,0.84423828125,-0.3818359375,-0.37646484375,0.0,0.226806640625,0.802734375
743,197,0.4215679466724396,4.785399436950684,0.7613903880119324,0.77734375,-0.1890869140625,-0.60009765625,0.0,0.2344970703125,0.79443359375
744,200,0.3737744092941284,4.924592971801758,0.9248077273368835,0.62744140625,0.76025390625,-0.1685791015625,0.0,0.2083740234375,0.7646484375
745,191,0.3041307032108307,4.973728656768799,0.9340916275978088,0.093017578125,0.99462890625,-0.04058837890625,0.0,0.210693359375,0.75048828125
746,192,0.29880231618881226,4.953466892242432,1.0550625324249268,0.0771484375,0.943359375,0.322021484375,0.0,0.190185546875,0.7470703125
747,196,0.3560487926006317,4.876465320587158,0.8058511018753052,0.6328125,0.68603515625,-0.358642578125,0.0,0.2301025390625,0.7724609375
748,191,0.3041307032108307,4.973728656768799,0.9340916275978088,0.093017578125,0.99462890625,-0.04058837890625,0.0,0.210693359375,0.75048828125
749,200,0.3737744092941284,4.924592971801758,0.9248077273368835,0.62744140625,0.76025390625,-0.1685791015625,0.0,0.2083740234375,0.7646484375
750,193,0.3659020960330963,4.793267726898193,0.7041106820106506,0.59716796875,0.2353515625,-0.7666015625,0.0,0.248779296875,0.7861328125
751,196,0.3560487926006317,4.876465320587158,0.8058511018753052,0.6328125,0.68603515625,-0.358642578125,0.0,0.2301025390625,0.7724609375
752,201,0.40535834431648254,4.8112053871154785,0.7795546054840088,0.6220703125,0.54736328125,-0.5595703125,0.0,0.2318115234375,0.78857421875
753,201,0.40535834431648254,4.8112053871154785,0.7795546054840088,0.6220703125,0.54736328125,-0.5595703125,0.0,0.2318115234375,0.78857421875
754,197,0.4215679466724396,4.785399436950684,0.7613903880119324,0.77734375,-0.1890869140625,-0.60009765625,0.0,0.2344970703125,0.79443359375
755,193,0.3659020960330963,4.793267726898193,0.7041106820106506,0.59716796875,0.2353515625,-0.7666015625,0.0,0.248779296875,0.7861328125
756,200,0.3737744092941284,4.924592971801758,0.9248077273368835,0.62744140625,0.76025390625,-0.1685791015625,0.0,0.2083740234375,0.7646484375
757,192,0.29880231618881226,4.953466892242432,1.0550625324249268,0.0771484375,0.943359375,0.322021484375,0.0,0.190185546875,0.7470703125
758,202,0.4121219217777252,4.892563343048096,0.9889633059501648,0.72509765625,0.673828125,0.14404296875,0.0,0.19482421875,0.77001953125
759,192,0.29880231618881226,4.953466892242432,1.0550625324249268,0.0771484375,0.943359375,0.322021484375,0.0,0.190185546875,0.7470703125
760,195,0.41600656509399414,4.855978488922119,1.0641710758209229,0.771484375,0.3701171875,0.517578125,0.0,0.180908203125,0.76953125
761,202,0.4121219217777252,4.892563343048096,0.9889633059501648,0.72509765625,0.673828125,0.14404296875,0.0,0.19482421875,0.77001953125
762,203,0.4346649944782257,4.849793434143066,0.8510448932647705,0.497314453125,0.81787109375,-0.289306640625,0.0,0.2164306640625,0.783203125
763,196,0.3560487926006317,4.876465320587158,0.8058511018753052,0.6328125,0.68603515625,-0.358642578125,0.0,0.2301025390625,0.7724609375
764,200,0.3737744092941284,4.924592971801758,0.9248077273368835,0.62744140625,0.76025390625,-0.1685791015625,0.0,0.2083740234375,0.7646484375
765,196,0.3560487926006317,4.876465320587158,0.8058511018753052,0.6328125,0.68603515625,-0.358642578125,0.0,0.2301025390625,0.7724609375
766,203,0.4346649944782257,4.849793434143066,0.8510448932647705,0.497314453125,0.81787109375,-0.289306640625,0.0,0.2164306640625,0.783203125
767,201,0.40535834431648254,4.8112053871154785,0.7795546054840088,0.6220703125,0.54736328125,-0.5595703125,0.0,0.2318115234375,0.78857421875
768,203,0.4346649944782257,4.849793434143066,0.8510448932647705,0.497314453125,0.81787109375,-0.289306640625,0.0,0.2164306640625,0.783203125
769,200,0.3737744092941284,4.924592971801758,0.9248077273368835,0.62744140625,0.76025390625,-0.1685791015625,0.0,0.2083740234375,0.7646484375
770,202,0.4121219217777252,4.892563343048096,0.9889633059501648,0.72509765625,0.673828125,0.14404296875,0.0,0.19482421875,0.77001953125
771,195,0.41600656509399414,4.855978488922119,1.0641710758209229,0.771484375,0.3701171875,0.517578125,0.0,0.180908203125,0.76953125
772,173,0.2897460162639618,4.821455001831055,1.1779828071594238,0.158935546875,0.0221099853515625,0.98681640625,0.0,0.158935546875,0.75
773,204,0.35958239436149597,4.7939605712890625,1.144732117652893,0.51611328125,-0.1396484375,0.84521484375,0.0,0.1617431640625,0.76416015625
774,173,0.2897460162639618,4.821455001831055,1.1779828071594238,0.158935546875,0.0221099853515625,0.98681640625,0.0,0.158935546875,0.75
775,174,0.3137374520301819,4.721755027770996,1.0971001386642456,0.280517578125,-0.6025390625,0.7470703125,0.0,0.145751953125,0.7685546875
776,204,0.35958239436149597,4.7939605712890625,1.144732117652893,0.51611328125,-0.1396484375,0.84521484375,0.0,0.1617431640625,0.76416015625
777,205,0.481025367975235,4.822610378265381,0.8338162302970886,0.818359375,0.32275390625,-0.475341796875,0.0,0.2156982421875,0.79296875
778,197,0.4215679466724396,4.785399436950684,0.7613903880119324,0.77734375,-0.1890869140625,-0.60009765625,0.0,0.2344970703125,0.79443359375
779,201,0.40535834431648254,4.8112053871154785,0.7795546054840088,0.6220703125,0.54736328125,-0.5595703125,0.0,0.2318115234375,0.78857421875
780,201,0.40535834431648254,4.8112053871154785,0.7795546054840088,0.6220703125,0.54736328125,-0.5595703125,0.0,0.2318115234375,0.78857421875
781,203,0.4346649944782257,4.849793434143066,0.8510448932647705,0.497314453125,0.81787109375,-0.289306640625,0.0,0.2164306640625,0.783203125
782,205,0.481025367975235,4.822610378265381,0.8338162302970886,0.818359375,0.32275390625,-0.475341796875,0.0,0.2156982421875,0.79296875
783,199,0.4394790828227997,4.762476921081543,0.8402235507965088,0.91455078125,-0.313232421875,-0.256103515625,0.0,0.218994140625,0.8046875
784,197,0.4215679466724396,4.785399436950684,0.7613903880119324,0.77734375,-0.1890869140625,-0.60009765625,0.0,0.2344970703125,0.79443359375
785,206,0.46248793601989746,4.7958879470825195,0.8481363654136658,0.8984375,-0.34716796875,-0.268310546875,0.0,0.2154541015625,0.798828125
786,205,0.481025367975235,4.822610378265381,0.8338162302970886,0.818359375,0.32275390625,-0.475341796875,0.0,0.2156982421875,0.79296875
787,206,0.46248793601989746,4.7958879470825195,0.8481363654136658,0.8984375,-0.34716796875,-0.268310546875,0.0,0.2154541015625,0.798828125
788,197,0.4215679466724396,4.785399436950684,0.7613903880119324,0.77734375,-0.1890869140625,-0.60009765625,0.0,0.2344970703125,0.79443359375
789,207,0.4537807106971741,4.777606010437012,0.9001415967941284,0.919921875,-0.228271484375,-0.318603515625,0.0,0.2032470703125,0.802734375
790,199,0.4394790828227997,4.762476921081543,0.8402235507965088,0.91455078125,-0.313232421875,-0.256103515625,0.0,0.218994140625,0.8046875
791,206,0.46248793601989746,4.7958879470825195,0.8481363654136658,0.8984375,-0.34716796875,-0.268310546875,0.0,0.2154541015625,0.798828125
792,207,0.4537807106971741,4.777606010437012,0.9001415967941284,0.919921875,-0.228271484375,-0.318603515625,0.0,0.2032470703125,0.802734375
793,208,0.4589066207408905,4.765649795532227,0.8928501605987549,0.9873046875,-0.0552978515625,-0.1485595703125,0.0,0.2049560546875,0.8056640625
794,199,0.4394790828227997,4.762476921081543,0.8402235507965088,0.91455078125,-0.313232421875,-0.256103515625,0.0,0.218994140625,0.8046875
795,209,0.4767034947872162,4.762339115142822,0.96214359998703,0.42333984375,0.85009765625,0.313720703125,0.0,0.1866455078125,0.8056640625
796,208,0.4589066207408905,4.765649795532227,0.8928501605987549,0.9873046875,-0.0552978515625,-0.1485595703125,0.0,0.2049560546875,0.8056640625
797,207,0.4537807106971741,4.777606010437012,0.9001415967941284,0.919921875,-0.228271484375,-0.318603515625,0.0,0.2032470703125,0.802734375
798,195,0.41600656509399414,4.855978488922119,1.0641710758209229,0.771484375,0.3701171875,0.517578125,0.0,0.180908203125,0.76953125
799,210,0.41841161251068115,4.809239387512207,1.0128123760223389,0.75732421875,0.431396484375,0.489990234375,0.0,0.182861328125,0.78173828125
800,202,0.4121219217777252,4.892563343048096,0.9889633059501648,0.72509765625,0.673828125,0.14404296875,0.0,0.19482421875,0.77001953125
801,210,0.41841161251068115,4.809239387512207,1.0128123760223389,0.75732421875,0.431396484375,0.489990234375,0.0,0.182861328125,0.78173828125
802,195,0.41600656509399414,4.855978488922119,1.0641710758209229,0.771484375,0.3701171875,0.517578125,0.0,0.180908203125,0.76953125
803,204,0.35958239436149597,4.7939605712890625,1.144732117652893,0.51611328125,-0.1396484375,0.84521484375,0.0,0.1617431640625,0.76416015625
804,211,0.4142445921897888,4.774665832519531,1.0681042671203613,0.703125,-0.2412109375,0.6689453125,0.0,0.1702880859375,0.7802734375
805,204,0.35958239436149597,4.7939605712890625,1.144732117652893,0.51611328125,-0.1396484375,0.84521484375,0.0,0.1617431640625,0.76416015625
806,174,0.3137374520301819,4.721755027770996,1.0971001386642456,0.280517578125,-0.6025390625,0.7470703125,0.0,0.145751953125,0.7685546875
807,211,0.4142445921897888,4.774665832519531,1.0681042671203613,0.703125,-0.2412109375,0.6689453125,0.0,0.1702880859375,0.7802734375
808,210,0.41841161251068115,4.809239387512207,1.0128123760223389,0.75732421875,0.431396484375,0.489990234375,0.0,0.182861328125,0.78173828125
809,204,0.35958239436149597,4.7939605712890625,1.144732117652893,0.51611328125,-0.1396484375,0.84521484375,0.0,0.1617431640625,0.76416015625
810,211,0.4142445921897888,4.774665832519531,1.0681042671203613,0.703125,-0.2412109375,0.6689453125,0.0,0.1702880859375,0.7802734375
811,174,0.3137374520301819,4.721755027770996,1.0971001386642456,0.280517578125,-0.6025390625,0.7470703125,0.0,0.145751953125,0.7685546875
812,212,0.39564764499664307,4.732082366943359,1.0563026666641235,0.5302734375,-0.56787109375,0.62939453125,0.0,0.161865234375,0.78466796875
813,211,0.4142445921897888,4.774665832519531,1.0681042671203613,0.703125,-0.2412109375,0.6689453125,0.0,0.1702880859375,0.7802734375
814,212,0.39564764499664307,4.732082366943359,1.0563026666641235,0.5302734375,-0.56787109375,0.62939453125,0.0,0.161865234375,0.78466796875
815,213,0.4549577236175537,4.751907825469971,1.0107606649398804,0.76025390625,0.3828125,0.52490234375,0.0,0.1766357421875,0.79638671875
816,205,0.481025367975235,4.822610378265381,0.8338162302970886,0.818359375,0.32275390625,-0.475341796875,0.0,0.2156982421875,0.79296875
817,203,0.4346649944782257,4.849793434143066,0.8510448932647705,0.497314453125,0.81787109375,-0.289306640625,0.0,0.2164306640625,0.783203125
818,214,0.4871048629283905,4.83125114440918,0.8981440663337708,0.49755859375,0.8662109375,-0.0426025390625,0.0,0.2056884765625,0.791015625
819,214,0.4871048629283905,4.83125114440918,0.8981440663337708,0.49755859375,0.8662109375,-0.0426025390625,0.0,0.2056884765625,0.791015625
820,206,0.46248793601989746,4.7958879470825195,0.8481363654136658,0.8984375,-0.34716796875,-0.268310546875,0.0,0.2154541015625,0.798828125
821,205,0.481025367975235,4.822610378265381,0.8338162302970886,0.818359375,0.32275390625,-0.475341796875,0.0,0.2156982421875,0.79296875
822,203,0.4346649944782257,4.849793434143066,0.8510448932647705,0.497314453125,0.81787109375,-0.289306640625,0.0,0.2164306640625,0.783203125
823,202,0.4121219217777252,4.892563343048096,0.9889633059501648,0.72509765625,0.673828125,0.14404296875,0.0,0.19482421875,0.77001953125
824,215,0.4312552511692047,4.8371734619140625,0.9652799963951111,0.59130859375,0.75439453125,0.285400390625,0.0,0.194580078125,0.7802734375
825,210,0.41841161251068115,4.809239387512207,1.0128123760223389,0.75732421875,0.431396484375,0.489990234375,0.0,0.182861328125,0.78173828125
826,215,0.4312552511692047,4.8371734619140625,0.9652799963951111,0.59130859375,0.75439453125,0.285400390625,0.0,0.194580078125,0.7802734375
827,202,0.4121219217777252,4.892563343048096,0.9889633059501648,0.72509765625,0.673828125,0.14404296875,0.0,0.19482421875,0.77001953125
828,214,0.4871048629283905,4.83125114440918,0.8981440663337708,0.49755859375,0.8662109375,-0.0426025390625,0.0,0.2056884765625,0.791015625
829,203,0.4346649944782257,4.849793434143066,0.8510448932647705,0.497314453125,0.81787109375,-0.289306640625,0.0,0.2164306640625,0.783203125
830,215,0.4312552511692047,4.8371734619140625,0.9652799963951111,0.59130859375,0.75439453125,0.285400390625,0.0,0.194580078125,0.7802734375
831,210,0.41841161251068115,4.809239387512207,1.0128123760223389,0.75732421875,0.431396484375,0.489990234375,0.0,0.182861328125,0.78173828125
832,216,0.4902932643890381,4.831573486328125,0.9611405730247498,0.366943359375,0.880859375,0.299072265625,0.0,0.195068359375,0.7890625
833,215,0.4312552511692047,4.8371734619140625,0.9652799963951111,0.59130859375,0.75439453125,0.285400390625,0.0,0.194580078125,0.7802734375
834,214,0.4871048629283905,4.83125114440918,0.8981440663337708,0.49755859375,0.8662109375,-0.0426025390625,0.0,0.2056884765625,0.791015625
835,215,0.4312552511692047,4.8371734619140625,0.9652799963951111,0.59130859375,0.75439453125,0.285400390625,0.0,0.194580078125,0.7802734375
836,216,0.4902932643890381,4.831573486328125,0.9611405730247498,0.366943359375,0.880859375,0.299072265625,0.0,0.195068359375,0.7890625
837,217,0.45381560921669006,4.7896928787231445,1.020735263824463,0.61767578125,0.335693359375,0.7109375,0.0,0.1810302734375,0.78857421875
838,210,0.41841161251068115,4.809239387512207,1.0128123760223389,0.75732421875,0.431396484375,0.489990234375,0.0,0.182861328125,0.78173828125
839,211,0.4142445921897888,4.774665832519531,1.0681042671203613,0.703125,-0.2412109375,0.6689453125,0.0,0.1702880859375,0.7802734375
840,210,0.41841161251068115,4.809239387512207,1.0128123760223389,0.75732421875,0.431396484375,0.489990234375,0.0,0.182861328125,0.78173828125
841,217,0.45381560921669006,4.7896928787231445,1.020735263824463,0.61767578125,0.335693359375,0.7109375,0.0,0.1810302734375,0.78857421875
842,216,0.4902932643890381,4.831573486328125,0.9611405730247498,0.366943359375,0.880859375,0.299072265625,0.0,0.195068359375,0.7890625
843,211,0.4142445921897888,4.774665832519531,1.0681042671203613,0.703125,-0.2412109375,0.6689453125,0.0,0.1702880859375,0.7802734375
844,213,0.4549577236175537,4.751907825469971,1.0107606649398804,0.76025390625,0.3828125,0.52490234375,0.0,0.1766357421875,0.79638671875
845,218,0.4370357096195221,4.766283988952637,1.0294700860977173,0.7392578125,-0.40771484375,0.53564453125,0.0,0.1751708984375,0.78955078125
846,217,0.45381560921669006,4.7896928787231445,1.020735263824463,0.61767578125,0.335693359375,0.7109375,0.0,0.1810302734375,0.78857421875
847,211,0.4142445921897888,4.774665832519531,1.0681042671203613,0.703125,-0.2412109375,0.6689453125,0.0,0.1702880859375,0.7802734375
848,218,0.4370357096195221,4.766283988952637,1.0294700860977173,0.7392578125,-0.40771484375,0.53564453125,0.0,0.1751708984375,0.78955078125
849,219,0.4443090260028839,4.769161224365234,0.9759621024131775,0.9443359375,-0.1220703125,0.304931640625,0.0,0.184814453125,0.79833984375
850,218,0.4370357096195221,4.766283988952637,1.0294700860977173,0.7392578125,-0.40771484375,0.53564453125,0.0,0.1751708984375,0.78955078125
851,213,0.4549577236175537,4.751907825469971,1.0107606649398804,0.76025390625,0.3828125,0.52490234375,0.0,0.1766357421875,0.79638671875
852,219,0.4443090260028839,4.769161224365234,0.9759621024131775,0.9443359375,-0.1220703125,0.304931640625,0.0,0.184814453125,0.79833984375
853,217,0.45381560921669006,4.7896928787231445,1.020735263824463,0.61767578125,0.335693359375,0.7109375,0.0,0.1810302734375,0.78857421875
854,218,0.4370357096195221,4.766283988952637,1.0294700860977173,0.7392578125,-0.40771484375,0.53564453125,0.0,0.1751708984375,0.78955078125
855,209,0.4767034947872162,4.762339115142822,0.96214359998703,0.42333984375,0.85009765625,0.313720703125,0.0,0.1866455078125,0.8056640625
856,219,0.4443090260028839,4.769161224365234,0.9759621024131775,0.9443359375,-0.1220703125,0.304931640625,0.0,0.184814453125,0.79833984375
857,213,0.4549577236175537,4.751907825469971,1.0107606649398804,0.76025390625,0.3828125,0.52490234375,0.0,0.1766357421875,0.79638671875
858,214,0.4871048629283905,4.83125114440918,0.8981440663337708,0.49755859375,0.8662109375,-0.0426025390625,0.0,0.2056884765625,0.791015625
859,220,0.4576975107192993,4.798277378082275,0.8913915753364563,0.76611328125,-0.501953125,-0.401611328125,0.0,0.2064208984375,0.79931640625
860,206,0.46248793601989746,4.7958879470825195,0.8481363654136658,0.8984375,-0.34716796875,-0.268310546875,0.0,0.2154541015625,0.798828125
861,220,0.4576975107192993,4.798277378082275,0.8913915753364563,0.76611328125,-0.501953125,-0.401611328125,0.0,0.2064208984375,0.79931640625
862,207,0.4537807106971741,4.777606010437012,0.9001415967941284,0.919921875,-0.228271484375,-0.318603515625,0.0,0.2032470703125,0.802734375
863,206,0.46248793601989746,4.7958879470825195,0.8481363654136658,0.8984375,-0.34716796875,-0.268310546875,0.0,0.2154541015625,0.798828125
864,221,0.4989865720272064,4.801198482513428,0.9009177684783936,0.7021484375,0.0226593017578125,-0.7119140625,0.0,0.2025146484375,0.794921875
865,220,0.4576975107192993,4.798277378082275,0.8913915753364563,0.76611328125,-0.501953125,-0.401611328125,0.0,0.2064208984375,0.79931640625
866,214,0.4871048629283905,4.83125114440918,0.8981440663337708,0.49755859375,0.8662109375,-0.0426025390625,0.0,0.2056884765625,0.791015625
867,214,0.4871048629283905,4.83125114440918,0.8981440663337708,0.49755859375,0.8662109375,-0.0426025390625,0.0,0.2056884765625,0.791015625
868,216,0.4902932643890381,4.831573486328125,0.9611405730247498,0.366943359375,0.880859375,0.299072265625,0.0,0.195068359375,0.7890625
869,221,0.4989865720272064,4.801198482513428,0.9009177684783936,0.7021484375,0.0226593017578125,-0.7119140625,0.0,0.2025146484375,0.794921875
870,221,0.4989865720272064,4.801198482513428,0.9009177684783936,0.7021484375,0.0226593017578125,-0.7119140625,0.0,0.2025146484375,0.794921875
871,207,0.4537807106971741,4.777606010437012,0.9001415967941284,0.919921875,-0.228271484375,-0.318603515625,0.0,0.2032470703125,0.802734375
872,220,0.4576975107192993,4.798277378082275,0.8913915753364563,0.76611328125,-0.501953125,-0.401611328125,0.0,0.2064208984375,0.79931640625
873,222,0.4958110451698303,4.810701847076416,0.954391598701477,0.84130859375,-0.45751953125,0.28759765625,0.0,0.19482421875,0.79248046875
874,216,0.4902932643890381,4.831573486328125,0.9611405730247498,0.366943359375,0.880859375,0.299072265625,0.0,0.195068359375,0.7890625
875,217,0.45381560921669006,4.7896928787231445,1.020735263824463,0.61767578125,0.335693359375,0.7109375,0.0,0.1810302734375,0.78857421875
876,221,0.4989865720272064,4.801198482513428,0.9009177684783936,0.7021484375,0.0226593017578125,-0.7119140625,0.0,0.2025146484375,0.794921875
877,216,0.4902932643890381,4.831573486328125,0.9611405730247498,0.366943359375,0.880859375,0.299072265625,0.0,0.195068359375,0.7890625
878,222,0.4958110451698303,4.810701847076416,0.954391598701477,0.84130859375,-0.45751953125,0.28759765625,0.0,0.19482421875,0.79248046875
879,219,0.4443090260028839,4.769161224365234,0.9759621024131775,0.9443359375,-0.1220703125,0.304931640625,0.0,0.184814453125,0.79833984375
880,223,0.48302024602890015,4.789913654327393,0.9820579886436462,0.82958984375,-0.51953125,0.2054443359375,0.0,0.18896484375,0.79296875
881,217,0.45381560921669006,4.7896928787231445,1.020735263824463,0.61767578125,0.335693359375,0.7109375,0.0,0.1810302734375,0.78857421875
882,222,0.4958110451698303,4.810701847076416,0.954391598701477,0.84130859375,-0.45751953125,0.28759765625,0.0,0.19482421875,0.79248046875
883,217,0.45381560921669006,4.7896928787231445,1.020735263824463,0.61767578125,0.335693359375,0.7109375,0.0,0.1810302734375,0.78857421875
884,223,0.48302024602890015,4.789913654327393,0.9820579886436462,0.82958984375,-0.51953125,0.2054443359375,0.0,0.18896484375,0.79296875
885,224,0.45324957370758057,4.783902168273926,0.942027747631073,0.71533203125,-0.6845703125,0.139404296875,0.0,0.193115234375,0.80126953125
886,223,0.48302024602890015,4.789913654327393,0.9820579886436462,0.82958984375,-0.51953125,0.2054443359375,0.0,0.18896484375,0.79296875
887,219,0.4443090260028839,4.769161224365234,0.9759621024131775,0.9443359375,-0.1220703125,0.304931640625,0.0,0.184814453125,0.79833984375
888,209,0.4767034947872162,4.762339115142822,0.96214359998703,0.42333984375,0.85009765625,0.313720703125,0.0,0.1866455078125,0.8056640625
889,224,0.45324957370758057,4.783902168273926,0.942027747631073,0.71533203125,-0.6845703125,0.139404296875,0.0,0.193115234375,0.80126953125
890,219,0.4443090260028839,4.769161224365234,0.9759621024131775,0.9443359375,-0.1220703125,0.304931640625,0.0,0.184814453125,0.79833984375
891,224,0.45324957370758057,4.783902168273926,0.942027747631073,0.71533203125,-0.6845703125,0.139404296875,0.0,0.193115234375,0.80126953125
892,222,0.4958110451698303,4.810701847076416,0.954391598701477,0.84130859375,-0.45751953125,0.28759765625,0.0,0.19482421875,0.79248046875
893,223,0.48302024602890015,4.789913654327393,0.9820579886436462,0.82958984375,-0.51953125,0.2054443359375,0.0,0.18896484375,0.79296875
894,222,0.4958110451698303,4.810701847076416,0.954391598701477,0.84130859375,-0.45751953125,0.28759765625,0.0,0.19482421875,0.79248046875
895,225,0.504178524017334,4.794581413269043,0.9092290997505188,0.7431640625,-0.6572265625,-0.1258544921875,0.0,0.200927734375,0.79541015625
896,221,0.4989865720272064,4.801198482513428,0.9009177684783936,0.7021484375,0.0226593017578125,-0.7119140625,0.0,0.2025146484375,0.794921875
897,225,0.504178524017334,4.794581413269043,0.9092290997505188,0.7431640625,-0.6572265625,-0.1258544921875,0.0,0.200927734375,0.79541015625
898,207,0.4537807106971741,4.777606010437012,0.9001415967941284,0.919921875,-0.228271484375,-0.318603515625,0.0,0.2032470703125,0.802734375
899,221,0.4989865720272064,4.801198482513428,0.9009177684783936,0.7021484375,0.0226593017578125,-0.7119140625,0.0,0.2025146484375,0.794921875
900,222,0.4958110451698303,4.810701847076416,0.954391598701477,0.84130859375,-0.45751953125,0.28759765625,0.0,0.19482421875,0.79248046875
901,226,0.5060821175575256,4.795013427734375,0.9238870143890381,0.5771484375,-0.7724609375,0.26513671875,0.0,0.1988525390625,0.79541015625
902,225,0.504178524017334,4.794581413269043,0.9092290997505188,0.7431640625,-0.6572265625,-0.1258544921875,0.0,0.200927734375,0.79541015625
903,224,0.45324957370758057,4.783902168273926,0.942027747631073,0.71533203125,-0.6845703125,0.139404296875,0.0,0.193115234375,0.80126953125
904,226,0.5060821175575256,4.795013427734375,0.9238870143890381,0.5771484375,-0.7724609375,0.26513671875,0.0,0.1988525390625,0.79541015625
905,222,0.4958110451698303,4.810701847076416,0.954391598701477,0.84130859375,-0.45751953125,0.28759765625,0.0,0.19482421875,0.79248046875
906,226,0.5060821175575256,4.795013427734375,0.9238870143890381,0.5771484375,-0.7724609375,0.26513671875,0.0,0.1988525390625,0.79541015625
907,207,0.4537807106971741,4.777606010437012,0.9001415967941284,0.919921875,-0.228271484375,-0.318603515625,0.0,0.2032470703125,0.802734375
908,225,0.504178524017334,4.794581413269043,0.9092290997505188,0.7431640625,-0.6572265625,-0.1258544921875,0.0,0.200927734375,0.79541015625
909,209,0.4767034947872162,4.762339115142822,0.96214359998703,0.42333984375,0.85009765625,0.313720703125,0.0,0.1866455078125,0.8056640625
910,207,0.4537807106971741,4.777606010437012,0.9001415967941284,0.919921875,-0.228271484375,-0.318603515625,0.0,0.2032470703125,0.802734375
911,227,0.45069414377212524,4.778678894042969,0.91824871301651,0.833984375,-0.51953125,0.185546875,0.0,0.19873046875,0.802734375
912,224,0.45324957370758057,4.783902168273926,0.942027747631073,0.71533203125,-0.6845703125,0.139404296875,0.0,0.193115234375,0.80126953125
913,209,0.4767034947872162,4.762339115142822,0.96214359998703,0.42333984375,0.85009765625,0.313720703125,0.0,0.1866455078125,0.8056640625
914,227,0.45069414377212524,4.778678894042969,0.91824871301651,0.833984375,-0.51953125,0.185546875,0.0,0.19873046875,0.802734375
915,226,0.5060821175575256,4.795013427734375,0.9238870143890381,0.5771484375,-0.7724609375,0.26513671875,0.0,0.1988525390625,0.79541015625
916,227,0.45069414377212524,4.778678894042969,0.91824871301651,0.833984375,-0.51953125,0.185546875,0.0,0.19873046875,0.802734375
917,207,0.4537807106971741,4.777606010437012,0.9001415967941284,0.919921875,-0.228271484375,-0.318603515625,0.0,0.2032470703125,0.802734375
918,224,0.45324957370758057,4.783902168273926,0.942027747631073,0.71533203125,-0.6845703125,0.139404296875,0.0,0.193115234375,0.80126953125
919,227,0.45069414377212524,4.778678894042969,0.91824871301651,0.833984375,-0.51953125,0.185546875,0.0,0.19873046875,0.802734375
920,226,0.5060821175575256,4.795013427734375,0.9238870143890381,0.5771484375,-0.7724609375,0.26513671875,0.0,0.1988525390625,0.79541015625
921,228,0.5936815738677979,4.816466331481934,1.212806224822998,-0.74755859375,-0.033233642578125,0.6630859375,0.0,0.69873046875,0.72509765625
922,229,0.5987294316291809,4.744058132171631,1.1268976926803589,-0.591796875,-0.6328125,0.498779296875,0.0,0.6796875,0.73681640625
923,230,0.6928049921989441,4.739773273468018,1.0762280225753784,0.48486328125,-0.451171875,0.7490234375,0.0,0.6806640625,0.75732421875
924,230,0.6928049921989441,4.739773273468018,1.0762280225753784,0.48486328125,-0.451171875,0.7490234375,0.0,0.6806640625,0.75732421875
925,231,0.6879395246505737,4.813156604766846,1.1187188625335693,0.64990234375,0.18017578125,0.73828125,0.0,0.6962890625,0.7509765625
926,228,0.5936815738677979,4.816466331481934,1.212806224822998,-0.74755859375,-0.033233642578125,0.6630859375,0.0,0.69873046875,0.72509765625
927,231,0.6879395246505737,4.813156604766846,1.1187188625335693,0.64990234375,0.18017578125,0.73828125,0.0,0.6962890625,0.7509765625
928,230,0.6928049921989441,4.739773273468018,1.0762280225753784,0.48486328125,-0.451171875,0.7490234375,0.0,0.6806640625,0.75732421875
929,232,0.8805251717567444,4.716787815093994,0.9492465257644653,0.66650390625,0.0228424072265625,0.7451171875,0.0,0.67578125,0.8046875
930,231,0.6879395246505737,4.813156604766846,1.1187188625335693,0.64990234375,0.18017578125,0.73828125,0.0,0.6962890625,0.7509765625
931,232,0.8805251717567444,4.716787815093994,0.9492465257644653,0.66650390625,0.0228424072265625,0.7451171875,0.0,0.67578125,0.8046875
932,233,0.8471968173980713,4.822366714477539,0.9719827175140381,0.6240234375,0.371337890625,0.6875,0.0,0.69482421875,0.79345703125
933,233,0.8471968173980713,4.822366714477539,0.9719827175140381,0.6240234375,0.371337890625,0.6875,0.0,0.69482421875,0.79345703125
934,232,0.8805251717567444,4.716787815093994,0.9492465257644653,0.66650390625,0.0228424072265625,0.7451171875,0.0,0.67578125,0.8046875
935,234,1.0597412586212158,4.688063621520996,0.7871604561805725,0.77880859375,0.09991455078125,0.619140625,0.0,0.67578125,0.85791015625
936,235,0.6410091519355774,4.86428165435791,1.1116710901260376,0.0714111328125,0.908203125,0.41259765625,0.0,0.708984375,0.7451171875
937,228,0.5936815738677979,4.816466331481934,1.212806224822998,-0.74755859375,-0.033233642578125,0.6630859375,0.0,0.69873046875,0.72509765625
938,231,0.6879395246505737,4.813156604766846,1.1187188625335693,0.64990234375,0.18017578125,0.73828125,0.0,0.6962890625,0.7509765625
939,231,0.6879395246505737,4.813156604766846,1.1187188625335693,0.64990234375,0.18017578125,0.73828125,0.0,0.6962890625,0.7509765625
940,233,0.8471968173980713,4.822366714477539,0.9719827175140381,0.6240234375,0.371337890625,0.6875,0.0,0.69482421875,0.79345703125
941,236,0.7881739735603333,4.9053730964660645,0.9322642087936401,0.284423828125,0.87939453125,0.382080078125,0.0,0.7158203125,0.7890625
942,231,0.6879395246505737,4.813156604766846,1.1187188625335693,0.64990234375,0.18017578125,0.73828125,0.0,0.6962890625,0.7509765625
943,236,0.7881739735603333,4.9053730964660645,0.9322642087936401,0.284423828125,0.87939453125,0.382080078125,0.0,0.7158203125,0.7890625
944,235,0.6410091519355774,4.86428165435791,1.1116710901260376,0.0714111328125,0.908203125,0.41259765625,0.0,0.708984375,0.7451171875
945,233,0.8471968173980713,4.822366714477539,0.9719827175140381,0.6240234375,0.371337890625,0.6875,0.0,0.69482421875,0.79345703125
946,234,1.0597412586212158,4.688063621520996,0.7871604561805725,0.77880859375,0.09991455078125,0.619140625,0.0,0.67578125,0.85791015625
947,237,1.0249536037445068,4.812350749969482,0.8144989013671875,0.71337890625,0.337158203125,0.6142578125,0.0,0.6962890625,0.8408203125
948,236,0.7881739735603333,4.9053730964660645,0.9322642087936401,0.284423828125,0.87939453125,0.382080078125,0.0,0.7158203125,0.7890625
949,233,0.8471968173980713,4.822366714477539,0.9719827175140381,0.6240234375,0.371337890625,0.6875,0.0,0.69482421875,0.79345703125
950,238,0.956141471862793,4.903726100921631,0.7779989242553711,0.409423828125,0.8271484375,0.384765625,0.0,0.716796875,0.83056640625
951,238,0.956141471862793,4.903726100921631,0.7779989242553711,0.409423828125,0.8271484375,0.384765625,0.0,0.716796875,0.83056640625
952,233,0.8471968173980713,4.822366714477539,0.9719827175140381,0.6240234375,0.371337890625,0.6875,0.0,0.69482421875,0.79345703125
953,237,1.0249536037445068,4.812350749969482,0.8144989013671875,0.71337890625,0.337158203125,0.6142578125,0.0,0.6962890625,0.8408203125
954,236,0.7881739735603333,4.9053730964660645,0.9322642087936401,0.284423828125,0.87939453125,0.382080078125,0.0,0.7158203125,0.7890625
955,239,0.6711990237236023,4.968128681182861,0.7870376706123352,-0.04052734375,0.98828125,0.1484375,0.0,0.7529296875,0.7900390625
956,235,0.6410091519355774,4.86428165435791,1.1116710901260376,0.0714111328125,0.908203125,0.41259765625,0.0,0.708984375,0.7451171875
957,238,0.956141471862793,4.903726100921631,0.7779989242553711,0.409423828125,0.8271484375,0.384765625,0.0,0.716796875,0.83056640625
958,239,0.6711990237236023,4.968128681182861,0.7870376706123352,-0.04052734375,0.98828125,0.1484375,0.0,0.7529296875,0.7900390625
959,236,0.7881739735603333,4.9053730964660645,0.9322642087936401,0.284423828125,0.87939453125,0.382080078125,0.0,0.7158203125,0.7890625
960,228,0.5936815738677979,4.816466331481934,1.212806224822998,-0.74755859375,-0.033233642578125,0.6630859375,0.0,0.69873046875,0.72509765625
961,235,0.6410091519355774,4.86428165435791,1.1116710901260376,0.0714111328125,0.908203125,0.41259765625,0.0,0.708984375,0.7451171875
962,240,0.5407259464263916,4.905553817749023,0.9278584122657776,-0.48291015625,0.8203125,0.30615234375,0.0,0.75,0.7548828125
963,235,0.6410091519355774,4.86428165435791,1.1116710901260376,0.0714111328125,0.908203125,0.41259765625,0.0,0.708984375,0.7451171875
964,239,0.6711990237236023,4.968128681182861,0.7870376706123352,-0.04052734375,0.98828125,0.1484375,0.0,0.7529296875,0.7900390625
965,240,0.5407259464263916,4.905553817749023,0.9278584122657776,-0.48291015625,0.8203125,0.30615234375,0.0,0.75,0.7548828125
966,241,1.14729905128479,4.794705867767334,0.6379954218864441,0.87451171875,0.34033203125,0.345458984375,0.0,0.70849609375,0.8798828125
967,237,1.0249536037445068,4.812350749969482,0.8144989013671875,0.71337890625,0.337158203125,0.6142578125,0.0,0.6962890625,0.8408203125
968,234,1.0597412586212158,4.688063621520996,0.7871604561805725,0.77880859375,0.09991455078125,0.619140625,0.0,0.67578125,0.85791015625
969,241,1.14729905128479,4.794705867767334,0.6379954218864441,0.87451171875,0.34033203125,0.345458984375,0.0,0.70849609375,0.8798828125
970,234,1.0597412586212158,4.688063621520996,0.7871604561805725,0.77880859375,0.09991455078125,0.619140625,0.0,0.67578125,0.85791015625
971,242,1.1370142698287964,4.678278923034668,0.6833125352859497,0.86376953125,0.09674072265625,0.494384765625,0.0,0.68798828125,0.88623046875
972,242,1.1370142698287964,4.678278923034668,0.6833125352859497,0.86376953125,0.09674072265625,0.494384765625,0.0,0.68798828125,0.88623046875
973,243,1.153995156288147,4.660224914550781,0.5709559321403503,0.9970703125,-0.06689453125,0.034271240234375,0.0,0.705078125,0.91064453125
974,241,1.14729905128479,4.794705867767334,0.6379954218864441,0.87451171875,0.34033203125,0.345458984375,0.0,0.70849609375,0.8798828125
975,237,1.0249536037445068,4.812350749969482,0.8144989013671875,0.71337890625,0.337158203125,0.6142578125,0.0,0.6962890625,0.8408203125
976,244,1.0595029592514038,4.923393249511719,0.5950484871864319,0.5517578125,0.8212890625,0.1434326171875,0.0,0.73095703125,0.86181640625
977,238,0.956141471862793,4.903726100921631,0.7779989242553711,0.409423828125,0.8271484375,0.384765625,0.0,0.716796875,0.83056640625
978,237,1.0249536037445068,4.812350749969482,0.8144989013671875,0.71337890625,0.337158203125,0.6142578125,0.0,0.6962890625,0.8408203125
979,241,1.14729905128479,4.794705867767334,0.6379954218864441,0.87451171875,0.34033203125,0.345458984375,0.0,0.70849609375,0.8798828125
980,244,1.0595029592514038,4.923393249511719,0.5950484871864319,0.5517578125,0.8212890625,0.1434326171875,0.0,0.73095703125,0.86181640625
981,245,0.39423635601997375,4.776735305786133,0.8584914803504944,-0.8681640625,-0.11578369140625,0.482421875,0.0,0.7841796875,0.7333984375
982,228,0.5936815738677979,4.816466331481934,1.212806224822998,-0.74755859375,-0.033233642578125,0.6630859375,0.0,0.69873046875,0.72509765625
983,240,0.5407259464263916,4.905553817749023,0.9278584122657776,-0.48291015625,0.8203125,0.30615234375,0.0,0.75,0.7548828125
984,246,0.5987294316291809,4.744058132171631,1.1268976926803589,-0.591796875,-0.6328125,0.498779296875,0.0,0.71728515625,0.71142578125
985,228,0.5936815738677979,4.816466331481934,1.212806224822998,-0.74755859375,-0.033233642578125,0.6630859375,0.0,0.69873046875,0.72509765625
986,245,0.39423635601997375,4.776735305786133,0.8584914803504944,-0.8681640625,-0.11578369140625,0.482421875,0.0,0.7841796875,0.7333984375
987,246,0.5987294316291809,4.744058132171631,1.1268976926803589,-0.591796875,-0.6328125,0.498779296875,0.0,0.71728515625,0.71142578125
988,245,0.39423635601997375,4.776735305786133,0.8584914803504944,-0.8681640625,-0.11578369140625,0.482421875,0.0,0.7841796875,0.7333984375
989,247,0.3992842435836792,4.704326629638672,0.7725830674171448,-0.6806640625,-0.5791015625,0.4482421875,0.0,0.80126953125,0.72021484375
990,241,1.14729905128479,4.794705867767334,0.6379954218864441,0.87451171875,0.34033203125,0.345458984375,0.0,0.70849609375,0.8798828125
991,243,1.153995156288147,4.660224914550781,0.5709559321403503,0.9970703125,-0.06689453125,0.034271240234375,0.0,0.705078125,0.91064453125
992,248,1.1622120141983032,4.8052802085876465,0.4538412392139435,0.92236328125,0.364990234375,-0.1258544921875,0.0,0.7353515625,0.8974609375
993,241,1.14729905128479,4.794705867767334,0.6379954218864441,0.87451171875,0.34033203125,0.345458984375,0.0,0.70849609375,0.8798828125
994,248,1.1622120141983032,4.8052802085876465,0.4538412392139435,0.92236328125,0.364990234375,-0.1258544921875,0.0,0.7353515625,0.8974609375
995,244,1.0595029592514038,4.923393249511719,0.5950484871864319,0.5517578125,0.8212890625,0.1434326171875,0.0,0.73095703125,0.86181640625
996,240,0.5407259464263916,4.905553817749023,0.9278584122657776,-0.48291015625,0.8203125,0.30615234375,0.0,0.75,0.7548828125
997,249,0.4557057023048401,4.900532245635986,0.781087338924408,-0.59716796875,0.7998046875,0.06158447265625,0.0,0.78173828125,0.76220703125
998,245,0.39423635601997375,4.776735305786133,0.8584914803504944,-0.8681640625,-0.11578369140625,0.482421875,0.0,0.7841796875,0.7333984375
999,239,0.6711990237236023,4.968128681182861,0.7870376706123352,-0.04052734375,0.98828125,0.1484375,0.0,0.7529296875,0.7900390625
1000,249,0.4557057023048401,4.900532245635986,0.781087338924408,-0.59716796875,0.7998046875,0.06158447265625,0.0,0.78173828125,0.76220703125
1001,240,0.5407259464263916,4.905553817749023,0.9278584122657776,-0.48291015625,0.8203125,0.30615234375,0.0,0.75,0.7548828125
1002,250,0.826832115650177,4.975734233856201,0.6642137765884399,0.043212890625,0.9990234375,0.0076141357421875,0.0,0.7509765625,0.82373046875
1003,239,0.6711990237236023,4.968128681182861,0.7870376706123352,-0.04052734375,0.98828125,0.1484375,0.0,0.7529296875,0.7900390625
1004,238,0.956141471862793,4.903726100921631,0.7779989242553711,0.409423828125,0.8271484375,0.384765625,0.0,0.716796875,0.83056640625
1005,244,1.0595029592514038,4.923393249511719,0.5950484871864319,0.5517578125,0.8212890625,0.1434326171875,0.0,0.73095703125,0.86181640625
1006,250,0.826832115650177,4.975734233856201,0.6642137765884399,0.043212890625,0.9990234375,0.0076141357421875,0.0,0.7509765625,0.82373046875
1007,238,0.956141471862793,4.903726100921631,0.7779989242553711,0.409423828125,0.8271484375,0.384765625,0.0,0.716796875,0.83056640625
1008,251,0.42375636100769043,4.830178260803223,0.7097615599632263,-0.64501953125,0.71533203125,-0.268798828125,0.0,0.80224609375,0.7626953125
1009,245,0.39423635601997375,4.776735305786133,0.8584914803504944,-0.8681640625,-0.11578369140625,0.482421875,0.0,0.7841796875,0.7333984375
1010,249,0.4557057023048401,4.900532245635986,0.781087338924408,-0.59716796875,0.7998046875,0.06158447265625,0.0,0.78173828125,0.76220703125
1011,245,0.39423635601997375,4.776735305786133,0.8584914803504944,-0.8681640625,-0.11578369140625,0.482421875,0.0,0.7841796875,0.7333984375
1012,251,0.42375636100769043,4.830178260803223,0.7097615599632263,-0.64501953125,0.71533203125,-0.268798828125,0.0,0.80224609375,0.7626953125
1013,252,0.29735490679740906,4.756818771362305,0.678860604763031,-0.4853515625,0.87060546875,-0.08160400390625,0.0,0.82568359375,0.7470703125
1014,252,0.29735490679740906,4.756818771362305,0.678860604763031,-0.4853515625,0.87060546875,-0.08160400390625,0.0,0.82568359375,0.7470703125
1015,251,0.42375636100769043,4.830178260803223,0.7097615599632263,-0.64501953125,0.71533203125,-0.268798828125,0.0,0.80224609375,0.7626953125
1016,253,0.4180317521095276,4.758586883544922,0.6377953290939331,-0.43798828125,0.60107421875,-0.66845703125,0.0,0.8212890625,0.77099609375
1017,239,0.6711990237236023,4.968128681182861,0.7870376706123352,-0.04052734375,0.98828125,0.1484375,0.0,0.7529296875,0.7900390625
1018,254,0.5750343799591064,4.937623977661133,0.649891197681427,-0.38427734375,0.87646484375,-0.29052734375,0.0,0.78515625,0.79443359375
1019,249,0.4557057023048401,4.900532245635986,0.781087338924408,-0.59716796875,0.7998046875,0.06158447265625,0.0,0.78173828125,0.76220703125
1020,254,0.5750343799591064,4.937623977661133,0.649891197681427,-0.38427734375,0.87646484375,-0.29052734375,0.0,0.78515625,0.79443359375
1021,251,0.42375636100769043,4.830178260803223,0.7097615599632263,-0.64501953125,0.71533203125,-0.268798828125,0.0,0.80224609375,0.7626953125
1022,249,0.4557057023048401,4.900532245635986,0.781087338924408,-0.59716796875,0.7998046875,0.06158447265625,0.0,0.78173828125,0.76220703125
1023,250,0.826832115650177,4.975734233856201,0.6642137765884399,0.043212890625,0.9990234375,0.0076141357421875,0.0,0.7509765625,0.82373046875
1024,254,0.5750343799591064,4.937623977661133,0.649891197681427,-0.38427734375,0.87646484375,-0.29052734375,0.0,0.78515625,0.79443359375
1025,239,0.6711990237236023,4.968128681182861,0.7870376706123352,-0.04052734375,0.98828125,0.1484375,0.0,0.7529296875,0.7900390625
1026,251,0.42375636100769043,4.830178260803223,0.7097615599632263,-0.64501953125,0.71533203125,-0.268798828125,0.0,0.80224609375,0.7626953125
1027,255,0.5436286926269531,4.82877254486084,0.5904993414878845,-0.57861328125,0.437255859375,-0.6884765625,0.0,0.80859375,0.79833984375
1028,253,0.4180317521095276,4.758586883544922,0.6377953290939331,-0.43798828125,0.60107421875,-0.66845703125,0.0,0.8212890625,0.77099609375
1029,254,0.5750343799591064,4.937623977661133,0.649891197681427,-0.38427734375,0.87646484375,-0.29052734375,0.0,0.78515625,0.79443359375
1030,255,0.5436286926269531,4.82877254486084,0.5904993414878845,-0.57861328125,0.437255859375,-0.6884765625,0.0,0.80859375,0.79833984375
1031,251,0.42375636100769043,4.830178260803223,0.7097615599632263,-0.64501953125,0.71533203125,-0.268798828125,0.0,0.80224609375,0.7626953125
1032,253,0.4180317521095276,4.758586883544922,0.6377953290939331,-0.43798828125,0.60107421875,-0.66845703125,0.0,0.8212890625,0.77099609375
1033,255,0.5436286926269531,4.82877254486084,0.5904993414878845,-0.57861328125,0.437255859375,-0.6884765625,0.0,0.80859375,0.79833984375
1034,256,0.6231080889701843,4.753159523010254,0.5099173784255981,-0.650390625,0.18994140625,-0.73583984375,0.0,0.82421875,0.82421875
1035,254,0.5750343799591064,4.937623977661133,0.649891197681427,-0.38427734375,0.87646484375,-0.29052734375,0.0,0.78515625,0.79443359375
1036,257,0.6348174214363098,4.839110374450684,0.5057370066642761,-0.58837890625,0.417236328125,-0.6923828125,0.0,0.8076171875,0.8232421875
1037,255,0.5436286926269531,4.82877254486084,0.5904993414878845,-0.57861328125,0.437255859375,-0.6884765625,0.0,0.80859375,0.79833984375
1038,256,0.6231080889701843,4.753159523010254,0.5099173784255981,-0.650390625,0.18994140625,-0.73583984375,0.0,0.82421875,0.82421875
1039,255,0.5436286926269531,4.82877254486084,0.5904993414878845,-0.57861328125,0.437255859375,-0.6884765625,0.0,0.80859375,0.79833984375
1040,257,0.6348174214363098,4.839110374450684,0.5057370066642761,-0.58837890625,0.417236328125,-0.6923828125,0.0,0.8076171875,0.8232421875
1041,257,0.6348174214363098,4.839110374450684,0.5057370066642761,-0.58837890625,0.417236328125,-0.6923828125,0.0,0.8076171875,0.8232421875
1042,254,0.5750343799591064,4.937623977661133,0.649891197681427,-0.38427734375,0.87646484375,-0.29052734375,0.0,0.78515625,0.79443359375
1043,258,0.7039218544960022,4.936811923980713,0.5438314080238342,-0.293212890625,0.85595703125,-0.42626953125,0.0,0.7841796875,0.82421875
1044,258,0.7039218544960022,4.936811923980713,0.5438314080238342,-0.293212890625,0.85595703125,-0.42626953125,0.0,0.7841796875,0.82421875
1045,254,0.5750343799591064,4.937623977661133,0.649891197681427,-0.38427734375,0.87646484375,-0.29052734375,0.0,0.78515625,0.79443359375
1046,250,0.826832115650177,4.975734233856201,0.6642137765884399,0.043212890625,0.9990234375,0.0076141357421875,0.0,0.7509765625,0.82373046875
1047,256,0.6231080889701843,4.753159523010254,0.5099173784255981,-0.650390625,0.18994140625,-0.73583984375,0.0,0.82421875,0.82421875
1048,257,0.6348174214363098,4.839110374450684,0.5057370066642761,-0.58837890625,0.417236328125,-0.6923828125,0.0,0.8076171875,0.8232421875
1049,259,0.7775062322616577,4.824555397033691,0.38472339510917664,-0.54931640625,0.3916015625,-0.73828125,0.0,0.802734375,0.86083984375
1050,258,0.7039218544960022,4.936811923980713,0.5438314080238342,-0.293212890625,0.85595703125,-0.42626953125,0.0,0.7841796875,0.82421875
1051,259,0.7775062322616577,4.824555397033691,0.38472339510917664,-0.54931640625,0.3916015625,-0.73828125,0.0,0.802734375,0.86083984375
1052,257,0.6348174214363098,4.839110374450684,0.5057370066642761,-0.58837890625,0.417236328125,-0.6923828125,0.0,0.8076171875,0.8232421875
1053,256,0.6231080889701843,4.753159523010254,0.5099173784255981,-0.650390625,0.18994140625,-0.73583984375,0.0,0.82421875,0.82421875
1054,259,0.7775062322616577,4.824555397033691,0.38472339510917664,-0.54931640625,0.3916015625,-0.73828125,0.0,0.802734375,0.86083984375
1055,260,0.7495951652526855,4.719817161560059,0.3680393397808075,-0.58935546875,0.2117919921875,-0.77978515625,0.0,0.82177734375,0.86962890625
1056,261,0.8415756225585938,4.9054670333862305,0.42042288184165955,-0.19091796875,0.8505859375,-0.48974609375,0.0,0.78271484375,0.857421875
1057,258,0.7039218544960022,4.936811923980713,0.5438314080238342,-0.293212890625,0.85595703125,-0.42626953125,0.0,0.7841796875,0.82421875
1058,250,0.826832115650177,4.975734233856201,0.6642137765884399,0.043212890625,0.9990234375,0.0076141357421875,0.0,0.7509765625,0.82373046875
1059,258,0.7039218544960022,4.936811923980713,0.5438314080238342,-0.293212890625,0.85595703125,-0.42626953125,0.0,0.7841796875,0.82421875
1060,261,0.8415756225585938,4.9054670333862305,0.42042288184165955,-0.19091796875,0.8505859375,-0.48974609375,0.0,0.78271484375,0.857421875
1061,259,0.7775062322616577,4.824555397033691,0.38472339510917664,-0.54931640625,0.3916015625,-0.73828125,0.0,0.802734375,0.86083984375
1062,260,0.7495951652526855,4.719817161560059,0.3680393397808075,-0.58935546875,0.2117919921875,-0.77978515625,0.0,0.82177734375,0.86962890625
1063,259,0.7775062322616577,4.824555397033691,0.38472339510917664,-0.54931640625,0.3916015625,-0.73828125,0.0,0.802734375,0.86083984375
1064,262,0.9203075766563416,4.8350138664245605,0.29020220041275024,-0.177734375,0.634765625,-0.751953125,0.0,0.7861328125,0.8857421875
1065,261,0.8415756225585938,4.9054670333862305,0.42042288184165955,-0.19091796875,0.8505859375,-0.48974609375,0.0,0.78271484375,0.857421875
1066,262,0.9203075766563416,4.8350138664245605,0.29020220041275024,-0.177734375,0.634765625,-0.751953125,0.0,0.7861328125,0.8857421875
1067,259,0.7775062322616577,4.824555397033691,0.38472339510917664,-0.54931640625,0.3916015625,-0.73828125,0.0,0.802734375,0.86083984375
1068,260,0.7495951652526855,4.719817161560059,0.3680393397808075,-0.58935546875,0.2117919921875,-0.77978515625,0.0,0.82177734375,0.86962890625
1069,262,0.9203075766563416,4.8350138664245605,0.29020220041275024,-0.177734375,0.634765625,-0.751953125,0.0,0.7861328125,0.8857421875
1070,263,0.8723469376564026,4.678156852722168,0.2826439142227173,-0.38134765625,0.03472900390625,-0.923828125,0.0,0.80810546875,0.90478515625
1071,261,0.8415756225585938,4.9054670333862305,0.42042288184165955,-0.19091796875,0.8505859375,-0.48974609375,0.0,0.78271484375,0.857421875
1072,250,0.826832115650177,4.975734233856201,0.6642137765884399,0.043212890625,0.9990234375,0.0076141357421875,0.0,0.7509765625,0.82373046875
1073,264,0.9434545636177063,4.962172985076904,0.5039807558059692,0.059600830078125,0.95654296875,-0.284912109375,0.0,0.75732421875,0.85546875
1074,264,0.9434545636177063,4.962172985076904,0.5039807558059692,0.059600830078125,0.95654296875,-0.284912109375,0.0,0.75732421875,0.85546875
1075,262,0.9203075766563416,4.8350138664245605,0.29020220041275024,-0.177734375,0.634765625,-0.751953125,0.0,0.7861328125,0.8857421875
1076,261,0.8415756225585938,4.9054670333862305,0.42042288184165955,-0.19091796875,0.8505859375,-0.48974609375,0.0,0.78271484375,0.857421875
1077,264,0.9434545636177063,4.962172985076904,0.5039807558059692,0.059600830078125,0.95654296875,-0.284912109375,0.0,0.75732421875,0.85546875
1078,250,0.826832115650177,4.975734233856201,0.6642137765884399,0.043212890625,0.9990234375,0.0076141357421875,0.0,0.7509765625,0.82373046875
1079,244,1.0595029592514038,4.923393249511719,0.5950484871864319,0.5517578125,0.8212890625,0.1434326171875,0.0,0.73095703125,0.86181640625
1080,264,0.9434545636177063,4.962172985076904,0.5039807558059692,0.059600830078125,0.95654296875,-0.284912109375,0.0,0.75732421875,0.85546875
1081,244,1.0595029592514038,4.923393249511719,0.5950484871864319,0.5517578125,0.8212890625,0.1434326171875,0.0,0.73095703125,0.86181640625
1082,265,1.080708384513855,4.868720531463623,0.35649630427360535,0.3681640625,0.77294921875,-0.5166015625,0.0,0.75732421875,0.890625
1083,264,0.9434545636177063,4.962172985076904,0.5039807558059692,0.059600830078125,0.95654296875,-0.284912109375,0.0,0.75732421875,0.85546875
1084,265,1.080708384513855,4.868720531463623,0.35649630427360535,0.3681640625,0.77294921875,-0.5166015625,0.0,0.75732421875,0.890625
1085,262,0.9203075766563416,4.8350138664245605,0.29020220041275024,-0.177734375,0.634765625,-0.751953125,0.0,0.7861328125,0.8857421875
1086,244,1.0595029592514038,4.923393249511719,0.5950484871864319,0.5517578125,0.8212890625,0.1434326171875,0.0,0.73095703125,0.86181640625
1087,248,1.1622120141983032,4.8052802085876465,0.4538412392139435,0.92236328125,0.364990234375,-0.1258544921875,0.0,0.7353515625,0.8974609375
1088,265,1.080708384513855,4.868720531463623,0.35649630427360535,0.3681640625,0.77294921875,-0.5166015625,0.0,0.75732421875,0.890625
1089,263,0.8723469376564026,4.678156852722168,0.2826439142227173,-0.38134765625,0.03472900390625,-0.923828125,0.0,0.80810546875,0.90478515625
1090,262,0.9203075766563416,4.8350138664245605,0.29020220041275024,-0.177734375,0.634765625,-0.751953125,0.0,0.7861328125,0.8857421875
1091,266,0.9940166473388672,4.753315448760986,0.26965248584747314,0.2315673828125,0.009033203125,-0.97265625,0.0,0.7802734375,0.904296875
1092,265,1.080708384513855,4.868720531463623,0.35649630427360535,0.3681640625,0.77294921875,-0.5166015625,0.0,0.75732421875,0.890625
1093,266,0.9940166473388672,4.753315448760986,0.26965248584747314,0.2315673828125,0.009033203125,-0.97265625,0.0,0.7802734375,0.904296875
1094,262,0.9203075766563416,4.8350138664245605,0.29020220041275024,-0.177734375,0.634765625,-0.751953125,0.0,0.7861328125,0.8857421875
1095,266,0.9940166473388672,4.753315448760986,0.26965248584747314,0.2315673828125,0.009033203125,-0.97265625,0.0,0.7802734375,0.904296875
1096,267,1.113261103630066,4.713324546813965,0.32593834400177,0.55078125,-0.334228515625,-0.7646484375,0.0,0.75830078125,0.91650390625
1097,263,0.8723469376564026,4.678156852722168,0.2826439142227173,-0.38134765625,0.03472900390625,-0.923828125,0.0,0.80810546875,0.90478515625
1098,265,1.080708384513855,4.868720531463623,0.35649630427360535,0.3681640625,0.77294921875,-0.5166015625,0.0,0.75732421875,0.890625
1099,267,1.113261103630066,4.713324546813965,0.32593834400177,0.55078125,-0.334228515625,-0.7646484375,0.0,0.75830078125,0.91650390625
1100,266,0.9940166473388672,4.753315448760986,0.26965248584747314,0.2315673828125,0.009033203125,-0.97265625,0.0,0.7802734375,0.904296875
1101,267,1.113261103630066,4.713324546813965,0.32593834400177,0.55078125,-0.334228515625,-0.7646484375,0.0,0.75830078125,0.91650390625
1102,265,1.080708384513855,4.868720531463623,0.35649630427360535,0.3681640625,0.77294921875,-0.5166015625,0.0,0.75732421875,0.890625
1103,248,1.1622120141983032,4.8052802085876465,0.4538412392139435,0.92236328125,0.364990234375,-0.1258544921875,0.0,0.7353515625,0.8974609375
1104,267,1.113261103630066,4.713324546813965,0.32593834400177,0.55078125,-0.334228515625,-0.7646484375,0.0,0.75830078125,0.91650390625
1105,268,1.1125653982162476,4.647324085235596,0.4180251657962799,0.429443359375,-0.78369140625,-0.44873046875,0.0,0.7392578125,0.92822265625
1106,263,0.8723469376564026,4.678156852722168,0.2826439142227173,-0.38134765625,0.03472900390625,-0.923828125,0.0,0.80810546875,0.90478515625
1107,248,1.1622120141983032,4.8052802085876465,0.4538412392139435,0.92236328125,0.364990234375,-0.1258544921875,0.0,0.7353515625,0.8974609375
1108,269,1.1381700038909912,4.685553073883057,0.3830849826335907,0.93701171875,-0.2392578125,-0.25390625,0.0,0.74560546875,0.9208984375
1109,267,1.113261103630066,4.713324546813965,0.32593834400177,0.55078125,-0.334228515625,-0.7646484375,0.0,0.75830078125,0.91650390625
1110,267,1.113261103630066,4.713324546813965,0.32593834400177,0.55078125,-0.334228515625,-0.7646484375,0.0,0.75830078125,0.91650390625
1111,269,1.1381700038909912,4.685553073883057,0.3830849826335907,0.93701171875,-0.2392578125,-0.25390625,0.0,0.74560546875,0.9208984375
1112,268,1.1125653982162476,4.647324085235596,0.4180251657962799,0.429443359375,-0.78369140625,-0.44873046875,0.0,0.7392578125,0.92822265625
1113,269,1.1381700038909912,4.685553073883057,0.3830849826335907,0.93701171875,-0.2392578125,-0.25390625,0.0,0.74560546875,0.9208984375
1114,248,1.1622120141983032,4.8052802085876465,0.4538412392139435,0.92236328125,0.364990234375,-0.1258544921875,0.0,0.7353515625,0.8974609375
1115,243,1.153995156288147,4.660224914550781,0.5709559321403503,0.9970703125,-0.06689453125,0.034271240234375,0.0,0.705078125,0.91064453125
1116,269,1.1381700038909912,4.685553073883057,0.3830849826335907,0.93701171875,-0.2392578125,-0.25390625,0.0,0.74560546875,0.9208984375
1117,243,1.153995156288147,4.660224914550781,0.5709559321403503,0.9970703125,-0.06689453125,0.034271240234375,0.0,0.705078125,0.91064453125
1118,268,1.1125653982162476,4.647324085235596,0.4180251657962799,0.429443359375,-0.78369140625,-0.44873046875,0.0,0.7392578125,0.92822265625
1119,270,0.630918025970459,4.480976581573486,0.16584964096546173,-0.0836181640625,-0.74609375,-0.66064453125,0.0,0.2724609375,0.76220703125
1120,271,1.1369645595550537,4.595947265625,-0.02806895598769188,0.19677734375,-0.33642578125,-0.9208984375,0.0,0.320556640625,0.6728515625
1121,272,1.0996352434158325,4.488203525543213,0.09965355694293976,0.3349609375,-0.7470703125,-0.57421875,0.0,0.289794921875,0.67822265625
1122,270,0.630918025970459,4.480976581573486,0.16584964096546173,-0.0836181640625,-0.74609375,-0.66064453125,0.0,0.2724609375,0.76220703125
1123,273,0.5239656567573547,4.574161529541016,0.07546937465667725,-0.3212890625,-0.1990966796875,-0.92578125,0.0,0.29345703125,0.783203125
1124,271,1.1369645595550537,4.595947265625,-0.02806895598769188,0.19677734375,-0.33642578125,-0.9208984375,0.0,0.320556640625,0.6728515625
1125,271,1.1369645595550537,4.595947265625,-0.02806895598769188,0.19677734375,-0.33642578125,-0.9208984375,0.0,0.320556640625,0.6728515625
1126,273,0.5239656567573547,4.574161529541016,0.07546937465667725,-0.3212890625,-0.1990966796875,-0.92578125,0.0,0.29345703125,0.783203125
1127,274,0.5600643157958984,4.619555950164795,0.12201347202062607,-0.32080078125,0.83349609375,-0.44970703125,0.0,0.306396484375,0.77880859375
1128,275,0.5896162986755371,4.566322326660156,0.2917703092098236,-0.9794921875,0.003986358642578125,0.2012939453125,0.0,0.33349609375,0.796875
1129,274,0.5600643157958984,4.619555950164795,0.12201347202062607,-0.32080078125,0.83349609375,-0.44970703125,0.0,0.306396484375,0.77880859375
1130,273,0.5239656567573547,4.574161529541016,0.07546937465667725,-0.3212890625,-0.1990966796875,-0.92578125,0.0,0.29345703125,0.783203125
1131,273,0.5239656567573547,4.574161529541016,0.07546937465667725,-0.3212890625,-0.1990966796875,-0.92578125,0.0,0.29345703125,0.783203125
1132,276,0.630918025970459,4.480976581573486,0.16584964096546173,-0.767578125,-0.61865234375,0.1676025390625,0.0,0.309326171875,0.8115234375
1133,275,0.5896162986755371,4.566322326660156,0.2917703092098236,-0.9794921875,0.003986358642578125,0.2012939453125,0.0,0.33349609375,0.796875
1134,276,0.630918025970459,4.480976581573486,0.16584964096546173,-0.767578125,-0.61865234375,0.1676025390625,0.0,0.309326171875,0.8115234375
1135,277,0.7083972692489624,4.499969005584717,0.7143939733505249,-0.89501953125,-0.3994140625,0.19873046875,0.0,0.409423828125,0.82470703125
1136,275,0.5896162986755371,4.566322326660156,0.2917703092098236,-0.9794921875,0.003986358642578125,0.2012939453125,0.0,0.33349609375,0.796875
1137,277,0.7083972692489624,4.499969005584717,0.7143939733505249,-0.89501953125,-0.3994140625,0.19873046875,0.0,0.409423828125,0.82470703125
1138,278,0.6924371123313904,4.590693950653076,0.809751033782959,-0.9130859375,0.347412109375,0.2142333984375,0.0,0.424560546875,0.8095703125
1139,275,0.5896162986755371,4.566322326660156,0.2917703092098236,-0.9794921875,0.003986358642578125,0.2012939453125,0.0,0.33349609375,0.796875
1140,275,0.5896162986755371,4.566322326660156,0.2917703092098236,-0.9794921875,0.003986358642578125,0.2012939453125,0.0,0.33349609375,0.796875
1141,279,0.620236337184906,4.641880512237549,0.2719603180885315,-0.57275390625,0.81103515625,0.120849609375,0.0,0.33447265625,0.78173828125
1142,274,0.5600643157958984,4.619555950164795,0.12201347202062607,-0.32080078125,0.83349609375,-0.44970703125,0.0,0.306396484375,0.77880859375
1143,278,0.6924371123313904,4.590693950653076,0.809751033782959,-0.9130859375,0.347412109375,0.2142333984375,0.0,0.424560546875,0.8095703125
1144,279,0.620236337184906,4.641880512237549,0.2719603180885315,-0.57275390625,0.81103515625,0.120849609375,0.0,0.33447265625,0.78173828125
1145,275,0.5896162986755371,4.566322326660156,0.2917703092098236,-0.9794921875,0.003986358642578125,0.2012939453125,0.0,0.33349609375,0.796875
1146,280,0.7303126454353333,4.553206443786621,0.8583173751831055,-0.71923828125,-0.166259765625,0.67431640625,0.0,0.43603515625,0.8134765625
1147,278,0.6924371123313904,4.590693950653076,0.809751033782959,-0.9130859375,0.347412109375,0.2142333984375,0.0,0.424560546875,0.8095703125
1148,277,0.7083972692489624,4.499969005584717,0.7143939733505249,-0.89501953125,-0.3994140625,0.19873046875,0.0,0.409423828125,0.82470703125
1149,281,0.7569761276245117,4.505223751068115,0.8324370980262756,-0.671875,-0.576171875,0.4658203125,0.0,0.436279296875,0.82275390625
1150,280,0.7303126454353333,4.553206443786621,0.8583173751831055,-0.71923828125,-0.166259765625,0.67431640625,0.0,0.43603515625,0.8134765625
1151,277,0.7083972692489624,4.499969005584717,0.7143939733505249,-0.89501953125,-0.3994140625,0.19873046875,0.0,0.409423828125,0.82470703125
1152,278,0.6924371123313904,4.590693950653076,0.809751033782959,-0.9130859375,0.347412109375,0.2142333984375,0.0,0.424560546875,0.8095703125
1153,282,0.7464600801467896,4.643156051635742,0.8327857851982117,-0.51171875,0.8359375,0.1988525390625,0.0,0.431396484375,0.798828125
1154,279,0.620236337184906,4.641880512237549,0.2719603180885315,-0.57275390625,0.81103515625,0.120849609375,0.0,0.33447265625,0.78173828125
1155,282,0.7464600801467896,4.643156051635742,0.8327857851982117,-0.51171875,0.8359375,0.1988525390625,0.0,0.431396484375,0.798828125
1156,278,0.6924371123313904,4.590693950653076,0.809751033782959,-0.9130859375,0.347412109375,0.2142333984375,0.0,0.424560546875,0.8095703125
1157,280,0.7303126454353333,4.553206443786621,0.8583173751831055,-0.71923828125,-0.166259765625,0.67431640625,0.0,0.43603515625,0.8134765625
1158,280,0.7303126454353333,4.553206443786621,0.8583173751831055,-0.71923828125,-0.166259765625,0.67431640625,0.0,0.43603515625,0.8134765625
1159,281,0.7569761276245117,4.505223751068115,0.8324370980262756,-0.671875,-0.576171875,0.4658203125,0.0,0.436279296875,0.82275390625
1160,283,0.818999171257019,4.5425944328308105,0.9152840971946716,-0.65283203125,0.0108489990234375,0.7578125,0.0,0.453857421875,0.80712890625
1161,281,0.7569761276245117,4.505223751068115,0.8324370980262756,-0.671875,-0.576171875,0.4658203125,0.0,0.436279296875,0.82275390625
1162,284,0.8657872080802917,4.512259006500244,0.9643805623054504,-0.0831298828125,-0.281494140625,0.9560546875,0.0,0.468017578125,0.80615234375
1163,283,0.818999171257019,4.5425944328308105,0.9152840971946716,-0.65283203125,0.0108489990234375,0.7578125,0.0,0.453857421875,0.80712890625
1164,283,0.818999171257019,4.5425944328308105,0.9152840971946716,-0.65283203125,0.0108489990234375,0.7578125,0.0,0.453857421875,0.80712890625
1165,284,0.8657872080802917,4.512259006500244,0.9643805623054504,-0.0831298828125,-0.281494140625,0.9560546875,0.0,0.468017578125,0.80615234375
1166,285,0.9119391441345215,4.572575092315674,0.9831028580665588,0.179931640625,0.35791015625,0.91650390625,0.0,0.472412109375,0.7900390625
1167,286,0.8421803712844849,4.601423740386963,0.9168130159378052,-0.2271728515625,0.69677734375,0.68017578125,0.0,0.4541015625,0.794921875
1168,280,0.7303126454353333,4.553206443786621,0.8583173751831055,-0.71923828125,-0.166259765625,0.67431640625,0.0,0.43603515625,0.8134765625
1169,283,0.818999171257019,4.5425944328308105,0.9152840971946716,-0.65283203125,0.0108489990234375,0.7578125,0.0,0.453857421875,0.80712890625
1170,280,0.7303126454353333,4.553206443786621,0.8583173751831055,-0.71923828125,-0.166259765625,0.67431640625,0.0,0.43603515625,0.8134765625
1171,286,0.8421803712844849,4.601423740386963,0.9168130159378052,-0.2271728515625,0.69677734375,0.68017578125,0.0,0.4541015625,0.794921875
1172,282,0.7464600801467896,4.643156051635742,0.8327857851982117,-0.51171875,0.8359375,0.1988525390625,0.0,0.431396484375,0.798828125
1173,285,0.9119391441345215,4.572575092315674,0.9831028580665588,0.179931640625,0.35791015625,0.91650390625,0.0,0.472412109375,0.7900390625
1174,286,0.8421803712844849,4.601423740386963,0.9168130159378052,-0.2271728515625,0.69677734375,0.68017578125,0.0,0.4541015625,0.794921875
1175,283,0.818999171257019,4.5425944328308105,0.9152840971946716,-0.65283203125,0.0108489990234375,0.7578125,0.0,0.453857421875,0.80712890625
1176,282,0.7464600801467896,4.643156051635742,0.8327857851982117,-0.51171875,0.8359375,0.1988525390625,0.0,0.431396484375,0.798828125
1177,286,0.8421803712844849,4.601423740386963,0.9168130159378052,-0.2271728515625,0.69677734375,0.68017578125,0.0,0.4541015625,0.794921875
1178,287,0.9121301174163818,4.61788272857666,0.8875586986541748,0.11358642578125,0.8408203125,0.52880859375,0.0,0.45556640625,0.7802734375
1179,285,0.9119391441345215,4.572575092315674,0.9831028580665588,0.179931640625,0.35791015625,0.91650390625,0.0,0.472412109375,0.7900390625
1180,287,0.9121301174163818,4.61788272857666,0.8875586986541748,0.11358642578125,0.8408203125,0.52880859375,0.0,0.45556640625,0.7802734375
1181,286,0.8421803712844849,4.601423740386963,0.9168130159378052,-0.2271728515625,0.69677734375,0.68017578125,0.0,0.4541015625,0.794921875
1182,279,0.620236337184906,4.641880512237549,0.2719603180885315,-0.57275390625,0.81103515625,0.120849609375,0.0,0.33447265625,0.78173828125
1183,282,0.7464600801467896,4.643156051635742,0.8327857851982117,-0.51171875,0.8359375,0.1988525390625,0.0,0.431396484375,0.798828125
1184,288,0.8628857135772705,4.69819974899292,0.7925856709480286,-0.1322021484375,0.9833984375,0.12432861328125,0.0,0.433349609375,0.77734375
1185,282,0.7464600801467896,4.643156051635742,0.8327857851982117,-0.51171875,0.8359375,0.1988525390625,0.0,0.431396484375,0.798828125
1186,287,0.9121301174163818,4.61788272857666,0.8875586986541748,0.11358642578125,0.8408203125,0.52880859375,0.0,0.45556640625,0.7802734375
1187,288,0.8628857135772705,4.69819974899292,0.7925856709480286,-0.1322021484375,0.9833984375,0.12432861328125,0.0,0.433349609375,0.77734375
1188,274,0.5600643157958984,4.619555950164795,0.12201347202062607,-0.32080078125,0.83349609375,-0.44970703125,0.0,0.306396484375,0.77880859375
1189,279,0.620236337184906,4.641880512237549,0.2719603180885315,-0.57275390625,0.81103515625,0.120849609375,0.0,0.33447265625,0.78173828125
1190,289,0.7373855710029602,4.692220687866211,0.23566922545433044,-0.161865234375,0.98583984375,-0.04656982421875,0.0,0.338623046875,0.75830078125
1191,279,0.620236337184906,4.641880512237549,0.2719603180885315,-0.57275390625,0.81103515625,0.120849609375,0.0,0.33447265625,0.78173828125
1192,288,0.8628857135772705,4.69819974899292,0.7925856709480286,-0.1322021484375,0.9833984375,0.12432861328125,0.0,0.433349609375,0.77734375
1193,289,0.7373855710029602,4.692220687866211,0.23566922545433044,-0.161865234375,0.98583984375,-0.04656982421875,0.0,0.338623046875,0.75830078125
1194,290,1.0172483921051025,4.666100978851318,0.08705127239227295,0.07586669921875,0.8916015625,-0.446044921875,0.0,0.33447265625,0.7021484375
1195,274,0.5600643157958984,4.619555950164795,0.12201347202062607,-0.32080078125,0.83349609375,-0.44970703125,0.0,0.306396484375,0.77880859375
1196,289,0.7373855710029602,4.692220687866211,0.23566922545433044,-0.161865234375,0.98583984375,-0.04656982421875,0.0,0.338623046875,0.75830078125
1197,271,1.1369645595550537,4.595947265625,-0.02806895598769188,0.19677734375,-0.33642578125,-0.9208984375,0.0,0.320556640625,0.6728515625
1198,274,0.5600643157958984,4.619555950164795,0.12201347202062607,-0.32080078125,0.83349609375,-0.44970703125,0.0,0.306396484375,0.77880859375
1199,290,1.0172483921051025,4.666100978851318,0.08705127239227295,0.07586669921875,0.8916015625,-0.446044921875,0.0,0.33447265625,0.7021484375
1200,290,1.0172483921051025,4.666100978851318,0.08705127239227295,0.07586669921875,0.8916015625,-0.446044921875,0.0,0.33447265625,0.7021484375
1201,289,0.7373855710029602,4.692220687866211,0.23566922545433044,-0.161865234375,0.98583984375,-0.04656982421875,0.0,0.338623046875,0.75830078125
1202,291,0.977082371711731,4.702013969421387,0.21191231906414032,0.201904296875,0.9775390625,-0.056396484375,0.0,0.3525390625,0.71728515625
1203,288,0.8628857135772705,4.69819974899292,0.7925856709480286,-0.1322021484375,0.9833984375,0.12432861328125,0.0,0.433349609375,0.77734375
1204,291,0.977082371711731,4.702013969421387,0.21191231906414032,0.201904296875,0.9775390625,-0.056396484375,0.0,0.3525390625,0.71728515625
1205,289,0.7373855710029602,4.692220687866211,0.23566922545433044,-0.161865234375,0.98583984375,-0.04656982421875,0.0,0.338623046875,0.75830078125
1206,292,1.1438124179840088,4.568299293518066,0.3038744330406189,0.9130859375,0.391357421875,-0.11309814453125,0.0,0.382568359375,0.6875
1207,271,1.1369645595550537,4.595947265625,-0.02806895598769188,0.19677734375,-0.33642578125,-0.9208984375,0.0,0.320556640625,0.6728515625
1208,290,1.0172483921051025,4.666100978851318,0.08705127239227295,0.07586669921875,0.8916015625,-0.446044921875,0.0,0.33447265625,0.7021484375
1209,291,0.977082371711731,4.702013969421387,0.21191231906414032,0.201904296875,0.9775390625,-0.056396484375,0.0,0.3525390625,0.71728515625
1210,292,1.1438124179840088,4.568299293518066,0.3038744330406189,0.9130859375,0.391357421875,-0.11309814453125,0.0,0.382568359375,0.6875
1211,290,1.0172483921051025,4.666100978851318,0.08705127239227295,0.07586669921875,0.8916015625,-0.446044921875,0.0,0.33447265625,0.7021484375
1212,288,0.8628857135772705,4.69819974899292,0.7925856709480286,-0.1322021484375,0.9833984375,0.12432861328125,0.0,0.433349609375,0.77734375
1213,293,1.0694842338562012,4.6951003074646,0.7214124798774719,0.27490234375,0.96044921875,0.0439453125,0.0,0.43701171875,0.7421875
1214,291,0.977082371711731,4.702013969421387,0.21191231906414032,0.201904296875,0.9775390625,-0.056396484375,0.0,0.3525390625,0.71728515625
1215,292,1.1438124179840088,4.568299293518066,0.3038744330406189,0.9130859375,0.391357421875,-0.11309814453125,0.0,0.382568359375,0.6875
1216,291,0.977082371711731,4.702013969421387,0.21191231906414032,0.201904296875,0.9775390625,-0.056396484375,0.0,0.3525390625,0.71728515625
1217,293,1.0694842338562012,4.6951003074646,0.7214124798774719,0.27490234375,0.96044921875,0.0439453125,0.0,0.43701171875,0.7421875
1218,288,0.8628857135772705,4.69819974899292,0.7925856709480286,-0.1322021484375,0.9833984375,0.12432861328125,0.0,0.433349609375,0.77734375
1219,287,0.9121301174163818,4.61788272857666,0.8875586986541748,0.11358642578125,0.8408203125,0.52880859375,0.0,0.45556640625,0.7802734375
1220,294,1.0619484186172485,4.616336822509766,0.8356198072433472,0.37548828125,0.7900390625,0.48486328125,0.0,0.45947265625,0.75146484375
1221,288,0.8628857135772705,4.69819974899292,0.7925856709480286,-0.1322021484375,0.9833984375,0.12432861328125,0.0,0.433349609375,0.77734375
1222,294,1.0619484186172485,4.616336822509766,0.8356198072433472,0.37548828125,0.7900390625,0.48486328125,0.0,0.45947265625,0.75146484375
1223,293,1.0694842338562012,4.6951003074646,0.7214124798774719,0.27490234375,0.96044921875,0.0439453125,0.0,0.43701171875,0.7421875
1224,287,0.9121301174163818,4.61788272857666,0.8875586986541748,0.11358642578125,0.8408203125,0.52880859375,0.0,0.45556640625,0.7802734375
1225,285,0.9119391441345215,4.572575092315674,0.9831028580665588,0.179931640625,0.35791015625,0.91650390625,0.0,0.472412109375,0.7900390625
1226,295,1.0496559143066406,4.570981979370117,0.9416884183883667,0.35205078125,0.541015625,0.763671875,0.0,0.475830078125,0.76220703125
1227,287,0.9121301174163818,4.61788272857666,0.8875586986541748,0.11358642578125,0.8408203125,0.52880859375,0.0,0.45556640625,0.7802734375
1228,295,1.0496559143066406,4.570981979370117,0.9416884183883667,0.35205078125,0.541015625,0.763671875,0.0,0.475830078125,0.76220703125
1229,294,1.0619484186172485,4.616336822509766,0.8356198072433472,0.37548828125,0.7900390625,0.48486328125,0.0,0.45947265625,0.75146484375
1230,296,1.1149564981460571,4.440715312957764,0.3348785638809204,0.9501953125,-0.29736328125,-0.09185791015625,0.0,0.397216796875,0.66748046875
1231,271,1.1369645595550537,4.595947265625,-0.02806895598769188,0.19677734375,-0.33642578125,-0.9208984375,0.0,0.320556640625,0.6728515625
1232,292,1.1438124179840088,4.568299293518066,0.3038744330406189,0.9130859375,0.391357421875,-0.11309814453125,0.0,0.382568359375,0.6875
1233,296,1.1149564981460571,4.440715312957764,0.3348785638809204,0.9501953125,-0.29736328125,-0.09185791015625,0.0,0.397216796875,0.66748046875
1234,297,1.0996352434158325,4.488203525543213,0.09965355694293976,0.3349609375,-0.7470703125,-0.57421875,0.0,0.350830078125,0.66064453125
1235,271,1.1369645595550537,4.595947265625,-0.02806895598769188,0.19677734375,-0.33642578125,-0.9208984375,0.0,0.320556640625,0.6728515625
1236,296,1.1149564981460571,4.440715312957764,0.3348785638809204,0.9501953125,-0.29736328125,-0.09185791015625,0.0,0.397216796875,0.66748046875
1237,292,1.1438124179840088,4.568299293518066,0.3038744330406189,0.9130859375,0.391357421875,-0.11309814453125,0.0,0.382568359375,0.6875
1238,298,1.1949974298477173,4.588126182556152,0.6825581789016724,0.89697265625,0.43896484375,-0.052642822265625,0.0,0.4462890625,0.71728515625
1239,292,1.1438124179840088,4.568299293518066,0.3038744330406189,0.9130859375,0.391357421875,-0.11309814453125,0.0,0.382568359375,0.6875
1240,293,1.0694842338562012,4.6951003074646,0.7214124798774719,0.27490234375,0.96044921875,0.0439453125,0.0,0.43701171875,0.7421875
1241,298,1.1949974298477173,4.588126182556152,0.6825581789016724,0.89697265625,0.43896484375,-0.052642822265625,0.0,0.4462890625,0.71728515625
1242,296,1.1149564981460571,4.440715312957764,0.3348785638809204,0.9501953125,-0.29736328125,-0.09185791015625,0.0,0.397216796875,0.66748046875
1243,298,1.1949974298477173,4.588126182556152,0.6825581789016724,0.89697265625,0.43896484375,-0.052642822265625,0.0,0.4462890625,0.71728515625
1244,299,1.152922511100769,4.46079683303833,0.7116664052009583,0.94775390625,-0.3134765625,-0.062286376953125,0.0,0.46435546875,0.7021484375
1245,293,1.0694842338562012,4.6951003074646,0.7214124798774719,0.27490234375,0.96044921875,0.0439453125,0.0,0.43701171875,0.7421875
1246,300,1.183759331703186,4.5465989112854,0.817509651184082,0.87451171875,0.27490234375,0.39892578125,0.0,0.467529296875,0.72900390625
1247,298,1.1949974298477173,4.588126182556152,0.6825581789016724,0.89697265625,0.43896484375,-0.052642822265625,0.0,0.4462890625,0.71728515625
1248,300,1.183759331703186,4.5465989112854,0.817509651184082,0.87451171875,0.27490234375,0.39892578125,0.0,0.467529296875,0.72900390625
1249,299,1.152922511100769,4.46079683303833,0.7116664052009583,0.94775390625,-0.3134765625,-0.062286376953125,0.0,0.46435546875,0.7021484375
1250,298,1.1949974298477173,4.588126182556152,0.6825581789016724,0.89697265625,0.43896484375,-0.052642822265625,0.0,0.4462890625,0.71728515625
1251,293,1.0694842338562012,4.6951003074646,0.7214124798774719,0.27490234375,0.96044921875,0.0439453125,0.0,0.43701171875,0.7421875
1252,294,1.0619484186172485,4.616336822509766,0.8356198072433472,0.37548828125,0.7900390625,0.48486328125,0.0,0.45947265625,0.75146484375
1253,300,1.183759331703186,4.5465989112854,0.817509651184082,0.87451171875,0.27490234375,0.39892578125,0.0,0.467529296875,0.72900390625
1254,300,1.183759331703186,4.5465989112854,0.817509651184082,0.87451171875,0.27490234375,0.39892578125,0.0,0.467529296875,0.72900390625
1255,301,1.1359995603561401,4.4648356437683105,0.8101913332939148,0.83740234375,-0.472412109375,0.275390625,0.0,0.479736328125,0.720703125
1256,299,1.152922511100769,4.46079683303833,0.7116664052009583,0.94775390625,-0.3134765625,-0.062286376953125,0.0,0.46435546875,0.7021484375
1257,294,1.0619484186172485,4.616336822509766,0.8356198072433472,0.37548828125,0.7900390625,0.48486328125,0.0,0.45947265625,0.75146484375
1258,302,1.1139403581619263,4.529672622680664,0.9024714231491089,0.6689453125,0.1031494140625,0.73583984375,0.0,0.480224609375,0.74560546875
1259,300,1.183759331703186,4.5465989112854,0.817509651184082,0.87451171875,0.27490234375,0.39892578125,0.0,0.467529296875,0.72900390625
1260,302,1.1139403581619263,4.529672622680664,0.9024714231491089,0.6689453125,0.1031494140625,0.73583984375,0.0,0.480224609375,0.74560546875
1261,301,1.1359995603561401,4.4648356437683105,0.8101913332939148,0.83740234375,-0.472412109375,0.275390625,0.0,0.479736328125,0.720703125
1262,300,1.183759331703186,4.5465989112854,0.817509651184082,0.87451171875,0.27490234375,0.39892578125,0.0,0.467529296875,0.72900390625
1263,294,1.0619484186172485,4.616336822509766,0.8356198072433472,0.37548828125,0.7900390625,0.48486328125,0.0,0.45947265625,0.75146484375
1264,295,1.0496559143066406,4.570981979370117,0.9416884183883667,0.35205078125,0.541015625,0.763671875,0.0,0.475830078125,0.76220703125
1265,302,1.1139403581619263,4.529672622680664,0.9024714231491089,0.6689453125,0.1031494140625,0.73583984375,0.0,0.480224609375,0.74560546875
1266,302,1.1139403581619263,4.529672622680664,0.9024714231491089,0.6689453125,0.1031494140625,0.73583984375,0.0,0.480224609375,0.74560546875
1267,303,1.0658152103424072,4.4633588790893555,0.8807893395423889,0.66015625,-0.53125,0.53125,0.0,0.49267578125,0.73583984375
1268,301,1.1359995603561401,4.4648356437683105,0.8101913332939148,0.83740234375,-0.472412109375,0.275390625,0.0,0.479736328125,0.720703125
1269,295,1.0496559143066406,4.570981979370117,0.9416884183883667,0.35205078125,0.541015625,0.763671875,0.0,0.475830078125,0.76220703125
1270,304,1.0658152103424072,4.4633588790893555,0.8807893395423889,0.2347412109375,-0.45166015625,0.86083984375,0.0,0.49462890625,0.7529296875
1271,302,1.1139403581619263,4.529672622680664,0.9024714231491089,0.6689453125,0.1031494140625,0.73583984375,0.0,0.480224609375,0.74560546875
1272,295,1.0496559143066406,4.570981979370117,0.9416884183883667,0.35205078125,0.541015625,0.763671875,0.0,0.475830078125,0.76220703125
1273,305,1.0015302896499634,4.50466775894165,0.920006513595581,0.24560546875,-0.45654296875,0.85498046875,0.0,0.488525390625,0.76904296875
1274,304,1.0658152103424072,4.4633588790893555,0.8807893395423889,0.2347412109375,-0.45166015625,0.86083984375,0.0,0.49462890625,0.7529296875
1275,285,0.9119391441345215,4.572575092315674,0.9831028580665588,0.179931640625,0.35791015625,0.91650390625,0.0,0.472412109375,0.7900390625
1276,305,1.0015302896499634,4.50466775894165,0.920006513595581,0.24560546875,-0.45654296875,0.85498046875,0.0,0.488525390625,0.76904296875
1277,295,1.0496559143066406,4.570981979370117,0.9416884183883667,0.35205078125,0.541015625,0.763671875,0.0,0.475830078125,0.76220703125
1278,285,0.9119391441345215,4.572575092315674,0.9831028580665588,0.179931640625,0.35791015625,0.91650390625,0.0,0.472412109375,0.7900390625
1279,306,0.8657872080802917,4.512259006500244,0.9643805623054504,-0.0831298828125,-0.281494140625,0.9560546875,0.0,0.48388671875,0.79736328125
1280,305,1.0015302896499634,4.50466775894165,0.920006513595581,0.24560546875,-0.45654296875,0.85498046875,0.0,0.488525390625,0.76904296875
1281,307,-0.7837873101234436,0.9887099266052246,-0.6661151051521301,-0.1304931640625,-0.0178680419921875,0.9912109375,0.0,0.6572265625,0.00738525390625
1282,308,-0.7159223556518555,4.257743835449219,-0.5982499122619629,-0.1304931640625,-0.0178680419921875,0.9912109375,0.0,0.6572265625,0.367431640625
1283,309,-0.8735036849975586,4.258182525634766,-0.6189885139465332,-0.60205078125,-0.004070281982421875,0.79833984375,0.0,0.6748046875,0.367431640625
1284,307,-0.7837873101234436,0.9887099266052246,-0.6661151051521301,-0.1304931640625,-0.0178680419921875,0.9912109375,0.0,0.6572265625,0.00738525390625
1285,309,-0.8735036849975586,4.258182525634766,-0.6189885139465332,-0.60205078125,-0.004070281982421875,0.79833984375,0.0,0.6748046875,0.367431640625
1286,310,-0.9413679838180542,0.9891848564147949,-0.6868526339530945,-0.615234375,-0.003597259521484375,0.78857421875,0.0,0.6748046875,0.00738525390625
1287,310,-0.9413679838180542,0.9891848564147949,-0.6868526339530945,-0.615234375,-0.003597259521484375,0.78857421875,0.0,0.6748046875,0.00738525390625
1288,309,-0.8735036849975586,4.258182525634766,-0.6189885139465332,-0.60205078125,-0.004070281982421875,0.79833984375,0.0,0.6748046875,0.367431640625
1289,311,-0.9343205094337463,4.2587175369262695,-0.7658280730247498,-0.99169921875,0.023193359375,-0.1256103515625,0.0,0.6923828125,0.367431640625
1290,310,-0.9413679838180542,0.9891848564147949,-0.6868526339530945,-0.615234375,-0.003597259521484375,0.78857421875,0.0,0.6748046875,0.00738525390625
1291,311,-0.9343205094337463,4.2587175369262695,-0.7658280730247498,-0.99169921875,0.023193359375,-0.1256103515625,0.0,0.6923828125,0.367431640625
1292,312,-1.0021848678588867,0.989713728427887,-0.8336926102638245,-0.99072265625,0.02337646484375,-0.135498046875,0.0,0.6923828125,0.00738525390625
1293,312,-1.0021848678588867,0.989713728427887,-0.8336926102638245,-0.99072265625,0.02337646484375,-0.135498046875,0.0,0.6923828125,0.00738525390625
1294,311,-0.9343205094337463,4.2587175369262695,-0.7658280730247498,-0.99169921875,0.023193359375,-0.1256103515625,0.0,0.6923828125,0.367431640625
1295,313,-0.8375566005706787,4.258779525756836,-0.8919315338134766,-0.379638671875,0.0270843505859375,-0.9248046875,0.0,0.7099609375,0.367431640625
1296,312,-1.0021848678588867,0.989713728427887,-0.8336926102638245,-0.99072265625,0.02337646484375,-0.135498046875,0.0,0.6923828125,0.00738525390625
1297,313,-0.8375566005706787,4.258779525756836,-0.8919315338134766,-0.379638671875,0.0270843505859375,-0.9248046875,0.0,0.7099609375,0.367431640625
1298,314,-0.9054203629493713,0.9898026585578918,-0.9597950577735901,-0.385498046875,0.0271453857421875,-0.92236328125,0.0,0.7099609375,0.00738525390625
1299,314,-0.9054203629493713,0.9898026585578918,-0.9597950577735901,-0.385498046875,0.0271453857421875,-0.92236328125,0.0,0.7099609375,0.00738525390625
1300,313,-0.8375566005706787,4.258779525756836,-0.8919315338134766,-0.379638671875,0.0270843505859375,-0.9248046875,0.0,0.7099609375,0.367431640625
1301,315,-0.6799753904342651,4.258333206176758,-0.871192455291748,0.6875,0.00080108642578125,-0.72607421875,0.0,0.72705078125,0.367431640625
1302,314,-0.9054203629493713,0.9898026585578918,-0.9597950577735901,-0.385498046875,0.0271453857421875,-0.92236328125,0.0,0.7099609375,0.00738525390625
1303,315,-0.6799753904342651,4.258333206176758,-0.871192455291748,0.6875,0.00080108642578125,-0.72607421875,0.0,0.72705078125,0.367431640625
1304,316,-0.7478397488594055,0.9893354773521423,-0.9390568137168884,0.6748046875,0.0013074874877929688,-0.73779296875,0.0,0.72705078125,0.00738525390625
1305,316,-0.7478397488594055,0.9893354773521423,-0.9390568137168884,0.6748046875,0.0013074874877929688,-0.73779296875,0.0,0.72705078125,0.00738525390625
1306,315,-0.6799753904342651,4.258333206176758,-0.871192455291748,0.6875,0.00080108642578125,-0.72607421875,0.0,0.72705078125,0.367431640625
1307,317,-0.6191583275794983,4.257803916931152,-0.6886845231056213,0.94873046875,-0.01313018798828125,-0.316162109375,0.0,0.74853515625,0.367431640625
1308,316,-0.7478397488594055,0.9893354773521423,-0.9390568137168884,0.6748046875,0.0013074874877929688,-0.73779296875,0.0,0.72705078125,0.00738525390625
1309,317,-0.6191583275794983,4.257803916931152,-0.6886845231056213,0.94873046875,-0.01313018798828125,-0.316162109375,0.0,0.74853515625,0.367431640625
1310,318,-0.6870230436325073,0.9888001680374146,-0.7565493583679199,0.94873046875,-0.01313018798828125,-0.316162109375,0.0,0.74853515625,0.00738525390625
1311,319,-0.7259615659713745,4.257874965667725,0.6302829384803772,-0.197021484375,-0.016265869140625,-0.98046875,0.0,0.84619140625,0.36767578125
1312,320,-0.7938268780708313,0.9888401627540588,0.6981481909751892,-0.197021484375,-0.016265869140625,-0.98046875,0.0,0.84619140625,0.007640838623046875
1313,321,-0.9496498703956604,0.9894981980323792,0.7294639348983765,-0.6669921875,-0.0016241073608398438,-0.7451171875,0.0,0.82861328125,0.007640838623046875
1314,319,-0.7259615659713745,4.257874965667725,0.6302829384803772,-0.197021484375,-0.016265869140625,-0.98046875,0.0,0.84619140625,0.36767578125
1315,321,-0.9496498703956604,0.9894981980323792,0.7294639348983765,-0.6669921875,-0.0016241073608398438,-0.7451171875,0.0,0.82861328125,0.007640838623046875
1316,322,-0.8817856311798096,4.258495807647705,0.6615995764732361,-0.65478515625,-0.0020999908447265625,-0.755859375,0.0,0.82861328125,0.36767578125
1317,322,-0.8817856311798096,4.258495807647705,0.6615995764732361,-0.65478515625,-0.0020999908447265625,-0.755859375,0.0,0.82861328125,0.36767578125
1318,321,-0.9496498703956604,0.9894981980323792,0.7294639348983765,-0.6669921875,-0.0016241073608398438,-0.7451171875,0.0,0.82861328125,0.007640838623046875
1319,323,-1.00042724609375,0.9898968935012817,0.8800709843635559,-0.97900390625,0.0245208740234375,0.201904296875,0.0,0.8115234375,0.007640838623046875
1320,322,-0.8817856311798096,4.258495807647705,0.6615995764732361,-0.65478515625,-0.0020999908447265625,-0.755859375,0.0,0.82861328125,0.36767578125
1321,323,-1.00042724609375,0.9898968935012817,0.8800709843635559,-0.97900390625,0.0245208740234375,0.201904296875,0.0,0.8115234375,0.007640838623046875
1322,324,-0.9325625896453857,4.258901119232178,0.8122060298919678,-0.98095703125,0.02435302734375,0.192138671875,0.0,0.8115234375,0.36767578125
1323,324,-0.9325625896453857,4.258901119232178,0.8122060298919678,-0.98095703125,0.02435302734375,0.192138671875,0.0,0.8115234375,0.36767578125
1324,323,-1.00042724609375,0.9898968935012817,0.8800709843635559,-0.97900390625,0.0245208740234375,0.201904296875,0.0,0.8115234375,0.007640838623046875
1325,325,-0.8953811526298523,0.9896724224090576,0.9993618726730347,-0.322265625,0.026336669921875,0.9462890625,0.0,0.7939453125,0.007640838623046875
1326,324,-0.9325625896453857,4.258901119232178,0.8122060298919678,-0.98095703125,0.02435302734375,0.192138671875,0.0,0.8115234375,0.36767578125
1327,325,-0.8953811526298523,0.9896724224090576,0.9993618726730347,-0.322265625,0.026336669921875,0.9462890625,0.0,0.7939453125,0.007640838623046875
1328,326,-0.8275172114372253,4.25864839553833,0.9314981698989868,-0.31640625,0.0262603759765625,0.9482421875,0.0,0.7939453125,0.36767578125
1329,326,-0.8275172114372253,4.25864839553833,0.9314981698989868,-0.31640625,0.0262603759765625,0.9482421875,0.0,0.7939453125,0.36767578125
1330,325,-0.8953811526298523,0.9896724224090576,0.9993618726730347,-0.322265625,0.026336669921875,0.9462890625,0.0,0.7939453125,0.007640838623046875
1331,327,-0.739557683467865,0.9890221357345581,0.968045711517334,0.701171875,0.00023603439331054688,0.712890625,0.0,0.7763671875,0.007640838623046875
1332,326,-0.8275172114372253,4.25864839553833,0.9314981698989868,-0.31640625,0.0262603759765625,0.9482421875,0.0,0.7939453125,0.36767578125
1333,327,-0.739557683467865,0.9890221357345581,0.968045711517334,0.701171875,0.00023603439331054688,0.712890625,0.0,0.7763671875,0.007640838623046875
1334,328,-0.6716935038566589,4.25801944732666,0.9001811742782593,0.71337890625,-0.00026345252990722656,0.70068359375,0.0,0.7763671875,0.36767578125
1335,328,-0.6716935038566589,4.25801944732666,0.9001811742782593,0.71337890625,-0.00026345252990722656,0.70068359375,0.0,0.7763671875,0.36767578125
1336,327,-0.739557683467865,0.9890221357345581,0.968045711517334,0.701171875,0.00023603439331054688,0.712890625,0.0,0.7763671875,0.007640838623046875
1337,329,-0.6903545260429382,0.9886507987976074,0.7941444516181946,0.9619140625,-0.01432037353515625,0.272216796875,0.0,0.75634765625,0.007640838623046875
1338,328,-0.6716935038566589,4.25801944732666,0.9001811742782593,0.71337890625,-0.00026345252990722656,0.70068359375,0.0,0.7763671875,0.36767578125
1339,329,-0.6903545260429382,0.9886507987976074,0.7941444516181946,0.9619140625,-0.01432037353515625,0.272216796875,0.0,0.75634765625,0.007640838623046875
1340,330,-0.6224899291992188,4.257654666900635,0.7262799143791199,0.9619140625,-0.01432037353515625,0.272216796875,0.0,0.75634765625,0.36767578125
1341,331,0.7576444745063782,0.9888001680374146,0.6911739110946655,0.31103515625,-0.01326751708984375,-0.9501953125,0.0,0.55615234375,0.007152557373046875
1342,332,0.689780056476593,4.257803916931152,0.6233093738555908,0.31103515625,-0.01326751708984375,-0.9501953125,0.0,0.55615234375,0.3671875
1343,333,0.8756065368652344,4.258333206176758,0.6841265559196472,0.720703125,0.0005645751953125,-0.693359375,0.0,0.57763671875,0.3671875
1344,331,0.7576444745063782,0.9888001680374146,0.6911739110946655,0.31103515625,-0.01326751708984375,-0.9501953125,0.0,0.55615234375,0.007152557373046875
1345,333,0.8756065368652344,4.258333206176758,0.6841265559196472,0.720703125,0.0005645751953125,-0.693359375,0.0,0.57763671875,0.3671875
1346,334,0.9434711337089539,0.9893354773521423,0.7519903182983398,0.732421875,0.0010728836059570312,-0.6806640625,0.0,0.57763671875,0.007152557373046875
1347,335,0.8963438272476196,4.25880765914917,0.8417061567306519,0.9248046875,0.0270843505859375,0.379638671875,0.0,0.5947265625,0.3671875
1348,334,0.9434711337089539,0.9893354773521423,0.7519903182983398,0.732421875,0.0010728836059570312,-0.6806640625,0.0,0.57763671875,0.007152557373046875
1349,333,0.8756065368652344,4.258333206176758,0.6841265559196472,0.720703125,0.0005645751953125,-0.693359375,0.0,0.57763671875,0.3671875
1350,335,0.8963438272476196,4.25880765914917,0.8417061567306519,0.9248046875,0.0270843505859375,0.379638671875,0.0,0.5947265625,0.3671875
1351,336,0.9642091393470764,0.9897732138633728,0.9095718264579773,0.92236328125,0.0271453857421875,0.385498046875,0.0,0.5947265625,0.007152557373046875
1352,334,0.9434711337089539,0.9893354773521423,0.7519903182983398,0.732421875,0.0010728836059570312,-0.6806640625,0.0,0.57763671875,0.007152557373046875
1353,336,0.9642091393470764,0.9897732138633728,0.9095718264579773,0.92236328125,0.0271453857421875,0.385498046875,0.0,0.5947265625,0.007152557373046875
1354,335,0.8963438272476196,4.25880765914917,0.8417061567306519,0.9248046875,0.0270843505859375,0.379638671875,0.0,0.5947265625,0.3671875
1355,337,0.7702422738075256,4.2587175369262695,0.9384714365005493,0.1256103515625,0.023193359375,0.99169921875,0.0,0.6123046875,0.3671875
1356,336,0.9642091393470764,0.9897732138633728,0.9095718264579773,0.92236328125,0.0271453857421875,0.385498046875,0.0,0.5947265625,0.007152557373046875
1357,337,0.7702422738075256,4.2587175369262695,0.9384714365005493,0.1256103515625,0.023193359375,0.99169921875,0.0,0.6123046875,0.3671875
1358,338,0.8381066918373108,0.989713728427887,1.0063360929489136,0.135498046875,0.02337646484375,0.99072265625,0.0,0.6123046875,0.007152557373046875
1359,338,0.8381066918373108,0.989713728427887,1.0063360929489136,0.135498046875,0.02337646484375,0.99072265625,0.0,0.6123046875,0.007152557373046875
1360,337,0.7702422738075256,4.2587175369262695,0.9384714365005493,0.1256103515625,0.023193359375,0.99169921875,0.0,0.6123046875,0.3671875
1361,339,0.6234023571014404,4.258182525634766,0.877655029296875,-0.79833984375,-0.00406646728515625,0.6025390625,0.0,0.6298828125,0.3671875
1362,338,0.8381066918373108,0.989713728427887,1.0063360929489136,0.135498046875,0.02337646484375,0.99072265625,0.0,0.6123046875,0.007152557373046875
1363,339,0.6234023571014404,4.258182525634766,0.877655029296875,-0.79833984375,-0.00406646728515625,0.6025390625,0.0,0.6298828125,0.3671875
1364,340,0.6912667751312256,0.9891848564147949,0.945519208908081,-0.78857421875,-0.0035953521728515625,0.615234375,0.0,0.6298828125,0.007152557373046875
1365,340,0.6912667751312256,0.9891848564147949,0.945519208908081,-0.78857421875,-0.0035953521728515625,0.615234375,0.0,0.6298828125,0.007152557373046875
1366,339,0.6234023571014404,4.258182525634766,0.877655029296875,-0.79833984375,-0.00406646728515625,0.6025390625,0.0,0.6298828125,0.3671875
1367,341,0.6026646494865417,4.257715225219727,0.7200743556022644,-0.9912109375,-0.0178680419921875,0.1304931640625,0.0,0.6474609375,0.3671875
1368,340,0.6912667751312256,0.9891848564147949,0.945519208908081,-0.78857421875,-0.0035953521728515625,0.615234375,0.0,0.6298828125,0.007152557373046875
1369,341,0.6026646494865417,4.257715225219727,0.7200743556022644,-0.9912109375,-0.0178680419921875,0.1304931640625,0.0,0.6474609375,0.3671875
1370,342,0.6705284118652344,0.9887383580207825,0.7879378199577332,-0.9912109375,-0.0178680419921875,0.1304931640625,0.0,0.6474609375,0.007152557373046875
1371,343,-1.2455250024795532,0.12347603589296341,1.2582917213439941,0.0001023411750793457,1.0,0.0,0.0,0.9091796875,0.0227508544921875
1372,344,-1.2455250024795532,0.12347603589296341,1.6251085996627808,0.0001023411750793457,1.0,0.0,0.0,0.86865234375,0.02276611328125
1373,345,1.2413256168365479,0.12322144955396652,1.6251085996627808,0.0001023411750793457,1.0,0.0,0.0,0.86865234375,0.29638671875
1374,343,-1.2455250024795532,0.12347603589296341,1.2582917213439941,0.0001023411750793457,1.0,0.0,0.0,0.9091796875,0.0227508544921875
1375,345,1.2413256168365479,0.12322144955396652,1.6251085996627808,0.0001023411750793457,1.0,0.0,0.0,0.86865234375,0.29638671875
1376,346,1.2413384914398193,0.12322146445512772,1.2582887411117554,0.0001023411750793457,1.0,0.0,0.0,0.9091796875,0.29638671875
1377,347,1.2413384914398193,0.12322146445512772,1.2582887411117554,1.0,0.0,3.504753112792969e-05,0.0,0.3798828125,0.466796875
1378,348,1.2413256168365479,0.12322144955396652,1.6251085996627808,1.0,0.0,3.504753112792969e-05,0.0,0.3798828125,0.474853515625
1379,349,1.2413256168365479,0.006875517312437296,1.6251085996627808,1.0,0.0,3.504753112792969e-05,0.0,0.38232421875,0.474853515625
1380,347,1.2413384914398193,0.12322146445512772,1.2582887411117554,1.0,0.0,3.504753112792969e-05,0.0,0.3798828125,0.466796875
1381,349,1.2413256168365479,0.006875517312437296,1.6251085996627808,1.0,0.0,3.504753112792969e-05,0.0,0.38232421875,0.474853515625
1382,350,1.2413384914398193,0.0068755135871469975,1.2582887411117554,1.0,0.0,3.504753112792969e-05,0.0,0.38232421875,0.466796875
1383,351,-1.2455250024795532,0.0076703294180333614,1.6251085996627808,-1.0,0.0,0.0,0.0,0.86865234375,0.0100250244140625
1384,352,-1.2455250024795532,0.12347603589296341,1.6251085996627808,-1.0,0.0,0.0,0.0,0.86865234375,0.02276611328125
1385,353,-1.2455250024795532,0.12347603589296341,1.2582917213439941,-1.0,0.0,0.0,0.0,0.9091796875,0.0227508544921875
1386,351,-1.2455250024795532,0.0076703294180333614,1.6251085996627808,-1.0,0.0,0.0,0.0,0.86865234375,0.0100250244140625
1387,353,-1.2455250024795532,0.12347603589296341,1.2582917213439941,-1.0,0.0,0.0,0.0,0.9091796875,0.0227508544921875
1388,354,-1.2455250024795532,0.0076703294180333614,1.2582917213439941,-1.0,0.0,0.0,0.0,0.9091796875,0.00998687744140625
1389,355,1.2413256168365479,0.12322144955396652,1.6251085996627808,0.0,0.0,1.0,0.0,0.86865234375,0.29638671875
1390,356,-1.2455250024795532,0.12347603589296341,1.6251085996627808,0.0,0.0,1.0,0.0,0.86865234375,0.02276611328125
1391,357,-1.2455250024795532,0.0076703294180333614,1.6251085996627808,0.0,0.0,1.0,0.0,0.85595703125,0.0227508544921875
1392,355,1.2413256168365479,0.12322144955396652,1.6251085996627808,0.0,0.0,1.0,0.0,0.86865234375,0.29638671875
1393,357,-1.2455250024795532,0.0076703294180333614,1.6251085996627808,0.0,0.0,1.0,0.0,0.85595703125,0.0227508544921875
1394,358,1.2413256168365479,0.006875517312437296,1.6251085996627808,0.0,0.0,1.0,0.0,0.85595703125,0.29638671875
1395,359,-0.801850438117981,1.317100167274475,-0.7129293084144592,-0.99951171875,0.024566650390625,0.0,0.0,0.54833984375,0.06072998046875
1396,360,-0.801850438117981,1.317100167274475,0.7484695911407471,-0.99951171875,0.024566650390625,0.0,0.0,0.398193359375,0.06072998046875
1397,361,-0.7295184135437012,4.259710788726807,0.654353678226471,-0.99951171875,0.024566650390625,0.0,0.0,0.398193359375,0.386474609375
1398,359,-0.801850438117981,1.317100167274475,-0.7129293084144592,-0.99951171875,0.024566650390625,0.0,0.0,0.54833984375,0.06072998046875
1399,361,-0.7295184135437012,4.259710788726807,0.654353678226471,-0.99951171875,0.024566650390625,0.0,0.0,0.398193359375,0.386474609375
1400,362,-0.7295184135437012,4.259710788726807,-0.618815541267395,-0.99951171875,0.024566650390625,0.0,0.0,0.54833984375,0.386474609375
1401,363,-0.801850438117981,1.317100167274475,0.7484695911407471,0.0,1.0,0.0,0.0,0.398193359375,0.06072998046875
1402,364,-0.801850438117981,1.317100167274475,-0.7129293084144592,0.0,1.0,0.0,0.0,0.54833984375,0.06072998046875
1403,365,-0.9363958239555359,1.317100167274475,-0.7131179571151733,0.0,1.0,0.0,0.0,0.54833984375,0.04583740234375
1404,363,-0.801850438117981,1.317100167274475,0.7484695911407471,0.0,1.0,0.0,0.0,0.398193359375,0.06072998046875
1405,365,-0.9363958239555359,1.317100167274475,-0.7131179571151733,0.0,1.0,0.0,0.0,0.54833984375,0.04583740234375
1406,366,-0.9363958239555359,1.317100167274475,0.748658299446106,0.0,1.0,0.0,0.0,0.398193359375,0.04583740234375
1407,367,-0.9363958239555359,1.317100167274475,0.748658299446106,-1.0,0.0206298828125,0.0,0.0,0.398193359375,0.04583740234375
1408,368,-0.9363958239555359,1.317100167274475,-0.7131179571151733,-1.0,0.0206298828125,0.0,0.0,0.54833984375,0.04583740234375
1409,369,-0.9435431957244873,0.9707977175712585,-0.7131179571151733,-1.0,0.0206298828125,0.0,0.0,0.54833984375,0.00751495361328125
1410,367,-0.9363958239555359,1.317100167274475,0.748658299446106,-1.0,0.0206298828125,0.0,0.0,0.398193359375,0.04583740234375
1411,369,-0.9435431957244873,0.9707977175712585,-0.7131179571151733,-1.0,0.0206298828125,0.0,0.0,0.54833984375,0.00751495361328125
1412,370,-0.9435431957244873,0.9707977175712585,0.748658299446106,-1.0,0.0206298828125,0.0,0.0,0.398193359375,0.00751495361328125
1413,371,-0.7371628880500793,1.317100167274475,0.8060007095336914,0.0,0.024566650390625,0.99951171875,0.0,0.239501953125,0.3330078125
1414,372,0.7099244594573975,1.317100167274475,0.8060007095336914,0.0,0.024566650390625,0.99951171875,0.0,0.390869140625,0.3330078125
1415,373,0.6316617131233215,4.259710788726807,0.7336698770523071,0.0,0.024566650390625,0.99951171875,0.0,0.390869140625,0.00762176513671875
1416,371,-0.7371628880500793,1.317100167274475,0.8060007095336914,0.0,0.024566650390625,0.99951171875,0.0,0.239501953125,0.3330078125
1417,373,0.6316617131233215,4.259710788726807,0.7336698770523071,0.0,0.024566650390625,0.99951171875,0.0,0.390869140625,0.00762176513671875
1418,374,-0.6589004993438721,4.259710788726807,0.7336698770523071,0.0,0.024566650390625,0.99951171875,0.0,0.239501953125,0.00762176513671875
1419,375,0.7099244594573975,1.317100167274475,0.8060007095336914,0.0,1.0,0.0,0.0,0.390869140625,0.3330078125
1420,376,-0.7371628880500793,1.317100167274475,0.8060007095336914,0.0,1.0,0.0,0.0,0.239501953125,0.3330078125
1421,377,-0.7410235404968262,1.317100167274475,0.94537353515625,0.0,1.0,0.0,0.0,0.239501953125,0.348388671875
1422,375,0.7099244594573975,1.317100167274475,0.8060007095336914,0.0,1.0,0.0,0.0,0.390869140625,0.3330078125
1423,377,-0.7410235404968262,1.317100167274475,0.94537353515625,0.0,1.0,0.0,0.0,0.239501953125,0.348388671875
1424,378,0.7137850522994995,1.317100167274475,0.94537353515625,0.0,1.0,0.0,0.0,0.390869140625,0.348388671875
1425,379,0.7137850522994995,1.317100167274475,0.94537353515625,0.0,0.0206298828125,1.0,0.0,0.390869140625,0.348388671875
1426,380,-0.7410235404968262,1.317100167274475,0.94537353515625,0.0,0.0206298828125,1.0,0.0,0.239501953125,0.348388671875
1427,381,-0.7410235404968262,0.9707974195480347,0.9525207281112671,0.0,0.0206298828125,1.0,0.0,0.239501953125,0.38671875
1428,379,0.7137850522994995,1.317100167274475,0.94537353515625,0.0,0.0206298828125,1.0,0.0,0.390869140625,0.348388671875
1429,381,-0.7410235404968262,0.9707974195480347,0.9525207281112671,0.0,0.0206298828125,1.0,0.0,0.239501953125,0.38671875
1430,382,0.7137850522994995,0.9707974195480347,0.9525207281112671,0.0,0.0206298828125,1.0,0.0,0.390869140625,0.38671875
1431,383,-1.1112544536590576,0.11457866430282593,1.5522897243499756,-6.729364395141602e-05,0.347412109375,0.9375,0.0,0.91943359375,0.039947509765625
1432,384,1.0587794780731201,0.11532233655452728,1.5523256063461304,-6.729364395141602e-05,0.347412109375,0.9375,0.0,0.91943359375,0.28369140625
1433,385,1.058781385421753,0.7021161317825317,1.3347396850585938,-6.729364395141602e-05,0.347412109375,0.9375,0.0,0.9873046875,0.28369140625
1434,383,-1.1112544536590576,0.11457866430282593,1.5522897243499756,-6.729364395141602e-05,0.347412109375,0.9375,0.0,0.91943359375,0.039947509765625
1435,385,1.058781385421753,0.7021161317825317,1.3347396850585938,-6.729364395141602e-05,0.347412109375,0.9375,0.0,0.9873046875,0.28369140625
1436,386,-1.1111847162246704,0.7021162509918213,1.3347396850585938,-6.729364395141602e-05,0.347412109375,0.9375,0.0,0.9873046875,0.03997802734375
1437,387,-1.1111847162246704,0.7021162509918213,1.3347396850585938,0.0,1.0,0.0,0.0,0.9873046875,0.03997802734375
1438,388,1.058781385421753,0.7021161317825317,1.3347396850585938,0.0,1.0,0.0,0.0,0.9873046875,0.28369140625
1439,389,1.058779001235962,0.7021162509918213,1.2686399221420288,0.0,1.0,0.0,0.0,0.99365234375,0.28369140625
1440,387,-1.1111847162246704,0.7021162509918213,1.3347396850585938,0.0,1.0,0.0,0.0,0.9873046875,0.03997802734375
1441,389,1.058779001235962,0.7021162509918213,1.2686399221420288,0.0,1.0,0.0,0.0,0.99365234375,0.28369140625
1442,390,-1.1111887693405151,0.7021162509918213,1.2686399221420288,0.0,1.0,0.0,0.0,0.99365234375,0.03997802734375
1443,391,1.0587794780731201,0.11532233655452728,1.5523256063461304,1.0,-3.0994415283203125e-06,-8.52346420288086e-06,0.0,0.353515625,0.4814453125
1444,392,1.058779001235962,0.1142793819308281,1.2686399221420288,1.0,-3.0994415283203125e-06,-8.52346420288086e-06,0.0,0.3681640625,0.4765625
1445,393,1.058779001235962,0.7021162509918213,1.2686399221420288,1.0,-3.0994415283203125e-06,-8.52346420288086e-06,0.0,0.35693359375,0.446533203125
1446,391,1.0587794780731201,0.11532233655452728,1.5523256063461304,1.0,-3.0994415283203125e-06,-8.52346420288086e-06,0.0,0.353515625,0.4814453125
1447,393,1.058779001235962,0.7021162509918213,1.2686399221420288,1.0,-3.0994415283203125e-06,-8.52346420288086e-06,0.0,0.35693359375,0.446533203125
1448,394,1.058781385421753,0.7021161317825317,1.3347396850585938,1.0,-3.0994415283203125e-06,-8.52346420288086e-06,0.0,0.353515625,0.4482421875
1449,395,-1.1112552881240845,0.11457866430282593,1.2686399221420288,-1.0,0.00011879205703735352,1.3947486877441406e-05,0.0,0.92919921875,0.01009368896484375
1450,396,-1.1112544536590576,0.11457866430282593,1.5522897243499756,-1.0,0.00011879205703735352,1.3947486877441406e-05,0.0,0.91943359375,0.039947509765625
1451,397,-1.1111847162246704,0.7021162509918213,1.3347396850585938,-1.0,0.00011879205703735352,1.3947486877441406e-05,0.0,0.9873046875,0.03997802734375
1452,395,-1.1112552881240845,0.11457866430282593,1.2686399221420288,-1.0,0.00011879205703735352,1.3947486877441406e-05,0.0,0.92919921875,0.01009368896484375
1453,397,-1.1111847162246704,0.7021162509918213,1.3347396850585938,-1.0,0.00011879205703735352,1.3947486877441406e-05,0.0,0.9873046875,0.03997802734375
1454,398,-1.1111887693405151,0.7021162509918213,1.2686399221420288,-1.0,0.00011879205703735352,1.3947486877441406e-05,0.0,0.9912109375,0.03302001953125
1455,399,1.0234758853912354,0.27291542291641235,1.6503493785858154,1.0,0.0002720355987548828,0.0193634033203125,0.0,0.08148193359375,0.97265625
1456,400,0.9576586484909058,0.013603372499346733,1.944983959197998,0.9755859375,0.0007920265197753906,0.2186279296875,0.0,0.09100341796875,0.96435546875
1457,401,1.0237212181091309,0.013600090518593788,1.6501944065093994,0.99560546875,0.0008859634399414062,0.093017578125,0.0,0.08148193359375,0.96435546875
1458,402,1.0237212181091309,0.013595636934041977,1.2383698225021362,1.0,0.0002124309539794922,0.0006270408630371094,0.0,0.0682373046875,0.96435546875
1459,399,1.0234758853912354,0.27291542291641235,1.6503493785858154,1.0,0.0002720355987548828,0.0193634033203125,0.0,0.08148193359375,0.97265625
1460,401,1.0237212181091309,0.013600090518593788,1.6501944065093994,0.99560546875,0.0008859634399414062,0.093017578125,0.0,0.08148193359375,0.96435546875
1461,403,1.0237212181091309,0.843598484992981,1.2383698225021362,1.0,0.0004551410675048828,0.0013637542724609375,0.0,0.0682373046875,0.9912109375
1462,399,1.0234758853912354,0.27291542291641235,1.6503493785858154,1.0,0.0002720355987548828,0.0193634033203125,0.0,0.08148193359375,0.97265625
1463,402,1.0237212181091309,0.013595636934041977,1.2383698225021362,1.0,0.0002124309539794922,0.0006270408630371094,0.0,0.0682373046875,0.96435546875
1464,403,1.0237212181091309,0.843598484992981,1.2383698225021362,1.0,0.0004551410675048828,0.0013637542724609375,0.0,0.0682373046875,0.9912109375
1465,404,1.0234758853912354,0.5454503297805786,1.5058574676513672,1.0,0.0001914501190185547,0.0008974075317382812,0.0,0.07684326171875,0.9814453125
1466,399,1.0234758853912354,0.27291542291641235,1.6503493785858154,1.0,0.0002720355987548828,0.0193634033203125,0.0,0.08148193359375,0.97265625
1467,405,1.0237212181091309,0.8436277508735657,1.3028850555419922,0.9990234375,0.03924560546875,0.01708984375,0.0,0.0703125,0.9912109375
1468,404,1.0234758853912354,0.5454503297805786,1.5058574676513672,1.0,0.0001914501190185547,0.0008974075317382812,0.0,0.07684326171875,0.9814453125
1469,403,1.0237212181091309,0.843598484992981,1.2383698225021362,1.0,0.0004551410675048828,0.0013637542724609375,0.0,0.0682373046875,0.9912109375
1470,405,1.0237212181091309,0.8436277508735657,1.3028850555419922,0.9990234375,0.03924560546875,0.01708984375,0.0,0.0703125,0.9912109375
1471,406,1.0226609706878662,0.7717786431312561,1.5149298906326294,0.99072265625,0.128662109375,0.04766845703125,0.0,0.0771484375,0.98876953125
1472,404,1.0234758853912354,0.5454503297805786,1.5058574676513672,1.0,0.0001914501190185547,0.0008974075317382812,0.0,0.07684326171875,0.9814453125
1473,405,1.0237212181091309,0.8436277508735657,1.3028850555419922,0.9990234375,0.03924560546875,0.01708984375,0.0,0.0703125,0.9912109375
1474,407,0.9579749703407288,0.9096829295158386,1.6000983715057373,0.92578125,0.356689453125,0.12548828125,0.0,0.07989501953125,0.9931640625
1475,406,1.0226609706878662,0.7717786431312561,1.5149298906326294,0.99072265625,0.128662109375,0.04766845703125,0.0,0.0771484375,0.98876953125
1476,408,0.9576586484909058,0.013603372499346733,1.944983959197998,-0.0002048015594482422,0.75048828125,0.66064453125,0.0,0.376953125,0.490234375
1477,409,0.8419569134712219,0.27298784255981445,1.6501944065093994,-0.0002911090850830078,0.59619140625,0.802734375,0.0,0.390869140625,0.52099609375
1478,410,0.9084562659263611,0.013604952022433281,1.9449831247329712,-0.0002048015594482422,0.75048828125,0.66064453125,0.0,0.3828125,0.490234375
1479,408,0.9576586484909058,0.013603372499346733,1.944983959197998,-0.0002048015594482422,0.75048828125,0.66064453125,0.0,0.376953125,0.490234375
1480,411,1.0234758853912354,0.27291542291641235,1.6503493785858154,-0.0002911090850830078,0.59619140625,0.802734375,0.0,0.369140625,0.52099609375
1481,409,0.8419569134712219,0.27298784255981445,1.6501944065093994,-0.0002911090850830078,0.59619140625,0.802734375,0.0,0.390869140625,0.52099609375
1482,411,1.0234758853912354,0.27291542291641235,1.6503493785858154,-0.0002911090850830078,0.59619140625,0.802734375,0.0,0.369140625,0.52099609375
1483,412,0.8419569134712219,0.5453795790672302,1.5058693885803223,-0.00022041797637939453,0.26220703125,0.96484375,0.0,0.390869140625,0.5537109375
1484,409,0.8419569134712219,0.27298784255981445,1.6501944065093994,-0.0002911090850830078,0.59619140625,0.802734375,0.0,0.390869140625,0.52099609375
1485,411,1.0234758853912354,0.27291542291641235,1.6503493785858154,-0.0002911090850830078,0.59619140625,0.802734375,0.0,0.369140625,0.52099609375
1486,413,1.0234758853912354,0.5454503297805786,1.5058574676513672,-0.0002205371856689453,0.262451171875,0.96484375,0.0,0.369140625,0.5537109375
1487,412,0.8419569134712219,0.5453795790672302,1.5058693885803223,-0.00022041797637939453,0.26220703125,0.96484375,0.0,0.390869140625,0.5537109375
1488,414,1.0226609706878662,0.7717786431312561,1.5149298906326294,-0.0004849433898925781,-0.16845703125,0.98583984375,0.0,0.369140625,0.5810546875
1489,412,0.8419569134712219,0.5453795790672302,1.5058693885803223,-0.00022041797637939453,0.26220703125,0.96484375,0.0,0.390869140625,0.5537109375
1490,413,1.0234758853912354,0.5454503297805786,1.5058574676513672,-0.0002205371856689453,0.262451171875,0.96484375,0.0,0.369140625,0.5537109375
1491,414,1.0226609706878662,0.7717786431312561,1.5149298906326294,-0.0004849433898925781,-0.16845703125,0.98583984375,0.0,0.369140625,0.5810546875
1492,415,0.8419569134712219,0.7717797756195068,1.51490318775177,-0.00048422813415527344,-0.168212890625,0.98583984375,0.0,0.390869140625,0.5810546875
1493,412,0.8419569134712219,0.5453795790672302,1.5058693885803223,-0.00022041797637939453,0.26220703125,0.96484375,0.0,0.390869140625,0.5537109375
1494,414,1.0226609706878662,0.7717786431312561,1.5149298906326294,-0.0004849433898925781,-0.16845703125,0.98583984375,0.0,0.369140625,0.5810546875
1495,416,0.9074009656906128,0.9094616770744324,1.5995137691497803,-0.001750946044921875,-0.5244140625,0.8515625,0.0,0.383056640625,0.59716796875
1496,415,0.8419569134712219,0.7717797756195068,1.51490318775177,-0.00048422813415527344,-0.168212890625,0.98583984375,0.0,0.390869140625,0.5810546875
1497,414,1.0226609706878662,0.7717786431312561,1.5149298906326294,-0.0004849433898925781,-0.16845703125,0.98583984375,0.0,0.369140625,0.5810546875
1498,417,0.9579749703407288,0.9096829295158386,1.6000983715057373,-0.001750946044921875,-0.5244140625,0.8515625,0.0,0.376953125,0.59716796875
1499,416,0.9074009656906128,0.9094616770744324,1.5995137691497803,-0.001750946044921875,-0.5244140625,0.8515625,0.0,0.383056640625,0.59716796875
1500,418,1.0237212181091309,0.8436277508735657,1.3028850555419922,-0.00047659873962402344,0.98779296875,-0.1572265625,0.0,0.041595458984375,0.57958984375
1501,419,1.0237212181091309,0.843598484992981,1.2383698225021362,-0.00012540817260742188,1.0,-3.30805778503418e-05,0.0,0.041595458984375,0.5869140625
1502,420,0.8419569134712219,0.8436028361320496,1.2375903129577637,-0.00012540817260742188,1.0,-3.30805778503418e-05,0.0,0.061798095703125,0.5869140625
1503,418,1.0237212181091309,0.8436277508735657,1.3028850555419922,-0.00047659873962402344,0.98779296875,-0.1572265625,0.0,0.041595458984375,0.57958984375
1504,420,0.8419569134712219,0.8436028361320496,1.2375903129577637,-0.00012540817260742188,1.0,-3.30805778503418e-05,0.0,0.061798095703125,0.5869140625
1505,421,0.8419569134712219,0.8435778021812439,1.3029013872146606,-0.00047659873962402344,0.98779296875,-0.1572265625,0.0,0.061798095703125,0.57958984375
1506,422,0.9579749703407288,0.9096829295158386,1.6000983715057373,-0.0006089210510253906,0.97607421875,-0.2169189453125,0.0,0.04888916015625,0.546875
1507,418,1.0237212181091309,0.8436277508735657,1.3028850555419922,-0.00047659873962402344,0.98779296875,-0.1572265625,0.0,0.041595458984375,0.57958984375
1508,421,0.8419569134712219,0.8435778021812439,1.3029013872146606,-0.00047659873962402344,0.98779296875,-0.1572265625,0.0,0.061798095703125,0.57958984375
1509,422,0.9579749703407288,0.9096829295158386,1.6000983715057373,-0.0006089210510253906,0.97607421875,-0.2169189453125,0.0,0.04888916015625,0.546875
1510,421,0.8419569134712219,0.8435778021812439,1.3029013872146606,-0.00047659873962402344,0.98779296875,-0.1572265625,0.0,0.061798095703125,0.57958984375
1511,423,0.9074009656906128,0.9094616770744324,1.5995137691497803,-0.0006089210510253906,0.97607421875,-0.2169189453125,0.0,0.05450439453125,0.546875
1512,424,0.9074009656906128,0.9094616770744324,1.5995137691497803,-0.92333984375,0.36328125,0.123046875,0.0,0.08074951171875,0.59375
1513,425,0.8419569134712219,0.8435778021812439,1.3029013872146606,-0.9990234375,0.037933349609375,0.012847900390625,0.0,0.048492431640625,0.6005859375
1514,426,0.8419569134712219,0.7717797756195068,1.51490318775177,-0.99072265625,0.129150390625,0.04376220703125,0.0,0.071533203125,0.6083984375
1515,427,0.8419569134712219,0.8436028361320496,1.2375903129577637,-1.0,1.1920928955078125e-07,0.0,0.0,0.041412353515625,0.6005859375
1516,426,0.8419569134712219,0.7717797756195068,1.51490318775177,-0.99072265625,0.129150390625,0.04376220703125,0.0,0.071533203125,0.6083984375
1517,425,0.8419569134712219,0.8435778021812439,1.3029013872146606,-0.9990234375,0.037933349609375,0.012847900390625,0.0,0.048492431640625,0.6005859375
1518,427,0.8419569134712219,0.8436028361320496,1.2375903129577637,-1.0,1.1920928955078125e-07,0.0,0.0,0.041412353515625,0.6005859375
1519,428,0.8419569134712219,0.5453795790672302,1.5058693885803223,-1.0,1.1920928955078125e-07,0.0,0.0,0.070556640625,0.63330078125
1520,426,0.8419569134712219,0.7717797756195068,1.51490318775177,-0.99072265625,0.129150390625,0.04376220703125,0.0,0.071533203125,0.6083984375
1521,427,0.8419569134712219,0.8436028361320496,1.2375903129577637,-1.0,1.1920928955078125e-07,0.0,0.0,0.041412353515625,0.6005859375
1522,429,0.8419569134712219,0.27298784255981445,1.6501944065093994,-1.0,1.1920928955078125e-07,0.018890380859375,0.0,0.08624267578125,0.66259765625
1523,428,0.8419569134712219,0.5453795790672302,1.5058693885803223,-1.0,1.1920928955078125e-07,0.0,0.0,0.070556640625,0.63330078125
1524,427,0.8419569134712219,0.8436028361320496,1.2375903129577637,-1.0,1.1920928955078125e-07,0.0,0.0,0.041412353515625,0.6005859375
1525,430,0.8419569134712219,0.013599691912531853,1.2375903129577637,-1.0,1.1920928955078125e-07,0.0,0.0,0.041412353515625,0.69091796875
1526,429,0.8419569134712219,0.27298784255981445,1.6501944065093994,-1.0,1.1920928955078125e-07,0.018890380859375,0.0,0.08624267578125,0.66259765625
1527,430,0.8419569134712219,0.013599691912531853,1.2375903129577637,-1.0,1.1920928955078125e-07,0.0,0.0,0.041412353515625,0.69091796875
1528,431,0.8419569134712219,0.013602296821773052,1.6501944065093994,-0.99560546875,0.0,0.09356689453125,0.0,0.08624267578125,0.69091796875
1529,429,0.8419569134712219,0.27298784255981445,1.6501944065093994,-1.0,1.1920928955078125e-07,0.018890380859375,0.0,0.08624267578125,0.66259765625
1530,431,0.8419569134712219,0.013602296821773052,1.6501944065093994,-0.99560546875,0.0,0.09356689453125,0.0,0.08624267578125,0.69091796875
1531,432,0.9084562659263611,0.013604952022433281,1.9449831247329712,-0.9755859375,0.0,0.2200927734375,0.0,0.11822509765625,0.69091796875
1532,429,0.8419569134712219,0.27298784255981445,1.6501944065093994,-1.0,1.1920928955078125e-07,0.018890380859375,0.0,0.08624267578125,0.66259765625
1533,433,0.6889979243278503,4.257763385772705,-0.5915664434432983,0.2314453125,-0.01538848876953125,0.97265625,0.0,0.466552734375,0.68798828125
1534,434,0.756862461566925,0.9887579083442688,-0.6594312191009521,0.2314453125,-0.01538848876953125,0.97265625,0.0,0.54541015625,0.68798828125
1535,435,0.9297637939453125,0.9892603754997253,-0.7005608677864075,0.67919921875,-0.0011434555053710938,0.73388671875,0.0,0.54541015625,0.68359375
1536,433,0.6889979243278503,4.257763385772705,-0.5915664434432983,0.2314453125,-0.01538848876953125,0.97265625,0.0,0.466552734375,0.68798828125
1537,435,0.9297637939453125,0.9892603754997253,-0.7005608677864075,0.67919921875,-0.0011434555053710938,0.73388671875,0.0,0.54541015625,0.68359375
1538,436,0.8618991374969482,4.2582573890686035,-0.6326956748962402,0.66650390625,-0.001636505126953125,0.74560546875,0.0,0.466552734375,0.68359375
1539,436,0.8618991374969482,4.2582573890686035,-0.6326956748962402,0.66650390625,-0.001636505126953125,0.74560546875,0.0,0.466552734375,0.68359375
1540,435,0.9297637939453125,0.9892603754997253,-0.7005608677864075,0.67919921875,-0.0011434555053710938,0.73388671875,0.0,0.54541015625,0.68359375
1541,437,0.970892608165741,0.9897550940513611,-0.8540844321250916,0.96435546875,0.025482177734375,-0.2626953125,0.0,0.54541015625,0.6796875
1542,436,0.8618991374969482,4.2582573890686035,-0.6326956748962402,0.66650390625,-0.001636505126953125,0.74560546875,0.0,0.466552734375,0.68359375
1543,437,0.970892608165741,0.9897550940513611,-0.8540844321250916,0.96435546875,0.025482177734375,-0.2626953125,0.0,0.54541015625,0.6796875
1544,438,0.9030282497406006,4.258760452270508,-0.7862192988395691,0.966796875,0.025360107421875,-0.2548828125,0.0,0.466552734375,0.6796875
1545,438,0.9030282497406006,4.258760452270508,-0.7862192988395691,0.966796875,0.025360107421875,-0.2548828125,0.0,0.466552734375,0.6796875
1546,437,0.970892608165741,0.9897550940513611,-0.8540844321250916,0.96435546875,0.025482177734375,-0.2626953125,0.0,0.54541015625,0.6796875
1547,439,0.8584979772567749,0.9897550940513611,-0.9664790630340576,0.2626953125,0.025482177734375,-0.96435546875,0.0,0.54541015625,0.67626953125
1548,438,0.9030282497406006,4.258760452270508,-0.7862192988395691,0.966796875,0.025360107421875,-0.2548828125,0.0,0.466552734375,0.6796875
1549,439,0.8584979772567749,0.9897550940513611,-0.9664790630340576,0.2626953125,0.025482177734375,-0.96435546875,0.0,0.54541015625,0.67626953125
1550,440,0.7906336784362793,4.258760452270508,-0.8986141681671143,0.2548828125,0.025360107421875,-0.966796875,0.0,0.466552734375,0.67626953125
1551,440,0.7906336784362793,4.258760452270508,-0.8986141681671143,0.2548828125,0.025360107421875,-0.966796875,0.0,0.466552734375,0.67626953125
1552,439,0.8584979772567749,0.9897550940513611,-0.9664790630340576,0.2626953125,0.025482177734375,-0.96435546875,0.0,0.54541015625,0.67626953125
1553,441,0.7049741744995117,0.9892603754997253,-0.9253498911857605,-0.74072265625,-0.001434326171875,-0.671875,0.0,0.54541015625,0.67236328125
1554,440,0.7906336784362793,4.258760452270508,-0.8986141681671143,0.2548828125,0.025360107421875,-0.966796875,0.0,0.466552734375,0.67626953125
1555,441,0.7049741744995117,0.9892603754997253,-0.9253498911857605,-0.74072265625,-0.001434326171875,-0.671875,0.0,0.54541015625,0.67236328125
1556,442,0.6371097564697266,4.2582573890686035,-0.8574851155281067,-0.751953125,-0.0019292831420898438,-0.6591796875,0.0,0.466552734375,0.67236328125
1557,442,0.6371097564697266,4.2582573890686035,-0.8574851155281067,-0.751953125,-0.0019292831420898438,-0.6591796875,0.0,0.466552734375,0.67236328125
1558,441,0.7049741744995117,0.9892603754997253,-0.9253498911857605,-0.74072265625,-0.001434326171875,-0.671875,0.0,0.54541015625,0.67236328125
1559,443,0.663844883441925,0.9887579083442688,-0.7481157779693604,-0.97412109375,-0.01552581787109375,-0.22607421875,0.0,0.54541015625,0.66796875
1560,442,0.6371097564697266,4.2582573890686035,-0.8574851155281067,-0.751953125,-0.0019292831420898438,-0.6591796875,0.0,0.466552734375,0.67236328125
1561,443,0.663844883441925,0.9887579083442688,-0.7481157779693604,-0.97412109375,-0.01552581787109375,-0.22607421875,0.0,0.54541015625,0.66796875
1562,444,0.5959805250167847,4.257763385772705,-0.6802504062652588,-0.97412109375,-0.01552581787109375,-0.22607421875,0.0,0.466552734375,0.66796875
1563,445,-0.9367797374725342,4.328893661499023,0.8169209957122803,9.655952453613281e-06,1.0,1.430511474609375e-06,0.0,0.6220703125,0.61279296875
1564,446,-0.8089933395385742,4.328788757324219,0.9409873485565186,1.7881393432617188e-07,1.0,4.0531158447265625e-06,0.0,0.63427734375,0.6259765625
1565,447,0.7855292558670044,4.328893184661865,0.9409300684928894,1.7881393432617188e-07,1.0,4.0531158447265625e-06,0.0,0.8095703125,0.6259765625
1566,445,-0.9367797374725342,4.328893661499023,0.8169209957122803,9.655952453613281e-06,1.0,1.430511474609375e-06,0.0,0.6220703125,0.61279296875
1567,447,0.7855292558670044,4.328893184661865,0.9409300684928894,1.7881393432617188e-07,1.0,4.0531158447265625e-06,0.0,0.8095703125,0.6259765625
1568,448,0.9095993638038635,4.328788757324219,0.8131431937217712,9.655952453613281e-06,1.0,1.430511474609375e-06,0.0,0.82177734375,0.61279296875
1569,449,-0.9367961883544922,4.328810214996338,-0.7758750915527344,9.59634780883789e-06,1.0,6.556510925292969e-07,0.0,0.6220703125,0.438720703125
1570,445,-0.9367797374725342,4.328893661499023,0.8169209957122803,9.655952453613281e-06,1.0,1.430511474609375e-06,0.0,0.6220703125,0.61279296875
1571,448,0.9095993638038635,4.328788757324219,0.8131431937217712,9.655952453613281e-06,1.0,1.430511474609375e-06,0.0,0.82177734375,0.61279296875
1572,449,-0.9367961883544922,4.328810214996338,-0.7758750915527344,9.59634780883789e-06,1.0,6.556510925292969e-07,0.0,0.6220703125,0.438720703125
1573,448,0.9095993638038635,4.328788757324219,0.8131431937217712,9.655952453613281e-06,1.0,1.430511474609375e-06,0.0,0.82177734375,0.61279296875
1574,450,0.9095863103866577,4.328877925872803,-0.7758846879005432,9.59634780883789e-06,1.0,6.556510925292969e-07,0.0,0.82177734375,0.438720703125
1575,451,0.7800255417823792,4.328810214996338,-0.9054076075553894,-1.4901161193847656e-06,1.0,-1.7583370208740234e-05,0.0,0.80908203125,0.425537109375
1576,449,-0.9367961883544922,4.328810214996338,-0.7758750915527344,9.59634780883789e-06,1.0,6.556510925292969e-07,0.0,0.6220703125,0.438720703125
1577,450,0.9095863103866577,4.328877925872803,-0.7758846879005432,9.59634780883789e-06,1.0,6.556510925292969e-07,0.0,0.82177734375,0.438720703125
1578,451,0.7800255417823792,4.328810214996338,-0.9054076075553894,-1.4901161193847656e-06,1.0,-1.7583370208740234e-05,0.0,0.80908203125,0.425537109375
1579,452,-0.807282030582428,4.3288726806640625,-0.9054336547851562,-1.4901161193847656e-06,1.0,-1.7583370208740234e-05,0.0,0.63525390625,0.425537109375
1580,449,-0.9367961883544922,4.328810214996338,-0.7758750915527344,9.59634780883789e-06,1.0,6.556510925292969e-07,0.0,0.6220703125,0.438720703125
1581,453,0.7800255417823792,4.328810214996338,-0.9054076075553894,-6.318092346191406e-06,0.08587646484375,0.99609375,0.0,0.80908203125,0.425537109375
1582,454,0.782293438911438,4.392207622528076,-0.9108835458755493,-6.318092346191406e-06,0.08587646484375,0.99609375,0.0,0.8115234375,0.419189453125
1583,455,-0.8095320463180542,4.3922119140625,-0.9108835458755493,-6.318092346191406e-06,0.08587646484375,0.99609375,0.0,0.6328125,0.419189453125
1584,453,0.7800255417823792,4.328810214996338,-0.9054076075553894,-6.318092346191406e-06,0.08587646484375,0.99609375,0.0,0.80908203125,0.425537109375
1585,455,-0.8095320463180542,4.3922119140625,-0.9108835458755493,-6.318092346191406e-06,0.08587646484375,0.99609375,0.0,0.6328125,0.419189453125
1586,456,-0.807282030582428,4.3288726806640625,-0.9054336547851562,-6.318092346191406e-06,0.08587646484375,0.99609375,0.0,0.63525390625,0.425537109375
1587,457,-0.807282030582428,4.3288726806640625,-0.9054336547851562,0.70458984375,0.08587646484375,0.70458984375,0.0,0.63525390625,0.425537109375
1588,458,-0.8095320463180542,4.3922119140625,-0.9108835458755493,0.70458984375,0.08587646484375,0.70458984375,0.0,0.6328125,0.419189453125
1589,459,-0.9422716498374939,4.392208576202393,-0.7781438231468201,0.70458984375,0.08587646484375,0.70458984375,0.0,0.61572265625,0.4365234375
1590,457,-0.807282030582428,4.3288726806640625,-0.9054336547851562,0.70458984375,0.08587646484375,0.70458984375,0.0,0.63525390625,0.425537109375
1591,459,-0.9422716498374939,4.392208576202393,-0.7781438231468201,0.70458984375,0.08587646484375,0.70458984375,0.0,0.61572265625,0.4365234375
1592,460,-0.9367961883544922,4.328810214996338,-0.7758750915527344,0.70458984375,0.08587646484375,0.70458984375,0.0,0.6220703125,0.438720703125
1593,461,0.9095863103866577,4.328877925872803,-0.7758846879005432,-0.7041015625,0.08648681640625,0.70458984375,0.0,0.82177734375,0.438720703125
1594,462,0.915033221244812,4.39132022857666,-0.7781438231468201,-0.7041015625,0.08648681640625,0.70458984375,0.0,0.828125,0.4365234375
1595,463,0.782293438911438,4.392207622528076,-0.9108835458755493,-0.7041015625,0.08648681640625,0.70458984375,0.0,0.8115234375,0.419189453125
1596,461,0.9095863103866577,4.328877925872803,-0.7758846879005432,-0.7041015625,0.08648681640625,0.70458984375,0.0,0.82177734375,0.438720703125
1597,463,0.782293438911438,4.392207622528076,-0.9108835458755493,-0.7041015625,0.08648681640625,0.70458984375,0.0,0.8115234375,0.419189453125
1598,464,0.7800255417823792,4.328810214996338,-0.9054076075553894,-0.7041015625,0.08648681640625,0.70458984375,0.0,0.80908203125,0.425537109375
1599,465,-0.8089933395385742,4.328788757324219,0.9409873485565186,-5.263090133666992e-05,0.08587646484375,-0.99609375,0.0,0.63427734375,0.6259765625
1600,466,-0.8112178444862366,4.392202377319336,0.9464730024337769,-5.263090133666992e-05,0.08587646484375,-0.99609375,0.0,0.6318359375,0.63232421875
1601,467,0.7878232598304749,4.392200946807861,0.9463702440261841,-5.263090133666992e-05,0.08587646484375,-0.99609375,0.0,0.8115234375,0.63232421875
1602,465,-0.8089933395385742,4.328788757324219,0.9409873485565186,-5.263090133666992e-05,0.08587646484375,-0.99609375,0.0,0.63427734375,0.6259765625
1603,467,0.7878232598304749,4.392200946807861,0.9463702440261841,-5.263090133666992e-05,0.08587646484375,-0.99609375,0.0,0.8115234375,0.63232421875
1604,468,0.7855292558670044,4.328893184661865,0.9409300684928894,-5.263090133666992e-05,0.08587646484375,-0.99609375,0.0,0.8095703125,0.6259765625
1605,469,0.7855292558670044,4.328893184661865,0.9409300684928894,-0.71484375,0.08587646484375,-0.6943359375,0.0,0.8095703125,0.6259765625
1606,470,0.7878232598304749,4.392200946807861,0.9463702440261841,-0.71484375,0.08587646484375,-0.6943359375,0.0,0.8115234375,0.63232421875
1607,471,0.9150850176811218,4.392200946807861,0.8153673410415649,-0.71484375,0.08587646484375,-0.6943359375,0.0,0.828125,0.615234375
1608,469,0.7855292558670044,4.328893184661865,0.9409300684928894,-0.71484375,0.08587646484375,-0.6943359375,0.0,0.8095703125,0.6259765625
1609,471,0.9150850176811218,4.392200946807861,0.8153673410415649,-0.71484375,0.08587646484375,-0.6943359375,0.0,0.828125,0.615234375
1610,472,0.9095993638038635,4.328788757324219,0.8131431937217712,-0.71484375,0.08587646484375,-0.6943359375,0.0,0.82177734375,0.61279296875
1611,473,0.9095993638038635,4.328788757324219,0.8131431937217712,-0.99609375,0.0865478515625,-1.2516975402832031e-06,0.0,0.82177734375,0.61279296875
1612,474,0.9150850176811218,4.392200946807861,0.8153673410415649,-0.99609375,0.0865478515625,-1.2516975402832031e-06,0.0,0.828125,0.615234375
1613,475,0.915033221244812,4.39132022857666,-0.7781438231468201,-0.99609375,0.0865478515625,-1.2516975402832031e-06,0.0,0.828125,0.4365234375
1614,473,0.9095993638038635,4.328788757324219,0.8131431937217712,-0.99609375,0.0865478515625,-1.2516975402832031e-06,0.0,0.82177734375,0.61279296875
1615,475,0.915033221244812,4.39132022857666,-0.7781438231468201,-0.99609375,0.0865478515625,-1.2516975402832031e-06,0.0,0.828125,0.4365234375
1616,476,0.9095863103866577,4.328877925872803,-0.7758846879005432,-0.99609375,0.0865478515625,-1.2516975402832031e-06,0.0,0.82177734375,0.438720703125
1617,477,-0.9367797374725342,4.328893661499023,0.8169209957122803,0.6943359375,0.08587646484375,-0.71484375,0.0,0.6220703125,0.61279296875
1618,478,-0.942220151424408,4.392200946807861,0.8192142248153687,0.6943359375,0.08587646484375,-0.71484375,0.0,0.61572265625,0.615234375
1619,479,-0.8112178444862366,4.392202377319336,0.9464730024337769,0.6943359375,0.08587646484375,-0.71484375,0.0,0.6318359375,0.63232421875
1620,477,-0.9367797374725342,4.328893661499023,0.8169209957122803,0.6943359375,0.08587646484375,-0.71484375,0.0,0.6220703125,0.61279296875
1621,479,-0.8112178444862366,4.392202377319336,0.9464730024337769,0.6943359375,0.08587646484375,-0.71484375,0.0,0.6318359375,0.63232421875
1622,480,-0.8089933395385742,4.328788757324219,0.9409873485565186,0.6943359375,0.08587646484375,-0.71484375,0.0,0.63427734375,0.6259765625
1623,481,-0.9367961883544922,4.328810214996338,-0.7758750915527344,0.99609375,0.0858154296875,-2.3245811462402344e-05,0.0,0.6220703125,0.438720703125
1624,482,-0.9422716498374939,4.392208576202393,-0.7781438231468201,0.99609375,0.0858154296875,-2.3245811462402344e-05,0.0,0.61572265625,0.4365234375
1625,483,-0.942220151424408,4.392200946807861,0.8192142248153687,0.99609375,0.0858154296875,-2.3245811462402344e-05,0.0,0.61572265625,0.615234375
1626,481,-0.9367961883544922,4.328810214996338,-0.7758750915527344,0.99609375,0.0858154296875,-2.3245811462402344e-05,0.0,0.6220703125,0.438720703125
1627,483,-0.942220151424408,4.392200946807861,0.8192142248153687,0.99609375,0.0858154296875,-2.3245811462402344e-05,0.0,0.61572265625,0.615234375
1628,484,-0.9367797374725342,4.328893661499023,0.8169209957122803,0.99609375,0.0858154296875,-2.3245811462402344e-05,0.0,0.6220703125,0.61279296875
1629,485,-1.2942920923233032,4.264570713043213,1.0120849609375,-0.99658203125,0.08160400390625,0.0,0.0,0.00492095947265625,0.27294921875
1630,486,-1.274612545967102,4.504885673522949,1.0121231079101562,-0.99658203125,0.08160400390625,0.0,0.0,0.031158447265625,0.27294921875
1631,487,-1.274612545967102,4.504885673522949,-0.9686283469200134,-0.99658203125,0.08160400390625,0.0,0.0,0.031158447265625,0.051666259765625
1632,485,-1.2942920923233032,4.264570713043213,1.0120849609375,-0.99658203125,0.08160400390625,0.0,0.0,0.00492095947265625,0.27294921875
1633,487,-1.274612545967102,4.504885673522949,-0.9686283469200134,-0.99658203125,0.08160400390625,0.0,0.0,0.031158447265625,0.051666259765625
1634,488,-1.2942920923233032,4.264570713043213,-0.9765452146530151,-0.99658203125,0.08160400390625,0.0,0.0,0.00492095947265625,0.051666259765625
1635,489,-0.9999240040779114,4.504885673522949,1.2787634134292603,-0.7001953125,0.06939697265625,0.71044921875,0.0,0.031158447265625,0.31689453125
1636,490,-1.274612545967102,4.504885673522949,1.0121231079101562,-0.7001953125,0.06939697265625,0.71044921875,0.0,0.031158447265625,0.27294921875
1637,491,-1.2942920923233032,4.264570713043213,1.0120849609375,-0.7001953125,0.06939697265625,0.71044921875,0.0,0.00492095947265625,0.27294921875
1638,489,-0.9999240040779114,4.504885673522949,1.2787634134292603,-0.7001953125,0.06939697265625,0.71044921875,0.0,0.031158447265625,0.31689453125
1639,491,-1.2942920923233032,4.264570713043213,1.0120849609375,-0.7001953125,0.06939697265625,0.71044921875,0.0,0.00492095947265625,0.27294921875
1640,492,-1.007934331893921,4.264570713043213,1.2984426021575928,-0.7001953125,0.06939697265625,0.71044921875,0.0,0.00492095947265625,0.31689453125
1641,493,1.2448257207870483,4.504885673522949,1.0029007196426392,0.7099609375,0.08038330078125,0.69970703125,0.0,0.031158447265625,0.5810546875
1642,494,0.9795742630958557,4.504885673522949,1.2761110067367554,0.7099609375,0.08038330078125,0.69970703125,0.0,0.031158447265625,0.53759765625
1643,495,0.9806963801383972,4.264570713043213,1.2984426021575928,0.7099609375,0.08038330078125,0.69970703125,0.0,0.00492095947265625,0.53759765625
1644,493,1.2448257207870483,4.504885673522949,1.0029007196426392,0.7099609375,0.08038330078125,0.69970703125,0.0,0.031158447265625,0.5810546875
1645,495,0.9806963801383972,4.264570713043213,1.2984426021575928,0.7099609375,0.08038330078125,0.69970703125,0.0,0.00492095947265625,0.53759765625
1646,496,1.2670533657073975,4.264570713043213,1.0120849609375,0.7099609375,0.08038330078125,0.69970703125,0.0,0.00492095947265625,0.5810546875
1647,497,0.9806963801383972,4.264570713043213,1.2984426021575928,0.0006656646728515625,0.0870361328125,0.99609375,0.0,0.00492095947265625,0.53759765625
1648,498,0.9795742630958557,4.504885673522949,1.2761110067367554,0.0006656646728515625,0.0870361328125,0.99609375,0.0,0.031158447265625,0.53759765625
1649,499,-0.9999240040779114,4.504885673522949,1.2787634134292603,0.0006656646728515625,0.0870361328125,0.99609375,0.0,0.031158447265625,0.31689453125
1650,497,0.9806963801383972,4.264570713043213,1.2984426021575928,0.0006656646728515625,0.0870361328125,0.99609375,0.0,0.00492095947265625,0.53759765625
1651,499,-0.9999240040779114,4.504885673522949,1.2787634134292603,0.0006656646728515625,0.0870361328125,0.99609375,0.0,0.031158447265625,0.31689453125
1652,500,-1.007934331893921,4.264570713043213,1.2984426021575928,0.0006656646728515625,0.0870361328125,0.99609375,0.0,0.00492095947265625,0.31689453125
1653,501,1.2473748922348022,4.504885673522949,-0.9691969156265259,0.99609375,0.08685302734375,0.0006413459777832031,0.0,0.360107421875,0.54248046875
1654,502,1.2448257207870483,4.504885673522949,1.0029007196426392,0.99609375,0.08685302734375,0.0006413459777832031,0.0,0.360107421875,0.49462890625
1655,503,1.2670533657073975,4.264570713043213,1.0120849609375,0.99609375,0.08685302734375,0.0006413459777832031,0.0,0.354248046875,0.49462890625
1656,501,1.2473748922348022,4.504885673522949,-0.9691969156265259,0.99609375,0.08685302734375,0.0006413459777832031,0.0,0.360107421875,0.54248046875
1657,503,1.2670533657073975,4.264570713043213,1.0120849609375,0.99609375,0.08685302734375,0.0006413459777832031,0.0,0.354248046875,0.49462890625
1658,504,1.2670533657073975,4.264570713043213,-0.9765452146530151,0.99609375,0.08685302734375,0.0006413459777832031,0.0,0.354248046875,0.54248046875
1659,505,-1.274612545967102,4.504885673522949,-0.9686283469200134,-0.705078125,0.08062744140625,-0.70458984375,0.0,0.031158447265625,0.051666259765625
1660,506,-1.0002292394638062,4.504885673522949,-1.24322509765625,-0.705078125,0.08062744140625,-0.70458984375,0.0,0.031158447265625,0.007732391357421875
1661,507,-1.007934331893921,4.264570713043213,-1.2629036903381348,-0.705078125,0.08062744140625,-0.70458984375,0.0,0.00492095947265625,0.007732391357421875
1662,505,-1.274612545967102,4.504885673522949,-0.9686283469200134,-0.705078125,0.08062744140625,-0.70458984375,0.0,0.031158447265625,0.051666259765625
1663,507,-1.007934331893921,4.264570713043213,-1.2629036903381348,-0.705078125,0.08062744140625,-0.70458984375,0.0,0.00492095947265625,0.007732391357421875
1664,508,-1.2942920923233032,4.264570713043213,-0.9765452146530151,-0.705078125,0.08062744140625,-0.70458984375,0.0,0.00492095947265625,0.051666259765625
1665,509,-1.0002292394638062,4.504885673522949,-1.24322509765625,0.0,0.08160400390625,-0.99658203125,0.0,0.360107421875,0.599609375
1666,510,0.9726107716560364,4.504885673522949,-1.24322509765625,0.0,0.08160400390625,-0.99658203125,0.0,0.360107421875,0.5517578125
1667,511,0.9806963801383972,4.264570713043213,-1.2629036903381348,0.0,0.08160400390625,-0.99658203125,0.0,0.354248046875,0.5517578125
1668,509,-1.0002292394638062,4.504885673522949,-1.24322509765625,0.0,0.08160400390625,-0.99658203125,0.0,0.360107421875,0.599609375
1669,511,0.9806963801383972,4.264570713043213,-1.2629036903381348,0.0,0.08160400390625,-0.99658203125,0.0,0.354248046875,0.5517578125
1670,512,-1.007934331893921,4.264570713043213,-1.2629036903381348,0.0,0.08160400390625,-0.99658203125,0.0,0.354248046875,0.599609375
1671,513,0.9726107716560364,4.504885673522949,-1.24322509765625,0.70458984375,0.080322265625,-0.705078125,0.0,0.360107421875,0.5517578125
1672,514,1.2473748922348022,4.504885673522949,-0.9691969156265259,0.70458984375,0.080322265625,-0.705078125,0.0,0.360107421875,0.54248046875
1673,515,1.2670533657073975,4.264570713043213,-0.9765452146530151,0.70458984375,0.080322265625,-0.705078125,0.0,0.354248046875,0.54248046875
1674,513,0.9726107716560364,4.504885673522949,-1.24322509765625,0.70458984375,0.080322265625,-0.705078125,0.0,0.360107421875,0.5517578125
1675,515,1.2670533657073975,4.264570713043213,-0.9765452146530151,0.70458984375,0.080322265625,-0.705078125,0.0,0.354248046875,0.54248046875
1676,516,0.9806963801383972,4.264570713043213,-1.2629036903381348,0.70458984375,0.080322265625,-0.705078125,0.0,0.354248046875,0.5517578125
1677,517,-1.1278342008590698,1.023013949394226,-1.0964463949203491,-0.69970703125,0.143310546875,-0.69970703125,0.0,0.1488037109375,0.00730133056640625
1678,518,-1.2318081855773926,0.017317958176136017,-1.1985119581222534,-0.7001953125,0.143310546875,-0.69970703125,0.0,0.037261962890625,0.00730133056640625
1679,519,-1.2627224922180176,0.017044298350811005,-1.1315836906433105,-0.9951171875,0.0985107421875,-0.0167236328125,0.0,0.037261962890625,0.0162200927734375
1680,517,-1.1278342008590698,1.023013949394226,-1.0964463949203491,-0.69970703125,0.143310546875,-0.69970703125,0.0,0.1488037109375,0.00730133056640625
1681,519,-1.2627224922180176,0.017044298350811005,-1.1315836906433105,-0.9951171875,0.0985107421875,-0.0167236328125,0.0,0.037261962890625,0.0162200927734375
1682,520,-1.1650736331939697,1.0228346586227417,-1.0162500143051147,-0.9951171875,0.09814453125,-0.01349639892578125,0.0,0.1488037109375,0.0162200927734375
1683,520,-1.1650736331939697,1.0228346586227417,-1.0162500143051147,-0.9951171875,0.09814453125,-0.01349639892578125,0.0,0.1488037109375,0.0162200927734375
1684,519,-1.2627224922180176,0.017044298350811005,-1.1315836906433105,-0.9951171875,0.0985107421875,-0.0167236328125,0.0,0.037261962890625,0.0162200927734375
1685,521,-1.2626851797103882,0.01703931950032711,1.1673387289047241,-0.9951171875,0.0985107421875,0.016754150390625,0.0,0.037261962890625,0.255859375
1686,520,-1.1650736331939697,1.0228346586227417,-1.0162500143051147,-0.9951171875,0.09814453125,-0.01349639892578125,0.0,0.1488037109375,0.0162200927734375
1687,521,-1.2626851797103882,0.01703931950032711,1.1673387289047241,-0.9951171875,0.0985107421875,0.016754150390625,0.0,0.037261962890625,0.255859375
1688,522,-1.1650736331939697,1.0228290557861328,1.0517878532409668,-0.9951171875,0.09814453125,0.01352691650390625,0.0,0.1488037109375,0.255859375
1689,522,-1.1650736331939697,1.0228290557861328,1.0517878532409668,-0.9951171875,0.09814453125,0.01352691650390625,0.0,0.1488037109375,0.255859375
1690,521,-1.2626851797103882,0.01703931950032711,1.1673387289047241,-0.9951171875,0.0985107421875,0.016754150390625,0.0,0.037261962890625,0.255859375
1691,523,-1.2316787242889404,0.01731790415942669,1.2342197895050049,-0.69970703125,0.143310546875,0.7001953125,0.0,0.037261962890625,0.264892578125
1692,522,-1.1650736331939697,1.0228290557861328,1.0517878532409668,-0.9951171875,0.09814453125,0.01352691650390625,0.0,0.1488037109375,0.255859375
1693,523,-1.2316787242889404,0.01731790415942669,1.2342197895050049,-0.69970703125,0.143310546875,0.7001953125,0.0,0.037261962890625,0.264892578125
1694,524,-1.1278337240219116,1.023013949394226,1.1319843530654907,-0.69921875,0.143310546875,0.70068359375,0.0,0.1488037109375,0.264892578125
1695,524,-1.1278337240219116,1.023013949394226,1.1319843530654907,-0.69921875,0.143310546875,0.70068359375,0.0,0.1488037109375,0.264892578125
1696,523,-1.2316787242889404,0.01731790415942669,1.2342197895050049,-0.69970703125,0.143310546875,0.7001953125,0.0,0.037261962890625,0.264892578125
1697,525,-1.1645997762680054,0.017044298350811005,1.2651056051254272,-0.0167388916015625,0.0968017578125,0.9951171875,0.0,0.037261962890625,0.27392578125
1698,524,-1.1278337240219116,1.023013949394226,1.1319843530654907,-0.69921875,0.143310546875,0.70068359375,0.0,0.1488037109375,0.264892578125
1699,525,-1.1645997762680054,0.017044298350811005,1.2651056051254272,-0.0167388916015625,0.0968017578125,0.9951171875,0.0,0.037261962890625,0.27392578125
1700,526,-1.0476367473602295,1.0228346586227417,1.1692256927490234,-0.01345062255859375,0.096435546875,0.9951171875,0.0,0.1488037109375,0.27392578125
1701,526,-1.0476367473602295,1.0228346586227417,1.1692256927490234,-0.01345062255859375,0.096435546875,0.9951171875,0.0,0.1488037109375,0.27392578125
1702,525,-1.1645997762680054,0.017044298350811005,1.2651056051254272,-0.0167388916015625,0.0968017578125,0.9951171875,0.0,0.037261962890625,0.27392578125
1703,527,1.1375778913497925,0.01703937165439129,1.2650688886642456,0.01678466796875,0.0968017578125,0.9951171875,0.0,0.037261962890625,0.513671875
1704,526,-1.0476367473602295,1.0228346586227417,1.1692256927490234,-0.01345062255859375,0.096435546875,0.9951171875,0.0,0.1488037109375,0.27392578125
1705,527,1.1375778913497925,0.01703937165439129,1.2650688886642456,0.01678466796875,0.0968017578125,0.9951171875,0.0,0.037261962890625,0.513671875
1706,528,1.0203990936279297,1.0228290557861328,1.1692256927490234,0.01348114013671875,0.096435546875,0.9951171875,0.0,0.1488037109375,0.513671875
1707,528,1.0203990936279297,1.0228290557861328,1.1692256927490234,0.01348114013671875,0.096435546875,0.9951171875,0.0,0.1488037109375,0.513671875
1708,527,1.1375778913497925,0.01703937165439129,1.2650688886642456,0.01678466796875,0.0968017578125,0.9951171875,0.0,0.037261962890625,0.513671875
1709,529,1.2045543193817139,0.017317958176136017,1.2341063022613525,0.7001953125,0.143310546875,0.69970703125,0.0,0.037261962890625,0.52294921875
1710,528,1.0203990936279297,1.0228290557861328,1.1692256927490234,0.01348114013671875,0.096435546875,0.9951171875,0.0,0.1488037109375,0.513671875
1711,529,1.2045543193817139,0.017317958176136017,1.2341063022613525,0.7001953125,0.143310546875,0.69970703125,0.0,0.037261962890625,0.52294921875
1712,530,1.100596308708191,1.023013949394226,1.1319844722747803,0.69970703125,0.143310546875,0.69970703125,0.0,0.1488037109375,0.52294921875
1713,531,-1.0476375818252563,1.0228290557861328,-1.133686900138855,-0.01349639892578125,0.096435546875,-0.9951171875,0.0,0.48486328125,0.955078125
1714,532,-1.2318081855773926,0.017317958176136017,-1.1985119581222534,-0.7001953125,0.143310546875,-0.69970703125,0.0,0.48291015625,0.9306640625
1715,533,-1.1278342008590698,1.023013949394226,-1.0964463949203491,-0.69970703125,0.143310546875,-0.69970703125,0.0,0.48291015625,0.955078125
1716,531,-1.0476375818252563,1.0228290557861328,-1.133686900138855,-0.01349639892578125,0.096435546875,-0.9951171875,0.0,0.48486328125,0.955078125
1717,534,-1.164815902709961,0.01703931950032711,-1.2295299768447876,-0.0167999267578125,0.0968017578125,-0.9951171875,0.0,0.48486328125,0.9306640625
1718,532,-1.2318081855773926,0.017317958176136017,-1.1985119581222534,-0.7001953125,0.143310546875,-0.69970703125,0.0,0.48291015625,0.9306640625
1719,535,1.0203988552093506,1.0228346586227417,-1.133686900138855,0.01345062255859375,0.096435546875,-0.9951171875,0.0,0.537109375,0.955078125
1720,534,-1.164815902709961,0.01703931950032711,-1.2295299768447876,-0.0167999267578125,0.0968017578125,-0.9951171875,0.0,0.48486328125,0.9306640625
1721,531,-1.0476375818252563,1.0228290557861328,-1.133686900138855,-0.01349639892578125,0.096435546875,-0.9951171875,0.0,0.48486328125,0.955078125
1722,535,1.0203988552093506,1.0228346586227417,-1.133686900138855,0.01345062255859375,0.096435546875,-0.9951171875,0.0,0.537109375,0.955078125
1723,536,1.1373623609542847,0.017044244334101677,-1.2295664548873901,0.0167388916015625,0.0968017578125,-0.9951171875,0.0,0.537109375,0.9306640625
1724,534,-1.164815902709961,0.01703931950032711,-1.2295299768447876,-0.0167999267578125,0.0968017578125,-0.9951171875,0.0,0.48486328125,0.9306640625
1725,537,1.100596308708191,1.023013949394226,-1.0964466333389282,0.69921875,0.143310546875,-0.70068359375,0.0,0.5390625,0.955078125
1726,536,1.1373623609542847,0.017044244334101677,-1.2295664548873901,0.0167388916015625,0.0968017578125,-0.9951171875,0.0,0.537109375,0.9306640625
1727,535,1.0203988552093506,1.0228346586227417,-1.133686900138855,0.01345062255859375,0.096435546875,-0.9951171875,0.0,0.537109375,0.955078125
1728,537,1.100596308708191,1.023013949394226,-1.0964466333389282,0.69921875,0.143310546875,-0.70068359375,0.0,0.5390625,0.955078125
1729,538,1.2043853998184204,0.017317958176136017,-1.1986968517303467,0.69970703125,0.143310546875,-0.7001953125,0.0,0.5390625,0.9306640625
1730,536,1.1373623609542847,0.017044244334101677,-1.2295664548873901,0.0167388916015625,0.0968017578125,-0.9951171875,0.0,0.537109375,0.9306640625
1731,539,1.1378384828567505,1.0228289365768433,-1.0162500143051147,0.9951171875,0.09814453125,-0.01354217529296875,0.0,0.54150390625,0.955078125
1732,538,1.2043853998184204,0.017317958176136017,-1.1986968517303467,0.69970703125,0.143310546875,-0.7001953125,0.0,0.5390625,0.9306640625
1733,537,1.100596308708191,1.023013949394226,-1.0964466333389282,0.69921875,0.143310546875,-0.70068359375,0.0,0.5390625,0.955078125
1734,539,1.1378384828567505,1.0228289365768433,-1.0162500143051147,0.9951171875,0.09814453125,-0.01354217529296875,0.0,0.54150390625,0.955078125
1735,540,1.2354470491409302,0.01703931950032711,-1.1317996978759766,0.9951171875,0.0985107421875,-0.0167694091796875,0.0,0.54150390625,0.9306640625
1736,538,1.2043853998184204,0.017317958176136017,-1.1986968517303467,0.69970703125,0.143310546875,-0.7001953125,0.0,0.5390625,0.9306640625
1737,541,1.137837529182434,1.0228346586227417,1.0517878532409668,0.9951171875,0.09814453125,0.0135040283203125,0.0,0.59375,0.955078125
1738,540,1.2354470491409302,0.01703931950032711,-1.1317996978759766,0.9951171875,0.0985107421875,-0.0167694091796875,0.0,0.54150390625,0.9306640625
1739,539,1.1378384828567505,1.0228289365768433,-1.0162500143051147,0.9951171875,0.09814453125,-0.01354217529296875,0.0,0.54150390625,0.955078125
1740,541,1.137837529182434,1.0228346586227417,1.0517878532409668,0.9951171875,0.09814453125,0.0135040283203125,0.0,0.59375,0.955078125
1741,542,1.2354835271835327,0.017044298350811005,1.167123556137085,0.9951171875,0.0985107421875,0.0167236328125,0.0,0.59375,0.9306640625
1742,540,1.2354470491409302,0.01703931950032711,-1.1317996978759766,0.9951171875,0.0985107421875,-0.0167694091796875,0.0,0.54150390625,0.9306640625
1743,543,1.100596308708191,1.023013949394226,1.1319844722747803,0.69970703125,0.143310546875,0.69970703125,0.0,0.595703125,0.955078125
1744,542,1.2354835271835327,0.017044298350811005,1.167123556137085,0.9951171875,0.0985107421875,0.0167236328125,0.0,0.59375,0.9306640625
1745,541,1.137837529182434,1.0228346586227417,1.0517878532409668,0.9951171875,0.09814453125,0.0135040283203125,0.0,0.59375,0.955078125
1746,543,1.100596308708191,1.023013949394226,1.1319844722747803,0.69970703125,0.143310546875,0.69970703125,0.0,0.595703125,0.955078125
1747,544,1.2045543193817139,0.017317958176136017,1.2341063022613525,0.7001953125,0.143310546875,0.69970703125,0.0,0.595703125,0.9306640625
1748,542,1.2354835271835327,0.017044298350811005,1.167123556137085,0.9951171875,0.0985107421875,0.0167236328125,0.0,0.59375,0.9306640625
1749,545,0.7746134996414185,1.317100167274475,0.742192268371582,0.99951171875,0.024566650390625,0.0,0.0,0.8671875,0.9912109375
1750,546,0.7746134996414185,1.317100167274475,-0.7066525220870972,0.99951171875,0.024566650390625,0.0,0.0,0.8671875,0.96484375
1751,547,0.70228111743927,4.259710788726807,-0.6247719526290894,0.99951171875,0.024566650390625,0.0,0.0,0.7958984375,0.96484375
1752,545,0.7746134996414185,1.317100167274475,0.742192268371582,0.99951171875,0.024566650390625,0.0,0.0,0.8671875,0.9912109375
1753,547,0.70228111743927,4.259710788726807,-0.6247719526290894,0.99951171875,0.024566650390625,0.0,0.0,0.7958984375,0.96484375
1754,548,0.70228111743927,4.259710788726807,0.6603096127510071,0.99951171875,0.024566650390625,0.0,0.0,0.7958984375,0.9912109375
1755,549,0.9112759232521057,1.317100167274475,0.7495617270469666,0.0,1.0,0.0,0.0,0.8701171875,0.9912109375
1756,550,0.9112759232521057,1.317100167274475,-0.7140220403671265,0.0,1.0,0.0,0.0,0.8701171875,0.96484375
1757,551,0.7746134996414185,1.317100167274475,-0.7066525220870972,0.0,1.0,0.0,0.0,0.8671875,0.96484375
1758,549,0.9112759232521057,1.317100167274475,0.7495617270469666,0.0,1.0,0.0,0.0,0.8701171875,0.9912109375
1759,551,0.7746134996414185,1.317100167274475,-0.7066525220870972,0.0,1.0,0.0,0.0,0.8671875,0.96484375
1760,552,0.7746134996414185,1.317100167274475,0.742192268371582,0.0,1.0,0.0,0.0,0.8671875,0.9912109375
1761,553,0.9112759232521057,1.317100167274475,-0.7140220403671265,1.0,0.0206298828125,0.0,0.0,0.8701171875,0.96484375
1762,554,0.9112759232521057,1.317100167274475,0.7495617270469666,1.0,0.0206298828125,0.0,0.0,0.8701171875,0.9912109375
1763,555,0.9184234142303467,0.9707977175712585,0.7495617270469666,1.0,0.0206298828125,0.0,0.0,0.87890625,0.9912109375
1764,553,0.9112759232521057,1.317100167274475,-0.7140220403671265,1.0,0.0206298828125,0.0,0.0,0.8701171875,0.96484375
1765,555,0.9184234142303467,0.9707977175712585,0.7495617270469666,1.0,0.0206298828125,0.0,0.0,0.87890625,0.9912109375
1766,556,0.9184234142303467,0.9707977175712585,-0.7140220403671265,1.0,0.0206298828125,0.0,0.0,0.87890625,0.96484375
1767,557,0.6877225637435913,1.317100167274475,-0.7704624533653259,0.0,0.024566650390625,-0.99951171875,0.0,0.91748046875,0.95849609375
1768,558,-0.7149617075920105,1.317100167274475,-0.7704624533653259,0.0,0.024566650390625,-0.99951171875,0.0,0.91748046875,0.9912109375
1769,559,-0.6426400542259216,4.259710788726807,-0.6981309056282043,0.0,0.024566650390625,-0.99951171875,0.0,0.98828125,0.9912109375
1770,557,0.6877225637435913,1.317100167274475,-0.7704624533653259,0.0,0.024566650390625,-0.99951171875,0.0,0.91748046875,0.95849609375
1771,559,-0.6426400542259216,4.259710788726807,-0.6981309056282043,0.0,0.024566650390625,-0.99951171875,0.0,0.98828125,0.9912109375
1772,560,0.6154008507728577,4.259710788726807,-0.6981309056282043,0.0,0.024566650390625,-0.99951171875,0.0,0.98828125,0.95849609375
1773,561,0.7149989008903503,1.317100167274475,-0.8901550769805908,0.0,1.0,0.0,0.0,0.91455078125,0.95849609375
1774,562,-0.7422379851341248,1.317100167274475,-0.8901550769805908,0.0,1.0,0.0,0.0,0.91455078125,0.9912109375
1775,563,-0.7149617075920105,1.317100167274475,-0.7704624533653259,0.0,1.0,0.0,0.0,0.91748046875,0.9912109375
1776,561,0.7149989008903503,1.317100167274475,-0.8901550769805908,0.0,1.0,0.0,0.0,0.91455078125,0.95849609375
1777,563,-0.7149617075920105,1.317100167274475,-0.7704624533653259,0.0,1.0,0.0,0.0,0.91748046875,0.9912109375
1778,564,0.6877225637435913,1.317100167274475,-0.7704624533653259,0.0,1.0,0.0,0.0,0.91748046875,0.95849609375
1779,565,-0.7422379851341248,1.317100167274475,-0.8901550769805908,0.0,0.0206298828125,-1.0,0.0,0.91455078125,0.9912109375
1780,566,0.7149989008903503,1.317100167274475,-0.8901550769805908,0.0,0.0206298828125,-1.0,0.0,0.91455078125,0.95849609375
1781,567,0.7149989008903503,0.9707974195480347,-0.8973023891448975,0.0,0.0206298828125,-1.0,0.0,0.90625,0.95849609375
1782,565,-0.7422379851341248,1.317100167274475,-0.8901550769805908,0.0,0.0206298828125,-1.0,0.0,0.91455078125,0.9912109375
1783,567,0.7149989008903503,0.9707974195480347,-0.8973023891448975,0.0,0.0206298828125,-1.0,0.0,0.90625,0.95849609375
1784,568,-0.7422379851341248,0.9707974195480347,-0.8973023891448975,0.0,0.0206298828125,-1.0,0.0,0.90625,0.9912109375
1785,569,0.08230945467948914,0.27291542291641235,1.6503493785858154,1.0,0.0002720355987548828,0.0193634033203125,0.0,0.0999755859375,0.98291015625
1786,570,0.016492212191224098,0.013603372499346733,1.944983959197998,0.9755859375,0.0007920265197753906,0.2186279296875,0.0,0.0904541015625,0.9912109375
1787,571,0.08255474269390106,0.013600120320916176,1.6501941680908203,0.99560546875,0.0008859634399414062,0.093017578125,0.0,0.0999755859375,0.9912109375
1788,572,0.08255474269390106,0.013595636934041977,1.2383698225021362,1.0,0.00021266937255859375,0.0006270408630371094,0.0,0.11322021484375,0.9912109375
1789,569,0.08230945467948914,0.27291542291641235,1.6503493785858154,1.0,0.0002720355987548828,0.0193634033203125,0.0,0.0999755859375,0.98291015625
1790,571,0.08255474269390106,0.013600120320916176,1.6501941680908203,0.99560546875,0.0008859634399414062,0.093017578125,0.0,0.0999755859375,0.9912109375
1791,573,0.08255474269390106,0.843598484992981,1.2383698225021362,1.0,0.0004551410675048828,0.0013637542724609375,0.0,0.11322021484375,0.96435546875
1792,569,0.08230945467948914,0.27291542291641235,1.6503493785858154,1.0,0.0002720355987548828,0.0193634033203125,0.0,0.0999755859375,0.98291015625
1793,572,0.08255474269390106,0.013595636934041977,1.2383698225021362,1.0,0.00021266937255859375,0.0006270408630371094,0.0,0.11322021484375,0.9912109375
1794,573,0.08255474269390106,0.843598484992981,1.2383698225021362,1.0,0.0004551410675048828,0.0013637542724609375,0.0,0.11322021484375,0.96435546875
1795,574,0.08230945467948914,0.5454503297805786,1.5058574676513672,1.0,0.00019156932830810547,0.0008974075317382812,0.0,0.1046142578125,0.97412109375
1796,569,0.08230945467948914,0.27291542291641235,1.6503493785858154,1.0,0.0002720355987548828,0.0193634033203125,0.0,0.0999755859375,0.98291015625
1797,575,0.08255474269390106,0.8436277508735657,1.3028850555419922,0.9990234375,0.03924560546875,0.01708984375,0.0,0.11114501953125,0.96435546875
1798,574,0.08230945467948914,0.5454503297805786,1.5058574676513672,1.0,0.00019156932830810547,0.0008974075317382812,0.0,0.1046142578125,0.97412109375
1799,573,0.08255474269390106,0.843598484992981,1.2383698225021362,1.0,0.0004551410675048828,0.0013637542724609375,0.0,0.11322021484375,0.96435546875
1800,575,0.08255474269390106,0.8436277508735657,1.3028850555419922,0.9990234375,0.03924560546875,0.01708984375,0.0,0.11114501953125,0.96435546875
1801,576,0.08149448037147522,0.7717786431312561,1.5149298906326294,0.99072265625,0.128662109375,0.04766845703125,0.0,0.10430908203125,0.966796875
1802,574,0.08230945467948914,0.5454503297805786,1.5058574676513672,1.0,0.00019156932830810547,0.0008974075317382812,0.0,0.1046142578125,0.97412109375
1803,575,0.08255474269390106,0.8436277508735657,1.3028850555419922,0.9990234375,0.03924560546875,0.01708984375,0.0,0.11114501953125,0.96435546875
1804,577,0.016808483749628067,0.9096829295158386,1.6000983715057373,0.92578125,0.356689453125,0.12548828125,0.0,0.1015625,0.96240234375
1805,576,0.08149448037147522,0.7717786431312561,1.5149298906326294,0.99072265625,0.128662109375,0.04766845703125,0.0,0.10430908203125,0.966796875
1806,578,0.016492212191224098,0.013603372499346733,1.944983959197998,-0.0002048015594482422,0.75048828125,0.66064453125,0.0,0.276123046875,0.400146484375
1807,579,-0.09920954704284668,0.27298784255981445,1.6501944065093994,-0.0002911090850830078,0.59619140625,0.802734375,0.0,0.289794921875,0.43115234375
1808,580,-0.032710179686546326,0.013604952022433281,1.9449831247329712,-0.0002048015594482422,0.75048828125,0.66064453125,0.0,0.281982421875,0.400146484375
1809,578,0.016492212191224098,0.013603372499346733,1.944983959197998,-0.0002048015594482422,0.75048828125,0.66064453125,0.0,0.276123046875,0.400146484375
1810,581,0.08230945467948914,0.27291542291641235,1.6503493785858154,-0.0002911090850830078,0.59619140625,0.802734375,0.0,0.26806640625,0.43115234375
1811,579,-0.09920954704284668,0.27298784255981445,1.6501944065093994,-0.0002911090850830078,0.59619140625,0.802734375,0.0,0.289794921875,0.43115234375
1812,581,0.08230945467948914,0.27291542291641235,1.6503493785858154,-0.0002911090850830078,0.59619140625,0.802734375,0.0,0.26806640625,0.43115234375
1813,582,-0.09920954704284668,0.5453795790672302,1.5058693885803223,-0.00022041797637939453,0.26220703125,0.96484375,0.0,0.289794921875,0.4638671875
1814,579,-0.09920954704284668,0.27298784255981445,1.6501944065093994,-0.0002911090850830078,0.59619140625,0.802734375,0.0,0.289794921875,0.43115234375
1815,581,0.08230945467948914,0.27291542291641235,1.6503493785858154,-0.0002911090850830078,0.59619140625,0.802734375,0.0,0.26806640625,0.43115234375
1816,583,0.08230945467948914,0.5454503297805786,1.5058574676513672,-0.0002205371856689453,0.262451171875,0.96484375,0.0,0.26806640625,0.4638671875
1817,582,-0.09920954704284668,0.5453795790672302,1.5058693885803223,-0.00022041797637939453,0.26220703125,0.96484375,0.0,0.289794921875,0.4638671875
1818,584,0.08149448037147522,0.7717786431312561,1.5149298906326294,-0.0004849433898925781,-0.16845703125,0.98583984375,0.0,0.268310546875,0.490966796875
1819,582,-0.09920954704284668,0.5453795790672302,1.5058693885803223,-0.00022041797637939453,0.26220703125,0.96484375,0.0,0.289794921875,0.4638671875
1820,583,0.08230945467948914,0.5454503297805786,1.5058574676513672,-0.0002205371856689453,0.262451171875,0.96484375,0.0,0.26806640625,0.4638671875
1821,584,0.08149448037147522,0.7717786431312561,1.5149298906326294,-0.0004849433898925781,-0.16845703125,0.98583984375,0.0,0.268310546875,0.490966796875
1822,585,-0.09920954704284668,0.7717797756195068,1.51490318775177,-0.00048422813415527344,-0.168212890625,0.98583984375,0.0,0.289794921875,0.490966796875
1823,582,-0.09920954704284668,0.5453795790672302,1.5058693885803223,-0.00022041797637939453,0.26220703125,0.96484375,0.0,0.289794921875,0.4638671875
1824,584,0.08149448037147522,0.7717786431312561,1.5149298906326294,-0.0004849433898925781,-0.16845703125,0.98583984375,0.0,0.268310546875,0.490966796875
1825,586,-0.0337655246257782,0.9094616770744324,1.5995137691497803,-0.001750946044921875,-0.5244140625,0.8515625,0.0,0.281982421875,0.50732421875
1826,585,-0.09920954704284668,0.7717797756195068,1.51490318775177,-0.00048422813415527344,-0.168212890625,0.98583984375,0.0,0.289794921875,0.490966796875
1827,584,0.08149448037147522,0.7717786431312561,1.5149298906326294,-0.0004849433898925781,-0.16845703125,0.98583984375,0.0,0.268310546875,0.490966796875
1828,587,0.016808483749628067,0.9096829295158386,1.6000983715057373,-0.001750946044921875,-0.5244140625,0.8515625,0.0,0.276123046875,0.50732421875
1829,586,-0.0337655246257782,0.9094616770744324,1.5995137691497803,-0.001750946044921875,-0.5244140625,0.8515625,0.0,0.281982421875,0.50732421875
1830,588,0.08255474269390106,0.8436277508735657,1.3028850555419922,-0.00047659873962402344,0.98779296875,-0.1572265625,0.0,0.65625,0.68994140625
1831,589,0.08255474269390106,0.843598484992981,1.2383698225021362,-0.00012540817260742188,1.0,-3.30805778503418e-05,0.0,0.64892578125,0.68994140625
1832,590,-0.09920954704284668,0.8436028361320496,1.2375903129577637,-0.00012540817260742188,1.0,-3.30805778503418e-05,0.0,0.64892578125,0.7099609375
1833,588,0.08255474269390106,0.8436277508735657,1.3028850555419922,-0.00047659873962402344,0.98779296875,-0.1572265625,0.0,0.65625,0.68994140625
1834,590,-0.09920954704284668,0.8436028361320496,1.2375903129577637,-0.00012540817260742188,1.0,-3.30805778503418e-05,0.0,0.64892578125,0.7099609375
1835,591,-0.09920954704284668,0.8435778021812439,1.3029013872146606,-0.00047659873962402344,0.98779296875,-0.1572265625,0.0,0.65625,0.7099609375
1836,592,0.016808483749628067,0.9096829295158386,1.6000983715057373,-0.0006089210510253906,0.97607421875,-0.2169189453125,0.0,0.68896484375,0.697265625
1837,588,0.08255474269390106,0.8436277508735657,1.3028850555419922,-0.00047659873962402344,0.98779296875,-0.1572265625,0.0,0.65625,0.68994140625
1838,591,-0.09920954704284668,0.8435778021812439,1.3029013872146606,-0.00047659873962402344,0.98779296875,-0.1572265625,0.0,0.65625,0.7099609375
1839,592,0.016808483749628067,0.9096829295158386,1.6000983715057373,-0.0006089210510253906,0.97607421875,-0.2169189453125,0.0,0.68896484375,0.697265625
1840,591,-0.09920954704284668,0.8435778021812439,1.3029013872146606,-0.00047659873962402344,0.98779296875,-0.1572265625,0.0,0.65625,0.7099609375
1841,593,-0.0337655246257782,0.9094616770744324,1.5995137691497803,-0.0006089210510253906,0.97607421875,-0.2169189453125,0.0,0.68896484375,0.70263671875
1842,594,-0.0337655246257782,0.9094616770744324,1.5995137691497803,-0.92333984375,0.36328125,0.123046875,0.0,0.0894775390625,0.626953125
1843,595,-0.09920954704284668,0.8435778021812439,1.3029013872146606,-0.9990234375,0.037933349609375,0.012847900390625,0.0,0.12078857421875,0.61962890625
1844,596,-0.09920954704284668,0.7717797756195068,1.51490318775177,-0.99072265625,0.129150390625,0.04376220703125,0.0,0.098388671875,0.6123046875
1845,597,-0.09920954704284668,0.8436028361320496,1.2375903129577637,-1.0,0.0,0.0,0.0,0.127685546875,0.61962890625
1846,596,-0.09920954704284668,0.7717797756195068,1.51490318775177,-0.99072265625,0.129150390625,0.04376220703125,0.0,0.098388671875,0.6123046875
1847,595,-0.09920954704284668,0.8435778021812439,1.3029013872146606,-0.9990234375,0.037933349609375,0.012847900390625,0.0,0.12078857421875,0.61962890625
1848,597,-0.09920954704284668,0.8436028361320496,1.2375903129577637,-1.0,0.0,0.0,0.0,0.127685546875,0.61962890625
1849,598,-0.09920954704284668,0.5453795790672302,1.5058693885803223,-1.0,0.0,0.0,0.0,0.099365234375,0.58837890625
1850,596,-0.09920954704284668,0.7717797756195068,1.51490318775177,-0.99072265625,0.129150390625,0.04376220703125,0.0,0.098388671875,0.6123046875
1851,597,-0.09920954704284668,0.8436028361320496,1.2375903129577637,-1.0,0.0,0.0,0.0,0.127685546875,0.61962890625
1852,599,-0.09920954704284668,0.27298784255981445,1.6501944065093994,-1.0,0.0,0.018890380859375,0.0,0.0841064453125,0.5595703125
1853,598,-0.09920954704284668,0.5453795790672302,1.5058693885803223,-1.0,0.0,0.0,0.0,0.099365234375,0.58837890625
1854,597,-0.09920954704284668,0.8436028361320496,1.2375903129577637,-1.0,0.0,0.0,0.0,0.127685546875,0.61962890625
1855,600,-0.09920954704284668,0.013599691912531853,1.2375903129577637,-1.0,0.0,0.0,0.0,0.127685546875,0.5322265625
1856,599,-0.09920954704284668,0.27298784255981445,1.6501944065093994,-1.0,0.0,0.018890380859375,0.0,0.0841064453125,0.5595703125
1857,600,-0.09920954704284668,0.013599691912531853,1.2375903129577637,-1.0,0.0,0.0,0.0,0.127685546875,0.5322265625
1858,601,-0.09920954704284668,0.013602311722934246,1.6501941680908203,-0.99560546875,0.0,0.09356689453125,0.0,0.0841064453125,0.5322265625
1859,599,-0.09920954704284668,0.27298784255981445,1.6501944065093994,-1.0,0.0,0.018890380859375,0.0,0.0841064453125,0.5595703125
1860,601,-0.09920954704284668,0.013602311722934246,1.6501941680908203,-0.99560546875,0.0,0.09356689453125,0.0,0.0841064453125,0.5322265625
1861,602,-0.032710179686546326,0.013604952022433281,1.9449831247329712,-0.9755859375,-1.7881393432617188e-07,0.2200927734375,0.0,0.053009033203125,0.5322265625
1862,599,-0.09920954704284668,0.27298784255981445,1.6501944065093994,-1.0,0.0,0.018890380859375,0.0,0.0841064453125,0.5595703125
1863,603,-0.8912481665611267,0.27291542291641235,1.6503493785858154,1.0,0.00028324127197265625,0.01934814453125,0.0,0.045867919921875,0.98291015625
1864,604,-0.9570654034614563,0.013603372499346733,1.944983959197998,0.9755859375,0.00092315673828125,0.21875,0.0,0.036376953125,0.99169921875
1865,605,-0.8910029530525208,0.013600049540400505,1.6503493785858154,0.99560546875,0.0009417533874511719,0.09307861328125,0.0,0.045867919921875,0.99169921875
1866,606,-0.8910029530525208,0.013595636934041977,1.2383698225021362,1.0,0.00021255016326904297,0.0006270408630371094,0.0,0.059112548828125,0.99169921875
1867,603,-0.8912481665611267,0.27291542291641235,1.6503493785858154,1.0,0.00028324127197265625,0.01934814453125,0.0,0.045867919921875,0.98291015625
1868,605,-0.8910029530525208,0.013600049540400505,1.6503493785858154,0.99560546875,0.0009417533874511719,0.09307861328125,0.0,0.045867919921875,0.99169921875
1869,607,-0.8910029530525208,0.843598484992981,1.2383698225021362,1.0,0.0004551410675048828,0.0013637542724609375,0.0,0.059112548828125,0.96484375
1870,603,-0.8912481665611267,0.27291542291641235,1.6503493785858154,1.0,0.00028324127197265625,0.01934814453125,0.0,0.045867919921875,0.98291015625
1871,606,-0.8910029530525208,0.013595636934041977,1.2383698225021362,1.0,0.00021255016326904297,0.0006270408630371094,0.0,0.059112548828125,0.99169921875
1872,607,-0.8910029530525208,0.843598484992981,1.2383698225021362,1.0,0.0004551410675048828,0.0013637542724609375,0.0,0.059112548828125,0.96484375
1873,608,-0.8912481665611267,0.5454503297805786,1.5058574676513672,1.0,0.0001914501190185547,0.0008974075317382812,0.0,0.050506591796875,0.97412109375
1874,603,-0.8912481665611267,0.27291542291641235,1.6503493785858154,1.0,0.00028324127197265625,0.01934814453125,0.0,0.045867919921875,0.98291015625
1875,609,-0.8910029530525208,0.8436277508735657,1.3028850555419922,0.9990234375,0.03924560546875,0.01708984375,0.0,0.057037353515625,0.96484375
1876,608,-0.8912481665611267,0.5454503297805786,1.5058574676513672,1.0,0.0001914501190185547,0.0008974075317382812,0.0,0.050506591796875,0.97412109375
1877,607,-0.8910029530525208,0.843598484992981,1.2383698225021362,1.0,0.0004551410675048828,0.0013637542724609375,0.0,0.059112548828125,0.96484375
1878,609,-0.8910029530525208,0.8436277508735657,1.3028850555419922,0.9990234375,0.03924560546875,0.01708984375,0.0,0.057037353515625,0.96484375
1879,610,-0.8920631408691406,0.7717786431312561,1.5149298906326294,0.99072265625,0.128662109375,0.04766845703125,0.0,0.05023193359375,0.96728515625
1880,608,-0.8912481665611267,0.5454503297805786,1.5058574676513672,1.0,0.0001914501190185547,0.0008974075317382812,0.0,0.050506591796875,0.97412109375
1881,609,-0.8910029530525208,0.8436277508735657,1.3028850555419922,0.9990234375,0.03924560546875,0.01708984375,0.0,0.057037353515625,0.96484375
1882,611,-0.9567491412162781,0.9096829295158386,1.6000983715057373,0.92578125,0.356689453125,0.12548828125,0.0,0.0474853515625,0.96240234375
1883,610,-0.8920631408691406,0.7717786431312561,1.5149298906326294,0.99072265625,0.128662109375,0.04766845703125,0.0,0.05023193359375,0.96728515625
1884,612,-0.9570654034614563,0.013603372499346733,1.944983959197998,-0.0002048015594482422,0.75048828125,0.66064453125,0.0,0.291015625,0.5126953125
1885,613,-1.0727671384811401,0.27298784255981445,1.6501944065093994,-0.0002911090850830078,0.59619140625,0.802734375,0.0,0.3046875,0.54345703125
1886,614,-1.006267786026001,0.013604952022433281,1.9449831247329712,-0.0002048015594482422,0.75048828125,0.66064453125,0.0,0.296875,0.5126953125
1887,612,-0.9570654034614563,0.013603372499346733,1.944983959197998,-0.0002048015594482422,0.75048828125,0.66064453125,0.0,0.291015625,0.5126953125
1888,615,-0.8912481665611267,0.27291542291641235,1.6503493785858154,-0.0002911090850830078,0.59619140625,0.802734375,0.0,0.282958984375,0.54345703125
1889,613,-1.0727671384811401,0.27298784255981445,1.6501944065093994,-0.0002911090850830078,0.59619140625,0.802734375,0.0,0.3046875,0.54345703125
1890,615,-0.8912481665611267,0.27291542291641235,1.6503493785858154,-0.0002911090850830078,0.59619140625,0.802734375,0.0,0.282958984375,0.54345703125
1891,616,-1.0727671384811401,0.5453795790672302,1.5058693885803223,-0.00022041797637939453,0.26220703125,0.96484375,0.0,0.3046875,0.576171875
1892,613,-1.0727671384811401,0.27298784255981445,1.6501944065093994,-0.0002911090850830078,0.59619140625,0.802734375,0.0,0.3046875,0.54345703125
1893,615,-0.8912481665611267,0.27291542291641235,1.6503493785858154,-0.0002911090850830078,0.59619140625,0.802734375,0.0,0.282958984375,0.54345703125
1894,617,-0.8912481665611267,0.5454503297805786,1.5058574676513672,-0.0002205371856689453,0.262451171875,0.96484375,0.0,0.282958984375,0.576171875
1895,616,-1.0727671384811401,0.5453795790672302,1.5058693885803223,-0.00022041797637939453,0.26220703125,0.96484375,0.0,0.3046875,0.576171875
1896,618,-0.8920631408691406,0.7717786431312561,1.5149298906326294,-0.0004849433898925781,-0.16845703125,0.98583984375,0.0,0.283203125,0.603515625
1897,616,-1.0727671384811401,0.5453795790672302,1.5058693885803223,-0.00022041797637939453,0.26220703125,0.96484375,0.0,0.3046875,0.576171875
1898,617,-0.8912481665611267,0.5454503297805786,1.5058574676513672,-0.0002205371856689453,0.262451171875,0.96484375,0.0,0.282958984375,0.576171875
1899,618,-0.8920631408691406,0.7717786431312561,1.5149298906326294,-0.0004849433898925781,-0.16845703125,0.98583984375,0.0,0.283203125,0.603515625
1900,619,-1.0727671384811401,0.7717797756195068,1.51490318775177,-0.00048422813415527344,-0.168212890625,0.98583984375,0.0,0.3046875,0.603515625
1901,616,-1.0727671384811401,0.5453795790672302,1.5058693885803223,-0.00022041797637939453,0.26220703125,0.96484375,0.0,0.3046875,0.576171875
1902,618,-0.8920631408691406,0.7717786431312561,1.5149298906326294,-0.0004849433898925781,-0.16845703125,0.98583984375,0.0,0.283203125,0.603515625
1903,620,-1.007323145866394,0.9094616770744324,1.5995137691497803,-0.001750946044921875,-0.5244140625,0.8515625,0.0,0.296875,0.61962890625
1904,619,-1.0727671384811401,0.7717797756195068,1.51490318775177,-0.00048422813415527344,-0.168212890625,0.98583984375,0.0,0.3046875,0.603515625
1905,618,-0.8920631408691406,0.7717786431312561,1.5149298906326294,-0.0004849433898925781,-0.16845703125,0.98583984375,0.0,0.283203125,0.603515625
1906,621,-0.9567491412162781,0.9096829295158386,1.6000983715057373,-0.001750946044921875,-0.5244140625,0.8515625,0.0,0.291015625,0.61962890625
1907,620,-1.007323145866394,0.9094616770744324,1.5995137691497803,-0.001750946044921875,-0.5244140625,0.8515625,0.0,0.296875,0.61962890625
1908,622,-0.8910029530525208,0.8436277508735657,1.3028850555419922,-0.00047659873962402344,0.98779296875,-0.1572265625,0.0,0.254638671875,0.546875
1909,623,-0.8910029530525208,0.843598484992981,1.2383698225021362,-0.00012540817260742188,1.0,-3.2067298889160156e-05,0.0,0.254638671875,0.55419921875
1910,624,-1.0727671384811401,0.8436028361320496,1.2375903129577637,-0.00012540817260742188,1.0,-3.2067298889160156e-05,0.0,0.27490234375,0.55419921875
1911,622,-0.8910029530525208,0.8436277508735657,1.3028850555419922,-0.00047659873962402344,0.98779296875,-0.1572265625,0.0,0.254638671875,0.546875
1912,624,-1.0727671384811401,0.8436028361320496,1.2375903129577637,-0.00012540817260742188,1.0,-3.2067298889160156e-05,0.0,0.27490234375,0.55419921875
1913,625,-1.0727671384811401,0.8435778021812439,1.3029013872146606,-0.00047659873962402344,0.98779296875,-0.1572265625,0.0,0.27490234375,0.546875
1914,626,-0.9567491412162781,0.9096829295158386,1.6000983715057373,-0.0006089210510253906,0.97607421875,-0.2169189453125,0.0,0.261962890625,0.513671875
1915,622,-0.8910029530525208,0.8436277508735657,1.3028850555419922,-0.00047659873962402344,0.98779296875,-0.1572265625,0.0,0.254638671875,0.546875
1916,625,-1.0727671384811401,0.8435778021812439,1.3029013872146606,-0.00047659873962402344,0.98779296875,-0.1572265625,0.0,0.27490234375,0.546875
1917,626,-0.9567491412162781,0.9096829295158386,1.6000983715057373,-0.0006089210510253906,0.97607421875,-0.2169189453125,0.0,0.261962890625,0.513671875
1918,625,-1.0727671384811401,0.8435778021812439,1.3029013872146606,-0.00047659873962402344,0.98779296875,-0.1572265625,0.0,0.27490234375,0.546875
1919,627,-1.007323145866394,0.9094616770744324,1.5995137691497803,-0.0006089210510253906,0.97607421875,-0.2169189453125,0.0,0.267578125,0.513671875
1920,628,-1.007323145866394,0.9094616770744324,1.5995137691497803,-0.92333984375,0.36328125,0.123046875,0.0,0.106689453125,0.955078125
1921,629,-1.0727671384811401,0.8435778021812439,1.3029013872146606,-0.9990234375,0.037933349609375,0.012847900390625,0.0,0.09942626953125,0.92236328125
1922,630,-1.0727671384811401,0.7717797756195068,1.51490318775177,-0.99072265625,0.129150390625,0.04376220703125,0.0,0.09149169921875,0.94580078125
1923,631,-1.0727671384811401,0.8436028361320496,1.2375903129577637,-1.0,0.0,0.0,0.0,0.09942626953125,0.9150390625
1924,630,-1.0727671384811401,0.7717797756195068,1.51490318775177,-0.99072265625,0.129150390625,0.04376220703125,0.0,0.09149169921875,0.94580078125
1925,629,-1.0727671384811401,0.8435778021812439,1.3029013872146606,-0.9990234375,0.037933349609375,0.012847900390625,0.0,0.09942626953125,0.92236328125
1926,631,-1.0727671384811401,0.8436028361320496,1.2375903129577637,-1.0,0.0,0.0,0.0,0.09942626953125,0.9150390625
1927,632,-1.0727671384811401,0.5453795790672302,1.5058693885803223,-1.0,-2.384185791015625e-07,0.0,0.0,0.06646728515625,0.94482421875
1928,630,-1.0727671384811401,0.7717797756195068,1.51490318775177,-0.99072265625,0.129150390625,0.04376220703125,0.0,0.09149169921875,0.94580078125
1929,631,-1.0727671384811401,0.8436028361320496,1.2375903129577637,-1.0,0.0,0.0,0.0,0.09942626953125,0.9150390625
1930,633,-1.0727671384811401,0.27298784255981445,1.6501944065093994,-1.0,1.1205673217773438e-05,0.0188751220703125,0.0,0.036407470703125,0.96044921875
1931,632,-1.0727671384811401,0.5453795790672302,1.5058693885803223,-1.0,-2.384185791015625e-07,0.0,0.0,0.06646728515625,0.94482421875
1932,631,-1.0727671384811401,0.8436028361320496,1.2375903129577637,-1.0,0.0,0.0,0.0,0.09942626953125,0.9150390625
1933,634,-1.0727671384811401,0.013599691912531853,1.2375903129577637,-1.0,-1.1920928955078125e-07,0.0,0.0,0.0077362060546875,0.9150390625
1934,633,-1.0727671384811401,0.27298784255981445,1.6501944065093994,-1.0,1.1205673217773438e-05,0.0188751220703125,0.0,0.036407470703125,0.96044921875
1935,634,-1.0727671384811401,0.013599691912531853,1.2375903129577637,-1.0,-1.1920928955078125e-07,0.0,0.0,0.0077362060546875,0.9150390625
1936,635,-1.0727671384811401,0.013602625578641891,1.6503493785858154,-0.99560546875,5.644559860229492e-05,0.0936279296875,0.0,0.0077362060546875,0.96044921875
1937,633,-1.0727671384811401,0.27298784255981445,1.6501944065093994,-1.0,1.1205673217773438e-05,0.0188751220703125,0.0,0.036407470703125,0.96044921875
1938,635,-1.0727671384811401,0.013602625578641891,1.6503493785858154,-0.99560546875,5.644559860229492e-05,0.0936279296875,0.0,0.0077362060546875,0.96044921875
1939,636,-1.006267786026001,0.013604952022433281,1.9449831247329712,-0.9755859375,0.00013148784637451172,0.22021484375,0.0,0.007740020751953125,0.9931640625
1940,633,-1.0727671384811401,0.27298784255981445,1.6501944065093994,-1.0,1.1205673217773438e-05,0.0188751220703125,0.0,0.036407470703125,0.96044921875
1941,637,-1.329662561416626,0.013645143248140812,0.04561441019177437,-0.912109375,0.1077880859375,-0.395751953125,0.0,0.250244140625,0.814453125
1942,638,-1.1776087284088135,1.5061931610107422,0.10059081017971039,-0.912109375,0.1077880859375,-0.395751953125,0.0,0.250244140625,0.98095703125
1943,639,-1.124663233757019,1.4921817779541016,-0.024081191048026085,-0.912109375,0.1077880859375,-0.395751953125,0.0,0.263916015625,0.97900390625
1944,637,-1.329662561416626,0.013645143248140812,0.04561441019177437,-0.912109375,0.1077880859375,-0.395751953125,0.0,0.250244140625,0.814453125
1945,639,-1.124663233757019,1.4921817779541016,-0.024081191048026085,-0.912109375,0.1077880859375,-0.395751953125,0.0,0.263916015625,0.97900390625
1946,640,-1.2752405405044556,0.03586701303720474,-0.07482542097568512,-0.912109375,0.1077880859375,-0.395751953125,0.0,0.263916015625,0.81640625
1947,641,-1.2725932598114014,0.029637936502695084,0.16715940833091736,-0.90673828125,0.0770263671875,0.414794921875,0.0,0.2366943359375,0.81689453125
1948,642,-1.1224812269210815,1.5013152360916138,0.22215431928634644,-0.90673828125,0.0770263671875,0.414794921875,0.0,0.2366943359375,0.98095703125
1949,643,-1.1776087284088135,1.5061931610107422,0.10059081017971039,-0.90673828125,0.0770263671875,0.414794921875,0.0,0.250244140625,0.98095703125
1950,641,-1.2725932598114014,0.029637936502695084,0.16715940833091736,-0.90673828125,0.0770263671875,0.414794921875,0.0,0.2366943359375,0.81689453125
1951,643,-1.1776087284088135,1.5061931610107422,0.10059081017971039,-0.90673828125,0.0770263671875,0.414794921875,0.0,0.250244140625,0.98095703125
1952,644,-1.329662561416626,0.013645143248140812,0.04561441019177437,-0.90673828125,0.0770263671875,0.414794921875,0.0,0.250244140625,0.814453125
1953,645,-1.27732515335083,-0.007989339530467987,0.6291078329086304,-0.91796875,0.071044921875,0.39013671875,0.0,0.1827392578125,0.814453125
1954,646,-1.1189228296279907,1.560378074645996,0.7276040315628052,-0.91796875,0.071044921875,0.39013671875,0.0,0.1827392578125,0.9892578125
1955,647,-1.1737858057022095,1.5351892709732056,0.591845691204071,-0.91796875,0.071044921875,0.39013671875,0.0,0.19677734375,0.986328125
1956,645,-1.27732515335083,-0.007989339530467987,0.6291078329086304,-0.91796875,0.071044921875,0.39013671875,0.0,0.1827392578125,0.814453125
1957,647,-1.1737858057022095,1.5351892709732056,0.591845691204071,-0.91796875,0.071044921875,0.39013671875,0.0,0.19677734375,0.986328125
1958,648,-1.3312056064605713,-0.005529308225959539,0.513114869594574,-0.91796875,0.071044921875,0.39013671875,0.0,0.19677734375,0.81396484375
1959,649,-1.27732515335083,-0.007989339530467987,0.6291078329086304,-0.94677734375,0.1138916015625,-0.3017578125,0.0,0.1827392578125,0.814453125
1960,650,-1.3236099481582642,-0.0005966806202195585,0.7806380987167358,-0.94677734375,0.1138916015625,-0.3017578125,0.0,0.16650390625,0.81591796875
1961,651,-1.1630438566207886,1.5772775411605835,0.8688427805900574,-0.94677734375,0.1138916015625,-0.3017578125,0.0,0.16650390625,0.99169921875
1962,649,-1.27732515335083,-0.007989339530467987,0.6291078329086304,-0.94677734375,0.1138916015625,-0.3017578125,0.0,0.1827392578125,0.814453125
1963,651,-1.1630438566207886,1.5772775411605835,0.8688427805900574,-0.94677734375,0.1138916015625,-0.3017578125,0.0,0.16650390625,0.99169921875
1964,652,-1.1189228296279907,1.560378074645996,0.7276040315628052,-0.94677734375,0.1138916015625,-0.3017578125,0.0,0.1827392578125,0.9892578125
1965,653,-1.3299968242645264,0.022589653730392456,-0.20477257668972015,-0.88623046875,0.10772705078125,-0.4501953125,0.0,0.27783203125,0.814453125
1966,654,-1.1729393005371094,1.5503901243209839,-0.14560194313526154,-0.88623046875,0.10772705078125,-0.4501953125,0.0,0.27783203125,0.98486328125
1967,655,-1.1152024269104004,1.5452885627746582,-0.2632654905319214,-0.88623046875,0.10772705078125,-0.4501953125,0.0,0.290771484375,0.98388671875
1968,653,-1.3299968242645264,0.022589653730392456,-0.20477257668972015,-0.88623046875,0.10772705078125,-0.4501953125,0.0,0.27783203125,0.814453125
1969,655,-1.1152024269104004,1.5452885627746582,-0.2632654905319214,-0.88623046875,0.10772705078125,-0.4501953125,0.0,0.290771484375,0.98388671875
1970,656,-1.271158218383789,0.02769717201590538,-0.31656160950660706,-0.88623046875,0.10772705078125,-0.4501953125,0.0,0.290771484375,0.814453125
1971,657,-1.124663233757019,1.4921817779541016,-0.024081191048026085,-0.91748046875,0.0802001953125,0.39013671875,0.0,0.263916015625,0.97900390625
1972,658,-1.1729393005371094,1.5503901243209839,-0.14560194313526154,-0.91748046875,0.0802001953125,0.39013671875,0.0,0.27783203125,0.98486328125
1973,659,-1.3299968242645264,0.022589653730392456,-0.20477257668972015,-0.91748046875,0.0802001953125,0.39013671875,0.0,0.27783203125,0.814453125
1974,657,-1.124663233757019,1.4921817779541016,-0.024081191048026085,-0.91748046875,0.0802001953125,0.39013671875,0.0,0.263916015625,0.97900390625
1975,659,-1.3299968242645264,0.022589653730392456,-0.20477257668972015,-0.91748046875,0.0802001953125,0.39013671875,0.0,0.27783203125,0.814453125
1976,660,-1.2752405405044556,0.03586701303720474,-0.07482542097568512,-0.91748046875,0.0802001953125,0.39013671875,0.0,0.263916015625,0.81640625
1977,661,-1.173956036567688,1.4656509160995483,0.370975524187088,-0.89892578125,0.06658935546875,0.43310546875,0.0,0.2213134765625,0.9775390625
1978,662,-1.3261027336120605,0.01928212121129036,0.29165586829185486,-0.89892578125,0.06658935546875,0.43310546875,0.0,0.2213134765625,0.81591796875
1979,663,-1.2772188186645508,0.008092507719993591,0.38077494502067566,-0.89892578125,0.06658935546875,0.43310546875,0.0,0.2105712890625,0.81494140625
1980,661,-1.173956036567688,1.4656509160995483,0.370975524187088,-0.89892578125,0.06658935546875,0.43310546875,0.0,0.2213134765625,0.9775390625
1981,663,-1.2772188186645508,0.008092507719993591,0.38077494502067566,-0.89892578125,0.06658935546875,0.43310546875,0.0,0.2105712890625,0.81494140625
1982,664,-1.1274223327636719,1.50426185131073,0.4757174551486969,-0.89892578125,0.06658935546875,0.43310546875,0.0,0.2105712890625,0.982421875
1983,665,-1.2725932598114014,0.029637936502695084,0.16715940833091736,-0.93359375,0.11236572265625,-0.33984375,0.0,0.2366943359375,0.81689453125
1984,666,-1.3261027336120605,0.01928212121129036,0.29165586829185486,-0.93359375,0.11236572265625,-0.33984375,0.0,0.2213134765625,0.81591796875
1985,667,-1.173956036567688,1.4656509160995483,0.370975524187088,-0.93359375,0.11236572265625,-0.33984375,0.0,0.2213134765625,0.9775390625
1986,665,-1.2725932598114014,0.029637936502695084,0.16715940833091736,-0.93359375,0.11236572265625,-0.33984375,0.0,0.2366943359375,0.81689453125
1987,667,-1.173956036567688,1.4656509160995483,0.370975524187088,-0.93359375,0.11236572265625,-0.33984375,0.0,0.2213134765625,0.9775390625
1988,668,-1.1224812269210815,1.5013152360916138,0.22215431928634644,-0.93359375,0.11236572265625,-0.33984375,0.0,0.2366943359375,0.98095703125
1989,669,-1.3312056064605713,-0.005529308225959539,0.513114869594574,-0.91845703125,0.11456298828125,-0.37890625,0.0,0.19677734375,0.81396484375
1990,670,-1.1737858057022095,1.5351892709732056,0.591845691204071,-0.91845703125,0.11456298828125,-0.37890625,0.0,0.19677734375,0.986328125
1991,671,-1.1274223327636719,1.50426185131073,0.4757174551486969,-0.91845703125,0.11456298828125,-0.37890625,0.0,0.2105712890625,0.982421875
1992,669,-1.3312056064605713,-0.005529308225959539,0.513114869594574,-0.91845703125,0.11456298828125,-0.37890625,0.0,0.19677734375,0.81396484375
1993,671,-1.1274223327636719,1.50426185131073,0.4757174551486969,-0.91845703125,0.11456298828125,-0.37890625,0.0,0.2105712890625,0.982421875
1994,672,-1.2772188186645508,0.008092507719993591,0.38077494502067566,-0.91845703125,0.11456298828125,-0.37890625,0.0,0.2105712890625,0.81494140625
1995,673,-1.1630438566207886,1.5772775411605835,0.8688427805900574,-0.88037109375,0.06793212890625,0.468994140625,0.0,0.16650390625,0.99169921875
1996,674,-1.3236099481582642,-0.0005966806202195585,0.7806380987167358,-0.88037109375,0.06793212890625,0.468994140625,0.0,0.16650390625,0.81591796875
1997,675,-1.2706427574157715,-0.002616662997752428,0.8955687284469604,-0.88037109375,0.06793212890625,0.468994140625,0.0,0.155517578125,0.81591796875
1998,673,-1.1630438566207886,1.5772775411605835,0.8688427805900574,-0.88037109375,0.06793212890625,0.468994140625,0.0,0.16650390625,0.99169921875
1999,675,-1.2706427574157715,-0.002616662997752428,0.8955687284469604,-0.88037109375,0.06793212890625,0.468994140625,0.0,0.155517578125,0.81591796875
2000,676,-1.1119601726531982,1.5736134052276611,0.9501187205314636,-0.88037109375,0.06793212890625,0.468994140625,0.0,0.155517578125,0.99169921875
2001,677,-1.1696172952651978,1.5761367082595825,1.0817683935165405,-0.86328125,0.06756591796875,0.5,0.0,0.14111328125,0.99267578125
2002,678,-1.3267337083816528,0.0003031539963558316,1.0223311185836792,-0.86328125,0.06756591796875,0.5,0.0,0.14111328125,0.81689453125
2003,679,-1.2745083570480347,-0.005624871235340834,1.1144109964370728,-0.86328125,0.06756591796875,0.5,0.0,0.131103515625,0.81640625
2004,677,-1.1696172952651978,1.5761367082595825,1.0817683935165405,-0.86328125,0.06756591796875,0.5,0.0,0.14111328125,0.99267578125
2005,679,-1.2745083570480347,-0.005624871235340834,1.1144109964370728,-0.86328125,0.06756591796875,0.5,0.0,0.131103515625,0.81640625
2006,680,-1.1179168224334717,1.5757644176483154,1.169984221458435,-0.86328125,0.06756591796875,0.5,0.0,0.131103515625,0.99267578125
2007,681,-1.1119601726531982,1.5736134052276611,0.9501187205314636,-0.9091796875,0.10565185546875,-0.402587890625,0.0,0.155517578125,0.99169921875
2008,682,-1.2706427574157715,-0.002616662997752428,0.8955687284469604,-0.9091796875,0.10565185546875,-0.402587890625,0.0,0.155517578125,0.81591796875
2009,683,-1.3267337083816528,0.0003031539963558316,1.0223311185836792,-0.9091796875,0.10565185546875,-0.402587890625,0.0,0.14111328125,0.81689453125
2010,681,-1.1119601726531982,1.5736134052276611,0.9501187205314636,-0.9091796875,0.10565185546875,-0.402587890625,0.0,0.155517578125,0.99169921875
2011,683,-1.3267337083816528,0.0003031539963558316,1.0223311185836792,-0.9091796875,0.10565185546875,-0.402587890625,0.0,0.14111328125,0.81689453125
2012,684,-1.1696172952651978,1.5761367082595825,1.0817683935165405,-0.9091796875,0.10565185546875,-0.402587890625,0.0,0.14111328125,0.99267578125
2013,685,-0.8319206833839417,1.1769684553146362,-0.4634447991847992,-0.9248046875,0.0307159423828125,-0.37890625,0.0,0.33251953125,0.98828125
2014,686,-0.8851915597915649,1.176261067390442,-0.3336108326911926,-0.9248046875,0.0307159423828125,-0.37890625,0.0,0.347412109375,0.98828125
2015,687,-0.8530631065368652,2.287890911102295,-0.3217260539531708,-0.9248046875,0.0307159423828125,-0.37890625,0.0,0.347412109375,0.86083984375
2016,685,-0.8319206833839417,1.1769684553146362,-0.4634447991847992,-0.9248046875,0.0307159423828125,-0.37890625,0.0,0.33251953125,0.98828125
2017,687,-0.8530631065368652,2.287890911102295,-0.3217260539531708,-0.9248046875,0.0307159423828125,-0.37890625,0.0,0.347412109375,0.86083984375
2018,688,-0.8020546436309814,2.277200937271118,-0.4473217725753784,-0.9248046875,0.0307159423828125,-0.37890625,0.0,0.33251953125,0.8623046875
2019,689,-0.8530631065368652,2.287890911102295,-0.3217260539531708,-0.90966796875,0.0230560302734375,0.414794921875,0.0,0.347412109375,0.86083984375
2020,690,-0.8851915597915649,1.176261067390442,-0.3336108326911926,-0.90966796875,0.0230560302734375,0.414794921875,0.0,0.347412109375,0.98828125
2021,691,-0.8325027227401733,1.1769598722457886,-0.21491454541683197,-0.90966796875,0.0230560302734375,0.414794921875,0.0,0.361083984375,0.98828125
2022,689,-0.8530631065368652,2.287890911102295,-0.3217260539531708,-0.90966796875,0.0230560302734375,0.414794921875,0.0,0.347412109375,0.86083984375
2023,691,-0.8325027227401733,1.1769598722457886,-0.21491454541683197,-0.90966796875,0.0230560302734375,0.414794921875,0.0,0.361083984375,0.98828125
2024,692,-0.7966148853302002,2.2865190505981445,-0.20113036036491394,-0.90966796875,0.0230560302734375,0.414794921875,0.0,0.361083984375,0.86083984375
2025,693,-0.873991847038269,1.1764229536056519,0.3980956971645355,-0.95556640625,0.045684814453125,-0.291015625,0.0,0.43359375,0.98828125
2026,694,-0.8305980563163757,2.3599932193756104,0.4463183581829071,-0.95556640625,0.045684814453125,-0.291015625,0.0,0.43359375,0.8515625
2027,695,-0.7895214557647705,2.345796823501587,0.3042675852775574,-0.95556640625,0.045684814453125,-0.291015625,0.0,0.416748046875,0.853515625
2028,693,-0.873991847038269,1.1764229536056519,0.3980956971645355,-0.95556640625,0.045684814453125,-0.291015625,0.0,0.43359375,0.98828125
2029,695,-0.7895214557647705,2.345796823501587,0.3042675852775574,-0.95556640625,0.045684814453125,-0.291015625,0.0,0.416748046875,0.853515625
2030,696,-0.8265281319618225,1.1770460605621338,0.24718749523162842,-0.95556640625,0.045684814453125,-0.291015625,0.0,0.416748046875,0.98828125
2031,697,-0.8318684697151184,1.1769689321517944,0.018681639805436134,-0.91650390625,0.017578125,0.399169921875,0.0,0.38916015625,0.98828125
2032,698,-0.7985921502113342,2.2891652584075928,0.05248046666383743,-0.91650390625,0.017578125,0.399169921875,0.0,0.38916015625,0.8603515625
2033,699,-0.8418667316436768,2.2477641105651855,-0.05144042894244194,-0.91650390625,0.017578125,0.399169921875,0.0,0.376708984375,0.865234375
2034,697,-0.8318684697151184,1.1769689321517944,0.018681639805436134,-0.91650390625,0.017578125,0.399169921875,0.0,0.38916015625,0.98828125
2035,699,-0.8418667316436768,2.2477641105651855,-0.05144042894244194,-0.91650390625,0.017578125,0.399169921875,0.0,0.376708984375,0.865234375
2036,700,-0.8831514716148376,1.176290512084961,-0.09274902194738388,-0.91650390625,0.017578125,0.399169921875,0.0,0.376708984375,0.98828125
2037,701,-0.8831514716148376,1.176290512084961,-0.09274902194738388,-0.9443359375,0.041656494140625,-0.326904296875,0.0,0.376708984375,0.98828125
2038,702,-0.8418667316436768,2.2477641105651855,-0.05144042894244194,-0.9443359375,0.041656494140625,-0.326904296875,0.0,0.376708984375,0.865234375
2039,703,-0.7966148853302002,2.2865190505981445,-0.20113036036491394,-0.9443359375,0.041656494140625,-0.326904296875,0.0,0.361083984375,0.86083984375
2040,701,-0.8831514716148376,1.176290512084961,-0.09274902194738388,-0.9443359375,0.041656494140625,-0.326904296875,0.0,0.376708984375,0.98828125
2041,703,-0.7966148853302002,2.2865190505981445,-0.20113036036491394,-0.9443359375,0.041656494140625,-0.326904296875,0.0,0.361083984375,0.86083984375
2042,704,-0.8325027227401733,1.1769598722457886,-0.21491454541683197,-0.9443359375,0.041656494140625,-0.326904296875,0.0,0.361083984375,0.98828125
2043,705,-0.8265281319618225,1.1770460605621338,0.24718749523162842,-0.90966796875,0.0146484375,0.414794921875,0.0,0.416748046875,0.98828125
2044,706,-0.7895214557647705,2.345796823501587,0.3042675852775574,-0.90966796875,0.0146484375,0.414794921875,0.0,0.416748046875,0.853515625
2045,707,-0.8436179161071777,2.3171913623809814,0.16945800185203552,-0.90966796875,0.0146484375,0.414794921875,0.0,0.40283203125,0.85693359375
2046,705,-0.8265281319618225,1.1770460605621338,0.24718749523162842,-0.90966796875,0.0146484375,0.414794921875,0.0,0.416748046875,0.98828125
2047,707,-0.8436179161071777,2.3171913623809814,0.16945800185203552,-0.90966796875,0.0146484375,0.414794921875,0.0,0.40283203125,0.85693359375
2048,708,-0.8835770487785339,1.1762841939926147,0.1392822265625,-0.90966796875,0.0146484375,0.414794921875,0.0,0.40283203125,0.98828125
2049,709,-0.820591926574707,1.1771320104599,0.5169970393180847,-0.88525390625,0.0202789306640625,0.46484375,0.0,0.445068359375,0.98828125
2050,710,-0.7793810963630676,2.3595385551452637,0.5266796946525574,-0.88525390625,0.0202789306640625,0.46484375,0.0,0.445068359375,0.8515625
2051,711,-0.8305980563163757,2.3599932193756104,0.4463183581829071,-0.88525390625,0.0202789306640625,0.46484375,0.0,0.43359375,0.8515625
2052,709,-0.820591926574707,1.1771320104599,0.5169970393180847,-0.88525390625,0.0202789306640625,0.46484375,0.0,0.445068359375,0.98828125
2053,711,-0.8305980563163757,2.3599932193756104,0.4463183581829071,-0.88525390625,0.0202789306640625,0.46484375,0.0,0.43359375,0.8515625
2054,712,-0.873991847038269,1.1764229536056519,0.3980956971645355,-0.88525390625,0.0202789306640625,0.46484375,0.0,0.43359375,0.98828125
2055,713,-0.8835770487785339,1.1762841939926147,0.1392822265625,-0.923828125,0.04083251953125,-0.380859375,0.0,0.40283203125,0.98828125
2056,714,-0.8436179161071777,2.3171913623809814,0.16945800185203552,-0.923828125,0.04083251953125,-0.380859375,0.0,0.40283203125,0.85693359375
2057,715,-0.7985921502113342,2.2891652584075928,0.05248046666383743,-0.923828125,0.04083251953125,-0.380859375,0.0,0.38916015625,0.8603515625
2058,713,-0.8835770487785339,1.1762841939926147,0.1392822265625,-0.923828125,0.04083251953125,-0.380859375,0.0,0.40283203125,0.98828125
2059,715,-0.7985921502113342,2.2891652584075928,0.05248046666383743,-0.923828125,0.04083251953125,-0.380859375,0.0,0.38916015625,0.8603515625
2060,716,-0.8318684697151184,1.1769689321517944,0.018681639805436134,-0.923828125,0.04083251953125,-0.380859375,0.0,0.38916015625,0.98828125
2061,717,-0.8319206833839417,1.1769684553146362,-0.4634447991847992,-0.90234375,0.0210113525390625,0.43017578125,0.0,0.33251953125,0.98828125
2062,718,-0.8020546436309814,2.277200937271118,-0.4473217725753784,-0.90234375,0.0210113525390625,0.43017578125,0.0,0.33251953125,0.8623046875
2063,719,-0.8548352122306824,2.3322551250457764,-0.5679247975349426,-0.90234375,0.0210113525390625,0.43017578125,0.0,0.31884765625,0.85595703125
2064,717,-0.8319206833839417,1.1769684553146362,-0.4634447991847992,-0.90234375,0.0210113525390625,0.43017578125,0.0,0.33251953125,0.98828125
2065,719,-0.8548352122306824,2.3322551250457764,-0.5679247975349426,-0.90234375,0.0210113525390625,0.43017578125,0.0,0.31884765625,0.85595703125
2066,720,-0.8910892009735107,1.176175832748413,-0.5802807211875916,-0.90234375,0.0210113525390625,0.43017578125,0.0,0.31884765625,0.98828125
2067,721,-0.8910892009735107,1.176175832748413,-0.5802807211875916,-0.8955078125,0.030548095703125,-0.44384765625,0.0,0.31884765625,0.98828125
2068,722,-0.8548352122306824,2.3322551250457764,-0.5679247975349426,-0.8955078125,0.030548095703125,-0.44384765625,0.0,0.31884765625,0.85595703125
2069,723,-0.7990173101425171,2.33079195022583,-0.686572253704071,-0.8955078125,0.030548095703125,-0.44384765625,0.0,0.3056640625,0.8564453125
2070,721,-0.8910892009735107,1.176175832748413,-0.5802807211875916,-0.8955078125,0.030548095703125,-0.44384765625,0.0,0.31884765625,0.98828125
2071,723,-0.7990173101425171,2.33079195022583,-0.686572253704071,-0.8955078125,0.030548095703125,-0.44384765625,0.0,0.3056640625,0.8564453125
2072,724,-0.8323599696159363,1.1769623756408691,-0.6927807331085205,-0.8955078125,0.030548095703125,-0.44384765625,0.0,0.3056640625,0.98828125
2073,725,-0.8347058892250061,2.358438014984131,0.6593066453933716,-0.85498046875,0.01104736328125,0.5185546875,0.0,0.45947265625,0.8515625
2074,726,-0.8641375303268433,1.1765656471252441,0.637939453125,-0.85498046875,0.01104736328125,0.5185546875,0.0,0.45947265625,0.98828125
2075,727,-0.8084889650344849,1.177307367324829,0.7277197241783142,-0.85498046875,0.01104736328125,0.5185546875,0.0,0.4697265625,0.98828125
2076,725,-0.8347058892250061,2.358438014984131,0.6593066453933716,-0.85498046875,0.01104736328125,0.5185546875,0.0,0.45947265625,0.8515625
2077,727,-0.8084889650344849,1.177307367324829,0.7277197241783142,-0.85498046875,0.01104736328125,0.5185546875,0.0,0.4697265625,0.98828125
2078,728,-0.7829412817955017,2.3613121509552,0.7466064095497131,-0.85498046875,0.01104736328125,0.5185546875,0.0,0.4697265625,0.85107421875
2079,729,-0.820591926574707,1.1771320104599,0.5169970393180847,-0.93115234375,0.0325927734375,-0.36279296875,0.0,0.445068359375,0.98828125
2080,730,-0.8641375303268433,1.1765656471252441,0.637939453125,-0.93115234375,0.0325927734375,-0.36279296875,0.0,0.45947265625,0.98828125
2081,731,-0.8347058892250061,2.358438014984131,0.6593066453933716,-0.93115234375,0.0325927734375,-0.36279296875,0.0,0.45947265625,0.8515625
2082,729,-0.820591926574707,1.1771320104599,0.5169970393180847,-0.93115234375,0.0325927734375,-0.36279296875,0.0,0.445068359375,0.98828125
2083,731,-0.8347058892250061,2.358438014984131,0.6593066453933716,-0.93115234375,0.0325927734375,-0.36279296875,0.0,0.45947265625,0.8515625
2084,732,-0.7793810963630676,2.3595385551452637,0.5266796946525574,-0.93115234375,0.0325927734375,-0.36279296875,0.0,0.445068359375,0.8515625
2085,733,-1.4128692150115967,-3.623962356869015e-07,0.49078696966171265,-0.2310791015625,0.0330810546875,0.97216796875,0.0,0.005878448486328125,0.89990234375
2086,734,-1.348429560661316,-0.009561671875417233,0.5072708129882812,-0.2310791015625,0.0330810546875,0.97216796875,0.0,0.005878448486328125,0.90673828125
2087,735,-1.2117421627044678,0.9616937041282654,0.5058760046958923,-0.2310791015625,0.0330810546875,0.97216796875,0.0,0.1136474609375,0.90673828125
2088,733,-1.4128692150115967,-3.623962356869015e-07,0.49078696966171265,-0.2310791015625,0.0330810546875,0.97216796875,0.0,0.005878448486328125,0.89990234375
2089,735,-1.2117421627044678,0.9616937041282654,0.5058760046958923,-0.2310791015625,0.0330810546875,0.97216796875,0.0,0.1136474609375,0.90673828125
2090,736,-1.2712353467941284,0.9535472393035889,0.49286243319511414,-0.2310791015625,0.0330810546875,0.97216796875,0.0,0.11181640625,0.89990234375
2091,737,-1.4128692150115967,-3.623962356869015e-07,0.49078696966171265,-0.9892578125,0.1468505859375,0.007144927978515625,0.0,0.005878448486328125,0.89990234375
2092,738,-1.2712353467941284,0.9535472393035889,0.49286243319511414,-0.9892578125,0.1468505859375,0.007144927978515625,0.0,0.11181640625,0.89990234375
2093,739,-1.2706605195999146,0.9639495015144348,0.35854122042655945,-0.9892578125,0.1468505859375,0.007144927978515625,0.0,0.113037109375,0.88525390625
2094,737,-1.4128692150115967,-3.623962356869015e-07,0.49078696966171265,-0.9892578125,0.1468505859375,0.007144927978515625,0.0,0.005878448486328125,0.89990234375
2095,739,-1.2706605195999146,0.9639495015144348,0.35854122042655945,-0.9892578125,0.1468505859375,0.007144927978515625,0.0,0.113037109375,0.88525390625
2096,740,-1.4138195514678955,6.986618245719001e-05,0.3577735126018524,-0.9892578125,0.1468505859375,0.007144927978515625,0.0,0.005878448486328125,0.88525390625
2097,741,-1.416957974433899,0.00030189513927325606,-0.08152849227190018,-0.666015625,0.0965576171875,-0.7392578125,0.0,0.005878448486328125,0.8271484375
2098,742,-1.2695484161376953,0.9929858446121216,-0.08456556499004364,-0.666015625,0.0965576171875,-0.7392578125,0.0,0.1163330078125,0.8271484375
2099,743,-1.2320271730422974,0.9766920208930969,-0.12068280577659607,-0.666015625,0.0965576171875,-0.7392578125,0.0,0.11517333984375,0.8212890625
2100,741,-1.416957974433899,0.00030189513927325606,-0.08152849227190018,-0.666015625,0.0965576171875,-0.7392578125,0.0,0.005878448486328125,0.8271484375
2101,743,-1.2320271730422974,0.9766920208930969,-0.12068280577659607,-0.666015625,0.0965576171875,-0.7392578125,0.0,0.11517333984375,0.8212890625
2102,744,-1.37787926197052,-0.0055208588019013405,-0.11730943620204926,-0.666015625,0.0965576171875,-0.7392578125,0.0,0.005878448486328125,0.8212890625
2103,745,-1.4234548807144165,0.0007821082836017013,-0.9910589456558228,-0.9892578125,0.1468505859375,0.007144927978515625,0.0,0.005878448486328125,0.70849609375
2104,746,-1.4224849939346313,0.0007104301475919783,-0.8552876114845276,-0.9892578125,0.1468505859375,0.007144927978515625,0.0,0.005878448486328125,0.72265625
2105,747,-1.266758918762207,1.0494918823242188,-0.8604001998901367,-0.9892578125,0.1468505859375,0.007144927978515625,0.0,0.1226806640625,0.72265625
2106,745,-1.4234548807144165,0.0007821082836017013,-0.9910589456558228,-0.9892578125,0.1468505859375,0.007144927978515625,0.0,0.005878448486328125,0.70849609375
2107,747,-1.266758918762207,1.0494918823242188,-0.8604001998901367,-0.9892578125,0.1468505859375,0.007144927978515625,0.0,0.1226806640625,0.72265625
2108,748,-1.2675548791885376,1.0503515005111694,-0.9882828593254089,-0.9892578125,0.1468505859375,0.007144927978515625,0.0,0.122802734375,0.70849609375
2109,749,-1.266758918762207,1.0494918823242188,-0.8604001998901367,-0.417724609375,0.06646728515625,0.90625,0.0,0.1226806640625,0.72265625
2110,750,-1.4224849939346313,0.0007104301475919783,-0.8552876114845276,-0.417724609375,0.06646728515625,0.90625,0.0,0.005878448486328125,0.72265625
2111,751,-1.3830190896987915,-0.0051408386789262295,-0.8366487622261047,-0.417724609375,0.06646728515625,0.90625,0.0,0.005878448486328125,0.7275390625
2112,749,-1.266758918762207,1.0494918823242188,-0.8604001998901367,-0.417724609375,0.06646728515625,0.90625,0.0,0.1226806640625,0.72265625
2113,751,-1.3830190896987915,-0.0051408386789262295,-0.8366487622261047,-0.417724609375,0.06646728515625,0.90625,0.0,0.005878448486328125,0.7275390625
2114,752,-1.2275837659835815,1.0416826009750366,-0.8417903184890747,-0.417724609375,0.06646728515625,0.90625,0.0,0.12249755859375,0.7275390625
2115,753,-1.2674822807312012,1.0403326749801636,-0.7721765041351318,-0.9892578125,0.1468505859375,0.00714111328125,0.0,0.1217041015625,0.73779296875
2116,754,-1.4218069314956665,0.0006603050278499722,-0.7602902054786682,-0.9892578125,0.1468505859375,0.00714111328125,0.0,0.005878448486328125,0.73779296875
2117,755,-1.420790672302246,0.0005852317553944886,-0.6180199384689331,-0.9892578125,0.1468505859375,0.00714111328125,0.0,0.005878448486328125,0.75341796875
2118,753,-1.2674822807312012,1.0403326749801636,-0.7721765041351318,-0.9892578125,0.1468505859375,0.00714111328125,0.0,0.1217041015625,0.73779296875
2119,755,-1.420790672302246,0.0005852317553944886,-0.6180199384689331,-0.9892578125,0.1468505859375,0.00714111328125,0.0,0.005878448486328125,0.75341796875
2120,756,-1.2655589580535889,1.0461678504943848,-0.6258268356323242,-0.9892578125,0.1468505859375,0.00714111328125,0.0,0.122314453125,0.75341796875
2121,757,-1.2655589580535889,1.0461678504943848,-0.6258268356323242,-0.431640625,0.0706787109375,0.8994140625,0.0,0.122314453125,0.75341796875
2122,758,-1.420790672302246,0.0005852317553944886,-0.6180199384689331,-0.431640625,0.0706787109375,0.8994140625,0.0,0.005878448486328125,0.75341796875
2123,759,-1.3813189268112183,-0.005266532767564058,-0.5987220406532288,-0.431640625,0.0706787109375,0.8994140625,0.0,0.005878448486328125,0.75830078125
2124,757,-1.2655589580535889,1.0461678504943848,-0.6258268356323242,-0.431640625,0.0706787109375,0.8994140625,0.0,0.122314453125,0.75341796875
2125,759,-1.3813189268112183,-0.005266532767564058,-0.5987220406532288,-0.431640625,0.0706787109375,0.8994140625,0.0,0.005878448486328125,0.75830078125
2126,760,-1.227077603340149,1.0336352586746216,-0.6062684655189514,-0.431640625,0.0706787109375,0.8994140625,0.0,0.12158203125,0.75830078125
2127,761,-1.2706605195999146,0.9639495015144348,0.35854122042655945,-0.65283203125,0.0985107421875,-0.7509765625,0.0,0.113037109375,0.88525390625
2128,762,-1.2316054105758667,0.9578540325164795,0.32501220703125,-0.65283203125,0.0985107421875,-0.7509765625,0.0,0.11297607421875,0.87939453125
2129,763,-1.374741792678833,-0.005752811208367348,0.32181474566459656,-0.65283203125,0.0985107421875,-0.7509765625,0.0,0.005878448486328125,0.87939453125
2130,761,-1.2706605195999146,0.9639495015144348,0.35854122042655945,-0.65283203125,0.0985107421875,-0.7509765625,0.0,0.113037109375,0.88525390625
2131,763,-1.374741792678833,-0.005752811208367348,0.32181474566459656,-0.65283203125,0.0985107421875,-0.7509765625,0.0,0.005878448486328125,0.87939453125
2132,764,-1.4138195514678955,6.986618245719001e-05,0.3577735126018524,-0.65283203125,0.0985107421875,-0.7509765625,0.0,0.005878448486328125,0.88525390625
2133,765,-1.374741792678833,-0.005752811208367348,0.32181474566459656,-0.9892578125,0.1468505859375,0.007144927978515625,0.0,0.005878448486328125,0.87939453125
2134,766,-1.2316054105758667,0.9578540325164795,0.32501220703125,-0.9892578125,0.1468505859375,0.007144927978515625,0.0,0.11297607421875,0.87939453125
2135,767,-1.232599139213562,0.9527052044868469,0.2933184504508972,-0.9892578125,0.1468505859375,0.007144927978515625,0.0,0.1124267578125,0.8759765625
2136,765,-1.374741792678833,-0.005752811208367348,0.32181474566459656,-0.9892578125,0.1468505859375,0.007144927978515625,0.0,0.005878448486328125,0.87939453125
2137,767,-1.232599139213562,0.9527052044868469,0.2933184504508972,-0.9892578125,0.1468505859375,0.007144927978515625,0.0,0.1124267578125,0.8759765625
2138,768,-1.3749639987945557,-0.005736389197409153,0.2907136380672455,-0.9892578125,0.1468505859375,0.007144927978515625,0.0,0.005878448486328125,0.8759765625
2139,769,-1.235929250717163,0.9395602345466614,0.10257697850465775,-0.65380859375,0.097412109375,-0.75,0.0,0.1109619140625,0.8505859375
2140,770,-1.3763128519058228,-0.005636634770780802,0.10195291042327881,-0.65380859375,0.097412109375,-0.75,0.0,0.005878448486328125,0.8505859375
2141,771,-1.4153966903686523,0.00018648146942723542,0.13702581822872162,-0.65380859375,0.097412109375,-0.75,0.0,0.005878448486328125,0.85595703125
2142,769,-1.235929250717163,0.9395602345466614,0.10257697850465775,-0.65380859375,0.097412109375,-0.75,0.0,0.1109619140625,0.8505859375
2143,771,-1.4153966903686523,0.00018648146942723542,0.13702581822872162,-0.65380859375,0.097412109375,-0.75,0.0,0.005878448486328125,0.85595703125
2144,772,-1.2765144109725952,0.9353001713752747,0.13715696334838867,-0.65380859375,0.097412109375,-0.75,0.0,0.10986328125,0.85595703125
2145,773,-1.2765144109725952,0.9353001713752747,0.13715696334838867,-0.9892578125,0.1468505859375,0.007144927978515625,0.0,0.10986328125,0.85595703125
2146,774,-1.4153966903686523,0.00018648146942723542,0.13702581822872162,-0.9892578125,0.1468505859375,0.007144927978515625,0.0,0.005878448486328125,0.85595703125
2147,775,-1.4144378900527954,0.00011558532423805445,0.27120310068130493,-0.9892578125,0.1468505859375,0.007144927978515625,0.0,0.005878448486328125,0.87109375
2148,773,-1.2765144109725952,0.9353001713752747,0.13715696334838867,-0.9892578125,0.1468505859375,0.007144927978515625,0.0,0.10986328125,0.85595703125
2149,775,-1.4144378900527954,0.00011558532423805445,0.27120310068130493,-0.9892578125,0.1468505859375,0.007144927978515625,0.0,0.005878448486328125,0.87109375
2150,776,-1.2725344896316528,0.9555329084396362,0.2721564471721649,-0.9892578125,0.1468505859375,0.007144927978515625,0.0,0.11212158203125,0.87109375
2151,777,-1.2725344896316528,0.9555329084396362,0.2721564471721649,-0.44921875,0.0650634765625,0.89111328125,0.0,0.11212158203125,0.87109375
2152,778,-1.4144378900527954,0.00011558532423805445,0.27120310068130493,-0.44921875,0.0650634765625,0.89111328125,0.0,0.005878448486328125,0.87109375
2153,779,-1.3749639987945557,-0.005736389197409153,0.2907136380672455,-0.44921875,0.0650634765625,0.89111328125,0.0,0.005878448486328125,0.8759765625
2154,777,-1.2725344896316528,0.9555329084396362,0.2721564471721649,-0.44921875,0.0650634765625,0.89111328125,0.0,0.11212158203125,0.87109375
2155,779,-1.3749639987945557,-0.005736389197409153,0.2907136380672455,-0.44921875,0.0650634765625,0.89111328125,0.0,0.005878448486328125,0.8759765625
2156,780,-1.232599139213562,0.9527052044868469,0.2933184504508972,-0.44921875,0.0650634765625,0.89111328125,0.0,0.1124267578125,0.8759765625
2157,781,-1.2341228723526,0.9641836881637573,-0.15364369750022888,-0.9892578125,0.1468505859375,0.007144927978515625,0.0,0.11383056640625,0.8173828125
2158,782,-1.3781222105026245,-0.005502891261130571,-0.15130065381526947,-0.9892578125,0.1468505859375,0.007144927978515625,0.0,0.005878448486328125,0.8173828125
2159,783,-1.37787926197052,-0.0055208588019013405,-0.11730943620204926,-0.9892578125,0.1468505859375,0.007144927978515625,0.0,0.005878448486328125,0.8212890625
2160,781,-1.2341228723526,0.9641836881637573,-0.15364369750022888,-0.9892578125,0.1468505859375,0.007144927978515625,0.0,0.11383056640625,0.8173828125
2161,783,-1.37787926197052,-0.0055208588019013405,-0.11730943620204926,-0.9892578125,0.1468505859375,0.007144927978515625,0.0,0.005878448486328125,0.8212890625
2162,784,-1.2320271730422974,0.9766920208930969,-0.12068280577659607,-0.9892578125,0.1468505859375,0.007144927978515625,0.0,0.11517333984375,0.8212890625
2163,785,-1.3765593767166138,-0.005618457682430744,0.06743442267179489,-0.40673828125,0.06207275390625,0.91162109375,0.0,0.005878448486328125,0.8466796875
2164,786,-1.2333821058273315,0.9584119319915771,0.06758218258619308,-0.40673828125,0.06207275390625,0.91162109375,0.0,0.11309814453125,0.8466796875
2165,787,-1.2704102993011475,0.9807531237602234,0.04763302206993103,-0.40673828125,0.06207275390625,0.91162109375,0.0,0.11492919921875,0.841796875
2166,785,-1.3765593767166138,-0.005618457682430744,0.06743442267179489,-0.40673828125,0.06207275390625,0.91162109375,0.0,0.005878448486328125,0.8466796875
2167,787,-1.2704102993011475,0.9807531237602234,0.04763302206993103,-0.40673828125,0.06207275390625,0.91162109375,0.0,0.11492919921875,0.841796875
2168,788,-1.4160085916519165,0.00023170470376498997,0.05134468525648117,-0.40673828125,0.06207275390625,0.91162109375,0.0,0.005878448486328125,0.841796875
2169,789,-1.4160085916519165,0.00023170470376498997,0.05134468525648117,-0.9892578125,0.1468505859375,0.007144927978515625,0.0,0.005878448486328125,0.841796875
2170,790,-1.2704102993011475,0.9807531237602234,0.04763302206993103,-0.9892578125,0.1468505859375,0.007144927978515625,0.0,0.11492919921875,0.841796875
2171,791,-1.2695484161376953,0.9929858446121216,-0.08456556499004364,-0.9892578125,0.1468505859375,0.007144927978515625,0.0,0.1163330078125,0.8271484375
2172,789,-1.4160085916519165,0.00023170470376498997,0.05134468525648117,-0.9892578125,0.1468505859375,0.007144927978515625,0.0,0.005878448486328125,0.841796875
2173,791,-1.2695484161376953,0.9929858446121216,-0.08456556499004364,-0.9892578125,0.1468505859375,0.007144927978515625,0.0,0.1163330078125,0.8271484375
2174,792,-1.416957974433899,0.00030189513927325606,-0.08152849227190018,-0.9892578125,0.1468505859375,0.007144927978515625,0.0,0.005878448486328125,0.8271484375
2175,793,-1.2695319652557373,1.0038021802902222,-0.3046368658542633,-0.9892578125,0.1468505859375,0.007144927978515625,0.0,0.11761474609375,0.7978515625
2176,794,-1.4185431003570557,0.00041912076994776726,-0.3033813238143921,-0.9892578125,0.1468505859375,0.007144927978515625,0.0,0.005878448486328125,0.7978515625
2177,795,-1.4175945520401,0.0003489494265522808,-0.17063066363334656,-0.9892578125,0.1468505859375,0.007144927978515625,0.0,0.005878448486328125,0.81298828125
2178,793,-1.2695319652557373,1.0038021802902222,-0.3046368658542633,-0.9892578125,0.1468505859375,0.007144927978515625,0.0,0.11761474609375,0.7978515625
2179,795,-1.4175945520401,0.0003489494265522808,-0.17063066363334656,-0.9892578125,0.1468505859375,0.007144927978515625,0.0,0.005878448486328125,0.81298828125
2180,796,-1.2748024463653564,0.9617713689804077,-0.17010599374771118,-0.9892578125,0.1468505859375,0.007144927978515625,0.0,0.1129150390625,0.81298828125
2181,797,-1.2748024463653564,0.9617713689804077,-0.17010599374771118,-0.40478515625,0.06097412109375,0.91259765625,0.0,0.1129150390625,0.81298828125
2182,798,-1.4175945520401,0.0003489494265522808,-0.17063066363334656,-0.40478515625,0.06097412109375,0.91259765625,0.0,0.005878448486328125,0.81298828125
2183,799,-1.3781222105026245,-0.005502891261130571,-0.15130065381526947,-0.40478515625,0.06097412109375,0.91259765625,0.0,0.005878448486328125,0.8173828125
2184,797,-1.2748024463653564,0.9617713689804077,-0.17010599374771118,-0.40478515625,0.06097412109375,0.91259765625,0.0,0.1129150390625,0.81298828125
2185,799,-1.3781222105026245,-0.005502891261130571,-0.15130065381526947,-0.40478515625,0.06097412109375,0.91259765625,0.0,0.005878448486328125,0.8173828125
2186,800,-1.2341228723526,0.9641836881637573,-0.15364369750022888,-0.40478515625,0.06097412109375,0.91259765625,0.0,0.11383056640625,0.8173828125
2187,801,-1.4201226234436035,0.0005358695634640753,-0.5244929194450378,-0.6650390625,0.0921630859375,-0.7412109375,0.0,0.005878448486328125,0.7685546875
2188,802,-1.2675013542175293,1.0286340713500977,-0.5341924428939819,-0.6650390625,0.0921630859375,-0.7412109375,0.0,0.12042236328125,0.7685546875
2189,803,-1.2278889417648315,1.0263761281967163,-0.5693239569664001,-0.6650390625,0.0921630859375,-0.7412109375,0.0,0.12078857421875,0.7626953125
2190,801,-1.4201226234436035,0.0005358695634640753,-0.5244929194450378,-0.6650390625,0.0921630859375,-0.7412109375,0.0,0.005878448486328125,0.7685546875
2191,803,-1.2278889417648315,1.0263761281967163,-0.5693239569664001,-0.6650390625,0.0921630859375,-0.7412109375,0.0,0.12078857421875,0.7626953125
2192,804,-1.3810491561889648,-0.005286483559757471,-0.5609325766563416,-0.6650390625,0.0921630859375,-0.7412109375,0.0,0.005878448486328125,0.7626953125
2193,805,-1.3810491561889648,-0.005286483559757471,-0.5609325766563416,-0.9892578125,0.1468505859375,0.00714111328125,0.0,0.005878448486328125,0.7626953125
2194,806,-1.2278889417648315,1.0263761281967163,-0.5693239569664001,-0.9892578125,0.1468505859375,0.00714111328125,0.0,0.12078857421875,0.7626953125
2195,807,-1.227077603340149,1.0336352586746216,-0.6062684655189514,-0.9892578125,0.1468505859375,0.00714111328125,0.0,0.12158203125,0.75830078125
2196,805,-1.3810491561889648,-0.005286483559757471,-0.5609325766563416,-0.9892578125,0.1468505859375,0.00714111328125,0.0,0.005878448486328125,0.7626953125
2197,807,-1.227077603340149,1.0336352586746216,-0.6062684655189514,-0.9892578125,0.1468505859375,0.00714111328125,0.0,0.12158203125,0.75830078125
2198,808,-1.3813189268112183,-0.005266532767564058,-0.5987220406532288,-0.9892578125,0.1468505859375,0.00714111328125,0.0,0.005878448486328125,0.75830078125
2199,809,-1.2275837659835815,1.0416826009750366,-0.8417903184890747,-0.9892578125,0.1468505859375,0.007144927978515625,0.0,0.12249755859375,0.7275390625
2200,810,-1.3830190896987915,-0.0051408386789262295,-0.8366487622261047,-0.9892578125,0.1468505859375,0.007144927978515625,0.0,0.005878448486328125,0.7275390625
2201,811,-1.3827499151229858,-0.005160751286894083,-0.7989800572395325,-0.9892578125,0.1468505859375,0.007144927978515625,0.0,0.005878448486328125,0.73193359375
2202,809,-1.2275837659835815,1.0416826009750366,-0.8417903184890747,-0.9892578125,0.1468505859375,0.007144927978515625,0.0,0.12249755859375,0.7275390625
2203,811,-1.3827499151229858,-0.005160751286894083,-0.7989800572395325,-0.9892578125,0.1468505859375,0.007144927978515625,0.0,0.005878448486328125,0.73193359375
2204,812,-1.2300101518630981,1.0235645771026611,-0.8051807880401611,-0.9892578125,0.1468505859375,0.007144927978515625,0.0,0.1204833984375,0.73193359375
2205,813,-1.4218069314956665,0.0006603050278499722,-0.7602902054786682,-0.666015625,0.0924072265625,-0.740234375,0.0,0.005878448486328125,0.73779296875
2206,814,-1.2674822807312012,1.0403326749801636,-0.7721765041351318,-0.666015625,0.0924072265625,-0.740234375,0.0,0.1217041015625,0.73779296875
2207,815,-1.2300101518630981,1.0235645771026611,-0.8051807880401611,-0.666015625,0.0924072265625,-0.740234375,0.0,0.1204833984375,0.73193359375
2208,813,-1.4218069314956665,0.0006603050278499722,-0.7602902054786682,-0.666015625,0.0924072265625,-0.740234375,0.0,0.005878448486328125,0.73779296875
2209,815,-1.2300101518630981,1.0235645771026611,-0.8051807880401611,-0.666015625,0.0924072265625,-0.740234375,0.0,0.1204833984375,0.73193359375
2210,816,-1.3827499151229858,-0.005160751286894083,-0.7989800572395325,-0.666015625,0.0924072265625,-0.740234375,0.0,0.005878448486328125,0.73193359375
2211,817,-1.2333821058273315,0.9584119319915771,0.06758218258619308,-0.9892578125,0.1468505859375,0.00714111328125,0.0,0.11309814453125,0.8466796875
2212,818,-1.3765593767166138,-0.005618457682430744,0.06743442267179489,-0.9892578125,0.1468505859375,0.00714111328125,0.0,0.005878448486328125,0.8466796875
2213,819,-1.3763128519058228,-0.005636634770780802,0.10195291042327881,-0.9892578125,0.1468505859375,0.00714111328125,0.0,0.005878448486328125,0.8505859375
2214,817,-1.2333821058273315,0.9584119319915771,0.06758218258619308,-0.9892578125,0.1468505859375,0.00714111328125,0.0,0.11309814453125,0.8466796875
2215,819,-1.3763128519058228,-0.005636634770780802,0.10195291042327881,-0.9892578125,0.1468505859375,0.00714111328125,0.0,0.005878448486328125,0.8505859375
2216,820,-1.235929250717163,0.9395602345466614,0.10257697850465775,-0.9892578125,0.1468505859375,0.00714111328125,0.0,0.1109619140625,0.8505859375
2217,821,-1.231339693069458,0.9936478137969971,-0.3741549849510193,-0.9892578125,0.1468505859375,0.00714111328125,0.0,0.11712646484375,0.78857421875
2218,822,-1.3796985149383545,-0.00538633344694972,-0.37193113565444946,-0.9892578125,0.1468505859375,0.00714111328125,0.0,0.005878448486328125,0.78857421875
2219,823,-1.3794543743133545,-0.00540441507473588,-0.3377543091773987,-0.9892578125,0.1468505859375,0.00714111328125,0.0,0.005878448486328125,0.79248046875
2220,821,-1.231339693069458,0.9936478137969971,-0.3741549849510193,-0.9892578125,0.1468505859375,0.00714111328125,0.0,0.11712646484375,0.78857421875
2221,823,-1.3794543743133545,-0.00540441507473588,-0.3377543091773987,-0.9892578125,0.1468505859375,0.00714111328125,0.0,0.005878448486328125,0.79248046875
2222,824,-1.230744481086731,0.9959611296653748,-0.3392969071865082,-0.9892578125,0.1468505859375,0.00714111328125,0.0,0.11737060546875,0.79248046875
2223,825,-1.2675013542175293,1.0286340713500977,-0.5341924428939819,-0.9892578125,0.1468505859375,0.00714111328125,0.0,0.12042236328125,0.7685546875
2224,826,-1.4201226234436035,0.0005358695634640753,-0.5244929194450378,-0.9892578125,0.1468505859375,0.00714111328125,0.0,0.005878448486328125,0.7685546875
2225,827,-1.4191619157791138,0.00046485901111736894,-0.3900098204612732,-0.9892578125,0.1468505859375,0.00714111328125,0.0,0.005878448486328125,0.78369140625
2226,825,-1.2675013542175293,1.0286340713500977,-0.5341924428939819,-0.9892578125,0.1468505859375,0.00714111328125,0.0,0.12042236328125,0.7685546875
2227,827,-1.4191619157791138,0.00046485901111736894,-0.3900098204612732,-0.9892578125,0.1468505859375,0.00714111328125,0.0,0.005878448486328125,0.78369140625
2228,828,-1.270996332168579,0.9981880187988281,-0.39198037981987,-0.9892578125,0.1468505859375,0.00714111328125,0.0,0.11700439453125,0.78369140625
2229,829,-1.270996332168579,0.9981880187988281,-0.39198037981987,-0.40576171875,0.062164306640625,0.912109375,0.0,0.11700439453125,0.78369140625
2230,830,-1.4191619157791138,0.00046485901111736894,-0.3900098204612732,-0.40576171875,0.062164306640625,0.912109375,0.0,0.005878448486328125,0.78369140625
2231,831,-1.3796985149383545,-0.00538633344694972,-0.37193113565444946,-0.40576171875,0.062164306640625,0.912109375,0.0,0.005878448486328125,0.78857421875
2232,829,-1.270996332168579,0.9981880187988281,-0.39198037981987,-0.40576171875,0.062164306640625,0.912109375,0.0,0.11700439453125,0.78369140625
2233,831,-1.3796985149383545,-0.00538633344694972,-0.37193113565444946,-0.40576171875,0.062164306640625,0.912109375,0.0,0.005878448486328125,0.78857421875
2234,832,-1.231339693069458,0.9936478137969971,-0.3741549849510193,-0.40576171875,0.062164306640625,0.912109375,0.0,0.11712646484375,0.78857421875
2235,833,-1.230744481086731,0.9959611296653748,-0.3392969071865082,-0.65087890625,0.0955810546875,-0.7529296875,0.0,0.11737060546875,0.79248046875
2236,834,-1.3794543743133545,-0.00540441507473588,-0.3377543091773987,-0.65087890625,0.0955810546875,-0.7529296875,0.0,0.005878448486328125,0.79248046875
2237,835,-1.4185431003570557,0.00041912076994776726,-0.3033813238143921,-0.65087890625,0.0955810546875,-0.7529296875,0.0,0.005878448486328125,0.7978515625
2238,833,-1.230744481086731,0.9959611296653748,-0.3392969071865082,-0.65087890625,0.0955810546875,-0.7529296875,0.0,0.11737060546875,0.79248046875
2239,835,-1.4185431003570557,0.00041912076994776726,-0.3033813238143921,-0.65087890625,0.0955810546875,-0.7529296875,0.0,0.005878448486328125,0.7978515625
2240,836,-1.2695319652557373,1.0038021802902222,-0.3046368658542633,-0.65087890625,0.0955810546875,-0.7529296875,0.0,0.11761474609375,0.7978515625
2241,837,0.9640530347824097,3.8222672939300537,1.0447264909744263,0.0,0.0,1.0,0.0,0.006893157958984375,0.689453125
2242,838,0.9434872269630432,3.9719059467315674,1.0447264909744263,0.0,0.0,1.0,0.0,0.0233917236328125,0.689453125
2243,839,0.10810073465108871,3.971421957015991,1.0447264909744263,0.0,0.0,1.0,0.0,0.0233917236328125,0.59765625
2244,837,0.9640530347824097,3.8222672939300537,1.0447264909744263,0.0,0.0,1.0,0.0,0.006893157958984375,0.689453125
2245,839,0.10810073465108871,3.971421957015991,1.0447264909744263,0.0,0.0,1.0,0.0,0.0233917236328125,0.59765625
2246,840,0.12913283705711365,3.8188796043395996,1.0447264909744263,0.0,0.0,1.0,0.0,0.006893157958984375,0.59765625
2247,841,0.9434872269630432,3.9719059467315674,1.0447264909744263,-0.0005793571472167969,1.0,0.0,0.0,0.0233917236328125,0.689453125
2248,842,0.9434872269630432,3.9719059467315674,0.9613329768180847,-0.0005793571472167969,1.0,0.0,0.0,0.03265380859375,0.689453125
2249,843,0.10810073465108871,3.971421957015991,0.9613329768180847,-0.0005793571472167969,1.0,0.0,0.0,0.03265380859375,0.59765625
2250,841,0.9434872269630432,3.9719059467315674,1.0447264909744263,-0.0005793571472167969,1.0,0.0,0.0,0.0233917236328125,0.689453125
2251,843,0.10810073465108871,3.971421957015991,0.9613329768180847,-0.0005793571472167969,1.0,0.0,0.0,0.03265380859375,0.59765625
2252,844,0.10810073465108871,3.971421957015991,1.0447264909744263,-0.0005793571472167969,1.0,0.0,0.0,0.0233917236328125,0.59765625
2253,845,0.12913283705711365,3.8188796043395996,1.0447264909744263,-0.99072265625,-0.1365966796875,0.0,0.0,0.006893157958984375,0.59765625
2254,846,0.10810073465108871,3.971421957015991,1.0447264909744263,-0.99072265625,-0.1365966796875,0.0,0.0,0.0233917236328125,0.59765625
2255,847,0.10810073465108871,3.971421957015991,0.9613329768180847,-0.99072265625,-0.1365966796875,0.0,0.0,0.0233917236328125,0.58837890625
2256,845,0.12913283705711365,3.8188796043395996,1.0447264909744263,-0.99072265625,-0.1365966796875,0.0,0.0,0.006893157958984375,0.59765625
2257,847,0.10810073465108871,3.971421957015991,0.9613329768180847,-0.99072265625,-0.1365966796875,0.0,0.0,0.0233917236328125,0.58837890625
2258,848,0.12913283705711365,3.8188796043395996,0.9613329768180847,-0.99072265625,-0.1365966796875,0.0,0.0,0.006893157958984375,0.58837890625
2259,849,0.9640530347824097,3.8222672939300537,0.9613329768180847,0.99072265625,0.1361083984375,0.0,0.0,0.006893157958984375,0.69873046875
2260,850,0.9434872269630432,3.9719059467315674,0.9613329768180847,0.99072265625,0.1361083984375,0.0,0.0,0.0233917236328125,0.69873046875
2261,851,0.9434872269630432,3.9719059467315674,1.0447264909744263,0.99072265625,0.1361083984375,0.0,0.0,0.0233917236328125,0.689453125
2262,849,0.9640530347824097,3.8222672939300537,0.9613329768180847,0.99072265625,0.1361083984375,0.0,0.0,0.006893157958984375,0.69873046875
2263,851,0.9434872269630432,3.9719059467315674,1.0447264909744263,0.99072265625,0.1361083984375,0.0,0.0,0.0233917236328125,0.689453125
2264,852,0.9640530347824097,3.8222672939300537,1.0447264909744263,0.99072265625,0.1361083984375,0.0,0.0,0.006893157958984375,0.689453125
2265,853,0.9098728895187378,3.2004833221435547,1.0553905963897705,0.0,0.0,1.0,0.0,0.52880859375,0.9658203125
2266,854,0.8913454413414001,3.3511617183685303,1.0553905963897705,0.0,0.0,1.0,0.0,0.52880859375,0.982421875
2267,855,0.01006114948540926,3.414048433303833,1.0553905963897705,0.0,0.0,1.0,0.0,0.6259765625,0.982421875
2268,853,0.9098728895187378,3.2004833221435547,1.0553905963897705,0.0,0.0,1.0,0.0,0.52880859375,0.9658203125
2269,855,0.01006114948540926,3.414048433303833,1.0553905963897705,0.0,0.0,1.0,0.0,0.6259765625,0.982421875
2270,856,0.028282318264245987,3.263197183609009,1.0553905963897705,0.0,0.0,1.0,0.0,0.6259765625,0.9658203125
2271,857,0.8913454413414001,3.3511617183685303,1.0553905963897705,0.0711669921875,0.99755859375,0.0,0.0,0.52880859375,0.982421875
2272,858,0.8913454413414001,3.3511617183685303,0.9719970226287842,0.0711669921875,0.99755859375,0.0,0.0,0.52880859375,0.99169921875
2273,859,0.01006114948540926,3.414048433303833,0.9719970226287842,0.0711669921875,0.99755859375,0.0,0.0,0.6259765625,0.99169921875
2274,857,0.8913454413414001,3.3511617183685303,1.0553905963897705,0.0711669921875,0.99755859375,0.0,0.0,0.52880859375,0.982421875
2275,859,0.01006114948540926,3.414048433303833,0.9719970226287842,0.0711669921875,0.99755859375,0.0,0.0,0.6259765625,0.99169921875
2276,860,0.01006114948540926,3.414048433303833,1.0553905963897705,0.0711669921875,0.99755859375,0.0,0.0,0.6259765625,0.982421875
2277,861,0.028282318264245987,3.263197183609009,1.0553905963897705,-0.99267578125,-0.11993408203125,0.0,0.0,0.6259765625,0.9658203125
2278,862,0.01006114948540926,3.414048433303833,1.0553905963897705,-0.99267578125,-0.11993408203125,0.0,0.0,0.6259765625,0.982421875
2279,863,0.01006114948540926,3.414048433303833,0.9719970226287842,-0.99267578125,-0.11993408203125,0.0,0.0,0.63525390625,0.982421875
2280,861,0.028282318264245987,3.263197183609009,1.0553905963897705,-0.99267578125,-0.11993408203125,0.0,0.0,0.6259765625,0.9658203125
2281,863,0.01006114948540926,3.414048433303833,0.9719970226287842,-0.99267578125,-0.11993408203125,0.0,0.0,0.63525390625,0.982421875
2282,864,0.028282318264245987,3.263197183609009,0.9719970226287842,-0.99267578125,-0.11993408203125,0.0,0.0,0.63525390625,0.9658203125
2283,865,0.9098728895187378,3.2004833221435547,0.9719970226287842,0.99267578125,0.1220703125,0.0,0.0,0.51953125,0.9658203125
2284,866,0.8913454413414001,3.3511617183685303,0.9719970226287842,0.99267578125,0.1220703125,0.0,0.0,0.51953125,0.982421875
2285,867,0.8913454413414001,3.3511617183685303,1.0553905963897705,0.99267578125,0.1220703125,0.0,0.0,0.52880859375,0.982421875
2286,865,0.9098728895187378,3.2004833221435547,0.9719970226287842,0.99267578125,0.1220703125,0.0,0.0,0.51953125,0.9658203125
2287,867,0.8913454413414001,3.3511617183685303,1.0553905963897705,0.99267578125,0.1220703125,0.0,0.0,0.52880859375,0.982421875
2288,868,0.9098728895187378,3.2004833221435547,1.0553905963897705,0.99267578125,0.1220703125,0.0,0.0,0.52880859375,0.9658203125
2289,869,0.9461912512779236,2.4585344791412354,1.0321727991104126,0.0,0.0,1.0,0.0,0.654296875,0.9658203125
2290,870,0.936416506767273,2.611076831817627,1.0321727991104126,0.0,0.0,1.0,0.0,0.654296875,0.982421875
2291,871,-0.0860983282327652,2.610592842102051,1.0321727991104126,0.0,0.0,1.0,0.0,0.76708984375,0.982421875
2292,869,0.9461912512779236,2.4585344791412354,1.0321727991104126,0.0,0.0,1.0,0.0,0.654296875,0.9658203125
2293,871,-0.0860983282327652,2.610592842102051,1.0321727991104126,0.0,0.0,1.0,0.0,0.76708984375,0.982421875
2294,872,-0.07641337811946869,2.458050489425659,1.0321727991104126,0.0,0.0,1.0,0.0,0.76708984375,0.9658203125
2295,873,0.936416506767273,2.611076831817627,1.0321727991104126,-0.00047326087951660156,1.0,0.0,0.0,0.654296875,0.982421875
2296,874,0.936416506767273,2.611076831817627,0.948779284954071,-0.00047326087951660156,1.0,0.0,0.0,0.654296875,0.99169921875
2297,875,-0.0860983282327652,2.610592842102051,0.948779284954071,-0.00047326087951660156,1.0,0.0,0.0,0.76708984375,0.99169921875
2298,873,0.936416506767273,2.611076831817627,1.0321727991104126,-0.00047326087951660156,1.0,0.0,0.0,0.654296875,0.982421875
2299,875,-0.0860983282327652,2.610592842102051,0.948779284954071,-0.00047326087951660156,1.0,0.0,0.0,0.76708984375,0.99169921875
2300,876,-0.0860983282327652,2.610592842102051,1.0321727991104126,-0.00047326087951660156,1.0,0.0,0.0,0.76708984375,0.982421875
2301,877,-0.07641337811946869,2.458050489425659,1.0321727991104126,-0.998046875,-0.0633544921875,0.0,0.0,0.76708984375,0.9658203125
2302,878,-0.0860983282327652,2.610592842102051,1.0321727991104126,-0.998046875,-0.0633544921875,0.0,0.0,0.76708984375,0.982421875
2303,879,-0.0860983282327652,2.610592842102051,0.948779284954071,-0.998046875,-0.0633544921875,0.0,0.0,0.7763671875,0.982421875
2304,877,-0.07641337811946869,2.458050489425659,1.0321727991104126,-0.998046875,-0.0633544921875,0.0,0.0,0.76708984375,0.9658203125
2305,879,-0.0860983282327652,2.610592842102051,0.948779284954071,-0.998046875,-0.0633544921875,0.0,0.0,0.7763671875,0.982421875
2306,880,-0.07641337811946869,2.458050489425659,0.948779284954071,-0.998046875,-0.0633544921875,0.0,0.0,0.7763671875,0.9658203125
2307,881,0.9461912512779236,2.4585344791412354,0.948779284954071,0.998046875,0.06396484375,0.0,0.0,0.6455078125,0.9658203125
2308,882,0.936416506767273,2.611076831817627,0.948779284954071,0.998046875,0.06396484375,0.0,0.0,0.6455078125,0.982421875
2309,883,0.936416506767273,2.611076831817627,1.0321727991104126,0.998046875,0.06396484375,0.0,0.0,0.654296875,0.982421875
2310,881,0.9461912512779236,2.4585344791412354,0.948779284954071,0.998046875,0.06396484375,0.0,0.0,0.6455078125,0.9658203125
2311,883,0.936416506767273,2.611076831817627,1.0321727991104126,0.998046875,0.06396484375,0.0,0.0,0.654296875,0.982421875
2312,884,0.9461912512779236,2.4585344791412354,1.0321727991104126,0.998046875,0.06396484375,0.0,0.0,0.654296875,0.9658203125
2313,885,1.0236982107162476,1.8247716426849365,1.0447264909744263,0.0,0.0,1.0,0.0,0.40283203125,0.5849609375
2314,886,1.0139236450195312,1.977313756942749,1.0447264909744263,0.0,0.0,1.0,0.0,0.419677734375,0.5849609375
2315,887,-0.008591231890022755,1.9768297672271729,1.0447264909744263,0.0,0.0,1.0,0.0,0.419677734375,0.472412109375
2316,885,1.0236982107162476,1.8247716426849365,1.0447264909744263,0.0,0.0,1.0,0.0,0.40283203125,0.5849609375
2317,887,-0.008591231890022755,1.9768297672271729,1.0447264909744263,0.0,0.0,1.0,0.0,0.419677734375,0.472412109375
2318,888,0.0010937118204310536,1.8242876529693604,1.0447264909744263,0.0,0.0,1.0,0.0,0.40283203125,0.472412109375
2319,889,1.0139236450195312,1.977313756942749,1.0447264909744263,-0.00047326087951660156,1.0,0.0,0.0,0.419677734375,0.5849609375
2320,890,1.0139236450195312,1.977313756942749,0.9613329768180847,-0.00047326087951660156,1.0,0.0,0.0,0.428955078125,0.5849609375
2321,891,-0.008591231890022755,1.9768297672271729,0.9613329768180847,-0.00047326087951660156,1.0,0.0,0.0,0.428955078125,0.472412109375
2322,889,1.0139236450195312,1.977313756942749,1.0447264909744263,-0.00047326087951660156,1.0,0.0,0.0,0.419677734375,0.5849609375
2323,891,-0.008591231890022755,1.9768297672271729,0.9613329768180847,-0.00047326087951660156,1.0,0.0,0.0,0.428955078125,0.472412109375
2324,892,-0.008591231890022755,1.9768297672271729,1.0447264909744263,-0.00047326087951660156,1.0,0.0,0.0,0.419677734375,0.472412109375
2325,893,0.0010937118204310536,1.8242876529693604,1.0447264909744263,-0.998046875,-0.0633544921875,0.0,0.0,0.40283203125,0.472412109375
2326,894,-0.008591231890022755,1.9768297672271729,1.0447264909744263,-0.998046875,-0.0633544921875,0.0,0.0,0.419677734375,0.472412109375
2327,895,-0.008591231890022755,1.9768297672271729,0.9613329768180847,-0.998046875,-0.0633544921875,0.0,0.0,0.419677734375,0.46337890625
2328,893,0.0010937118204310536,1.8242876529693604,1.0447264909744263,-0.998046875,-0.0633544921875,0.0,0.0,0.40283203125,0.472412109375
2329,895,-0.008591231890022755,1.9768297672271729,0.9613329768180847,-0.998046875,-0.0633544921875,0.0,0.0,0.419677734375,0.46337890625
2330,896,0.0010937118204310536,1.8242876529693604,0.9613329768180847,-0.998046875,-0.0633544921875,0.0,0.0,0.40283203125,0.46337890625
2331,897,1.0236982107162476,1.8247716426849365,0.9613329768180847,0.998046875,0.06396484375,0.0,0.0,0.40283203125,0.59423828125
2332,898,1.0139236450195312,1.977313756942749,0.9613329768180847,0.998046875,0.06396484375,0.0,0.0,0.419677734375,0.59423828125
2333,899,1.0139236450195312,1.977313756942749,1.0447264909744263,0.998046875,0.06396484375,0.0,0.0,0.419677734375,0.5849609375
2334,897,1.0236982107162476,1.8247716426849365,0.9613329768180847,0.998046875,0.06396484375,0.0,0.0,0.40283203125,0.59423828125
2335,899,1.0139236450195312,1.977313756942749,1.0447264909744263,0.998046875,0.06396484375,0.0,0.0,0.419677734375,0.5849609375
2336,900,1.0236982107162476,1.8247716426849365,1.0447264909744263,0.998046875,0.06396484375,0.0,0.0,0.40283203125,0.5849609375
2337,901,1.0233241319656372,1.26296067237854,1.0447264909744263,0.0,0.0,1.0,0.0,0.73046875,0.95703125
2338,902,1.0135494470596313,1.415502905845642,1.0447264909744263,0.0,0.0,1.0,0.0,0.73046875,0.9404296875
2339,903,-0.008965415880084038,1.415018916130066,1.0447264909744263,0.0,0.0,1.0,0.0,0.61767578125,0.9404296875
2340,901,1.0233241319656372,1.26296067237854,1.0447264909744263,0.0,0.0,1.0,0.0,0.73046875,0.95703125
2341,903,-0.008965415880084038,1.415018916130066,1.0447264909744263,0.0,0.0,1.0,0.0,0.61767578125,0.9404296875
2342,904,0.000719528179615736,1.2624766826629639,1.0447264909744263,0.0,0.0,1.0,0.0,0.61767578125,0.95703125
2343,905,1.0135494470596313,1.415502905845642,1.0447264909744263,-0.00047326087951660156,1.0,0.0,0.0,0.73046875,0.9404296875
2344,906,1.0135494470596313,1.415502905845642,0.9613329768180847,-0.00047326087951660156,1.0,0.0,0.0,0.73046875,0.93115234375
2345,907,-0.008965415880084038,1.415018916130066,0.9613329768180847,-0.00047326087951660156,1.0,0.0,0.0,0.61767578125,0.93115234375
2346,905,1.0135494470596313,1.415502905845642,1.0447264909744263,-0.00047326087951660156,1.0,0.0,0.0,0.73046875,0.9404296875
2347,907,-0.008965415880084038,1.415018916130066,0.9613329768180847,-0.00047326087951660156,1.0,0.0,0.0,0.61767578125,0.93115234375
2348,908,-0.008965415880084038,1.415018916130066,1.0447264909744263,-0.00047326087951660156,1.0,0.0,0.0,0.61767578125,0.9404296875
2349,909,0.000719528179615736,1.2624766826629639,1.0447264909744263,-0.998046875,-0.0633544921875,0.0,0.0,0.61767578125,0.95703125
2350,910,-0.008965415880084038,1.415018916130066,1.0447264909744263,-0.998046875,-0.0633544921875,0.0,0.0,0.61767578125,0.9404296875
2351,911,-0.008965415880084038,1.415018916130066,0.9613329768180847,-0.998046875,-0.0633544921875,0.0,0.0,0.60888671875,0.9404296875
2352,909,0.000719528179615736,1.2624766826629639,1.0447264909744263,-0.998046875,-0.0633544921875,0.0,0.0,0.61767578125,0.95703125
2353,911,-0.008965415880084038,1.415018916130066,0.9613329768180847,-0.998046875,-0.0633544921875,0.0,0.0,0.60888671875,0.9404296875
2354,912,0.000719528179615736,1.2624766826629639,0.9613329768180847,-0.998046875,-0.0633544921875,0.0,0.0,0.60888671875,0.95703125
2355,913,1.0233241319656372,1.26296067237854,0.9613329768180847,0.998046875,0.06396484375,0.0,0.0,0.73974609375,0.95703125
2356,914,1.0135494470596313,1.415502905845642,0.9613329768180847,0.998046875,0.06396484375,0.0,0.0,0.73974609375,0.9404296875
2357,915,1.0135494470596313,1.415502905845642,1.0447264909744263,0.998046875,0.06396484375,0.0,0.0,0.73046875,0.9404296875
2358,913,1.0233241319656372,1.26296067237854,0.9613329768180847,0.998046875,0.06396484375,0.0,0.0,0.73974609375,0.95703125
2359,915,1.0135494470596313,1.415502905845642,1.0447264909744263,0.998046875,0.06396484375,0.0,0.0,0.73046875,0.9404296875
2360,916,1.0233241319656372,1.26296067237854,1.0447264909744263,0.998046875,0.06396484375,0.0,0.0,0.73046875,0.95703125
2361,917,0.10644900053739548,4.283956050872803,1.0252490043640137,7.867813110351562e-06,-2.980232238769531e-07,1.0,0.0,0.2235107421875,0.3974609375
2362,918,-0.019182128831744194,0.7424875497817993,1.0252753496170044,7.867813110351562e-06,-2.980232238769531e-07,1.0,0.0,0.2235107421875,0.0074310302734375
2363,919,0.13514892756938934,0.7426056265830994,1.0252478122711182,7.867813110351562e-06,-2.980232238769531e-07,1.0,0.0,0.20654296875,0.0074310302734375
2364,917,0.10644900053739548,4.283956050872803,1.0252490043640137,7.867813110351562e-06,-2.980232238769531e-07,1.0,0.0,0.2235107421875,0.3974609375
2365,919,0.13514892756938934,0.7426056265830994,1.0252478122711182,7.867813110351562e-06,-2.980232238769531e-07,1.0,0.0,0.20654296875,0.0074310302734375
2366,920,0.26077771186828613,4.284078121185303,1.0252741575241089,7.867813110351562e-06,-2.980232238769531e-07,1.0,0.0,0.20654296875,0.3974609375
2367,921,0.10644900053739548,4.283956050872803,1.0252490043640137,-0.99951171875,0.03546142578125,0.0,0.0,0.2235107421875,0.3974609375
2368,922,0.10644900053739548,4.283956050872803,0.9418554306030273,-0.99951171875,0.03546142578125,0.0,0.0,0.232666015625,0.3974609375
2369,923,-0.019182128831744194,0.7424875497817993,0.9418554306030273,-0.99951171875,0.03546142578125,0.0,0.0,0.232666015625,0.0074310302734375
2370,921,0.10644900053739548,4.283956050872803,1.0252490043640137,-0.99951171875,0.03546142578125,0.0,0.0,0.2235107421875,0.3974609375
2371,923,-0.019182128831744194,0.7424875497817993,0.9418554306030273,-0.99951171875,0.03546142578125,0.0,0.0,0.232666015625,0.0074310302734375
2372,924,-0.019182128831744194,0.7424875497817993,1.0252753496170044,-0.99951171875,0.03546142578125,0.0,0.0,0.2235107421875,0.0074310302734375
2373,925,0.13514892756938934,0.7426056265830994,1.0252478122711182,0.99951171875,-0.03546142578125,0.0,0.0,0.20654296875,0.0074310302734375
2374,926,0.13514892756938934,0.7426056265830994,0.9418554306030273,0.99951171875,-0.03546142578125,0.0,0.0,0.197265625,0.0074310302734375
2375,927,0.26077771186828613,4.284078121185303,0.9418554306030273,0.99951171875,-0.03546142578125,0.0,0.0,0.197265625,0.3974609375
2376,925,0.13514892756938934,0.7426056265830994,1.0252478122711182,0.99951171875,-0.03546142578125,0.0,0.0,0.20654296875,0.0074310302734375
2377,927,0.26077771186828613,4.284078121185303,0.9418554306030273,0.99951171875,-0.03546142578125,0.0,0.0,0.197265625,0.3974609375
2378,928,0.26077771186828613,4.284078121185303,1.0252741575241089,0.99951171875,-0.03546142578125,0.0,0.0,0.20654296875,0.3974609375
2379,929,0.6585644483566284,4.296487808227539,1.0252658128738403,0.0,0.0,1.0,0.0,0.18115234375,0.398681640625
2380,930,0.7398315072059631,0.7424875497817993,1.0252490043640137,0.0,0.0,1.0,0.0,0.18115234375,0.00745391845703125
2381,931,0.8941625952720642,0.7426056265830994,1.0252658128738403,0.0,0.0,1.0,0.0,0.1641845703125,0.00745391845703125
2382,929,0.6585644483566284,4.296487808227539,1.0252658128738403,0.0,0.0,1.0,0.0,0.18115234375,0.398681640625
2383,931,0.8941625952720642,0.7426056265830994,1.0252658128738403,0.0,0.0,1.0,0.0,0.1641845703125,0.00745391845703125
2384,932,0.8128954768180847,4.296609878540039,1.0252490043640137,0.0,0.0,1.0,0.0,0.1641845703125,0.398681640625
2385,933,0.6585644483566284,4.296487808227539,1.0252658128738403,-0.99951171875,-0.022857666015625,0.0,0.0,0.18115234375,0.398681640625
2386,934,0.6585644483566284,4.296487808227539,0.9418554306030273,-0.99951171875,-0.022857666015625,0.0,0.0,0.1903076171875,0.398681640625
2387,935,0.7398315072059631,0.7424875497817993,0.9418554306030273,-0.99951171875,-0.022857666015625,0.0,0.0,0.1903076171875,0.00745391845703125
2388,933,0.6585644483566284,4.296487808227539,1.0252658128738403,-0.99951171875,-0.022857666015625,0.0,0.0,0.18115234375,0.398681640625
2389,935,0.7398315072059631,0.7424875497817993,0.9418554306030273,-0.99951171875,-0.022857666015625,0.0,0.0,0.1903076171875,0.00745391845703125
2390,936,0.7398315072059631,0.7424875497817993,1.0252490043640137,-0.99951171875,-0.022857666015625,0.0,0.0,0.18115234375,0.00745391845703125
2391,937,0.8941625952720642,0.7426056265830994,1.0252658128738403,0.99951171875,0.022857666015625,0.0,0.0,0.1641845703125,0.00745391845703125
2392,938,0.8941625952720642,0.7426056265830994,0.9418554306030273,0.99951171875,0.022857666015625,0.0,0.0,0.1549072265625,0.00745391845703125
2393,939,0.8128954768180847,4.296609878540039,0.9418554306030273,0.99951171875,0.022857666015625,0.0,0.0,0.1549072265625,0.398681640625
2394,937,0.8941625952720642,0.7426056265830994,1.0252658128738403,0.99951171875,0.022857666015625,0.0,0.0,0.1641845703125,0.00745391845703125
2395,939,0.8128954768180847,4.296609878540039,0.9418554306030273,0.99951171875,0.022857666015625,0.0,0.0,0.1549072265625,0.398681640625
2396,940,0.8128954768180847,4.296609878540039,1.0252490043640137,0.99951171875,0.022857666015625,0.0,0.0,0.1641845703125,0.398681640625
2397,941,1.0372275114059448,4.504897117614746,-0.8787907361984253,-0.64501953125,0.76123046875,0.07080078125,0.0,0.845703125,0.4228515625
2398,942,0.9150850176811218,4.392200946807861,0.8153673410415649,-0.66064453125,0.75,-0.039093017578125,0.0,0.828125,0.615234375
2399,943,1.0377625226974487,4.504907608032227,0.9163369536399841,-0.64599609375,0.76025390625,-0.06854248046875,0.0,0.845703125,0.62939453125
2400,944,0.8883774876594543,4.50486421585083,1.0692999362945557,-0.0692138671875,0.7626953125,-0.642578125,0.0,0.82568359375,0.6494140625
2401,943,1.0377625226974487,4.504907608032227,0.9163369536399841,-0.64599609375,0.76025390625,-0.06854248046875,0.0,0.845703125,0.62939453125
2402,942,0.9150850176811218,4.392200946807861,0.8153673410415649,-0.66064453125,0.75,-0.039093017578125,0.0,0.828125,0.615234375
2403,941,1.0372275114059448,4.504897117614746,-0.8787907361984253,-0.64501953125,0.76123046875,0.07080078125,0.0,0.845703125,0.4228515625
2404,945,0.915033221244812,4.39132022857666,-0.7781438231468201,-0.65966796875,0.75048828125,0.040863037109375,0.0,0.828125,0.4365234375
2405,942,0.9150850176811218,4.392200946807861,0.8153673410415649,-0.66064453125,0.75,-0.039093017578125,0.0,0.828125,0.615234375
2406,944,0.8883774876594543,4.50486421585083,1.0692999362945557,-0.0692138671875,0.7626953125,-0.642578125,0.0,0.82568359375,0.6494140625
2407,942,0.9150850176811218,4.392200946807861,0.8153673410415649,-0.66064453125,0.75,-0.039093017578125,0.0,0.828125,0.615234375
2408,946,0.7878232598304749,4.392200946807861,0.9463702440261841,-0.040618896484375,0.7529296875,-0.6572265625,0.0,0.8115234375,0.63232421875
2409,944,0.8883774876594543,4.50486421585083,1.0692999362945557,-0.0692138671875,0.7626953125,-0.642578125,0.0,0.82568359375,0.6494140625
2410,946,0.7878232598304749,4.392200946807861,0.9463702440261841,-0.040618896484375,0.7529296875,-0.6572265625,0.0,0.8115234375,0.63232421875
2411,947,-0.8112178444862366,4.392202377319336,0.9464730024337769,0.03900146484375,0.751953125,-0.65771484375,0.0,0.6318359375,0.63232421875
2412,944,0.8883774876594543,4.50486421585083,1.0692999362945557,-0.0692138671875,0.7626953125,-0.642578125,0.0,0.82568359375,0.6494140625
2413,947,-0.8112178444862366,4.392202377319336,0.9464730024337769,0.03900146484375,0.751953125,-0.65771484375,0.0,0.6318359375,0.63232421875
2414,948,-0.9118214249610901,4.50490140914917,1.069288730621338,0.068115234375,0.76220703125,-0.6435546875,0.0,0.61767578125,0.6494140625
2415,948,-0.9118214249610901,4.50490140914917,1.069288730621338,0.068115234375,0.76220703125,-0.6435546875,0.0,0.61767578125,0.6494140625
2416,947,-0.8112178444862366,4.392202377319336,0.9464730024337769,0.03900146484375,0.751953125,-0.65771484375,0.0,0.6318359375,0.63232421875
2417,949,-0.942220151424408,4.392200946807861,0.8192142248153687,0.65673828125,0.7529296875,-0.040679931640625,0.0,0.61572265625,0.615234375
2418,948,-0.9118214249610901,4.50490140914917,1.069288730621338,0.068115234375,0.76220703125,-0.6435546875,0.0,0.61767578125,0.6494140625
2419,949,-0.942220151424408,4.392200946807861,0.8192142248153687,0.65673828125,0.7529296875,-0.040679931640625,0.0,0.61572265625,0.615234375
2420,950,-1.0651477575302124,4.50486421585083,0.9197668433189392,0.642578125,0.7626953125,-0.0693359375,0.0,0.59814453125,0.62890625
2421,950,-1.0651477575302124,4.50486421585083,0.9197668433189392,0.642578125,0.7626953125,-0.0693359375,0.0,0.59814453125,0.62890625
2422,949,-0.942220151424408,4.392200946807861,0.8192142248153687,0.65673828125,0.7529296875,-0.040679931640625,0.0,0.61572265625,0.615234375
2423,951,-0.9422716498374939,4.392208576202393,-0.7781438231468201,0.6572265625,0.7529296875,0.04083251953125,0.0,0.61572265625,0.4365234375
2424,950,-1.0651477575302124,4.50486421585083,0.9197668433189392,0.642578125,0.7626953125,-0.0693359375,0.0,0.59814453125,0.62890625
2425,951,-0.9422716498374939,4.392208576202393,-0.7781438231468201,0.6572265625,0.7529296875,0.04083251953125,0.0,0.61572265625,0.4365234375
2426,952,-1.065077304840088,4.5049004554748535,-0.878619372844696,0.642578125,0.76318359375,0.0701904296875,0.0,0.59814453125,0.422607421875
2427,952,-1.065077304840088,4.5049004554748535,-0.878619372844696,0.642578125,0.76318359375,0.0701904296875,0.0,0.59814453125,0.422607421875
2428,951,-0.9422716498374939,4.392208576202393,-0.7781438231468201,0.6572265625,0.7529296875,0.04083251953125,0.0,0.61572265625,0.4365234375
2429,953,-0.8095320463180542,4.3922119140625,-0.9108835458755493,0.040924072265625,0.75146484375,0.658203125,0.0,0.6328125,0.419189453125
2430,952,-1.065077304840088,4.5049004554748535,-0.878619372844696,0.642578125,0.76318359375,0.0701904296875,0.0,0.59814453125,0.422607421875
2431,953,-0.8095320463180542,4.3922119140625,-0.9108835458755493,0.040924072265625,0.75146484375,0.658203125,0.0,0.6328125,0.419189453125
2432,954,-0.9101786613464355,4.504897117614746,-1.0330761671066284,0.07073974609375,0.76220703125,0.6435546875,0.0,0.61865234375,0.40185546875
2433,941,1.0372275114059448,4.504897117614746,-0.8787907361984253,-0.64501953125,0.76123046875,0.07080078125,0.0,0.845703125,0.4228515625
2434,955,0.782293438911438,4.392207622528076,-0.9108835458755493,-0.040924072265625,0.75146484375,0.658203125,0.0,0.8115234375,0.419189453125
2435,945,0.915033221244812,4.39132022857666,-0.7781438231468201,-0.65966796875,0.75048828125,0.040863037109375,0.0,0.828125,0.4365234375
2436,954,-0.9101786613464355,4.504897117614746,-1.0330761671066284,0.07073974609375,0.76220703125,0.6435546875,0.0,0.61865234375,0.40185546875
2437,953,-0.8095320463180542,4.3922119140625,-0.9108835458755493,0.040924072265625,0.75146484375,0.658203125,0.0,0.6328125,0.419189453125
2438,955,0.782293438911438,4.392207622528076,-0.9108835458755493,-0.040924072265625,0.75146484375,0.658203125,0.0,0.8115234375,0.419189453125
2439,941,1.0372275114059448,4.504897117614746,-0.8787907361984253,-0.64501953125,0.76123046875,0.07080078125,0.0,0.845703125,0.4228515625
2440,956,0.8831475377082825,4.50490665435791,-1.033544898033142,-0.07061767578125,0.76220703125,0.6435546875,0.0,0.8251953125,0.40185546875
2441,955,0.782293438911438,4.392207622528076,-0.9108835458755493,-0.040924072265625,0.75146484375,0.658203125,0.0,0.8115234375,0.419189453125
2442,954,-0.9101786613464355,4.504897117614746,-1.0330761671066284,0.07073974609375,0.76220703125,0.6435546875,0.0,0.61865234375,0.40185546875
2443,955,0.782293438911438,4.392207622528076,-0.9108835458755493,-0.040924072265625,0.75146484375,0.658203125,0.0,0.8115234375,0.419189453125
2444,956,0.8831475377082825,4.50490665435791,-1.033544898033142,-0.07061767578125,0.76220703125,0.6435546875,0.0,0.8251953125,0.40185546875
2445,957,0.9795742630958557,4.504885673522949,1.2761110067367554,1.3709068298339844e-06,1.0,-6.973743438720703e-06,0.0,0.83642578125,0.67236328125
2446,958,1.2448257207870483,4.504885673522949,1.0029007196426392,6.103515625e-05,1.0,4.589557647705078e-06,0.0,0.86865234375,0.6396484375
2447,959,1.0377625226974487,4.504907608032227,0.9163369536399841,6.145238876342773e-05,1.0,4.470348358154297e-06,0.0,0.845703125,0.62939453125
2448,959,1.0377625226974487,4.504907608032227,0.9163369536399841,6.145238876342773e-05,1.0,4.470348358154297e-06,0.0,0.845703125,0.62939453125
2449,958,1.2448257207870483,4.504885673522949,1.0029007196426392,6.103515625e-05,1.0,4.589557647705078e-06,0.0,0.86865234375,0.6396484375
2450,960,1.2473748922348022,4.504885673522949,-0.9691969156265259,7.68899917602539e-05,1.0,-8.225440979003906e-06,0.0,0.86865234375,0.412353515625
2451,957,0.9795742630958557,4.504885673522949,1.2761110067367554,1.3709068298339844e-06,1.0,-6.973743438720703e-06,0.0,0.83642578125,0.67236328125
2452,959,1.0377625226974487,4.504907608032227,0.9163369536399841,6.145238876342773e-05,1.0,4.470348358154297e-06,0.0,0.845703125,0.62939453125
2453,961,0.8883774876594543,4.50486421585083,1.0692999362945557,1.6689300537109375e-06,1.0,-7.331371307373047e-06,0.0,0.82568359375,0.6494140625
2454,959,1.0377625226974487,4.504907608032227,0.9163369536399841,6.145238876342773e-05,1.0,4.470348358154297e-06,0.0,0.845703125,0.62939453125
2455,960,1.2473748922348022,4.504885673522949,-0.9691969156265259,7.68899917602539e-05,1.0,-8.225440979003906e-06,0.0,0.86865234375,0.412353515625
2456,962,1.0372275114059448,4.504897117614746,-0.8787907361984253,7.69495964050293e-05,1.0,-8.046627044677734e-06,0.0,0.845703125,0.4228515625
2457,963,-0.9118214249610901,4.50490140914917,1.069288730621338,3.6954879760742188e-06,1.0,-2.1457672119140625e-05,0.0,0.61767578125,0.6494140625
2458,957,0.9795742630958557,4.504885673522949,1.2761110067367554,1.3709068298339844e-06,1.0,-6.973743438720703e-06,0.0,0.83642578125,0.67236328125
2459,961,0.8883774876594543,4.50486421585083,1.0692999362945557,1.6689300537109375e-06,1.0,-7.331371307373047e-06,0.0,0.82568359375,0.6494140625
2460,963,-0.9118214249610901,4.50490140914917,1.069288730621338,3.6954879760742188e-06,1.0,-2.1457672119140625e-05,0.0,0.61767578125,0.6494140625
2461,964,-0.9999240040779114,4.504885673522949,1.2787634134292603,3.516674041748047e-06,1.0,-2.1576881408691406e-05,0.0,0.607421875,0.67236328125
2462,957,0.9795742630958557,4.504885673522949,1.2761110067367554,1.3709068298339844e-06,1.0,-6.973743438720703e-06,0.0,0.83642578125,0.67236328125
2463,960,1.2473748922348022,4.504885673522949,-0.9691969156265259,7.68899917602539e-05,1.0,-8.225440979003906e-06,0.0,0.86865234375,0.412353515625
2464,965,0.8831475377082825,4.50490665435791,-1.033544898033142,6.794929504394531e-06,1.0,-7.134675979614258e-05,0.0,0.8251953125,0.40185546875
2465,962,1.0372275114059448,4.504897117614746,-0.8787907361984253,7.69495964050293e-05,1.0,-8.046627044677734e-06,0.0,0.845703125,0.4228515625
2466,960,1.2473748922348022,4.504885673522949,-0.9691969156265259,7.68899917602539e-05,1.0,-8.225440979003906e-06,0.0,0.86865234375,0.412353515625
2467,966,0.9726107716560364,4.504885673522949,-1.24322509765625,7.033348083496094e-06,1.0,-7.12275505065918e-05,0.0,0.8359375,0.378662109375
2468,965,0.8831475377082825,4.50490665435791,-1.033544898033142,6.794929504394531e-06,1.0,-7.134675979614258e-05,0.0,0.8251953125,0.40185546875
2469,967,-1.274612545967102,4.504885673522949,1.0121231079101562,8.940696716308594e-06,1.0,8.940696716308594e-07,0.0,0.5751953125,0.6396484375
2470,964,-0.9999240040779114,4.504885673522949,1.2787634134292603,3.516674041748047e-06,1.0,-2.1576881408691406e-05,0.0,0.607421875,0.67236328125
2471,963,-0.9118214249610901,4.50490140914917,1.069288730621338,3.6954879760742188e-06,1.0,-2.1457672119140625e-05,0.0,0.61767578125,0.6494140625
2472,967,-1.274612545967102,4.504885673522949,1.0121231079101562,8.940696716308594e-06,1.0,8.940696716308594e-07,0.0,0.5751953125,0.6396484375
2473,963,-0.9118214249610901,4.50490140914917,1.069288730621338,3.6954879760742188e-06,1.0,-2.1457672119140625e-05,0.0,0.61767578125,0.6494140625
2474,968,-1.0651477575302124,4.50486421585083,0.9197668433189392,9.179115295410156e-06,1.0,1.1920928955078125e-06,0.0,0.59814453125,0.62890625
2475,965,0.8831475377082825,4.50490665435791,-1.033544898033142,6.794929504394531e-06,1.0,-7.134675979614258e-05,0.0,0.8251953125,0.40185546875
2476,966,0.9726107716560364,4.504885673522949,-1.24322509765625,7.033348083496094e-06,1.0,-7.12275505065918e-05,0.0,0.8359375,0.378662109375
2477,969,-1.0002292394638062,4.504885673522949,-1.24322509765625,-7.748603820800781e-06,1.0,-7.230043411254883e-05,0.0,0.60791015625,0.378662109375
2478,965,0.8831475377082825,4.50490665435791,-1.033544898033142,6.794929504394531e-06,1.0,-7.134675979614258e-05,0.0,0.8251953125,0.40185546875
2479,969,-1.0002292394638062,4.504885673522949,-1.24322509765625,-7.748603820800781e-06,1.0,-7.230043411254883e-05,0.0,0.60791015625,0.378662109375
2480,970,-0.9101786613464355,4.504897117614746,-1.0330761671066284,-7.62939453125e-06,1.0,-7.241964340209961e-05,0.0,0.61865234375,0.40185546875
2481,971,-1.065077304840088,4.5049004554748535,-0.878619372844696,8.404254913330078e-06,1.0,1.7881393432617188e-06,0.0,0.59814453125,0.422607421875
2482,967,-1.274612545967102,4.504885673522949,1.0121231079101562,8.940696716308594e-06,1.0,8.940696716308594e-07,0.0,0.5751953125,0.6396484375
2483,968,-1.0651477575302124,4.50486421585083,0.9197668433189392,9.179115295410156e-06,1.0,1.1920928955078125e-06,0.0,0.59814453125,0.62890625
2484,969,-1.0002292394638062,4.504885673522949,-1.24322509765625,-7.748603820800781e-06,1.0,-7.230043411254883e-05,0.0,0.60791015625,0.378662109375
2485,971,-1.065077304840088,4.5049004554748535,-0.878619372844696,8.404254913330078e-06,1.0,1.7881393432617188e-06,0.0,0.59814453125,0.422607421875
2486,970,-0.9101786613464355,4.504897117614746,-1.0330761671066284,-7.62939453125e-06,1.0,-7.241964340209961e-05,0.0,0.61865234375,0.40185546875
2487,971,-1.065077304840088,4.5049004554748535,-0.878619372844696,8.404254913330078e-06,1.0,1.7881393432617188e-06,0.0,0.59814453125,0.422607421875
2488,972,-1.274612545967102,4.504885673522949,-0.9686283469200134,8.165836334228516e-06,1.0,1.5497207641601562e-06,0.0,0.5751953125,0.412109375
2489,967,-1.274612545967102,4.504885673522949,1.0121231079101562,8.940696716308594e-06,1.0,8.940696716308594e-07,0.0,0.5751953125,0.6396484375
2490,969,-1.0002292394638062,4.504885673522949,-1.24322509765625,-7.748603820800781e-06,1.0,-7.230043411254883e-05,0.0,0.60791015625,0.378662109375
2491,972,-1.274612545967102,4.504885673522949,-0.9686283469200134,8.165836334228516e-06,1.0,1.5497207641601562e-06,0.0,0.5751953125,0.412109375
2492,971,-1.065077304840088,4.5049004554748535,-0.878619372844696,8.404254913330078e-06,1.0,1.7881393432617188e-06,0.0,0.59814453125,0.422607421875
2493,973,-1.1278337240219116,1.023013949394226,1.1319843530654907,0.0002548694610595703,1.0,-5.8531761169433594e-05,0.0,0.56201171875,0.401123046875
2494,974,-1.0476367473602295,1.0228346586227417,1.1692256927490234,6.0439109802246094e-05,1.0,0.0003573894500732422,0.0,0.55322265625,0.39697265625
2495,975,-0.8950513005256653,1.0229378938674927,0.8477203249931335,-0.0001842975616455078,1.0,0.00017321109771728516,0.0,0.53662109375,0.432373046875
2496,973,-1.1278337240219116,1.023013949394226,1.1319843530654907,0.0002548694610595703,1.0,-5.8531761169433594e-05,0.0,0.56201171875,0.401123046875
2497,975,-0.8950513005256653,1.0229378938674927,0.8477203249931335,-0.0001842975616455078,1.0,0.00017321109771728516,0.0,0.53662109375,0.432373046875
2498,976,-1.1650736331939697,1.0228290557861328,1.0517878532409668,-0.00045609474182128906,1.0,-8.183717727661133e-05,0.0,0.56640625,0.409912109375
2499,977,1.0203990936279297,1.0228290557861328,1.1692256927490234,-5.942583084106445e-05,1.0,0.00035881996154785156,0.0,0.32568359375,0.39697265625
2500,975,-0.8950513005256653,1.0229378938674927,0.8477203249931335,-0.0001842975616455078,1.0,0.00017321109771728516,0.0,0.53662109375,0.432373046875
2501,974,-1.0476367473602295,1.0228346586227417,1.1692256927490234,6.0439109802246094e-05,1.0,0.0003573894500732422,0.0,0.55322265625,0.39697265625
2502,976,-1.1650736331939697,1.0228290557861328,1.0517878532409668,-0.00045609474182128906,1.0,-8.183717727661133e-05,0.0,0.56640625,0.409912109375
2503,975,-0.8950513005256653,1.0229378938674927,0.8477203249931335,-0.0001842975616455078,1.0,0.00017321109771728516,0.0,0.53662109375,0.432373046875
2504,978,-0.8949378728866577,1.0229378938674927,-0.8122893571853638,-0.0001856088638305664,1.0,-0.00017189979553222656,0.0,0.53662109375,0.615234375
2505,977,1.0203990936279297,1.0228290557861328,1.1692256927490234,-5.942583084106445e-05,1.0,0.00035881996154785156,0.0,0.32568359375,0.39697265625
2506,979,0.8677011132240295,1.0229378938674927,0.8478274345397949,0.0001857280731201172,1.0,0.00017189979553222656,0.0,0.342529296875,0.432373046875
2507,975,-0.8950513005256653,1.0229378938674927,0.8477203249931335,-0.0001842975616455078,1.0,0.00017321109771728516,0.0,0.53662109375,0.432373046875
2508,976,-1.1650736331939697,1.0228290557861328,1.0517878532409668,-0.00045609474182128906,1.0,-8.183717727661133e-05,0.0,0.56640625,0.409912109375
2509,978,-0.8949378728866577,1.0229378938674927,-0.8122893571853638,-0.0001856088638305664,1.0,-0.00017189979553222656,0.0,0.53662109375,0.615234375
2510,980,-1.1650736331939697,1.0228346586227417,-1.0162500143051147,-0.0004532337188720703,1.0,8.225440979003906e-05,0.0,0.56640625,0.6376953125
2511,981,-1.1278342008590698,1.023013949394226,-1.0964463949203491,0.00030541419982910156,1.0,1.704692840576172e-05,0.0,0.56201171875,0.646484375
2512,980,-1.1650736331939697,1.0228346586227417,-1.0162500143051147,-0.0004532337188720703,1.0,8.225440979003906e-05,0.0,0.56640625,0.6376953125
2513,978,-0.8949378728866577,1.0229378938674927,-0.8122893571853638,-0.0001856088638305664,1.0,-0.00017189979553222656,0.0,0.53662109375,0.615234375
2514,981,-1.1278342008590698,1.023013949394226,-1.0964463949203491,0.00030541419982910156,1.0,1.704692840576172e-05,0.0,0.56201171875,0.646484375
2515,978,-0.8949378728866577,1.0229378938674927,-0.8122893571853638,-0.0001856088638305664,1.0,-0.00017189979553222656,0.0,0.53662109375,0.615234375
2516,982,-1.0476375818252563,1.0228290557861328,-1.133686900138855,5.942583084106445e-05,1.0,-0.00035881996154785156,0.0,0.55322265625,0.650390625
2517,983,1.100596308708191,1.023013949394226,1.1319844722747803,-0.0003058910369873047,1.0,-1.621246337890625e-05,0.0,0.31689453125,0.401123046875
2518,979,0.8677011132240295,1.0229378938674927,0.8478274345397949,0.0001857280731201172,1.0,0.00017189979553222656,0.0,0.342529296875,0.432373046875
2519,977,1.0203990936279297,1.0228290557861328,1.1692256927490234,-5.942583084106445e-05,1.0,0.00035881996154785156,0.0,0.32568359375,0.39697265625
2520,983,1.100596308708191,1.023013949394226,1.1319844722747803,-0.0003058910369873047,1.0,-1.621246337890625e-05,0.0,0.31689453125,0.401123046875
2521,984,1.137837529182434,1.0228346586227417,1.0517878532409668,0.0004534721374511719,1.0,-8.243322372436523e-05,0.0,0.312744140625,0.409912109375
2522,979,0.8677011132240295,1.0229378938674927,0.8478274345397949,0.0001857280731201172,1.0,0.00017189979553222656,0.0,0.342529296875,0.432373046875
2523,985,1.1378384828567505,1.0228289365768433,-1.0162500143051147,0.0004563331604003906,1.0,8.183717727661133e-05,0.0,0.312744140625,0.6376953125
2524,979,0.8677011132240295,1.0229378938674927,0.8478274345397949,0.0001857280731201172,1.0,0.00017189979553222656,0.0,0.342529296875,0.432373046875
2525,984,1.137837529182434,1.0228346586227417,1.0517878532409668,0.0004534721374511719,1.0,-8.243322372436523e-05,0.0,0.312744140625,0.409912109375
2526,982,-1.0476375818252563,1.0228290557861328,-1.133686900138855,5.942583084106445e-05,1.0,-0.00035881996154785156,0.0,0.55322265625,0.650390625
2527,978,-0.8949378728866577,1.0229378938674927,-0.8122893571853638,-0.0001856088638305664,1.0,-0.00017189979553222656,0.0,0.53662109375,0.615234375
2528,986,0.8678141832351685,1.0229378938674927,-0.8121826648712158,0.0001844167709350586,1.0,-0.00017321109771728516,0.0,0.342529296875,0.615234375
2529,985,1.1378384828567505,1.0228289365768433,-1.0162500143051147,0.0004563331604003906,1.0,8.183717727661133e-05,0.0,0.312744140625,0.6376953125
2530,986,0.8678141832351685,1.0229378938674927,-0.8121826648712158,0.0001844167709350586,1.0,-0.00017321109771728516,0.0,0.342529296875,0.615234375
2531,979,0.8677011132240295,1.0229378938674927,0.8478274345397949,0.0001857280731201172,1.0,0.00017189979553222656,0.0,0.342529296875,0.432373046875
2532,982,-1.0476375818252563,1.0228290557861328,-1.133686900138855,5.942583084106445e-05,1.0,-0.00035881996154785156,0.0,0.55322265625,0.650390625
2533,986,0.8678141832351685,1.0229378938674927,-0.8121826648712158,0.0001844167709350586,1.0,-0.00017321109771728516,0.0,0.342529296875,0.615234375
2534,987,1.0203988552093506,1.0228346586227417,-1.133686900138855,-6.0439109802246094e-05,1.0,-0.0003573894500732422,0.0,0.32568359375,0.650390625
2535,988,1.100596308708191,1.023013949394226,-1.0964466333389282,-0.0002541542053222656,1.0,5.9723854064941406e-05,0.0,0.31689453125,0.646484375
2536,986,0.8678141832351685,1.0229378938674927,-0.8121826648712158,0.0001844167709350586,1.0,-0.00017321109771728516,0.0,0.342529296875,0.615234375
2537,985,1.1378384828567505,1.0228289365768433,-1.0162500143051147,0.0004563331604003906,1.0,8.183717727661133e-05,0.0,0.312744140625,0.6376953125
2538,988,1.100596308708191,1.023013949394226,-1.0964466333389282,-0.0002541542053222656,1.0,5.9723854064941406e-05,0.0,0.31689453125,0.646484375
2539,987,1.0203988552093506,1.0228346586227417,-1.133686900138855,-6.0439109802246094e-05,1.0,-0.0003573894500732422,0.0,0.32568359375,0.650390625
2540,986,0.8678141832351685,1.0229378938674927,-0.8121826648712158,0.0001844167709350586,1.0,-0.00017321109771728516,0.0,0.342529296875,0.615234375
