VTX,IDX,in_POSITION0.x,in_POSITION0.y,in_POSITION0.z,in_NORMAL0.x,in_NORMAL0.y,in_NORMAL0.z,in_NORMAL0.w,in_TEXCOORD0.x,in_TEXCOORD0.y
0,0,-0.3088719844818115,9.627452850341797,-0.18596108257770538,0.326416015625,0.0,-0.9453125,0.0,0.289306640625,0.8857421875
1,1,-0.3088719844818115,9.772753715515137,-0.18596108257770538,0.326416015625,0.0,-0.9453125,0.0,0.255126953125,0.8857421875
2,2,-0.041234105825424194,9.772753715515137,-0.09353066235780716,0.326416015625,0.0,-0.9453125,0.0,0.255126953125,0.9501953125
3,0,-0.3088719844818115,9.627452850341797,-0.18596108257770538,0.326416015625,0.0,-0.9453125,0.0,0.289306640625,0.8857421875
4,2,-0.041234105825424194,9.772753715515137,-0.09353066235780716,0.326416015625,0.0,-0.9453125,0.0,0.255126953125,0.9501953125
5,3,-0.041234105825424194,9.627452850341797,-0.09353066235780716,0.326416015625,0.0,-0.9453125,0.0,0.289306640625,0.9501953125
6,4,-0.3088719844818115,9.772753715515137,-0.18596108257770538,0.0,1.0,-1.1920928955078125e-06,0.0,0.255126953125,0.8857421875
7,5,-0.35608822107315063,9.772753715515137,-0.04924367740750313,0.0,1.0,-1.1920928955078125e-06,0.0,0.22119140625,0.8857421875
8,6,-0.08845031261444092,9.772753715515137,0.0431867353618145,0.0,1.0,-1.1920928955078125e-06,0.0,0.22119140625,0.9501953125
9,4,-0.3088719844818115,9.772753715515137,-0.18596108257770538,0.0,1.0,-1.1920928955078125e-06,0.0,0.255126953125,0.8857421875
10,6,-0.08845031261444092,9.772753715515137,0.0431867353618145,0.0,1.0,-1.1920928955078125e-06,0.0,0.22119140625,0.9501953125
11,7,-0.041234105825424194,9.772753715515137,-0.09353066235780716,0.0,1.0,-1.1920928955078125e-06,0.0,0.255126953125,0.9501953125
12,8,-0.35608822107315063,9.772753715515137,-0.04924367740750313,-0.326416015625,0.0,0.9453125,0.0,0.22119140625,0.8857421875
13,9,-0.35608822107315063,9.627452850341797,-0.04924367740750313,-0.326416015625,0.0,0.9453125,0.0,0.18701171875,0.8857421875
14,10,-0.08845031261444092,9.627452850341797,0.0431867353618145,-0.326416015625,0.0,0.9453125,0.0,0.18701171875,0.9501953125
15,8,-0.35608822107315063,9.772753715515137,-0.04924367740750313,-0.326416015625,0.0,0.9453125,0.0,0.22119140625,0.8857421875
16,10,-0.08845031261444092,9.627452850341797,0.0431867353618145,-0.326416015625,0.0,0.9453125,0.0,0.18701171875,0.9501953125
17,11,-0.08845031261444092,9.772753715515137,0.0431867353618145,-0.326416015625,0.0,0.9453125,0.0,0.22119140625,0.9501953125
18,12,-0.35608822107315063,9.627452850341797,-0.04924367740750313,-0.9453125,0.0,-0.326416015625,0.0,0.485595703125,0.99072265625
19,13,-0.35608822107315063,9.772753715515137,-0.04924367740750313,-0.9453125,0.0,-0.326416015625,0.0,0.51904296875,0.99072265625
20,14,-0.3088719844818115,9.772753715515137,-0.18596108257770538,-0.9453125,0.0,-0.326416015625,0.0,0.51904296875,0.95703125
21,12,-0.35608822107315063,9.627452850341797,-0.04924367740750313,-0.9453125,0.0,-0.326416015625,0.0,0.485595703125,0.99072265625
22,14,-0.3088719844818115,9.772753715515137,-0.18596108257770538,-0.9453125,0.0,-0.326416015625,0.0,0.51904296875,0.95703125
23,15,-0.3088719844818115,9.627452850341797,-0.18596108257770538,-0.9453125,0.0,-0.326416015625,0.0,0.485595703125,0.95703125
24,16,0.32998180389404297,9.627452850341797,0.18565130233764648,-0.329345703125,0.0,0.9443359375,0.0,0.28955078125,0.81201171875
25,17,0.32998180389404297,9.772753715515137,0.18565130233764648,-0.329345703125,0.0,0.9443359375,0.0,0.255859375,0.81201171875
26,18,0.07187443971633911,9.772753715515137,0.09564922004938126,-0.329345703125,0.0,0.9443359375,0.0,0.255859375,0.87548828125
27,16,0.32998180389404297,9.627452850341797,0.18565130233764648,-0.329345703125,0.0,0.9443359375,0.0,0.28955078125,0.81201171875
28,18,0.07187443971633911,9.772753715515137,0.09564922004938126,-0.329345703125,0.0,0.9443359375,0.0,0.255859375,0.87548828125
29,19,0.07187443971633911,9.627452850341797,0.09564922004938126,-0.329345703125,0.0,0.9443359375,0.0,0.28955078125,0.87548828125
30,20,0.32998180389404297,9.772753715515137,0.18565130233764648,0.0,1.0,-1.2516975402832031e-06,0.0,0.255859375,0.81201171875
31,21,0.37760576605796814,9.772753715515137,0.049075379967689514,0.0,1.0,-1.2516975402832031e-06,0.0,0.2225341796875,0.81201171875
32,22,0.11949849873781204,9.772753715515137,-0.04092666879296303,0.0,1.0,-1.2516975402832031e-06,0.0,0.2225341796875,0.87548828125
33,20,0.32998180389404297,9.772753715515137,0.18565130233764648,0.0,1.0,-1.2516975402832031e-06,0.0,0.255859375,0.81201171875
34,22,0.11949849873781204,9.772753715515137,-0.04092666879296303,0.0,1.0,-1.2516975402832031e-06,0.0,0.2225341796875,0.87548828125
35,23,0.07187443971633911,9.772753715515137,0.09564922004938126,0.0,1.0,-1.2516975402832031e-06,0.0,0.255859375,0.87548828125
36,24,0.37760576605796814,9.772753715515137,0.049075379967689514,0.329345703125,0.0,-0.9443359375,0.0,0.2225341796875,0.81201171875
37,25,0.37760576605796814,9.627452850341797,0.049075379967689514,0.329345703125,0.0,-0.9443359375,0.0,0.18896484375,0.81201171875
38,26,0.11949849873781204,9.627452850341797,-0.04092666879296303,0.329345703125,0.0,-0.9443359375,0.0,0.18896484375,0.87548828125
39,24,0.37760576605796814,9.772753715515137,0.049075379967689514,0.329345703125,0.0,-0.9443359375,0.0,0.2225341796875,0.81201171875
40,26,0.11949849873781204,9.627452850341797,-0.04092666879296303,0.329345703125,0.0,-0.9443359375,0.0,0.18896484375,0.87548828125
41,27,0.11949849873781204,9.772753715515137,-0.04092666879296303,0.329345703125,0.0,-0.9443359375,0.0,0.2225341796875,0.87548828125
42,28,0.37760576605796814,9.627452850341797,0.049075379967689514,0.9443359375,0.0,0.329345703125,0.0,0.443603515625,0.99072265625
43,29,0.37760576605796814,9.772753715515137,0.049075379967689514,0.9443359375,0.0,0.329345703125,0.0,0.47705078125,0.99072265625
44,30,0.32998180389404297,9.772753715515137,0.18565130233764648,0.9443359375,0.0,0.329345703125,0.0,0.47705078125,0.95703125
45,28,0.37760576605796814,9.627452850341797,0.049075379967689514,0.9443359375,0.0,0.329345703125,0.0,0.443603515625,0.99072265625
46,30,0.32998180389404297,9.772753715515137,0.18565130233764648,0.9443359375,0.0,0.329345703125,0.0,0.47705078125,0.95703125
47,31,0.32998180389404297,9.627452850341797,0.18565130233764648,0.9443359375,0.0,0.329345703125,0.0,0.443603515625,0.95703125
48,32,-0.17403139173984528,9.840506553649902,-0.10181479901075363,0.498291015625,-0.08251953125,-0.86328125,0.0,0.560546875,0.82177734375
49,33,-0.1774177849292755,9.758735656738281,-0.09594939649105072,0.498291015625,-0.08251953125,-0.86328125,0.0,0.5556640625,0.80322265625
50,34,-0.2063165009021759,9.758735656738281,-0.09594939649105072,-0.498291015625,-0.08251953125,-0.86328125,0.0,0.54931640625,0.8046875
51,32,-0.17403139173984528,9.840506553649902,-0.10181479901075363,0.498291015625,-0.08251953125,-0.86328125,0.0,0.560546875,0.82177734375
52,34,-0.2063165009021759,9.758735656738281,-0.09594939649105072,-0.498291015625,-0.08251953125,-0.86328125,0.0,0.54931640625,0.8046875
53,35,-0.20970289409160614,9.840506553649902,-0.10181479901075363,-0.498291015625,-0.08251953125,-0.86328125,0.0,0.55224609375,0.82373046875
54,35,-0.20970289409160614,9.840506553649902,-0.10181479901075363,-0.498291015625,-0.08251953125,-0.86328125,0.0,0.55224609375,0.82373046875
55,34,-0.2063165009021759,9.758735656738281,-0.09594939649105072,-0.498291015625,-0.08251953125,-0.86328125,0.0,0.54931640625,0.8046875
56,36,-0.2207658886909485,9.758735656738281,-0.07092233747243881,-0.99658203125,-0.08251953125,-1.2516975402832031e-06,0.0,0.54296875,0.80517578125
57,35,-0.20970289409160614,9.840506553649902,-0.10181479901075363,-0.498291015625,-0.08251953125,-0.86328125,0.0,0.55224609375,0.82373046875
58,36,-0.2207658886909485,9.758735656738281,-0.07092233747243881,-0.99658203125,-0.08251953125,-1.2516975402832031e-06,0.0,0.54296875,0.80517578125
59,37,-0.227538600564003,9.840506553649902,-0.0709223598241806,-0.99658203125,-0.08251953125,-1.430511474609375e-06,0.0,0.54443359375,0.82470703125
60,36,-0.2207658886909485,9.758735656738281,-0.07092233747243881,-0.99658203125,-0.08251953125,-1.2516975402832031e-06,0.0,0.54296875,0.80517578125
61,38,-0.20970289409160614,9.840506553649902,-0.04002993926405907,-0.498291015625,-0.08251953125,0.86328125,0.0,0.53662109375,0.8251953125
62,37,-0.227538600564003,9.840506553649902,-0.0709223598241806,-0.99658203125,-0.08251953125,-1.430511474609375e-06,0.0,0.54443359375,0.82470703125
63,36,-0.2207658886909485,9.758735656738281,-0.07092233747243881,-0.99658203125,-0.08251953125,-1.2516975402832031e-06,0.0,0.54296875,0.80517578125
64,39,-0.2063165009021759,9.758735656738281,-0.04589531943202019,-0.498291015625,-0.08251953125,0.86328125,0.0,0.53662109375,0.8056640625
65,38,-0.20970289409160614,9.840506553649902,-0.04002993926405907,-0.498291015625,-0.08251953125,0.86328125,0.0,0.53662109375,0.8251953125
66,38,-0.20970289409160614,9.840506553649902,-0.04002993926405907,-0.498291015625,-0.08251953125,0.86328125,0.0,0.53662109375,0.8251953125
67,39,-0.2063165009021759,9.758735656738281,-0.04589531943202019,-0.498291015625,-0.08251953125,0.86328125,0.0,0.53662109375,0.8056640625
68,40,-0.1774177849292755,9.758735656738281,-0.04589531943202019,0.498291015625,-0.08251953125,0.86328125,0.0,0.52978515625,0.80517578125
69,38,-0.20970289409160614,9.840506553649902,-0.04002993926405907,-0.498291015625,-0.08251953125,0.86328125,0.0,0.53662109375,0.8251953125
70,40,-0.1774177849292755,9.758735656738281,-0.04589531943202019,0.498291015625,-0.08251953125,0.86328125,0.0,0.52978515625,0.80517578125
71,41,-0.17403139173984528,9.840506553649902,-0.04002993926405907,0.498291015625,-0.08251953125,0.86328125,0.0,0.5283203125,0.82470703125
72,41,-0.17403139173984528,9.840506553649902,-0.04002993926405907,0.498291015625,-0.08251953125,0.86328125,0.0,0.5283203125,0.82470703125
73,40,-0.1774177849292755,9.758735656738281,-0.04589531943202019,0.498291015625,-0.08251953125,0.86328125,0.0,0.52978515625,0.80517578125
74,42,-0.16296839714050293,9.758735656738281,-0.07092233747243881,0.99658203125,-0.08251953125,-4.172325134277344e-07,0.0,0.5234375,0.80419921875
75,41,-0.17403139173984528,9.840506553649902,-0.04002993926405907,0.498291015625,-0.08251953125,0.86328125,0.0,0.5283203125,0.82470703125
76,42,-0.16296839714050293,9.758735656738281,-0.07092233747243881,0.99658203125,-0.08251953125,-4.172325134277344e-07,0.0,0.5234375,0.80419921875
77,43,-0.15619570016860962,9.840506553649902,-0.0709223598241806,0.99658203125,-0.08251953125,-5.960464477539062e-07,0.0,0.5205078125,0.82373046875
78,43,-0.15619570016860962,9.840506553649902,-0.0709223598241806,0.99658203125,-0.08251953125,-5.960464477539062e-07,0.0,0.5205078125,0.82373046875
79,42,-0.16296839714050293,9.758735656738281,-0.07092233747243881,0.99658203125,-0.08251953125,-4.172325134277344e-07,0.0,0.5234375,0.80419921875
80,44,-0.1774177849292755,9.758735656738281,-0.09594939649105072,0.498291015625,-0.08251953125,-0.86328125,0.0,0.51708984375,0.80322265625
81,43,-0.15619570016860962,9.840506553649902,-0.0709223598241806,0.99658203125,-0.08251953125,-5.960464477539062e-07,0.0,0.5205078125,0.82373046875
82,44,-0.1774177849292755,9.758735656738281,-0.09594939649105072,0.498291015625,-0.08251953125,-0.86328125,0.0,0.51708984375,0.80322265625
83,45,-0.17403139173984528,9.840506553649902,-0.10181479901075363,0.498291015625,-0.08251953125,-0.86328125,0.0,0.5126953125,0.82177734375
84,46,0.09248001128435135,9.05102252960205,-0.047003988176584244,0.0008912086486816406,1.0,0.0008511543273925781,0.0,0.50634765625,0.900390625
85,47,0.2078285962343216,9.0512056350708,-0.3832300901412964,0.0008912086486816406,1.0,0.0008511543273925781,0.0,0.42431640625,0.900390625
86,48,0.05361412093043327,9.05138874053955,-0.4361360967159271,0.0008912086486816406,1.0,0.0008511543273925781,0.0,0.42431640625,0.93798828125
87,46,0.09248001128435135,9.05102252960205,-0.047003988176584244,0.0008912086486816406,1.0,0.0008511543273925781,0.0,0.50634765625,0.900390625
88,48,0.05361412093043327,9.05138874053955,-0.4361360967159271,0.0008912086486816406,1.0,0.0008511543273925781,0.0,0.42431640625,0.93798828125
89,49,-0.06173441931605339,9.051204681396484,-0.09990999102592468,0.0008912086486816406,1.0,0.0008511543273925781,0.0,0.50634765625,0.93798828125
90,50,0.2078285962343216,9.0512056350708,-0.3832300901412964,0.324462890625,0.000514984130859375,-0.94580078125,0.0,0.42431640625,0.900390625
91,51,0.20778439939022064,9.001678466796875,-0.3832722008228302,0.324462890625,0.000514984130859375,-0.94580078125,0.0,0.412841796875,0.900390625
92,52,0.05356995016336441,9.001861572265625,-0.43617820739746094,0.324462890625,0.000514984130859375,-0.94580078125,0.0,0.412841796875,0.93798828125
93,50,0.2078285962343216,9.0512056350708,-0.3832300901412964,0.324462890625,0.000514984130859375,-0.94580078125,0.0,0.42431640625,0.900390625
94,52,0.05356995016336441,9.001861572265625,-0.43617820739746094,0.324462890625,0.000514984130859375,-0.94580078125,0.0,0.412841796875,0.93798828125
95,53,0.05361412093043327,9.05138874053955,-0.4361360967159271,0.324462890625,0.000514984130859375,-0.94580078125,0.0,0.42431640625,0.93798828125
96,54,-0.061778586357831955,9.001678466796875,-0.0999520942568779,-0.94580078125,0.0011196136474609375,-0.324462890625,0.0,0.50634765625,0.94970703125
97,55,-0.06173441931605339,9.051204681396484,-0.09990999102592468,-0.94580078125,0.0011196136474609375,-0.324462890625,0.0,0.50634765625,0.93798828125
98,56,0.05361412093043327,9.05138874053955,-0.4361360967159271,-0.94580078125,0.0011196136474609375,-0.324462890625,0.0,0.42431640625,0.93798828125
99,54,-0.061778586357831955,9.001678466796875,-0.0999520942568779,-0.94580078125,0.0011196136474609375,-0.324462890625,0.0,0.50634765625,0.94970703125
100,56,0.05361412093043327,9.05138874053955,-0.4361360967159271,-0.94580078125,0.0011196136474609375,-0.324462890625,0.0,0.42431640625,0.93798828125
101,57,0.05356995016336441,9.001861572265625,-0.43617820739746094,-0.94580078125,0.0011196136474609375,-0.324462890625,0.0,0.42431640625,0.94970703125
102,58,0.20778439939022064,9.001678466796875,-0.3832722008228302,0.94580078125,-0.0011196136474609375,0.324462890625,0.0,0.42431640625,0.888671875
103,59,0.2078285962343216,9.0512056350708,-0.3832300901412964,0.94580078125,-0.0011196136474609375,0.324462890625,0.0,0.42431640625,0.900390625
104,60,0.09248001128435135,9.05102252960205,-0.047003988176584244,0.94580078125,-0.0011196136474609375,0.324462890625,0.0,0.50634765625,0.900390625
105,58,0.20778439939022064,9.001678466796875,-0.3832722008228302,0.94580078125,-0.0011196136474609375,0.324462890625,0.0,0.42431640625,0.888671875
106,60,0.09248001128435135,9.05102252960205,-0.047003988176584244,0.94580078125,-0.0011196136474609375,0.324462890625,0.0,0.50634765625,0.900390625
107,61,0.09243583679199219,9.001495361328125,-0.04704609885811806,0.94580078125,-0.0011196136474609375,0.324462890625,0.0,0.50634765625,0.888671875
108,62,-0.06813585013151169,9.080781936645508,-0.4033728837966919,-0.1009521484375,-0.83349609375,-0.54345703125,0.0,0.57373046875,0.7587890625
109,63,-0.016751820221543312,9.043341636657715,-0.3216511011123657,-0.050933837890625,-0.99853515625,-0.0174407958984375,0.0,0.59228515625,0.74169921875
110,64,-0.08779216557741165,9.06452751159668,-0.3459828197956085,-0.2568359375,-0.96240234375,-0.08795166015625,0.0,0.57373046875,0.74169921875
111,62,-0.06813585013151169,9.080781936645508,-0.4033728837966919,-0.1009521484375,-0.83349609375,-0.54345703125,0.0,0.57373046875,0.7587890625
112,65,0.0063367802649736404,9.062435150146484,-0.38906237483024597,0.11083984375,-0.86474609375,-0.48974609375,0.0,0.59228515625,0.7587890625
113,63,-0.016751820221543312,9.043341636657715,-0.3216511011123657,-0.050933837890625,-0.99853515625,-0.0174407958984375,0.0,0.59228515625,0.74169921875
114,66,-0.05374646186828613,9.125189781188965,-0.44538527727127075,0.0131988525390625,-0.481201171875,-0.87646484375,0.0,0.57373046875,0.77392578125
115,65,0.0063367802649736404,9.062435150146484,-0.38906237483024597,0.11083984375,-0.86474609375,-0.48974609375,0.0,0.59228515625,0.7587890625
116,62,-0.06813585013151169,9.080781936645508,-0.4033728837966919,-0.1009521484375,-0.83349609375,-0.54345703125,0.0,0.57373046875,0.7587890625
117,63,-0.016751820221543312,9.043341636657715,-0.3216511011123657,-0.050933837890625,-0.99853515625,-0.0174407958984375,0.0,0.59228515625,0.74169921875
118,65,0.0063367802649736404,9.062435150146484,-0.38906237483024597,0.11083984375,-0.86474609375,-0.48974609375,0.0,0.59228515625,0.7587890625
119,67,0.272224098443985,9.062435150146484,-0.297995001077652,0.198486328125,-0.865234375,-0.460205078125,0.0,0.6591796875,0.7587890625
120,63,-0.016751820221543312,9.043341636657715,-0.3216511011123657,-0.050933837890625,-0.99853515625,-0.0174407958984375,0.0,0.59228515625,0.74169921875
121,67,0.272224098443985,9.062435150146484,-0.297995001077652,0.198486328125,-0.865234375,-0.460205078125,0.0,0.6591796875,0.7587890625
122,68,0.24913549423217773,9.043341636657715,-0.2305838018655777,0.036651611328125,-0.9990234375,0.0125579833984375,0.0,0.6591796875,0.74169921875
123,67,0.272224098443985,9.062435150146484,-0.297995001077652,0.198486328125,-0.865234375,-0.460205078125,0.0,0.6591796875,0.7587890625
124,69,0.27726349234580994,9.056764602661133,-0.22094979882240295,0.59130859375,-0.78076171875,0.202392578125,0.0,0.6669921875,0.74169921875
125,68,0.24913549423217773,9.043341636657715,-0.2305838018655777,0.036651611328125,-0.9990234375,0.0125579833984375,0.0,0.6591796875,0.74169921875
126,66,-0.05374646186828613,9.125189781188965,-0.44538527727127075,0.0131988525390625,-0.481201171875,-0.87646484375,0.0,0.57373046875,0.77392578125
127,70,0.023238757625222206,9.11459732055664,-0.4384106695652008,0.229248046875,-0.499267578125,-0.83544921875,0.0,0.59228515625,0.77392578125
128,65,0.0063367802649736404,9.062435150146484,-0.38906237483024597,0.11083984375,-0.86474609375,-0.48974609375,0.0,0.59228515625,0.7587890625
129,71,-0.0484795980155468,9.185853004455566,-0.4607628583908081,0.054962158203125,-5.960464477539062e-07,-0.99853515625,0.0,0.57373046875,0.78955078125
130,70,0.023238757625222206,9.11459732055664,-0.4384106695652008,0.229248046875,-0.499267578125,-0.83544921875,0.0,0.59228515625,0.77392578125
131,66,-0.05374646186828613,9.125189781188965,-0.44538527727127075,0.0131988525390625,-0.481201171875,-0.87646484375,0.0,0.57373046875,0.77392578125
132,65,0.0063367802649736404,9.062435150146484,-0.38906237483024597,0.11083984375,-0.86474609375,-0.48974609375,0.0,0.59228515625,0.7587890625
133,72,0.28912609815597534,9.11459732055664,-0.34734347462654114,0.317138671875,-0.49951171875,-0.80615234375,0.0,0.6591796875,0.77392578125
134,67,0.272224098443985,9.062435150146484,-0.297995001077652,0.198486328125,-0.865234375,-0.460205078125,0.0,0.6591796875,0.7587890625
135,65,0.0063367802649736404,9.062435150146484,-0.38906237483024597,0.11083984375,-0.86474609375,-0.48974609375,0.0,0.59228515625,0.7587890625
136,70,0.023238757625222206,9.11459732055664,-0.4384106695652008,0.229248046875,-0.499267578125,-0.83544921875,0.0,0.59228515625,0.77392578125
137,72,0.28912609815597534,9.11459732055664,-0.34734347462654114,0.317138671875,-0.49951171875,-0.80615234375,0.0,0.6591796875,0.77392578125
138,67,0.272224098443985,9.062435150146484,-0.297995001077652,0.198486328125,-0.865234375,-0.460205078125,0.0,0.6591796875,0.7587890625
139,73,0.2981775104999542,9.074058532714844,-0.28201189637184143,0.7177734375,-0.67626953125,-0.1668701171875,0.0,0.6669921875,0.7587890625
140,69,0.27726349234580994,9.056764602661133,-0.22094979882240295,0.59130859375,-0.78076171875,0.202392578125,0.0,0.6669921875,0.74169921875
141,72,0.28912609815597534,9.11459732055664,-0.34734347462654114,0.317138671875,-0.49951171875,-0.80615234375,0.0,0.6591796875,0.77392578125
142,73,0.2981775104999542,9.074058532714844,-0.28201189637184143,0.7177734375,-0.67626953125,-0.1668701171875,0.0,0.6669921875,0.7587890625
143,67,0.272224098443985,9.062435150146484,-0.297995001077652,0.198486328125,-0.865234375,-0.460205078125,0.0,0.6591796875,0.7587890625
144,73,0.2981775104999542,9.074058532714844,-0.28201189637184143,0.7177734375,-0.67626953125,-0.1668701171875,0.0,0.6669921875,0.7587890625
145,74,0.2930116057395935,9.085383415222168,-0.21555598080158234,0.81787109375,-0.5029296875,0.280029296875,0.0,0.673828125,0.74169921875
146,69,0.27726349234580994,9.056764602661133,-0.22094979882240295,0.59130859375,-0.78076171875,0.202392578125,0.0,0.6669921875,0.74169921875
147,73,0.2981775104999542,9.074058532714844,-0.28201189637184143,0.7177734375,-0.67626953125,-0.1668701171875,0.0,0.6669921875,0.7587890625
148,75,0.3092890977859497,9.09884262084961,-0.26308080554008484,0.8994140625,-0.435546875,0.042266845703125,0.0,0.673828125,0.7587890625
149,74,0.2930116057395935,9.085383415222168,-0.21555598080158234,0.81787109375,-0.5029296875,0.280029296875,0.0,0.673828125,0.74169921875
150,76,0.31348758935928345,9.121309280395508,-0.32671260833740234,0.81005859375,-0.390380859375,-0.437255859375,0.0,0.6669921875,0.77392578125
151,75,0.3092890977859497,9.09884262084961,-0.26308080554008484,0.8994140625,-0.435546875,0.042266845703125,0.0,0.673828125,0.7587890625
152,73,0.2981775104999542,9.074058532714844,-0.28201189637184143,0.7177734375,-0.67626953125,-0.1668701171875,0.0,0.6669921875,0.7587890625
153,72,0.28912609815597534,9.11459732055664,-0.34734347462654114,0.317138671875,-0.49951171875,-0.80615234375,0.0,0.6591796875,0.77392578125
154,76,0.31348758935928345,9.121309280395508,-0.32671260833740234,0.81005859375,-0.390380859375,-0.437255859375,0.0,0.6669921875,0.77392578125
155,73,0.2981775104999542,9.074058532714844,-0.28201189637184143,0.7177734375,-0.67626953125,-0.1668701171875,0.0,0.6669921875,0.7587890625
156,76,0.31348758935928345,9.121309280395508,-0.32671260833740234,0.81005859375,-0.390380859375,-0.437255859375,0.0,0.6669921875,0.77392578125
157,77,0.3212049901485443,9.135618209838867,-0.2978713810443878,0.958984375,-0.25146484375,-0.1318359375,0.0,0.673828125,0.77392578125
158,75,0.3092890977859497,9.09884262084961,-0.26308080554008484,0.8994140625,-0.435546875,0.042266845703125,0.0,0.673828125,0.7587890625
159,71,-0.0484795980155468,9.185853004455566,-0.4607628583908081,0.054962158203125,-5.960464477539062e-07,-0.99853515625,0.0,0.57373046875,0.78955078125
160,78,0.02942531928420067,9.185853004455566,-0.4564734995365143,0.272705078125,8.344650268554688e-07,-0.9619140625,0.0,0.59228515625,0.78955078125
161,70,0.023238757625222206,9.11459732055664,-0.4384106695652008,0.229248046875,-0.499267578125,-0.83544921875,0.0,0.59228515625,0.77392578125
162,79,-0.05374646186828613,9.246516227722168,-0.44538527727127075,0.01319122314453125,0.481201171875,-0.87646484375,0.0,0.57373046875,0.8056640625
163,78,0.02942531928420067,9.185853004455566,-0.4564734995365143,0.272705078125,8.344650268554688e-07,-0.9619140625,0.0,0.59228515625,0.78955078125
164,71,-0.0484795980155468,9.185853004455566,-0.4607628583908081,0.054962158203125,-5.960464477539062e-07,-0.99853515625,0.0,0.57373046875,0.78955078125
165,70,0.023238757625222206,9.11459732055664,-0.4384106695652008,0.229248046875,-0.499267578125,-0.83544921875,0.0,0.59228515625,0.77392578125
166,80,0.29531267285346985,9.185853004455566,-0.3654060959815979,0.3603515625,1.0728836059570312e-06,-0.9326171875,0.0,0.6591796875,0.78955078125
167,72,0.28912609815597534,9.11459732055664,-0.34734347462654114,0.317138671875,-0.49951171875,-0.80615234375,0.0,0.6591796875,0.77392578125
168,80,0.29531267285346985,9.185853004455566,-0.3654060959815979,0.3603515625,1.0728836059570312e-06,-0.9326171875,0.0,0.6591796875,0.78955078125
169,76,0.31348758935928345,9.121309280395508,-0.32671260833740234,0.81005859375,-0.390380859375,-0.437255859375,0.0,0.6669921875,0.77392578125
170,72,0.28912609815597534,9.11459732055664,-0.34734347462654114,0.317138671875,-0.49951171875,-0.80615234375,0.0,0.6591796875,0.77392578125
171,70,0.023238757625222206,9.11459732055664,-0.4384106695652008,0.229248046875,-0.499267578125,-0.83544921875,0.0,0.59228515625,0.77392578125
172,78,0.02942531928420067,9.185853004455566,-0.4564734995365143,0.272705078125,8.344650268554688e-07,-0.9619140625,0.0,0.59228515625,0.78955078125
173,80,0.29531267285346985,9.185853004455566,-0.3654060959815979,0.3603515625,1.0728836059570312e-06,-0.9326171875,0.0,0.6591796875,0.78955078125
174,81,0.3190914988517761,9.185853004455566,-0.3430739939212799,0.84423828125,1.7881393432617188e-07,-0.5361328125,0.0,0.6669921875,0.78955078125
175,77,0.3212049901485443,9.135618209838867,-0.2978713810443878,0.958984375,-0.25146484375,-0.1318359375,0.0,0.673828125,0.77392578125
176,76,0.31348758935928345,9.121309280395508,-0.32671260833740234,0.81005859375,-0.390380859375,-0.437255859375,0.0,0.6669921875,0.77392578125
177,80,0.29531267285346985,9.185853004455566,-0.3654060959815979,0.3603515625,1.0728836059570312e-06,-0.9326171875,0.0,0.6591796875,0.78955078125
178,81,0.3190914988517761,9.185853004455566,-0.3430739939212799,0.84423828125,1.7881393432617188e-07,-0.5361328125,0.0,0.6669921875,0.78955078125
179,76,0.31348758935928345,9.121309280395508,-0.32671260833740234,0.81005859375,-0.390380859375,-0.437255859375,0.0,0.6669921875,0.77392578125
180,81,0.3190914988517761,9.185853004455566,-0.3430739939212799,0.84423828125,1.7881393432617188e-07,-0.5361328125,0.0,0.6669921875,0.78955078125
181,82,0.32556647062301636,9.185853004455566,-0.3106057047843933,0.98046875,-1.7881393432617188e-07,-0.195556640625,0.0,0.673828125,0.78955078125
182,77,0.3212049901485443,9.135618209838867,-0.2978713810443878,0.958984375,-0.25146484375,-0.1318359375,0.0,0.673828125,0.77392578125
183,79,-0.05374646186828613,9.246516227722168,-0.44538527727127075,0.01319122314453125,0.481201171875,-0.87646484375,0.0,0.57373046875,0.8056640625
184,83,0.023238757625222206,9.257108688354492,-0.4384106695652008,0.229248046875,0.499267578125,-0.83544921875,0.0,0.59228515625,0.8056640625
185,78,0.02942531928420067,9.185853004455566,-0.4564734995365143,0.272705078125,8.344650268554688e-07,-0.9619140625,0.0,0.59228515625,0.78955078125
186,84,-0.06813588738441467,9.290924072265625,-0.40337270498275757,-0.1009521484375,0.83349609375,-0.54345703125,0.0,0.57373046875,0.82177734375
187,83,0.023238757625222206,9.257108688354492,-0.4384106695652008,0.229248046875,0.499267578125,-0.83544921875,0.0,0.59228515625,0.8056640625
188,79,-0.05374646186828613,9.246516227722168,-0.44538527727127075,0.01319122314453125,0.481201171875,-0.87646484375,0.0,0.57373046875,0.8056640625
189,78,0.02942531928420067,9.185853004455566,-0.4564734995365143,0.272705078125,8.344650268554688e-07,-0.9619140625,0.0,0.59228515625,0.78955078125
190,85,0.2891259789466858,9.257108688354492,-0.3473432958126068,0.317138671875,0.49951171875,-0.80615234375,0.0,0.6591796875,0.8056640625
191,80,0.29531267285346985,9.185853004455566,-0.3654060959815979,0.3603515625,1.0728836059570312e-06,-0.9326171875,0.0,0.6591796875,0.78955078125
192,85,0.2891259789466858,9.257108688354492,-0.3473432958126068,0.317138671875,0.49951171875,-0.80615234375,0.0,0.6591796875,0.8056640625
193,81,0.3190914988517761,9.185853004455566,-0.3430739939212799,0.84423828125,1.7881393432617188e-07,-0.5361328125,0.0,0.6669921875,0.78955078125
194,80,0.29531267285346985,9.185853004455566,-0.3654060959815979,0.3603515625,1.0728836059570312e-06,-0.9326171875,0.0,0.6591796875,0.78955078125
195,78,0.02942531928420067,9.185853004455566,-0.4564734995365143,0.272705078125,8.344650268554688e-07,-0.9619140625,0.0,0.59228515625,0.78955078125
196,83,0.023238757625222206,9.257108688354492,-0.4384106695652008,0.229248046875,0.499267578125,-0.83544921875,0.0,0.59228515625,0.8056640625
197,85,0.2891259789466858,9.257108688354492,-0.3473432958126068,0.317138671875,0.49951171875,-0.80615234375,0.0,0.6591796875,0.8056640625
198,86,0.31348758935928345,9.250397682189941,-0.32671260833740234,0.81005859375,0.390380859375,-0.437255859375,0.0,0.6669921875,0.8056640625
199,82,0.32556647062301636,9.185853004455566,-0.3106057047843933,0.98046875,-1.7881393432617188e-07,-0.195556640625,0.0,0.673828125,0.78955078125
200,81,0.3190914988517761,9.185853004455566,-0.3430739939212799,0.84423828125,1.7881393432617188e-07,-0.5361328125,0.0,0.6669921875,0.78955078125
201,85,0.2891259789466858,9.257108688354492,-0.3473432958126068,0.317138671875,0.49951171875,-0.80615234375,0.0,0.6591796875,0.8056640625
202,86,0.31348758935928345,9.250397682189941,-0.32671260833740234,0.81005859375,0.390380859375,-0.437255859375,0.0,0.6669921875,0.8056640625
203,81,0.3190914988517761,9.185853004455566,-0.3430739939212799,0.84423828125,1.7881393432617188e-07,-0.5361328125,0.0,0.6669921875,0.78955078125
204,86,0.31348758935928345,9.250397682189941,-0.32671260833740234,0.81005859375,0.390380859375,-0.437255859375,0.0,0.6669921875,0.8056640625
205,87,0.3212049901485443,9.236088752746582,-0.2978713810443878,0.958984375,0.25146484375,-0.1318359375,0.0,0.673828125,0.8056640625
206,82,0.32556647062301636,9.185853004455566,-0.3106057047843933,0.98046875,-1.7881393432617188e-07,-0.195556640625,0.0,0.673828125,0.78955078125
207,84,-0.06813588738441467,9.290924072265625,-0.40337270498275757,-0.1009521484375,0.83349609375,-0.54345703125,0.0,0.57373046875,0.82177734375
208,88,0.0063367802649736404,9.309270858764648,-0.38906237483024597,0.11083984375,0.86474609375,-0.48974609375,0.0,0.59228515625,0.82177734375
209,83,0.023238757625222206,9.257108688354492,-0.4384106695652008,0.229248046875,0.499267578125,-0.83544921875,0.0,0.59228515625,0.8056640625
210,88,0.0063367802649736404,9.309270858764648,-0.38906237483024597,0.11083984375,0.86474609375,-0.48974609375,0.0,0.59228515625,0.82177734375
211,84,-0.06813588738441467,9.290924072265625,-0.40337270498275757,-0.1009521484375,0.83349609375,-0.54345703125,0.0,0.57373046875,0.82177734375
212,89,-0.08779216557741165,9.307178497314453,-0.3459828197956085,-0.2568359375,0.96240234375,-0.08795166015625,0.0,0.57373046875,0.83837890625
213,83,0.023238757625222206,9.257108688354492,-0.4384106695652008,0.229248046875,0.499267578125,-0.83544921875,0.0,0.59228515625,0.8056640625
214,90,0.272224098443985,9.309270858764648,-0.297995001077652,0.198486328125,0.865234375,-0.460205078125,0.0,0.6591796875,0.82177734375
215,85,0.2891259789466858,9.257108688354492,-0.3473432958126068,0.317138671875,0.49951171875,-0.80615234375,0.0,0.6591796875,0.8056640625
216,90,0.272224098443985,9.309270858764648,-0.297995001077652,0.198486328125,0.865234375,-0.460205078125,0.0,0.6591796875,0.82177734375
217,86,0.31348758935928345,9.250397682189941,-0.32671260833740234,0.81005859375,0.390380859375,-0.437255859375,0.0,0.6669921875,0.8056640625
218,85,0.2891259789466858,9.257108688354492,-0.3473432958126068,0.317138671875,0.49951171875,-0.80615234375,0.0,0.6591796875,0.8056640625
219,83,0.023238757625222206,9.257108688354492,-0.4384106695652008,0.229248046875,0.499267578125,-0.83544921875,0.0,0.59228515625,0.8056640625
220,88,0.0063367802649736404,9.309270858764648,-0.38906237483024597,0.11083984375,0.86474609375,-0.48974609375,0.0,0.59228515625,0.82177734375
221,90,0.272224098443985,9.309270858764648,-0.297995001077652,0.198486328125,0.865234375,-0.460205078125,0.0,0.6591796875,0.82177734375
222,91,0.2981775104999542,9.297646522521973,-0.28201189637184143,0.7177734375,0.67626953125,-0.1668701171875,0.0,0.6669921875,0.82177734375
223,87,0.3212049901485443,9.236088752746582,-0.2978713810443878,0.958984375,0.25146484375,-0.1318359375,0.0,0.673828125,0.8056640625
224,86,0.31348758935928345,9.250397682189941,-0.32671260833740234,0.81005859375,0.390380859375,-0.437255859375,0.0,0.6669921875,0.8056640625
225,90,0.272224098443985,9.309270858764648,-0.297995001077652,0.198486328125,0.865234375,-0.460205078125,0.0,0.6591796875,0.82177734375
226,91,0.2981775104999542,9.297646522521973,-0.28201189637184143,0.7177734375,0.67626953125,-0.1668701171875,0.0,0.6669921875,0.82177734375
227,86,0.31348758935928345,9.250397682189941,-0.32671260833740234,0.81005859375,0.390380859375,-0.437255859375,0.0,0.6669921875,0.8056640625
228,91,0.2981775104999542,9.297646522521973,-0.28201189637184143,0.7177734375,0.67626953125,-0.1668701171875,0.0,0.6669921875,0.82177734375
229,92,0.3092890977859497,9.272863388061523,-0.26308080554008484,0.8994140625,0.435546875,0.042266845703125,0.0,0.673828125,0.82177734375
230,87,0.3212049901485443,9.236088752746582,-0.2978713810443878,0.958984375,0.25146484375,-0.1318359375,0.0,0.673828125,0.8056640625
231,93,0.27726349234580994,9.31494140625,-0.22094979882240295,0.59130859375,0.78076171875,0.202392578125,0.0,0.6669921875,0.83837890625
232,92,0.3092890977859497,9.272863388061523,-0.26308080554008484,0.8994140625,0.435546875,0.042266845703125,0.0,0.673828125,0.82177734375
233,91,0.2981775104999542,9.297646522521973,-0.28201189637184143,0.7177734375,0.67626953125,-0.1668701171875,0.0,0.6669921875,0.82177734375
234,93,0.27726349234580994,9.31494140625,-0.22094979882240295,0.59130859375,0.78076171875,0.202392578125,0.0,0.6669921875,0.83837890625
235,91,0.2981775104999542,9.297646522521973,-0.28201189637184143,0.7177734375,0.67626953125,-0.1668701171875,0.0,0.6669921875,0.82177734375
236,90,0.272224098443985,9.309270858764648,-0.297995001077652,0.198486328125,0.865234375,-0.460205078125,0.0,0.6591796875,0.82177734375
237,93,0.27726349234580994,9.31494140625,-0.22094979882240295,0.59130859375,0.78076171875,0.202392578125,0.0,0.6669921875,0.83837890625
238,94,0.2930116057395935,9.286322593688965,-0.21555598080158234,0.81787109375,0.5029296875,0.280029296875,0.0,0.673828125,0.83837890625
239,92,0.3092890977859497,9.272863388061523,-0.26308080554008484,0.8994140625,0.435546875,0.042266845703125,0.0,0.673828125,0.82177734375
240,88,0.0063367802649736404,9.309270858764648,-0.38906237483024597,0.11083984375,0.86474609375,-0.48974609375,0.0,0.59228515625,0.82177734375
241,89,-0.08779216557741165,9.307178497314453,-0.3459828197956085,-0.2568359375,0.96240234375,-0.08795166015625,0.0,0.57373046875,0.83837890625
242,95,-0.016751820221543312,9.328364372253418,-0.3216511011123657,-0.050933837890625,0.99853515625,-0.0174407958984375,0.0,0.59228515625,0.83837890625
243,96,-0.10744849592447281,9.290924072265625,-0.28859269618988037,-0.412841796875,0.83349609375,0.3671875,0.0,0.57373046875,0.8544921875
244,95,-0.016751820221543312,9.328364372253418,-0.3216511011123657,-0.050933837890625,0.99853515625,-0.0174407958984375,0.0,0.59228515625,0.83837890625
245,89,-0.08779216557741165,9.307178497314453,-0.3459828197956085,-0.2568359375,0.96240234375,-0.08795166015625,0.0,0.57373046875,0.83837890625
246,97,0.24913549423217773,9.328364372253418,-0.2305838018655777,0.036651611328125,0.9990234375,0.01255035400390625,0.0,0.6591796875,0.83837890625
247,90,0.272224098443985,9.309270858764648,-0.297995001077652,0.198486328125,0.865234375,-0.460205078125,0.0,0.6591796875,0.82177734375
248,88,0.0063367802649736404,9.309270858764648,-0.38906237483024597,0.11083984375,0.86474609375,-0.48974609375,0.0,0.59228515625,0.82177734375
249,93,0.27726349234580994,9.31494140625,-0.22094979882240295,0.59130859375,0.78076171875,0.202392578125,0.0,0.6669921875,0.83837890625
250,90,0.272224098443985,9.309270858764648,-0.297995001077652,0.198486328125,0.865234375,-0.460205078125,0.0,0.6591796875,0.82177734375
251,97,0.24913549423217773,9.328364372253418,-0.2305838018655777,0.036651611328125,0.9990234375,0.01255035400390625,0.0,0.6591796875,0.83837890625
252,97,0.24913549423217773,9.328364372253418,-0.2305838018655777,0.036651611328125,0.9990234375,0.01255035400390625,0.0,0.6591796875,0.83837890625
253,88,0.0063367802649736404,9.309270858764648,-0.38906237483024597,0.11083984375,0.86474609375,-0.48974609375,0.0,0.59228515625,0.82177734375
254,95,-0.016751820221543312,9.328364372253418,-0.3216511011123657,-0.050933837890625,0.99853515625,-0.0174407958984375,0.0,0.59228515625,0.83837890625
255,98,0.25634950399398804,9.297647476196289,-0.15988768637180328,0.464599609375,0.67626953125,0.57177734375,0.0,0.6669921875,0.8544921875
256,94,0.2930116057395935,9.286322593688965,-0.21555598080158234,0.81787109375,0.5029296875,0.280029296875,0.0,0.673828125,0.83837890625
257,93,0.27726349234580994,9.31494140625,-0.22094979882240295,0.59130859375,0.78076171875,0.202392578125,0.0,0.6669921875,0.83837890625
258,98,0.25634950399398804,9.297647476196289,-0.15988768637180328,0.464599609375,0.67626953125,0.57177734375,0.0,0.6669921875,0.8544921875
259,99,0.27673429250717163,9.272863388061523,-0.16803118586540222,0.736328125,0.435546875,0.51806640625,0.0,0.673828125,0.8544921875
260,94,0.2930116057395935,9.286322593688965,-0.21555598080158234,0.81787109375,0.5029296875,0.280029296875,0.0,0.673828125,0.83837890625
261,100,0.22604690492153168,9.309270858764648,-0.16317260265350342,-0.125244140625,0.865234375,0.485107421875,0.0,0.6591796875,0.8544921875
262,93,0.27726349234580994,9.31494140625,-0.22094979882240295,0.59130859375,0.78076171875,0.202392578125,0.0,0.6669921875,0.83837890625
263,97,0.24913549423217773,9.328364372253418,-0.2305838018655777,0.036651611328125,0.9990234375,0.01255035400390625,0.0,0.6591796875,0.83837890625
264,95,-0.016751820221543312,9.328364372253418,-0.3216511011123657,-0.050933837890625,0.99853515625,-0.0174407958984375,0.0,0.59228515625,0.83837890625
265,100,0.22604690492153168,9.309270858764648,-0.16317260265350342,-0.125244140625,0.865234375,0.485107421875,0.0,0.6591796875,0.8544921875
266,97,0.24913549423217773,9.328364372253418,-0.2305838018655777,0.036651611328125,0.9990234375,0.01255035400390625,0.0,0.6591796875,0.83837890625
267,100,0.22604690492153168,9.309270858764648,-0.16317260265350342,-0.125244140625,0.865234375,0.485107421875,0.0,0.6591796875,0.8544921875
268,98,0.25634950399398804,9.297647476196289,-0.15988768637180328,0.464599609375,0.67626953125,0.57177734375,0.0,0.6669921875,0.8544921875
269,93,0.27726349234580994,9.31494140625,-0.22094979882240295,0.59130859375,0.78076171875,0.202392578125,0.0,0.6669921875,0.83837890625
270,96,-0.10744849592447281,9.290924072265625,-0.28859269618988037,-0.412841796875,0.83349609375,0.3671875,0.0,0.57373046875,0.8544921875
271,101,-0.03984038159251213,9.309270858764648,-0.2542400062084198,-0.2127685546875,0.86474609375,0.454833984375,0.0,0.59228515625,0.8544921875
272,95,-0.016751820221543312,9.328364372253418,-0.3216511011123657,-0.050933837890625,0.99853515625,-0.0174407958984375,0.0,0.59228515625,0.83837890625
273,95,-0.016751820221543312,9.328364372253418,-0.3216511011123657,-0.050933837890625,0.99853515625,-0.0174407958984375,0.0,0.59228515625,0.83837890625
274,101,-0.03984038159251213,9.309270858764648,-0.2542400062084198,-0.2127685546875,0.86474609375,0.454833984375,0.0,0.59228515625,0.8544921875
275,100,0.22604690492153168,9.309270858764648,-0.16317260265350342,-0.125244140625,0.865234375,0.485107421875,0.0,0.6591796875,0.8544921875
276,102,-0.12183794379234314,9.246516227722168,-0.24658013880252838,-0.52685546875,0.481201171875,0.70068359375,0.0,0.57373046875,0.87109375
277,101,-0.03984038159251213,9.309270858764648,-0.2542400062084198,-0.2127685546875,0.86474609375,0.454833984375,0.0,0.59228515625,0.8544921875
278,96,-0.10744849592447281,9.290924072265625,-0.28859269618988037,-0.412841796875,0.83349609375,0.3671875,0.0,0.57373046875,0.8544921875
279,103,0.24103938043117523,9.250397682189941,-0.11518719047307968,0.3720703125,0.390380859375,0.84228515625,0.0,0.6669921875,0.87109375
280,99,0.27673429250717163,9.272863388061523,-0.16803118586540222,0.736328125,0.435546875,0.51806640625,0.0,0.673828125,0.8544921875
281,98,0.25634950399398804,9.297647476196289,-0.15988768637180328,0.464599609375,0.67626953125,0.57177734375,0.0,0.6669921875,0.8544921875
282,103,0.24103938043117523,9.250397682189941,-0.11518719047307968,0.3720703125,0.390380859375,0.84228515625,0.0,0.6669921875,0.87109375
283,104,0.26481831073760986,9.236088752746582,-0.1332406997680664,0.6767578125,0.25146484375,0.69189453125,0.0,0.673828125,0.87109375
284,99,0.27673429250717163,9.272863388061523,-0.16803118586540222,0.736328125,0.435546875,0.51806640625,0.0,0.673828125,0.8544921875
285,105,0.20914489030838013,9.257108688354492,-0.11382419615983963,-0.2437744140625,0.49951171875,0.8310546875,0.0,0.6591796875,0.87109375
286,98,0.25634950399398804,9.297647476196289,-0.15988768637180328,0.464599609375,0.67626953125,0.57177734375,0.0,0.6669921875,0.8544921875
287,100,0.22604690492153168,9.309270858764648,-0.16317260265350342,-0.125244140625,0.865234375,0.485107421875,0.0,0.6591796875,0.8544921875
288,101,-0.03984038159251213,9.309270858764648,-0.2542400062084198,-0.2127685546875,0.86474609375,0.454833984375,0.0,0.59228515625,0.8544921875
289,105,0.20914489030838013,9.257108688354492,-0.11382419615983963,-0.2437744140625,0.49951171875,0.8310546875,0.0,0.6591796875,0.87109375
290,100,0.22604690492153168,9.309270858764648,-0.16317260265350342,-0.125244140625,0.865234375,0.485107421875,0.0,0.6591796875,0.8544921875
291,105,0.20914489030838013,9.257108688354492,-0.11382419615983963,-0.2437744140625,0.49951171875,0.8310546875,0.0,0.6591796875,0.87109375
292,103,0.24103938043117523,9.250397682189941,-0.11518719047307968,0.3720703125,0.390380859375,0.84228515625,0.0,0.6669921875,0.87109375
293,98,0.25634950399398804,9.297647476196289,-0.15988768637180328,0.464599609375,0.67626953125,0.57177734375,0.0,0.6669921875,0.8544921875
294,102,-0.12183794379234314,9.246516227722168,-0.24658013880252838,-0.52685546875,0.481201171875,0.70068359375,0.0,0.57373046875,0.87109375
295,106,-0.056742388755083084,9.257108688354492,-0.20489148795604706,-0.3310546875,0.499267578125,0.80078125,0.0,0.59228515625,0.87109375
296,101,-0.03984038159251213,9.309270858764648,-0.2542400062084198,-0.2127685546875,0.86474609375,0.454833984375,0.0,0.59228515625,0.8544921875
297,101,-0.03984038159251213,9.309270858764648,-0.2542400062084198,-0.2127685546875,0.86474609375,0.454833984375,0.0,0.59228515625,0.8544921875
298,106,-0.056742388755083084,9.257108688354492,-0.20489148795604706,-0.3310546875,0.499267578125,0.80078125,0.0,0.59228515625,0.87109375
299,105,0.20914489030838013,9.257108688354492,-0.11382419615983963,-0.2437744140625,0.49951171875,0.8310546875,0.0,0.6591796875,0.87109375
300,107,-0.12710484862327576,9.185853004455566,-0.23120254278182983,-0.56884765625,-1.7881393432617188e-07,0.82275390625,0.0,0.57373046875,0.88671875
301,106,-0.056742388755083084,9.257108688354492,-0.20489148795604706,-0.3310546875,0.499267578125,0.80078125,0.0,0.59228515625,0.87109375
302,102,-0.12183794379234314,9.246516227722168,-0.24658013880252838,-0.52685546875,0.481201171875,0.70068359375,0.0,0.57373046875,0.87109375
303,108,0.2354355901479721,9.185853004455566,-0.09882562607526779,0.338134765625,0.0,0.94091796875,0.0,0.6669921875,0.88671875
304,104,0.26481831073760986,9.236088752746582,-0.1332406997680664,0.6767578125,0.25146484375,0.69189453125,0.0,0.673828125,0.87109375
305,103,0.24103938043117523,9.250397682189941,-0.11518719047307968,0.3720703125,0.390380859375,0.84228515625,0.0,0.6669921875,0.87109375
306,108,0.2354355901479721,9.185853004455566,-0.09882562607526779,0.338134765625,0.0,0.94091796875,0.0,0.6669921875,0.88671875
307,109,0.26045677065849304,9.185853004455566,-0.12050629407167435,0.65478515625,-2.980232238769531e-07,0.755859375,0.0,0.673828125,0.88671875
308,104,0.26481831073760986,9.236088752746582,-0.1332406997680664,0.6767578125,0.25146484375,0.69189453125,0.0,0.673828125,0.87109375
309,110,0.20295828580856323,9.185853004455566,-0.09576144069433212,-0.287109375,1.0132789611816406e-06,0.9580078125,0.0,0.6591796875,0.88671875
310,103,0.24103938043117523,9.250397682189941,-0.11518719047307968,0.3720703125,0.390380859375,0.84228515625,0.0,0.6669921875,0.87109375
311,105,0.20914489030838013,9.257108688354492,-0.11382419615983963,-0.2437744140625,0.49951171875,0.8310546875,0.0,0.6591796875,0.87109375
312,106,-0.056742388755083084,9.257108688354492,-0.20489148795604706,-0.3310546875,0.499267578125,0.80078125,0.0,0.59228515625,0.87109375
313,110,0.20295828580856323,9.185853004455566,-0.09576144069433212,-0.287109375,1.0132789611816406e-06,0.9580078125,0.0,0.6591796875,0.88671875
314,105,0.20914489030838013,9.257108688354492,-0.11382419615983963,-0.2437744140625,0.49951171875,0.8310546875,0.0,0.6591796875,0.87109375
315,110,0.20295828580856323,9.185853004455566,-0.09576144069433212,-0.287109375,1.0132789611816406e-06,0.9580078125,0.0,0.6591796875,0.88671875
316,108,0.2354355901479721,9.185853004455566,-0.09882562607526779,0.338134765625,0.0,0.94091796875,0.0,0.6669921875,0.88671875
317,103,0.24103938043117523,9.250397682189941,-0.11518719047307968,0.3720703125,0.390380859375,0.84228515625,0.0,0.6669921875,0.87109375
318,107,-0.12710484862327576,9.185853004455566,-0.23120254278182983,-0.56884765625,-1.7881393432617188e-07,0.82275390625,0.0,0.57373046875,0.88671875
319,111,-0.0629289373755455,9.185853004455566,-0.18682880699634552,-0.37451171875,8.344650268554688e-07,0.92724609375,0.0,0.59228515625,0.88671875
320,106,-0.056742388755083084,9.257108688354492,-0.20489148795604706,-0.3310546875,0.499267578125,0.80078125,0.0,0.59228515625,0.87109375
321,106,-0.056742388755083084,9.257108688354492,-0.20489148795604706,-0.3310546875,0.499267578125,0.80078125,0.0,0.59228515625,0.87109375
322,111,-0.0629289373755455,9.185853004455566,-0.18682880699634552,-0.37451171875,8.344650268554688e-07,0.92724609375,0.0,0.59228515625,0.88671875
323,110,0.20295828580856323,9.185853004455566,-0.09576144069433212,-0.287109375,1.0132789611816406e-06,0.9580078125,0.0,0.6591796875,0.88671875
324,112,-0.12183794379234314,9.125189781188965,-0.24658013880252838,-0.52685546875,-0.481201171875,0.70068359375,0.0,0.57373046875,0.90283203125
325,111,-0.0629289373755455,9.185853004455566,-0.18682880699634552,-0.37451171875,8.344650268554688e-07,0.92724609375,0.0,0.59228515625,0.88671875
326,107,-0.12710484862327576,9.185853004455566,-0.23120254278182983,-0.56884765625,-1.7881393432617188e-07,0.82275390625,0.0,0.57373046875,0.88671875
327,113,0.24103938043117523,9.121307373046875,-0.11518719047307968,0.3720703125,-0.390380859375,0.84228515625,0.0,0.6669921875,0.90283203125
328,109,0.26045677065849304,9.185853004455566,-0.12050629407167435,0.65478515625,-2.980232238769531e-07,0.755859375,0.0,0.673828125,0.88671875
329,108,0.2354355901479721,9.185853004455566,-0.09882562607526779,0.338134765625,0.0,0.94091796875,0.0,0.6669921875,0.88671875
330,113,0.24103938043117523,9.121307373046875,-0.11518719047307968,0.3720703125,-0.390380859375,0.84228515625,0.0,0.6669921875,0.90283203125
331,114,0.26481831073760986,9.135618209838867,-0.1332406997680664,0.6767578125,-0.25146484375,0.69189453125,0.0,0.673828125,0.90283203125
332,109,0.26045677065849304,9.185853004455566,-0.12050629407167435,0.65478515625,-2.980232238769531e-07,0.755859375,0.0,0.673828125,0.88671875
333,115,0.20914489030838013,9.11459732055664,-0.11382419615983963,-0.2437744140625,-0.49951171875,0.8310546875,0.0,0.6591796875,0.90283203125
334,108,0.2354355901479721,9.185853004455566,-0.09882562607526779,0.338134765625,0.0,0.94091796875,0.0,0.6669921875,0.88671875
335,110,0.20295828580856323,9.185853004455566,-0.09576144069433212,-0.287109375,1.0132789611816406e-06,0.9580078125,0.0,0.6591796875,0.88671875
336,111,-0.0629289373755455,9.185853004455566,-0.18682880699634552,-0.37451171875,8.344650268554688e-07,0.92724609375,0.0,0.59228515625,0.88671875
337,115,0.20914489030838013,9.11459732055664,-0.11382419615983963,-0.2437744140625,-0.49951171875,0.8310546875,0.0,0.6591796875,0.90283203125
338,110,0.20295828580856323,9.185853004455566,-0.09576144069433212,-0.287109375,1.0132789611816406e-06,0.9580078125,0.0,0.6591796875,0.88671875
339,115,0.20914489030838013,9.11459732055664,-0.11382419615983963,-0.2437744140625,-0.49951171875,0.8310546875,0.0,0.6591796875,0.90283203125
340,113,0.24103938043117523,9.121307373046875,-0.11518719047307968,0.3720703125,-0.390380859375,0.84228515625,0.0,0.6669921875,0.90283203125
341,108,0.2354355901479721,9.185853004455566,-0.09882562607526779,0.338134765625,0.0,0.94091796875,0.0,0.6669921875,0.88671875
342,112,-0.12183794379234314,9.125189781188965,-0.24658013880252838,-0.52685546875,-0.481201171875,0.70068359375,0.0,0.57373046875,0.90283203125
343,116,-0.056742388755083084,9.11459732055664,-0.20489148795604706,-0.3310546875,-0.499267578125,0.80078125,0.0,0.59228515625,0.90283203125
344,111,-0.0629289373755455,9.185853004455566,-0.18682880699634552,-0.37451171875,8.344650268554688e-07,0.92724609375,0.0,0.59228515625,0.88671875
345,111,-0.0629289373755455,9.185853004455566,-0.18682880699634552,-0.37451171875,8.344650268554688e-07,0.92724609375,0.0,0.59228515625,0.88671875
346,116,-0.056742388755083084,9.11459732055664,-0.20489148795604706,-0.3310546875,-0.499267578125,0.80078125,0.0,0.59228515625,0.90283203125
347,115,0.20914489030838013,9.11459732055664,-0.11382419615983963,-0.2437744140625,-0.49951171875,0.8310546875,0.0,0.6591796875,0.90283203125
348,117,-0.10744849592447281,9.080781936645508,-0.28859269618988037,-0.412841796875,-0.83349609375,0.3671875,0.0,0.57373046875,0.91796875
349,116,-0.056742388755083084,9.11459732055664,-0.20489148795604706,-0.3310546875,-0.499267578125,0.80078125,0.0,0.59228515625,0.90283203125
350,112,-0.12183794379234314,9.125189781188965,-0.24658013880252838,-0.52685546875,-0.481201171875,0.70068359375,0.0,0.57373046875,0.90283203125
351,118,0.25634950399398804,9.074058532714844,-0.15988768637180328,0.464599609375,-0.67626953125,0.57177734375,0.0,0.6669921875,0.91796875
352,114,0.26481831073760986,9.135618209838867,-0.1332406997680664,0.6767578125,-0.25146484375,0.69189453125,0.0,0.673828125,0.90283203125
353,113,0.24103938043117523,9.121307373046875,-0.11518719047307968,0.3720703125,-0.390380859375,0.84228515625,0.0,0.6669921875,0.90283203125
354,118,0.25634950399398804,9.074058532714844,-0.15988768637180328,0.464599609375,-0.67626953125,0.57177734375,0.0,0.6669921875,0.91796875
355,119,0.27673420310020447,9.09884262084961,-0.16803118586540222,0.736328125,-0.435546875,0.51806640625,0.0,0.673828125,0.91796875
356,114,0.26481831073760986,9.135618209838867,-0.1332406997680664,0.6767578125,-0.25146484375,0.69189453125,0.0,0.673828125,0.90283203125
357,120,0.22604690492153168,9.062435150146484,-0.16317260265350342,-0.125244140625,-0.865234375,0.485107421875,0.0,0.6591796875,0.91796875
358,113,0.24103938043117523,9.121307373046875,-0.11518719047307968,0.3720703125,-0.390380859375,0.84228515625,0.0,0.6669921875,0.90283203125
359,115,0.20914489030838013,9.11459732055664,-0.11382419615983963,-0.2437744140625,-0.49951171875,0.8310546875,0.0,0.6591796875,0.90283203125
360,116,-0.056742388755083084,9.11459732055664,-0.20489148795604706,-0.3310546875,-0.499267578125,0.80078125,0.0,0.59228515625,0.90283203125
361,120,0.22604690492153168,9.062435150146484,-0.16317260265350342,-0.125244140625,-0.865234375,0.485107421875,0.0,0.6591796875,0.91796875
362,115,0.20914489030838013,9.11459732055664,-0.11382419615983963,-0.2437744140625,-0.49951171875,0.8310546875,0.0,0.6591796875,0.90283203125
363,120,0.22604690492153168,9.062435150146484,-0.16317260265350342,-0.125244140625,-0.865234375,0.485107421875,0.0,0.6591796875,0.91796875
364,118,0.25634950399398804,9.074058532714844,-0.15988768637180328,0.464599609375,-0.67626953125,0.57177734375,0.0,0.6669921875,0.91796875
365,113,0.24103938043117523,9.121307373046875,-0.11518719047307968,0.3720703125,-0.390380859375,0.84228515625,0.0,0.6669921875,0.90283203125
366,117,-0.10744849592447281,9.080781936645508,-0.28859269618988037,-0.412841796875,-0.83349609375,0.3671875,0.0,0.57373046875,0.91796875
367,121,-0.03984038159251213,9.062435150146484,-0.2542400062084198,-0.2127685546875,-0.86474609375,0.454833984375,0.0,0.59228515625,0.91796875
368,116,-0.056742388755083084,9.11459732055664,-0.20489148795604706,-0.3310546875,-0.499267578125,0.80078125,0.0,0.59228515625,0.90283203125
369,116,-0.056742388755083084,9.11459732055664,-0.20489148795604706,-0.3310546875,-0.499267578125,0.80078125,0.0,0.59228515625,0.90283203125
370,121,-0.03984038159251213,9.062435150146484,-0.2542400062084198,-0.2127685546875,-0.86474609375,0.454833984375,0.0,0.59228515625,0.91796875
371,120,0.22604690492153168,9.062435150146484,-0.16317260265350342,-0.125244140625,-0.865234375,0.485107421875,0.0,0.6591796875,0.91796875
372,122,-0.08779216557741165,9.06452751159668,-0.3459828197956085,-0.2568359375,-0.96240234375,-0.08795166015625,0.0,0.57373046875,0.93505859375
373,121,-0.03984038159251213,9.062435150146484,-0.2542400062084198,-0.2127685546875,-0.86474609375,0.454833984375,0.0,0.59228515625,0.91796875
374,117,-0.10744849592447281,9.080781936645508,-0.28859269618988037,-0.412841796875,-0.83349609375,0.3671875,0.0,0.57373046875,0.91796875
375,122,-0.08779216557741165,9.06452751159668,-0.3459828197956085,-0.2568359375,-0.96240234375,-0.08795166015625,0.0,0.57373046875,0.93505859375
376,123,-0.016751820221543312,9.043341636657715,-0.3216511011123657,-0.050933837890625,-0.99853515625,-0.0174407958984375,0.0,0.59228515625,0.93505859375
377,121,-0.03984038159251213,9.062435150146484,-0.2542400062084198,-0.2127685546875,-0.86474609375,0.454833984375,0.0,0.59228515625,0.91796875
378,121,-0.03984038159251213,9.062435150146484,-0.2542400062084198,-0.2127685546875,-0.86474609375,0.454833984375,0.0,0.59228515625,0.91796875
379,123,-0.016751820221543312,9.043341636657715,-0.3216511011123657,-0.050933837890625,-0.99853515625,-0.0174407958984375,0.0,0.59228515625,0.93505859375
380,124,0.24913549423217773,9.043341636657715,-0.2305838018655777,0.036651611328125,-0.9990234375,0.0125579833984375,0.0,0.6591796875,0.93505859375
381,121,-0.03984038159251213,9.062435150146484,-0.2542400062084198,-0.2127685546875,-0.86474609375,0.454833984375,0.0,0.59228515625,0.91796875
382,124,0.24913549423217773,9.043341636657715,-0.2305838018655777,0.036651611328125,-0.9990234375,0.0125579833984375,0.0,0.6591796875,0.93505859375
383,120,0.22604690492153168,9.062435150146484,-0.16317260265350342,-0.125244140625,-0.865234375,0.485107421875,0.0,0.6591796875,0.91796875
384,124,0.24913549423217773,9.043341636657715,-0.2305838018655777,0.036651611328125,-0.9990234375,0.0125579833984375,0.0,0.6591796875,0.93505859375
385,118,0.25634950399398804,9.074058532714844,-0.15988768637180328,0.464599609375,-0.67626953125,0.57177734375,0.0,0.6669921875,0.91796875
386,120,0.22604690492153168,9.062435150146484,-0.16317260265350342,-0.125244140625,-0.865234375,0.485107421875,0.0,0.6591796875,0.91796875
387,124,0.24913549423217773,9.043341636657715,-0.2305838018655777,0.036651611328125,-0.9990234375,0.0125579833984375,0.0,0.6591796875,0.93505859375
388,125,0.27726349234580994,9.056764602661133,-0.22094979882240295,0.59130859375,-0.78076171875,0.202392578125,0.0,0.6669921875,0.93505859375
389,118,0.25634950399398804,9.074058532714844,-0.15988768637180328,0.464599609375,-0.67626953125,0.57177734375,0.0,0.6669921875,0.91796875
390,125,0.27726349234580994,9.056764602661133,-0.22094979882240295,0.59130859375,-0.78076171875,0.202392578125,0.0,0.6669921875,0.93505859375
391,119,0.27673420310020447,9.09884262084961,-0.16803118586540222,0.736328125,-0.435546875,0.51806640625,0.0,0.673828125,0.91796875
392,118,0.25634950399398804,9.074058532714844,-0.15988768637180328,0.464599609375,-0.67626953125,0.57177734375,0.0,0.6669921875,0.91796875
393,125,0.27726349234580994,9.056764602661133,-0.22094979882240295,0.59130859375,-0.78076171875,0.202392578125,0.0,0.6669921875,0.93505859375
394,126,0.2930116057395935,9.085383415222168,-0.21555598080158234,0.81787109375,-0.5029296875,0.280029296875,0.0,0.673828125,0.935546875
395,119,0.27673420310020447,9.09884262084961,-0.16803118586540222,0.736328125,-0.435546875,0.51806640625,0.0,0.673828125,0.91796875
396,127,0.22889699041843414,9.840161323547363,0.03695770725607872,0.498291015625,-0.08251953125,-0.86328125,0.0,0.560546875,0.8515625
397,128,0.2255105972290039,9.758391380310059,0.042823098599910736,0.498291015625,-0.08251953125,-0.86328125,0.0,0.5556640625,0.8330078125
398,129,0.1966118961572647,9.758391380310059,0.042823098599910736,-0.498291015625,-0.08251953125,-0.86328125,0.0,0.54931640625,0.83447265625
399,127,0.22889699041843414,9.840161323547363,0.03695770725607872,0.498291015625,-0.08251953125,-0.86328125,0.0,0.560546875,0.8515625
400,129,0.1966118961572647,9.758391380310059,0.042823098599910736,-0.498291015625,-0.08251953125,-0.86328125,0.0,0.54931640625,0.83447265625
401,130,0.19322539865970612,9.840161323547363,0.03695770725607872,-0.498291015625,-0.08251953125,-0.86328125,0.0,0.55224609375,0.853515625
402,130,0.19322539865970612,9.840161323547363,0.03695770725607872,-0.498291015625,-0.08251953125,-0.86328125,0.0,0.55224609375,0.853515625
403,129,0.1966118961572647,9.758391380310059,0.042823098599910736,-0.498291015625,-0.08251953125,-0.86328125,0.0,0.54931640625,0.83447265625
404,131,0.18216249346733093,9.758391380310059,0.06785015761852264,-0.99658203125,-0.08251953125,4.172325134277344e-07,0.0,0.54296875,0.8349609375
405,130,0.19322539865970612,9.840161323547363,0.03695770725607872,-0.498291015625,-0.08251953125,-0.86328125,0.0,0.55224609375,0.853515625
406,131,0.18216249346733093,9.758391380310059,0.06785015761852264,-0.99658203125,-0.08251953125,4.172325134277344e-07,0.0,0.54296875,0.8349609375
407,132,0.17538979649543762,9.840161323547363,0.06785014271736145,-0.99658203125,-0.08251953125,2.980232238769531e-07,0.0,0.54443359375,0.8544921875
408,131,0.18216249346733093,9.758391380310059,0.06785015761852264,-0.99658203125,-0.08251953125,4.172325134277344e-07,0.0,0.54296875,0.8349609375
409,133,0.19322539865970612,9.840161323547363,0.09874255955219269,-0.498291015625,-0.08251953125,0.86328125,0.0,0.53662109375,0.85498046875
410,132,0.17538979649543762,9.840161323547363,0.06785014271736145,-0.99658203125,-0.08251953125,2.980232238769531e-07,0.0,0.54443359375,0.8544921875
411,131,0.18216249346733093,9.758391380310059,0.06785015761852264,-0.99658203125,-0.08251953125,4.172325134277344e-07,0.0,0.54296875,0.8349609375
412,134,0.1966118961572647,9.758391380310059,0.09287717938423157,-0.498291015625,-0.08251953125,0.86328125,0.0,0.53662109375,0.83544921875
413,133,0.19322539865970612,9.840161323547363,0.09874255955219269,-0.498291015625,-0.08251953125,0.86328125,0.0,0.53662109375,0.85498046875
414,133,0.19322539865970612,9.840161323547363,0.09874255955219269,-0.498291015625,-0.08251953125,0.86328125,0.0,0.53662109375,0.85498046875
415,134,0.1966118961572647,9.758391380310059,0.09287717938423157,-0.498291015625,-0.08251953125,0.86328125,0.0,0.53662109375,0.83544921875
416,135,0.2255105972290039,9.758391380310059,0.09287717938423157,0.498291015625,-0.08251953125,0.86328125,0.0,0.52978515625,0.8349609375
417,133,0.19322539865970612,9.840161323547363,0.09874255955219269,-0.498291015625,-0.08251953125,0.86328125,0.0,0.53662109375,0.85498046875
418,135,0.2255105972290039,9.758391380310059,0.09287717938423157,0.498291015625,-0.08251953125,0.86328125,0.0,0.52978515625,0.8349609375
419,136,0.22889699041843414,9.840161323547363,0.09874255955219269,0.498291015625,-0.08251953125,0.86328125,0.0,0.5283203125,0.8544921875
420,136,0.22889699041843414,9.840161323547363,0.09874255955219269,0.498291015625,-0.08251953125,0.86328125,0.0,0.5283203125,0.8544921875
421,135,0.2255105972290039,9.758391380310059,0.09287717938423157,0.498291015625,-0.08251953125,0.86328125,0.0,0.52978515625,0.8349609375
422,137,0.23995999991893768,9.758391380310059,0.06785015761852264,0.99658203125,-0.08251953125,2.384185791015625e-07,0.0,0.5234375,0.833984375
423,136,0.22889699041843414,9.840161323547363,0.09874255955219269,0.498291015625,-0.08251953125,0.86328125,0.0,0.5283203125,0.8544921875
424,137,0.23995999991893768,9.758391380310059,0.06785015761852264,0.99658203125,-0.08251953125,2.384185791015625e-07,0.0,0.5234375,0.833984375
425,138,0.2467326819896698,9.840161323547363,0.06785014271736145,0.99658203125,-0.08251953125,0.0,0.0,0.5205078125,0.853515625
426,138,0.2467326819896698,9.840161323547363,0.06785014271736145,0.99658203125,-0.08251953125,0.0,0.0,0.5205078125,0.853515625
427,137,0.23995999991893768,9.758391380310059,0.06785015761852264,0.99658203125,-0.08251953125,2.384185791015625e-07,0.0,0.5234375,0.833984375
428,139,0.2255105972290039,9.758391380310059,0.042823098599910736,0.498291015625,-0.08251953125,-0.86328125,0.0,0.51708984375,0.8330078125
429,138,0.2467326819896698,9.840161323547363,0.06785014271736145,0.99658203125,-0.08251953125,0.0,0.0,0.5205078125,0.853515625
430,139,0.2255105972290039,9.758391380310059,0.042823098599910736,0.498291015625,-0.08251953125,-0.86328125,0.0,0.51708984375,0.8330078125
431,140,0.22889699041843414,9.840161323547363,0.03695770725607872,0.498291015625,-0.08251953125,-0.86328125,0.0,0.5126953125,0.8515625
432,141,0.4048973619937897,0.00012042596790706739,0.38934326171875,0.0,0.0,1.0,0.0,0.68212890625,0.89990234375
433,142,0.4048973619937897,0.0710390955209732,0.38934326171875,0.0,0.0,1.0,0.0,0.69580078125,0.89990234375
434,143,-0.3737892210483551,0.0710390955209732,0.38934326171875,0.0,0.0,1.0,0.0,0.69580078125,0.7451171875
435,141,0.4048973619937897,0.00012042596790706739,0.38934326171875,0.0,0.0,1.0,0.0,0.68212890625,0.89990234375
436,143,-0.3737892210483551,0.0710390955209732,0.38934326171875,0.0,0.0,1.0,0.0,0.69580078125,0.7451171875
437,144,-0.3737892210483551,0.00012042596790706739,0.38934326171875,0.0,0.0,1.0,0.0,0.68212890625,0.7451171875
438,145,0.4048973619937897,0.0710390955209732,0.38934326171875,0.0,1.0,0.0,0.0,0.69580078125,0.89990234375
439,146,0.4048973619937897,0.0710390955209732,-0.38934326171875,0.0,1.0,0.0,0.0,0.8505859375,0.89990234375
440,147,-0.3737892210483551,0.0710390955209732,-0.38934326171875,0.0,1.0,0.0,0.0,0.8505859375,0.7451171875
441,145,0.4048973619937897,0.0710390955209732,0.38934326171875,0.0,1.0,0.0,0.0,0.69580078125,0.89990234375
442,147,-0.3737892210483551,0.0710390955209732,-0.38934326171875,0.0,1.0,0.0,0.0,0.8505859375,0.7451171875
443,148,-0.3737892210483551,0.0710390955209732,0.38934326171875,0.0,1.0,0.0,0.0,0.69580078125,0.7451171875
444,149,0.4048973619937897,0.0710390955209732,-0.38934326171875,0.0,0.0,-1.0,0.0,0.8505859375,0.89990234375
445,150,0.4048973619937897,0.00012042596790706739,-0.38934326171875,0.0,0.0,-1.0,0.0,0.86474609375,0.89990234375
446,151,-0.3737892210483551,0.00012042596790706739,-0.38934326171875,0.0,0.0,-1.0,0.0,0.86474609375,0.7451171875
447,149,0.4048973619937897,0.0710390955209732,-0.38934326171875,0.0,0.0,-1.0,0.0,0.8505859375,0.89990234375
448,151,-0.3737892210483551,0.00012042596790706739,-0.38934326171875,0.0,0.0,-1.0,0.0,0.86474609375,0.7451171875
449,152,-0.3737892210483551,0.0710390955209732,-0.38934326171875,0.0,0.0,-1.0,0.0,0.8505859375,0.7451171875
450,153,-0.3737892210483551,0.00012042596790706739,0.38934326171875,-1.0,0.0,0.0,0.0,0.69580078125,0.73095703125
451,154,-0.3737892210483551,0.0710390955209732,0.38934326171875,-1.0,0.0,0.0,0.0,0.69580078125,0.7451171875
452,155,-0.3737892210483551,0.0710390955209732,-0.38934326171875,-1.0,0.0,0.0,0.0,0.8505859375,0.7451171875
453,153,-0.3737892210483551,0.00012042596790706739,0.38934326171875,-1.0,0.0,0.0,0.0,0.69580078125,0.73095703125
454,155,-0.3737892210483551,0.0710390955209732,-0.38934326171875,-1.0,0.0,0.0,0.0,0.8505859375,0.7451171875
455,156,-0.3737892210483551,0.00012042596790706739,-0.38934326171875,-1.0,0.0,0.0,0.0,0.8505859375,0.73095703125
456,157,0.4048973619937897,0.00012042596790706739,-0.38934326171875,1.0,0.0,0.0,0.0,0.8505859375,0.9140625
457,158,0.4048973619937897,0.0710390955209732,-0.38934326171875,1.0,0.0,0.0,0.0,0.8505859375,0.89990234375
458,159,0.4048973619937897,0.0710390955209732,0.38934326171875,1.0,0.0,0.0,0.0,0.69580078125,0.89990234375
459,157,0.4048973619937897,0.00012042596790706739,-0.38934326171875,1.0,0.0,0.0,0.0,0.8505859375,0.9140625
460,159,0.4048973619937897,0.0710390955209732,0.38934326171875,1.0,0.0,0.0,0.0,0.69580078125,0.89990234375
461,160,0.4048973619937897,0.00012042596790706739,0.38934326171875,1.0,0.0,0.0,0.0,0.69580078125,0.9140625
462,161,0.09410952031612396,9.050727844238281,-0.09736500680446625,-0.32666015625,0.0,0.9453125,0.0,0.2479248046875,0.63818359375
463,162,0.09410952031612396,9.141122817993164,-0.09736500680446625,-0.32666015625,0.0,0.9453125,0.0,0.22705078125,0.63818359375
464,163,-0.03184119984507561,9.141122817993164,-0.14087919890880585,-0.32666015625,0.0,0.9453125,0.0,0.22705078125,0.6689453125
465,161,0.09410952031612396,9.050727844238281,-0.09736500680446625,-0.32666015625,0.0,0.9453125,0.0,0.2479248046875,0.63818359375
466,163,-0.03184119984507561,9.141122817993164,-0.14087919890880585,-0.32666015625,0.0,0.9453125,0.0,0.22705078125,0.6689453125
467,164,-0.03184119984507561,9.050727844238281,-0.14087919890880585,-0.32666015625,0.0,0.9453125,0.0,0.2479248046875,0.6689453125
468,165,0.09410952031612396,9.141122817993164,-0.09736500680446625,0.0,1.0,3.5762786865234375e-06,0.0,0.171630859375,0.90576171875
469,166,0.11036060005426407,9.141122817993164,-0.14577239751815796,0.0,1.0,3.5762786865234375e-06,0.0,0.171630859375,0.89404296875
470,167,-0.015590089373290539,9.141122817993164,-0.18928658962249756,0.0,1.0,3.5762786865234375e-06,0.0,0.1407470703125,0.89404296875
471,165,0.09410952031612396,9.141122817993164,-0.09736500680446625,0.0,1.0,3.5762786865234375e-06,0.0,0.171630859375,0.90576171875
472,167,-0.015590089373290539,9.141122817993164,-0.18928658962249756,0.0,1.0,3.5762786865234375e-06,0.0,0.1407470703125,0.89404296875
473,168,-0.03184119984507561,9.141122817993164,-0.14087919890880585,0.0,1.0,3.5762786865234375e-06,0.0,0.140869140625,0.90576171875
474,169,-0.03184119984507561,9.050727844238281,-0.14087919890880585,-0.94677734375,-0.0020275115966796875,-0.321533203125,0.0,0.212158203125,0.64013671875
475,170,-0.03184119984507561,9.141122817993164,-0.14087919890880585,-0.94677734375,-0.0020275115966796875,-0.321533203125,0.0,0.191162109375,0.64013671875
476,171,-0.015590089373290539,9.141122817993164,-0.18928658962249756,-0.94677734375,-0.0020275115966796875,-0.32177734375,0.0,0.191162109375,0.65234375
477,169,-0.03184119984507561,9.050727844238281,-0.14087919890880585,-0.94677734375,-0.0020275115966796875,-0.321533203125,0.0,0.212158203125,0.64013671875
478,171,-0.015590089373290539,9.141122817993164,-0.18928658962249756,-0.94677734375,-0.0020275115966796875,-0.32177734375,0.0,0.191162109375,0.65234375
479,172,0.007566239684820175,9.050727844238281,-0.2563120126724243,-0.94677734375,-0.0020275115966796875,-0.321533203125,0.0,0.212158203125,0.66845703125
480,173,0.13351699709892273,9.050727844238281,-0.21279790997505188,0.94677734375,0.0020275115966796875,0.321533203125,0.0,0.00823211669921875,0.669921875
481,174,0.11036060005426407,9.141122817993164,-0.14577239751815796,0.94677734375,0.0020275115966796875,0.321533203125,0.0,0.02911376953125,0.6533203125
482,175,0.09410952031612396,9.141122817993164,-0.09736500680446625,0.94677734375,0.0020275115966796875,0.321533203125,0.0,0.02911376953125,0.6416015625
483,173,0.13351699709892273,9.050727844238281,-0.21279790997505188,0.94677734375,0.0020275115966796875,0.321533203125,0.0,0.00823211669921875,0.669921875
484,175,0.09410952031612396,9.141122817993164,-0.09736500680446625,0.94677734375,0.0020275115966796875,0.321533203125,0.0,0.02911376953125,0.6416015625
485,176,0.09410952031612396,9.050727844238281,-0.09736500680446625,0.94677734375,0.0020275115966796875,0.321533203125,0.0,0.00823211669921875,0.6416015625
486,177,0.06106765940785408,8.872133255004883,-0.10129649937152863,-0.32666015625,0.0,0.9453125,0.0,0.036712646484375,0.814453125
487,178,0.06106765940785408,9.002175331115723,-0.10129649937152863,-0.32666015625,0.0,0.9453125,0.0,0.006649017333984375,0.814453125
488,179,-0.00424982002004981,9.002175331115723,-0.12386269122362137,-0.32666015625,0.0,0.9453125,0.0,0.006649017333984375,0.83056640625
489,177,0.06106765940785408,8.872133255004883,-0.10129649937152863,-0.32666015625,0.0,0.9453125,0.0,0.036712646484375,0.814453125
490,179,-0.00424982002004981,9.002175331115723,-0.12386269122362137,-0.32666015625,0.0,0.9453125,0.0,0.006649017333984375,0.83056640625
491,180,-0.00424982002004981,8.872133255004883,-0.12386269122362137,-0.32666015625,0.0,0.9453125,0.0,0.036712646484375,0.83056640625
492,181,0.09241718798875809,9.002175331115723,-0.19203698635101318,0.30078125,-0.388916015625,-0.87060546875,0.0,0.56005859375,0.8984375
493,182,0.07448583841323853,8.872133255004883,-0.14013509452342987,0.30078125,-0.388916015625,-0.87060546875,0.0,0.52734375,0.8984375
494,183,0.009168360382318497,8.872133255004883,-0.1627012938261032,0.30078125,-0.388916015625,-0.87060546875,0.0,0.52734375,0.9140625
495,181,0.09241718798875809,9.002175331115723,-0.19203698635101318,0.30078125,-0.388916015625,-0.87060546875,0.0,0.56005859375,0.8984375
496,183,0.009168360382318497,8.872133255004883,-0.1627012938261032,0.30078125,-0.388916015625,-0.87060546875,0.0,0.52734375,0.9140625
497,184,0.02709970809519291,9.002175331115723,-0.21460318565368652,0.30078125,-0.388916015625,-0.87060546875,0.0,0.56005859375,0.9140625
498,185,-0.00424982002004981,8.872133255004883,-0.12386269122362137,-0.9453125,0.0,-0.32666015625,0.0,0.5234375,0.9228515625
499,186,-0.00424982002004981,9.002175331115723,-0.12386269122362137,-0.9453125,0.0,-0.32666015625,0.0,0.55126953125,0.9345703125
500,187,0.02709970809519291,9.002175331115723,-0.21460318565368652,-0.9453125,0.0,-0.32666015625,0.0,0.56005859375,0.9140625
501,185,-0.00424982002004981,8.872133255004883,-0.12386269122362137,-0.9453125,0.0,-0.32666015625,0.0,0.5234375,0.9228515625
502,187,0.02709970809519291,9.002175331115723,-0.21460318565368652,-0.9453125,0.0,-0.32666015625,0.0,0.56005859375,0.9140625
503,188,0.009168360382318497,8.872133255004883,-0.1627012938261032,-0.9453125,0.0,-0.32666015625,0.0,0.52734375,0.9140625
504,189,0.07448583841323853,8.872133255004883,-0.14013509452342987,0.9453125,0.0,0.32666015625,0.0,0.52734375,0.8984375
505,190,0.09241718798875809,9.002175331115723,-0.19203698635101318,0.9453125,0.0,0.32666015625,0.0,0.56005859375,0.8984375
506,191,0.06106765940785408,9.002175331115723,-0.10129649937152863,0.9453125,0.0,0.32666015625,0.0,0.55126953125,0.8779296875
507,189,0.07448583841323853,8.872133255004883,-0.14013509452342987,0.9453125,0.0,0.32666015625,0.0,0.52734375,0.8984375
508,191,0.06106765940785408,9.002175331115723,-0.10129649937152863,0.9453125,0.0,0.32666015625,0.0,0.55126953125,0.8779296875
509,192,0.06106765940785408,8.872133255004883,-0.10129649937152863,0.9453125,0.0,0.32666015625,0.0,0.5234375,0.8896484375
510,193,0.013121469877660275,8.548236846923828,-0.9621321558952332,-0.0041656494140625,-0.86572265625,-0.50048828125,0.0,0.58154296875,0.9482421875
511,194,0.012503529898822308,8.658621788024902,-1.172292947769165,-0.00963592529296875,-0.88525390625,-0.46484375,0.0,0.52685546875,0.9482421875
512,195,0.04032681882381439,8.671037673950195,-1.1632670164108276,0.8369140625,-0.484619140625,-0.254638671875,0.0,0.52685546875,0.95556640625
513,193,0.013121469877660275,8.548236846923828,-0.9621321558952332,-0.0041656494140625,-0.86572265625,-0.50048828125,0.0,0.58154296875,0.9482421875
514,195,0.04032681882381439,8.671037673950195,-1.1632670164108276,0.8369140625,-0.484619140625,-0.254638671875,0.0,0.52685546875,0.95556640625
515,196,0.040642090141773224,8.561095237731934,-0.9527969360351562,0.86669921875,-0.431396484375,-0.25048828125,0.0,0.58154296875,0.95556640625
516,196,0.040642090141773224,8.561095237731934,-0.9527969360351562,0.86669921875,-0.431396484375,-0.25048828125,0.0,0.58154296875,0.95556640625
517,195,0.04032681882381439,8.671037673950195,-1.1632670164108276,0.8369140625,-0.484619140625,-0.254638671875,0.0,0.52685546875,0.95556640625
518,197,0.04094476252794266,8.696742057800293,-1.1445939540863037,0.8876953125,0.4072265625,0.2138671875,0.0,0.52685546875,0.962890625
519,198,0.04064405709505081,8.409650802612305,-0.7112850546836853,0.8720703125,-0.40234375,-0.279296875,0.0,0.6474609375,0.95556640625
520,193,0.013121469877660275,8.548236846923828,-0.9621321558952332,-0.0041656494140625,-0.86572265625,-0.50048828125,0.0,0.58154296875,0.9482421875
521,196,0.040642090141773224,8.561095237731934,-0.9527969360351562,0.86669921875,-0.431396484375,-0.25048828125,0.0,0.58154296875,0.95556640625
522,198,0.04064405709505081,8.409650802612305,-0.7112850546836853,0.8720703125,-0.40234375,-0.279296875,0.0,0.6474609375,0.95556640625
523,199,0.013121469877660275,8.396795272827148,-0.7206234335899353,-1.0132789611816406e-06,-0.82177734375,-0.56982421875,0.0,0.6474609375,0.9482421875
524,193,0.013121469877660275,8.548236846923828,-0.9621321558952332,-0.0041656494140625,-0.86572265625,-0.50048828125,0.0,0.58154296875,0.9482421875
525,196,0.040642090141773224,8.561095237731934,-0.9527969360351562,0.86669921875,-0.431396484375,-0.25048828125,0.0,0.58154296875,0.95556640625
526,197,0.04094476252794266,8.696742057800293,-1.1445939540863037,0.8876953125,0.4072265625,0.2138671875,0.0,0.52685546875,0.962890625
527,200,0.04064207896590233,8.586807250976562,-0.9341235160827637,0.86279296875,0.4375,0.2529296875,0.0,0.58154296875,0.962890625
528,200,0.04064207896590233,8.586807250976562,-0.9341235160827637,0.86279296875,0.4375,0.2529296875,0.0,0.58154296875,0.962890625
529,197,0.04094476252794266,8.696742057800293,-1.1445939540863037,0.8876953125,0.4072265625,0.2138671875,0.0,0.52685546875,0.962890625
530,201,0.01373939961194992,8.710030555725098,-1.1349469423294067,0.01119232177734375,0.88525390625,0.46484375,0.0,0.52685546875,0.97021484375
531,202,0.04064405709505081,8.435362815856934,-0.6926059722900391,0.85986328125,0.419677734375,0.290771484375,0.0,0.6474609375,0.962890625
532,198,0.04064405709505081,8.409650802612305,-0.7112850546836853,0.8720703125,-0.40234375,-0.279296875,0.0,0.6474609375,0.95556640625
533,196,0.040642090141773224,8.561095237731934,-0.9527969360351562,0.86669921875,-0.431396484375,-0.25048828125,0.0,0.58154296875,0.95556640625
534,202,0.04064405709505081,8.435362815856934,-0.6926059722900391,0.85986328125,0.419677734375,0.290771484375,0.0,0.6474609375,0.962890625
535,196,0.040642090141773224,8.561095237731934,-0.9527969360351562,0.86669921875,-0.431396484375,-0.25048828125,0.0,0.58154296875,0.95556640625
536,200,0.04064207896590233,8.586807250976562,-0.9341235160827637,0.86279296875,0.4375,0.2529296875,0.0,0.58154296875,0.962890625
537,203,0.040646009147167206,8.222375869750977,-0.46445268392562866,0.87158203125,-0.376708984375,-0.313232421875,0.0,0.71875,0.95556640625
538,199,0.013121469877660275,8.396795272827148,-0.7206234335899353,-1.0132789611816406e-06,-0.82177734375,-0.56982421875,0.0,0.6474609375,0.9482421875
539,198,0.04064405709505081,8.409650802612305,-0.7112850546836853,0.8720703125,-0.40234375,-0.279296875,0.0,0.6474609375,0.95556640625
540,203,0.040646009147167206,8.222375869750977,-0.46445268392562866,0.87158203125,-0.376708984375,-0.313232421875,0.0,0.71875,0.95556640625
541,204,0.013121469877660275,8.209517478942871,-0.47379070520401,-1.0251998901367188e-05,-0.767578125,-0.640625,0.0,0.71875,0.9482421875
542,199,0.013121469877660275,8.396795272827148,-0.7206234335899353,-1.0132789611816406e-06,-0.82177734375,-0.56982421875,0.0,0.6474609375,0.9482421875
543,200,0.04064207896590233,8.586807250976562,-0.9341235160827637,0.86279296875,0.4375,0.2529296875,0.0,0.58154296875,0.962890625
544,201,0.01373939961194992,8.710030555725098,-1.1349469423294067,0.01119232177734375,0.88525390625,0.46484375,0.0,0.52685546875,0.97021484375
545,205,0.013121459633111954,8.599662780761719,-0.9247854948043823,0.0038318634033203125,0.86474609375,0.50244140625,0.0,0.58154296875,0.97021484375
546,205,0.013121459633111954,8.599662780761719,-0.9247854948043823,0.0038318634033203125,0.86474609375,0.50244140625,0.0,0.58154296875,0.97021484375
547,201,0.01373939961194992,8.710030555725098,-1.1349469423294067,0.01119232177734375,0.88525390625,0.46484375,0.0,0.52685546875,0.97021484375
548,206,-0.014083889313042164,8.697613716125488,-1.14397394657135,-0.87744140625,0.424560546875,0.222900390625,0.0,0.52685546875,0.9775390625
549,207,0.013121459633111954,8.448217391967773,-0.6832655072212219,2.086162567138672e-06,0.8212890625,0.5703125,0.0,0.6474609375,0.97021484375
550,202,0.04064405709505081,8.435362815856934,-0.6926059722900391,0.85986328125,0.419677734375,0.290771484375,0.0,0.6474609375,0.962890625
551,200,0.04064207896590233,8.586807250976562,-0.9341235160827637,0.86279296875,0.4375,0.2529296875,0.0,0.58154296875,0.962890625
552,207,0.013121459633111954,8.448217391967773,-0.6832655072212219,2.086162567138672e-06,0.8212890625,0.5703125,0.0,0.6474609375,0.97021484375
553,200,0.04064207896590233,8.586807250976562,-0.9341235160827637,0.86279296875,0.4375,0.2529296875,0.0,0.58154296875,0.962890625
554,205,0.013121459633111954,8.599662780761719,-0.9247854948043823,0.0038318634033203125,0.86474609375,0.50244140625,0.0,0.58154296875,0.97021484375
555,208,0.04064599797129631,8.248089790344238,-0.4457741975784302,0.859375,0.392822265625,0.327880859375,0.0,0.71875,0.962890625
556,198,0.04064405709505081,8.409650802612305,-0.7112850546836853,0.8720703125,-0.40234375,-0.279296875,0.0,0.6474609375,0.95556640625
557,202,0.04064405709505081,8.435362815856934,-0.6926059722900391,0.85986328125,0.419677734375,0.290771484375,0.0,0.6474609375,0.962890625
558,208,0.04064599797129631,8.248089790344238,-0.4457741975784302,0.859375,0.392822265625,0.327880859375,0.0,0.71875,0.962890625
559,203,0.040646009147167206,8.222375869750977,-0.46445268392562866,0.87158203125,-0.376708984375,-0.313232421875,0.0,0.71875,0.95556640625
560,198,0.04064405709505081,8.409650802612305,-0.7112850546836853,0.8720703125,-0.40234375,-0.279296875,0.0,0.6474609375,0.95556640625
561,209,0.04064756631851196,8.01346492767334,-0.2356639951467514,0.8642578125,-0.364013671875,-0.347900390625,0.0,0.79052734375,0.95556640625
562,204,0.013121469877660275,8.209517478942871,-0.47379070520401,-1.0251998901367188e-05,-0.767578125,-0.640625,0.0,0.71875,0.9482421875
563,203,0.040646009147167206,8.222375869750977,-0.46445268392562866,0.87158203125,-0.376708984375,-0.313232421875,0.0,0.71875,0.95556640625
564,209,0.04064756631851196,8.01346492767334,-0.2356639951467514,0.8642578125,-0.364013671875,-0.347900390625,0.0,0.79052734375,0.95556640625
565,210,0.013121469877660275,8.000602722167969,-0.24499839544296265,1.1265277862548828e-05,-0.72119140625,-0.69287109375,0.0,0.79052734375,0.9482421875
566,204,0.013121469877660275,8.209517478942871,-0.47379070520401,-1.0251998901367188e-05,-0.767578125,-0.640625,0.0,0.71875,0.9482421875
567,205,0.013121459633111954,8.599662780761719,-0.9247854948043823,0.0038318634033203125,0.86474609375,0.50244140625,0.0,0.58154296875,0.97021484375
568,206,-0.014083889313042164,8.697613716125488,-1.14397394657135,-0.87744140625,0.424560546875,0.222900390625,0.0,0.52685546875,0.9775390625
569,211,-0.0143991494551301,8.586804389953613,-0.9341208338737488,-0.85888671875,0.443603515625,0.256103515625,0.0,0.58154296875,0.9775390625
570,211,-0.0143991494551301,8.586804389953613,-0.9341208338737488,-0.85888671875,0.443603515625,0.256103515625,0.0,0.58154296875,0.9775390625
571,206,-0.014083889313042164,8.697613716125488,-1.14397394657135,-0.87744140625,0.424560546875,0.222900390625,0.0,0.52685546875,0.9775390625
572,212,-0.014701830223202705,8.671911239624023,-1.1626460552215576,-0.84765625,-0.469482421875,-0.24658203125,0.0,0.52685546875,0.98486328125
573,210,0.013121469877660275,8.000602722167969,-0.24499839544296265,1.1265277862548828e-05,-0.72119140625,-0.69287109375,0.0,0.79052734375,0.9482421875
574,209,0.04064756631851196,8.01346492767334,-0.2356639951467514,0.8642578125,-0.364013671875,-0.347900390625,0.0,0.79052734375,0.95556640625
575,213,0.04059740900993347,7.868284225463867,-0.09498089551925659,0.8369140625,-0.38134765625,-0.39306640625,0.0,0.8369140625,0.95556640625
576,210,0.013121469877660275,8.000602722167969,-0.24499839544296265,1.1265277862548828e-05,-0.72119140625,-0.69287109375,0.0,0.79052734375,0.9482421875
577,213,0.04059740900993347,7.868284225463867,-0.09498089551925659,0.8369140625,-0.38134765625,-0.39306640625,0.0,0.8369140625,0.95556640625
578,214,0.01307062990963459,7.855419635772705,-0.10431309789419174,-0.0001329183578491211,-0.69580078125,-0.71826171875,0.0,0.8369140625,0.9482421875
579,215,0.04059740900993347,7.894010066986084,-0.07631246000528336,0.88525390625,0.3232421875,0.333984375,0.0,0.8369140625,0.962890625
580,213,0.04059740900993347,7.868284225463867,-0.09498089551925659,0.8369140625,-0.38134765625,-0.39306640625,0.0,0.8369140625,0.95556640625
581,209,0.04064756631851196,8.01346492767334,-0.2356639951467514,0.8642578125,-0.364013671875,-0.347900390625,0.0,0.79052734375,0.95556640625
582,216,0.040647558867931366,8.039186477661133,-0.21699169278144836,0.86376953125,0.363037109375,0.348876953125,0.0,0.79052734375,0.962890625
583,209,0.04064756631851196,8.01346492767334,-0.2356639951467514,0.8642578125,-0.364013671875,-0.347900390625,0.0,0.79052734375,0.95556640625
584,203,0.040646009147167206,8.222375869750977,-0.46445268392562866,0.87158203125,-0.376708984375,-0.313232421875,0.0,0.71875,0.95556640625
585,215,0.04059740900993347,7.894010066986084,-0.07631246000528336,0.88525390625,0.3232421875,0.333984375,0.0,0.8369140625,0.962890625
586,209,0.04064756631851196,8.01346492767334,-0.2356639951467514,0.8642578125,-0.364013671875,-0.347900390625,0.0,0.79052734375,0.95556640625
587,216,0.040647558867931366,8.039186477661133,-0.21699169278144836,0.86376953125,0.363037109375,0.348876953125,0.0,0.79052734375,0.962890625
588,216,0.040647558867931366,8.039186477661133,-0.21699169278144836,0.86376953125,0.363037109375,0.348876953125,0.0,0.79052734375,0.962890625
589,203,0.040646009147167206,8.222375869750977,-0.46445268392562866,0.87158203125,-0.376708984375,-0.313232421875,0.0,0.71875,0.95556640625
590,208,0.04064599797129631,8.248089790344238,-0.4457741975784302,0.859375,0.392822265625,0.327880859375,0.0,0.71875,0.962890625
591,217,0.01307061966508627,7.906869888305664,-0.06697622686624527,-9.149312973022461e-05,0.69580078125,0.71826171875,0.0,0.8369140625,0.97021484375
592,215,0.04059740900993347,7.894010066986084,-0.07631246000528336,0.88525390625,0.3232421875,0.333984375,0.0,0.8369140625,0.962890625
593,216,0.040647558867931366,8.039186477661133,-0.21699169278144836,0.86376953125,0.363037109375,0.348876953125,0.0,0.79052734375,0.962890625
594,217,0.01307061966508627,7.906869888305664,-0.06697622686624527,-9.149312973022461e-05,0.69580078125,0.71826171875,0.0,0.8369140625,0.97021484375
595,216,0.040647558867931366,8.039186477661133,-0.21699169278144836,0.86376953125,0.363037109375,0.348876953125,0.0,0.79052734375,0.962890625
596,218,0.013121469877660275,8.052045822143555,-0.2076536864042282,3.4868717193603516e-05,0.72265625,0.69091796875,0.0,0.79052734375,0.97021484375
597,218,0.013121469877660275,8.052045822143555,-0.2076536864042282,3.4868717193603516e-05,0.72265625,0.69091796875,0.0,0.79052734375,0.97021484375
598,216,0.040647558867931366,8.039186477661133,-0.21699169278144836,0.86376953125,0.363037109375,0.348876953125,0.0,0.79052734375,0.962890625
599,208,0.04064599797129631,8.248089790344238,-0.4457741975784302,0.859375,0.392822265625,0.327880859375,0.0,0.71875,0.962890625
600,219,-0.014456159435212612,7.894006729125977,-0.07630845159292221,-0.88525390625,0.323486328125,0.33349609375,0.0,0.8369140625,0.9775390625
601,217,0.01307061966508627,7.906869888305664,-0.06697622686624527,-9.149312973022461e-05,0.69580078125,0.71826171875,0.0,0.8369140625,0.97021484375
602,218,0.013121469877660275,8.052045822143555,-0.2076536864042282,3.4868717193603516e-05,0.72265625,0.69091796875,0.0,0.79052734375,0.97021484375
603,218,0.013121469877660275,8.052045822143555,-0.2076536864042282,3.4868717193603516e-05,0.72265625,0.69091796875,0.0,0.79052734375,0.97021484375
604,208,0.04064599797129631,8.248089790344238,-0.4457741975784302,0.859375,0.392822265625,0.327880859375,0.0,0.71875,0.962890625
605,220,0.013121459633111954,8.260947227478027,-0.4364335834980011,7.927417755126953e-06,0.76904296875,0.63916015625,0.0,0.71875,0.97021484375
606,220,0.013121459633111954,8.260947227478027,-0.4364335834980011,7.927417755126953e-06,0.76904296875,0.63916015625,0.0,0.71875,0.97021484375
607,208,0.04064599797129631,8.248089790344238,-0.4457741975784302,0.859375,0.392822265625,0.327880859375,0.0,0.71875,0.962890625
608,202,0.04064405709505081,8.435362815856934,-0.6926059722900391,0.85986328125,0.419677734375,0.290771484375,0.0,0.6474609375,0.962890625
609,220,0.013121459633111954,8.260947227478027,-0.4364335834980011,7.927417755126953e-06,0.76904296875,0.63916015625,0.0,0.71875,0.97021484375
610,202,0.04064405709505081,8.435362815856934,-0.6926059722900391,0.85986328125,0.419677734375,0.290771484375,0.0,0.6474609375,0.962890625
611,207,0.013121459633111954,8.448217391967773,-0.6832655072212219,2.086162567138672e-06,0.8212890625,0.5703125,0.0,0.6474609375,0.97021484375
612,219,-0.014456159435212612,7.894006729125977,-0.07630845159292221,-0.88525390625,0.323486328125,0.33349609375,0.0,0.8369140625,0.9775390625
613,218,0.013121469877660275,8.052045822143555,-0.2076536864042282,3.4868717193603516e-05,0.72265625,0.69091796875,0.0,0.79052734375,0.97021484375
614,221,-0.014404629357159138,8.039183616638184,-0.21698810160160065,-0.86376953125,0.363037109375,0.348876953125,0.0,0.79052734375,0.9775390625
615,221,-0.014404629357159138,8.039183616638184,-0.21698810160160065,-0.86376953125,0.363037109375,0.348876953125,0.0,0.79052734375,0.9775390625
616,218,0.013121469877660275,8.052045822143555,-0.2076536864042282,3.4868717193603516e-05,0.72265625,0.69091796875,0.0,0.79052734375,0.97021484375
617,220,0.013121459633111954,8.260947227478027,-0.4364335834980011,7.927417755126953e-06,0.76904296875,0.63916015625,0.0,0.71875,0.97021484375
618,222,-0.014456159435212612,7.86828088760376,-0.09497690200805664,-0.8369140625,-0.380859375,-0.393310546875,0.0,0.8369140625,0.98486328125
619,219,-0.014456159435212612,7.894006729125977,-0.07630845159292221,-0.88525390625,0.323486328125,0.33349609375,0.0,0.8369140625,0.9775390625
620,221,-0.014404629357159138,8.039183616638184,-0.21698810160160065,-0.86376953125,0.363037109375,0.348876953125,0.0,0.79052734375,0.9775390625
621,223,-0.014403070323169231,8.248088836669922,-0.44577157497406006,-0.859375,0.392822265625,0.327880859375,0.0,0.71875,0.9775390625
622,220,0.013121459633111954,8.260947227478027,-0.4364335834980011,7.927417755126953e-06,0.76904296875,0.63916015625,0.0,0.71875,0.97021484375
623,207,0.013121459633111954,8.448217391967773,-0.6832655072212219,2.086162567138672e-06,0.8212890625,0.5703125,0.0,0.6474609375,0.97021484375
624,221,-0.014404629357159138,8.039183616638184,-0.21698810160160065,-0.86376953125,0.363037109375,0.348876953125,0.0,0.79052734375,0.9775390625
625,220,0.013121459633111954,8.260947227478027,-0.4364335834980011,7.927417755126953e-06,0.76904296875,0.63916015625,0.0,0.71875,0.97021484375
626,223,-0.014403070323169231,8.248088836669922,-0.44577157497406006,-0.859375,0.392822265625,0.327880859375,0.0,0.71875,0.9775390625
627,222,-0.014456159435212612,7.86828088760376,-0.09497690200805664,-0.8369140625,-0.380859375,-0.393310546875,0.0,0.8369140625,0.98486328125
628,221,-0.014404629357159138,8.039183616638184,-0.21698810160160065,-0.86376953125,0.363037109375,0.348876953125,0.0,0.79052734375,0.9775390625
629,224,-0.014404629357159138,8.013463020324707,-0.23566049337387085,-0.8642578125,-0.36376953125,-0.347900390625,0.0,0.79052734375,0.98486328125
630,224,-0.014404629357159138,8.013463020324707,-0.23566049337387085,-0.8642578125,-0.36376953125,-0.347900390625,0.0,0.79052734375,0.98486328125
631,221,-0.014404629357159138,8.039183616638184,-0.21698810160160065,-0.86376953125,0.363037109375,0.348876953125,0.0,0.79052734375,0.9775390625
632,223,-0.014403070323169231,8.248088836669922,-0.44577157497406006,-0.859375,0.392822265625,0.327880859375,0.0,0.71875,0.9775390625
633,225,0.01307062990963459,7.855419635772705,-0.10431309789419174,-0.0001329183578491211,-0.69580078125,-0.71826171875,0.0,0.8369140625,0.9921875
634,222,-0.014456159435212612,7.86828088760376,-0.09497690200805664,-0.8369140625,-0.380859375,-0.393310546875,0.0,0.8369140625,0.98486328125
635,224,-0.014404629357159138,8.013463020324707,-0.23566049337387085,-0.8642578125,-0.36376953125,-0.347900390625,0.0,0.79052734375,0.98486328125
636,225,0.01307062990963459,7.855419635772705,-0.10431309789419174,-0.0001329183578491211,-0.69580078125,-0.71826171875,0.0,0.8369140625,0.9921875
637,224,-0.014404629357159138,8.013463020324707,-0.23566049337387085,-0.8642578125,-0.36376953125,-0.347900390625,0.0,0.79052734375,0.98486328125
638,226,0.013121469877660275,8.000602722167969,-0.24499839544296265,1.1265277862548828e-05,-0.72119140625,-0.69287109375,0.0,0.79052734375,0.9921875
639,224,-0.014404629357159138,8.013463020324707,-0.23566049337387085,-0.8642578125,-0.36376953125,-0.347900390625,0.0,0.79052734375,0.98486328125
640,227,0.013121469877660275,8.209517478942871,-0.47379070520401,-1.0251998901367188e-05,-0.767578125,-0.640625,0.0,0.71875,0.9921875
641,226,0.013121469877660275,8.000602722167969,-0.24499839544296265,1.1265277862548828e-05,-0.72119140625,-0.69287109375,0.0,0.79052734375,0.9921875
642,224,-0.014404629357159138,8.013463020324707,-0.23566049337387085,-0.8642578125,-0.36376953125,-0.347900390625,0.0,0.79052734375,0.98486328125
643,228,-0.014403070323169231,8.222373962402344,-0.4644501805305481,-0.87158203125,-0.376708984375,-0.313232421875,0.0,0.71875,0.98486328125
644,227,0.013121469877660275,8.209517478942871,-0.47379070520401,-1.0251998901367188e-05,-0.767578125,-0.640625,0.0,0.71875,0.9921875
645,224,-0.014404629357159138,8.013463020324707,-0.23566049337387085,-0.8642578125,-0.36376953125,-0.347900390625,0.0,0.79052734375,0.98486328125
646,223,-0.014403070323169231,8.248088836669922,-0.44577157497406006,-0.859375,0.392822265625,0.327880859375,0.0,0.71875,0.9775390625
647,228,-0.014403070323169231,8.222373962402344,-0.4644501805305481,-0.87158203125,-0.376708984375,-0.313232421875,0.0,0.71875,0.98486328125
648,228,-0.014403070323169231,8.222373962402344,-0.4644501805305481,-0.87158203125,-0.376708984375,-0.313232421875,0.0,0.71875,0.98486328125
649,229,0.013121469877660275,8.396795272827148,-0.7206234335899353,-1.0132789611816406e-06,-0.82177734375,-0.56982421875,0.0,0.6474609375,0.9921875
650,227,0.013121469877660275,8.209517478942871,-0.47379070520401,-1.0251998901367188e-05,-0.767578125,-0.640625,0.0,0.71875,0.9921875
651,223,-0.014403070323169231,8.248088836669922,-0.44577157497406006,-0.859375,0.392822265625,0.327880859375,0.0,0.71875,0.9775390625
652,207,0.013121459633111954,8.448217391967773,-0.6832655072212219,2.086162567138672e-06,0.8212890625,0.5703125,0.0,0.6474609375,0.97021484375
653,230,-0.014401129446923733,8.435361862182617,-0.6926039457321167,-0.85986328125,0.419677734375,0.290771484375,0.0,0.6474609375,0.9775390625
654,228,-0.014403070323169231,8.222373962402344,-0.4644501805305481,-0.87158203125,-0.376708984375,-0.313232421875,0.0,0.71875,0.98486328125
655,223,-0.014403070323169231,8.248088836669922,-0.44577157497406006,-0.859375,0.392822265625,0.327880859375,0.0,0.71875,0.9775390625
656,230,-0.014401129446923733,8.435361862182617,-0.6926039457321167,-0.85986328125,0.419677734375,0.290771484375,0.0,0.6474609375,0.9775390625
657,230,-0.014401129446923733,8.435361862182617,-0.6926039457321167,-0.85986328125,0.419677734375,0.290771484375,0.0,0.6474609375,0.9775390625
658,207,0.013121459633111954,8.448217391967773,-0.6832655072212219,2.086162567138672e-06,0.8212890625,0.5703125,0.0,0.6474609375,0.97021484375
659,205,0.013121459633111954,8.599662780761719,-0.9247854948043823,0.0038318634033203125,0.86474609375,0.50244140625,0.0,0.58154296875,0.97021484375
660,230,-0.014401129446923733,8.435361862182617,-0.6926039457321167,-0.85986328125,0.419677734375,0.290771484375,0.0,0.6474609375,0.9775390625
661,205,0.013121459633111954,8.599662780761719,-0.9247854948043823,0.0038318634033203125,0.86474609375,0.50244140625,0.0,0.58154296875,0.97021484375
662,211,-0.0143991494551301,8.586804389953613,-0.9341208338737488,-0.85888671875,0.443603515625,0.256103515625,0.0,0.58154296875,0.9775390625
663,228,-0.014403070323169231,8.222373962402344,-0.4644501805305481,-0.87158203125,-0.376708984375,-0.313232421875,0.0,0.71875,0.98486328125
664,231,-0.014401129446923733,8.409649848937988,-0.7112830281257629,-0.8720703125,-0.40234375,-0.279296875,0.0,0.6474609375,0.98486328125
665,229,0.013121469877660275,8.396795272827148,-0.7206234335899353,-1.0132789611816406e-06,-0.82177734375,-0.56982421875,0.0,0.6474609375,0.9921875
666,228,-0.014403070323169231,8.222373962402344,-0.4644501805305481,-0.87158203125,-0.376708984375,-0.313232421875,0.0,0.71875,0.98486328125
667,230,-0.014401129446923733,8.435361862182617,-0.6926039457321167,-0.85986328125,0.419677734375,0.290771484375,0.0,0.6474609375,0.9775390625
668,231,-0.014401129446923733,8.409649848937988,-0.7112830281257629,-0.8720703125,-0.40234375,-0.279296875,0.0,0.6474609375,0.98486328125
669,231,-0.014401129446923733,8.409649848937988,-0.7112830281257629,-0.8720703125,-0.40234375,-0.279296875,0.0,0.6474609375,0.98486328125
670,230,-0.014401129446923733,8.435361862182617,-0.6926039457321167,-0.85986328125,0.419677734375,0.290771484375,0.0,0.6474609375,0.9775390625
671,211,-0.0143991494551301,8.586804389953613,-0.9341208338737488,-0.85888671875,0.443603515625,0.256103515625,0.0,0.58154296875,0.9775390625
672,231,-0.014401129446923733,8.409649848937988,-0.7112830281257629,-0.8720703125,-0.40234375,-0.279296875,0.0,0.6474609375,0.98486328125
673,232,0.013121469877660275,8.548236846923828,-0.9621321558952332,-0.0041656494140625,-0.86572265625,-0.50048828125,0.0,0.58154296875,0.9921875
674,229,0.013121469877660275,8.396795272827148,-0.7206234335899353,-1.0132789611816406e-06,-0.82177734375,-0.56982421875,0.0,0.6474609375,0.9921875
675,231,-0.014401129446923733,8.409649848937988,-0.7112830281257629,-0.8720703125,-0.40234375,-0.279296875,0.0,0.6474609375,0.98486328125
676,211,-0.0143991494551301,8.586804389953613,-0.9341208338737488,-0.85888671875,0.443603515625,0.256103515625,0.0,0.58154296875,0.9775390625
677,233,-0.0143991494551301,8.561091423034668,-0.9527941942214966,-0.87060546875,-0.425048828125,-0.247314453125,0.0,0.58154296875,0.98486328125
678,231,-0.014401129446923733,8.409649848937988,-0.7112830281257629,-0.8720703125,-0.40234375,-0.279296875,0.0,0.6474609375,0.98486328125
679,233,-0.0143991494551301,8.561091423034668,-0.9527941942214966,-0.87060546875,-0.425048828125,-0.247314453125,0.0,0.58154296875,0.98486328125
680,232,0.013121469877660275,8.548236846923828,-0.9621321558952332,-0.0041656494140625,-0.86572265625,-0.50048828125,0.0,0.58154296875,0.9921875
681,211,-0.0143991494551301,8.586804389953613,-0.9341208338737488,-0.85888671875,0.443603515625,0.256103515625,0.0,0.58154296875,0.9775390625
682,212,-0.014701830223202705,8.671911239624023,-1.1626460552215576,-0.84765625,-0.469482421875,-0.24658203125,0.0,0.52685546875,0.98486328125
683,233,-0.0143991494551301,8.561091423034668,-0.9527941942214966,-0.87060546875,-0.425048828125,-0.247314453125,0.0,0.58154296875,0.98486328125
684,233,-0.0143991494551301,8.561091423034668,-0.9527941942214966,-0.87060546875,-0.425048828125,-0.247314453125,0.0,0.58154296875,0.98486328125
685,234,0.012503529898822308,8.658621788024902,-1.172292947769165,-0.00963592529296875,-0.88525390625,-0.46484375,0.0,0.52685546875,0.9921875
686,232,0.013121469877660275,8.548236846923828,-0.9621321558952332,-0.0041656494140625,-0.86572265625,-0.50048828125,0.0,0.58154296875,0.9921875
687,233,-0.0143991494551301,8.561091423034668,-0.9527941942214966,-0.87060546875,-0.425048828125,-0.247314453125,0.0,0.58154296875,0.98486328125
688,212,-0.014701830223202705,8.671911239624023,-1.1626460552215576,-0.84765625,-0.469482421875,-0.24658203125,0.0,0.52685546875,0.98486328125
689,234,0.012503529898822308,8.658621788024902,-1.172292947769165,-0.00963592529296875,-0.88525390625,-0.46484375,0.0,0.52685546875,0.9921875
690,235,-0.1828107237815857,9.814021110534668,-0.07592517882585526,0.08355712890625,0.99658203125,-0.01390838623046875,0.0,0.9267578125,0.87744140625
691,236,-0.19675660133361816,9.78829288482666,-0.08010606467723846,-0.8759765625,-0.412841796875,0.24951171875,0.0,0.91943359375,0.87451171875
692,237,-0.19739824533462524,9.787551879882812,-0.07560796290636063,-0.90185546875,-0.431640625,0.0281524658203125,0.0,0.91943359375,0.87744140625
693,235,-0.1828107237815857,9.814021110534668,-0.07592517882585526,0.08355712890625,0.99658203125,-0.01390838623046875,0.0,0.9267578125,0.87744140625
694,238,-0.18269358575344086,9.81501579284668,-0.08728513866662979,0.1861572265625,0.97705078125,-0.102294921875,0.0,0.9267578125,0.87451171875
695,236,-0.19675660133361816,9.78829288482666,-0.08010606467723846,-0.8759765625,-0.412841796875,0.24951171875,0.0,0.91943359375,0.87451171875
696,239,-0.15635061264038086,9.799429893493652,-0.07665318995714188,0.97998046875,0.1763916015625,-0.08984375,0.0,0.9345703125,0.87744140625
697,238,-0.18269358575344086,9.81501579284668,-0.08728513866662979,0.1861572265625,0.97705078125,-0.102294921875,0.0,0.9267578125,0.87451171875
698,235,-0.1828107237815857,9.814021110534668,-0.07592517882585526,0.08355712890625,0.99658203125,-0.01390838623046875,0.0,0.9267578125,0.87744140625
699,238,-0.18269358575344086,9.81501579284668,-0.08728513866662979,0.1861572265625,0.97705078125,-0.102294921875,0.0,0.9267578125,0.87451171875
700,240,-0.19807784259319305,9.788939476013184,-0.08367088437080383,-0.51611328125,-0.4140625,0.74951171875,0.0,0.91943359375,0.87109375
701,236,-0.19675660133361816,9.78829288482666,-0.08010606467723846,-0.8759765625,-0.412841796875,0.24951171875,0.0,0.91943359375,0.87451171875
702,239,-0.15635061264038086,9.799429893493652,-0.07665318995714188,0.97998046875,0.1763916015625,-0.08984375,0.0,0.9345703125,0.87744140625
703,241,-0.1591304987668991,9.79922866821289,-0.09989489614963531,0.8896484375,0.1441650390625,-0.43310546875,0.0,0.9345703125,0.87451171875
704,238,-0.18269358575344086,9.81501579284668,-0.08728513866662979,0.1861572265625,0.97705078125,-0.102294921875,0.0,0.9267578125,0.87451171875
705,242,-0.17093811929225922,9.772960662841797,-0.07633598148822784,0.58251953125,-0.80859375,-0.08245849609375,0.0,0.94189453125,0.87744140625
706,241,-0.1591304987668991,9.79922866821289,-0.09989489614963531,0.8896484375,0.1441650390625,-0.43310546875,0.0,0.9345703125,0.87451171875
707,239,-0.15635061264038086,9.799429893493652,-0.07665318995714188,0.97998046875,0.1763916015625,-0.08984375,0.0,0.9345703125,0.87744140625
708,238,-0.18269358575344086,9.81501579284668,-0.08728513866662979,0.1861572265625,0.97705078125,-0.102294921875,0.0,0.9267578125,0.87451171875
709,243,-0.1901780068874359,9.814702987670898,-0.09776102751493454,0.10394287109375,0.9638671875,-0.2452392578125,0.0,0.9267578125,0.87109375
710,240,-0.19807784259319305,9.788939476013184,-0.08367088437080383,-0.51611328125,-0.4140625,0.74951171875,0.0,0.91943359375,0.87109375
711,241,-0.1591304987668991,9.79922866821289,-0.09989489614963531,0.8896484375,0.1441650390625,-0.43310546875,0.0,0.9345703125,0.87451171875
712,243,-0.1901780068874359,9.814702987670898,-0.09776102751493454,0.10394287109375,0.9638671875,-0.2452392578125,0.0,0.9267578125,0.87109375
713,238,-0.18269358575344086,9.81501579284668,-0.08728513866662979,0.1861572265625,0.97705078125,-0.102294921875,0.0,0.9267578125,0.87451171875
714,243,-0.1901780068874359,9.814702987670898,-0.09776102751493454,0.10394287109375,0.9638671875,-0.2452392578125,0.0,0.9267578125,0.87109375
715,244,-0.20228278636932373,9.789844512939453,-0.08371786028146744,0.10369873046875,-0.2880859375,0.9521484375,0.0,0.91943359375,0.86767578125
716,240,-0.19807784259319305,9.788939476013184,-0.08367088437080383,-0.51611328125,-0.4140625,0.74951171875,0.0,0.91943359375,0.87109375
717,242,-0.17093811929225922,9.772960662841797,-0.07633598148822784,0.58251953125,-0.80859375,-0.08245849609375,0.0,0.94189453125,0.87744140625
718,245,-0.1731935292482376,9.772504806518555,-0.09271581470966339,0.55126953125,-0.78369140625,-0.28662109375,0.0,0.94189453125,0.87451171875
719,241,-0.1591304987668991,9.79922866821289,-0.09989489614963531,0.8896484375,0.1441650390625,-0.43310546875,0.0,0.9345703125,0.87451171875
720,246,-0.19739824533462524,9.787551879882812,-0.07560796290636063,-0.90185546875,-0.431640625,0.0281524658203125,0.0,0.94921875,0.87744140625
721,245,-0.1731935292482376,9.772504806518555,-0.09271581470966339,0.55126953125,-0.78369140625,-0.28662109375,0.0,0.94189453125,0.87451171875
722,242,-0.17093811929225922,9.772960662841797,-0.07633598148822784,0.58251953125,-0.80859375,-0.08245849609375,0.0,0.94189453125,0.87744140625
723,246,-0.19739824533462524,9.787551879882812,-0.07560796290636063,-0.90185546875,-0.431640625,0.0281524658203125,0.0,0.94921875,0.87744140625
724,247,-0.19675660133361816,9.78829288482666,-0.08010606467723846,-0.8759765625,-0.412841796875,0.24951171875,0.0,0.94921875,0.87451171875
725,245,-0.1731935292482376,9.772504806518555,-0.09271581470966339,0.55126953125,-0.78369140625,-0.28662109375,0.0,0.94189453125,0.87451171875
726,241,-0.1591304987668991,9.79922866821289,-0.09989489614963531,0.8896484375,0.1441650390625,-0.43310546875,0.0,0.9345703125,0.87451171875
727,248,-0.1782715767621994,9.798555374145508,-0.1206120103597641,0.471923828125,0.12548828125,-0.87255859375,0.0,0.9345703125,0.87109375
728,243,-0.1901780068874359,9.814702987670898,-0.09776102751493454,0.10394287109375,0.9638671875,-0.2452392578125,0.0,0.9267578125,0.87109375
729,245,-0.1731935292482376,9.772504806518555,-0.09271581470966339,0.55126953125,-0.78369140625,-0.28662109375,0.0,0.94189453125,0.87451171875
730,248,-0.1782715767621994,9.798555374145508,-0.1206120103597641,0.471923828125,0.12548828125,-0.87255859375,0.0,0.9345703125,0.87109375
731,241,-0.1591304987668991,9.79922866821289,-0.09989489614963531,0.8896484375,0.1441650390625,-0.43310546875,0.0,0.9345703125,0.87451171875
732,243,-0.1901780068874359,9.814702987670898,-0.09776102751493454,0.10394287109375,0.9638671875,-0.2452392578125,0.0,0.9267578125,0.87109375
733,249,-0.2023475468158722,9.813879013061523,-0.10010525584220886,-0.0474853515625,0.96484375,-0.2587890625,0.0,0.9267578125,0.86767578125
734,244,-0.20228278636932373,9.789844512939453,-0.08371786028146744,0.10369873046875,-0.2880859375,0.9521484375,0.0,0.91943359375,0.86767578125
735,248,-0.1782715767621994,9.798555374145508,-0.1206120103597641,0.471923828125,0.12548828125,-0.87255859375,0.0,0.9345703125,0.87109375
736,249,-0.2023475468158722,9.813879013061523,-0.10010525584220886,-0.0474853515625,0.96484375,-0.2587890625,0.0,0.9267578125,0.86767578125
737,243,-0.1901780068874359,9.814702987670898,-0.09776102751493454,0.10394287109375,0.9638671875,-0.2452392578125,0.0,0.9267578125,0.87109375
738,249,-0.2023475468158722,9.813879013061523,-0.10010525584220886,-0.0474853515625,0.96484375,-0.2587890625,0.0,0.9267578125,0.86767578125
739,250,-0.20543985068798065,9.789605140686035,-0.0822322741150856,0.51806640625,-0.325927734375,0.791015625,0.0,0.91943359375,0.86474609375
740,244,-0.20228278636932373,9.789844512939453,-0.08371786028146744,0.10369873046875,-0.2880859375,0.9521484375,0.0,0.91943359375,0.86767578125
741,247,-0.19675660133361816,9.78829288482666,-0.08010606467723846,-0.8759765625,-0.412841796875,0.24951171875,0.0,0.94921875,0.87451171875
742,251,-0.18617141246795654,9.772791862487793,-0.10652187466621399,0.283935546875,-0.78564453125,-0.54931640625,0.0,0.94189453125,0.87109375
743,245,-0.1731935292482376,9.772504806518555,-0.09271581470966339,0.55126953125,-0.78369140625,-0.28662109375,0.0,0.94189453125,0.87451171875
744,245,-0.1731935292482376,9.772504806518555,-0.09271581470966339,0.55126953125,-0.78369140625,-0.28662109375,0.0,0.94189453125,0.87451171875
745,251,-0.18617141246795654,9.772791862487793,-0.10652187466621399,0.283935546875,-0.78564453125,-0.54931640625,0.0,0.94189453125,0.87109375
746,248,-0.1782715767621994,9.798555374145508,-0.1206120103597641,0.471923828125,0.12548828125,-0.87255859375,0.0,0.9345703125,0.87109375
747,247,-0.19675660133361816,9.78829288482666,-0.08010606467723846,-0.8759765625,-0.412841796875,0.24951171875,0.0,0.94921875,0.87451171875
748,252,-0.19807784259319305,9.788939476013184,-0.08367088437080383,-0.51611328125,-0.4140625,0.74951171875,0.0,0.94921875,0.87109375
749,251,-0.18617141246795654,9.772791862487793,-0.10652187466621399,0.283935546875,-0.78564453125,-0.54931640625,0.0,0.94189453125,0.87109375
750,248,-0.1782715767621994,9.798555374145508,-0.1206120103597641,0.471923828125,0.12548828125,-0.87255859375,0.0,0.9345703125,0.87109375
751,253,-0.20321521162986755,9.797496795654297,-0.12412805110216141,-0.1072998046875,0.102294921875,-0.98876953125,0.0,0.9345703125,0.86767578125
752,249,-0.2023475468158722,9.813879013061523,-0.10010525584220886,-0.0474853515625,0.96484375,-0.2587890625,0.0,0.9267578125,0.86767578125
753,251,-0.18617141246795654,9.772791862487793,-0.10652187466621399,0.283935546875,-0.78564453125,-0.54931640625,0.0,0.94189453125,0.87109375
754,253,-0.20321521162986755,9.797496795654297,-0.12412805110216141,-0.1072998046875,0.102294921875,-0.98876953125,0.0,0.9345703125,0.86767578125
755,248,-0.1782715767621994,9.798555374145508,-0.1206120103597641,0.471923828125,0.12548828125,-0.87255859375,0.0,0.9345703125,0.87109375
756,249,-0.2023475468158722,9.813879013061523,-0.10010525584220886,-0.0474853515625,0.96484375,-0.2587890625,0.0,0.9267578125,0.86767578125
757,254,-0.21336865425109863,9.813620567321777,-0.0960305854678154,-0.09332275390625,0.97265625,-0.2122802734375,0.0,0.9267578125,0.86474609375
758,250,-0.20543985068798065,9.789605140686035,-0.0822322741150856,0.51806640625,-0.325927734375,0.791015625,0.0,0.91943359375,0.86474609375
759,253,-0.20321521162986755,9.797496795654297,-0.12412805110216141,-0.1072998046875,0.102294921875,-0.98876953125,0.0,0.9345703125,0.86767578125
760,254,-0.21336865425109863,9.813620567321777,-0.0960305854678154,-0.09332275390625,0.97265625,-0.2122802734375,0.0,0.9267578125,0.86474609375
761,249,-0.2023475468158722,9.813879013061523,-0.10010525584220886,-0.0474853515625,0.96484375,-0.2587890625,0.0,0.9267578125,0.86767578125
762,254,-0.21336865425109863,9.813620567321777,-0.0960305854678154,-0.09332275390625,0.97265625,-0.2122802734375,0.0,0.9267578125,0.86474609375
763,255,-0.2090592086315155,9.788851737976074,-0.07887575775384903,0.75634765625,-0.389404296875,0.525390625,0.0,0.91943359375,0.86181640625
764,250,-0.20543985068798065,9.789605140686035,-0.0822322741150856,0.51806640625,-0.325927734375,0.791015625,0.0,0.91943359375,0.86474609375
765,252,-0.19807784259319305,9.788939476013184,-0.08367088437080383,-0.51611328125,-0.4140625,0.74951171875,0.0,0.94921875,0.87109375
766,256,-0.2031504511833191,9.773462295532227,-0.10774065554141998,-0.07745361328125,-0.82177734375,-0.564453125,0.0,0.94189453125,0.86767578125
767,251,-0.18617141246795654,9.772791862487793,-0.10652187466621399,0.283935546875,-0.78564453125,-0.54931640625,0.0,0.94189453125,0.87109375
768,251,-0.18617141246795654,9.772791862487793,-0.10652187466621399,0.283935546875,-0.78564453125,-0.54931640625,0.0,0.94189453125,0.87109375
769,256,-0.2031504511833191,9.773462295532227,-0.10774065554141998,-0.07745361328125,-0.82177734375,-0.564453125,0.0,0.94189453125,0.86767578125
770,253,-0.20321521162986755,9.797496795654297,-0.12412805110216141,-0.1072998046875,0.102294921875,-0.98876953125,0.0,0.9345703125,0.86767578125
771,252,-0.19807784259319305,9.788939476013184,-0.08367088437080383,-0.51611328125,-0.4140625,0.74951171875,0.0,0.94921875,0.87109375
772,257,-0.20228278636932373,9.789844512939453,-0.08371786028146744,0.10369873046875,-0.2880859375,0.9521484375,0.0,0.94921875,0.86767578125
773,256,-0.2031504511833191,9.773462295532227,-0.10774065554141998,-0.07745361328125,-0.82177734375,-0.564453125,0.0,0.94189453125,0.86767578125
774,253,-0.20321521162986755,9.797496795654297,-0.12412805110216141,-0.1072998046875,0.102294921875,-0.98876953125,0.0,0.9345703125,0.86767578125
775,258,-0.22715425491333008,9.797750473022461,-0.1157301515340805,-0.513671875,0.10772705078125,-0.85107421875,0.0,0.9345703125,0.86474609375
776,254,-0.21336865425109863,9.813620567321777,-0.0960305854678154,-0.09332275390625,0.97265625,-0.2122802734375,0.0,0.9267578125,0.86474609375
777,256,-0.2031504511833191,9.773462295532227,-0.10774065554141998,-0.07745361328125,-0.82177734375,-0.564453125,0.0,0.94189453125,0.86767578125
778,258,-0.22715425491333008,9.797750473022461,-0.1157301515340805,-0.513671875,0.10772705078125,-0.85107421875,0.0,0.9345703125,0.86474609375
779,253,-0.20321521162986755,9.797496795654297,-0.12412805110216141,-0.1072998046875,0.102294921875,-0.98876953125,0.0,0.9345703125,0.86767578125
780,254,-0.21336865425109863,9.813620567321777,-0.0960305854678154,-0.09332275390625,0.97265625,-0.2122802734375,0.0,0.9267578125,0.86474609375
781,259,-0.22124770283699036,9.814168930053711,-0.08753791451454163,-0.080078125,0.98828125,-0.1292724609375,0.0,0.9267578125,0.86181640625
782,255,-0.2090592086315155,9.788851737976074,-0.07887575775384903,0.75634765625,-0.389404296875,0.525390625,0.0,0.91943359375,0.86181640625
783,258,-0.22715425491333008,9.797750473022461,-0.1157301515340805,-0.513671875,0.10772705078125,-0.85107421875,0.0,0.9345703125,0.86474609375
784,259,-0.22124770283699036,9.814168930053711,-0.08753791451454163,-0.080078125,0.98828125,-0.1292724609375,0.0,0.9267578125,0.86181640625
785,254,-0.21336865425109863,9.813620567321777,-0.0960305854678154,-0.09332275390625,0.97265625,-0.2122802734375,0.0,0.9267578125,0.86474609375
786,259,-0.22124770283699036,9.814168930053711,-0.08753791451454163,-0.080078125,0.98828125,-0.1292724609375,0.0,0.9267578125,0.86181640625
787,260,-0.21121355891227722,9.788373947143555,-0.07434700429439545,0.89599609375,-0.43701171875,0.0814208984375,0.0,0.91943359375,0.85888671875
788,255,-0.2090592086315155,9.788851737976074,-0.07887575775384903,0.75634765625,-0.389404296875,0.525390625,0.0,0.91943359375,0.86181640625
789,257,-0.20228278636932373,9.789844512939453,-0.08371786028146744,0.10369873046875,-0.2880859375,0.9521484375,0.0,0.94921875,0.86767578125
790,261,-0.2192254215478897,9.773735046386719,-0.10193184018135071,-0.292724609375,-0.82958984375,-0.4755859375,0.0,0.94189453125,0.86474609375
791,256,-0.2031504511833191,9.773462295532227,-0.10774065554141998,-0.07745361328125,-0.82177734375,-0.564453125,0.0,0.94189453125,0.86767578125
792,256,-0.2031504511833191,9.773462295532227,-0.10774065554141998,-0.07745361328125,-0.82177734375,-0.564453125,0.0,0.94189453125,0.86767578125
793,261,-0.2192254215478897,9.773735046386719,-0.10193184018135071,-0.292724609375,-0.82958984375,-0.4755859375,0.0,0.94189453125,0.86474609375
794,258,-0.22715425491333008,9.797750473022461,-0.1157301515340805,-0.513671875,0.10772705078125,-0.85107421875,0.0,0.9345703125,0.86474609375
795,257,-0.20228278636932373,9.789844512939453,-0.08371786028146744,0.10369873046875,-0.2880859375,0.9521484375,0.0,0.94921875,0.86767578125
796,262,-0.20543985068798065,9.789605140686035,-0.0822322741150856,0.51806640625,-0.325927734375,0.791015625,0.0,0.94921875,0.86474609375
797,261,-0.2192254215478897,9.773735046386719,-0.10193184018135071,-0.292724609375,-0.82958984375,-0.4755859375,0.0,0.94189453125,0.86474609375
798,258,-0.22715425491333008,9.797750473022461,-0.1157301515340805,-0.513671875,0.10772705078125,-0.85107421875,0.0,0.9345703125,0.86474609375
799,263,-0.24333573877811432,9.799276351928711,-0.0999826043844223,-0.7958984375,0.156494140625,-0.5849609375,0.0,0.9345703125,0.86181640625
800,259,-0.22124770283699036,9.814168930053711,-0.08753791451454163,-0.080078125,0.98828125,-0.1292724609375,0.0,0.9267578125,0.86181640625
801,261,-0.2192254215478897,9.773735046386719,-0.10193184018135071,-0.292724609375,-0.82958984375,-0.4755859375,0.0,0.94189453125,0.86474609375
802,263,-0.24333573877811432,9.799276351928711,-0.0999826043844223,-0.7958984375,0.156494140625,-0.5849609375,0.0,0.9345703125,0.86181640625
803,258,-0.22715425491333008,9.797750473022461,-0.1157301515340805,-0.513671875,0.10772705078125,-0.85107421875,0.0,0.9345703125,0.86474609375
804,259,-0.22124770283699036,9.814168930053711,-0.08753791451454163,-0.080078125,0.98828125,-0.1292724609375,0.0,0.9267578125,0.86181640625
805,264,-0.22487013041973114,9.81484603881836,-0.07823466509580612,-0.0675048828125,0.9951171875,-0.07464599609375,0.0,0.9267578125,0.85888671875
806,260,-0.21121355891227722,9.788373947143555,-0.07434700429439545,0.89599609375,-0.43701171875,0.0814208984375,0.0,0.91943359375,0.85888671875
807,263,-0.24333573877811432,9.799276351928711,-0.0999826043844223,-0.7958984375,0.156494140625,-0.5849609375,0.0,0.9345703125,0.86181640625
808,264,-0.22487013041973114,9.81484603881836,-0.07823466509580612,-0.0675048828125,0.9951171875,-0.07464599609375,0.0,0.9267578125,0.85888671875
809,259,-0.22124770283699036,9.814168930053711,-0.08753791451454163,-0.080078125,0.98828125,-0.1292724609375,0.0,0.9267578125,0.86181640625
810,264,-0.22487013041973114,9.81484603881836,-0.07823466509580612,-0.0675048828125,0.9951171875,-0.07464599609375,0.0,0.9267578125,0.85888671875
811,265,-0.21030892431735992,9.78846549987793,-0.06481970846652985,0.84033203125,-0.4501953125,-0.3017578125,0.0,0.91943359375,0.8544921875
812,260,-0.21121355891227722,9.788373947143555,-0.07434700429439545,0.89599609375,-0.43701171875,0.0814208984375,0.0,0.91943359375,0.85888671875
813,262,-0.20543985068798065,9.789605140686035,-0.0822322741150856,0.51806640625,-0.325927734375,0.791015625,0.0,0.94921875,0.86474609375
814,266,-0.23114722967147827,9.77396011352539,-0.09132043272256851,-0.465087890625,-0.82568359375,-0.31982421875,0.0,0.94189453125,0.86181640625
815,261,-0.2192254215478897,9.773735046386719,-0.10193184018135071,-0.292724609375,-0.82958984375,-0.4755859375,0.0,0.94189453125,0.86474609375
816,261,-0.2192254215478897,9.773735046386719,-0.10193184018135071,-0.292724609375,-0.82958984375,-0.4755859375,0.0,0.94189453125,0.86474609375
817,266,-0.23114722967147827,9.77396011352539,-0.09132043272256851,-0.465087890625,-0.82568359375,-0.31982421875,0.0,0.94189453125,0.86181640625
818,263,-0.24333573877811432,9.799276351928711,-0.0999826043844223,-0.7958984375,0.156494140625,-0.5849609375,0.0,0.9345703125,0.86181640625
819,262,-0.20543985068798065,9.789605140686035,-0.0822322741150856,0.51806640625,-0.325927734375,0.791015625,0.0,0.94921875,0.86474609375
820,267,-0.2090592086315155,9.788851737976074,-0.07887575775384903,0.75634765625,-0.389404296875,0.525390625,0.0,0.94921875,0.86181640625
821,266,-0.23114722967147827,9.77396011352539,-0.09132043272256851,-0.465087890625,-0.82568359375,-0.31982421875,0.0,0.94189453125,0.86181640625
822,263,-0.24333573877811432,9.799276351928711,-0.0999826043844223,-0.7958984375,0.156494140625,-0.5849609375,0.0,0.9345703125,0.86181640625
823,268,-0.2510959804058075,9.800737380981445,-0.082178995013237,-0.97119140625,0.199462890625,-0.1285400390625,0.0,0.9345703125,0.85888671875
824,264,-0.22487013041973114,9.81484603881836,-0.07823466509580612,-0.0675048828125,0.9951171875,-0.07464599609375,0.0,0.9267578125,0.85888671875
825,266,-0.23114722967147827,9.77396011352539,-0.09132043272256851,-0.465087890625,-0.82568359375,-0.31982421875,0.0,0.94189453125,0.86181640625
826,268,-0.2510959804058075,9.800737380981445,-0.082178995013237,-0.97119140625,0.199462890625,-0.1285400390625,0.0,0.9345703125,0.85888671875
827,263,-0.24333573877811432,9.799276351928711,-0.0999826043844223,-0.7958984375,0.156494140625,-0.5849609375,0.0,0.9345703125,0.86181640625
828,264,-0.22487013041973114,9.81484603881836,-0.07823466509580612,-0.0675048828125,0.9951171875,-0.07464599609375,0.0,0.9267578125,0.85888671875
829,269,-0.2232370525598526,9.816046714782715,-0.060952648520469666,-0.047027587890625,0.99755859375,-0.0540771484375,0.0,0.9267578125,0.8544921875
830,265,-0.21030892431735992,9.78846549987793,-0.06481970846652985,0.84033203125,-0.4501953125,-0.3017578125,0.0,0.91943359375,0.8544921875
831,268,-0.2510959804058075,9.800737380981445,-0.082178995013237,-0.97119140625,0.199462890625,-0.1285400390625,0.0,0.9345703125,0.85888671875
832,269,-0.2232370525598526,9.816046714782715,-0.060952648520469666,-0.047027587890625,0.99755859375,-0.0540771484375,0.0,0.9267578125,0.8544921875
833,264,-0.22487013041973114,9.81484603881836,-0.07823466509580612,-0.0675048828125,0.9951171875,-0.07464599609375,0.0,0.9267578125,0.85888671875
834,269,-0.2232370525598526,9.816046714782715,-0.060952648520469666,-0.047027587890625,0.99755859375,-0.0540771484375,0.0,0.9267578125,0.8544921875
835,270,-0.20423325896263123,9.788710594177246,-0.056314680725336075,0.58544921875,-0.451416015625,-0.67333984375,0.0,0.91943359375,0.85009765625
836,265,-0.21030892431735992,9.78846549987793,-0.06481970846652985,0.84033203125,-0.4501953125,-0.3017578125,0.0,0.91943359375,0.8544921875
837,267,-0.2090592086315155,9.788851737976074,-0.07887575775384903,0.75634765625,-0.389404296875,0.525390625,0.0,0.94921875,0.86181640625
838,271,-0.23743943870067596,9.77426528930664,-0.07829133421182632,-0.5986328125,-0.7998046875,-0.041656494140625,0.0,0.94189453125,0.85888671875
839,266,-0.23114722967147827,9.77396011352539,-0.09132043272256851,-0.465087890625,-0.82568359375,-0.31982421875,0.0,0.94189453125,0.86181640625
840,266,-0.23114722967147827,9.77396011352539,-0.09132043272256851,-0.465087890625,-0.82568359375,-0.31982421875,0.0,0.94189453125,0.86181640625
841,271,-0.23743943870067596,9.77426528930664,-0.07829133421182632,-0.5986328125,-0.7998046875,-0.041656494140625,0.0,0.94189453125,0.85888671875
842,268,-0.2510959804058075,9.800737380981445,-0.082178995013237,-0.97119140625,0.199462890625,-0.1285400390625,0.0,0.9345703125,0.85888671875
843,267,-0.2090592086315155,9.788851737976074,-0.07887575775384903,0.75634765625,-0.389404296875,0.525390625,0.0,0.94921875,0.86181640625
844,272,-0.21121355891227722,9.788373947143555,-0.07434700429439545,0.89599609375,-0.43701171875,0.0814208984375,0.0,0.94921875,0.85888671875
845,271,-0.23743943870067596,9.77426528930664,-0.07829133421182632,-0.5986328125,-0.7998046875,-0.041656494140625,0.0,0.94189453125,0.85888671875
846,268,-0.2510959804058075,9.800737380981445,-0.082178995013237,-0.97119140625,0.199462890625,-0.1285400390625,0.0,0.9345703125,0.85888671875
847,273,-0.2489103525876999,9.802592277526855,-0.050817813724279404,-0.92578125,0.2301025390625,0.300537109375,0.0,0.9345703125,0.8544921875
848,269,-0.2232370525598526,9.816046714782715,-0.060952648520469666,-0.047027587890625,0.99755859375,-0.0540771484375,0.0,0.9267578125,0.8544921875
849,271,-0.23743943870067596,9.77426528930664,-0.07829133421182632,-0.5986328125,-0.7998046875,-0.041656494140625,0.0,0.94189453125,0.85888671875
850,273,-0.2489103525876999,9.802592277526855,-0.050817813724279404,-0.92578125,0.2301025390625,0.300537109375,0.0,0.9345703125,0.8544921875
851,268,-0.2510959804058075,9.800737380981445,-0.082178995013237,-0.97119140625,0.199462890625,-0.1285400390625,0.0,0.9345703125,0.85888671875
852,269,-0.2232370525598526,9.816046714782715,-0.060952648520469666,-0.047027587890625,0.99755859375,-0.0540771484375,0.0,0.9267578125,0.8544921875
853,274,-0.2132844179868698,9.817014694213867,-0.046819090843200684,-0.01207733154296875,0.9990234375,-0.047637939453125,0.0,0.9267578125,0.85009765625
854,270,-0.20423325896263123,9.788710594177246,-0.056314680725336075,0.58544921875,-0.451416015625,-0.67333984375,0.0,0.91943359375,0.85009765625
855,273,-0.2489103525876999,9.802592277526855,-0.050817813724279404,-0.92578125,0.2301025390625,0.300537109375,0.0,0.9345703125,0.8544921875
856,274,-0.2132844179868698,9.817014694213867,-0.046819090843200684,-0.01207733154296875,0.9990234375,-0.047637939453125,0.0,0.9267578125,0.85009765625
857,269,-0.2232370525598526,9.816046714782715,-0.060952648520469666,-0.047027587890625,0.99755859375,-0.0540771484375,0.0,0.9267578125,0.8544921875
858,274,-0.2132844179868698,9.817014694213867,-0.046819090843200684,-0.01207733154296875,0.9990234375,-0.047637939453125,0.0,0.9267578125,0.85009765625
859,275,-0.1933678388595581,9.788824081420898,-0.050620947033166885,0.19677734375,-0.45263671875,-0.86962890625,0.0,0.91943359375,0.84521484375
860,270,-0.20423325896263123,9.788710594177246,-0.056314680725336075,0.58544921875,-0.451416015625,-0.67333984375,0.0,0.91943359375,0.85009765625
861,272,-0.21121355891227722,9.788373947143555,-0.07434700429439545,0.89599609375,-0.43701171875,0.0814208984375,0.0,0.94921875,0.85888671875
862,276,-0.23598222434520721,9.77501106262207,-0.05468487739562988,-0.572265625,-0.791015625,0.2161865234375,0.0,0.94189453125,0.8544921875
863,271,-0.23743943870067596,9.77426528930664,-0.07829133421182632,-0.5986328125,-0.7998046875,-0.041656494140625,0.0,0.94189453125,0.85888671875
864,271,-0.23743943870067596,9.77426528930664,-0.07829133421182632,-0.5986328125,-0.7998046875,-0.041656494140625,0.0,0.94189453125,0.85888671875
865,276,-0.23598222434520721,9.77501106262207,-0.05468487739562988,-0.572265625,-0.791015625,0.2161865234375,0.0,0.94189453125,0.8544921875
866,273,-0.2489103525876999,9.802592277526855,-0.050817813724279404,-0.92578125,0.2301025390625,0.300537109375,0.0,0.9345703125,0.8544921875
867,272,-0.21121355891227722,9.788373947143555,-0.07434700429439545,0.89599609375,-0.43701171875,0.0814208984375,0.0,0.94921875,0.85888671875
868,277,-0.21030892431735992,9.78846549987793,-0.06481970846652985,0.84033203125,-0.4501953125,-0.3017578125,0.0,0.94921875,0.8544921875
869,276,-0.23598222434520721,9.77501106262207,-0.05468487739562988,-0.572265625,-0.791015625,0.2161865234375,0.0,0.94189453125,0.8544921875
870,273,-0.2489103525876999,9.802592277526855,-0.050817813724279404,-0.92578125,0.2301025390625,0.300537109375,0.0,0.9345703125,0.8544921875
871,278,-0.23226536810398102,9.803899765014648,-0.025820625945925713,-0.65625,0.260498046875,0.7080078125,0.0,0.9345703125,0.85009765625
872,274,-0.2132844179868698,9.817014694213867,-0.046819090843200684,-0.01207733154296875,0.9990234375,-0.047637939453125,0.0,0.9267578125,0.85009765625
873,276,-0.23598222434520721,9.77501106262207,-0.05468487739562988,-0.572265625,-0.791015625,0.2161865234375,0.0,0.94189453125,0.8544921875
874,278,-0.23226536810398102,9.803899765014648,-0.025820625945925713,-0.65625,0.260498046875,0.7080078125,0.0,0.9345703125,0.85009765625
875,273,-0.2489103525876999,9.802592277526855,-0.050817813724279404,-0.92578125,0.2301025390625,0.300537109375,0.0,0.9345703125,0.8544921875
876,274,-0.2132844179868698,9.817014694213867,-0.046819090843200684,-0.01207733154296875,0.9990234375,-0.047637939453125,0.0,0.9267578125,0.85009765625
877,279,-0.1964695006608963,9.817400932312012,-0.03785816580057144,0.0216522216796875,0.99951171875,0.0167388916015625,0.0,0.9267578125,0.84521484375
878,275,-0.1933678388595581,9.788824081420898,-0.050620947033166885,0.19677734375,-0.45263671875,-0.86962890625,0.0,0.91943359375,0.84521484375
879,278,-0.23226536810398102,9.803899765014648,-0.025820625945925713,-0.65625,0.260498046875,0.7080078125,0.0,0.9345703125,0.85009765625
880,279,-0.1964695006608963,9.817400932312012,-0.03785816580057144,0.0216522216796875,0.99951171875,0.0167388916015625,0.0,0.9267578125,0.84521484375
881,274,-0.2132844179868698,9.817014694213867,-0.046819090843200684,-0.01207733154296875,0.9990234375,-0.047637939453125,0.0,0.9267578125,0.85009765625
882,279,-0.1964695006608963,9.817400932312012,-0.03785816580057144,0.0216522216796875,0.99951171875,0.0167388916015625,0.0,0.9267578125,0.84521484375
883,280,-0.18542486429214478,9.788323402404785,-0.05121851712465286,-0.32958984375,-0.401123046875,-0.8544921875,0.0,0.91943359375,0.8408203125
884,275,-0.1933678388595581,9.788824081420898,-0.050620947033166885,0.19677734375,-0.45263671875,-0.86962890625,0.0,0.91943359375,0.84521484375
885,277,-0.21030892431735992,9.78846549987793,-0.06481970846652985,0.84033203125,-0.4501953125,-0.3017578125,0.0,0.94921875,0.8544921875
886,281,-0.22321422398090363,9.775595664978027,-0.03531621769070625,-0.40185546875,-0.79443359375,0.45556640625,0.0,0.94189453125,0.85009765625
887,276,-0.23598222434520721,9.77501106262207,-0.05468487739562988,-0.572265625,-0.791015625,0.2161865234375,0.0,0.94189453125,0.8544921875
888,276,-0.23598222434520721,9.77501106262207,-0.05468487739562988,-0.572265625,-0.791015625,0.2161865234375,0.0,0.94189453125,0.8544921875
889,281,-0.22321422398090363,9.775595664978027,-0.03531621769070625,-0.40185546875,-0.79443359375,0.45556640625,0.0,0.94189453125,0.85009765625
890,278,-0.23226536810398102,9.803899765014648,-0.025820625945925713,-0.65625,0.260498046875,0.7080078125,0.0,0.9345703125,0.85009765625
891,277,-0.21030892431735992,9.78846549987793,-0.06481970846652985,0.84033203125,-0.4501953125,-0.3017578125,0.0,0.94921875,0.8544921875
892,282,-0.20423325896263123,9.788710594177246,-0.056314680725336075,0.58544921875,-0.451416015625,-0.67333984375,0.0,0.94921875,0.85009765625
893,281,-0.22321422398090363,9.775595664978027,-0.03531621769070625,-0.40185546875,-0.79443359375,0.45556640625,0.0,0.94189453125,0.85009765625
894,278,-0.23226536810398102,9.803899765014648,-0.025820625945925713,-0.65625,0.260498046875,0.7080078125,0.0,0.9345703125,0.85009765625
895,283,-0.20503409206867218,9.804289817810059,-0.0105829406529665,-0.22998046875,0.265625,0.93603515625,0.0,0.9345703125,0.84521484375
896,279,-0.1964695006608963,9.817400932312012,-0.03785816580057144,0.0216522216796875,0.99951171875,0.0167388916015625,0.0,0.9267578125,0.84521484375
897,281,-0.22321422398090363,9.775595664978027,-0.03531621769070625,-0.40185546875,-0.79443359375,0.45556640625,0.0,0.94189453125,0.85009765625
898,283,-0.20503409206867218,9.804289817810059,-0.0105829406529665,-0.22998046875,0.265625,0.93603515625,0.0,0.9345703125,0.84521484375
899,278,-0.23226536810398102,9.803899765014648,-0.025820625945925713,-0.65625,0.260498046875,0.7080078125,0.0,0.9345703125,0.85009765625
900,279,-0.1964695006608963,9.817400932312012,-0.03785816580057144,0.0216522216796875,0.99951171875,0.0167388916015625,0.0,0.9267578125,0.84521484375
901,284,-0.1786849945783615,9.816651344299316,-0.03872189670801163,0.045867919921875,0.998046875,-0.0418701171875,0.0,0.9267578125,0.8408203125
902,280,-0.18542486429214478,9.788323402404785,-0.05121851712465286,-0.32958984375,-0.401123046875,-0.8544921875,0.0,0.91943359375,0.8408203125
903,283,-0.20503409206867218,9.804289817810059,-0.0105829406529665,-0.22998046875,0.265625,0.93603515625,0.0,0.9345703125,0.84521484375
904,284,-0.1786849945783615,9.816651344299316,-0.03872189670801163,0.045867919921875,0.998046875,-0.0418701171875,0.0,0.9267578125,0.8408203125
905,279,-0.1964695006608963,9.817400932312012,-0.03785816580057144,0.0216522216796875,0.99951171875,0.0167388916015625,0.0,0.9267578125,0.84521484375
906,284,-0.1786849945783615,9.816651344299316,-0.03872189670801163,0.045867919921875,0.998046875,-0.0418701171875,0.0,0.9267578125,0.8408203125
907,285,-0.1674298644065857,9.786850929260254,-0.06117954105138779,-0.60791015625,-0.33203125,-0.72119140625,0.0,0.91943359375,0.83447265625
908,280,-0.18542486429214478,9.788323402404785,-0.05121851712465286,-0.32958984375,-0.401123046875,-0.8544921875,0.0,0.91943359375,0.8408203125
909,282,-0.20423325896263123,9.788710594177246,-0.056314680725336075,0.58544921875,-0.451416015625,-0.67333984375,0.0,0.94921875,0.85009765625
910,286,-0.20193244516849518,9.775712966918945,-0.023345721885561943,-0.1632080078125,-0.76806640625,0.619140625,0.0,0.94189453125,0.84521484375
911,281,-0.22321422398090363,9.775595664978027,-0.03531621769070625,-0.40185546875,-0.79443359375,0.45556640625,0.0,0.94189453125,0.85009765625
912,281,-0.22321422398090363,9.775595664978027,-0.03531621769070625,-0.40185546875,-0.79443359375,0.45556640625,0.0,0.94189453125,0.85009765625
913,286,-0.20193244516849518,9.775712966918945,-0.023345721885561943,-0.1632080078125,-0.76806640625,0.619140625,0.0,0.94189453125,0.84521484375
914,283,-0.20503409206867218,9.804289817810059,-0.0105829406529665,-0.22998046875,0.265625,0.93603515625,0.0,0.9345703125,0.84521484375
915,282,-0.20423325896263123,9.788710594177246,-0.056314680725336075,0.58544921875,-0.451416015625,-0.67333984375,0.0,0.94921875,0.85009765625
916,287,-0.1933678388595581,9.788824081420898,-0.050620947033166885,0.19677734375,-0.45263671875,-0.86962890625,0.0,0.94921875,0.84521484375
917,286,-0.20193244516849518,9.775712966918945,-0.023345721885561943,-0.1632080078125,-0.76806640625,0.619140625,0.0,0.94189453125,0.84521484375
918,283,-0.20503409206867218,9.804289817810059,-0.0105829406529665,-0.22998046875,0.265625,0.93603515625,0.0,0.9345703125,0.84521484375
919,288,-0.1713201105594635,9.802762031555176,-0.011209921911358833,0.30322265625,0.25341796875,0.91845703125,0.0,0.9345703125,0.8408203125
920,284,-0.1786849945783615,9.816651344299316,-0.03872189670801163,0.045867919921875,0.998046875,-0.0418701171875,0.0,0.9267578125,0.8408203125
921,286,-0.20193244516849518,9.775712966918945,-0.023345721885561943,-0.1632080078125,-0.76806640625,0.619140625,0.0,0.94189453125,0.84521484375
922,288,-0.1713201105594635,9.802762031555176,-0.011209921911358833,0.30322265625,0.25341796875,0.91845703125,0.0,0.9345703125,0.8408203125
923,283,-0.20503409206867218,9.804289817810059,-0.0105829406529665,-0.22998046875,0.265625,0.93603515625,0.0,0.9345703125,0.84521484375
924,284,-0.1786849945783615,9.816651344299316,-0.03872189670801163,0.045867919921875,0.998046875,-0.0418701171875,0.0,0.9267578125,0.8408203125
925,289,-0.15544898808002472,9.813840866088867,-0.0515221543610096,-0.053955078125,0.9892578125,-0.1343994140625,0.0,0.9267578125,0.83447265625
926,285,-0.1674298644065857,9.786850929260254,-0.06117954105138779,-0.60791015625,-0.33203125,-0.72119140625,0.0,0.91943359375,0.83447265625
927,288,-0.1713201105594635,9.802762031555176,-0.011209921911358833,0.30322265625,0.25341796875,0.91845703125,0.0,0.9345703125,0.8408203125
928,289,-0.15544898808002472,9.813840866088867,-0.0515221543610096,-0.053955078125,0.9892578125,-0.1343994140625,0.0,0.9267578125,0.83447265625
929,284,-0.1786849945783615,9.816651344299316,-0.03872189670801163,0.045867919921875,0.998046875,-0.0418701171875,0.0,0.9267578125,0.8408203125
930,289,-0.15544898808002472,9.813840866088867,-0.0515221543610096,-0.053955078125,0.9892578125,-0.1343994140625,0.0,0.9267578125,0.83447265625
931,290,-0.13764382898807526,9.787038803100586,-0.0917360931634903,-0.7392578125,-0.2100830078125,-0.64013671875,0.0,0.91943359375,0.82421875
932,285,-0.1674298644065857,9.786850929260254,-0.06117954105138779,-0.60791015625,-0.33203125,-0.72119140625,0.0,0.91943359375,0.83447265625
933,287,-0.1933678388595581,9.788824081420898,-0.050620947033166885,0.19677734375,-0.45263671875,-0.86962890625,0.0,0.94921875,0.84521484375
934,291,-0.17805998027324677,9.774435043334961,-0.023706546053290367,0.09405517578125,-0.810546875,0.578125,0.0,0.94189453125,0.8408203125
935,286,-0.20193244516849518,9.775712966918945,-0.023345721885561943,-0.1632080078125,-0.76806640625,0.619140625,0.0,0.94189453125,0.84521484375
936,286,-0.20193244516849518,9.775712966918945,-0.023345721885561943,-0.1632080078125,-0.76806640625,0.619140625,0.0,0.94189453125,0.84521484375
937,291,-0.17805998027324677,9.774435043334961,-0.023706546053290367,0.09405517578125,-0.810546875,0.578125,0.0,0.94189453125,0.8408203125
938,288,-0.1713201105594635,9.802762031555176,-0.011209921911358833,0.30322265625,0.25341796875,0.91845703125,0.0,0.9345703125,0.8408203125
939,287,-0.1933678388595581,9.788824081420898,-0.050620947033166885,0.19677734375,-0.45263671875,-0.86962890625,0.0,0.94921875,0.84521484375
940,292,-0.18542486429214478,9.788323402404785,-0.05121851712465286,-0.32958984375,-0.401123046875,-0.8544921875,0.0,0.94921875,0.8408203125
941,291,-0.17805998027324677,9.774435043334961,-0.023706546053290367,0.09405517578125,-0.810546875,0.578125,0.0,0.94189453125,0.8408203125
942,288,-0.1713201105594635,9.802762031555176,-0.011209921911358833,0.30322265625,0.25341796875,0.91845703125,0.0,0.9345703125,0.8408203125
943,293,-0.13957630097866058,9.79887866973877,-0.029398629441857338,0.63671875,0.22607421875,0.7373046875,0.0,0.9345703125,0.83447265625
944,289,-0.15544898808002472,9.813840866088867,-0.0515221543610096,-0.053955078125,0.9892578125,-0.1343994140625,0.0,0.9267578125,0.83447265625
945,291,-0.17805998027324677,9.774435043334961,-0.023706546053290367,0.09405517578125,-0.810546875,0.578125,0.0,0.94189453125,0.8408203125
946,293,-0.13957630097866058,9.79887866973877,-0.029398629441857338,0.63671875,0.22607421875,0.7373046875,0.0,0.9345703125,0.83447265625
947,288,-0.1713201105594635,9.802762031555176,-0.011209921911358833,0.30322265625,0.25341796875,0.91845703125,0.0,0.9345703125,0.8408203125
948,289,-0.15544898808002472,9.813840866088867,-0.0515221543610096,-0.053955078125,0.9892578125,-0.1343994140625,0.0,0.9267578125,0.83447265625
949,294,-0.12264636904001236,9.812880516052246,-0.08573638647794724,-0.095458984375,0.974609375,-0.20166015625,0.0,0.9267578125,0.82421875
950,290,-0.13764382898807526,9.787038803100586,-0.0917360931634903,-0.7392578125,-0.2100830078125,-0.64013671875,0.0,0.91943359375,0.82421875
951,293,-0.13957630097866058,9.79887866973877,-0.029398629441857338,0.63671875,0.22607421875,0.7373046875,0.0,0.9345703125,0.83447265625
952,294,-0.12264636904001236,9.812880516052246,-0.08573638647794724,-0.095458984375,0.974609375,-0.20166015625,0.0,0.9267578125,0.82421875
953,289,-0.15544898808002472,9.813840866088867,-0.0515221543610096,-0.053955078125,0.9892578125,-0.1343994140625,0.0,0.9267578125,0.83447265625
954,294,-0.12264636904001236,9.812880516052246,-0.08573638647794724,-0.095458984375,0.974609375,-0.20166015625,0.0,0.9267578125,0.82421875
955,295,-0.11285959184169769,9.780447006225586,-0.12250441312789917,-0.78564453125,-0.11627197265625,-0.607421875,0.0,0.91943359375,0.8154296875
956,290,-0.13764382898807526,9.787038803100586,-0.0917360931634903,-0.7392578125,-0.2100830078125,-0.64013671875,0.0,0.91943359375,0.82421875
957,292,-0.18542486429214478,9.788323402404785,-0.05121851712465286,-0.32958984375,-0.401123046875,-0.8544921875,0.0,0.94921875,0.8408203125
958,296,-0.15155719220638275,9.771888732910156,-0.039056017994880676,0.22412109375,-0.91552734375,0.333984375,0.0,0.94189453125,0.83447265625
959,291,-0.17805998027324677,9.774435043334961,-0.023706546053290367,0.09405517578125,-0.810546875,0.578125,0.0,0.94189453125,0.8408203125
960,291,-0.17805998027324677,9.774435043334961,-0.023706546053290367,0.09405517578125,-0.810546875,0.578125,0.0,0.94189453125,0.8408203125
961,296,-0.15155719220638275,9.771888732910156,-0.039056017994880676,0.22412109375,-0.91552734375,0.333984375,0.0,0.94189453125,0.83447265625
962,293,-0.13957630097866058,9.79887866973877,-0.029398629441857338,0.63671875,0.22607421875,0.7373046875,0.0,0.9345703125,0.83447265625
963,292,-0.18542486429214478,9.788323402404785,-0.05121851712465286,-0.32958984375,-0.401123046875,-0.8544921875,0.0,0.94921875,0.8408203125
964,297,-0.1674298644065857,9.786850929260254,-0.06117954105138779,-0.60791015625,-0.33203125,-0.72119140625,0.0,0.94921875,0.83447265625
965,296,-0.15155719220638275,9.771888732910156,-0.039056017994880676,0.22412109375,-0.91552734375,0.333984375,0.0,0.94189453125,0.83447265625
966,293,-0.13957630097866058,9.79887866973877,-0.029398629441857338,0.63671875,0.22607421875,0.7373046875,0.0,0.9345703125,0.83447265625
967,298,-0.10398891568183899,9.797706604003906,-0.0670180693268776,0.732421875,0.302978515625,0.60986328125,0.0,0.9345703125,0.82421875
968,294,-0.12264636904001236,9.812880516052246,-0.08573638647794724,-0.095458984375,0.974609375,-0.20166015625,0.0,0.9267578125,0.82421875
969,296,-0.15155719220638275,9.771888732910156,-0.039056017994880676,0.22412109375,-0.91552734375,0.333984375,0.0,0.94189453125,0.83447265625
970,298,-0.10398891568183899,9.797706604003906,-0.0670180693268776,0.732421875,0.302978515625,0.60986328125,0.0,0.9345703125,0.82421875
971,293,-0.13957630097866058,9.79887866973877,-0.029398629441857338,0.63671875,0.22607421875,0.7373046875,0.0,0.9345703125,0.83447265625
972,294,-0.12264636904001236,9.812880516052246,-0.08573638647794724,-0.095458984375,0.974609375,-0.20166015625,0.0,0.9267578125,0.82421875
973,299,-0.09591538459062576,9.805548667907715,-0.11862100660800934,0.0255126953125,0.91748046875,-0.39697265625,0.0,0.9267578125,0.8154296875
974,295,-0.11285959184169769,9.780447006225586,-0.12250441312789917,-0.78564453125,-0.11627197265625,-0.607421875,0.0,0.91943359375,0.8154296875
975,298,-0.10398891568183899,9.797706604003906,-0.0670180693268776,0.732421875,0.302978515625,0.60986328125,0.0,0.9345703125,0.82421875
976,299,-0.09591538459062576,9.805548667907715,-0.11862100660800934,0.0255126953125,0.91748046875,-0.39697265625,0.0,0.9267578125,0.8154296875
977,294,-0.12264636904001236,9.812880516052246,-0.08573638647794724,-0.095458984375,0.974609375,-0.20166015625,0.0,0.9267578125,0.82421875
978,299,-0.09591538459062576,9.805548667907715,-0.11862100660800934,0.0255126953125,0.91748046875,-0.39697265625,0.0,0.9267578125,0.8154296875
979,300,-0.09017924219369888,9.761075973510742,-0.1488763391971588,-0.7919921875,-0.1351318359375,-0.59521484375,0.0,0.91943359375,0.806640625
980,295,-0.11285959184169769,9.780447006225586,-0.12250441312789917,-0.78564453125,-0.11627197265625,-0.607421875,0.0,0.91943359375,0.8154296875
981,297,-0.1674298644065857,9.786850929260254,-0.06117954105138779,-0.60791015625,-0.33203125,-0.72119140625,0.0,0.94921875,0.83447265625
982,301,-0.11898637562990189,9.771864891052246,-0.07301778346300125,0.1890869140625,-0.94580078125,0.26416015625,0.0,0.94189453125,0.82421875
983,296,-0.15155719220638275,9.771888732910156,-0.039056017994880676,0.22412109375,-0.91552734375,0.333984375,0.0,0.94189453125,0.83447265625
984,296,-0.15155719220638275,9.771888732910156,-0.039056017994880676,0.22412109375,-0.91552734375,0.333984375,0.0,0.94189453125,0.83447265625
985,301,-0.11898637562990189,9.771864891052246,-0.07301778346300125,0.1890869140625,-0.94580078125,0.26416015625,0.0,0.94189453125,0.82421875
986,298,-0.10398891568183899,9.797706604003906,-0.0670180693268776,0.732421875,0.302978515625,0.60986328125,0.0,0.9345703125,0.82421875
987,297,-0.1674298644065857,9.786850929260254,-0.06117954105138779,-0.60791015625,-0.33203125,-0.72119140625,0.0,0.94921875,0.83447265625
988,302,-0.13764382898807526,9.787038803100586,-0.0917360931634903,-0.7392578125,-0.2100830078125,-0.64013671875,0.0,0.94921875,0.82421875
989,301,-0.11898637562990189,9.771864891052246,-0.07301778346300125,0.1890869140625,-0.94580078125,0.26416015625,0.0,0.94189453125,0.82421875
990,298,-0.10398891568183899,9.797706604003906,-0.0670180693268776,0.732421875,0.302978515625,0.60986328125,0.0,0.9345703125,0.82421875
991,303,-0.07879650592803955,9.790815353393555,-0.09807400405406952,0.79443359375,0.350830078125,0.49609375,0.0,0.9345703125,0.8154296875
992,299,-0.09591538459062576,9.805548667907715,-0.11862100660800934,0.0255126953125,0.91748046875,-0.39697265625,0.0,0.9267578125,0.8154296875
993,301,-0.11898637562990189,9.771864891052246,-0.07301778346300125,0.1890869140625,-0.94580078125,0.26416015625,0.0,0.94189453125,0.82421875
994,303,-0.07879650592803955,9.790815353393555,-0.09807400405406952,0.79443359375,0.350830078125,0.49609375,0.0,0.9345703125,0.8154296875
995,298,-0.10398891568183899,9.797706604003906,-0.0670180693268776,0.732421875,0.302978515625,0.60986328125,0.0,0.9345703125,0.82421875
996,299,-0.09591538459062576,9.805548667907715,-0.11862100660800934,0.0255126953125,0.91748046875,-0.39697265625,0.0,0.9267578125,0.8154296875
997,304,-0.06906084716320038,9.783167839050293,-0.14986805617809296,0.1807861328125,0.7822265625,-0.59619140625,0.0,0.9267578125,0.806640625
998,300,-0.09017924219369888,9.761075973510742,-0.1488763391971588,-0.7919921875,-0.1351318359375,-0.59521484375,0.0,0.91943359375,0.806640625
999,303,-0.07879650592803955,9.790815353393555,-0.09807400405406952,0.79443359375,0.350830078125,0.49609375,0.0,0.9345703125,0.8154296875
1000,304,-0.06906084716320038,9.783167839050293,-0.14986805617809296,0.1807861328125,0.7822265625,-0.59619140625,0.0,0.9267578125,0.806640625
1001,299,-0.09591538459062576,9.805548667907715,-0.11862100660800934,0.0255126953125,0.91748046875,-0.39697265625,0.0,0.9267578125,0.8154296875
1002,304,-0.06906084716320038,9.783167839050293,-0.14986805617809296,0.1807861328125,0.7822265625,-0.59619140625,0.0,0.9267578125,0.806640625
1003,305,-0.06550160050392151,9.729955673217773,-0.17345082759857178,-0.77099609375,-0.1871337890625,-0.60888671875,0.0,0.91943359375,0.796875
1004,300,-0.09017924219369888,9.761075973510742,-0.1488763391971588,-0.7919921875,-0.1351318359375,-0.59521484375,0.0,0.91943359375,0.806640625
1005,302,-0.13764382898807526,9.787038803100586,-0.0917360931634903,-0.7392578125,-0.2100830078125,-0.64013671875,0.0,0.94921875,0.82421875
1006,306,-0.09574070572853088,9.76571273803711,-0.10195741057395935,0.0042724609375,-0.9091796875,0.416015625,0.0,0.94189453125,0.8154296875
1007,301,-0.11898637562990189,9.771864891052246,-0.07301778346300125,0.1890869140625,-0.94580078125,0.26416015625,0.0,0.94189453125,0.82421875
1008,301,-0.11898637562990189,9.771864891052246,-0.07301778346300125,0.1890869140625,-0.94580078125,0.26416015625,0.0,0.94189453125,0.82421875
1009,306,-0.09574070572853088,9.76571273803711,-0.10195741057395935,0.0042724609375,-0.9091796875,0.416015625,0.0,0.94189453125,0.8154296875
1010,303,-0.07879650592803955,9.790815353393555,-0.09807400405406952,0.79443359375,0.350830078125,0.49609375,0.0,0.9345703125,0.8154296875
1011,302,-0.13764382898807526,9.787038803100586,-0.0917360931634903,-0.7392578125,-0.2100830078125,-0.64013671875,0.0,0.94921875,0.82421875
1012,307,-0.11285959184169769,9.780447006225586,-0.12250441312789917,-0.78564453125,-0.11627197265625,-0.607421875,0.0,0.94921875,0.8154296875
1013,306,-0.09574070572853088,9.76571273803711,-0.10195741057395935,0.0042724609375,-0.9091796875,0.416015625,0.0,0.94189453125,0.8154296875
1014,303,-0.07879650592803955,9.790815353393555,-0.09807400405406952,0.79443359375,0.350830078125,0.49609375,0.0,0.9345703125,0.8154296875
1015,308,-0.055365271866321564,9.77117919921875,-0.12529797852039337,0.82470703125,0.310302734375,0.47265625,0.0,0.9345703125,0.806640625
1016,304,-0.06906084716320038,9.783167839050293,-0.14986805617809296,0.1807861328125,0.7822265625,-0.59619140625,0.0,0.9267578125,0.806640625
1017,306,-0.09574070572853088,9.76571273803711,-0.10195741057395935,0.0042724609375,-0.9091796875,0.416015625,0.0,0.94189453125,0.8154296875
1018,308,-0.055365271866321564,9.77117919921875,-0.12529797852039337,0.82470703125,0.310302734375,0.47265625,0.0,0.9345703125,0.806640625
1019,303,-0.07879650592803955,9.790815353393555,-0.09807400405406952,0.79443359375,0.350830078125,0.49609375,0.0,0.9345703125,0.8154296875
1020,304,-0.06906084716320038,9.783167839050293,-0.14986805617809296,0.1807861328125,0.7822265625,-0.59619140625,0.0,0.9267578125,0.806640625
1021,309,-0.04293012619018555,9.750679969787598,-0.17529088258743286,0.282470703125,0.65185546875,-0.70361328125,0.0,0.9267578125,0.796875
1022,305,-0.06550160050392151,9.729955673217773,-0.17345082759857178,-0.77099609375,-0.1871337890625,-0.60888671875,0.0,0.91943359375,0.796875
1023,308,-0.055365271866321564,9.77117919921875,-0.12529797852039337,0.82470703125,0.310302734375,0.47265625,0.0,0.9345703125,0.806640625
1024,309,-0.04293012619018555,9.750679969787598,-0.17529088258743286,0.282470703125,0.65185546875,-0.70361328125,0.0,0.9267578125,0.796875
1025,304,-0.06906084716320038,9.783167839050293,-0.14986805617809296,0.1807861328125,0.7822265625,-0.59619140625,0.0,0.9267578125,0.806640625
1026,309,-0.04293012619018555,9.750679969787598,-0.17529088258743286,0.282470703125,0.65185546875,-0.70361328125,0.0,0.9267578125,0.796875
1027,310,-0.04069773107767105,9.69404411315918,-0.1912267506122589,-0.71484375,-0.268798828125,-0.6455078125,0.0,0.91943359375,0.78662109375
1028,305,-0.06550160050392151,9.729955673217773,-0.17345082759857178,-0.77099609375,-0.1871337890625,-0.60888671875,0.0,0.91943359375,0.796875
1029,307,-0.11285959184169769,9.780447006225586,-0.12250441312789917,-0.78564453125,-0.11627197265625,-0.607421875,0.0,0.94921875,0.8154296875
1030,311,-0.07648365944623947,9.7490873336792,-0.12430625408887863,-0.1903076171875,-0.77392578125,0.60400390625,0.0,0.94189453125,0.806640625
1031,306,-0.09574070572853088,9.76571273803711,-0.10195741057395935,0.0042724609375,-0.9091796875,0.416015625,0.0,0.94189453125,0.8154296875
1032,306,-0.09574070572853088,9.76571273803711,-0.10195741057395935,0.0042724609375,-0.9091796875,0.416015625,0.0,0.94189453125,0.8154296875
1033,311,-0.07648365944623947,9.7490873336792,-0.12430625408887863,-0.1903076171875,-0.77392578125,0.60400390625,0.0,0.94189453125,0.806640625
1034,308,-0.055365271866321564,9.77117919921875,-0.12529797852039337,0.82470703125,0.310302734375,0.47265625,0.0,0.9345703125,0.806640625
1035,307,-0.11285959184169769,9.780447006225586,-0.12250441312789917,-0.78564453125,-0.11627197265625,-0.607421875,0.0,0.94921875,0.8154296875
1036,312,-0.09017924219369888,9.761075973510742,-0.1488763391971588,-0.7919921875,-0.1351318359375,-0.59521484375,0.0,0.94921875,0.806640625
1037,311,-0.07648365944623947,9.7490873336792,-0.12430625408887863,-0.1903076171875,-0.77392578125,0.60400390625,0.0,0.94189453125,0.806640625
1038,309,-0.04293012619018555,9.750679969787598,-0.17529088258743286,0.282470703125,0.65185546875,-0.70361328125,0.0,0.9267578125,0.796875
1039,313,-0.016752002760767937,9.713086128234863,-0.1936679184436798,0.358154296875,0.5458984375,-0.75732421875,0.0,0.9267578125,0.78662109375
1040,310,-0.04069773107767105,9.69404411315918,-0.1912267506122589,-0.71484375,-0.268798828125,-0.6455078125,0.0,0.91943359375,0.78662109375
1041,313,-0.016752002760767937,9.713086128234863,-0.1936679184436798,0.358154296875,0.5458984375,-0.75732421875,0.0,0.9267578125,0.78662109375
1042,314,0.010354471392929554,9.624702453613281,-0.21350958943367004,-0.6650390625,-0.371337890625,-0.64794921875,0.0,0.91943359375,0.767578125
1043,310,-0.04069773107767105,9.69404411315918,-0.1912267506122589,-0.71484375,-0.268798828125,-0.6455078125,0.0,0.91943359375,0.78662109375
1044,308,-0.055365271866321564,9.77117919921875,-0.12529797852039337,0.82470703125,0.310302734375,0.47265625,0.0,0.9345703125,0.806640625
1045,315,-0.03155294805765152,9.7406587600708,-0.1485980898141861,0.81298828125,0.277587890625,0.51220703125,0.0,0.9345703125,0.796875
1046,309,-0.04293012619018555,9.750679969787598,-0.17529088258743286,0.282470703125,0.65185546875,-0.70361328125,0.0,0.9267578125,0.796875
1047,311,-0.07648365944623947,9.7490873336792,-0.12430625408887863,-0.1903076171875,-0.77392578125,0.60400390625,0.0,0.94189453125,0.806640625
1048,315,-0.03155294805765152,9.7406587600708,-0.1485980898141861,0.81298828125,0.277587890625,0.51220703125,0.0,0.9345703125,0.796875
1049,308,-0.055365271866321564,9.77117919921875,-0.12529797852039337,0.82470703125,0.310302734375,0.47265625,0.0,0.9345703125,0.806640625
1050,315,-0.03155294805765152,9.7406587600708,-0.1485980898141861,0.81298828125,0.277587890625,0.51220703125,0.0,0.9345703125,0.796875
1051,313,-0.016752002760767937,9.713086128234863,-0.1936679184436798,0.358154296875,0.5458984375,-0.75732421875,0.0,0.9267578125,0.78662109375
1052,309,-0.04293012619018555,9.750679969787598,-0.17529088258743286,0.282470703125,0.65185546875,-0.70361328125,0.0,0.9267578125,0.796875
1053,312,-0.09017924219369888,9.761075973510742,-0.1488763391971588,-0.7919921875,-0.1351318359375,-0.59521484375,0.0,0.94921875,0.806640625
1054,316,-0.05412442237138748,9.719934463500977,-0.146758034825325,-0.323974609375,-0.65283203125,0.68505859375,0.0,0.94189453125,0.796875
1055,311,-0.07648365944623947,9.7490873336792,-0.12430625408887863,-0.1903076171875,-0.77392578125,0.60400390625,0.0,0.94189453125,0.806640625
1056,311,-0.07648365944623947,9.7490873336792,-0.12430625408887863,-0.1903076171875,-0.77392578125,0.60400390625,0.0,0.94189453125,0.806640625
1057,316,-0.05412442237138748,9.719934463500977,-0.146758034825325,-0.323974609375,-0.65283203125,0.68505859375,0.0,0.94189453125,0.796875
1058,315,-0.03155294805765152,9.7406587600708,-0.1485980898141861,0.81298828125,0.277587890625,0.51220703125,0.0,0.9345703125,0.796875
1059,312,-0.09017924219369888,9.761075973510742,-0.1488763391971588,-0.7919921875,-0.1351318359375,-0.59521484375,0.0,0.94921875,0.806640625
1060,317,-0.06550160050392151,9.729955673217773,-0.17345082759857178,-0.77099609375,-0.1871337890625,-0.60888671875,0.0,0.94921875,0.796875
1061,316,-0.05412442237138748,9.719934463500977,-0.146758034825325,-0.323974609375,-0.65283203125,0.68505859375,0.0,0.94189453125,0.796875
1062,313,-0.016752002760767937,9.713086128234863,-0.1936679184436798,0.358154296875,0.5458984375,-0.75732421875,0.0,0.9267578125,0.78662109375
1063,318,0.03528711572289467,9.642468452453613,-0.21645909547805786,0.391357421875,0.47607421875,-0.78759765625,0.0,0.9267578125,0.767578125
1064,314,0.010354471392929554,9.624702453613281,-0.21350958943367004,-0.6650390625,-0.371337890625,-0.64794921875,0.0,0.91943359375,0.767578125
1065,318,0.03528711572289467,9.642468452453613,-0.21645909547805786,0.391357421875,0.47607421875,-0.78759765625,0.0,0.9267578125,0.767578125
1066,319,0.11808791011571884,9.489217758178711,-0.23588554561138153,-0.59716796875,-0.463623046875,-0.654296875,0.0,0.91943359375,0.73095703125
1067,314,0.010354471392929554,9.624702453613281,-0.21350958943367004,-0.6650390625,-0.371337890625,-0.64794921875,0.0,0.91943359375,0.767578125
1068,315,-0.03155294805765152,9.7406587600708,-0.1485980898141861,0.81298828125,0.277587890625,0.51220703125,0.0,0.9345703125,0.796875
1069,320,-0.007748642936348915,9.70539379119873,-0.1653536707162857,0.75048828125,0.32568359375,0.5751953125,0.0,0.9345703125,0.78662109375
1070,313,-0.016752002760767937,9.713086128234863,-0.1936679184436798,0.358154296875,0.5458984375,-0.75732421875,0.0,0.9267578125,0.78662109375
1071,316,-0.05412442237138748,9.719934463500977,-0.146758034825325,-0.323974609375,-0.65283203125,0.68505859375,0.0,0.94189453125,0.796875
1072,320,-0.007748642936348915,9.70539379119873,-0.1653536707162857,0.75048828125,0.32568359375,0.5751953125,0.0,0.9345703125,0.78662109375
1073,315,-0.03155294805765152,9.7406587600708,-0.1485980898141861,0.81298828125,0.277587890625,0.51220703125,0.0,0.9345703125,0.796875
1074,320,-0.007748642936348915,9.70539379119873,-0.1653536707162857,0.75048828125,0.32568359375,0.5751953125,0.0,0.9345703125,0.78662109375
1075,318,0.03528711572289467,9.642468452453613,-0.21645909547805786,0.391357421875,0.47607421875,-0.78759765625,0.0,0.9267578125,0.767578125
1076,313,-0.016752002760767937,9.713086128234863,-0.1936679184436798,0.358154296875,0.5458984375,-0.75732421875,0.0,0.9267578125,0.78662109375
1077,317,-0.06550160050392151,9.729955673217773,-0.17345082759857178,-0.77099609375,-0.1871337890625,-0.60888671875,0.0,0.94921875,0.796875
1078,321,-0.03169437497854233,9.686352729797363,-0.162912517786026,-0.413818359375,-0.56298828125,0.71533203125,0.0,0.94189453125,0.78662109375
1079,316,-0.05412442237138748,9.719934463500977,-0.146758034825325,-0.323974609375,-0.65283203125,0.68505859375,0.0,0.94189453125,0.796875
1080,316,-0.05412442237138748,9.719934463500977,-0.146758034825325,-0.323974609375,-0.65283203125,0.68505859375,0.0,0.94189453125,0.796875
1081,321,-0.03169437497854233,9.686352729797363,-0.162912517786026,-0.413818359375,-0.56298828125,0.71533203125,0.0,0.94189453125,0.78662109375
1082,320,-0.007748642936348915,9.70539379119873,-0.1653536707162857,0.75048828125,0.32568359375,0.5751953125,0.0,0.9345703125,0.78662109375
1083,317,-0.06550160050392151,9.729955673217773,-0.17345082759857178,-0.77099609375,-0.1871337890625,-0.60888671875,0.0,0.94921875,0.796875
1084,322,-0.04069773107767105,9.69404411315918,-0.1912267506122589,-0.71484375,-0.268798828125,-0.6455078125,0.0,0.94921875,0.78662109375
1085,321,-0.03169437497854233,9.686352729797363,-0.162912517786026,-0.413818359375,-0.56298828125,0.71533203125,0.0,0.94189453125,0.78662109375
1086,318,0.03528711572289467,9.642468452453613,-0.21645909547805786,0.391357421875,0.47607421875,-0.78759765625,0.0,0.9267578125,0.767578125
1087,323,0.14073511958122253,9.509941101074219,-0.23901048302650452,0.419677734375,0.45068359375,-0.7880859375,0.0,0.9267578125,0.73095703125
1088,319,0.11808791011571884,9.489217758178711,-0.23588554561138153,-0.59716796875,-0.463623046875,-0.654296875,0.0,0.91943359375,0.73095703125
1089,323,0.14073511958122253,9.509941101074219,-0.23901048302650452,0.419677734375,0.45068359375,-0.7880859375,0.0,0.9267578125,0.73095703125
1090,324,0.23584426939487457,9.370814323425293,-0.23969045281410217,-0.50341796875,-0.50244140625,-0.703125,0.0,0.91943359375,0.69482421875
1091,319,0.11808791011571884,9.489217758178711,-0.23588554561138153,-0.59716796875,-0.463623046875,-0.654296875,0.0,0.91943359375,0.73095703125
1092,320,-0.007748642936348915,9.70539379119873,-0.1653536707162857,0.75048828125,0.32568359375,0.5751953125,0.0,0.9345703125,0.78662109375
1093,325,0.04201086610555649,9.637958526611328,-0.1867876797914505,0.681640625,0.3994140625,0.61328125,0.0,0.9345703125,0.767578125
1094,318,0.03528711572289467,9.642468452453613,-0.21645909547805786,0.391357421875,0.47607421875,-0.78759765625,0.0,0.9267578125,0.767578125
1095,321,-0.03169437497854233,9.686352729797363,-0.162912517786026,-0.413818359375,-0.56298828125,0.71533203125,0.0,0.94189453125,0.78662109375
1096,325,0.04201086610555649,9.637958526611328,-0.1867876797914505,0.681640625,0.3994140625,0.61328125,0.0,0.9345703125,0.767578125
1097,320,-0.007748642936348915,9.70539379119873,-0.1653536707162857,0.75048828125,0.32568359375,0.5751953125,0.0,0.9345703125,0.78662109375
1098,325,0.04201086610555649,9.637958526611328,-0.1867876797914505,0.681640625,0.3994140625,0.61328125,0.0,0.9345703125,0.767578125
1099,323,0.14073511958122253,9.509941101074219,-0.23901048302650452,0.419677734375,0.45068359375,-0.7880859375,0.0,0.9267578125,0.73095703125
1100,318,0.03528711572289467,9.642468452453613,-0.21645909547805786,0.391357421875,0.47607421875,-0.78759765625,0.0,0.9267578125,0.767578125
1101,322,-0.04069773107767105,9.69404411315918,-0.1912267506122589,-0.71484375,-0.268798828125,-0.6455078125,0.0,0.94921875,0.78662109375
1102,326,0.01707821525633335,9.620192527770996,-0.18383817374706268,-0.454345703125,-0.51318359375,0.72802734375,0.0,0.94189453125,0.767578125
1103,321,-0.03169437497854233,9.686352729797363,-0.162912517786026,-0.413818359375,-0.56298828125,0.71533203125,0.0,0.94189453125,0.78662109375
1104,321,-0.03169437497854233,9.686352729797363,-0.162912517786026,-0.413818359375,-0.56298828125,0.71533203125,0.0,0.94189453125,0.78662109375
1105,326,0.01707821525633335,9.620192527770996,-0.18383817374706268,-0.454345703125,-0.51318359375,0.72802734375,0.0,0.94189453125,0.767578125
1106,325,0.04201086610555649,9.637958526611328,-0.1867876797914505,0.681640625,0.3994140625,0.61328125,0.0,0.9345703125,0.767578125
1107,322,-0.04069773107767105,9.69404411315918,-0.1912267506122589,-0.71484375,-0.268798828125,-0.6455078125,0.0,0.94921875,0.78662109375
1108,327,0.010354471392929554,9.624702453613281,-0.21350958943367004,-0.6650390625,-0.371337890625,-0.64794921875,0.0,0.94921875,0.767578125
1109,326,0.01707821525633335,9.620192527770996,-0.18383817374706268,-0.454345703125,-0.51318359375,0.72802734375,0.0,0.94189453125,0.767578125
1110,323,0.14073511958122253,9.509941101074219,-0.23901048302650452,0.419677734375,0.45068359375,-0.7880859375,0.0,0.9267578125,0.73095703125
1111,328,0.2581627368927002,9.391985893249512,-0.24033597111701965,0.5009765625,0.430908203125,-0.75048828125,0.0,0.9267578125,0.69482421875
1112,324,0.23584426939487457,9.370814323425293,-0.23969045281410217,-0.50341796875,-0.50244140625,-0.703125,0.0,0.91943359375,0.69482421875
1113,328,0.2581627368927002,9.391985893249512,-0.24033597111701965,0.5009765625,0.430908203125,-0.75048828125,0.0,0.9267578125,0.69482421875
1114,329,0.28544002771377563,9.30994987487793,-0.22825054824352264,-0.52490234375,-0.4423828125,-0.72705078125,0.0,0.91943359375,0.67724609375
1115,324,0.23584426939487457,9.370814323425293,-0.23969045281410217,-0.50341796875,-0.50244140625,-0.703125,0.0,0.91943359375,0.69482421875
1116,325,0.04201086610555649,9.637958526611328,-0.1867876797914505,0.681640625,0.3994140625,0.61328125,0.0,0.9345703125,0.767578125
1117,330,0.14490577578544617,9.509993553161621,-0.20843707025051117,0.60498046875,0.4736328125,0.64013671875,0.0,0.9345703125,0.73095703125
1118,323,0.14073511958122253,9.509941101074219,-0.23901048302650452,0.419677734375,0.45068359375,-0.7880859375,0.0,0.9267578125,0.73095703125
1119,326,0.01707821525633335,9.620192527770996,-0.18383817374706268,-0.454345703125,-0.51318359375,0.72802734375,0.0,0.94189453125,0.767578125
1120,330,0.14490577578544617,9.509993553161621,-0.20843707025051117,0.60498046875,0.4736328125,0.64013671875,0.0,0.9345703125,0.73095703125
1121,325,0.04201086610555649,9.637958526611328,-0.1867876797914505,0.681640625,0.3994140625,0.61328125,0.0,0.9345703125,0.767578125
1122,330,0.14490577578544617,9.509993553161621,-0.20843707025051117,0.60498046875,0.4736328125,0.64013671875,0.0,0.9345703125,0.73095703125
1123,328,0.2581627368927002,9.391985893249512,-0.24033597111701965,0.5009765625,0.430908203125,-0.75048828125,0.0,0.9267578125,0.69482421875
1124,323,0.14073511958122253,9.509941101074219,-0.23901048302650452,0.419677734375,0.45068359375,-0.7880859375,0.0,0.9267578125,0.73095703125
1125,327,0.010354471392929554,9.624702453613281,-0.21350958943367004,-0.6650390625,-0.371337890625,-0.64794921875,0.0,0.94921875,0.767578125
1126,331,0.12225856631994247,9.489270210266113,-0.20531214773654938,-0.4736328125,-0.491943359375,0.73046875,0.0,0.94189453125,0.73095703125
1127,326,0.01707821525633335,9.620192527770996,-0.18383817374706268,-0.454345703125,-0.51318359375,0.72802734375,0.0,0.94189453125,0.767578125
1128,326,0.01707821525633335,9.620192527770996,-0.18383817374706268,-0.454345703125,-0.51318359375,0.72802734375,0.0,0.94189453125,0.767578125
1129,331,0.12225856631994247,9.489270210266113,-0.20531214773654938,-0.4736328125,-0.491943359375,0.73046875,0.0,0.94189453125,0.73095703125
1130,330,0.14490577578544617,9.509993553161621,-0.20843707025051117,0.60498046875,0.4736328125,0.64013671875,0.0,0.9345703125,0.73095703125
1131,327,0.010354471392929554,9.624702453613281,-0.21350958943367004,-0.6650390625,-0.371337890625,-0.64794921875,0.0,0.94921875,0.767578125
1132,332,0.11808791011571884,9.489217758178711,-0.23588554561138153,-0.59716796875,-0.463623046875,-0.654296875,0.0,0.94921875,0.73095703125
1133,331,0.12225856631994247,9.489270210266113,-0.20531214773654938,-0.4736328125,-0.491943359375,0.73046875,0.0,0.94189453125,0.73095703125
1134,328,0.2581627368927002,9.391985893249512,-0.24033597111701965,0.5009765625,0.430908203125,-0.75048828125,0.0,0.9267578125,0.69482421875
1135,333,0.31239256262779236,9.324694633483887,-0.2300885170698166,0.6748046875,0.29736328125,-0.67529296875,0.0,0.9267578125,0.67724609375
1136,329,0.28544002771377563,9.30994987487793,-0.22825054824352264,-0.52490234375,-0.4423828125,-0.72705078125,0.0,0.91943359375,0.67724609375
1137,333,0.31239256262779236,9.324694633483887,-0.2300885170698166,0.6748046875,0.29736328125,-0.67529296875,0.0,0.9267578125,0.67724609375
1138,334,0.3026745617389679,9.261679649353027,-0.22031357884407043,-0.6416015625,-0.211181640625,-0.7373046875,0.0,0.91943359375,0.66455078125
1139,329,0.28544002771377563,9.30994987487793,-0.22825054824352264,-0.52490234375,-0.4423828125,-0.72705078125,0.0,0.91943359375,0.67724609375
1140,330,0.14490577578544617,9.509993553161621,-0.20843707025051117,0.60498046875,0.4736328125,0.64013671875,0.0,0.9345703125,0.73095703125
1141,335,0.25736141204833984,9.393766403198242,-0.2096288502216339,0.55517578125,0.5419921875,0.630859375,0.0,0.9345703125,0.69482421875
1142,328,0.2581627368927002,9.391985893249512,-0.24033597111701965,0.5009765625,0.430908203125,-0.75048828125,0.0,0.9267578125,0.69482421875
1143,331,0.12225856631994247,9.489270210266113,-0.20531214773654938,-0.4736328125,-0.491943359375,0.73046875,0.0,0.94189453125,0.73095703125
1144,335,0.25736141204833984,9.393766403198242,-0.2096288502216339,0.55517578125,0.5419921875,0.630859375,0.0,0.9345703125,0.69482421875
1145,330,0.14490577578544617,9.509993553161621,-0.20843707025051117,0.60498046875,0.4736328125,0.64013671875,0.0,0.9345703125,0.73095703125
1146,335,0.25736141204833984,9.393766403198242,-0.2096288502216339,0.55517578125,0.5419921875,0.630859375,0.0,0.9345703125,0.69482421875
1147,333,0.31239256262779236,9.324694633483887,-0.2300885170698166,0.6748046875,0.29736328125,-0.67529296875,0.0,0.9267578125,0.67724609375
1148,328,0.2581627368927002,9.391985893249512,-0.24033597111701965,0.5009765625,0.430908203125,-0.75048828125,0.0,0.9267578125,0.69482421875
1149,332,0.11808791011571884,9.489217758178711,-0.23588554561138153,-0.59716796875,-0.463623046875,-0.654296875,0.0,0.94921875,0.73095703125
1150,336,0.23504294455051422,9.37259578704834,-0.20898334681987762,-0.51318359375,-0.4453125,0.7333984375,0.0,0.94189453125,0.69482421875
1151,331,0.12225856631994247,9.489270210266113,-0.20531214773654938,-0.4736328125,-0.491943359375,0.73046875,0.0,0.94189453125,0.73095703125
1152,331,0.12225856631994247,9.489270210266113,-0.20531214773654938,-0.4736328125,-0.491943359375,0.73046875,0.0,0.94189453125,0.73095703125
1153,336,0.23504294455051422,9.37259578704834,-0.20898334681987762,-0.51318359375,-0.4453125,0.7333984375,0.0,0.94189453125,0.69482421875
1154,335,0.25736141204833984,9.393766403198242,-0.2096288502216339,0.55517578125,0.5419921875,0.630859375,0.0,0.9345703125,0.69482421875
1155,332,0.11808791011571884,9.489217758178711,-0.23588554561138153,-0.59716796875,-0.463623046875,-0.654296875,0.0,0.94921875,0.73095703125
1156,337,0.23584426939487457,9.370814323425293,-0.23969045281410217,-0.50341796875,-0.50244140625,-0.703125,0.0,0.94921875,0.69482421875
1157,336,0.23504294455051422,9.37259578704834,-0.20898334681987762,-0.51318359375,-0.4453125,0.7333984375,0.0,0.94189453125,0.69482421875
1158,335,0.25736141204833984,9.393766403198242,-0.2096288502216339,0.55517578125,0.5419921875,0.630859375,0.0,0.9345703125,0.69482421875
1159,338,0.31164610385894775,9.329840660095215,-0.19975382089614868,0.6376953125,0.486328125,0.59716796875,0.0,0.9345703125,0.67724609375
1160,333,0.31239256262779236,9.324694633483887,-0.2300885170698166,0.6748046875,0.29736328125,-0.67529296875,0.0,0.9267578125,0.67724609375
1161,336,0.23504294455051422,9.37259578704834,-0.20898334681987762,-0.51318359375,-0.4453125,0.7333984375,0.0,0.94189453125,0.69482421875
1162,338,0.31164610385894775,9.329840660095215,-0.19975382089614868,0.6376953125,0.486328125,0.59716796875,0.0,0.9345703125,0.67724609375
1163,335,0.25736141204833984,9.393766403198242,-0.2096288502216339,0.55517578125,0.5419921875,0.630859375,0.0,0.9345703125,0.69482421875
1164,337,0.23584426939487457,9.370814323425293,-0.23969045281410217,-0.50341796875,-0.50244140625,-0.703125,0.0,0.94921875,0.69482421875
1165,339,0.28469356894493103,9.315095901489258,-0.19791585206985474,-0.57080078125,-0.2242431640625,0.7900390625,0.0,0.94189453125,0.67724609375
1166,336,0.23504294455051422,9.37259578704834,-0.20898334681987762,-0.51318359375,-0.4453125,0.7333984375,0.0,0.94189453125,0.69482421875
1167,336,0.23504294455051422,9.37259578704834,-0.20898334681987762,-0.51318359375,-0.4453125,0.7333984375,0.0,0.94189453125,0.69482421875
1168,339,0.28469356894493103,9.315095901489258,-0.19791585206985474,-0.57080078125,-0.2242431640625,0.7900390625,0.0,0.94189453125,0.67724609375
1169,338,0.31164610385894775,9.329840660095215,-0.19975382089614868,0.6376953125,0.486328125,0.59716796875,0.0,0.9345703125,0.67724609375
1170,337,0.23584426939487457,9.370814323425293,-0.23969045281410217,-0.50341796875,-0.50244140625,-0.703125,0.0,0.94921875,0.69482421875
1171,340,0.28544002771377563,9.30994987487793,-0.22825054824352264,-0.52490234375,-0.4423828125,-0.72705078125,0.0,0.94921875,0.67724609375
1172,339,0.28469356894493103,9.315095901489258,-0.19791585206985474,-0.57080078125,-0.2242431640625,0.7900390625,0.0,0.94189453125,0.67724609375
1173,333,0.31239256262779236,9.324694633483887,-0.2300885170698166,0.6748046875,0.29736328125,-0.67529296875,0.0,0.9267578125,0.67724609375
1174,341,0.3330017030239105,9.267350196838379,-0.22086705267429352,0.75048828125,0.03466796875,-0.66015625,0.0,0.9267578125,0.66455078125
1175,334,0.3026745617389679,9.261679649353027,-0.22031357884407043,-0.6416015625,-0.211181640625,-0.7373046875,0.0,0.91943359375,0.66455078125
1176,338,0.31164610385894775,9.329840660095215,-0.19975382089614868,0.6376953125,0.486328125,0.59716796875,0.0,0.9345703125,0.67724609375
1177,341,0.3330017030239105,9.267350196838379,-0.22086705267429352,0.75048828125,0.03466796875,-0.66015625,0.0,0.9267578125,0.66455078125
1178,333,0.31239256262779236,9.324694633483887,-0.2300885170698166,0.6748046875,0.29736328125,-0.67529296875,0.0,0.9267578125,0.67724609375
1179,340,0.28544002771377563,9.30994987487793,-0.22825054824352264,-0.52490234375,-0.4423828125,-0.72705078125,0.0,0.94921875,0.67724609375
1180,342,0.3026791214942932,9.264654159545898,-0.1895996779203415,-0.654296875,0.00969696044921875,0.75634765625,0.0,0.94189453125,0.66455078125
1181,339,0.28469356894493103,9.315095901489258,-0.19791585206985474,-0.57080078125,-0.2242431640625,0.7900390625,0.0,0.94189453125,0.67724609375
1182,340,0.28544002771377563,9.30994987487793,-0.22825054824352264,-0.52490234375,-0.4423828125,-0.72705078125,0.0,0.94921875,0.67724609375
1183,343,0.3026745617389679,9.261679649353027,-0.22031357884407043,-0.6416015625,-0.211181640625,-0.7373046875,0.0,0.94921875,0.66455078125
1184,342,0.3026791214942932,9.264654159545898,-0.1895996779203415,-0.654296875,0.00969696044921875,0.75634765625,0.0,0.94189453125,0.66455078125
1185,344,0.3070448040962219,9.171859741210938,-0.2081315964460373,-0.6669921875,-0.07830810546875,-0.74072265625,0.0,0.94921875,0.64453125
1186,342,0.3026791214942932,9.264654159545898,-0.1895996779203415,-0.654296875,0.00969696044921875,0.75634765625,0.0,0.94189453125,0.66455078125
1187,343,0.3026745617389679,9.261679649353027,-0.22031357884407043,-0.6416015625,-0.211181640625,-0.7373046875,0.0,0.94921875,0.66455078125
1188,339,0.28469356894493103,9.315095901489258,-0.19791585206985474,-0.57080078125,-0.2242431640625,0.7900390625,0.0,0.94189453125,0.67724609375
1189,345,0.33300623297691345,9.270323753356934,-0.19015313684940338,0.73828125,0.2147216796875,0.63916015625,0.0,0.9345703125,0.66455078125
1190,338,0.31164610385894775,9.329840660095215,-0.19975382089614868,0.6376953125,0.486328125,0.59716796875,0.0,0.9345703125,0.67724609375
1191,339,0.28469356894493103,9.315095901489258,-0.19791585206985474,-0.57080078125,-0.2242431640625,0.7900390625,0.0,0.94189453125,0.67724609375
1192,342,0.3026791214942932,9.264654159545898,-0.1895996779203415,-0.654296875,0.00969696044921875,0.75634765625,0.0,0.94189453125,0.66455078125
1193,345,0.33300623297691345,9.270323753356934,-0.19015313684940338,0.73828125,0.2147216796875,0.63916015625,0.0,0.9345703125,0.66455078125
1194,338,0.31164610385894775,9.329840660095215,-0.19975382089614868,0.6376953125,0.486328125,0.59716796875,0.0,0.9345703125,0.67724609375
1195,345,0.33300623297691345,9.270323753356934,-0.19015313684940338,0.73828125,0.2147216796875,0.63916015625,0.0,0.9345703125,0.66455078125
1196,341,0.3330017030239105,9.267350196838379,-0.22086705267429352,0.75048828125,0.03466796875,-0.66015625,0.0,0.9267578125,0.66455078125
1197,346,0.3379172682762146,9.172500610351562,-0.20805150270462036,0.7353515625,-0.1258544921875,-0.666015625,0.0,0.9267578125,0.64453125
1198,334,0.3026745617389679,9.261679649353027,-0.22031357884407043,-0.6416015625,-0.211181640625,-0.7373046875,0.0,0.91943359375,0.66455078125
1199,341,0.3330017030239105,9.267350196838379,-0.22086705267429352,0.75048828125,0.03466796875,-0.66015625,0.0,0.9267578125,0.66455078125
1200,346,0.3379172682762146,9.172500610351562,-0.20805150270462036,0.7353515625,-0.1258544921875,-0.666015625,0.0,0.9267578125,0.64453125
1201,347,0.3070448040962219,9.171859741210938,-0.2081315964460373,-0.6669921875,-0.07830810546875,-0.74072265625,0.0,0.91943359375,0.64453125
1202,334,0.3026745617389679,9.261679649353027,-0.22031357884407043,-0.6416015625,-0.211181640625,-0.7373046875,0.0,0.91943359375,0.66455078125
1203,346,0.3379172682762146,9.172500610351562,-0.20805150270462036,0.7353515625,-0.1258544921875,-0.666015625,0.0,0.9267578125,0.64453125
1204,348,0.2948611080646515,9.081072807312012,-0.19414067268371582,-0.681640625,-0.0252532958984375,-0.7314453125,0.0,0.91943359375,0.6240234375
1205,347,0.3070448040962219,9.171859741210938,-0.2081315964460373,-0.6669921875,-0.07830810546875,-0.74072265625,0.0,0.91943359375,0.64453125
1206,344,0.3070448040962219,9.171859741210938,-0.2081315964460373,-0.6669921875,-0.07830810546875,-0.74072265625,0.0,0.94921875,0.64453125
1207,349,0.30687087774276733,9.176419258117676,-0.17759127914905548,-0.68603515625,0.1334228515625,0.71533203125,0.0,0.94189453125,0.64453125
1208,342,0.3026791214942932,9.264654159545898,-0.1895996779203415,-0.654296875,0.00969696044921875,0.75634765625,0.0,0.94189453125,0.66455078125
1209,349,0.30687087774276733,9.176419258117676,-0.17759127914905548,-0.68603515625,0.1334228515625,0.71533203125,0.0,0.94189453125,0.64453125
1210,345,0.33300623297691345,9.270323753356934,-0.19015313684940338,0.73828125,0.2147216796875,0.63916015625,0.0,0.9345703125,0.66455078125
1211,342,0.3026791214942932,9.264654159545898,-0.1895996779203415,-0.654296875,0.00969696044921875,0.75634765625,0.0,0.94189453125,0.66455078125
1212,350,0.3377433717250824,9.1770601272583,-0.17751118540763855,0.73779296875,0.06744384765625,0.671875,0.0,0.9345703125,0.64453125
1213,341,0.3330017030239105,9.267350196838379,-0.22086705267429352,0.75048828125,0.03466796875,-0.66015625,0.0,0.9267578125,0.66455078125
1214,345,0.33300623297691345,9.270323753356934,-0.19015313684940338,0.73828125,0.2147216796875,0.63916015625,0.0,0.9345703125,0.66455078125
1215,350,0.3377433717250824,9.1770601272583,-0.17751118540763855,0.73779296875,0.06744384765625,0.671875,0.0,0.9345703125,0.64453125
1216,346,0.3379172682762146,9.172500610351562,-0.20805150270462036,0.7353515625,-0.1258544921875,-0.666015625,0.0,0.9267578125,0.64453125
1217,341,0.3330017030239105,9.267350196838379,-0.22086705267429352,0.75048828125,0.03466796875,-0.66015625,0.0,0.9267578125,0.66455078125
1218,349,0.30687087774276733,9.176419258117676,-0.17759127914905548,-0.68603515625,0.1334228515625,0.71533203125,0.0,0.94189453125,0.64453125
1219,350,0.3377433717250824,9.1770601272583,-0.17751118540763855,0.73779296875,0.06744384765625,0.671875,0.0,0.9345703125,0.64453125
1220,345,0.33300623297691345,9.270323753356934,-0.19015313684940338,0.73828125,0.2147216796875,0.63916015625,0.0,0.9345703125,0.66455078125
1221,346,0.3379172682762146,9.172500610351562,-0.20805150270462036,0.7353515625,-0.1258544921875,-0.666015625,0.0,0.9267578125,0.64453125
1222,351,0.32537776231765747,9.076614379882812,-0.19329099357128143,0.70166015625,-0.2464599609375,-0.66845703125,0.0,0.9267578125,0.6240234375
1223,348,0.2948611080646515,9.081072807312012,-0.19414067268371582,-0.681640625,-0.0252532958984375,-0.7314453125,0.0,0.91943359375,0.6240234375
1224,350,0.3377433717250824,9.1770601272583,-0.17751118540763855,0.73779296875,0.06744384765625,0.671875,0.0,0.9345703125,0.64453125
1225,351,0.32537776231765747,9.076614379882812,-0.19329099357128143,0.70166015625,-0.2464599609375,-0.66845703125,0.0,0.9267578125,0.6240234375
1226,346,0.3379172682762146,9.172500610351562,-0.20805150270462036,0.7353515625,-0.1258544921875,-0.666015625,0.0,0.9267578125,0.64453125
1227,351,0.32537776231765747,9.076614379882812,-0.19329099357128143,0.70166015625,-0.2464599609375,-0.66845703125,0.0,0.9267578125,0.6240234375
1228,352,0.2649477422237396,8.923555374145508,-0.1601962447166443,-0.70703125,-0.029541015625,-0.70654296875,0.0,0.91943359375,0.58837890625
1229,348,0.2948611080646515,9.081072807312012,-0.19414067268371582,-0.681640625,-0.0252532958984375,-0.7314453125,0.0,0.91943359375,0.6240234375
1230,344,0.3070448040962219,9.171859741210938,-0.2081315964460373,-0.6669921875,-0.07830810546875,-0.74072265625,0.0,0.94921875,0.64453125
1231,353,0.2949184477329254,9.087226867675781,-0.16390836238861084,-0.6953125,0.247802734375,0.6748046875,0.0,0.94189453125,0.6240234375
1232,349,0.30687087774276733,9.176419258117676,-0.17759127914905548,-0.68603515625,0.1334228515625,0.71533203125,0.0,0.94189453125,0.64453125
1233,344,0.3070448040962219,9.171859741210938,-0.2081315964460373,-0.6669921875,-0.07830810546875,-0.74072265625,0.0,0.94921875,0.64453125
1234,354,0.2948611080646515,9.081072807312012,-0.19414067268371582,-0.681640625,-0.0252532958984375,-0.7314453125,0.0,0.94921875,0.6240234375
1235,353,0.2949184477329254,9.087226867675781,-0.16390836238861084,-0.6953125,0.247802734375,0.6748046875,0.0,0.94189453125,0.6240234375
1236,349,0.30687087774276733,9.176419258117676,-0.17759127914905548,-0.68603515625,0.1334228515625,0.71533203125,0.0,0.94189453125,0.64453125
1237,355,0.3254351317882538,9.082768440246582,-0.16305868327617645,0.7158203125,0.01470947265625,0.6982421875,0.0,0.9345703125,0.6240234375
1238,350,0.3377433717250824,9.1770601272583,-0.17751118540763855,0.73779296875,0.06744384765625,0.671875,0.0,0.9345703125,0.64453125
1239,350,0.3377433717250824,9.1770601272583,-0.17751118540763855,0.73779296875,0.06744384765625,0.671875,0.0,0.9345703125,0.64453125
1240,355,0.3254351317882538,9.082768440246582,-0.16305868327617645,0.7158203125,0.01470947265625,0.6982421875,0.0,0.9345703125,0.6240234375
1241,351,0.32537776231765747,9.076614379882812,-0.19329099357128143,0.70166015625,-0.2464599609375,-0.66845703125,0.0,0.9267578125,0.6240234375
1242,349,0.30687087774276733,9.176419258117676,-0.17759127914905548,-0.68603515625,0.1334228515625,0.71533203125,0.0,0.94189453125,0.64453125
1243,353,0.2949184477329254,9.087226867675781,-0.16390836238861084,-0.6953125,0.247802734375,0.6748046875,0.0,0.94189453125,0.6240234375
1244,355,0.3254351317882538,9.082768440246582,-0.16305868327617645,0.7158203125,0.01470947265625,0.6982421875,0.0,0.9345703125,0.6240234375
1245,351,0.32537776231765747,9.076614379882812,-0.19329099357128143,0.70166015625,-0.2464599609375,-0.66845703125,0.0,0.9267578125,0.6240234375
1246,356,0.2954588532447815,8.919034957885742,-0.15935158729553223,0.69287109375,-0.255126953125,-0.6748046875,0.0,0.9267578125,0.58837890625
1247,352,0.2649477422237396,8.923555374145508,-0.1601962447166443,-0.70703125,-0.029541015625,-0.70654296875,0.0,0.91943359375,0.58837890625
1248,355,0.3254351317882538,9.082768440246582,-0.16305868327617645,0.7158203125,0.01470947265625,0.6982421875,0.0,0.9345703125,0.6240234375
1249,356,0.2954588532447815,8.919034957885742,-0.15935158729553223,0.69287109375,-0.255126953125,-0.6748046875,0.0,0.9267578125,0.58837890625
1250,351,0.32537776231765747,9.076614379882812,-0.19329099357128143,0.70166015625,-0.2464599609375,-0.66845703125,0.0,0.9267578125,0.6240234375
1251,356,0.2954588532447815,8.919034957885742,-0.15935158729553223,0.69287109375,-0.255126953125,-0.6748046875,0.0,0.9267578125,0.58837890625
1252,357,0.24230815470218658,8.764711380004883,-0.12839709222316742,-0.7119140625,-0.031646728515625,-0.70166015625,0.0,0.91943359375,0.552734375
1253,352,0.2649477422237396,8.923555374145508,-0.1601962447166443,-0.70703125,-0.029541015625,-0.70654296875,0.0,0.91943359375,0.58837890625
1254,354,0.2948611080646515,9.081072807312012,-0.19414067268371582,-0.681640625,-0.0252532958984375,-0.7314453125,0.0,0.94921875,0.6240234375
1255,358,0.26511532068252563,8.930312156677246,-0.1300899237394333,-0.69970703125,0.255126953125,0.66748046875,0.0,0.94189453125,0.58837890625
1256,353,0.2949184477329254,9.087226867675781,-0.16390836238861084,-0.6953125,0.247802734375,0.6748046875,0.0,0.94189453125,0.6240234375
1257,354,0.2948611080646515,9.081072807312012,-0.19414067268371582,-0.681640625,-0.0252532958984375,-0.7314453125,0.0,0.94921875,0.6240234375
1258,359,0.2649477422237396,8.923555374145508,-0.1601962447166443,-0.70703125,-0.029541015625,-0.70654296875,0.0,0.94921875,0.58837890625
1259,358,0.26511532068252563,8.930312156677246,-0.1300899237394333,-0.69970703125,0.255126953125,0.66748046875,0.0,0.94189453125,0.58837890625
1260,353,0.2949184477329254,9.087226867675781,-0.16390836238861084,-0.6953125,0.247802734375,0.6748046875,0.0,0.94189453125,0.6240234375
1261,360,0.2956264615058899,8.92579174041748,-0.12924528121948242,0.6923828125,0.03460693359375,0.720703125,0.0,0.9345703125,0.58837890625
1262,355,0.3254351317882538,9.082768440246582,-0.16305868327617645,0.7158203125,0.01470947265625,0.6982421875,0.0,0.9345703125,0.6240234375
1263,355,0.3254351317882538,9.082768440246582,-0.16305868327617645,0.7158203125,0.01470947265625,0.6982421875,0.0,0.9345703125,0.6240234375
1264,360,0.2956264615058899,8.92579174041748,-0.12924528121948242,0.6923828125,0.03460693359375,0.720703125,0.0,0.9345703125,0.58837890625
1265,356,0.2954588532447815,8.919034957885742,-0.15935158729553223,0.69287109375,-0.255126953125,-0.6748046875,0.0,0.9267578125,0.58837890625
1266,353,0.2949184477329254,9.087226867675781,-0.16390836238861084,-0.6953125,0.247802734375,0.6748046875,0.0,0.94189453125,0.6240234375
1267,358,0.26511532068252563,8.930312156677246,-0.1300899237394333,-0.69970703125,0.255126953125,0.66748046875,0.0,0.94189453125,0.58837890625
1268,360,0.2956264615058899,8.92579174041748,-0.12924528121948242,0.6923828125,0.03460693359375,0.720703125,0.0,0.9345703125,0.58837890625
1269,356,0.2954588532447815,8.919034957885742,-0.15935158729553223,0.69287109375,-0.255126953125,-0.6748046875,0.0,0.9267578125,0.58837890625
1270,361,0.2729488015174866,8.761075019836426,-0.12768445909023285,0.70654296875,-0.2066650390625,-0.6767578125,0.0,0.9267578125,0.552734375
1271,357,0.24230815470218658,8.764711380004883,-0.12839709222316742,-0.7119140625,-0.031646728515625,-0.70166015625,0.0,0.91943359375,0.552734375
1272,360,0.2956264615058899,8.92579174041748,-0.12924528121948242,0.6923828125,0.03460693359375,0.720703125,0.0,0.9345703125,0.58837890625
1273,361,0.2729488015174866,8.761075019836426,-0.12768445909023285,0.70654296875,-0.2066650390625,-0.6767578125,0.0,0.9267578125,0.552734375
1274,356,0.2954588532447815,8.919034957885742,-0.15935158729553223,0.69287109375,-0.255126953125,-0.6748046875,0.0,0.9267578125,0.58837890625
1275,361,0.2729488015174866,8.761075019836426,-0.12768445909023285,0.70654296875,-0.2066650390625,-0.6767578125,0.0,0.9267578125,0.552734375
1276,362,0.22462977468967438,8.60461139678955,-0.1049024909734726,-0.71630859375,0.01363372802734375,-0.69775390625,0.0,0.91943359375,0.517578125
1277,357,0.24230815470218658,8.764711380004883,-0.12839709222316742,-0.7119140625,-0.031646728515625,-0.70166015625,0.0,0.91943359375,0.552734375
1278,359,0.2649477422237396,8.923555374145508,-0.1601962447166443,-0.70703125,-0.029541015625,-0.70654296875,0.0,0.94921875,0.58837890625
1279,363,0.24226102232933044,8.770263671875,-0.09803688526153564,-0.69970703125,0.20703125,0.68359375,0.0,0.94189453125,0.552734375
1280,358,0.26511532068252563,8.930312156677246,-0.1300899237394333,-0.69970703125,0.255126953125,0.66748046875,0.0,0.94189453125,0.58837890625
1281,359,0.2649477422237396,8.923555374145508,-0.1601962447166443,-0.70703125,-0.029541015625,-0.70654296875,0.0,0.94921875,0.58837890625
1282,364,0.24230815470218658,8.764711380004883,-0.12839709222316742,-0.7119140625,-0.031646728515625,-0.70166015625,0.0,0.94921875,0.552734375
1283,363,0.24226102232933044,8.770263671875,-0.09803688526153564,-0.69970703125,0.20703125,0.68359375,0.0,0.94189453125,0.552734375
1284,358,0.26511532068252563,8.930312156677246,-0.1300899237394333,-0.69970703125,0.255126953125,0.66748046875,0.0,0.94189453125,0.58837890625
1285,365,0.2729016840457916,8.766627311706543,-0.09732425212860107,0.6875,0.0386962890625,0.72509765625,0.0,0.9345703125,0.552734375
1286,360,0.2956264615058899,8.92579174041748,-0.12924528121948242,0.6923828125,0.03460693359375,0.720703125,0.0,0.9345703125,0.58837890625
1287,360,0.2956264615058899,8.92579174041748,-0.12924528121948242,0.6923828125,0.03460693359375,0.720703125,0.0,0.9345703125,0.58837890625
1288,365,0.2729016840457916,8.766627311706543,-0.09732425212860107,0.6875,0.0386962890625,0.72509765625,0.0,0.9345703125,0.552734375
1289,361,0.2729488015174866,8.761075019836426,-0.12768445909023285,0.70654296875,-0.2066650390625,-0.6767578125,0.0,0.9267578125,0.552734375
1290,358,0.26511532068252563,8.930312156677246,-0.1300899237394333,-0.69970703125,0.255126953125,0.66748046875,0.0,0.94189453125,0.58837890625
1291,363,0.24226102232933044,8.770263671875,-0.09803688526153564,-0.69970703125,0.20703125,0.68359375,0.0,0.94189453125,0.552734375
1292,365,0.2729016840457916,8.766627311706543,-0.09732425212860107,0.6875,0.0386962890625,0.72509765625,0.0,0.9345703125,0.552734375
1293,361,0.2729488015174866,8.761075019836426,-0.12768445909023285,0.70654296875,-0.2066650390625,-0.6767578125,0.0,0.9267578125,0.552734375
1294,366,0.25536441802978516,8.601851463317871,-0.10431099683046341,0.72705078125,-0.1273193359375,-0.6748046875,0.0,0.9267578125,0.517578125
1295,362,0.22462977468967438,8.60461139678955,-0.1049024909734726,-0.71630859375,0.01363372802734375,-0.69775390625,0.0,0.91943359375,0.517578125
1296,365,0.2729016840457916,8.766627311706543,-0.09732425212860107,0.6875,0.0386962890625,0.72509765625,0.0,0.9345703125,0.552734375
1297,366,0.25536441802978516,8.601851463317871,-0.10431099683046341,0.72705078125,-0.1273193359375,-0.6748046875,0.0,0.9267578125,0.517578125
1298,361,0.2729488015174866,8.761075019836426,-0.12768445909023285,0.70654296875,-0.2066650390625,-0.6767578125,0.0,0.9267578125,0.552734375
1299,366,0.25536441802978516,8.601851463317871,-0.10431099683046341,0.72705078125,-0.1273193359375,-0.6748046875,0.0,0.9267578125,0.517578125
1300,367,0.21062375605106354,8.444087028503418,-0.10208366811275482,-0.708984375,0.090087890625,-0.69970703125,0.0,0.91943359375,0.48193359375
1301,362,0.22462977468967438,8.60461139678955,-0.1049024909734726,-0.71630859375,0.01363372802734375,-0.69775390625,0.0,0.91943359375,0.517578125
1302,364,0.24230815470218658,8.764711380004883,-0.12839709222316742,-0.7119140625,-0.031646728515625,-0.70166015625,0.0,0.94921875,0.552734375
1303,368,0.22431236505508423,8.607657432556152,-0.07419078052043915,-0.6962890625,0.126220703125,0.70654296875,0.0,0.94189453125,0.517578125
1304,363,0.24226102232933044,8.770263671875,-0.09803688526153564,-0.69970703125,0.20703125,0.68359375,0.0,0.94189453125,0.552734375
1305,364,0.24230815470218658,8.764711380004883,-0.12839709222316742,-0.7119140625,-0.031646728515625,-0.70166015625,0.0,0.94921875,0.552734375
1306,369,0.22462977468967438,8.60461139678955,-0.1049024909734726,-0.71630859375,0.01363372802734375,-0.69775390625,0.0,0.94921875,0.517578125
1307,368,0.22431236505508423,8.607657432556152,-0.07419078052043915,-0.6962890625,0.126220703125,0.70654296875,0.0,0.94189453125,0.517578125
1308,363,0.24226102232933044,8.770263671875,-0.09803688526153564,-0.69970703125,0.20703125,0.68359375,0.0,0.94189453125,0.552734375
1309,370,0.2550470232963562,8.604897499084473,-0.07359927147626877,0.67333984375,-0.006084442138671875,0.7392578125,0.0,0.9345703125,0.517578125
1310,365,0.2729016840457916,8.766627311706543,-0.09732425212860107,0.6875,0.0386962890625,0.72509765625,0.0,0.9345703125,0.552734375
1311,365,0.2729016840457916,8.766627311706543,-0.09732425212860107,0.6875,0.0386962890625,0.72509765625,0.0,0.9345703125,0.552734375
1312,370,0.2550470232963562,8.604897499084473,-0.07359927147626877,0.67333984375,-0.006084442138671875,0.7392578125,0.0,0.9345703125,0.517578125
1313,366,0.25536441802978516,8.601851463317871,-0.10431099683046341,0.72705078125,-0.1273193359375,-0.6748046875,0.0,0.9267578125,0.517578125
1314,363,0.24226102232933044,8.770263671875,-0.09803688526153564,-0.69970703125,0.20703125,0.68359375,0.0,0.94189453125,0.552734375
1315,368,0.22431236505508423,8.607657432556152,-0.07419078052043915,-0.6962890625,0.126220703125,0.70654296875,0.0,0.94189453125,0.517578125
1316,370,0.2550470232963562,8.604897499084473,-0.07359927147626877,0.67333984375,-0.006084442138671875,0.7392578125,0.0,0.9345703125,0.517578125
1317,366,0.25536441802978516,8.601851463317871,-0.10431099683046341,0.72705078125,-0.1273193359375,-0.6748046875,0.0,0.9267578125,0.517578125
1318,371,0.2413758784532547,8.441529273986816,-0.10149408876895905,0.7373046875,-0.02606201171875,-0.6748046875,0.0,0.9267578125,0.48193359375
1319,367,0.21062375605106354,8.444087028503418,-0.10208366811275482,-0.708984375,0.090087890625,-0.69970703125,0.0,0.91943359375,0.48193359375
1320,370,0.2550470232963562,8.604897499084473,-0.07359927147626877,0.67333984375,-0.006084442138671875,0.7392578125,0.0,0.9345703125,0.517578125
1321,371,0.2413758784532547,8.441529273986816,-0.10149408876895905,0.7373046875,-0.02606201171875,-0.6748046875,0.0,0.9267578125,0.48193359375
1322,366,0.25536441802978516,8.601851463317871,-0.10431099683046341,0.72705078125,-0.1273193359375,-0.6748046875,0.0,0.9267578125,0.517578125
1323,371,0.2413758784532547,8.441529273986816,-0.10149408876895905,0.7373046875,-0.02606201171875,-0.6748046875,0.0,0.9267578125,0.48193359375
1324,372,0.1990877091884613,8.283419609069824,-0.12038068473339081,-0.6904296875,0.1866455078125,-0.69873046875,0.0,0.91943359375,0.4462890625
1325,367,0.21062375605106354,8.444087028503418,-0.10208366811275482,-0.708984375,0.090087890625,-0.69970703125,0.0,0.91943359375,0.48193359375
1326,369,0.22462977468967438,8.60461139678955,-0.1049024909734726,-0.71630859375,0.01363372802734375,-0.69775390625,0.0,0.94921875,0.517578125
1327,373,0.20988284051418304,8.442279815673828,-0.07128161936998367,-0.70361328125,0.0220184326171875,0.71044921875,0.0,0.94189453125,0.48193359375
1328,368,0.22431236505508423,8.607657432556152,-0.07419078052043915,-0.6962890625,0.126220703125,0.70654296875,0.0,0.94189453125,0.517578125
1329,369,0.22462977468967438,8.60461139678955,-0.1049024909734726,-0.71630859375,0.01363372802734375,-0.69775390625,0.0,0.94921875,0.517578125
1330,374,0.21062375605106354,8.444087028503418,-0.10208366811275482,-0.708984375,0.090087890625,-0.69970703125,0.0,0.94921875,0.48193359375
1331,373,0.20988284051418304,8.442279815673828,-0.07128161936998367,-0.70361328125,0.0220184326171875,0.71044921875,0.0,0.94189453125,0.48193359375
1332,368,0.22431236505508423,8.607657432556152,-0.07419078052043915,-0.6962890625,0.126220703125,0.70654296875,0.0,0.94189453125,0.517578125
1333,375,0.2406349927186966,8.43972110748291,-0.0706920325756073,0.6669921875,-0.0885009765625,0.73974609375,0.0,0.9345703125,0.48193359375
1334,370,0.2550470232963562,8.604897499084473,-0.07359927147626877,0.67333984375,-0.006084442138671875,0.7392578125,0.0,0.9345703125,0.517578125
1335,370,0.2550470232963562,8.604897499084473,-0.07359927147626877,0.67333984375,-0.006084442138671875,0.7392578125,0.0,0.9345703125,0.517578125
1336,375,0.2406349927186966,8.43972110748291,-0.0706920325756073,0.6669921875,-0.0885009765625,0.73974609375,0.0,0.9345703125,0.48193359375
1337,371,0.2413758784532547,8.441529273986816,-0.10149408876895905,0.7373046875,-0.02606201171875,-0.6748046875,0.0,0.9267578125,0.48193359375
1338,368,0.22431236505508423,8.607657432556152,-0.07419078052043915,-0.6962890625,0.126220703125,0.70654296875,0.0,0.94189453125,0.517578125
1339,373,0.20988284051418304,8.442279815673828,-0.07128161936998367,-0.70361328125,0.0220184326171875,0.71044921875,0.0,0.94189453125,0.48193359375
1340,375,0.2406349927186966,8.43972110748291,-0.0706920325756073,0.6669921875,-0.0885009765625,0.73974609375,0.0,0.9345703125,0.48193359375
1341,371,0.2413758784532547,8.441529273986816,-0.10149408876895905,0.7373046875,-0.02606201171875,-0.6748046875,0.0,0.9267578125,0.48193359375
1342,376,0.2298484593629837,8.280965805053711,-0.11979952454566956,0.74853515625,0.04156494140625,-0.66162109375,0.0,0.9267578125,0.4462890625
1343,372,0.1990877091884613,8.283419609069824,-0.12038068473339081,-0.6904296875,0.1866455078125,-0.69873046875,0.0,0.91943359375,0.4462890625
1344,375,0.2406349927186966,8.43972110748291,-0.0706920325756073,0.6669921875,-0.0885009765625,0.73974609375,0.0,0.9345703125,0.48193359375
1345,376,0.2298484593629837,8.280965805053711,-0.11979952454566956,0.74853515625,0.04156494140625,-0.66162109375,0.0,0.9267578125,0.4462890625
1346,371,0.2413758784532547,8.441529273986816,-0.10149408876895905,0.7373046875,-0.02606201171875,-0.6748046875,0.0,0.9267578125,0.48193359375
1347,376,0.2298484593629837,8.280965805053711,-0.11979952454566956,0.74853515625,0.04156494140625,-0.66162109375,0.0,0.9267578125,0.4462890625
1348,377,0.180592879652977,8.128973007202148,-0.15615180134773254,-0.66552734375,0.327392578125,-0.67041015625,0.0,0.91943359375,0.410888671875
1349,372,0.1990877091884613,8.283419609069824,-0.12038068473339081,-0.6904296875,0.1866455078125,-0.69873046875,0.0,0.91943359375,0.4462890625
1350,374,0.21062375605106354,8.444087028503418,-0.10208366811275482,-0.708984375,0.090087890625,-0.69970703125,0.0,0.94921875,0.48193359375
1351,378,0.19812090694904327,8.27851390838623,-0.0899244025349617,-0.70263671875,-0.05572509765625,0.708984375,0.0,0.94189453125,0.4462890625
1352,373,0.20988284051418304,8.442279815673828,-0.07128161936998367,-0.70361328125,0.0220184326171875,0.71044921875,0.0,0.94189453125,0.48193359375
1353,374,0.21062375605106354,8.444087028503418,-0.10208366811275482,-0.708984375,0.090087890625,-0.69970703125,0.0,0.94921875,0.48193359375
1354,379,0.1990877091884613,8.283419609069824,-0.12038068473339081,-0.6904296875,0.1866455078125,-0.69873046875,0.0,0.94921875,0.4462890625
1355,378,0.19812090694904327,8.27851390838623,-0.0899244025349617,-0.70263671875,-0.05572509765625,0.708984375,0.0,0.94189453125,0.4462890625
1356,373,0.20988284051418304,8.442279815673828,-0.07128161936998367,-0.70361328125,0.0220184326171875,0.71044921875,0.0,0.94189453125,0.48193359375
1357,380,0.22888165712356567,8.276060104370117,-0.08934324234724045,0.6708984375,-0.187255859375,0.71728515625,0.0,0.9345703125,0.4462890625
1358,375,0.2406349927186966,8.43972110748291,-0.0706920325756073,0.6669921875,-0.0885009765625,0.73974609375,0.0,0.9345703125,0.48193359375
1359,375,0.2406349927186966,8.43972110748291,-0.0706920325756073,0.6669921875,-0.0885009765625,0.73974609375,0.0,0.9345703125,0.48193359375
1360,380,0.22888165712356567,8.276060104370117,-0.08934324234724045,0.6708984375,-0.187255859375,0.71728515625,0.0,0.9345703125,0.4462890625
1361,376,0.2298484593629837,8.280965805053711,-0.11979952454566956,0.74853515625,0.04156494140625,-0.66162109375,0.0,0.9267578125,0.4462890625
1362,373,0.20988284051418304,8.442279815673828,-0.07128161936998367,-0.70361328125,0.0220184326171875,0.71044921875,0.0,0.94189453125,0.48193359375
1363,378,0.19812090694904327,8.27851390838623,-0.0899244025349617,-0.70263671875,-0.05572509765625,0.708984375,0.0,0.94189453125,0.4462890625
1364,380,0.22888165712356567,8.276060104370117,-0.08934324234724045,0.6708984375,-0.187255859375,0.71728515625,0.0,0.9345703125,0.4462890625
1365,376,0.2298484593629837,8.280965805053711,-0.11979952454566956,0.74853515625,0.04156494140625,-0.66162109375,0.0,0.9267578125,0.4462890625
1366,381,0.21096017956733704,8.12346076965332,-0.1563144475221634,0.76171875,0.061309814453125,-0.64501953125,0.0,0.9267578125,0.410888671875
1367,377,0.180592879652977,8.128973007202148,-0.15615180134773254,-0.66552734375,0.327392578125,-0.67041015625,0.0,0.91943359375,0.410888671875
1368,380,0.22888165712356567,8.276060104370117,-0.08934324234724045,0.6708984375,-0.187255859375,0.71728515625,0.0,0.9345703125,0.4462890625
1369,381,0.21096017956733704,8.12346076965332,-0.1563144475221634,0.76171875,0.061309814453125,-0.64501953125,0.0,0.9267578125,0.410888671875
1370,376,0.2298484593629837,8.280965805053711,-0.11979952454566956,0.74853515625,0.04156494140625,-0.66162109375,0.0,0.9267578125,0.4462890625
1371,381,0.21096017956733704,8.12346076965332,-0.1563144475221634,0.76171875,0.061309814453125,-0.64501953125,0.0,0.9267578125,0.410888671875
1372,382,0.14463794231414795,7.98354959487915,-0.21293486654758453,-0.63671875,0.446533203125,-0.62890625,0.0,0.91943359375,0.37548828125
1373,377,0.180592879652977,8.128973007202148,-0.15615180134773254,-0.66552734375,0.327392578125,-0.67041015625,0.0,0.91943359375,0.410888671875
1374,379,0.1990877091884613,8.283419609069824,-0.12038068473339081,-0.6904296875,0.1866455078125,-0.69873046875,0.0,0.94921875,0.4462890625
1375,383,0.17908349633216858,8.11978816986084,-0.12672461569309235,-0.6943359375,-0.0936279296875,0.71337890625,0.0,0.94189453125,0.410888671875
1376,378,0.19812090694904327,8.27851390838623,-0.0899244025349617,-0.70263671875,-0.05572509765625,0.708984375,0.0,0.94189453125,0.4462890625
1377,379,0.1990877091884613,8.283419609069824,-0.12038068473339081,-0.6904296875,0.1866455078125,-0.69873046875,0.0,0.94921875,0.4462890625
1378,384,0.180592879652977,8.128973007202148,-0.15615180134773254,-0.66552734375,0.327392578125,-0.67041015625,0.0,0.94921875,0.410888671875
1379,383,0.17908349633216858,8.11978816986084,-0.12672461569309235,-0.6943359375,-0.0936279296875,0.71337890625,0.0,0.94189453125,0.410888671875
1380,378,0.19812090694904327,8.27851390838623,-0.0899244025349617,-0.70263671875,-0.05572509765625,0.708984375,0.0,0.94189453125,0.4462890625
1381,385,0.20945079624652863,8.114276885986328,-0.1268872618675232,0.65966796875,-0.328369140625,0.67578125,0.0,0.9345703125,0.410888671875
1382,380,0.22888165712356567,8.276060104370117,-0.08934324234724045,0.6708984375,-0.187255859375,0.71728515625,0.0,0.9345703125,0.4462890625
1383,380,0.22888165712356567,8.276060104370117,-0.08934324234724045,0.6708984375,-0.187255859375,0.71728515625,0.0,0.9345703125,0.4462890625
1384,385,0.20945079624652863,8.114276885986328,-0.1268872618675232,0.65966796875,-0.328369140625,0.67578125,0.0,0.9345703125,0.410888671875
1385,381,0.21096017956733704,8.12346076965332,-0.1563144475221634,0.76171875,0.061309814453125,-0.64501953125,0.0,0.9267578125,0.410888671875
1386,378,0.19812090694904327,8.27851390838623,-0.0899244025349617,-0.70263671875,-0.05572509765625,0.708984375,0.0,0.94189453125,0.4462890625
1387,383,0.17908349633216858,8.11978816986084,-0.12672461569309235,-0.6943359375,-0.0936279296875,0.71337890625,0.0,0.94189453125,0.410888671875
1388,385,0.20945079624652863,8.114276885986328,-0.1268872618675232,0.65966796875,-0.328369140625,0.67578125,0.0,0.9345703125,0.410888671875
1389,381,0.21096017956733704,8.12346076965332,-0.1563144475221634,0.76171875,0.061309814453125,-0.64501953125,0.0,0.9267578125,0.410888671875
1390,386,0.17433172464370728,7.975224018096924,-0.21418094635009766,0.74560546875,0.07501220703125,-0.662109375,0.0,0.9267578125,0.37548828125
1391,382,0.14463794231414795,7.98354959487915,-0.21293486654758453,-0.63671875,0.446533203125,-0.62890625,0.0,0.91943359375,0.37548828125
1392,385,0.20945079624652863,8.114276885986328,-0.1268872618675232,0.65966796875,-0.328369140625,0.67578125,0.0,0.9345703125,0.410888671875
1393,386,0.17433172464370728,7.975224018096924,-0.21418094635009766,0.74560546875,0.07501220703125,-0.662109375,0.0,0.9267578125,0.37548828125
1394,381,0.21096017956733704,8.12346076965332,-0.1563144475221634,0.76171875,0.061309814453125,-0.64501953125,0.0,0.9267578125,0.410888671875
1395,386,0.17433172464370728,7.975224018096924,-0.21418094635009766,0.74560546875,0.07501220703125,-0.662109375,0.0,0.9267578125,0.37548828125
1396,387,0.10031858086585999,7.842091083526611,-0.2788732349872589,-0.611328125,0.51513671875,-0.6005859375,0.0,0.91943359375,0.33984375
1397,382,0.14463794231414795,7.98354959487915,-0.21293486654758453,-0.63671875,0.446533203125,-0.62890625,0.0,0.91943359375,0.37548828125
1398,384,0.180592879652977,8.128973007202148,-0.15615180134773254,-0.66552734375,0.327392578125,-0.67041015625,0.0,0.94921875,0.410888671875
1399,388,0.14250726997852325,7.971696376800537,-0.18451718986034393,-0.71484375,-0.0958251953125,0.69287109375,0.0,0.94189453125,0.37548828125
1400,383,0.17908349633216858,8.11978816986084,-0.12672461569309235,-0.6943359375,-0.0936279296875,0.71337890625,0.0,0.94189453125,0.410888671875
1401,384,0.180592879652977,8.128973007202148,-0.15615180134773254,-0.66552734375,0.327392578125,-0.67041015625,0.0,0.94921875,0.410888671875
1402,389,0.14463794231414795,7.98354959487915,-0.21293486654758453,-0.63671875,0.446533203125,-0.62890625,0.0,0.94921875,0.37548828125
1403,388,0.14250726997852325,7.971696376800537,-0.18451718986034393,-0.71484375,-0.0958251953125,0.69287109375,0.0,0.94189453125,0.37548828125
1404,383,0.17908349633216858,8.11978816986084,-0.12672461569309235,-0.6943359375,-0.0936279296875,0.71337890625,0.0,0.94189453125,0.410888671875
1405,390,0.1722010374069214,7.963371276855469,-0.18576323986053467,0.63525390625,-0.447021484375,0.6298828125,0.0,0.9345703125,0.37548828125
1406,385,0.20945079624652863,8.114276885986328,-0.1268872618675232,0.65966796875,-0.328369140625,0.67578125,0.0,0.9345703125,0.410888671875
1407,385,0.20945079624652863,8.114276885986328,-0.1268872618675232,0.65966796875,-0.328369140625,0.67578125,0.0,0.9345703125,0.410888671875
1408,390,0.1722010374069214,7.963371276855469,-0.18576323986053467,0.63525390625,-0.447021484375,0.6298828125,0.0,0.9345703125,0.37548828125
1409,386,0.17433172464370728,7.975224018096924,-0.21418094635009766,0.74560546875,0.07501220703125,-0.662109375,0.0,0.9267578125,0.37548828125
1410,383,0.17908349633216858,8.11978816986084,-0.12672461569309235,-0.6943359375,-0.0936279296875,0.71337890625,0.0,0.94189453125,0.410888671875
1411,388,0.14250726997852325,7.971696376800537,-0.18451718986034393,-0.71484375,-0.0958251953125,0.69287109375,0.0,0.94189453125,0.37548828125
1412,390,0.1722010374069214,7.963371276855469,-0.18576323986053467,0.63525390625,-0.447021484375,0.6298828125,0.0,0.9345703125,0.37548828125
1413,386,0.17433172464370728,7.975224018096924,-0.21418094635009766,0.74560546875,0.07501220703125,-0.662109375,0.0,0.9267578125,0.37548828125
1414,391,0.129778653383255,7.833025932312012,-0.28046655654907227,0.7421875,0.0682373046875,-0.6669921875,0.0,0.9267578125,0.33984375
1415,387,0.10031858086585999,7.842091083526611,-0.2788732349872589,-0.611328125,0.51513671875,-0.6005859375,0.0,0.91943359375,0.33984375
1416,390,0.1722010374069214,7.963371276855469,-0.18576323986053467,0.63525390625,-0.447021484375,0.6298828125,0.0,0.9345703125,0.37548828125
1417,391,0.129778653383255,7.833025932312012,-0.28046655654907227,0.7421875,0.0682373046875,-0.6669921875,0.0,0.9267578125,0.33984375
1418,386,0.17433172464370728,7.975224018096924,-0.21418094635009766,0.74560546875,0.07501220703125,-0.662109375,0.0,0.9267578125,0.37548828125
1419,391,0.129778653383255,7.833025932312012,-0.28046655654907227,0.7421875,0.0682373046875,-0.6669921875,0.0,0.9267578125,0.33984375
1420,392,0.04687616229057312,7.707622051239014,-0.3500880300998688,-0.576171875,0.5712890625,-0.58447265625,0.0,0.91943359375,0.304443359375
1421,387,0.10031858086585999,7.842091083526611,-0.2788732349872589,-0.611328125,0.51513671875,-0.6005859375,0.0,0.91943359375,0.33984375
1422,389,0.14463794231414795,7.98354959487915,-0.21293486654758453,-0.63671875,0.446533203125,-0.62890625,0.0,0.94921875,0.37548828125
1423,393,0.09782702475786209,7.829092025756836,-0.25099077820777893,-0.71484375,-0.091552734375,0.693359375,0.0,0.94189453125,0.33984375
1424,388,0.14250726997852325,7.971696376800537,-0.18451718986034393,-0.71484375,-0.0958251953125,0.69287109375,0.0,0.94189453125,0.37548828125
1425,389,0.14463794231414795,7.98354959487915,-0.21293486654758453,-0.63671875,0.446533203125,-0.62890625,0.0,0.94921875,0.37548828125
1426,394,0.10031858086585999,7.842091083526611,-0.2788732349872589,-0.611328125,0.51513671875,-0.6005859375,0.0,0.94921875,0.33984375
1427,393,0.09782702475786209,7.829092025756836,-0.25099077820777893,-0.71484375,-0.091552734375,0.693359375,0.0,0.94189453125,0.33984375
1428,388,0.14250726997852325,7.971696376800537,-0.18451718986034393,-0.71484375,-0.0958251953125,0.69287109375,0.0,0.94189453125,0.37548828125
1429,395,0.1272870898246765,7.8200273513793945,-0.2525840997695923,0.6181640625,-0.5146484375,0.59423828125,0.0,0.9345703125,0.33984375
1430,390,0.1722010374069214,7.963371276855469,-0.18576323986053467,0.63525390625,-0.447021484375,0.6298828125,0.0,0.9345703125,0.37548828125
1431,390,0.1722010374069214,7.963371276855469,-0.18576323986053467,0.63525390625,-0.447021484375,0.6298828125,0.0,0.9345703125,0.37548828125
1432,395,0.1272870898246765,7.8200273513793945,-0.2525840997695923,0.6181640625,-0.5146484375,0.59423828125,0.0,0.9345703125,0.33984375
1433,391,0.129778653383255,7.833025932312012,-0.28046655654907227,0.7421875,0.0682373046875,-0.6669921875,0.0,0.9267578125,0.33984375
1434,388,0.14250726997852325,7.971696376800537,-0.18451718986034393,-0.71484375,-0.0958251953125,0.69287109375,0.0,0.94189453125,0.37548828125
1435,393,0.09782702475786209,7.829092025756836,-0.25099077820777893,-0.71484375,-0.091552734375,0.693359375,0.0,0.94189453125,0.33984375
1436,395,0.1272870898246765,7.8200273513793945,-0.2525840997695923,0.6181640625,-0.5146484375,0.59423828125,0.0,0.9345703125,0.33984375
1437,391,0.129778653383255,7.833025932312012,-0.28046655654907227,0.7421875,0.0682373046875,-0.6669921875,0.0,0.9267578125,0.33984375
1438,396,0.07518850266933441,7.695731163024902,-0.3531865179538727,0.72021484375,0.0308990478515625,-0.69287109375,0.0,0.9267578125,0.304443359375
1439,392,0.04687616229057312,7.707622051239014,-0.3500880300998688,-0.576171875,0.5712890625,-0.58447265625,0.0,0.91943359375,0.304443359375
1440,395,0.1272870898246765,7.8200273513793945,-0.2525840997695923,0.6181640625,-0.5146484375,0.59423828125,0.0,0.9345703125,0.33984375
1441,396,0.07518850266933441,7.695731163024902,-0.3531865179538727,0.72021484375,0.0308990478515625,-0.69287109375,0.0,0.9267578125,0.304443359375
1442,391,0.129778653383255,7.833025932312012,-0.28046655654907227,0.7421875,0.0682373046875,-0.6669921875,0.0,0.9267578125,0.33984375
1443,396,0.07518850266933441,7.695731163024902,-0.3531865179538727,0.72021484375,0.0308990478515625,-0.69287109375,0.0,0.9267578125,0.304443359375
1444,397,-0.022530097514390945,7.575982570648193,-0.4180525839328766,-0.56201171875,0.6015625,-0.5673828125,0.0,0.91943359375,0.268798828125
1445,392,0.04687616229057312,7.707622051239014,-0.3500880300998688,-0.576171875,0.5712890625,-0.58447265625,0.0,0.91943359375,0.304443359375
1446,394,0.10031858086585999,7.842091083526611,-0.2788732349872589,-0.611328125,0.51513671875,-0.6005859375,0.0,0.94921875,0.33984375
1447,398,0.0440562441945076,7.693758964538574,-0.3226570785045624,-0.70068359375,-0.048553466796875,0.7119140625,0.0,0.94189453125,0.304443359375
1448,393,0.09782702475786209,7.829092025756836,-0.25099077820777893,-0.71484375,-0.091552734375,0.693359375,0.0,0.94189453125,0.33984375
1449,394,0.10031858086585999,7.842091083526611,-0.2788732349872589,-0.611328125,0.51513671875,-0.6005859375,0.0,0.94921875,0.33984375
1450,399,0.04687616229057312,7.707622051239014,-0.3500880300998688,-0.576171875,0.5712890625,-0.58447265625,0.0,0.94921875,0.304443359375
1451,398,0.0440562441945076,7.693758964538574,-0.3226570785045624,-0.70068359375,-0.048553466796875,0.7119140625,0.0,0.94189453125,0.304443359375
1452,393,0.09782702475786209,7.829092025756836,-0.25099077820777893,-0.71484375,-0.091552734375,0.693359375,0.0,0.94189453125,0.33984375
1453,400,0.07236858457326889,7.681868553161621,-0.3257555365562439,0.609375,-0.56982421875,0.55126953125,0.0,0.9345703125,0.304443359375
1454,395,0.1272870898246765,7.8200273513793945,-0.2525840997695923,0.6181640625,-0.5146484375,0.59423828125,0.0,0.9345703125,0.33984375
1455,395,0.1272870898246765,7.8200273513793945,-0.2525840997695923,0.6181640625,-0.5146484375,0.59423828125,0.0,0.9345703125,0.33984375
1456,400,0.07236858457326889,7.681868553161621,-0.3257555365562439,0.609375,-0.56982421875,0.55126953125,0.0,0.9345703125,0.304443359375
1457,396,0.07518850266933441,7.695731163024902,-0.3531865179538727,0.72021484375,0.0308990478515625,-0.69287109375,0.0,0.9267578125,0.304443359375
1458,393,0.09782702475786209,7.829092025756836,-0.25099077820777893,-0.71484375,-0.091552734375,0.693359375,0.0,0.94189453125,0.33984375
1459,398,0.0440562441945076,7.693758964538574,-0.3226570785045624,-0.70068359375,-0.048553466796875,0.7119140625,0.0,0.94189453125,0.304443359375
1460,400,0.07236858457326889,7.681868553161621,-0.3257555365562439,0.609375,-0.56982421875,0.55126953125,0.0,0.9345703125,0.304443359375
1461,396,0.07518850266933441,7.695731163024902,-0.3531865179538727,0.72021484375,0.0308990478515625,-0.69287109375,0.0,0.9267578125,0.304443359375
1462,401,0.004973102826625109,7.562536239624023,-0.42197173833847046,0.68115234375,-0.0282135009765625,-0.73193359375,0.0,0.9267578125,0.268798828125
1463,397,-0.022530097514390945,7.575982570648193,-0.4180525839328766,-0.56201171875,0.6015625,-0.5673828125,0.0,0.91943359375,0.268798828125
1464,400,0.07236858457326889,7.681868553161621,-0.3257555365562439,0.609375,-0.56982421875,0.55126953125,0.0,0.9345703125,0.304443359375
1465,401,0.004973102826625109,7.562536239624023,-0.42197173833847046,0.68115234375,-0.0282135009765625,-0.73193359375,0.0,0.9267578125,0.268798828125
1466,396,0.07518850266933441,7.695731163024902,-0.3531865179538727,0.72021484375,0.0308990478515625,-0.69287109375,0.0,0.9267578125,0.304443359375
1467,401,0.004973102826625109,7.562536239624023,-0.42197173833847046,0.68115234375,-0.0282135009765625,-0.73193359375,0.0,0.9267578125,0.268798828125
1468,402,-0.10095124691724777,7.448886394500732,-0.4778355658054352,-0.53662109375,0.640625,-0.54931640625,0.0,0.91943359375,0.233642578125
1469,397,-0.022530097514390945,7.575982570648193,-0.4180525839328766,-0.56201171875,0.6015625,-0.5673828125,0.0,0.91943359375,0.268798828125
1470,399,0.04687616229057312,7.707622051239014,-0.3500880300998688,-0.576171875,0.5712890625,-0.58447265625,0.0,0.94921875,0.304443359375
1471,403,-0.02449137158691883,7.5637335777282715,-0.3897915482521057,-0.67333984375,0.019805908203125,0.7392578125,0.0,0.94189453125,0.268798828125
1472,398,0.0440562441945076,7.693758964538574,-0.3226570785045624,-0.70068359375,-0.048553466796875,0.7119140625,0.0,0.94189453125,0.304443359375
1473,399,0.04687616229057312,7.707622051239014,-0.3500880300998688,-0.576171875,0.5712890625,-0.58447265625,0.0,0.94921875,0.304443359375
1474,404,-0.022530097514390945,7.575982570648193,-0.4180525839328766,-0.56201171875,0.6015625,-0.5673828125,0.0,0.94921875,0.268798828125
1475,403,-0.02449137158691883,7.5637335777282715,-0.3897915482521057,-0.67333984375,0.019805908203125,0.7392578125,0.0,0.94189453125,0.268798828125
1476,398,0.0440562441945076,7.693758964538574,-0.3226570785045624,-0.70068359375,-0.048553466796875,0.7119140625,0.0,0.94189453125,0.304443359375
1477,405,0.0030118285212665796,7.550287246704102,-0.3937107026576996,0.5927734375,-0.6025390625,0.53466796875,0.0,0.9345703125,0.268798828125
1478,400,0.07236858457326889,7.681868553161621,-0.3257555365562439,0.609375,-0.56982421875,0.55126953125,0.0,0.9345703125,0.304443359375
1479,400,0.07236858457326889,7.681868553161621,-0.3257555365562439,0.609375,-0.56982421875,0.55126953125,0.0,0.9345703125,0.304443359375
1480,405,0.0030118285212665796,7.550287246704102,-0.3937107026576996,0.5927734375,-0.6025390625,0.53466796875,0.0,0.9345703125,0.268798828125
1481,401,0.004973102826625109,7.562536239624023,-0.42197173833847046,0.68115234375,-0.0282135009765625,-0.73193359375,0.0,0.9267578125,0.268798828125
1482,398,0.0440562441945076,7.693758964538574,-0.3226570785045624,-0.70068359375,-0.048553466796875,0.7119140625,0.0,0.94189453125,0.304443359375
1483,403,-0.02449137158691883,7.5637335777282715,-0.3897915482521057,-0.67333984375,0.019805908203125,0.7392578125,0.0,0.94189453125,0.268798828125
1484,405,0.0030118285212665796,7.550287246704102,-0.3937107026576996,0.5927734375,-0.6025390625,0.53466796875,0.0,0.9345703125,0.268798828125
1485,401,0.004973102826625109,7.562536239624023,-0.42197173833847046,0.68115234375,-0.0282135009765625,-0.73193359375,0.0,0.9267578125,0.268798828125
1486,406,-0.07488547265529633,7.433134078979492,-0.4828372001647949,0.65283203125,-0.10089111328125,-0.75048828125,0.0,0.9267578125,0.233642578125
1487,402,-0.10095124691724777,7.448886394500732,-0.4778355658054352,-0.53662109375,0.640625,-0.54931640625,0.0,0.91943359375,0.233642578125
1488,405,0.0030118285212665796,7.550287246704102,-0.3937107026576996,0.5927734375,-0.6025390625,0.53466796875,0.0,0.9345703125,0.268798828125
1489,406,-0.07488547265529633,7.433134078979492,-0.4828372001647949,0.65283203125,-0.10089111328125,-0.75048828125,0.0,0.9267578125,0.233642578125
1490,401,0.004973102826625109,7.562536239624023,-0.42197173833847046,0.68115234375,-0.0282135009765625,-0.73193359375,0.0,0.9267578125,0.268798828125
1491,406,-0.07488547265529633,7.433134078979492,-0.4828372001647949,0.65283203125,-0.10089111328125,-0.75048828125,0.0,0.9267578125,0.233642578125
1492,407,-0.19374677538871765,7.332724571228027,-0.5344329476356506,-0.48583984375,0.71923828125,-0.496337890625,0.0,0.91943359375,0.198486328125
1493,402,-0.10095124691724777,7.448886394500732,-0.4778355658054352,-0.53662109375,0.640625,-0.54931640625,0.0,0.91943359375,0.233642578125
1494,404,-0.022530097514390945,7.575982570648193,-0.4180525839328766,-0.56201171875,0.6015625,-0.5673828125,0.0,0.94921875,0.268798828125
1495,408,-0.10281162708997726,7.436809539794922,-0.44949355721473694,-0.6259765625,0.0689697265625,0.77685546875,0.0,0.94189453125,0.233642578125
1496,403,-0.02449137158691883,7.5637335777282715,-0.3897915482521057,-0.67333984375,0.019805908203125,0.7392578125,0.0,0.94189453125,0.268798828125
1497,404,-0.022530097514390945,7.575982570648193,-0.4180525839328766,-0.56201171875,0.6015625,-0.5673828125,0.0,0.94921875,0.268798828125
1498,409,-0.10095124691724777,7.448886394500732,-0.4778355658054352,-0.53662109375,0.640625,-0.54931640625,0.0,0.94921875,0.233642578125
1499,408,-0.10281162708997726,7.436809539794922,-0.44949355721473694,-0.6259765625,0.0689697265625,0.77685546875,0.0,0.94189453125,0.233642578125
1500,403,-0.02449137158691883,7.5637335777282715,-0.3897915482521057,-0.67333984375,0.019805908203125,0.7392578125,0.0,0.94189453125,0.268798828125
1501,410,-0.07674586027860641,7.421056747436523,-0.45449522137641907,0.5654296875,-0.64453125,0.5146484375,0.0,0.9345703125,0.233642578125
1502,405,0.0030118285212665796,7.550287246704102,-0.3937107026576996,0.5927734375,-0.6025390625,0.53466796875,0.0,0.9345703125,0.268798828125
1503,405,0.0030118285212665796,7.550287246704102,-0.3937107026576996,0.5927734375,-0.6025390625,0.53466796875,0.0,0.9345703125,0.268798828125
1504,410,-0.07674586027860641,7.421056747436523,-0.45449522137641907,0.5654296875,-0.64453125,0.5146484375,0.0,0.9345703125,0.233642578125
1505,406,-0.07488547265529633,7.433134078979492,-0.4828372001647949,0.65283203125,-0.10089111328125,-0.75048828125,0.0,0.9267578125,0.233642578125
1506,403,-0.02449137158691883,7.5637335777282715,-0.3897915482521057,-0.67333984375,0.019805908203125,0.7392578125,0.0,0.94189453125,0.268798828125
1507,408,-0.10281162708997726,7.436809539794922,-0.44949355721473694,-0.6259765625,0.0689697265625,0.77685546875,0.0,0.94189453125,0.233642578125
1508,410,-0.07674586027860641,7.421056747436523,-0.45449522137641907,0.5654296875,-0.64453125,0.5146484375,0.0,0.9345703125,0.233642578125
1509,406,-0.07488547265529633,7.433134078979492,-0.4828372001647949,0.65283203125,-0.10089111328125,-0.75048828125,0.0,0.9267578125,0.233642578125
1510,411,-0.1700378805398941,7.314040184020996,-0.5408656001091003,0.61572265625,-0.153076171875,-0.77294921875,0.0,0.9267578125,0.198486328125
1511,407,-0.19374677538871765,7.332724571228027,-0.5344329476356506,-0.48583984375,0.71923828125,-0.496337890625,0.0,0.91943359375,0.198486328125
1512,410,-0.07674586027860641,7.421056747436523,-0.45449522137641907,0.5654296875,-0.64453125,0.5146484375,0.0,0.9345703125,0.233642578125
1513,411,-0.1700378805398941,7.314040184020996,-0.5408656001091003,0.61572265625,-0.153076171875,-0.77294921875,0.0,0.9267578125,0.198486328125
1514,406,-0.07488547265529633,7.433134078979492,-0.4828372001647949,0.65283203125,-0.10089111328125,-0.75048828125,0.0,0.9267578125,0.233642578125
1515,411,-0.1700378805398941,7.314040184020996,-0.5408656001091003,0.61572265625,-0.153076171875,-0.77294921875,0.0,0.9267578125,0.198486328125
1516,412,-0.3072490692138672,7.226853370666504,-0.5979021787643433,-0.406005859375,0.80224609375,-0.437744140625,0.0,0.91943359375,0.161376953125
1517,407,-0.19374677538871765,7.332724571228027,-0.5344329476356506,-0.48583984375,0.71923828125,-0.496337890625,0.0,0.91943359375,0.198486328125
1518,409,-0.10095124691724777,7.448886394500732,-0.4778355658054352,-0.53662109375,0.640625,-0.54931640625,0.0,0.94921875,0.233642578125
1519,413,-0.19617217779159546,7.320001602172852,-0.506417989730835,-0.58203125,0.092529296875,0.80810546875,0.0,0.94189453125,0.198486328125
1520,408,-0.10281162708997726,7.436809539794922,-0.44949355721473694,-0.6259765625,0.0689697265625,0.77685546875,0.0,0.94189453125,0.233642578125
1521,409,-0.10095124691724777,7.448886394500732,-0.4778355658054352,-0.53662109375,0.640625,-0.54931640625,0.0,0.94921875,0.233642578125
1522,414,-0.19374677538871765,7.332724571228027,-0.5344329476356506,-0.48583984375,0.71923828125,-0.496337890625,0.0,0.94921875,0.198486328125
1523,413,-0.19617217779159546,7.320001602172852,-0.506417989730835,-0.58203125,0.092529296875,0.80810546875,0.0,0.94189453125,0.198486328125
1524,408,-0.10281162708997726,7.436809539794922,-0.44949355721473694,-0.6259765625,0.0689697265625,0.77685546875,0.0,0.94189453125,0.233642578125
1525,415,-0.1724632829427719,7.3013176918029785,-0.5128505825996399,0.50048828125,-0.7275390625,0.469482421875,0.0,0.9345703125,0.198486328125
1526,410,-0.07674586027860641,7.421056747436523,-0.45449522137641907,0.5654296875,-0.64453125,0.5146484375,0.0,0.9345703125,0.233642578125
1527,410,-0.07674586027860641,7.421056747436523,-0.45449522137641907,0.5654296875,-0.64453125,0.5146484375,0.0,0.9345703125,0.233642578125
1528,415,-0.1724632829427719,7.3013176918029785,-0.5128505825996399,0.50048828125,-0.7275390625,0.469482421875,0.0,0.9345703125,0.198486328125
1529,411,-0.1700378805398941,7.314040184020996,-0.5408656001091003,0.61572265625,-0.153076171875,-0.77294921875,0.0,0.9267578125,0.198486328125
1530,408,-0.10281162708997726,7.436809539794922,-0.44949355721473694,-0.6259765625,0.0689697265625,0.77685546875,0.0,0.94189453125,0.233642578125
1531,413,-0.19617217779159546,7.320001602172852,-0.506417989730835,-0.58203125,0.092529296875,0.80810546875,0.0,0.94189453125,0.198486328125
1532,415,-0.1724632829427719,7.3013176918029785,-0.5128505825996399,0.50048828125,-0.7275390625,0.469482421875,0.0,0.9345703125,0.198486328125
1533,411,-0.1700378805398941,7.314040184020996,-0.5408656001091003,0.61572265625,-0.153076171875,-0.77294921875,0.0,0.9267578125,0.198486328125
1534,416,-0.2882866859436035,7.206460475921631,-0.6074197888374329,0.52734375,-0.182861328125,-0.82958984375,0.0,0.9267578125,0.161376953125
1535,412,-0.3072490692138672,7.226853370666504,-0.5979021787643433,-0.406005859375,0.80224609375,-0.437744140625,0.0,0.91943359375,0.161376953125
1536,415,-0.1724632829427719,7.3013176918029785,-0.5128505825996399,0.50048828125,-0.7275390625,0.469482421875,0.0,0.9345703125,0.198486328125
1537,416,-0.2882866859436035,7.206460475921631,-0.6074197888374329,0.52734375,-0.182861328125,-0.82958984375,0.0,0.9267578125,0.161376953125
1538,411,-0.1700378805398941,7.314040184020996,-0.5408656001091003,0.61572265625,-0.153076171875,-0.77294921875,0.0,0.9267578125,0.198486328125
1539,416,-0.2882866859436035,7.206460475921631,-0.6074197888374329,0.52734375,-0.182861328125,-0.82958984375,0.0,0.9267578125,0.161376953125
1540,417,-0.4573972225189209,7.132961273193359,-0.6566872000694275,-0.336181640625,0.84326171875,-0.41943359375,0.0,0.91943359375,0.120361328125
1541,412,-0.3072490692138672,7.226853370666504,-0.5979021787643433,-0.406005859375,0.80224609375,-0.437744140625,0.0,0.91943359375,0.161376953125
1542,414,-0.19374677538871765,7.332724571228027,-0.5344329476356506,-0.48583984375,0.71923828125,-0.496337890625,0.0,0.94921875,0.198486328125
1543,418,-0.30922794342041016,7.212945461273193,-0.5720435380935669,-0.50390625,0.1185302734375,0.85546875,0.0,0.94189453125,0.161376953125
1544,413,-0.19617217779159546,7.320001602172852,-0.506417989730835,-0.58203125,0.092529296875,0.80810546875,0.0,0.94189453125,0.198486328125
1545,414,-0.19374677538871765,7.332724571228027,-0.5344329476356506,-0.48583984375,0.71923828125,-0.496337890625,0.0,0.94921875,0.198486328125
1546,419,-0.3072490692138672,7.226853370666504,-0.5979021787643433,-0.406005859375,0.80224609375,-0.437744140625,0.0,0.94921875,0.161376953125
1547,418,-0.30922794342041016,7.212945461273193,-0.5720435380935669,-0.50390625,0.1185302734375,0.85546875,0.0,0.94189453125,0.161376953125
1548,413,-0.19617217779159546,7.320001602172852,-0.506417989730835,-0.58203125,0.092529296875,0.80810546875,0.0,0.94189453125,0.198486328125
1549,420,-0.29026561975479126,7.192551612854004,-0.5815610289573669,0.44140625,-0.8203125,0.36328125,0.0,0.9345703125,0.161376953125
1550,415,-0.1724632829427719,7.3013176918029785,-0.5128505825996399,0.50048828125,-0.7275390625,0.469482421875,0.0,0.9345703125,0.198486328125
1551,415,-0.1724632829427719,7.3013176918029785,-0.5128505825996399,0.50048828125,-0.7275390625,0.469482421875,0.0,0.9345703125,0.198486328125
1552,420,-0.29026561975479126,7.192551612854004,-0.5815610289573669,0.44140625,-0.8203125,0.36328125,0.0,0.9345703125,0.161376953125
1553,416,-0.2882866859436035,7.206460475921631,-0.6074197888374329,0.52734375,-0.182861328125,-0.82958984375,0.0,0.9267578125,0.161376953125
1554,413,-0.19617217779159546,7.320001602172852,-0.506417989730835,-0.58203125,0.092529296875,0.80810546875,0.0,0.94189453125,0.198486328125
1555,418,-0.30922794342041016,7.212945461273193,-0.5720435380935669,-0.50390625,0.1185302734375,0.85546875,0.0,0.94189453125,0.161376953125
1556,420,-0.29026561975479126,7.192551612854004,-0.5815610289573669,0.44140625,-0.8203125,0.36328125,0.0,0.9345703125,0.161376953125
1557,416,-0.2882866859436035,7.206460475921631,-0.6074197888374329,0.52734375,-0.182861328125,-0.82958984375,0.0,0.9267578125,0.161376953125
1558,421,-0.4450129568576813,7.110079288482666,-0.669004499912262,0.387451171875,-0.2247314453125,-0.89404296875,0.0,0.9267578125,0.120361328125
1559,417,-0.4573972225189209,7.132961273193359,-0.6566872000694275,-0.336181640625,0.84326171875,-0.41943359375,0.0,0.91943359375,0.120361328125
1560,420,-0.29026561975479126,7.192551612854004,-0.5815610289573669,0.44140625,-0.8203125,0.36328125,0.0,0.9345703125,0.161376953125
1561,421,-0.4450129568576813,7.110079288482666,-0.669004499912262,0.387451171875,-0.2247314453125,-0.89404296875,0.0,0.9267578125,0.120361328125
1562,416,-0.2882866859436035,7.206460475921631,-0.6074197888374329,0.52734375,-0.182861328125,-0.82958984375,0.0,0.9267578125,0.161376953125
1563,421,-0.4450129568576813,7.110079288482666,-0.669004499912262,0.387451171875,-0.2247314453125,-0.89404296875,0.0,0.9267578125,0.120361328125
1564,422,-0.5438919067382812,7.096690654754639,-0.6683871150016785,-0.3134765625,0.86279296875,-0.39697265625,0.0,0.91943359375,0.099853515625
1565,417,-0.4573972225189209,7.132961273193359,-0.6566872000694275,-0.336181640625,0.84326171875,-0.41943359375,0.0,0.91943359375,0.120361328125
1566,419,-0.3072490692138672,7.226853370666504,-0.5979021787643433,-0.406005859375,0.80224609375,-0.437744140625,0.0,0.94921875,0.161376953125
1567,423,-0.45618608593940735,7.119840145111084,-0.631093442440033,-0.379638671875,0.1748046875,0.90869140625,0.0,0.94189453125,0.120361328125
1568,418,-0.30922794342041016,7.212945461273193,-0.5720435380935669,-0.50390625,0.1185302734375,0.85546875,0.0,0.94189453125,0.161376953125
1569,419,-0.3072490692138672,7.226853370666504,-0.5979021787643433,-0.406005859375,0.80224609375,-0.437744140625,0.0,0.94921875,0.161376953125
1570,424,-0.4573972225189209,7.132961273193359,-0.6566872000694275,-0.336181640625,0.84326171875,-0.41943359375,0.0,0.94921875,0.120361328125
1571,423,-0.45618608593940735,7.119840145111084,-0.631093442440033,-0.379638671875,0.1748046875,0.90869140625,0.0,0.94189453125,0.120361328125
1572,418,-0.30922794342041016,7.212945461273193,-0.5720435380935669,-0.50390625,0.1185302734375,0.85546875,0.0,0.94189453125,0.161376953125
1573,425,-0.4438018798828125,7.096957683563232,-0.6434106826782227,0.400634765625,-0.8759765625,0.268310546875,0.0,0.9345703125,0.120361328125
1574,420,-0.29026561975479126,7.192551612854004,-0.5815610289573669,0.44140625,-0.8203125,0.36328125,0.0,0.9345703125,0.161376953125
1575,420,-0.29026561975479126,7.192551612854004,-0.5815610289573669,0.44140625,-0.8203125,0.36328125,0.0,0.9345703125,0.161376953125
1576,425,-0.4438018798828125,7.096957683563232,-0.6434106826782227,0.400634765625,-0.8759765625,0.268310546875,0.0,0.9345703125,0.120361328125
1577,421,-0.4450129568576813,7.110079288482666,-0.669004499912262,0.387451171875,-0.2247314453125,-0.89404296875,0.0,0.9267578125,0.120361328125
1578,418,-0.30922794342041016,7.212945461273193,-0.5720435380935669,-0.50390625,0.1185302734375,0.85546875,0.0,0.94189453125,0.161376953125
1579,423,-0.45618608593940735,7.119840145111084,-0.631093442440033,-0.379638671875,0.1748046875,0.90869140625,0.0,0.94189453125,0.120361328125
1580,425,-0.4438018798828125,7.096957683563232,-0.6434106826782227,0.400634765625,-0.8759765625,0.268310546875,0.0,0.9345703125,0.120361328125
1581,421,-0.4450129568576813,7.110079288482666,-0.669004499912262,0.387451171875,-0.2247314453125,-0.89404296875,0.0,0.9267578125,0.120361328125
1582,426,-0.5357840061187744,7.071986675262451,-0.6811002492904663,0.1175537109375,-0.2998046875,-0.94677734375,0.0,0.9267578125,0.099853515625
1583,422,-0.5438919067382812,7.096690654754639,-0.6683871150016785,-0.3134765625,0.86279296875,-0.39697265625,0.0,0.91943359375,0.099853515625
1584,425,-0.4438018798828125,7.096957683563232,-0.6434106826782227,0.400634765625,-0.8759765625,0.268310546875,0.0,0.9345703125,0.120361328125
1585,426,-0.5357840061187744,7.071986675262451,-0.6811002492904663,0.1175537109375,-0.2998046875,-0.94677734375,0.0,0.9267578125,0.099853515625
1586,421,-0.4450129568576813,7.110079288482666,-0.669004499912262,0.387451171875,-0.2247314453125,-0.89404296875,0.0,0.9267578125,0.120361328125
1587,426,-0.5357840061187744,7.071986675262451,-0.6811002492904663,0.1175537109375,-0.2998046875,-0.94677734375,0.0,0.9267578125,0.099853515625
1588,427,-0.6342085003852844,7.067365646362305,-0.6584838032722473,-0.335693359375,0.8642578125,-0.374755859375,0.0,0.91943359375,0.0791015625
1589,422,-0.5438919067382812,7.096690654754639,-0.6683871150016785,-0.3134765625,0.86279296875,-0.39697265625,0.0,0.91943359375,0.099853515625
1590,424,-0.4573972225189209,7.132961273193359,-0.6566872000694275,-0.336181640625,0.84326171875,-0.41943359375,0.0,0.94921875,0.120361328125
1591,428,-0.5380187630653381,7.085270404815674,-0.6424500346183777,-0.12469482421875,0.296875,0.94677734375,0.0,0.94189453125,0.099853515625
1592,423,-0.45618608593940735,7.119840145111084,-0.631093442440033,-0.379638671875,0.1748046875,0.90869140625,0.0,0.94189453125,0.120361328125
1593,424,-0.4573972225189209,7.132961273193359,-0.6566872000694275,-0.336181640625,0.84326171875,-0.41943359375,0.0,0.94921875,0.120361328125
1594,429,-0.5438919067382812,7.096690654754639,-0.6683871150016785,-0.3134765625,0.86279296875,-0.39697265625,0.0,0.94921875,0.099853515625
1595,428,-0.5380187630653381,7.085270404815674,-0.6424500346183777,-0.12469482421875,0.296875,0.94677734375,0.0,0.94189453125,0.099853515625
1596,423,-0.45618608593940735,7.119840145111084,-0.631093442440033,-0.379638671875,0.1748046875,0.90869140625,0.0,0.94189453125,0.120361328125
1597,430,-0.5299108624458313,7.060566425323486,-0.6551631689071655,0.34033203125,-0.9072265625,0.2471923828125,0.0,0.9345703125,0.099853515625
1598,425,-0.4438018798828125,7.096957683563232,-0.6434106826782227,0.400634765625,-0.8759765625,0.268310546875,0.0,0.9345703125,0.120361328125
1599,425,-0.4438018798828125,7.096957683563232,-0.6434106826782227,0.400634765625,-0.8759765625,0.268310546875,0.0,0.9345703125,0.120361328125
1600,430,-0.5299108624458313,7.060566425323486,-0.6551631689071655,0.34033203125,-0.9072265625,0.2471923828125,0.0,0.9345703125,0.099853515625
1601,426,-0.5357840061187744,7.071986675262451,-0.6811002492904663,0.1175537109375,-0.2998046875,-0.94677734375,0.0,0.9267578125,0.099853515625
1602,423,-0.45618608593940735,7.119840145111084,-0.631093442440033,-0.379638671875,0.1748046875,0.90869140625,0.0,0.94189453125,0.120361328125
1603,428,-0.5380187630653381,7.085270404815674,-0.6424500346183777,-0.12469482421875,0.296875,0.94677734375,0.0,0.94189453125,0.099853515625
1604,430,-0.5299108624458313,7.060566425323486,-0.6551631689071655,0.34033203125,-0.9072265625,0.2471923828125,0.0,0.9345703125,0.099853515625
1605,426,-0.5357840061187744,7.071986675262451,-0.6811002492904663,0.1175537109375,-0.2998046875,-0.94677734375,0.0,0.9267578125,0.099853515625
1606,431,-0.6305823922157288,7.041003227233887,-0.6707786917686462,-0.09039306640625,-0.3408203125,-0.935546875,0.0,0.9267578125,0.0791015625
1607,427,-0.6342085003852844,7.067365646362305,-0.6584838032722473,-0.335693359375,0.8642578125,-0.374755859375,0.0,0.91943359375,0.0791015625
1608,430,-0.5299108624458313,7.060566425323486,-0.6551631689071655,0.34033203125,-0.9072265625,0.2471923828125,0.0,0.9345703125,0.099853515625
1609,431,-0.6305823922157288,7.041003227233887,-0.6707786917686462,-0.09039306640625,-0.3408203125,-0.935546875,0.0,0.9267578125,0.0791015625
1610,426,-0.5357840061187744,7.071986675262451,-0.6811002492904663,0.1175537109375,-0.2998046875,-0.94677734375,0.0,0.9267578125,0.099853515625
1611,431,-0.6305823922157288,7.041003227233887,-0.6707786917686462,-0.09039306640625,-0.3408203125,-0.935546875,0.0,0.9267578125,0.0791015625
1612,432,-0.7307690382003784,7.040736675262451,-0.6292455792427063,-0.38916015625,0.8349609375,-0.38916015625,0.0,0.91943359375,0.05743408203125
1613,427,-0.6342085003852844,7.067365646362305,-0.6584838032722473,-0.335693359375,0.8642578125,-0.374755859375,0.0,0.91943359375,0.0791015625
1614,429,-0.5438919067382812,7.096690654754639,-0.6683871150016785,-0.3134765625,0.86279296875,-0.39697265625,0.0,0.94921875,0.099853515625
1615,433,-0.623621940612793,7.057021141052246,-0.6331813931465149,0.07659912109375,0.357666015625,0.9306640625,0.0,0.94189453125,0.0791015625
1616,428,-0.5380187630653381,7.085270404815674,-0.6424500346183777,-0.12469482421875,0.296875,0.94677734375,0.0,0.94189453125,0.099853515625
1617,429,-0.5438919067382812,7.096690654754639,-0.6683871150016785,-0.3134765625,0.86279296875,-0.39697265625,0.0,0.94921875,0.099853515625
1618,434,-0.6342085003852844,7.067365646362305,-0.6584838032722473,-0.335693359375,0.8642578125,-0.374755859375,0.0,0.94921875,0.0791015625
1619,433,-0.623621940612793,7.057021141052246,-0.6331813931465149,0.07659912109375,0.357666015625,0.9306640625,0.0,0.94189453125,0.0791015625
1620,428,-0.5380187630653381,7.085270404815674,-0.6424500346183777,-0.12469482421875,0.296875,0.94677734375,0.0,0.94189453125,0.099853515625
1621,435,-0.6199958324432373,7.030659198760986,-0.6454762816429138,0.3330078125,-0.9091796875,0.25,0.0,0.9345703125,0.0791015625
1622,430,-0.5299108624458313,7.060566425323486,-0.6551631689071655,0.34033203125,-0.9072265625,0.2471923828125,0.0,0.9345703125,0.099853515625
1623,430,-0.5299108624458313,7.060566425323486,-0.6551631689071655,0.34033203125,-0.9072265625,0.2471923828125,0.0,0.9345703125,0.099853515625
1624,435,-0.6199958324432373,7.030659198760986,-0.6454762816429138,0.3330078125,-0.9091796875,0.25,0.0,0.9345703125,0.0791015625
1625,431,-0.6305823922157288,7.041003227233887,-0.6707786917686462,-0.09039306640625,-0.3408203125,-0.935546875,0.0,0.9267578125,0.0791015625
1626,428,-0.5380187630653381,7.085270404815674,-0.6424500346183777,-0.12469482421875,0.296875,0.94677734375,0.0,0.94189453125,0.099853515625
1627,433,-0.623621940612793,7.057021141052246,-0.6331813931465149,0.07659912109375,0.357666015625,0.9306640625,0.0,0.94189453125,0.0791015625
1628,435,-0.6199958324432373,7.030659198760986,-0.6454762816429138,0.3330078125,-0.9091796875,0.25,0.0,0.9345703125,0.0791015625
1629,431,-0.6305823922157288,7.041003227233887,-0.6707786917686462,-0.09039306640625,-0.3408203125,-0.935546875,0.0,0.9267578125,0.0791015625
1630,436,-0.731228232383728,7.012996673583984,-0.6411125063896179,-0.3427734375,-0.38623046875,-0.8564453125,0.0,0.9267578125,0.05743408203125
1631,432,-0.7307690382003784,7.040736675262451,-0.6292455792427063,-0.38916015625,0.8349609375,-0.38916015625,0.0,0.91943359375,0.05743408203125
1632,435,-0.6199958324432373,7.030659198760986,-0.6454762816429138,0.3330078125,-0.9091796875,0.25,0.0,0.9345703125,0.0791015625
1633,436,-0.731228232383728,7.012996673583984,-0.6411125063896179,-0.3427734375,-0.38623046875,-0.8564453125,0.0,0.9267578125,0.05743408203125
1634,431,-0.6305823922157288,7.041003227233887,-0.6707786917686462,-0.09039306640625,-0.3408203125,-0.935546875,0.0,0.9267578125,0.0791015625
1635,436,-0.731228232383728,7.012996673583984,-0.6411125063896179,-0.3427734375,-0.38623046875,-0.8564453125,0.0,0.9267578125,0.05743408203125
1636,437,-0.8136125802993774,7.024582862854004,-0.5698118209838867,-0.55078125,0.7666015625,-0.330078125,0.0,0.91943359375,0.040985107421875
1637,432,-0.7307690382003784,7.040736675262451,-0.6292455792427063,-0.38916015625,0.8349609375,-0.38916015625,0.0,0.91943359375,0.05743408203125
1638,434,-0.6342085003852844,7.067365646362305,-0.6584838032722473,-0.335693359375,0.8642578125,-0.374755859375,0.0,0.94921875,0.0791015625
1639,438,-0.7122786045074463,7.031099796295166,-0.6074333190917969,0.308349609375,0.4013671875,0.8623046875,0.0,0.94189453125,0.05743408203125
1640,433,-0.623621940612793,7.057021141052246,-0.6331813931465149,0.07659912109375,0.357666015625,0.9306640625,0.0,0.94189453125,0.0791015625
1641,434,-0.6342085003852844,7.067365646362305,-0.6584838032722473,-0.335693359375,0.8642578125,-0.374755859375,0.0,0.94921875,0.0791015625
1642,439,-0.7307690382003784,7.040736675262451,-0.6292455792427063,-0.38916015625,0.8349609375,-0.38916015625,0.0,0.94921875,0.05743408203125
1643,438,-0.7122786045074463,7.031099796295166,-0.6074333190917969,0.308349609375,0.4013671875,0.8623046875,0.0,0.94189453125,0.05743408203125
1644,433,-0.623621940612793,7.057021141052246,-0.6331813931465149,0.07659912109375,0.357666015625,0.9306640625,0.0,0.94189453125,0.0791015625
1645,440,-0.7127377986907959,7.003359794616699,-0.6193001866340637,0.333740234375,-0.919921875,0.2060546875,0.0,0.9345703125,0.05743408203125
1646,435,-0.6199958324432373,7.030659198760986,-0.6454762816429138,0.3330078125,-0.9091796875,0.25,0.0,0.9345703125,0.0791015625
1647,435,-0.6199958324432373,7.030659198760986,-0.6454762816429138,0.3330078125,-0.9091796875,0.25,0.0,0.9345703125,0.0791015625
1648,440,-0.7127377986907959,7.003359794616699,-0.6193001866340637,0.333740234375,-0.919921875,0.2060546875,0.0,0.9345703125,0.05743408203125
1649,436,-0.731228232383728,7.012996673583984,-0.6411125063896179,-0.3427734375,-0.38623046875,-0.8564453125,0.0,0.9267578125,0.05743408203125
1650,433,-0.623621940612793,7.057021141052246,-0.6331813931465149,0.07659912109375,0.357666015625,0.9306640625,0.0,0.94189453125,0.0791015625
1651,438,-0.7122786045074463,7.031099796295166,-0.6074333190917969,0.308349609375,0.4013671875,0.8623046875,0.0,0.94189453125,0.05743408203125
1652,440,-0.7127377986907959,7.003359794616699,-0.6193001866340637,0.333740234375,-0.919921875,0.2060546875,0.0,0.9345703125,0.05743408203125
1653,436,-0.731228232383728,7.012996673583984,-0.6411125063896179,-0.3427734375,-0.38623046875,-0.8564453125,0.0,0.9267578125,0.05743408203125
1654,441,-0.8167775273323059,6.995568752288818,-0.5773522257804871,-0.66650390625,-0.4169921875,-0.61767578125,0.0,0.9267578125,0.040985107421875
1655,437,-0.8136125802993774,7.024582862854004,-0.5698118209838867,-0.55078125,0.7666015625,-0.330078125,0.0,0.91943359375,0.040985107421875
1656,440,-0.7127377986907959,7.003359794616699,-0.6193001866340637,0.333740234375,-0.919921875,0.2060546875,0.0,0.9345703125,0.05743408203125
1657,441,-0.8167775273323059,6.995568752288818,-0.5773522257804871,-0.66650390625,-0.4169921875,-0.61767578125,0.0,0.9267578125,0.040985107421875
1658,436,-0.731228232383728,7.012996673583984,-0.6411125063896179,-0.3427734375,-0.38623046875,-0.8564453125,0.0,0.9267578125,0.05743408203125
1659,441,-0.8167775273323059,6.995568752288818,-0.5773522257804871,-0.66650390625,-0.4169921875,-0.61767578125,0.0,0.9267578125,0.040985107421875
1660,442,-0.8472378849983215,7.021350383758545,-0.48778924345970154,-0.68212890625,0.73095703125,-0.016937255859375,0.0,0.91943359375,0.02471923828125
1661,437,-0.8136125802993774,7.024582862854004,-0.5698118209838867,-0.55078125,0.7666015625,-0.330078125,0.0,0.91943359375,0.040985107421875
1662,439,-0.7307690382003784,7.040736675262451,-0.6292455792427063,-0.38916015625,0.8349609375,-0.38916015625,0.0,0.94921875,0.05743408203125
1663,443,-0.7931902408599854,7.016089916229248,-0.5532587170600891,0.61767578125,0.501953125,0.60546875,0.0,0.94189453125,0.040985107421875
1664,438,-0.7122786045074463,7.031099796295166,-0.6074333190917969,0.308349609375,0.4013671875,0.8623046875,0.0,0.94189453125,0.05743408203125
1665,439,-0.7307690382003784,7.040736675262451,-0.6292455792427063,-0.38916015625,0.8349609375,-0.38916015625,0.0,0.94921875,0.05743408203125
1666,444,-0.8136125802993774,7.024582862854004,-0.5698118209838867,-0.55078125,0.7666015625,-0.330078125,0.0,0.94921875,0.040985107421875
1667,443,-0.7931902408599854,7.016089916229248,-0.5532587170600891,0.61767578125,0.501953125,0.60546875,0.0,0.94189453125,0.040985107421875
1668,438,-0.7122786045074463,7.031099796295166,-0.6074333190917969,0.308349609375,0.4013671875,0.8623046875,0.0,0.94189453125,0.05743408203125
1669,445,-0.7956992387771606,6.9870758056640625,-0.5602842569351196,0.328369140625,-0.92919921875,0.168212890625,0.0,0.9345703125,0.040985107421875
1670,440,-0.7127377986907959,7.003359794616699,-0.6193001866340637,0.333740234375,-0.919921875,0.2060546875,0.0,0.9345703125,0.05743408203125
1671,440,-0.7127377986907959,7.003359794616699,-0.6193001866340637,0.333740234375,-0.919921875,0.2060546875,0.0,0.9345703125,0.05743408203125
1672,445,-0.7956992387771606,6.9870758056640625,-0.5602842569351196,0.328369140625,-0.92919921875,0.168212890625,0.0,0.9345703125,0.040985107421875
1673,441,-0.8167775273323059,6.995568752288818,-0.5773522257804871,-0.66650390625,-0.4169921875,-0.61767578125,0.0,0.9267578125,0.040985107421875
1674,438,-0.7122786045074463,7.031099796295166,-0.6074333190917969,0.308349609375,0.4013671875,0.8623046875,0.0,0.94189453125,0.05743408203125
1675,443,-0.7931902408599854,7.016089916229248,-0.5532587170600891,0.61767578125,0.501953125,0.60546875,0.0,0.94189453125,0.040985107421875
1676,445,-0.7956992387771606,6.9870758056640625,-0.5602842569351196,0.328369140625,-0.92919921875,0.168212890625,0.0,0.9345703125,0.040985107421875
1677,441,-0.8167775273323059,6.995568752288818,-0.5773522257804871,-0.66650390625,-0.4169921875,-0.61767578125,0.0,0.9267578125,0.040985107421875
1678,446,-0.8539330363273621,6.992547512054443,-0.49058786034584045,-0.91796875,-0.39111328125,-0.06903076171875,0.0,0.9267578125,0.02471923828125
1679,442,-0.8472378849983215,7.021350383758545,-0.48778924345970154,-0.68212890625,0.73095703125,-0.016937255859375,0.0,0.91943359375,0.02471923828125
1680,445,-0.7956992387771606,6.9870758056640625,-0.5602842569351196,0.328369140625,-0.92919921875,0.168212890625,0.0,0.9345703125,0.040985107421875
1681,446,-0.8539330363273621,6.992547512054443,-0.49058786034584045,-0.91796875,-0.39111328125,-0.06903076171875,0.0,0.9267578125,0.02471923828125
1682,441,-0.8167775273323059,6.995568752288818,-0.5773522257804871,-0.66650390625,-0.4169921875,-0.61767578125,0.0,0.9267578125,0.040985107421875
1683,446,-0.8539330363273621,6.992547512054443,-0.49058786034584045,-0.91796875,-0.39111328125,-0.06903076171875,0.0,0.9267578125,0.02471923828125
1684,447,-0.821567952632904,7.021334171295166,-0.39495155215263367,-0.6767578125,0.71484375,0.17724609375,0.0,0.91943359375,0.007495880126953125
1685,442,-0.8472378849983215,7.021350383758545,-0.48778924345970154,-0.68212890625,0.73095703125,-0.016937255859375,0.0,0.91943359375,0.02471923828125
1686,446,-0.8539330363273621,6.992547512054443,-0.49058786034584045,-0.91796875,-0.39111328125,-0.06903076171875,0.0,0.9267578125,0.02471923828125
1687,448,-0.8281587958335876,6.992846488952637,-0.3887815475463867,-0.89453125,-0.37939453125,0.235595703125,0.0,0.9267578125,0.007495880126953125
1688,447,-0.821567952632904,7.021334171295166,-0.39495155215263367,-0.6767578125,0.71484375,0.17724609375,0.0,0.91943359375,0.007495880126953125
1689,445,-0.7956992387771606,6.9870758056640625,-0.5602842569351196,0.328369140625,-0.92919921875,0.168212890625,0.0,0.9345703125,0.040985107421875
1690,449,-0.8274419903755188,6.984464645385742,-0.4873441159725189,0.330078125,-0.94384765625,0.0037746429443359375,0.0,0.9345703125,0.02471923828125
1691,446,-0.8539330363273621,6.992547512054443,-0.49058786034584045,-0.91796875,-0.39111328125,-0.06903076171875,0.0,0.9267578125,0.02471923828125
1692,449,-0.8274419903755188,6.984464645385742,-0.4873441159725189,0.330078125,-0.94384765625,0.0037746429443359375,0.0,0.9345703125,0.02471923828125
1693,448,-0.8281587958335876,6.992846488952637,-0.3887815475463867,-0.89453125,-0.37939453125,0.235595703125,0.0,0.9267578125,0.007495880126953125
1694,446,-0.8539330363273621,6.992547512054443,-0.49058786034584045,-0.91796875,-0.39111328125,-0.06903076171875,0.0,0.9267578125,0.02471923828125
1695,443,-0.7931902408599854,7.016089916229248,-0.5532587170600891,0.61767578125,0.501953125,0.60546875,0.0,0.94189453125,0.040985107421875
1696,449,-0.8274419903755188,6.984464645385742,-0.4873441159725189,0.330078125,-0.94384765625,0.0037746429443359375,0.0,0.9345703125,0.02471923828125
1697,445,-0.7956992387771606,6.9870758056640625,-0.5602842569351196,0.328369140625,-0.92919921875,0.168212890625,0.0,0.9345703125,0.040985107421875
1698,449,-0.8274419903755188,6.984464645385742,-0.4873441159725189,0.330078125,-0.94384765625,0.0037746429443359375,0.0,0.9345703125,0.02471923828125
1699,450,-0.8043843507766724,6.983932971954346,-0.4045417606830597,0.3046875,-0.947265625,-0.097412109375,0.0,0.9345703125,0.007495880126953125
1700,448,-0.8281587958335876,6.992846488952637,-0.3887815475463867,-0.89453125,-0.37939453125,0.235595703125,0.0,0.9267578125,0.007495880126953125
1701,444,-0.8136125802993774,7.024582862854004,-0.5698118209838867,-0.55078125,0.7666015625,-0.330078125,0.0,0.94921875,0.040985107421875
1702,451,-0.8205946683883667,7.013267517089844,-0.485784113407135,0.82958984375,0.556640625,0.04327392578125,0.0,0.94189453125,0.02471923828125
1703,443,-0.7931902408599854,7.016089916229248,-0.5532587170600891,0.61767578125,0.501953125,0.60546875,0.0,0.94189453125,0.040985107421875
1704,443,-0.7931902408599854,7.016089916229248,-0.5532587170600891,0.61767578125,0.501953125,0.60546875,0.0,0.94189453125,0.040985107421875
1705,451,-0.8205946683883667,7.013267517089844,-0.485784113407135,0.82958984375,0.556640625,0.04327392578125,0.0,0.94189453125,0.02471923828125
1706,449,-0.8274419903755188,6.984464645385742,-0.4873441159725189,0.330078125,-0.94384765625,0.0037746429443359375,0.0,0.9345703125,0.02471923828125
1707,451,-0.8205946683883667,7.013267517089844,-0.485784113407135,0.82958984375,0.556640625,0.04327392578125,0.0,0.94189453125,0.02471923828125
1708,450,-0.8043843507766724,6.983932971954346,-0.4045417606830597,0.3046875,-0.947265625,-0.097412109375,0.0,0.9345703125,0.007495880126953125
1709,449,-0.8274419903755188,6.984464645385742,-0.4873441159725189,0.330078125,-0.94384765625,0.0037746429443359375,0.0,0.9345703125,0.02471923828125
1710,444,-0.8136125802993774,7.024582862854004,-0.5698118209838867,-0.55078125,0.7666015625,-0.330078125,0.0,0.94921875,0.040985107421875
1711,452,-0.8472378849983215,7.021350383758545,-0.48778924345970154,-0.68212890625,0.73095703125,-0.016937255859375,0.0,0.94921875,0.02471923828125
1712,451,-0.8205946683883667,7.013267517089844,-0.485784113407135,0.82958984375,0.556640625,0.04327392578125,0.0,0.94189453125,0.02471923828125
1713,451,-0.8205946683883667,7.013267517089844,-0.485784113407135,0.82958984375,0.556640625,0.04327392578125,0.0,0.94189453125,0.02471923828125
1714,453,-0.7977936267852783,7.012420654296875,-0.41071173548698425,0.826171875,0.5107421875,-0.237548828125,0.0,0.94189453125,0.007495880126953125
1715,450,-0.8043843507766724,6.983932971954346,-0.4045417606830597,0.3046875,-0.947265625,-0.097412109375,0.0,0.9345703125,0.007495880126953125
1716,452,-0.8472378849983215,7.021350383758545,-0.48778924345970154,-0.68212890625,0.73095703125,-0.016937255859375,0.0,0.94921875,0.02471923828125
1717,453,-0.7977936267852783,7.012420654296875,-0.41071173548698425,0.826171875,0.5107421875,-0.237548828125,0.0,0.94189453125,0.007495880126953125
1718,451,-0.8205946683883667,7.013267517089844,-0.485784113407135,0.82958984375,0.556640625,0.04327392578125,0.0,0.94189453125,0.02471923828125
1719,452,-0.8472378849983215,7.021350383758545,-0.48778924345970154,-0.68212890625,0.73095703125,-0.016937255859375,0.0,0.94921875,0.02471923828125
1720,454,-0.821567952632904,7.021334171295166,-0.39495155215263367,-0.6767578125,0.71484375,0.17724609375,0.0,0.94921875,0.007495880126953125
1721,453,-0.7977936267852783,7.012420654296875,-0.41071173548698425,0.826171875,0.5107421875,-0.237548828125,0.0,0.94189453125,0.007495880126953125
1722,455,-0.09965429455041885,8.676383972167969,-1.1063480377197266,-0.90380859375,0.226318359375,0.36279296875,0.0,0.1751708984375,0.93310546875
1723,456,-0.07457075268030167,8.699028968811035,-1.102135419845581,-0.31494140625,0.7353515625,0.60009765625,0.0,0.176513671875,0.92529296875
1724,457,-0.13098104298114777,8.862491607666016,-1.36933434009552,-0.44580078125,0.8251953125,0.346435546875,0.0,0.10528564453125,0.9052734375
1725,455,-0.09965429455041885,8.676383972167969,-1.1063480377197266,-0.90380859375,0.226318359375,0.36279296875,0.0,0.1751708984375,0.93310546875
1726,457,-0.13098104298114777,8.862491607666016,-1.36933434009552,-0.44580078125,0.8251953125,0.346435546875,0.0,0.10528564453125,0.9052734375
1727,458,-0.18096359074115753,8.795999526977539,-1.3807950019836426,-0.95068359375,0.262939453125,0.163330078125,0.0,0.1044921875,0.92431640625
1728,459,-0.10807319730520248,8.623079299926758,-1.1163849830627441,-0.96044921875,0.0198822021484375,0.27783203125,0.0,0.17578125,0.94580078125
1729,455,-0.09965429455041885,8.676383972167969,-1.1063480377197266,-0.90380859375,0.226318359375,0.36279296875,0.0,0.1751708984375,0.93310546875
1730,458,-0.18096359074115753,8.795999526977539,-1.3807950019836426,-0.95068359375,0.262939453125,0.163330078125,0.0,0.1044921875,0.92431640625
1731,459,-0.10807319730520248,8.623079299926758,-1.1163849830627441,-0.96044921875,0.0198822021484375,0.27783203125,0.0,0.17578125,0.94580078125
1732,458,-0.18096359074115753,8.795999526977539,-1.3807950019836426,-0.95068359375,0.262939453125,0.163330078125,0.0,0.1044921875,0.92431640625
1733,460,-0.18536248803138733,8.677000999450684,-1.4027429819107056,-0.99365234375,0.042388916015625,0.1048583984375,0.0,0.10577392578125,0.9521484375
1734,461,-0.17981143295764923,8.879926681518555,-1.790871262550354,-0.9638671875,0.245849609375,-0.10174560546875,0.0,0.0083160400390625,0.9228515625
1735,458,-0.18096359074115753,8.795999526977539,-1.3807950019836426,-0.95068359375,0.262939453125,0.163330078125,0.0,0.1044921875,0.92431640625
1736,457,-0.13098104298114777,8.862491607666016,-1.36933434009552,-0.44580078125,0.8251953125,0.346435546875,0.0,0.10528564453125,0.9052734375
1737,460,-0.18536248803138733,8.677000999450684,-1.4027429819107056,-0.99365234375,0.042388916015625,0.1048583984375,0.0,0.10577392578125,0.9521484375
1738,458,-0.18096359074115753,8.795999526977539,-1.3807950019836426,-0.95068359375,0.262939453125,0.163330078125,0.0,0.1044921875,0.92431640625
1739,461,-0.17981143295764923,8.879926681518555,-1.790871262550354,-0.9638671875,0.245849609375,-0.10174560546875,0.0,0.0083160400390625,0.9228515625
1740,461,-0.17981143295764923,8.879926681518555,-1.790871262550354,-0.9638671875,0.245849609375,-0.10174560546875,0.0,0.0083160400390625,0.9228515625
1741,457,-0.13098104298114777,8.862491607666016,-1.36933434009552,-0.44580078125,0.8251953125,0.346435546875,0.0,0.10528564453125,0.9052734375
1742,462,-0.1371661275625229,8.928841590881348,-1.7478713989257812,-0.52783203125,0.84228515625,0.10711669921875,0.0,0.01611328125,0.90625
1743,460,-0.18536248803138733,8.677000999450684,-1.4027429819107056,-0.99365234375,0.042388916015625,0.1048583984375,0.0,0.10577392578125,0.9521484375
1744,461,-0.17981143295764923,8.879926681518555,-1.790871262550354,-0.9638671875,0.245849609375,-0.10174560546875,0.0,0.0083160400390625,0.9228515625
1745,463,-0.18895159661769867,8.757948875427246,-1.8136253356933594,-0.98388671875,0.08648681640625,-0.1561279296875,0.0,0.008331298828125,0.95166015625
1746,464,-0.1371661275625229,8.928841590881348,-1.7478713989257812,-0.52783203125,0.84228515625,0.10711669921875,0.0,0.321533203125,0.7998046875
1747,465,-0.13098104298114777,8.862491607666016,-1.36933434009552,-0.44580078125,0.8251953125,0.346435546875,0.0,0.320556640625,0.71044921875
1748,466,0.01312148105353117,8.95633316040039,-1.7614458799362183,-1.1920928955078125e-07,0.99755859375,0.06683349609375,0.0,0.286376953125,0.8037109375
1749,465,-0.13098104298114777,8.862491607666016,-1.36933434009552,-0.44580078125,0.8251953125,0.346435546875,0.0,0.320556640625,0.71044921875
1750,467,0.013121470808982849,8.88828182220459,-1.3644883632659912,0.0,0.919921875,0.392333984375,0.0,0.286865234375,0.71142578125
1751,466,0.01312148105353117,8.95633316040039,-1.7614458799362183,-1.1920928955078125e-07,0.99755859375,0.06683349609375,0.0,0.286376953125,0.8037109375
1752,467,0.013121470808982849,8.88828182220459,-1.3644883632659912,0.0,0.919921875,0.392333984375,0.0,0.286865234375,0.71142578125
1753,465,-0.13098104298114777,8.862491607666016,-1.36933434009552,-0.44580078125,0.8251953125,0.346435546875,0.0,0.320556640625,0.71044921875
1754,468,-0.07457075268030167,8.699028968811035,-1.102135419845581,-0.31494140625,0.7353515625,0.60009765625,0.0,0.3076171875,0.63720703125
1755,467,0.013121470808982849,8.88828182220459,-1.3644883632659912,0.0,0.919921875,0.392333984375,0.0,0.286865234375,0.71142578125
1756,468,-0.07457075268030167,8.699028968811035,-1.102135419845581,-0.31494140625,0.7353515625,0.60009765625,0.0,0.3076171875,0.63720703125
1757,469,0.013121475465595722,8.700984954833984,-1.1017566919326782,0.0,0.79541015625,0.6064453125,0.0,0.287353515625,0.63720703125
1758,467,0.013121470808982849,8.88828182220459,-1.3644883632659912,0.0,0.919921875,0.392333984375,0.0,0.286865234375,0.71142578125
1759,469,0.013121475465595722,8.700984954833984,-1.1017566919326782,0.0,0.79541015625,0.6064453125,0.0,0.287353515625,0.63720703125
1760,470,0.10081369429826736,8.699028968811035,-1.102135419845581,0.32373046875,0.76708984375,0.5537109375,0.0,0.266845703125,0.63720703125
1761,467,0.013121470808982849,8.88828182220459,-1.3644883632659912,0.0,0.919921875,0.392333984375,0.0,0.286865234375,0.71142578125
1762,470,0.10081369429826736,8.699028968811035,-1.102135419845581,0.32373046875,0.76708984375,0.5537109375,0.0,0.266845703125,0.63720703125
1763,471,0.15722404420375824,8.862491607666016,-1.36933434009552,0.44580078125,0.8251953125,0.346435546875,0.0,0.253173828125,0.7099609375
1764,466,0.01312148105353117,8.95633316040039,-1.7614458799362183,-1.1920928955078125e-07,0.99755859375,0.06683349609375,0.0,0.286376953125,0.8037109375
1765,467,0.013121470808982849,8.88828182220459,-1.3644883632659912,0.0,0.919921875,0.392333984375,0.0,0.286865234375,0.71142578125
1766,471,0.15722404420375824,8.862491607666016,-1.36933434009552,0.44580078125,0.8251953125,0.346435546875,0.0,0.253173828125,0.7099609375
1767,472,0.1634090542793274,8.928841590881348,-1.7478713989257812,0.52783203125,0.84228515625,0.10711669921875,0.0,0.251220703125,0.79931640625
1768,466,0.01312148105353117,8.95633316040039,-1.7614458799362183,-1.1920928955078125e-07,0.99755859375,0.06683349609375,0.0,0.286376953125,0.8037109375
1769,471,0.15722404420375824,8.862491607666016,-1.36933434009552,0.44580078125,0.8251953125,0.346435546875,0.0,0.253173828125,0.7099609375
1770,473,0.12589719891548157,8.676383972167969,-1.1063480377197266,0.90380859375,0.226318359375,0.36279296875,0.0,0.1751708984375,0.86474609375
1771,474,0.15722404420375824,8.862491607666016,-1.36933434009552,0.44580078125,0.8251953125,0.346435546875,0.0,0.10528564453125,0.89306640625
1772,475,0.10081369429826736,8.699028968811035,-1.102135419845581,0.32373046875,0.76708984375,0.5537109375,0.0,0.176513671875,0.87255859375
1773,473,0.12589719891548157,8.676383972167969,-1.1063480377197266,0.90380859375,0.226318359375,0.36279296875,0.0,0.1751708984375,0.86474609375
1774,476,0.207206591963768,8.795999526977539,-1.3807950019836426,0.95068359375,0.262939453125,0.163330078125,0.0,0.1044921875,0.87353515625
1775,474,0.15722404420375824,8.862491607666016,-1.36933434009552,0.44580078125,0.8251953125,0.346435546875,0.0,0.10528564453125,0.89306640625
1776,477,0.1343161016702652,8.623079299926758,-1.1163849830627441,0.96044921875,0.0198822021484375,0.27783203125,0.0,0.17578125,0.85205078125
1777,476,0.207206591963768,8.795999526977539,-1.3807950019836426,0.95068359375,0.262939453125,0.163330078125,0.0,0.1044921875,0.87353515625
1778,473,0.12589719891548157,8.676383972167969,-1.1063480377197266,0.90380859375,0.226318359375,0.36279296875,0.0,0.1751708984375,0.86474609375
1779,477,0.1343161016702652,8.623079299926758,-1.1163849830627441,0.96044921875,0.0198822021484375,0.27783203125,0.0,0.17578125,0.85205078125
1780,478,0.2116054892539978,8.677000999450684,-1.4027429819107056,0.99365234375,0.042388916015625,0.1048583984375,0.0,0.10577392578125,0.845703125
1781,476,0.207206591963768,8.795999526977539,-1.3807950019836426,0.95068359375,0.262939453125,0.163330078125,0.0,0.1044921875,0.87353515625
1782,479,0.20605438947677612,8.879926681518555,-1.790871262550354,0.9638671875,0.245849609375,-0.10174560546875,0.0,0.00832366943359375,0.87548828125
1783,474,0.15722404420375824,8.862491607666016,-1.36933434009552,0.44580078125,0.8251953125,0.346435546875,0.0,0.10528564453125,0.89306640625
1784,476,0.207206591963768,8.795999526977539,-1.3807950019836426,0.95068359375,0.262939453125,0.163330078125,0.0,0.1044921875,0.87353515625
1785,478,0.2116054892539978,8.677000999450684,-1.4027429819107056,0.99365234375,0.042388916015625,0.1048583984375,0.0,0.10577392578125,0.845703125
1786,479,0.20605438947677612,8.879926681518555,-1.790871262550354,0.9638671875,0.245849609375,-0.10174560546875,0.0,0.00832366943359375,0.87548828125
1787,476,0.207206591963768,8.795999526977539,-1.3807950019836426,0.95068359375,0.262939453125,0.163330078125,0.0,0.1044921875,0.87353515625
1788,479,0.20605438947677612,8.879926681518555,-1.790871262550354,0.9638671875,0.245849609375,-0.10174560546875,0.0,0.00832366943359375,0.87548828125
1789,480,0.1634090542793274,8.928841590881348,-1.7478713989257812,0.52783203125,0.84228515625,0.10711669921875,0.0,0.0161285400390625,0.8916015625
1790,474,0.15722404420375824,8.862491607666016,-1.36933434009552,0.44580078125,0.8251953125,0.346435546875,0.0,0.10528564453125,0.89306640625
1791,478,0.2116054892539978,8.677000999450684,-1.4027429819107056,0.99365234375,0.042388916015625,0.1048583984375,0.0,0.10577392578125,0.845703125
1792,481,0.21519453823566437,8.757948875427246,-1.8136250972747803,0.98388671875,0.08648681640625,-0.1561279296875,0.0,0.00832366943359375,0.84619140625
1793,479,0.20605438947677612,8.879926681518555,-1.790871262550354,0.9638671875,0.245849609375,-0.10174560546875,0.0,0.00832366943359375,0.87548828125
1794,482,-0.10331031680107117,0.02483735978603363,-0.11643180251121521,-0.70703125,0.0,-0.70703125,0.0,0.353759765625,0.880859375
1795,483,0.013121474534273148,3.8101720809936523,-0.16465942561626434,0.0,0.0,-1.0,0.0,0.33203125,0.005889892578125
1796,484,0.013121474534273148,0.02483735978603363,-0.16465942561626434,0.0,0.0,-1.0,0.0,0.33203125,0.880859375
1797,482,-0.10331031680107117,0.02483735978603363,-0.11643180251121521,-0.70703125,0.0,-0.70703125,0.0,0.353759765625,0.880859375
1798,485,-0.10331031680107117,3.8101720809936523,-0.11643180251121521,-0.70703125,0.0,-0.70703125,0.0,0.353759765625,0.005889892578125
1799,483,0.013121474534273148,3.8101720809936523,-0.16465942561626434,0.0,0.0,-1.0,0.0,0.33203125,0.005889892578125
1800,486,-0.15153789520263672,0.02483735978603363,-1.3453292702081399e-08,-1.0,0.0,0.0,0.0,0.375244140625,0.880859375
1801,485,-0.10331031680107117,3.8101720809936523,-0.11643180251121521,-0.70703125,0.0,-0.70703125,0.0,0.353759765625,0.005889892578125
1802,482,-0.10331031680107117,0.02483735978603363,-0.11643180251121521,-0.70703125,0.0,-0.70703125,0.0,0.353759765625,0.880859375
1803,486,-0.15153789520263672,0.02483735978603363,-1.3453292702081399e-08,-1.0,0.0,0.0,0.0,0.375244140625,0.880859375
1804,487,-0.15153789520263672,3.8101720809936523,-1.3453292702081399e-08,-1.0,0.0,0.0,0.0,0.375244140625,0.005889892578125
1805,485,-0.10331031680107117,3.8101720809936523,-0.11643180251121521,-0.70703125,0.0,-0.70703125,0.0,0.353759765625,0.005889892578125
1806,488,-0.10331032425165176,0.02483735978603363,0.11643178761005402,-0.70703125,0.0,0.70703125,0.0,0.39697265625,0.880859375
1807,487,-0.15153789520263672,3.8101720809936523,-1.3453292702081399e-08,-1.0,0.0,0.0,0.0,0.375244140625,0.005889892578125
1808,486,-0.15153789520263672,0.02483735978603363,-1.3453292702081399e-08,-1.0,0.0,0.0,0.0,0.375244140625,0.880859375
1809,488,-0.10331032425165176,0.02483735978603363,0.11643178761005402,-0.70703125,0.0,0.70703125,0.0,0.39697265625,0.880859375
1810,489,-0.10331032425165176,3.8101720809936523,0.11643178761005402,-0.70703125,0.0,0.70703125,0.0,0.39697265625,0.005889892578125
1811,487,-0.15153789520263672,3.8101720809936523,-1.3453292702081399e-08,-1.0,0.0,0.0,0.0,0.375244140625,0.005889892578125
1812,490,0.013121474534273148,0.02483735978603363,0.16465942561626434,0.0,0.0,1.0,0.0,0.418701171875,0.880859375
1813,489,-0.10331032425165176,3.8101720809936523,0.11643178761005402,-0.70703125,0.0,0.70703125,0.0,0.39697265625,0.005889892578125
1814,488,-0.10331032425165176,0.02483735978603363,0.11643178761005402,-0.70703125,0.0,0.70703125,0.0,0.39697265625,0.880859375
1815,490,0.013121474534273148,0.02483735978603363,0.16465942561626434,0.0,0.0,1.0,0.0,0.418701171875,0.880859375
1816,491,0.013121474534273148,3.8101720809936523,0.16465942561626434,0.0,0.0,1.0,0.0,0.418701171875,0.005889892578125
1817,489,-0.10331032425165176,3.8101720809936523,0.11643178761005402,-0.70703125,0.0,0.70703125,0.0,0.39697265625,0.005889892578125
1818,492,0.12955327332019806,0.02483735978603363,0.11643178015947342,0.70703125,0.0,0.70703125,0.0,0.440185546875,0.880859375
1819,491,0.013121474534273148,3.8101720809936523,0.16465942561626434,0.0,0.0,1.0,0.0,0.418701171875,0.005889892578125
1820,490,0.013121474534273148,0.02483735978603363,0.16465942561626434,0.0,0.0,1.0,0.0,0.418701171875,0.880859375
1821,492,0.12955327332019806,0.02483735978603363,0.11643178015947342,0.70703125,0.0,0.70703125,0.0,0.440185546875,0.880859375
1822,493,0.12955327332019806,3.8101720809936523,0.11643178015947342,0.70703125,0.0,0.70703125,0.0,0.440185546875,0.005889892578125
1823,491,0.013121474534273148,3.8101720809936523,0.16465942561626434,0.0,0.0,1.0,0.0,0.418701171875,0.005889892578125
1824,494,0.17778092622756958,0.02483735978603363,-1.3453292702081399e-08,1.0,0.0,0.0,0.0,0.4619140625,0.880859375
1825,493,0.12955327332019806,3.8101720809936523,0.11643178015947342,0.70703125,0.0,0.70703125,0.0,0.440185546875,0.005889892578125
1826,492,0.12955327332019806,0.02483735978603363,0.11643178015947342,0.70703125,0.0,0.70703125,0.0,0.440185546875,0.880859375
1827,494,0.17778092622756958,0.02483735978603363,-1.3453292702081399e-08,1.0,0.0,0.0,0.0,0.4619140625,0.880859375
1828,495,0.17778092622756958,3.8101720809936523,-1.3453292702081399e-08,1.0,0.0,0.0,0.0,0.4619140625,0.005889892578125
1829,493,0.12955327332019806,3.8101720809936523,0.11643178015947342,0.70703125,0.0,0.70703125,0.0,0.440185546875,0.005889892578125
1830,496,0.12955327332019806,0.02483735978603363,-0.11643180251121521,0.70703125,0.0,-0.70703125,0.0,0.483642578125,0.880859375
1831,495,0.17778092622756958,3.8101720809936523,-1.3453292702081399e-08,1.0,0.0,0.0,0.0,0.4619140625,0.005889892578125
1832,494,0.17778092622756958,0.02483735978603363,-1.3453292702081399e-08,1.0,0.0,0.0,0.0,0.4619140625,0.880859375
1833,496,0.12955327332019806,0.02483735978603363,-0.11643180251121521,0.70703125,0.0,-0.70703125,0.0,0.483642578125,0.880859375
1834,497,0.12955327332019806,3.8101720809936523,-0.11643180251121521,0.70703125,0.0,-0.70703125,0.0,0.483642578125,0.005889892578125
1835,495,0.17778092622756958,3.8101720809936523,-1.3453292702081399e-08,1.0,0.0,0.0,0.0,0.4619140625,0.005889892578125
1836,498,0.013121474534273148,0.02483735978603363,-0.16465942561626434,0.0,0.0,-1.0,0.0,0.50537109375,0.880859375
1837,497,0.12955327332019806,3.8101720809936523,-0.11643180251121521,0.70703125,0.0,-0.70703125,0.0,0.483642578125,0.005889892578125
1838,496,0.12955327332019806,0.02483735978603363,-0.11643180251121521,0.70703125,0.0,-0.70703125,0.0,0.483642578125,0.880859375
1839,498,0.013121474534273148,0.02483735978603363,-0.16465942561626434,0.0,0.0,-1.0,0.0,0.50537109375,0.880859375
1840,499,0.013121474534273148,3.8101720809936523,-0.16465942561626434,0.0,0.0,-1.0,0.0,0.50537109375,0.005889892578125
1841,497,0.12955327332019806,3.8101720809936523,-0.11643180251121521,0.70703125,0.0,-0.70703125,0.0,0.483642578125,0.005889892578125
1842,500,0.013121474534273148,10.046290397644043,-0.16465942561626434,0.0,1.0,5.185604095458984e-06,0.0,0.908203125,0.93115234375
1843,501,-0.10331031680107117,10.046290397644043,-0.11643180251121521,0.0,1.0,-1.7404556274414062e-05,0.0,0.923828125,0.916015625
1844,502,-0.15153789520263672,10.046290397644043,-1.3453292702081399e-08,0.0,1.0,5.185604095458984e-06,0.0,0.923828125,0.89453125
1845,503,-0.10331032425165176,10.046290397644043,0.11643178761005402,0.0,1.0,0.0,0.0,0.908203125,0.87890625
1846,500,0.013121474534273148,10.046290397644043,-0.16465942561626434,0.0,1.0,5.185604095458984e-06,0.0,0.908203125,0.93115234375
1847,502,-0.15153789520263672,10.046290397644043,-1.3453292702081399e-08,0.0,1.0,5.185604095458984e-06,0.0,0.923828125,0.89453125
1848,503,-0.10331032425165176,10.046290397644043,0.11643178761005402,0.0,1.0,0.0,0.0,0.908203125,0.87890625
1849,504,0.12955327332019806,10.046290397644043,-0.11643180251121521,0.0,1.0,0.0,0.0,0.88671875,0.93115234375
1850,500,0.013121474534273148,10.046290397644043,-0.16465942561626434,0.0,1.0,5.185604095458984e-06,0.0,0.908203125,0.93115234375
1851,503,-0.10331032425165176,10.046290397644043,0.11643178761005402,0.0,1.0,0.0,0.0,0.908203125,0.87890625
1852,505,0.17778092622756958,10.046290397644043,-1.3453292702081399e-08,0.0,1.0,-5.185604095458984e-06,0.0,0.87158203125,0.916015625
1853,504,0.12955327332019806,10.046290397644043,-0.11643180251121521,0.0,1.0,0.0,0.0,0.88671875,0.93115234375
1854,503,-0.10331032425165176,10.046290397644043,0.11643178761005402,0.0,1.0,0.0,0.0,0.908203125,0.87890625
1855,506,0.013121474534273148,10.046290397644043,0.16465942561626434,0.0,1.0,-5.185604095458984e-06,0.0,0.88671875,0.87890625
1856,505,0.17778092622756958,10.046290397644043,-1.3453292702081399e-08,0.0,1.0,-5.185604095458984e-06,0.0,0.87158203125,0.916015625
1857,506,0.013121474534273148,10.046290397644043,0.16465942561626434,0.0,1.0,-5.185604095458984e-06,0.0,0.88671875,0.87890625
1858,507,0.12955327332019806,10.046290397644043,0.11643178015947342,0.0,1.0,1.7404556274414062e-05,0.0,0.87158203125,0.89453125
1859,505,0.17778092622756958,10.046290397644043,-1.3453292702081399e-08,0.0,1.0,-5.185604095458984e-06,0.0,0.87158203125,0.916015625
1860,508,0.013121474534273148,6.947804927825928,-0.16465942561626434,0.0,0.0,-1.0,0.0,0.87060546875,0.72216796875
1861,509,0.013121474534273148,10.046290397644043,-0.16465942561626434,0.0,0.0,-1.0,0.0,0.87060546875,0.0058746337890625
1862,510,0.12955327332019806,10.046290397644043,-0.11643180251121521,0.70703125,0.0,-0.70703125,0.0,0.84912109375,0.0058746337890625
1863,508,0.013121474534273148,6.947804927825928,-0.16465942561626434,0.0,0.0,-1.0,0.0,0.87060546875,0.72216796875
1864,510,0.12955327332019806,10.046290397644043,-0.11643180251121521,0.70703125,0.0,-0.70703125,0.0,0.84912109375,0.0058746337890625
1865,511,0.12955327332019806,6.947804927825928,-0.11643180251121521,0.70703125,0.0,-0.70703125,0.0,0.84912109375,0.72216796875
1866,511,0.12955327332019806,6.947804927825928,-0.11643180251121521,0.70703125,0.0,-0.70703125,0.0,0.84912109375,0.72216796875
1867,510,0.12955327332019806,10.046290397644043,-0.11643180251121521,0.70703125,0.0,-0.70703125,0.0,0.84912109375,0.0058746337890625
1868,512,0.17778092622756958,10.046290397644043,-1.3453292702081399e-08,1.0,0.0,0.0,0.0,0.8271484375,0.0058746337890625
1869,511,0.12955327332019806,6.947804927825928,-0.11643180251121521,0.70703125,0.0,-0.70703125,0.0,0.84912109375,0.72216796875
1870,512,0.17778092622756958,10.046290397644043,-1.3453292702081399e-08,1.0,0.0,0.0,0.0,0.8271484375,0.0058746337890625
1871,513,0.17778092622756958,6.947804927825928,-1.3453292702081399e-08,1.0,0.0,0.0,0.0,0.8271484375,0.72216796875
1872,513,0.17778092622756958,6.947804927825928,-1.3453292702081399e-08,1.0,0.0,0.0,0.0,0.8271484375,0.72216796875
1873,512,0.17778092622756958,10.046290397644043,-1.3453292702081399e-08,1.0,0.0,0.0,0.0,0.8271484375,0.0058746337890625
1874,514,0.12955327332019806,10.046290397644043,0.11643178015947342,0.70703125,0.0,0.70703125,0.0,0.8056640625,0.0058746337890625
1875,513,0.17778092622756958,6.947804927825928,-1.3453292702081399e-08,1.0,0.0,0.0,0.0,0.8271484375,0.72216796875
1876,514,0.12955327332019806,10.046290397644043,0.11643178015947342,0.70703125,0.0,0.70703125,0.0,0.8056640625,0.0058746337890625
1877,515,0.12955327332019806,6.947804927825928,0.11643178015947342,0.70703125,0.0,0.70703125,0.0,0.8056640625,0.72216796875
1878,515,0.12955327332019806,6.947804927825928,0.11643178015947342,0.70703125,0.0,0.70703125,0.0,0.8056640625,0.72216796875
1879,514,0.12955327332019806,10.046290397644043,0.11643178015947342,0.70703125,0.0,0.70703125,0.0,0.8056640625,0.0058746337890625
1880,516,0.013121474534273148,10.046290397644043,0.16465942561626434,0.0,0.0,1.0,0.0,0.7841796875,0.0058746337890625
1881,515,0.12955327332019806,6.947804927825928,0.11643178015947342,0.70703125,0.0,0.70703125,0.0,0.8056640625,0.72216796875
1882,516,0.013121474534273148,10.046290397644043,0.16465942561626434,0.0,0.0,1.0,0.0,0.7841796875,0.0058746337890625
1883,517,0.013121474534273148,6.947804927825928,0.16465942561626434,0.0,0.0,1.0,0.0,0.7841796875,0.72216796875
1884,517,0.013121474534273148,6.947804927825928,0.16465942561626434,0.0,0.0,1.0,0.0,0.7841796875,0.72216796875
1885,516,0.013121474534273148,10.046290397644043,0.16465942561626434,0.0,0.0,1.0,0.0,0.7841796875,0.0058746337890625
1886,518,-0.10331032425165176,10.046290397644043,0.11643178761005402,-0.70703125,0.0,0.70703125,0.0,0.76220703125,0.0058746337890625
1887,517,0.013121474534273148,6.947804927825928,0.16465942561626434,0.0,0.0,1.0,0.0,0.7841796875,0.72216796875
1888,518,-0.10331032425165176,10.046290397644043,0.11643178761005402,-0.70703125,0.0,0.70703125,0.0,0.76220703125,0.0058746337890625
1889,519,-0.10331032425165176,6.947804927825928,0.11643178761005402,-0.70703125,0.0,0.70703125,0.0,0.76220703125,0.72216796875
1890,519,-0.10331032425165176,6.947804927825928,0.11643178761005402,-0.70703125,0.0,0.70703125,0.0,0.76220703125,0.72216796875
1891,518,-0.10331032425165176,10.046290397644043,0.11643178761005402,-0.70703125,0.0,0.70703125,0.0,0.76220703125,0.0058746337890625
1892,520,-0.15153789520263672,10.046290397644043,-1.3453292702081399e-08,-1.0,0.0,0.0,0.0,0.74072265625,0.0058746337890625
1893,519,-0.10331032425165176,6.947804927825928,0.11643178761005402,-0.70703125,0.0,0.70703125,0.0,0.76220703125,0.72216796875
1894,520,-0.15153789520263672,10.046290397644043,-1.3453292702081399e-08,-1.0,0.0,0.0,0.0,0.74072265625,0.0058746337890625
1895,521,-0.15153789520263672,6.947804927825928,-1.3453292702081399e-08,-1.0,0.0,0.0,0.0,0.74072265625,0.72216796875
1896,521,-0.15153789520263672,6.947804927825928,-1.3453292702081399e-08,-1.0,0.0,0.0,0.0,0.74072265625,0.72216796875
1897,520,-0.15153789520263672,10.046290397644043,-1.3453292702081399e-08,-1.0,0.0,0.0,0.0,0.74072265625,0.0058746337890625
1898,522,-0.10331031680107117,10.046290397644043,-0.11643180251121521,-0.70703125,0.0,-0.70703125,0.0,0.71923828125,0.0058746337890625
1899,521,-0.15153789520263672,6.947804927825928,-1.3453292702081399e-08,-1.0,0.0,0.0,0.0,0.74072265625,0.72216796875
1900,522,-0.10331031680107117,10.046290397644043,-0.11643180251121521,-0.70703125,0.0,-0.70703125,0.0,0.71923828125,0.0058746337890625
1901,523,-0.10331031680107117,6.947804927825928,-0.11643180251121521,-0.70703125,0.0,-0.70703125,0.0,0.71923828125,0.72216796875
1902,523,-0.10331031680107117,6.947804927825928,-0.11643180251121521,-0.70703125,0.0,-0.70703125,0.0,0.71923828125,0.72216796875
1903,522,-0.10331031680107117,10.046290397644043,-0.11643180251121521,-0.70703125,0.0,-0.70703125,0.0,0.71923828125,0.0058746337890625
1904,524,0.013121474534273148,10.046290397644043,-0.16465942561626434,0.0,0.0,-1.0,0.0,0.697265625,0.0058746337890625
1905,523,-0.10331031680107117,6.947804927825928,-0.11643180251121521,-0.70703125,0.0,-0.70703125,0.0,0.71923828125,0.72216796875
1906,524,0.013121474534273148,10.046290397644043,-0.16465942561626434,0.0,0.0,-1.0,0.0,0.697265625,0.0058746337890625
1907,525,0.013121474534273148,6.947804927825928,-0.16465942561626434,0.0,0.0,-1.0,0.0,0.697265625,0.72216796875
1908,526,-0.10331031680107117,3.8101720809936523,-0.11643180251121521,-0.70703125,0.0,-0.70703125,0.0,0.5361328125,0.7314453125
1909,527,0.013121474534273148,6.947804927825928,-0.16465942561626434,0.0,0.0,-1.0,0.0,0.5146484375,0.006343841552734375
1910,528,0.013121474534273148,3.8101720809936523,-0.16465942561626434,0.0,0.0,-1.0,0.0,0.5146484375,0.7314453125
1911,526,-0.10331031680107117,3.8101720809936523,-0.11643180251121521,-0.70703125,0.0,-0.70703125,0.0,0.5361328125,0.7314453125
1912,529,-0.10331031680107117,6.947804927825928,-0.11643180251121521,-0.70703125,0.0,-0.70703125,0.0,0.5361328125,0.006343841552734375
1913,527,0.013121474534273148,6.947804927825928,-0.16465942561626434,0.0,0.0,-1.0,0.0,0.5146484375,0.006343841552734375
1914,530,-0.15153789520263672,3.8101720809936523,-1.3453292702081399e-08,-1.0,0.0,0.0,0.0,0.55810546875,0.7314453125
1915,529,-0.10331031680107117,6.947804927825928,-0.11643180251121521,-0.70703125,0.0,-0.70703125,0.0,0.5361328125,0.006343841552734375
1916,526,-0.10331031680107117,3.8101720809936523,-0.11643180251121521,-0.70703125,0.0,-0.70703125,0.0,0.5361328125,0.7314453125
1917,530,-0.15153789520263672,3.8101720809936523,-1.3453292702081399e-08,-1.0,0.0,0.0,0.0,0.55810546875,0.7314453125
1918,531,-0.15153789520263672,6.947804927825928,-1.3453292702081399e-08,-1.0,0.0,0.0,0.0,0.55810546875,0.006343841552734375
1919,529,-0.10331031680107117,6.947804927825928,-0.11643180251121521,-0.70703125,0.0,-0.70703125,0.0,0.5361328125,0.006343841552734375
1920,532,-0.10331032425165176,3.8101720809936523,0.11643178761005402,-0.70703125,0.0,0.70703125,0.0,0.57958984375,0.7314453125
1921,531,-0.15153789520263672,6.947804927825928,-1.3453292702081399e-08,-1.0,0.0,0.0,0.0,0.55810546875,0.006343841552734375
1922,530,-0.15153789520263672,3.8101720809936523,-1.3453292702081399e-08,-1.0,0.0,0.0,0.0,0.55810546875,0.7314453125
1923,532,-0.10331032425165176,3.8101720809936523,0.11643178761005402,-0.70703125,0.0,0.70703125,0.0,0.57958984375,0.7314453125
1924,533,-0.10331032425165176,6.947804927825928,0.11643178761005402,-0.70703125,0.0,0.70703125,0.0,0.57958984375,0.006343841552734375
1925,531,-0.15153789520263672,6.947804927825928,-1.3453292702081399e-08,-1.0,0.0,0.0,0.0,0.55810546875,0.006343841552734375
1926,534,0.013121474534273148,3.8101720809936523,0.16465942561626434,0.0,0.0,1.0,0.0,0.60107421875,0.7314453125
1927,533,-0.10331032425165176,6.947804927825928,0.11643178761005402,-0.70703125,0.0,0.70703125,0.0,0.57958984375,0.006343841552734375
1928,532,-0.10331032425165176,3.8101720809936523,0.11643178761005402,-0.70703125,0.0,0.70703125,0.0,0.57958984375,0.7314453125
1929,534,0.013121474534273148,3.8101720809936523,0.16465942561626434,0.0,0.0,1.0,0.0,0.60107421875,0.7314453125
1930,535,0.013121474534273148,6.947804927825928,0.16465942561626434,0.0,0.0,1.0,0.0,0.60107421875,0.006343841552734375
1931,533,-0.10331032425165176,6.947804927825928,0.11643178761005402,-0.70703125,0.0,0.70703125,0.0,0.57958984375,0.006343841552734375
1932,536,0.12955327332019806,3.8101720809936523,0.11643178015947342,0.70703125,0.0,0.70703125,0.0,0.623046875,0.7314453125
1933,535,0.013121474534273148,6.947804927825928,0.16465942561626434,0.0,0.0,1.0,0.0,0.60107421875,0.006343841552734375
1934,534,0.013121474534273148,3.8101720809936523,0.16465942561626434,0.0,0.0,1.0,0.0,0.60107421875,0.7314453125
1935,536,0.12955327332019806,3.8101720809936523,0.11643178015947342,0.70703125,0.0,0.70703125,0.0,0.623046875,0.7314453125
1936,537,0.12955327332019806,6.947804927825928,0.11643178015947342,0.70703125,0.0,0.70703125,0.0,0.623046875,0.006343841552734375
1937,535,0.013121474534273148,6.947804927825928,0.16465942561626434,0.0,0.0,1.0,0.0,0.60107421875,0.006343841552734375
1938,538,0.17778092622756958,3.8101720809936523,-1.3453292702081399e-08,1.0,0.0,0.0,0.0,0.64453125,0.7314453125
1939,537,0.12955327332019806,6.947804927825928,0.11643178015947342,0.70703125,0.0,0.70703125,0.0,0.623046875,0.006343841552734375
1940,536,0.12955327332019806,3.8101720809936523,0.11643178015947342,0.70703125,0.0,0.70703125,0.0,0.623046875,0.7314453125
1941,538,0.17778092622756958,3.8101720809936523,-1.3453292702081399e-08,1.0,0.0,0.0,0.0,0.64453125,0.7314453125
1942,539,0.17778092622756958,6.947804927825928,-1.3453292702081399e-08,1.0,0.0,0.0,0.0,0.64453125,0.006343841552734375
1943,537,0.12955327332019806,6.947804927825928,0.11643178015947342,0.70703125,0.0,0.70703125,0.0,0.623046875,0.006343841552734375
1944,540,0.12955327332019806,3.8101720809936523,-0.11643180251121521,0.70703125,0.0,-0.70703125,0.0,0.666015625,0.7314453125
1945,539,0.17778092622756958,6.947804927825928,-1.3453292702081399e-08,1.0,0.0,0.0,0.0,0.64453125,0.006343841552734375
1946,538,0.17778092622756958,3.8101720809936523,-1.3453292702081399e-08,1.0,0.0,0.0,0.0,0.64453125,0.7314453125
1947,540,0.12955327332019806,3.8101720809936523,-0.11643180251121521,0.70703125,0.0,-0.70703125,0.0,0.666015625,0.7314453125
1948,541,0.12955327332019806,6.947804927825928,-0.11643180251121521,0.70703125,0.0,-0.70703125,0.0,0.666015625,0.006343841552734375
1949,539,0.17778092622756958,6.947804927825928,-1.3453292702081399e-08,1.0,0.0,0.0,0.0,0.64453125,0.006343841552734375
1950,542,0.013121474534273148,3.8101720809936523,-0.16465942561626434,0.0,0.0,-1.0,0.0,0.68798828125,0.7314453125
1951,541,0.12955327332019806,6.947804927825928,-0.11643180251121521,0.70703125,0.0,-0.70703125,0.0,0.666015625,0.006343841552734375
1952,540,0.12955327332019806,3.8101720809936523,-0.11643180251121521,0.70703125,0.0,-0.70703125,0.0,0.666015625,0.7314453125
1953,542,0.013121474534273148,3.8101720809936523,-0.16465942561626434,0.0,0.0,-1.0,0.0,0.68798828125,0.7314453125
1954,543,0.013121474534273148,6.947804927825928,-0.16465942561626434,0.0,0.0,-1.0,0.0,0.68798828125,0.006343841552734375
1955,541,0.12955327332019806,6.947804927825928,-0.11643180251121521,0.70703125,0.0,-0.70703125,0.0,0.666015625,0.006343841552734375
1956,544,-0.13482549786567688,3.7710559368133545,-0.14794693887233734,-0.70703125,0.0,-0.70703125,0.0,0.96533203125,0.60986328125
1957,545,0.013121474534273148,3.847217082977295,-0.20922857522964478,0.0,0.0,-1.0,0.0,0.9833984375,0.583984375
1958,546,0.013121474534273148,3.7710559368133545,-0.20922857522964478,0.0,0.0,-1.0,0.0,0.96533203125,0.583984375
1959,544,-0.13482549786567688,3.7710559368133545,-0.14794693887233734,-0.70703125,0.0,-0.70703125,0.0,0.96533203125,0.60986328125
1960,547,-0.13482549786567688,3.847217082977295,-0.14794693887233734,-0.70703125,0.0,-0.70703125,0.0,0.9833984375,0.60986328125
1961,545,0.013121474534273148,3.847217082977295,-0.20922857522964478,0.0,0.0,-1.0,0.0,0.9833984375,0.583984375
1962,548,-0.1961071938276291,3.7710559368133545,-1.3453292702081399e-08,-1.0,0.0,0.0,0.0,0.96533203125,0.6357421875
1963,547,-0.13482549786567688,3.847217082977295,-0.14794693887233734,-0.70703125,0.0,-0.70703125,0.0,0.9833984375,0.60986328125
1964,544,-0.13482549786567688,3.7710559368133545,-0.14794693887233734,-0.70703125,0.0,-0.70703125,0.0,0.96533203125,0.60986328125
1965,548,-0.1961071938276291,3.7710559368133545,-1.3453292702081399e-08,-1.0,0.0,0.0,0.0,0.96533203125,0.6357421875
1966,549,-0.1961071938276291,3.847217082977295,-1.3453292702081399e-08,-1.0,0.0,0.0,0.0,0.9833984375,0.6357421875
1967,547,-0.13482549786567688,3.847217082977295,-0.14794693887233734,-0.70703125,0.0,-0.70703125,0.0,0.9833984375,0.60986328125
1968,550,-0.13482549786567688,3.7710559368133545,0.14794693887233734,-0.70703125,0.0,0.70703125,0.0,0.96533203125,0.66162109375
1969,549,-0.1961071938276291,3.847217082977295,-1.3453292702081399e-08,-1.0,0.0,0.0,0.0,0.9833984375,0.6357421875
1970,548,-0.1961071938276291,3.7710559368133545,-1.3453292702081399e-08,-1.0,0.0,0.0,0.0,0.96533203125,0.6357421875
1971,550,-0.13482549786567688,3.7710559368133545,0.14794693887233734,-0.70703125,0.0,0.70703125,0.0,0.96533203125,0.66162109375
1972,551,-0.13482549786567688,3.847217082977295,0.14794693887233734,-0.70703125,0.0,0.70703125,0.0,0.9833984375,0.66162109375
1973,549,-0.1961071938276291,3.847217082977295,-1.3453292702081399e-08,-1.0,0.0,0.0,0.0,0.9833984375,0.6357421875
1974,552,0.013121474534273148,3.7710559368133545,0.20922857522964478,0.0,0.0,1.0,0.0,0.96533203125,0.6875
1975,551,-0.13482549786567688,3.847217082977295,0.14794693887233734,-0.70703125,0.0,0.70703125,0.0,0.9833984375,0.66162109375
1976,550,-0.13482549786567688,3.7710559368133545,0.14794693887233734,-0.70703125,0.0,0.70703125,0.0,0.96533203125,0.66162109375
1977,552,0.013121474534273148,3.7710559368133545,0.20922857522964478,0.0,0.0,1.0,0.0,0.96533203125,0.6875
1978,553,0.013121474534273148,3.847217082977295,0.20922857522964478,0.0,0.0,1.0,0.0,0.9833984375,0.6875
1979,551,-0.13482549786567688,3.847217082977295,0.14794693887233734,-0.70703125,0.0,0.70703125,0.0,0.9833984375,0.66162109375
1980,554,0.16106843948364258,3.7710559368133545,0.14794693887233734,0.70703125,0.0,0.70703125,0.0,0.96533203125,0.71337890625
1981,553,0.013121474534273148,3.847217082977295,0.20922857522964478,0.0,0.0,1.0,0.0,0.9833984375,0.6875
1982,552,0.013121474534273148,3.7710559368133545,0.20922857522964478,0.0,0.0,1.0,0.0,0.96533203125,0.6875
1983,554,0.16106843948364258,3.7710559368133545,0.14794693887233734,0.70703125,0.0,0.70703125,0.0,0.96533203125,0.71337890625
1984,555,0.16106843948364258,3.847217082977295,0.14794693887233734,0.70703125,0.0,0.70703125,0.0,0.9833984375,0.71337890625
1985,553,0.013121474534273148,3.847217082977295,0.20922857522964478,0.0,0.0,1.0,0.0,0.9833984375,0.6875
1986,556,0.22235007584095,3.7710559368133545,-1.3453292702081399e-08,1.0,0.0,0.0,0.0,0.96533203125,0.7392578125
1987,555,0.16106843948364258,3.847217082977295,0.14794693887233734,0.70703125,0.0,0.70703125,0.0,0.9833984375,0.71337890625
1988,554,0.16106843948364258,3.7710559368133545,0.14794693887233734,0.70703125,0.0,0.70703125,0.0,0.96533203125,0.71337890625
1989,556,0.22235007584095,3.7710559368133545,-1.3453292702081399e-08,1.0,0.0,0.0,0.0,0.96533203125,0.7392578125
1990,557,0.22235007584095,3.847217082977295,-1.3453292702081399e-08,1.0,0.0,0.0,0.0,0.9833984375,0.7392578125
1991,555,0.16106843948364258,3.847217082977295,0.14794693887233734,0.70703125,0.0,0.70703125,0.0,0.9833984375,0.71337890625
1992,558,0.16106843948364258,3.7710559368133545,-0.14794693887233734,0.70703125,0.0,-0.70703125,0.0,0.96533203125,0.76513671875
1993,557,0.22235007584095,3.847217082977295,-1.3453292702081399e-08,1.0,0.0,0.0,0.0,0.9833984375,0.7392578125
1994,556,0.22235007584095,3.7710559368133545,-1.3453292702081399e-08,1.0,0.0,0.0,0.0,0.96533203125,0.7392578125
1995,558,0.16106843948364258,3.7710559368133545,-0.14794693887233734,0.70703125,0.0,-0.70703125,0.0,0.96533203125,0.76513671875
1996,559,0.16106843948364258,3.847217082977295,-0.14794693887233734,0.70703125,0.0,-0.70703125,0.0,0.9833984375,0.76513671875
1997,557,0.22235007584095,3.847217082977295,-1.3453292702081399e-08,1.0,0.0,0.0,0.0,0.9833984375,0.7392578125
1998,560,0.013121474534273148,3.7710559368133545,-0.20922857522964478,0.0,0.0,-1.0,0.0,0.96533203125,0.791015625
1999,559,0.16106843948364258,3.847217082977295,-0.14794693887233734,0.70703125,0.0,-0.70703125,0.0,0.9833984375,0.76513671875
2000,558,0.16106843948364258,3.7710559368133545,-0.14794693887233734,0.70703125,0.0,-0.70703125,0.0,0.96533203125,0.76513671875
2001,560,0.013121474534273148,3.7710559368133545,-0.20922857522964478,0.0,0.0,-1.0,0.0,0.96533203125,0.791015625
2002,561,0.013121474534273148,3.847217082977295,-0.20922857522964478,0.0,0.0,-1.0,0.0,0.9833984375,0.791015625
2003,559,0.16106843948364258,3.847217082977295,-0.14794693887233734,0.70703125,0.0,-0.70703125,0.0,0.9833984375,0.76513671875
2004,562,-0.13482549786567688,3.7710559368133545,-0.14794693887233734,0.0,-1.0,-4.112720489501953e-06,0.0,0.96533203125,0.60986328125
2005,563,0.013121474534273148,3.7710559368133545,-0.20922857522964478,0.0,-1.0,-4.112720489501953e-06,0.0,0.96533203125,0.583984375
2006,564,0.013121474534273148,3.7710559368133545,-0.1644698679447174,0.0,-1.0,-4.112720489501953e-06,0.0,0.9580078125,0.583984375
2007,562,-0.13482549786567688,3.7710559368133545,-0.14794693887233734,0.0,-1.0,-4.112720489501953e-06,0.0,0.96533203125,0.60986328125
2008,564,0.013121474534273148,3.7710559368133545,-0.1644698679447174,0.0,-1.0,-4.112720489501953e-06,0.0,0.9580078125,0.583984375
2009,565,-0.1031762883067131,3.7710559368133545,-0.11629775911569595,0.0,-1.0,-4.112720489501953e-06,0.0,0.9580078125,0.60986328125
2010,566,-0.1961071938276291,3.7710559368133545,-1.3453292702081399e-08,0.0,-1.0,0.0,0.0,0.96533203125,0.6357421875
2011,562,-0.13482549786567688,3.7710559368133545,-0.14794693887233734,0.0,-1.0,-4.112720489501953e-06,0.0,0.96533203125,0.60986328125
2012,565,-0.1031762883067131,3.7710559368133545,-0.11629775911569595,0.0,-1.0,-4.112720489501953e-06,0.0,0.9580078125,0.60986328125
2013,566,-0.1961071938276291,3.7710559368133545,-1.3453292702081399e-08,0.0,-1.0,0.0,0.0,0.96533203125,0.6357421875
2014,565,-0.1031762883067131,3.7710559368133545,-0.11629775911569595,0.0,-1.0,-4.112720489501953e-06,0.0,0.9580078125,0.60986328125
2015,567,-0.15134848654270172,3.7710559368133545,-1.3453292702081399e-08,0.0,-1.0,0.0,0.0,0.9580078125,0.6357421875
2016,568,-0.13482549786567688,3.7710559368133545,0.14794693887233734,0.0,-1.0,0.0,0.0,0.96533203125,0.66162109375
2017,566,-0.1961071938276291,3.7710559368133545,-1.3453292702081399e-08,0.0,-1.0,0.0,0.0,0.96533203125,0.6357421875
2018,567,-0.15134848654270172,3.7710559368133545,-1.3453292702081399e-08,0.0,-1.0,0.0,0.0,0.9580078125,0.6357421875
2019,568,-0.13482549786567688,3.7710559368133545,0.14794693887233734,0.0,-1.0,0.0,0.0,0.96533203125,0.66162109375
2020,567,-0.15134848654270172,3.7710559368133545,-1.3453292702081399e-08,0.0,-1.0,0.0,0.0,0.9580078125,0.6357421875
2021,569,-0.1031763032078743,3.7710559368133545,0.11629773676395416,0.0,-1.0,0.0,0.0,0.9580078125,0.66162109375
2022,570,0.013121474534273148,3.7710559368133545,0.20922857522964478,0.0,-1.0,0.0,0.0,0.96533203125,0.6875
2023,568,-0.13482549786567688,3.7710559368133545,0.14794693887233734,0.0,-1.0,0.0,0.0,0.96533203125,0.66162109375
2024,569,-0.1031763032078743,3.7710559368133545,0.11629773676395416,0.0,-1.0,0.0,0.0,0.9580078125,0.66162109375
2025,570,0.013121474534273148,3.7710559368133545,0.20922857522964478,0.0,-1.0,0.0,0.0,0.96533203125,0.6875
2026,569,-0.1031763032078743,3.7710559368133545,0.11629773676395416,0.0,-1.0,0.0,0.0,0.9580078125,0.66162109375
2027,571,0.013121474534273148,3.7710559368133545,0.1644698679447174,0.0,-1.0,0.0,0.0,0.9580078125,0.6875
2028,572,0.16106843948364258,3.7710559368133545,0.14794693887233734,0.0,-1.0,2.086162567138672e-06,0.0,0.96533203125,0.71337890625
2029,570,0.013121474534273148,3.7710559368133545,0.20922857522964478,0.0,-1.0,0.0,0.0,0.96533203125,0.6875
2030,571,0.013121474534273148,3.7710559368133545,0.1644698679447174,0.0,-1.0,0.0,0.0,0.9580078125,0.6875
2031,572,0.16106843948364258,3.7710559368133545,0.14794693887233734,0.0,-1.0,2.086162567138672e-06,0.0,0.96533203125,0.71337890625
2032,571,0.013121474534273148,3.7710559368133545,0.1644698679447174,0.0,-1.0,0.0,0.0,0.9580078125,0.6875
2033,573,0.1294192522764206,3.7710559368133545,0.11629772931337357,0.0,-1.0,2.086162567138672e-06,0.0,0.9580078125,0.71337890625
2034,574,0.22235007584095,3.7710559368133545,-1.3453292702081399e-08,0.0,-1.0,0.0,0.0,0.96533203125,0.7392578125
2035,572,0.16106843948364258,3.7710559368133545,0.14794693887233734,0.0,-1.0,2.086162567138672e-06,0.0,0.96533203125,0.71337890625
2036,573,0.1294192522764206,3.7710559368133545,0.11629772931337357,0.0,-1.0,2.086162567138672e-06,0.0,0.9580078125,0.71337890625
2037,574,0.22235007584095,3.7710559368133545,-1.3453292702081399e-08,0.0,-1.0,0.0,0.0,0.96533203125,0.7392578125
2038,573,0.1294192522764206,3.7710559368133545,0.11629772931337357,0.0,-1.0,2.086162567138672e-06,0.0,0.9580078125,0.71337890625
2039,575,0.17759138345718384,3.7710559368133545,-1.3453292702081399e-08,0.0,-1.0,0.0,0.0,0.9580078125,0.7392578125
2040,576,0.16106843948364258,3.7710559368133545,-0.14794693887233734,0.0,-1.0,-2.086162567138672e-06,0.0,0.96533203125,0.76513671875
2041,574,0.22235007584095,3.7710559368133545,-1.3453292702081399e-08,0.0,-1.0,0.0,0.0,0.96533203125,0.7392578125
2042,575,0.17759138345718384,3.7710559368133545,-1.3453292702081399e-08,0.0,-1.0,0.0,0.0,0.9580078125,0.7392578125
2043,576,0.16106843948364258,3.7710559368133545,-0.14794693887233734,0.0,-1.0,-2.086162567138672e-06,0.0,0.96533203125,0.76513671875
2044,575,0.17759138345718384,3.7710559368133545,-1.3453292702081399e-08,0.0,-1.0,0.0,0.0,0.9580078125,0.7392578125
2045,577,0.1294192522764206,3.7710559368133545,-0.11629775911569595,0.0,-1.0,-2.086162567138672e-06,0.0,0.9580078125,0.76513671875
2046,578,0.013121474534273148,3.7710559368133545,-0.20922857522964478,0.0,-1.0,-4.112720489501953e-06,0.0,0.96533203125,0.791015625
2047,576,0.16106843948364258,3.7710559368133545,-0.14794693887233734,0.0,-1.0,-2.086162567138672e-06,0.0,0.96533203125,0.76513671875
2048,577,0.1294192522764206,3.7710559368133545,-0.11629775911569595,0.0,-1.0,-2.086162567138672e-06,0.0,0.9580078125,0.76513671875
2049,578,0.013121474534273148,3.7710559368133545,-0.20922857522964478,0.0,-1.0,-4.112720489501953e-06,0.0,0.96533203125,0.791015625
2050,577,0.1294192522764206,3.7710559368133545,-0.11629775911569595,0.0,-1.0,-2.086162567138672e-06,0.0,0.9580078125,0.76513671875
2051,579,0.013121474534273148,3.7710559368133545,-0.1644698679447174,0.0,-1.0,-4.112720489501953e-06,0.0,0.9580078125,0.791015625
2052,580,0.013121474534273148,3.847217082977295,-0.20922857522964478,0.0,1.0,-8.285045623779297e-06,0.0,0.9833984375,0.583984375
2053,581,-0.1031762883067131,3.847217082977295,-0.11629775911569595,0.0,1.0,-4.112720489501953e-06,0.0,0.990234375,0.60986328125
2054,582,0.013121474534273148,3.847217082977295,-0.1644698679447174,0.0,1.0,-8.285045623779297e-06,0.0,0.990234375,0.583984375
2055,580,0.013121474534273148,3.847217082977295,-0.20922857522964478,0.0,1.0,-8.285045623779297e-06,0.0,0.9833984375,0.583984375
2056,583,-0.13482549786567688,3.847217082977295,-0.14794693887233734,0.0,1.0,-4.112720489501953e-06,0.0,0.9833984375,0.60986328125
2057,581,-0.1031762883067131,3.847217082977295,-0.11629775911569595,0.0,1.0,-4.112720489501953e-06,0.0,0.990234375,0.60986328125
2058,583,-0.13482549786567688,3.847217082977295,-0.14794693887233734,0.0,1.0,-4.112720489501953e-06,0.0,0.9833984375,0.60986328125
2059,584,-0.15134848654270172,3.847217082977295,-1.3453292702081399e-08,0.0,1.0,0.0,0.0,0.990234375,0.6357421875
2060,581,-0.1031762883067131,3.847217082977295,-0.11629775911569595,0.0,1.0,-4.112720489501953e-06,0.0,0.990234375,0.60986328125
2061,583,-0.13482549786567688,3.847217082977295,-0.14794693887233734,0.0,1.0,-4.112720489501953e-06,0.0,0.9833984375,0.60986328125
2062,585,-0.1961071938276291,3.847217082977295,-1.3453292702081399e-08,0.0,1.0,0.0,0.0,0.9833984375,0.6357421875
2063,584,-0.15134848654270172,3.847217082977295,-1.3453292702081399e-08,0.0,1.0,0.0,0.0,0.990234375,0.6357421875
2064,585,-0.1961071938276291,3.847217082977295,-1.3453292702081399e-08,0.0,1.0,0.0,0.0,0.9833984375,0.6357421875
2065,586,-0.1031763032078743,3.847217082977295,0.11629773676395416,0.0,1.0,0.0,0.0,0.990234375,0.66162109375
2066,584,-0.15134848654270172,3.847217082977295,-1.3453292702081399e-08,0.0,1.0,0.0,0.0,0.990234375,0.6357421875
2067,585,-0.1961071938276291,3.847217082977295,-1.3453292702081399e-08,0.0,1.0,0.0,0.0,0.9833984375,0.6357421875
2068,587,-0.13482549786567688,3.847217082977295,0.14794693887233734,0.0,1.0,0.0,0.0,0.9833984375,0.66162109375
2069,586,-0.1031763032078743,3.847217082977295,0.11629773676395416,0.0,1.0,0.0,0.0,0.990234375,0.66162109375
2070,587,-0.13482549786567688,3.847217082977295,0.14794693887233734,0.0,1.0,0.0,0.0,0.9833984375,0.66162109375
2071,588,0.013121474534273148,3.847217082977295,0.1644698679447174,0.0,1.0,4.112720489501953e-06,0.0,0.990234375,0.6875
2072,586,-0.1031763032078743,3.847217082977295,0.11629773676395416,0.0,1.0,0.0,0.0,0.990234375,0.66162109375
2073,587,-0.13482549786567688,3.847217082977295,0.14794693887233734,0.0,1.0,0.0,0.0,0.9833984375,0.66162109375
2074,589,0.013121474534273148,3.847217082977295,0.20922857522964478,0.0,1.0,4.112720489501953e-06,0.0,0.9833984375,0.6875
2075,588,0.013121474534273148,3.847217082977295,0.1644698679447174,0.0,1.0,4.112720489501953e-06,0.0,0.990234375,0.6875
2076,589,0.013121474534273148,3.847217082977295,0.20922857522964478,0.0,1.0,4.112720489501953e-06,0.0,0.9833984375,0.6875
2077,590,0.1294192522764206,3.847217082977295,0.11629772931337357,0.0,1.0,2.086162567138672e-06,0.0,0.990234375,0.71337890625
2078,588,0.013121474534273148,3.847217082977295,0.1644698679447174,0.0,1.0,4.112720489501953e-06,0.0,0.990234375,0.6875
2079,589,0.013121474534273148,3.847217082977295,0.20922857522964478,0.0,1.0,4.112720489501953e-06,0.0,0.9833984375,0.6875
2080,591,0.16106843948364258,3.847217082977295,0.14794693887233734,0.0,1.0,2.086162567138672e-06,0.0,0.9833984375,0.71337890625
2081,590,0.1294192522764206,3.847217082977295,0.11629772931337357,0.0,1.0,2.086162567138672e-06,0.0,0.990234375,0.71337890625
2082,591,0.16106843948364258,3.847217082977295,0.14794693887233734,0.0,1.0,2.086162567138672e-06,0.0,0.9833984375,0.71337890625
2083,592,0.17759138345718384,3.847217082977295,-1.3453292702081399e-08,0.0,1.0,0.0,0.0,0.990234375,0.7392578125
2084,590,0.1294192522764206,3.847217082977295,0.11629772931337357,0.0,1.0,2.086162567138672e-06,0.0,0.990234375,0.71337890625
2085,591,0.16106843948364258,3.847217082977295,0.14794693887233734,0.0,1.0,2.086162567138672e-06,0.0,0.9833984375,0.71337890625
2086,593,0.22235007584095,3.847217082977295,-1.3453292702081399e-08,0.0,1.0,0.0,0.0,0.9833984375,0.7392578125
2087,592,0.17759138345718384,3.847217082977295,-1.3453292702081399e-08,0.0,1.0,0.0,0.0,0.990234375,0.7392578125
2088,593,0.22235007584095,3.847217082977295,-1.3453292702081399e-08,0.0,1.0,0.0,0.0,0.9833984375,0.7392578125
2089,594,0.1294192522764206,3.847217082977295,-0.11629775911569595,0.0,1.0,-2.086162567138672e-06,0.0,0.990234375,0.76513671875
2090,592,0.17759138345718384,3.847217082977295,-1.3453292702081399e-08,0.0,1.0,0.0,0.0,0.990234375,0.7392578125
2091,593,0.22235007584095,3.847217082977295,-1.3453292702081399e-08,0.0,1.0,0.0,0.0,0.9833984375,0.7392578125
2092,595,0.16106843948364258,3.847217082977295,-0.14794693887233734,0.0,1.0,-2.086162567138672e-06,0.0,0.9833984375,0.76513671875
2093,594,0.1294192522764206,3.847217082977295,-0.11629775911569595,0.0,1.0,-2.086162567138672e-06,0.0,0.990234375,0.76513671875
2094,595,0.16106843948364258,3.847217082977295,-0.14794693887233734,0.0,1.0,-2.086162567138672e-06,0.0,0.9833984375,0.76513671875
2095,596,0.013121474534273148,3.847217082977295,-0.1644698679447174,0.0,1.0,-8.285045623779297e-06,0.0,0.990234375,0.791015625
2096,594,0.1294192522764206,3.847217082977295,-0.11629775911569595,0.0,1.0,-2.086162567138672e-06,0.0,0.990234375,0.76513671875
2097,595,0.16106843948364258,3.847217082977295,-0.14794693887233734,0.0,1.0,-2.086162567138672e-06,0.0,0.9833984375,0.76513671875
2098,597,0.013121474534273148,3.847217082977295,-0.20922857522964478,0.0,1.0,-8.285045623779297e-06,0.0,0.9833984375,0.791015625
2099,596,0.013121474534273148,3.847217082977295,-0.1644698679447174,0.0,1.0,-8.285045623779297e-06,0.0,0.990234375,0.791015625
2100,598,-0.14092223346233368,6.904073715209961,-0.15404367446899414,-0.70703125,0.0,-0.70703125,0.0,0.2509765625,0.98828125
2101,599,0.013121475465595722,6.997796058654785,-0.21785065531730652,0.0,0.0,-1.0,0.0,0.2249755859375,0.96630859375
2102,600,0.013121475465595722,6.904073715209961,-0.21785065531730652,0.0,0.0,-1.0,0.0,0.2249755859375,0.98828125
2103,598,-0.14092223346233368,6.904073715209961,-0.15404367446899414,-0.70703125,0.0,-0.70703125,0.0,0.2509765625,0.98828125
2104,601,-0.14092223346233368,6.997796058654785,-0.15404367446899414,-0.70703125,0.0,-0.70703125,0.0,0.2509765625,0.96630859375
2105,599,0.013121475465595722,6.997796058654785,-0.21785065531730652,0.0,0.0,-1.0,0.0,0.2249755859375,0.96630859375
2106,602,-0.20472928881645203,6.904073715209961,-1.4007689230766118e-08,-1.0,0.0,1.6689300537109375e-06,0.0,0.27685546875,0.98828125
2107,601,-0.14092223346233368,6.997796058654785,-0.15404367446899414,-0.70703125,0.0,-0.70703125,0.0,0.2509765625,0.96630859375
2108,598,-0.14092223346233368,6.904073715209961,-0.15404367446899414,-0.70703125,0.0,-0.70703125,0.0,0.2509765625,0.98828125
2109,602,-0.20472928881645203,6.904073715209961,-1.4007689230766118e-08,-1.0,0.0,1.6689300537109375e-06,0.0,0.27685546875,0.98828125
2110,603,-0.20472928881645203,6.997796058654785,-1.4007689230766118e-08,-1.0,0.0,1.6689300537109375e-06,0.0,0.27685546875,0.96630859375
2111,601,-0.14092223346233368,6.997796058654785,-0.15404367446899414,-0.70703125,0.0,-0.70703125,0.0,0.2509765625,0.96630859375
2112,604,-0.14092224836349487,6.904073715209961,0.15404367446899414,-0.70703125,0.0,0.70703125,0.0,0.302734375,0.98828125
2113,603,-0.20472928881645203,6.997796058654785,-1.4007689230766118e-08,-1.0,0.0,1.6689300537109375e-06,0.0,0.27685546875,0.96630859375
2114,602,-0.20472928881645203,6.904073715209961,-1.4007689230766118e-08,-1.0,0.0,1.6689300537109375e-06,0.0,0.27685546875,0.98828125
2115,604,-0.14092224836349487,6.904073715209961,0.15404367446899414,-0.70703125,0.0,0.70703125,0.0,0.302734375,0.98828125
2116,605,-0.14092224836349487,6.997796058654785,0.15404367446899414,-0.70703125,0.0,0.70703125,0.0,0.302734375,0.96630859375
2117,603,-0.20472928881645203,6.997796058654785,-1.4007689230766118e-08,-1.0,0.0,1.6689300537109375e-06,0.0,0.27685546875,0.96630859375
2118,606,0.013121475465595722,6.904073715209961,0.21785065531730652,0.0,0.0,1.0,0.0,0.32861328125,0.98828125
2119,605,-0.14092224836349487,6.997796058654785,0.15404367446899414,-0.70703125,0.0,0.70703125,0.0,0.302734375,0.96630859375
2120,604,-0.14092224836349487,6.904073715209961,0.15404367446899414,-0.70703125,0.0,0.70703125,0.0,0.302734375,0.98828125
2121,606,0.013121475465595722,6.904073715209961,0.21785065531730652,0.0,0.0,1.0,0.0,0.32861328125,0.98828125
2122,607,0.013121475465595722,6.997796058654785,0.21785065531730652,0.0,0.0,1.0,0.0,0.32861328125,0.96630859375
2123,605,-0.14092224836349487,6.997796058654785,0.15404367446899414,-0.70703125,0.0,0.70703125,0.0,0.302734375,0.96630859375
2124,608,0.16716517508029938,6.904073715209961,0.15404367446899414,0.70703125,0.0,0.70703125,0.0,0.354736328125,0.98828125
2125,607,0.013121475465595722,6.997796058654785,0.21785065531730652,0.0,0.0,1.0,0.0,0.32861328125,0.96630859375
2126,606,0.013121475465595722,6.904073715209961,0.21785065531730652,0.0,0.0,1.0,0.0,0.32861328125,0.98828125
2127,608,0.16716517508029938,6.904073715209961,0.15404367446899414,0.70703125,0.0,0.70703125,0.0,0.354736328125,0.98828125
2128,609,0.16716517508029938,6.997796058654785,0.15404367446899414,0.70703125,0.0,0.70703125,0.0,0.354736328125,0.96630859375
2129,607,0.013121475465595722,6.997796058654785,0.21785065531730652,0.0,0.0,1.0,0.0,0.32861328125,0.96630859375
2130,610,0.23097217082977295,6.904073715209961,-1.4007689230766118e-08,1.0,0.0,0.0,0.0,0.380615234375,0.98828125
2131,609,0.16716517508029938,6.997796058654785,0.15404367446899414,0.70703125,0.0,0.70703125,0.0,0.354736328125,0.96630859375
2132,608,0.16716517508029938,6.904073715209961,0.15404367446899414,0.70703125,0.0,0.70703125,0.0,0.354736328125,0.98828125
2133,610,0.23097217082977295,6.904073715209961,-1.4007689230766118e-08,1.0,0.0,0.0,0.0,0.380615234375,0.98828125
2134,611,0.23097217082977295,6.997796058654785,-1.4007689230766118e-08,1.0,0.0,0.0,0.0,0.380615234375,0.96630859375
2135,609,0.16716517508029938,6.997796058654785,0.15404367446899414,0.70703125,0.0,0.70703125,0.0,0.354736328125,0.96630859375
2136,612,0.16716517508029938,6.904073715209961,-0.15404367446899414,0.70703125,0.0,-0.70703125,0.0,0.406494140625,0.98828125
2137,611,0.23097217082977295,6.997796058654785,-1.4007689230766118e-08,1.0,0.0,0.0,0.0,0.380615234375,0.96630859375
2138,610,0.23097217082977295,6.904073715209961,-1.4007689230766118e-08,1.0,0.0,0.0,0.0,0.380615234375,0.98828125
2139,612,0.16716517508029938,6.904073715209961,-0.15404367446899414,0.70703125,0.0,-0.70703125,0.0,0.406494140625,0.98828125
2140,613,0.16716517508029938,6.997796058654785,-0.15404367446899414,0.70703125,0.0,-0.70703125,0.0,0.406494140625,0.96630859375
2141,611,0.23097217082977295,6.997796058654785,-1.4007689230766118e-08,1.0,0.0,0.0,0.0,0.380615234375,0.96630859375
2142,614,0.013121475465595722,6.904073715209961,-0.21785065531730652,0.0,0.0,-1.0,0.0,0.4326171875,0.98828125
2143,613,0.16716517508029938,6.997796058654785,-0.15404367446899414,0.70703125,0.0,-0.70703125,0.0,0.406494140625,0.96630859375
2144,612,0.16716517508029938,6.904073715209961,-0.15404367446899414,0.70703125,0.0,-0.70703125,0.0,0.406494140625,0.98828125
2145,614,0.013121475465595722,6.904073715209961,-0.21785065531730652,0.0,0.0,-1.0,0.0,0.4326171875,0.98828125
2146,615,0.013121475465595722,6.997796058654785,-0.21785065531730652,0.0,0.0,-1.0,0.0,0.4326171875,0.96630859375
2147,613,0.16716517508029938,6.997796058654785,-0.15404367446899414,0.70703125,0.0,-0.70703125,0.0,0.406494140625,0.96630859375
2148,616,-0.14092223346233368,6.904073715209961,-0.15404367446899414,0.0,-1.0,0.0,0.0,0.2509765625,0.98828125
2149,617,0.013121475465595722,6.904073715209961,-0.21785065531730652,0.0,-1.0,0.0,0.0,0.2249755859375,0.98828125
2150,618,0.013121474534273148,6.904073715209961,-0.1644698679447174,0.0,-1.0,0.0,0.0,0.2249755859375,0.99560546875
2151,616,-0.14092223346233368,6.904073715209961,-0.15404367446899414,0.0,-1.0,0.0,0.0,0.2509765625,0.98828125
2152,618,0.013121474534273148,6.904073715209961,-0.1644698679447174,0.0,-1.0,0.0,0.0,0.2249755859375,0.99560546875
2153,619,-0.1031762883067131,6.904073715209961,-0.11629775911569595,0.0,-1.0,0.0,0.0,0.2509765625,0.99560546875
2154,620,-0.20472928881645203,6.904073715209961,-1.4007689230766118e-08,0.0,-1.0,0.0,0.0,0.27685546875,0.98828125
2155,616,-0.14092223346233368,6.904073715209961,-0.15404367446899414,0.0,-1.0,0.0,0.0,0.2509765625,0.98828125
2156,619,-0.1031762883067131,6.904073715209961,-0.11629775911569595,0.0,-1.0,0.0,0.0,0.2509765625,0.99560546875
2157,620,-0.20472928881645203,6.904073715209961,-1.4007689230766118e-08,0.0,-1.0,0.0,0.0,0.27685546875,0.98828125
2158,619,-0.1031762883067131,6.904073715209961,-0.11629775911569595,0.0,-1.0,0.0,0.0,0.2509765625,0.99560546875
2159,621,-0.15134848654270172,6.904073715209961,-1.3453292702081399e-08,0.0,-1.0,0.0,0.0,0.27685546875,0.99560546875
2160,622,-0.14092224836349487,6.904073715209961,0.15404367446899414,0.0,-1.0,0.0,0.0,0.302734375,0.98828125
2161,620,-0.20472928881645203,6.904073715209961,-1.4007689230766118e-08,0.0,-1.0,0.0,0.0,0.27685546875,0.98828125
2162,621,-0.15134848654270172,6.904073715209961,-1.3453292702081399e-08,0.0,-1.0,0.0,0.0,0.27685546875,0.99560546875
2163,622,-0.14092224836349487,6.904073715209961,0.15404367446899414,0.0,-1.0,0.0,0.0,0.302734375,0.98828125
2164,621,-0.15134848654270172,6.904073715209961,-1.3453292702081399e-08,0.0,-1.0,0.0,0.0,0.27685546875,0.99560546875
2165,623,-0.1031763032078743,6.904073715209961,0.11629773676395416,0.0,-1.0,0.0,0.0,0.302734375,0.99560546875
2166,624,0.013121475465595722,6.904073715209961,0.21785065531730652,0.0,-1.0,0.0,0.0,0.32861328125,0.98828125
2167,622,-0.14092224836349487,6.904073715209961,0.15404367446899414,0.0,-1.0,0.0,0.0,0.302734375,0.98828125
2168,623,-0.1031763032078743,6.904073715209961,0.11629773676395416,0.0,-1.0,0.0,0.0,0.302734375,0.99560546875
2169,624,0.013121475465595722,6.904073715209961,0.21785065531730652,0.0,-1.0,0.0,0.0,0.32861328125,0.98828125
2170,623,-0.1031763032078743,6.904073715209961,0.11629773676395416,0.0,-1.0,0.0,0.0,0.302734375,0.99560546875
2171,625,0.013121474534273148,6.904073715209961,0.1644698679447174,0.0,-1.0,0.0,0.0,0.32861328125,0.99560546875
2172,626,0.16716517508029938,6.904073715209961,0.15404367446899414,0.0,-1.0,-3.3974647521972656e-06,0.0,0.354736328125,0.98828125
2173,624,0.013121475465595722,6.904073715209961,0.21785065531730652,0.0,-1.0,0.0,0.0,0.32861328125,0.98828125
2174,625,0.013121474534273148,6.904073715209961,0.1644698679447174,0.0,-1.0,0.0,0.0,0.32861328125,0.99560546875
2175,626,0.16716517508029938,6.904073715209961,0.15404367446899414,0.0,-1.0,-3.3974647521972656e-06,0.0,0.354736328125,0.98828125
2176,625,0.013121474534273148,6.904073715209961,0.1644698679447174,0.0,-1.0,0.0,0.0,0.32861328125,0.99560546875
2177,627,0.1294192522764206,6.904073715209961,0.11629772931337357,0.0,-1.0,-3.3974647521972656e-06,0.0,0.354736328125,0.99560546875
2178,628,0.23097217082977295,6.904073715209961,-1.4007689230766118e-08,0.0,-1.0,0.0,0.0,0.380615234375,0.98828125
2179,626,0.16716517508029938,6.904073715209961,0.15404367446899414,0.0,-1.0,-3.3974647521972656e-06,0.0,0.354736328125,0.98828125
2180,627,0.1294192522764206,6.904073715209961,0.11629772931337357,0.0,-1.0,-3.3974647521972656e-06,0.0,0.354736328125,0.99560546875
2181,628,0.23097217082977295,6.904073715209961,-1.4007689230766118e-08,0.0,-1.0,0.0,0.0,0.380615234375,0.98828125
2182,627,0.1294192522764206,6.904073715209961,0.11629772931337357,0.0,-1.0,-3.3974647521972656e-06,0.0,0.354736328125,0.99560546875
2183,629,0.17759138345718384,6.904073715209961,-1.3453292702081399e-08,0.0,-1.0,0.0,0.0,0.380615234375,0.99560546875
2184,630,0.16716517508029938,6.904073715209961,-0.15404367446899414,0.0,-1.0,3.3974647521972656e-06,0.0,0.406494140625,0.98828125
2185,628,0.23097217082977295,6.904073715209961,-1.4007689230766118e-08,0.0,-1.0,0.0,0.0,0.380615234375,0.98828125
2186,629,0.17759138345718384,6.904073715209961,-1.3453292702081399e-08,0.0,-1.0,0.0,0.0,0.380615234375,0.99560546875
2187,630,0.16716517508029938,6.904073715209961,-0.15404367446899414,0.0,-1.0,3.3974647521972656e-06,0.0,0.406494140625,0.98828125
2188,629,0.17759138345718384,6.904073715209961,-1.3453292702081399e-08,0.0,-1.0,0.0,0.0,0.380615234375,0.99560546875
2189,631,0.1294192522764206,6.904073715209961,-0.11629775911569595,0.0,-1.0,3.3974647521972656e-06,0.0,0.406494140625,0.99560546875
2190,632,0.013121475465595722,6.904073715209961,-0.21785065531730652,0.0,-1.0,0.0,0.0,0.4326171875,0.98828125
2191,630,0.16716517508029938,6.904073715209961,-0.15404367446899414,0.0,-1.0,3.3974647521972656e-06,0.0,0.406494140625,0.98828125
2192,631,0.1294192522764206,6.904073715209961,-0.11629775911569595,0.0,-1.0,3.3974647521972656e-06,0.0,0.406494140625,0.99560546875
2193,632,0.013121475465595722,6.904073715209961,-0.21785065531730652,0.0,-1.0,0.0,0.0,0.4326171875,0.98828125
2194,631,0.1294192522764206,6.904073715209961,-0.11629775911569595,0.0,-1.0,3.3974647521972656e-06,0.0,0.406494140625,0.99560546875
2195,633,0.013121474534273148,6.904073715209961,-0.1644698679447174,0.0,-1.0,0.0,0.0,0.4326171875,0.99560546875
2196,634,0.013121475465595722,6.997796058654785,-0.21785065531730652,0.0,1.0,6.794929504394531e-06,0.0,0.2249755859375,0.96630859375
2197,635,-0.1031762883067131,6.997796058654785,-0.11629775911569595,0.0,1.0,6.794929504394531e-06,0.0,0.2509765625,0.958984375
2198,636,0.013121474534273148,6.997796058654785,-0.1644698679447174,0.0,1.0,6.794929504394531e-06,0.0,0.2249755859375,0.958984375
2199,634,0.013121475465595722,6.997796058654785,-0.21785065531730652,0.0,1.0,6.794929504394531e-06,0.0,0.2249755859375,0.96630859375
2200,637,-0.14092223346233368,6.997796058654785,-0.15404367446899414,0.0,1.0,6.794929504394531e-06,0.0,0.2509765625,0.96630859375
2201,635,-0.1031762883067131,6.997796058654785,-0.11629775911569595,0.0,1.0,6.794929504394531e-06,0.0,0.2509765625,0.958984375
2202,637,-0.14092223346233368,6.997796058654785,-0.15404367446899414,0.0,1.0,6.794929504394531e-06,0.0,0.2509765625,0.96630859375
2203,638,-0.15134848654270172,6.997796058654785,-1.3453292702081399e-08,0.0,1.0,3.3974647521972656e-06,0.0,0.27685546875,0.958984375
2204,635,-0.1031762883067131,6.997796058654785,-0.11629775911569595,0.0,1.0,6.794929504394531e-06,0.0,0.2509765625,0.958984375
2205,637,-0.14092223346233368,6.997796058654785,-0.15404367446899414,0.0,1.0,6.794929504394531e-06,0.0,0.2509765625,0.96630859375
2206,639,-0.20472928881645203,6.997796058654785,-1.4007689230766118e-08,0.0,1.0,3.3974647521972656e-06,0.0,0.27685546875,0.96630859375
2207,638,-0.15134848654270172,6.997796058654785,-1.3453292702081399e-08,0.0,1.0,3.3974647521972656e-06,0.0,0.27685546875,0.958984375
2208,639,-0.20472928881645203,6.997796058654785,-1.4007689230766118e-08,0.0,1.0,3.3974647521972656e-06,0.0,0.27685546875,0.96630859375
2209,640,-0.1031763032078743,6.997796058654785,0.11629773676395416,0.0,1.0,-3.3974647521972656e-06,0.0,0.302734375,0.958984375
2210,638,-0.15134848654270172,6.997796058654785,-1.3453292702081399e-08,0.0,1.0,3.3974647521972656e-06,0.0,0.27685546875,0.958984375
2211,639,-0.20472928881645203,6.997796058654785,-1.4007689230766118e-08,0.0,1.0,3.3974647521972656e-06,0.0,0.27685546875,0.96630859375
2212,641,-0.14092224836349487,6.997796058654785,0.15404367446899414,0.0,1.0,-3.3974647521972656e-06,0.0,0.302734375,0.96630859375
2213,640,-0.1031763032078743,6.997796058654785,0.11629773676395416,0.0,1.0,-3.3974647521972656e-06,0.0,0.302734375,0.958984375
2214,641,-0.14092224836349487,6.997796058654785,0.15404367446899414,0.0,1.0,-3.3974647521972656e-06,0.0,0.302734375,0.96630859375
2215,642,0.013121474534273148,6.997796058654785,0.1644698679447174,0.0,1.0,-6.794929504394531e-06,0.0,0.32861328125,0.958984375
2216,640,-0.1031763032078743,6.997796058654785,0.11629773676395416,0.0,1.0,-3.3974647521972656e-06,0.0,0.302734375,0.958984375
2217,641,-0.14092224836349487,6.997796058654785,0.15404367446899414,0.0,1.0,-3.3974647521972656e-06,0.0,0.302734375,0.96630859375
2218,643,0.013121475465595722,6.997796058654785,0.21785065531730652,0.0,1.0,-6.794929504394531e-06,0.0,0.32861328125,0.96630859375
2219,642,0.013121474534273148,6.997796058654785,0.1644698679447174,0.0,1.0,-6.794929504394531e-06,0.0,0.32861328125,0.958984375
2220,643,0.013121475465595722,6.997796058654785,0.21785065531730652,0.0,1.0,-6.794929504394531e-06,0.0,0.32861328125,0.96630859375
2221,644,0.1294192522764206,6.997796058654785,0.11629772931337357,0.0,1.0,0.0,0.0,0.354736328125,0.958984375
2222,642,0.013121474534273148,6.997796058654785,0.1644698679447174,0.0,1.0,-6.794929504394531e-06,0.0,0.32861328125,0.958984375
2223,643,0.013121475465595722,6.997796058654785,0.21785065531730652,0.0,1.0,-6.794929504394531e-06,0.0,0.32861328125,0.96630859375
2224,645,0.16716517508029938,6.997796058654785,0.15404367446899414,0.0,1.0,0.0,0.0,0.354736328125,0.96630859375
2225,644,0.1294192522764206,6.997796058654785,0.11629772931337357,0.0,1.0,0.0,0.0,0.354736328125,0.958984375
2226,645,0.16716517508029938,6.997796058654785,0.15404367446899414,0.0,1.0,0.0,0.0,0.354736328125,0.96630859375
2227,646,0.17759138345718384,6.997796058654785,-1.3453292702081399e-08,0.0,1.0,0.0,0.0,0.380615234375,0.958984375
2228,644,0.1294192522764206,6.997796058654785,0.11629772931337357,0.0,1.0,0.0,0.0,0.354736328125,0.958984375
2229,645,0.16716517508029938,6.997796058654785,0.15404367446899414,0.0,1.0,0.0,0.0,0.354736328125,0.96630859375
2230,647,0.23097217082977295,6.997796058654785,-1.4007689230766118e-08,0.0,1.0,0.0,0.0,0.380615234375,0.96630859375
2231,646,0.17759138345718384,6.997796058654785,-1.3453292702081399e-08,0.0,1.0,0.0,0.0,0.380615234375,0.958984375
2232,647,0.23097217082977295,6.997796058654785,-1.4007689230766118e-08,0.0,1.0,0.0,0.0,0.380615234375,0.96630859375
2233,648,0.1294192522764206,6.997796058654785,-0.11629775911569595,0.0,1.0,0.0,0.0,0.406494140625,0.958984375
2234,646,0.17759138345718384,6.997796058654785,-1.3453292702081399e-08,0.0,1.0,0.0,0.0,0.380615234375,0.958984375
2235,647,0.23097217082977295,6.997796058654785,-1.4007689230766118e-08,0.0,1.0,0.0,0.0,0.380615234375,0.96630859375
2236,649,0.16716517508029938,6.997796058654785,-0.15404367446899414,0.0,1.0,0.0,0.0,0.406494140625,0.96630859375
2237,648,0.1294192522764206,6.997796058654785,-0.11629775911569595,0.0,1.0,0.0,0.0,0.406494140625,0.958984375
2238,649,0.16716517508029938,6.997796058654785,-0.15404367446899414,0.0,1.0,0.0,0.0,0.406494140625,0.96630859375
2239,650,0.013121474534273148,6.997796058654785,-0.1644698679447174,0.0,1.0,6.794929504394531e-06,0.0,0.4326171875,0.958984375
2240,648,0.1294192522764206,6.997796058654785,-0.11629775911569595,0.0,1.0,0.0,0.0,0.406494140625,0.958984375
2241,649,0.16716517508029938,6.997796058654785,-0.15404367446899414,0.0,1.0,0.0,0.0,0.406494140625,0.96630859375
2242,651,0.013121475465595722,6.997796058654785,-0.21785065531730652,0.0,1.0,6.794929504394531e-06,0.0,0.4326171875,0.96630859375
2243,650,0.013121474534273148,6.997796058654785,-0.1644698679447174,0.0,1.0,6.794929504394531e-06,0.0,0.4326171875,0.958984375
2244,652,-0.13482549786567688,7.523592948913574,-0.14794693887233734,-0.70703125,0.0,-0.70703125,0.0,0.031524658203125,0.98876953125
2245,653,0.013121474534273148,7.618391513824463,-0.20922857522964478,0.0,0.0,-1.0,0.0,0.005584716796875,0.96630859375
2246,654,0.013121474534273148,7.523592948913574,-0.20922857522964478,0.0,0.0,-1.0,0.0,0.005584716796875,0.98876953125
2247,652,-0.13482549786567688,7.523592948913574,-0.14794693887233734,-0.70703125,0.0,-0.70703125,0.0,0.031524658203125,0.98876953125
2248,655,-0.13482549786567688,7.618391513824463,-0.14794693887233734,-0.70703125,0.0,-0.70703125,0.0,0.031524658203125,0.96630859375
2249,653,0.013121474534273148,7.618391513824463,-0.20922857522964478,0.0,0.0,-1.0,0.0,0.005584716796875,0.96630859375
2250,656,-0.1961071938276291,7.523592948913574,-1.3453292702081399e-08,-1.0,0.0,0.0,0.0,0.057464599609375,0.98876953125
2251,655,-0.13482549786567688,7.618391513824463,-0.14794693887233734,-0.70703125,0.0,-0.70703125,0.0,0.031524658203125,0.96630859375
2252,652,-0.13482549786567688,7.523592948913574,-0.14794693887233734,-0.70703125,0.0,-0.70703125,0.0,0.031524658203125,0.98876953125
2253,656,-0.1961071938276291,7.523592948913574,-1.3453292702081399e-08,-1.0,0.0,0.0,0.0,0.057464599609375,0.98876953125
2254,657,-0.1961071938276291,7.618391513824463,-1.3453292702081399e-08,-1.0,0.0,0.0,0.0,0.057464599609375,0.96630859375
2255,655,-0.13482549786567688,7.618391513824463,-0.14794693887233734,-0.70703125,0.0,-0.70703125,0.0,0.031524658203125,0.96630859375
2256,658,-0.13482549786567688,7.523592948913574,0.14794693887233734,-0.70703125,0.0,0.70703125,0.0,0.08343505859375,0.98876953125
2257,657,-0.1961071938276291,7.618391513824463,-1.3453292702081399e-08,-1.0,0.0,0.0,0.0,0.057464599609375,0.96630859375
2258,656,-0.1961071938276291,7.523592948913574,-1.3453292702081399e-08,-1.0,0.0,0.0,0.0,0.057464599609375,0.98876953125
2259,658,-0.13482549786567688,7.523592948913574,0.14794693887233734,-0.70703125,0.0,0.70703125,0.0,0.08343505859375,0.98876953125
2260,659,-0.13482549786567688,7.618391513824463,0.14794693887233734,-0.70703125,0.0,0.70703125,0.0,0.08343505859375,0.96630859375
2261,657,-0.1961071938276291,7.618391513824463,-1.3453292702081399e-08,-1.0,0.0,0.0,0.0,0.057464599609375,0.96630859375
2262,660,0.013121474534273148,7.523592948913574,0.20922857522964478,0.0,0.0,1.0,0.0,0.109375,0.98876953125
2263,659,-0.13482549786567688,7.618391513824463,0.14794693887233734,-0.70703125,0.0,0.70703125,0.0,0.08343505859375,0.96630859375
2264,658,-0.13482549786567688,7.523592948913574,0.14794693887233734,-0.70703125,0.0,0.70703125,0.0,0.08343505859375,0.98876953125
2265,660,0.013121474534273148,7.523592948913574,0.20922857522964478,0.0,0.0,1.0,0.0,0.109375,0.98876953125
2266,661,0.013121474534273148,7.618391513824463,0.20922857522964478,0.0,0.0,1.0,0.0,0.109375,0.96630859375
2267,659,-0.13482549786567688,7.618391513824463,0.14794693887233734,-0.70703125,0.0,0.70703125,0.0,0.08343505859375,0.96630859375
2268,662,0.16106843948364258,7.523592948913574,0.14794693887233734,0.70703125,0.0,0.70703125,0.0,0.1353759765625,0.98876953125
2269,661,0.013121474534273148,7.618391513824463,0.20922857522964478,0.0,0.0,1.0,0.0,0.109375,0.96630859375
2270,660,0.013121474534273148,7.523592948913574,0.20922857522964478,0.0,0.0,1.0,0.0,0.109375,0.98876953125
2271,662,0.16106843948364258,7.523592948913574,0.14794693887233734,0.70703125,0.0,0.70703125,0.0,0.1353759765625,0.98876953125
2272,663,0.16106843948364258,7.618391513824463,0.14794693887233734,0.70703125,0.0,0.70703125,0.0,0.1353759765625,0.96630859375
2273,661,0.013121474534273148,7.618391513824463,0.20922857522964478,0.0,0.0,1.0,0.0,0.109375,0.96630859375
2274,664,0.22235007584095,7.523592948913574,-1.3453292702081399e-08,1.0,0.0,0.0,0.0,0.1612548828125,0.98876953125
2275,663,0.16106843948364258,7.618391513824463,0.14794693887233734,0.70703125,0.0,0.70703125,0.0,0.1353759765625,0.96630859375
2276,662,0.16106843948364258,7.523592948913574,0.14794693887233734,0.70703125,0.0,0.70703125,0.0,0.1353759765625,0.98876953125
2277,664,0.22235007584095,7.523592948913574,-1.3453292702081399e-08,1.0,0.0,0.0,0.0,0.1612548828125,0.98876953125
2278,665,0.22235007584095,7.618391513824463,-1.3453292702081399e-08,1.0,0.0,0.0,0.0,0.1612548828125,0.96630859375
2279,663,0.16106843948364258,7.618391513824463,0.14794693887233734,0.70703125,0.0,0.70703125,0.0,0.1353759765625,0.96630859375
2280,666,0.16106843948364258,7.523592948913574,-0.14794693887233734,0.70703125,0.0,-0.70703125,0.0,0.187255859375,0.98876953125
2281,665,0.22235007584095,7.618391513824463,-1.3453292702081399e-08,1.0,0.0,0.0,0.0,0.1612548828125,0.96630859375
2282,664,0.22235007584095,7.523592948913574,-1.3453292702081399e-08,1.0,0.0,0.0,0.0,0.1612548828125,0.98876953125
2283,666,0.16106843948364258,7.523592948913574,-0.14794693887233734,0.70703125,0.0,-0.70703125,0.0,0.187255859375,0.98876953125
2284,667,0.16106843948364258,7.618391513824463,-0.14794693887233734,0.70703125,0.0,-0.70703125,0.0,0.187255859375,0.96630859375
2285,665,0.22235007584095,7.618391513824463,-1.3453292702081399e-08,1.0,0.0,0.0,0.0,0.1612548828125,0.96630859375
2286,668,0.013121474534273148,7.523592948913574,-0.20922857522964478,0.0,0.0,-1.0,0.0,0.213134765625,0.98876953125
2287,667,0.16106843948364258,7.618391513824463,-0.14794693887233734,0.70703125,0.0,-0.70703125,0.0,0.187255859375,0.96630859375
2288,666,0.16106843948364258,7.523592948913574,-0.14794693887233734,0.70703125,0.0,-0.70703125,0.0,0.187255859375,0.98876953125
2289,668,0.013121474534273148,7.523592948913574,-0.20922857522964478,0.0,0.0,-1.0,0.0,0.213134765625,0.98876953125
2290,669,0.013121474534273148,7.618391513824463,-0.20922857522964478,0.0,0.0,-1.0,0.0,0.213134765625,0.96630859375
2291,667,0.16106843948364258,7.618391513824463,-0.14794693887233734,0.70703125,0.0,-0.70703125,0.0,0.187255859375,0.96630859375
2292,670,-0.13482549786567688,7.523592948913574,-0.14794693887233734,0.0,-1.0,-4.112720489501953e-06,0.0,0.031524658203125,0.98876953125
2293,671,0.013121474534273148,7.523592948913574,-0.20922857522964478,0.0,-1.0,0.0,0.0,0.005584716796875,0.98876953125
2294,672,0.013121474534273148,7.523592948913574,-0.1644698679447174,0.0,-1.0,0.0,0.0,0.005584716796875,0.99560546875
2295,670,-0.13482549786567688,7.523592948913574,-0.14794693887233734,0.0,-1.0,-4.112720489501953e-06,0.0,0.031524658203125,0.98876953125
2296,672,0.013121474534273148,7.523592948913574,-0.1644698679447174,0.0,-1.0,0.0,0.0,0.005584716796875,0.99560546875
2297,673,-0.1031762883067131,7.523592948913574,-0.11629775911569595,0.0,-1.0,-4.112720489501953e-06,0.0,0.031524658203125,0.99560546875
2298,674,-0.1961071938276291,7.523592948913574,-1.3453292702081399e-08,0.0,-1.0,-4.112720489501953e-06,0.0,0.057464599609375,0.98876953125
2299,670,-0.13482549786567688,7.523592948913574,-0.14794693887233734,0.0,-1.0,-4.112720489501953e-06,0.0,0.031524658203125,0.98876953125
2300,673,-0.1031762883067131,7.523592948913574,-0.11629775911569595,0.0,-1.0,-4.112720489501953e-06,0.0,0.031524658203125,0.99560546875
2301,674,-0.1961071938276291,7.523592948913574,-1.3453292702081399e-08,0.0,-1.0,-4.112720489501953e-06,0.0,0.057464599609375,0.98876953125
2302,673,-0.1031762883067131,7.523592948913574,-0.11629775911569595,0.0,-1.0,-4.112720489501953e-06,0.0,0.031524658203125,0.99560546875
2303,675,-0.15134848654270172,7.523592948913574,-1.3453292702081399e-08,0.0,-1.0,-4.112720489501953e-06,0.0,0.057464599609375,0.99560546875
2304,676,-0.13482549786567688,7.523592948913574,0.14794693887233734,0.0,-1.0,0.0,0.0,0.08343505859375,0.98876953125
2305,674,-0.1961071938276291,7.523592948913574,-1.3453292702081399e-08,0.0,-1.0,-4.112720489501953e-06,0.0,0.057464599609375,0.98876953125
2306,675,-0.15134848654270172,7.523592948913574,-1.3453292702081399e-08,0.0,-1.0,-4.112720489501953e-06,0.0,0.057464599609375,0.99560546875
2307,676,-0.13482549786567688,7.523592948913574,0.14794693887233734,0.0,-1.0,0.0,0.0,0.08343505859375,0.98876953125
2308,675,-0.15134848654270172,7.523592948913574,-1.3453292702081399e-08,0.0,-1.0,-4.112720489501953e-06,0.0,0.057464599609375,0.99560546875
2309,677,-0.1031763032078743,7.523592948913574,0.11629773676395416,0.0,-1.0,0.0,0.0,0.08343505859375,0.99560546875
2310,678,0.013121474534273148,7.523592948913574,0.20922857522964478,0.0,-1.0,0.0,0.0,0.109375,0.98876953125
2311,676,-0.13482549786567688,7.523592948913574,0.14794693887233734,0.0,-1.0,0.0,0.0,0.08343505859375,0.98876953125
2312,677,-0.1031763032078743,7.523592948913574,0.11629773676395416,0.0,-1.0,0.0,0.0,0.08343505859375,0.99560546875
2313,678,0.013121474534273148,7.523592948913574,0.20922857522964478,0.0,-1.0,0.0,0.0,0.109375,0.98876953125
2314,677,-0.1031763032078743,7.523592948913574,0.11629773676395416,0.0,-1.0,0.0,0.0,0.08343505859375,0.99560546875
2315,679,0.013121474534273148,7.523592948913574,0.1644698679447174,0.0,-1.0,0.0,0.0,0.109375,0.99560546875
2316,680,0.16106843948364258,7.523592948913574,0.14794693887233734,0.0,-1.0,-4.112720489501953e-06,0.0,0.1353759765625,0.98876953125
2317,678,0.013121474534273148,7.523592948913574,0.20922857522964478,0.0,-1.0,0.0,0.0,0.109375,0.98876953125
2318,679,0.013121474534273148,7.523592948913574,0.1644698679447174,0.0,-1.0,0.0,0.0,0.109375,0.99560546875
2319,680,0.16106843948364258,7.523592948913574,0.14794693887233734,0.0,-1.0,-4.112720489501953e-06,0.0,0.1353759765625,0.98876953125
2320,679,0.013121474534273148,7.523592948913574,0.1644698679447174,0.0,-1.0,0.0,0.0,0.109375,0.99560546875
2321,681,0.1294192522764206,7.523592948913574,0.11629772931337357,0.0,-1.0,-4.112720489501953e-06,0.0,0.1353759765625,0.99560546875
2322,682,0.22235007584095,7.523592948913574,-1.3453292702081399e-08,0.0,-1.0,-4.112720489501953e-06,0.0,0.1612548828125,0.98876953125
2323,680,0.16106843948364258,7.523592948913574,0.14794693887233734,0.0,-1.0,-4.112720489501953e-06,0.0,0.1353759765625,0.98876953125
2324,681,0.1294192522764206,7.523592948913574,0.11629772931337357,0.0,-1.0,-4.112720489501953e-06,0.0,0.1353759765625,0.99560546875
2325,682,0.22235007584095,7.523592948913574,-1.3453292702081399e-08,0.0,-1.0,-4.112720489501953e-06,0.0,0.1612548828125,0.98876953125
2326,681,0.1294192522764206,7.523592948913574,0.11629772931337357,0.0,-1.0,-4.112720489501953e-06,0.0,0.1353759765625,0.99560546875
2327,683,0.17759138345718384,7.523592948913574,-1.3453292702081399e-08,0.0,-1.0,-4.112720489501953e-06,0.0,0.1612548828125,0.99560546875
2328,684,0.16106843948364258,7.523592948913574,-0.14794693887233734,0.0,-1.0,0.0,0.0,0.187255859375,0.98876953125
2329,682,0.22235007584095,7.523592948913574,-1.3453292702081399e-08,0.0,-1.0,-4.112720489501953e-06,0.0,0.1612548828125,0.98876953125
2330,683,0.17759138345718384,7.523592948913574,-1.3453292702081399e-08,0.0,-1.0,-4.112720489501953e-06,0.0,0.1612548828125,0.99560546875
2331,684,0.16106843948364258,7.523592948913574,-0.14794693887233734,0.0,-1.0,0.0,0.0,0.187255859375,0.98876953125
2332,683,0.17759138345718384,7.523592948913574,-1.3453292702081399e-08,0.0,-1.0,-4.112720489501953e-06,0.0,0.1612548828125,0.99560546875
2333,685,0.1294192522764206,7.523592948913574,-0.11629775911569595,0.0,-1.0,0.0,0.0,0.187255859375,0.99560546875
2334,686,0.013121474534273148,7.523592948913574,-0.20922857522964478,0.0,-1.0,0.0,0.0,0.213134765625,0.98876953125
2335,684,0.16106843948364258,7.523592948913574,-0.14794693887233734,0.0,-1.0,0.0,0.0,0.187255859375,0.98876953125
2336,685,0.1294192522764206,7.523592948913574,-0.11629775911569595,0.0,-1.0,0.0,0.0,0.187255859375,0.99560546875
2337,686,0.013121474534273148,7.523592948913574,-0.20922857522964478,0.0,-1.0,0.0,0.0,0.213134765625,0.98876953125
2338,685,0.1294192522764206,7.523592948913574,-0.11629775911569595,0.0,-1.0,0.0,0.0,0.187255859375,0.99560546875
2339,687,0.013121474534273148,7.523592948913574,-0.1644698679447174,0.0,-1.0,0.0,0.0,0.213134765625,0.99560546875
2340,688,0.013121474534273148,7.618391513824463,-0.20922857522964478,0.0,1.0,0.0,0.0,0.005584716796875,0.96630859375
2341,689,-0.1031762883067131,7.618391513824463,-0.11629775911569595,0.0,1.0,0.0,0.0,0.031524658203125,0.958984375
2342,690,0.013121474534273148,7.618391513824463,-0.1644698679447174,0.0,1.0,0.0,0.0,0.005584716796875,0.958984375
2343,688,0.013121474534273148,7.618391513824463,-0.20922857522964478,0.0,1.0,0.0,0.0,0.005584716796875,0.96630859375
2344,691,-0.13482549786567688,7.618391513824463,-0.14794693887233734,0.0,1.0,0.0,0.0,0.031524658203125,0.96630859375
2345,689,-0.1031762883067131,7.618391513824463,-0.11629775911569595,0.0,1.0,0.0,0.0,0.031524658203125,0.958984375
2346,691,-0.13482549786567688,7.618391513824463,-0.14794693887233734,0.0,1.0,0.0,0.0,0.031524658203125,0.96630859375
2347,692,-0.15134848654270172,7.618391513824463,-1.3453292702081399e-08,0.0,1.0,4.112720489501953e-06,0.0,0.057464599609375,0.958984375
2348,689,-0.1031762883067131,7.618391513824463,-0.11629775911569595,0.0,1.0,0.0,0.0,0.031524658203125,0.958984375
2349,691,-0.13482549786567688,7.618391513824463,-0.14794693887233734,0.0,1.0,0.0,0.0,0.031524658203125,0.96630859375
2350,693,-0.1961071938276291,7.618391513824463,-1.3453292702081399e-08,0.0,1.0,4.112720489501953e-06,0.0,0.057464599609375,0.96630859375
2351,692,-0.15134848654270172,7.618391513824463,-1.3453292702081399e-08,0.0,1.0,4.112720489501953e-06,0.0,0.057464599609375,0.958984375
2352,693,-0.1961071938276291,7.618391513824463,-1.3453292702081399e-08,0.0,1.0,4.112720489501953e-06,0.0,0.057464599609375,0.96630859375
2353,694,-0.1031763032078743,7.618391513824463,0.11629773676395416,0.0,1.0,4.112720489501953e-06,0.0,0.08343505859375,0.958984375
2354,692,-0.15134848654270172,7.618391513824463,-1.3453292702081399e-08,0.0,1.0,4.112720489501953e-06,0.0,0.057464599609375,0.958984375
2355,693,-0.1961071938276291,7.618391513824463,-1.3453292702081399e-08,0.0,1.0,4.112720489501953e-06,0.0,0.057464599609375,0.96630859375
2356,695,-0.13482549786567688,7.618391513824463,0.14794693887233734,0.0,1.0,4.112720489501953e-06,0.0,0.08343505859375,0.96630859375
2357,694,-0.1031763032078743,7.618391513824463,0.11629773676395416,0.0,1.0,4.112720489501953e-06,0.0,0.08343505859375,0.958984375
2358,695,-0.13482549786567688,7.618391513824463,0.14794693887233734,0.0,1.0,4.112720489501953e-06,0.0,0.08343505859375,0.96630859375
2359,696,0.013121474534273148,7.618391513824463,0.1644698679447174,0.0,1.0,0.0,0.0,0.109375,0.958984375
2360,694,-0.1031763032078743,7.618391513824463,0.11629773676395416,0.0,1.0,4.112720489501953e-06,0.0,0.08343505859375,0.958984375
2361,695,-0.13482549786567688,7.618391513824463,0.14794693887233734,0.0,1.0,4.112720489501953e-06,0.0,0.08343505859375,0.96630859375
2362,697,0.013121474534273148,7.618391513824463,0.20922857522964478,0.0,1.0,0.0,0.0,0.109375,0.96630859375
2363,696,0.013121474534273148,7.618391513824463,0.1644698679447174,0.0,1.0,0.0,0.0,0.109375,0.958984375
2364,697,0.013121474534273148,7.618391513824463,0.20922857522964478,0.0,1.0,0.0,0.0,0.109375,0.96630859375
2365,698,0.1294192522764206,7.618391513824463,0.11629772931337357,0.0,1.0,0.0,0.0,0.1353759765625,0.958984375
2366,696,0.013121474534273148,7.618391513824463,0.1644698679447174,0.0,1.0,0.0,0.0,0.109375,0.958984375
2367,697,0.013121474534273148,7.618391513824463,0.20922857522964478,0.0,1.0,0.0,0.0,0.109375,0.96630859375
2368,699,0.16106843948364258,7.618391513824463,0.14794693887233734,0.0,1.0,0.0,0.0,0.1353759765625,0.96630859375
2369,698,0.1294192522764206,7.618391513824463,0.11629772931337357,0.0,1.0,0.0,0.0,0.1353759765625,0.958984375
2370,699,0.16106843948364258,7.618391513824463,0.14794693887233734,0.0,1.0,0.0,0.0,0.1353759765625,0.96630859375
2371,700,0.17759138345718384,7.618391513824463,-1.3453292702081399e-08,0.0,1.0,0.0,0.0,0.1612548828125,0.958984375
2372,698,0.1294192522764206,7.618391513824463,0.11629772931337357,0.0,1.0,0.0,0.0,0.1353759765625,0.958984375
2373,699,0.16106843948364258,7.618391513824463,0.14794693887233734,0.0,1.0,0.0,0.0,0.1353759765625,0.96630859375
2374,701,0.22235007584095,7.618391513824463,-1.3453292702081399e-08,0.0,1.0,0.0,0.0,0.1612548828125,0.96630859375
2375,700,0.17759138345718384,7.618391513824463,-1.3453292702081399e-08,0.0,1.0,0.0,0.0,0.1612548828125,0.958984375
2376,701,0.22235007584095,7.618391513824463,-1.3453292702081399e-08,0.0,1.0,0.0,0.0,0.1612548828125,0.96630859375
2377,702,0.1294192522764206,7.618391513824463,-0.11629775911569595,0.0,1.0,0.0,0.0,0.187255859375,0.958984375
2378,700,0.17759138345718384,7.618391513824463,-1.3453292702081399e-08,0.0,1.0,0.0,0.0,0.1612548828125,0.958984375
2379,701,0.22235007584095,7.618391513824463,-1.3453292702081399e-08,0.0,1.0,0.0,0.0,0.1612548828125,0.96630859375
2380,703,0.16106843948364258,7.618391513824463,-0.14794693887233734,0.0,1.0,0.0,0.0,0.187255859375,0.96630859375
2381,702,0.1294192522764206,7.618391513824463,-0.11629775911569595,0.0,1.0,0.0,0.0,0.187255859375,0.958984375
2382,703,0.16106843948364258,7.618391513824463,-0.14794693887233734,0.0,1.0,0.0,0.0,0.187255859375,0.96630859375
2383,704,0.013121474534273148,7.618391513824463,-0.1644698679447174,0.0,1.0,0.0,0.0,0.213134765625,0.958984375
2384,702,0.1294192522764206,7.618391513824463,-0.11629775911569595,0.0,1.0,0.0,0.0,0.187255859375,0.958984375
2385,703,0.16106843948364258,7.618391513824463,-0.14794693887233734,0.0,1.0,0.0,0.0,0.187255859375,0.96630859375
2386,705,0.013121474534273148,7.618391513824463,-0.20922857522964478,0.0,1.0,0.0,0.0,0.213134765625,0.96630859375
2387,704,0.013121474534273148,7.618391513824463,-0.1644698679447174,0.0,1.0,0.0,0.0,0.213134765625,0.958984375
2388,706,-0.14083407819271088,7.724961280822754,0.0025726391468197107,1.0,-0.0050201416015625,-1.1920928955078125e-07,0.0,0.32421875,0.00873565673828125
2389,707,-0.14691677689552307,6.513761520385742,0.0025726391468197107,1.0,-0.0050201416015625,-1.1920928955078125e-07,0.0,0.005916595458984375,0.00873565673828125
2390,708,-0.19872069358825684,6.513761520385742,-0.1907619684934616,0.8662109375,-0.0050201416015625,-0.5,0.0,0.005916595458984375,0.06048583984375
2391,706,-0.14083407819271088,7.724961280822754,0.0025726391468197107,1.0,-0.0050201416015625,-1.1920928955078125e-07,0.0,0.32421875,0.00873565673828125
2392,708,-0.19872069358825684,6.513761520385742,-0.1907619684934616,0.8662109375,-0.0050201416015625,-0.5,0.0,0.005916595458984375,0.06048583984375
2393,709,-0.1934528648853302,7.724961280822754,-0.1938033252954483,0.8662109375,-0.0050201416015625,-0.5,0.0,0.32421875,0.06048583984375
2394,709,-0.1934528648853302,7.724961280822754,-0.1938033252954483,0.8662109375,-0.0050201416015625,-0.5,0.0,0.32421875,0.06048583984375
2395,708,-0.19872069358825684,6.513761520385742,-0.1907619684934616,0.8662109375,-0.0050201416015625,-0.5,0.0,0.005916595458984375,0.06048583984375
2396,710,-0.34025144577026367,6.513761520385742,-0.3322925567626953,0.5,-0.0050201416015625,-0.8662109375,0.0,0.005916595458984375,0.1121826171875
2397,709,-0.1934528648853302,7.724961280822754,-0.1938033252954483,0.8662109375,-0.0050201416015625,-0.5,0.0,0.32421875,0.06048583984375
2398,710,-0.34025144577026367,6.513761520385742,-0.3322925567626953,0.5,-0.0050201416015625,-0.8662109375,0.0,0.005916595458984375,0.1121826171875
2399,711,-0.337210088968277,7.724961280822754,-0.3375602960586548,0.5,-0.0050201416015625,-0.8662109375,0.0,0.32421875,0.1121826171875
2400,711,-0.337210088968277,7.724961280822754,-0.3375602960586548,0.5,-0.0050201416015625,-0.8662109375,0.0,0.32421875,0.1121826171875
2401,710,-0.34025144577026367,6.513761520385742,-0.3322925567626953,0.5,-0.0050201416015625,-0.8662109375,0.0,0.005916595458984375,0.1121826171875
2402,712,-0.5335860848426819,6.513761520385742,-0.3840963542461395,-3.5762786865234375e-07,-0.0050201416015625,-1.0,0.0,0.005916595458984375,0.1639404296875
2403,711,-0.337210088968277,7.724961280822754,-0.3375602960586548,0.5,-0.0050201416015625,-0.8662109375,0.0,0.32421875,0.1121826171875
2404,712,-0.5335860848426819,6.513761520385742,-0.3840963542461395,-3.5762786865234375e-07,-0.0050201416015625,-1.0,0.0,0.005916595458984375,0.1639404296875
2405,713,-0.5335860848426819,7.724961280822754,-0.39017921686172485,-3.5762786865234375e-07,-0.0050201416015625,-1.0,0.0,0.32421875,0.1639404296875
2406,713,-0.5335860848426819,7.724961280822754,-0.39017921686172485,-3.5762786865234375e-07,-0.0050201416015625,-1.0,0.0,0.32421875,0.1639404296875
2407,712,-0.5335860848426819,6.513761520385742,-0.3840963542461395,-3.5762786865234375e-07,-0.0050201416015625,-1.0,0.0,0.005916595458984375,0.1639404296875
2408,714,-0.7269206047058105,6.513761520385742,-0.33229246735572815,-0.5,-0.0050201416015625,-0.8662109375,0.0,0.005916595458984375,0.2156982421875
2409,713,-0.5335860848426819,7.724961280822754,-0.39017921686172485,-3.5762786865234375e-07,-0.0050201416015625,-1.0,0.0,0.32421875,0.1639404296875
2410,714,-0.7269206047058105,6.513761520385742,-0.33229246735572815,-0.5,-0.0050201416015625,-0.8662109375,0.0,0.005916595458984375,0.2156982421875
2411,715,-0.7299619913101196,7.724961280822754,-0.33756017684936523,-0.5,-0.0050201416015625,-0.8662109375,0.0,0.32421875,0.2156982421875
2412,715,-0.7299619913101196,7.724961280822754,-0.33756017684936523,-0.5,-0.0050201416015625,-0.8662109375,0.0,0.32421875,0.2156982421875
2413,714,-0.7269206047058105,6.513761520385742,-0.33229246735572815,-0.5,-0.0050201416015625,-0.8662109375,0.0,0.005916595458984375,0.2156982421875
2414,716,-0.8684513568878174,6.513761520385742,-0.19076184928417206,-0.8662109375,-0.0050201416015625,-0.5,0.0,0.005916595458984375,0.267333984375
2415,715,-0.7299619913101196,7.724961280822754,-0.33756017684936523,-0.5,-0.0050201416015625,-0.8662109375,0.0,0.32421875,0.2156982421875
2416,716,-0.8684513568878174,6.513761520385742,-0.19076184928417206,-0.8662109375,-0.0050201416015625,-0.5,0.0,0.005916595458984375,0.267333984375
2417,717,-0.8737189769744873,7.724961280822754,-0.19380325078964233,-0.8662109375,-0.0050201416015625,-0.5,0.0,0.32421875,0.267333984375
2418,717,-0.8737189769744873,7.724961280822754,-0.19380325078964233,-0.8662109375,-0.0050201416015625,-0.5,0.0,0.32421875,0.267333984375
2419,716,-0.8684513568878174,6.513761520385742,-0.19076184928417206,-0.8662109375,-0.0050201416015625,-0.5,0.0,0.005916595458984375,0.267333984375
2420,718,-0.9202554225921631,6.513761520385742,0.0025726656895130873,-1.0,-0.0050201416015625,-4.172325134277344e-07,0.0,0.005916595458984375,0.319091796875
2421,717,-0.8737189769744873,7.724961280822754,-0.19380325078964233,-0.8662109375,-0.0050201416015625,-0.5,0.0,0.32421875,0.267333984375
2422,718,-0.9202554225921631,6.513761520385742,0.0025726656895130873,-1.0,-0.0050201416015625,-4.172325134277344e-07,0.0,0.005916595458984375,0.319091796875
2423,719,-0.9263381958007812,7.724961280822754,0.0025726656895130873,-1.0,-0.0050201416015625,-4.172325134277344e-07,0.0,0.32421875,0.319091796875
2424,719,-0.9263381958007812,7.724961280822754,0.0025726656895130873,-1.0,-0.0050201416015625,-4.172325134277344e-07,0.0,0.32421875,0.319091796875
2425,718,-0.9202554225921631,6.513761520385742,0.0025726656895130873,-1.0,-0.0050201416015625,-4.172325134277344e-07,0.0,0.005916595458984375,0.319091796875
2426,720,-0.8684514164924622,6.513761520385742,0.1959073394536972,-0.8662109375,-0.0050201416015625,0.5,0.0,0.005916595458984375,0.370849609375
2427,719,-0.9263381958007812,7.724961280822754,0.0025726656895130873,-1.0,-0.0050201416015625,-4.172325134277344e-07,0.0,0.32421875,0.319091796875
2428,720,-0.8684514164924622,6.513761520385742,0.1959073394536972,-0.8662109375,-0.0050201416015625,0.5,0.0,0.005916595458984375,0.370849609375
2429,721,-0.8737192153930664,7.724961280822754,0.1989486962556839,-0.8662109375,-0.0050201416015625,0.5,0.0,0.32421875,0.370849609375
2430,721,-0.8737192153930664,7.724961280822754,0.1989486962556839,-0.8662109375,-0.0050201416015625,0.5,0.0,0.32421875,0.370849609375
2431,720,-0.8684514164924622,6.513761520385742,0.1959073394536972,-0.8662109375,-0.0050201416015625,0.5,0.0,0.005916595458984375,0.370849609375
2432,722,-0.7269206047058105,6.513761520385742,0.33743816614151,-0.5,-0.0050201416015625,0.8662109375,0.0,0.005916595458984375,0.422607421875
2433,721,-0.8737192153930664,7.724961280822754,0.1989486962556839,-0.8662109375,-0.0050201416015625,0.5,0.0,0.32421875,0.370849609375
2434,722,-0.7269206047058105,6.513761520385742,0.33743816614151,-0.5,-0.0050201416015625,0.8662109375,0.0,0.005916595458984375,0.422607421875
2435,723,-0.7299619913101196,7.724961280822754,0.3427059054374695,-0.5,-0.0050201416015625,0.8662109375,0.0,0.32421875,0.422607421875
2436,723,-0.7299619913101196,7.724961280822754,0.3427059054374695,-0.5,-0.0050201416015625,0.8662109375,0.0,0.32421875,0.422607421875
2437,722,-0.7269206047058105,6.513761520385742,0.33743816614151,-0.5,-0.0050201416015625,0.8662109375,0.0,0.005916595458984375,0.422607421875
2438,724,-0.5335860848426819,6.513761520385742,0.3892420530319214,0.0,-0.0050201416015625,1.0,0.0,0.005916595458984375,0.474365234375
2439,723,-0.7299619913101196,7.724961280822754,0.3427059054374695,-0.5,-0.0050201416015625,0.8662109375,0.0,0.32421875,0.422607421875
2440,724,-0.5335860848426819,6.513761520385742,0.3892420530319214,0.0,-0.0050201416015625,1.0,0.0,0.005916595458984375,0.474365234375
2441,725,-0.5335860848426819,7.724961280822754,0.39532470703125,0.0,-0.0050201416015625,1.0,0.0,0.32421875,0.474365234375
2442,725,-0.5335860848426819,7.724961280822754,0.39532470703125,0.0,-0.0050201416015625,1.0,0.0,0.32421875,0.474365234375
2443,724,-0.5335860848426819,6.513761520385742,0.3892420530319214,0.0,-0.0050201416015625,1.0,0.0,0.005916595458984375,0.474365234375
2444,726,-0.3402513861656189,6.513761520385742,0.33743816614151,0.5,-0.0050201416015625,0.8662109375,0.0,0.005916595458984375,0.52587890625
2445,725,-0.5335860848426819,7.724961280822754,0.39532470703125,0.0,-0.0050201416015625,1.0,0.0,0.32421875,0.474365234375
2446,726,-0.3402513861656189,6.513761520385742,0.33743816614151,0.5,-0.0050201416015625,0.8662109375,0.0,0.005916595458984375,0.52587890625
2447,727,-0.337210088968277,7.724961280822754,0.3427059054374695,0.5,-0.0050201416015625,0.8662109375,0.0,0.32421875,0.52587890625
2448,727,-0.337210088968277,7.724961280822754,0.3427059054374695,0.5,-0.0050201416015625,0.8662109375,0.0,0.32421875,0.52587890625
2449,726,-0.3402513861656189,6.513761520385742,0.33743816614151,0.5,-0.0050201416015625,0.8662109375,0.0,0.005916595458984375,0.52587890625
2450,728,-0.19872061908245087,6.513761520385742,0.19590722024440765,0.8662109375,-0.0050201416015625,0.5,0.0,0.005916595458984375,0.57763671875
2451,727,-0.337210088968277,7.724961280822754,0.3427059054374695,0.5,-0.0050201416015625,0.8662109375,0.0,0.32421875,0.52587890625
2452,728,-0.19872061908245087,6.513761520385742,0.19590722024440765,0.8662109375,-0.0050201416015625,0.5,0.0,0.005916595458984375,0.57763671875
2453,729,-0.1934528648853302,7.724961280822754,0.19894862174987793,0.8662109375,-0.0050201416015625,0.5,0.0,0.32421875,0.57763671875
2454,729,-0.1934528648853302,7.724961280822754,0.19894862174987793,0.8662109375,-0.0050201416015625,0.5,0.0,0.32421875,0.57763671875
2455,728,-0.19872061908245087,6.513761520385742,0.19590722024440765,0.8662109375,-0.0050201416015625,0.5,0.0,0.005916595458984375,0.57763671875
2456,730,-0.14691677689552307,6.513761520385742,0.0025726391468197107,1.0,-0.0050201416015625,-1.1920928955078125e-07,0.0,0.005916595458984375,0.62939453125
2457,729,-0.1934528648853302,7.724961280822754,0.19894862174987793,0.8662109375,-0.0050201416015625,0.5,0.0,0.32421875,0.57763671875
2458,730,-0.14691677689552307,6.513761520385742,0.0025726391468197107,1.0,-0.0050201416015625,-1.1920928955078125e-07,0.0,0.005916595458984375,0.62939453125
2459,731,-0.14083407819271088,7.724961280822754,0.0025726391468197107,1.0,-0.0050201416015625,-1.1920928955078125e-07,0.0,0.32421875,0.62939453125
2460,732,-0.8046019673347473,7.328288555145264,-0.3929932713508606,-2.980232238769531e-07,-1.0,2.980232238769531e-07,0.0,0.931640625,0.99609375
2461,733,-0.7383851408958435,7.328288555145264,-0.29729652404785156,5.960464477539062e-07,-1.0,-3.5762786865234375e-07,0.0,0.95947265625,0.99609375
2462,734,-0.7804037928581238,7.357789516448975,-0.26822206377983093,-0.71240234375,-0.5,0.49267578125,0.0,0.95947265625,0.9794921875
2463,732,-0.8046019673347473,7.328288555145264,-0.3929932713508606,-2.980232238769531e-07,-1.0,2.980232238769531e-07,0.0,0.931640625,0.99609375
2464,734,-0.7804037928581238,7.357789516448975,-0.26822206377983093,-0.71240234375,-0.5,0.49267578125,0.0,0.95947265625,0.9794921875
2465,735,-0.8466205596923828,7.357789516448975,-0.36391890048980713,-0.71240234375,-0.5,0.49267578125,0.0,0.931640625,0.9794921875
2466,735,-0.8466205596923828,7.357789516448975,-0.36391890048980713,-0.71240234375,-0.5,0.49267578125,0.0,0.931640625,0.9794921875
2467,734,-0.7804037928581238,7.357789516448975,-0.26822206377983093,-0.71240234375,-0.5,0.49267578125,0.0,0.95947265625,0.9794921875
2468,736,-0.7804037928581238,7.416790008544922,-0.26822206377983093,-0.71240234375,0.5,0.49267578125,0.0,0.95947265625,0.962890625
2469,735,-0.8466205596923828,7.357789516448975,-0.36391890048980713,-0.71240234375,-0.5,0.49267578125,0.0,0.931640625,0.9794921875
2470,736,-0.7804037928581238,7.416790008544922,-0.26822206377983093,-0.71240234375,0.5,0.49267578125,0.0,0.95947265625,0.962890625
2471,737,-0.8466205596923828,7.416790008544922,-0.3639187812805176,-0.71240234375,0.5,0.49267578125,0.0,0.931640625,0.962890625
2472,737,-0.8466205596923828,7.416790008544922,-0.3639187812805176,-0.71240234375,0.5,0.49267578125,0.0,0.931640625,0.962890625
2473,736,-0.7804037928581238,7.416790008544922,-0.26822206377983093,-0.71240234375,0.5,0.49267578125,0.0,0.95947265625,0.962890625
2474,738,-0.7383851408958435,7.446291446685791,-0.29729652404785156,1.0132789611816406e-06,1.0,3.4570693969726562e-06,0.0,0.95947265625,0.9462890625
2475,737,-0.8466205596923828,7.416790008544922,-0.3639187812805176,-0.71240234375,0.5,0.49267578125,0.0,0.931640625,0.962890625
2476,738,-0.7383851408958435,7.446291446685791,-0.29729652404785156,1.0132789611816406e-06,1.0,3.4570693969726562e-06,0.0,0.95947265625,0.9462890625
2477,739,-0.8046019673347473,7.446291446685791,-0.3929932713508606,3.5762786865234375e-07,1.0,3.933906555175781e-06,0.0,0.931640625,0.9462890625
2478,739,-0.8046019673347473,7.446291446685791,-0.3929932713508606,3.5762786865234375e-07,1.0,3.933906555175781e-06,0.0,0.931640625,0.9462890625
2479,738,-0.7383851408958435,7.446291446685791,-0.29729652404785156,1.0132789611816406e-06,1.0,3.4570693969726562e-06,0.0,0.95947265625,0.9462890625
2480,740,-0.6963664889335632,7.416790008544922,-0.32637104392051697,0.71240234375,0.5,-0.49267578125,0.0,0.95947265625,0.9296875
2481,739,-0.8046019673347473,7.446291446685791,-0.3929932713508606,3.5762786865234375e-07,1.0,3.933906555175781e-06,0.0,0.931640625,0.9462890625
2482,740,-0.6963664889335632,7.416790008544922,-0.32637104392051697,0.71240234375,0.5,-0.49267578125,0.0,0.95947265625,0.9296875
2483,741,-0.7625833749771118,7.416790008544922,-0.42206770181655884,0.71240234375,0.5,-0.49267578125,0.0,0.931640625,0.9296875
2484,741,-0.7625833749771118,7.416790008544922,-0.42206770181655884,0.71240234375,0.5,-0.49267578125,0.0,0.931640625,0.9296875
2485,740,-0.6963664889335632,7.416790008544922,-0.32637104392051697,0.71240234375,0.5,-0.49267578125,0.0,0.95947265625,0.9296875
2486,742,-0.6963666081428528,7.357789516448975,-0.3263709247112274,0.71240234375,-0.5,-0.49267578125,0.0,0.95947265625,0.91259765625
2487,741,-0.7625833749771118,7.416790008544922,-0.42206770181655884,0.71240234375,0.5,-0.49267578125,0.0,0.931640625,0.9296875
2488,742,-0.6963666081428528,7.357789516448975,-0.3263709247112274,0.71240234375,-0.5,-0.49267578125,0.0,0.95947265625,0.91259765625
2489,743,-0.7625833749771118,7.357789516448975,-0.42206770181655884,0.71240234375,-0.5,-0.49267578125,0.0,0.931640625,0.91259765625
2490,743,-0.7625833749771118,7.357789516448975,-0.42206770181655884,0.71240234375,-0.5,-0.49267578125,0.0,0.931640625,0.91259765625
2491,742,-0.6963666081428528,7.357789516448975,-0.3263709247112274,0.71240234375,-0.5,-0.49267578125,0.0,0.95947265625,0.91259765625
2492,744,-0.7383851408958435,7.328288555145264,-0.29729652404785156,5.960464477539062e-07,-1.0,-3.5762786865234375e-07,0.0,0.95947265625,0.89599609375
2493,743,-0.7625833749771118,7.357789516448975,-0.42206770181655884,0.71240234375,-0.5,-0.49267578125,0.0,0.931640625,0.91259765625
2494,744,-0.7383851408958435,7.328288555145264,-0.29729652404785156,5.960464477539062e-07,-1.0,-3.5762786865234375e-07,0.0,0.95947265625,0.89599609375
2495,745,-0.8046019673347473,7.328288555145264,-0.3929932713508606,-2.980232238769531e-07,-1.0,2.980232238769531e-07,0.0,0.931640625,0.89599609375
2496,746,-0.8046019673347473,6.943688869476318,-0.3929932713508606,-1.7881393432617188e-07,-1.0,4.231929779052734e-06,0.0,0.96533203125,0.99609375
2497,747,-0.7383851408958435,6.943688869476318,-0.29729652404785156,7.748603820800781e-07,-1.0,3.5762786865234375e-06,0.0,0.9931640625,0.99609375
2498,748,-0.7804037928581238,6.973189353942871,-0.26822206377983093,-0.71240234375,-0.5,0.49267578125,0.0,0.9931640625,0.9794921875
2499,746,-0.8046019673347473,6.943688869476318,-0.3929932713508606,-1.7881393432617188e-07,-1.0,4.231929779052734e-06,0.0,0.96533203125,0.99609375
2500,748,-0.7804037928581238,6.973189353942871,-0.26822206377983093,-0.71240234375,-0.5,0.49267578125,0.0,0.9931640625,0.9794921875
2501,749,-0.8466205596923828,6.973189353942871,-0.36391890048980713,-0.71240234375,-0.5,0.49267578125,0.0,0.96533203125,0.9794921875
2502,749,-0.8466205596923828,6.973189353942871,-0.36391890048980713,-0.71240234375,-0.5,0.49267578125,0.0,0.96533203125,0.9794921875
2503,748,-0.7804037928581238,6.973189353942871,-0.26822206377983093,-0.71240234375,-0.5,0.49267578125,0.0,0.9931640625,0.9794921875
2504,750,-0.7804037928581238,7.032190322875977,-0.26822206377983093,-0.7119140625,0.5,0.49267578125,0.0,0.9931640625,0.962890625
2505,749,-0.8466205596923828,6.973189353942871,-0.36391890048980713,-0.71240234375,-0.5,0.49267578125,0.0,0.96533203125,0.9794921875
2506,750,-0.7804037928581238,7.032190322875977,-0.26822206377983093,-0.7119140625,0.5,0.49267578125,0.0,0.9931640625,0.962890625
2507,751,-0.8466205596923828,7.032190322875977,-0.3639187812805176,-0.7119140625,0.5,0.49267578125,0.0,0.96533203125,0.962890625
2508,751,-0.8466205596923828,7.032190322875977,-0.3639187812805176,-0.7119140625,0.5,0.49267578125,0.0,0.96533203125,0.962890625
2509,750,-0.7804037928581238,7.032190322875977,-0.26822206377983093,-0.7119140625,0.5,0.49267578125,0.0,0.9931640625,0.962890625
2510,752,-0.7383851408958435,7.061690330505371,-0.29729652404785156,4.172325134277344e-07,1.0,-2.980232238769531e-07,0.0,0.9931640625,0.9462890625
2511,751,-0.8466205596923828,7.032190322875977,-0.3639187812805176,-0.7119140625,0.5,0.49267578125,0.0,0.96533203125,0.962890625
2512,752,-0.7383851408958435,7.061690330505371,-0.29729652404785156,4.172325134277344e-07,1.0,-2.980232238769531e-07,0.0,0.9931640625,0.9462890625
2513,753,-0.8046019673347473,7.061690330505371,-0.3929932713508606,-2.384185791015625e-07,1.0,1.7881393432617188e-07,0.0,0.96533203125,0.9462890625
2514,753,-0.8046019673347473,7.061690330505371,-0.3929932713508606,-2.384185791015625e-07,1.0,1.7881393432617188e-07,0.0,0.96533203125,0.9462890625
2515,752,-0.7383851408958435,7.061690330505371,-0.29729652404785156,4.172325134277344e-07,1.0,-2.980232238769531e-07,0.0,0.9931640625,0.9462890625
2516,754,-0.6963664889335632,7.032190322875977,-0.32637104392051697,0.71240234375,0.5,-0.49267578125,0.0,0.9931640625,0.9296875
2517,753,-0.8046019673347473,7.061690330505371,-0.3929932713508606,-2.384185791015625e-07,1.0,1.7881393432617188e-07,0.0,0.96533203125,0.9462890625
2518,754,-0.6963664889335632,7.032190322875977,-0.32637104392051697,0.71240234375,0.5,-0.49267578125,0.0,0.9931640625,0.9296875
2519,755,-0.7625833749771118,7.032190322875977,-0.42206770181655884,0.7119140625,0.5,-0.49267578125,0.0,0.96533203125,0.9296875
2520,755,-0.7625833749771118,7.032190322875977,-0.42206770181655884,0.7119140625,0.5,-0.49267578125,0.0,0.96533203125,0.9296875
2521,754,-0.6963664889335632,7.032190322875977,-0.32637104392051697,0.71240234375,0.5,-0.49267578125,0.0,0.9931640625,0.9296875
2522,756,-0.6963666081428528,6.973189353942871,-0.3263709247112274,0.71240234375,-0.5,-0.49267578125,0.0,0.9931640625,0.91259765625
2523,755,-0.7625833749771118,7.032190322875977,-0.42206770181655884,0.7119140625,0.5,-0.49267578125,0.0,0.96533203125,0.9296875
2524,756,-0.6963666081428528,6.973189353942871,-0.3263709247112274,0.71240234375,-0.5,-0.49267578125,0.0,0.9931640625,0.91259765625
2525,757,-0.7625833749771118,6.973189353942871,-0.42206770181655884,0.71240234375,-0.5,-0.49267578125,0.0,0.96533203125,0.91259765625
2526,757,-0.7625833749771118,6.973189353942871,-0.42206770181655884,0.71240234375,-0.5,-0.49267578125,0.0,0.96533203125,0.91259765625
2527,756,-0.6963666081428528,6.973189353942871,-0.3263709247112274,0.71240234375,-0.5,-0.49267578125,0.0,0.9931640625,0.91259765625
2528,758,-0.7383851408958435,6.943688869476318,-0.29729652404785156,7.748603820800781e-07,-1.0,3.5762786865234375e-06,0.0,0.9931640625,0.89599609375
2529,757,-0.7625833749771118,6.973189353942871,-0.42206770181655884,0.71240234375,-0.5,-0.49267578125,0.0,0.96533203125,0.91259765625
2530,758,-0.7383851408958435,6.943688869476318,-0.29729652404785156,7.748603820800781e-07,-1.0,3.5762786865234375e-06,0.0,0.9931640625,0.89599609375
2531,759,-0.8046019673347473,6.943688869476318,-0.3929932713508606,-1.7881393432617188e-07,-1.0,4.231929779052734e-06,0.0,0.96533203125,0.89599609375
2532,760,0.2250562608242035,9.813711166381836,0.06895651668310165,0.06329345703125,0.998046875,0.004138946533203125,0.0,0.88671875,0.869140625
2533,761,0.205010786652565,9.793082237243652,0.06277158111333847,-0.99365234375,0.02337646484375,0.111083984375,0.0,0.87939453125,0.86669921875
2534,762,0.20422619581222534,9.79287338256836,0.07032280415296555,-0.99755859375,0.00684356689453125,-0.0723876953125,0.0,0.87939453125,0.869140625
2535,760,0.2250562608242035,9.813711166381836,0.06895651668310165,0.06329345703125,0.998046875,0.004138946533203125,0.0,0.88671875,0.869140625
2536,763,0.22592656314373016,9.813942909240723,0.058642104268074036,0.2939453125,0.94921875,-0.11151123046875,0.0,0.88671875,0.86669921875
2537,761,0.205010786652565,9.793082237243652,0.06277158111333847,-0.99365234375,0.02337646484375,0.111083984375,0.0,0.87939453125,0.86669921875
2538,763,0.22592656314373016,9.813942909240723,0.058642104268074036,0.2939453125,0.94921875,-0.11151123046875,0.0,0.88671875,0.86669921875
2539,764,0.20378705859184265,9.793049812316895,0.0571107380092144,-0.9580078125,0.0148773193359375,0.28662109375,0.0,0.87939453125,0.86376953125
2540,761,0.205010786652565,9.793082237243652,0.06277158111333847,-0.99365234375,0.02337646484375,0.111083984375,0.0,0.87939453125,0.86669921875
2541,765,0.24585175514221191,9.792837142944336,0.06762320548295975,0.99755859375,0.0157623291015625,0.07098388671875,0.0,0.89453125,0.869140625
2542,763,0.22592656314373016,9.813942909240723,0.058642104268074036,0.2939453125,0.94921875,-0.11151123046875,0.0,0.88671875,0.86669921875
2543,760,0.2250562608242035,9.813711166381836,0.06895651668310165,0.06329345703125,0.998046875,0.004138946533203125,0.0,0.88671875,0.869140625
2544,763,0.22592656314373016,9.813942909240723,0.058642104268074036,0.2939453125,0.94921875,-0.11151123046875,0.0,0.88671875,0.86669921875
2545,766,0.220572829246521,9.813014030456543,0.045234084129333496,0.299560546875,0.8935546875,-0.33447265625,0.0,0.88671875,0.86376953125
2546,764,0.20378705859184265,9.793049812316895,0.0571107380092144,-0.9580078125,0.0148773193359375,0.28662109375,0.0,0.87939453125,0.86376953125
2547,765,0.24585175514221191,9.792837142944336,0.06762320548295975,0.99755859375,0.0157623291015625,0.07098388671875,0.0,0.89453125,0.869140625
2548,767,0.24650219082832336,9.792628288269043,0.0551760271191597,0.9716796875,-0.00628662109375,-0.2359619140625,0.0,0.89453125,0.86669921875
2549,763,0.22592656314373016,9.813942909240723,0.058642104268074036,0.2939453125,0.94921875,-0.11151123046875,0.0,0.88671875,0.86669921875
2550,767,0.24650219082832336,9.792628288269043,0.0551760271191597,0.9716796875,-0.00628662109375,-0.2359619140625,0.0,0.89453125,0.86669921875
2551,766,0.220572829246521,9.813014030456543,0.045234084129333496,0.299560546875,0.8935546875,-0.33447265625,0.0,0.88671875,0.86376953125
2552,763,0.22592656314373016,9.813942909240723,0.058642104268074036,0.2939453125,0.94921875,-0.11151123046875,0.0,0.88671875,0.86669921875
2553,768,0.2255864143371582,9.771766662597656,0.059305500239133835,0.275390625,-0.9560546875,-0.09930419921875,0.0,0.90185546875,0.86669921875
2554,767,0.24650219082832336,9.792628288269043,0.0551760271191597,0.9716796875,-0.00628662109375,-0.2359619140625,0.0,0.89453125,0.86669921875
2555,765,0.24585175514221191,9.792837142944336,0.06762320548295975,0.99755859375,0.0157623291015625,0.07098388671875,0.0,0.89453125,0.869140625
2556,768,0.2255864143371582,9.771766662597656,0.059305500239133835,0.275390625,-0.9560546875,-0.09930419921875,0.0,0.90185546875,0.86669921875
2557,765,0.24585175514221191,9.792837142944336,0.06762320548295975,0.99755859375,0.0157623291015625,0.07098388671875,0.0,0.89453125,0.869140625
2558,769,0.22502170503139496,9.771998405456543,0.06898949295282364,0.06671142578125,-0.99755859375,0.003940582275390625,0.0,0.90185546875,0.869140625
2559,770,0.20422619581222534,9.79287338256836,0.07032280415296555,-0.99755859375,0.00684356689453125,-0.0723876953125,0.0,0.9091796875,0.869140625
2560,768,0.2255864143371582,9.771766662597656,0.059305500239133835,0.275390625,-0.9560546875,-0.09930419921875,0.0,0.90185546875,0.86669921875
2561,769,0.22502170503139496,9.771998405456543,0.06898949295282364,0.06671142578125,-0.99755859375,0.003940582275390625,0.0,0.90185546875,0.869140625
2562,770,0.20422619581222534,9.79287338256836,0.07032280415296555,-0.99755859375,0.00684356689453125,-0.0723876953125,0.0,0.9091796875,0.869140625
2563,771,0.205010786652565,9.793082237243652,0.06277158111333847,-0.99365234375,0.02337646484375,0.111083984375,0.0,0.9091796875,0.86669921875
2564,768,0.2255864143371582,9.771766662597656,0.059305500239133835,0.275390625,-0.9560546875,-0.09930419921875,0.0,0.90185546875,0.86669921875
2565,768,0.2255864143371582,9.771766662597656,0.059305500239133835,0.275390625,-0.9560546875,-0.09930419921875,0.0,0.90185546875,0.86669921875
2566,772,0.23706525564193726,9.792452812194824,0.03398122265934944,0.72998046875,-0.01264190673828125,-0.68359375,0.0,0.89453125,0.86376953125
2567,767,0.24650219082832336,9.792628288269043,0.0551760271191597,0.9716796875,-0.00628662109375,-0.2359619140625,0.0,0.89453125,0.86669921875
2568,767,0.24650219082832336,9.792628288269043,0.0551760271191597,0.9716796875,-0.00628662109375,-0.2359619140625,0.0,0.89453125,0.86669921875
2569,772,0.23706525564193726,9.792452812194824,0.03398122265934944,0.72998046875,-0.01264190673828125,-0.68359375,0.0,0.89453125,0.86376953125
2570,766,0.220572829246521,9.813014030456543,0.045234084129333496,0.299560546875,0.8935546875,-0.33447265625,0.0,0.88671875,0.86376953125
2571,771,0.205010786652565,9.793082237243652,0.06277158111333847,-0.99365234375,0.02337646484375,0.111083984375,0.0,0.9091796875,0.86669921875
2572,773,0.2202794849872589,9.772488594055176,0.045857880264520645,0.283447265625,-0.90673828125,-0.3125,0.0,0.90185546875,0.86376953125
2573,768,0.2255864143371582,9.771766662597656,0.059305500239133835,0.275390625,-0.9560546875,-0.09930419921875,0.0,0.90185546875,0.86669921875
2574,768,0.2255864143371582,9.771766662597656,0.059305500239133835,0.275390625,-0.9560546875,-0.09930419921875,0.0,0.90185546875,0.86669921875
2575,773,0.2202794849872589,9.772488594055176,0.045857880264520645,0.283447265625,-0.90673828125,-0.3125,0.0,0.90185546875,0.86376953125
2576,772,0.23706525564193726,9.792452812194824,0.03398122265934944,0.72998046875,-0.01264190673828125,-0.68359375,0.0,0.89453125,0.86376953125
2577,771,0.205010786652565,9.793082237243652,0.06277158111333847,-0.99365234375,0.02337646484375,0.111083984375,0.0,0.9091796875,0.86669921875
2578,774,0.20378705859184265,9.793049812316895,0.0571107380092144,-0.9580078125,0.0148773193359375,0.28662109375,0.0,0.9091796875,0.86376953125
2579,773,0.2202794849872589,9.772488594055176,0.045857880264520645,0.283447265625,-0.90673828125,-0.3125,0.0,0.90185546875,0.86376953125
2580,775,0.20999471843242645,9.792543411254883,0.01736479438841343,0.2322998046875,-0.00743865966796875,-0.97265625,0.0,0.89453125,0.85986328125
2581,766,0.220572829246521,9.813014030456543,0.045234084129333496,0.299560546875,0.8935546875,-0.33447265625,0.0,0.88671875,0.86376953125
2582,772,0.23706525564193726,9.792452812194824,0.03398122265934944,0.72998046875,-0.01264190673828125,-0.68359375,0.0,0.89453125,0.86376953125
2583,776,0.2049429714679718,9.772890090942383,0.03689531609416008,0.1116943359375,-0.89453125,-0.432861328125,0.0,0.90185546875,0.85986328125
2584,772,0.23706525564193726,9.792452812194824,0.03398122265934944,0.72998046875,-0.01264190673828125,-0.68359375,0.0,0.89453125,0.86376953125
2585,773,0.2202794849872589,9.772488594055176,0.045857880264520645,0.283447265625,-0.90673828125,-0.3125,0.0,0.90185546875,0.86376953125
2586,776,0.2049429714679718,9.772890090942383,0.03689531609416008,0.1116943359375,-0.89453125,-0.432861328125,0.0,0.90185546875,0.85986328125
2587,775,0.20999471843242645,9.792543411254883,0.01736479438841343,0.2322998046875,-0.00743865966796875,-0.97265625,0.0,0.89453125,0.85986328125
2588,772,0.23706525564193726,9.792452812194824,0.03398122265934944,0.72998046875,-0.01264190673828125,-0.68359375,0.0,0.89453125,0.86376953125
2589,775,0.20999471843242645,9.792543411254883,0.01736479438841343,0.2322998046875,-0.00743865966796875,-0.97265625,0.0,0.89453125,0.85986328125
2590,777,0.2047366052865982,9.812714576721191,0.036302924156188965,0.11724853515625,0.8837890625,-0.45263671875,0.0,0.88671875,0.85986328125
2591,766,0.220572829246521,9.813014030456543,0.045234084129333496,0.299560546875,0.8935546875,-0.33447265625,0.0,0.88671875,0.86376953125
2592,777,0.2047366052865982,9.812714576721191,0.036302924156188965,0.11724853515625,0.8837890625,-0.45263671875,0.0,0.88671875,0.85986328125
2593,778,0.20378705859184265,9.793049812316895,0.0571107380092144,-0.473876953125,0.02203369140625,0.88037109375,0.0,0.87939453125,0.86376953125
2594,766,0.220572829246521,9.813014030456543,0.045234084129333496,0.299560546875,0.8935546875,-0.33447265625,0.0,0.88671875,0.86376953125
2595,777,0.2047366052865982,9.812714576721191,0.036302924156188965,0.11724853515625,0.8837890625,-0.45263671875,0.0,0.88671875,0.85986328125
2596,779,0.19968485832214355,9.793062210083008,0.055833447724580765,-0.11712646484375,0.0253753662109375,0.99267578125,0.0,0.87939453125,0.85986328125
2597,778,0.20378705859184265,9.793049812316895,0.0571107380092144,-0.473876953125,0.02203369140625,0.88037109375,0.0,0.87939453125,0.86376953125
2598,777,0.2047366052865982,9.812714576721191,0.036302924156188965,0.11724853515625,0.8837890625,-0.45263671875,0.0,0.88671875,0.85986328125
2599,780,0.19605842232704163,9.792994499206543,0.057142436504364014,0.49951171875,0.0086822509765625,0.8662109375,0.0,0.87939453125,0.85595703125
2600,779,0.19968485832214355,9.793062210083008,0.055833447724580765,-0.11712646484375,0.0253753662109375,0.99267578125,0.0,0.87939453125,0.85986328125
2601,777,0.2047366052865982,9.812714576721191,0.036302924156188965,0.11724853515625,0.8837890625,-0.45263671875,0.0,0.88671875,0.85986328125
2602,781,0.18674762547016144,9.81369686126709,0.03833528235554695,-0.152587890625,0.8935546875,-0.42236328125,0.0,0.88671875,0.85595703125
2603,780,0.19605842232704163,9.792994499206543,0.057142436504364014,0.49951171875,0.0086822509765625,0.8662109375,0.0,0.87939453125,0.85595703125
2604,775,0.20999471843242645,9.792543411254883,0.01736479438841343,0.2322998046875,-0.00743865966796875,-0.97265625,0.0,0.89453125,0.85986328125
2605,781,0.18674762547016144,9.81369686126709,0.03833528235554695,-0.152587890625,0.8935546875,-0.42236328125,0.0,0.88671875,0.85595703125
2606,777,0.2047366052865982,9.812714576721191,0.036302924156188965,0.11724853515625,0.8837890625,-0.45263671875,0.0,0.88671875,0.85986328125
2607,781,0.18674762547016144,9.81369686126709,0.03833528235554695,-0.152587890625,0.8935546875,-0.42236328125,0.0,0.88671875,0.85595703125
2608,782,0.1932346522808075,9.79289722442627,0.0610102079808712,0.89404296875,-0.0121917724609375,0.447265625,0.0,0.87939453125,0.8525390625
2609,780,0.19605842232704163,9.792994499206543,0.057142436504364014,0.49951171875,0.0086822509765625,0.8662109375,0.0,0.87939453125,0.85595703125
2610,775,0.20999471843242645,9.792543411254883,0.01736479438841343,0.2322998046875,-0.00743865966796875,-0.97265625,0.0,0.89453125,0.85986328125
2611,783,0.1778392791748047,9.792713165283203,0.019646083936095238,-0.3916015625,-0.0062713623046875,-0.919921875,0.0,0.89453125,0.85595703125
2612,781,0.18674762547016144,9.81369686126709,0.03833528235554695,-0.152587890625,0.8935546875,-0.42236328125,0.0,0.88671875,0.85595703125
2613,776,0.2049429714679718,9.772890090942383,0.03689531609416008,0.1116943359375,-0.89453125,-0.432861328125,0.0,0.90185546875,0.85986328125
2614,783,0.1778392791748047,9.792713165283203,0.019646083936095238,-0.3916015625,-0.0062713623046875,-0.919921875,0.0,0.89453125,0.85595703125
2615,775,0.20999471843242645,9.792543411254883,0.01736479438841343,0.2322998046875,-0.00743865966796875,-0.97265625,0.0,0.89453125,0.85986328125
2616,781,0.18674762547016144,9.81369686126709,0.03833528235554695,-0.152587890625,0.8935546875,-0.42236328125,0.0,0.88671875,0.85595703125
2617,784,0.1757517009973526,9.813647270202637,0.04968498647212982,-0.342041015625,0.91162109375,-0.2271728515625,0.0,0.88671875,0.8525390625
2618,782,0.1932346522808075,9.79289722442627,0.0610102079808712,0.89404296875,-0.0121917724609375,0.447265625,0.0,0.87939453125,0.8525390625
2619,783,0.1778392791748047,9.792713165283203,0.019646083936095238,-0.3916015625,-0.0062713623046875,-0.919921875,0.0,0.89453125,0.85595703125
2620,784,0.1757517009973526,9.813647270202637,0.04968498647212982,-0.342041015625,0.91162109375,-0.2271728515625,0.0,0.88671875,0.8525390625
2621,781,0.18674762547016144,9.81369686126709,0.03833528235554695,-0.152587890625,0.8935546875,-0.42236328125,0.0,0.88671875,0.85595703125
2622,784,0.1757517009973526,9.813647270202637,0.04968498647212982,-0.342041015625,0.91162109375,-0.2271728515625,0.0,0.88671875,0.8525390625
2623,785,0.19218650460243225,9.793390274047852,0.06633670628070831,0.99853515625,0.045745849609375,-0.03369140625,0.0,0.87939453125,0.84912109375
2624,782,0.1932346522808075,9.79289722442627,0.0610102079808712,0.89404296875,-0.0121917724609375,0.447265625,0.0,0.87939453125,0.8525390625
2625,786,0.19968485832214355,9.793062210083008,0.055833447724580765,-0.11712646484375,0.0253753662109375,0.99267578125,0.0,0.9091796875,0.85986328125
2626,776,0.2049429714679718,9.772890090942383,0.03689531609416008,0.1116943359375,-0.89453125,-0.432861328125,0.0,0.90185546875,0.85986328125
2627,773,0.2202794849872589,9.772488594055176,0.045857880264520645,0.283447265625,-0.90673828125,-0.3125,0.0,0.90185546875,0.86376953125
2628,786,0.19968485832214355,9.793062210083008,0.055833447724580765,-0.11712646484375,0.0253753662109375,0.99267578125,0.0,0.9091796875,0.85986328125
2629,773,0.2202794849872589,9.772488594055176,0.045857880264520645,0.283447265625,-0.90673828125,-0.3125,0.0,0.90185546875,0.86376953125
2630,787,0.20378705859184265,9.793049812316895,0.0571107380092144,-0.473876953125,0.02203369140625,0.88037109375,0.0,0.9091796875,0.86376953125
2631,786,0.19968485832214355,9.793062210083008,0.055833447724580765,-0.11712646484375,0.0253753662109375,0.99267578125,0.0,0.9091796875,0.85986328125
2632,788,0.18715007603168488,9.77200984954834,0.03845323994755745,-0.1478271484375,-0.8994140625,-0.41162109375,0.0,0.90185546875,0.85595703125
2633,776,0.2049429714679718,9.772890090942383,0.03689531609416008,0.1116943359375,-0.89453125,-0.432861328125,0.0,0.90185546875,0.85986328125
2634,776,0.2049429714679718,9.772890090942383,0.03689531609416008,0.1116943359375,-0.89453125,-0.432861328125,0.0,0.90185546875,0.85986328125
2635,788,0.18715007603168488,9.77200984954834,0.03845323994755745,-0.1478271484375,-0.8994140625,-0.41162109375,0.0,0.90185546875,0.85595703125
2636,783,0.1778392791748047,9.792713165283203,0.019646083936095238,-0.3916015625,-0.0062713623046875,-0.919921875,0.0,0.89453125,0.85595703125
2637,786,0.19968485832214355,9.793062210083008,0.055833447724580765,-0.11712646484375,0.0253753662109375,0.99267578125,0.0,0.9091796875,0.85986328125
2638,789,0.19605842232704163,9.792994499206543,0.057142436504364014,0.49951171875,0.0086822509765625,0.8662109375,0.0,0.9091796875,0.85595703125
2639,788,0.18715007603168488,9.77200984954834,0.03845323994755745,-0.1478271484375,-0.8994140625,-0.41162109375,0.0,0.90185546875,0.85595703125
2640,783,0.1778392791748047,9.792713165283203,0.019646083936095238,-0.3916015625,-0.0062713623046875,-0.919921875,0.0,0.89453125,0.85595703125
2641,790,0.15829557180404663,9.792816162109375,0.038466792553663254,-0.8515625,-0.0034008026123046875,-0.5244140625,0.0,0.89453125,0.8525390625
2642,784,0.1757517009973526,9.813647270202637,0.04968498647212982,-0.342041015625,0.91162109375,-0.2271728515625,0.0,0.88671875,0.8525390625
2643,788,0.18715007603168488,9.77200984954834,0.03845323994755745,-0.1478271484375,-0.8994140625,-0.41162109375,0.0,0.90185546875,0.85595703125
2644,790,0.15829557180404663,9.792816162109375,0.038466792553663254,-0.8515625,-0.0034008026123046875,-0.5244140625,0.0,0.89453125,0.8525390625
2645,783,0.1778392791748047,9.792713165283203,0.019646083936095238,-0.3916015625,-0.0062713623046875,-0.919921875,0.0,0.89453125,0.85595703125
2646,784,0.1757517009973526,9.813647270202637,0.04968498647212982,-0.342041015625,0.91162109375,-0.2271728515625,0.0,0.88671875,0.8525390625
2647,791,0.1700795292854309,9.814428329467773,0.06624530255794525,-0.377197265625,0.92529296875,-0.0377197265625,0.0,0.88671875,0.84912109375
2648,785,0.19218650460243225,9.793390274047852,0.06633670628070831,0.99853515625,0.045745849609375,-0.03369140625,0.0,0.87939453125,0.84912109375
2649,790,0.15829557180404663,9.792816162109375,0.038466792553663254,-0.8515625,-0.0034008026123046875,-0.5244140625,0.0,0.89453125,0.8525390625
2650,791,0.1700795292854309,9.814428329467773,0.06624530255794525,-0.377197265625,0.92529296875,-0.0377197265625,0.0,0.88671875,0.84912109375
2651,784,0.1757517009973526,9.813647270202637,0.04968498647212982,-0.342041015625,0.91162109375,-0.2271728515625,0.0,0.88671875,0.8525390625
2652,791,0.1700795292854309,9.814428329467773,0.06624530255794525,-0.377197265625,0.92529296875,-0.0377197265625,0.0,0.88671875,0.84912109375
2653,792,0.19464583694934845,9.793365478515625,0.07685470581054688,0.91552734375,0.03253173828125,-0.400390625,0.0,0.87939453125,0.8447265625
2654,785,0.19218650460243225,9.793390274047852,0.06633670628070831,0.99853515625,0.045745849609375,-0.03369140625,0.0,0.87939453125,0.84912109375
2655,789,0.19605842232704163,9.792994499206543,0.057142436504364014,0.49951171875,0.0086822509765625,0.8662109375,0.0,0.9091796875,0.85595703125
2656,793,0.17577852308750153,9.772066116333008,0.049792006611824036,-0.33642578125,-0.91455078125,-0.2239990234375,0.0,0.90185546875,0.8525390625
2657,788,0.18715007603168488,9.77200984954834,0.03845323994755745,-0.1478271484375,-0.8994140625,-0.41162109375,0.0,0.90185546875,0.85595703125
2658,788,0.18715007603168488,9.77200984954834,0.03845323994755745,-0.1478271484375,-0.8994140625,-0.41162109375,0.0,0.90185546875,0.85595703125
2659,793,0.17577852308750153,9.772066116333008,0.049792006611824036,-0.33642578125,-0.91455078125,-0.2239990234375,0.0,0.90185546875,0.8525390625
2660,790,0.15829557180404663,9.792816162109375,0.038466792553663254,-0.8515625,-0.0034008026123046875,-0.5244140625,0.0,0.89453125,0.8525390625
2661,789,0.19605842232704163,9.792994499206543,0.057142436504364014,0.49951171875,0.0086822509765625,0.8662109375,0.0,0.9091796875,0.85595703125
2662,794,0.1932346522808075,9.79289722442627,0.0610102079808712,0.89404296875,-0.0121917724609375,0.447265625,0.0,0.9091796875,0.8525390625
2663,793,0.17577852308750153,9.772066116333008,0.049792006611824036,-0.33642578125,-0.91455078125,-0.2239990234375,0.0,0.90185546875,0.8525390625
2664,790,0.15829557180404663,9.792816162109375,0.038466792553663254,-0.8515625,-0.0034008026123046875,-0.5244140625,0.0,0.89453125,0.8525390625
2665,795,0.1490417867898941,9.79232120513916,0.06618563830852509,-0.99951171875,-0.0157623291015625,-0.033447265625,0.0,0.89453125,0.84912109375
2666,791,0.1700795292854309,9.814428329467773,0.06624530255794525,-0.377197265625,0.92529296875,-0.0377197265625,0.0,0.88671875,0.84912109375
2667,793,0.17577852308750153,9.772066116333008,0.049792006611824036,-0.33642578125,-0.91455078125,-0.2239990234375,0.0,0.90185546875,0.8525390625
2668,795,0.1490417867898941,9.79232120513916,0.06618563830852509,-0.99951171875,-0.0157623291015625,-0.033447265625,0.0,0.89453125,0.84912109375
2669,790,0.15829557180404663,9.792816162109375,0.038466792553663254,-0.8515625,-0.0034008026123046875,-0.5244140625,0.0,0.89453125,0.8525390625
2670,791,0.1700795292854309,9.814428329467773,0.06624530255794525,-0.377197265625,0.92529296875,-0.0377197265625,0.0,0.88671875,0.84912109375
2671,796,0.17469508945941925,9.814437866210938,0.0863489955663681,-0.31396484375,0.935546875,0.160888671875,0.0,0.88671875,0.8447265625
2672,792,0.19464583694934845,9.793365478515625,0.07685470581054688,0.91552734375,0.03253173828125,-0.400390625,0.0,0.87939453125,0.8447265625
2673,795,0.1490417867898941,9.79232120513916,0.06618563830852509,-0.99951171875,-0.0157623291015625,-0.033447265625,0.0,0.89453125,0.84912109375
2674,796,0.17469508945941925,9.814437866210938,0.0863489955663681,-0.31396484375,0.935546875,0.160888671875,0.0,0.88671875,0.8447265625
2675,791,0.1700795292854309,9.814428329467773,0.06624530255794525,-0.377197265625,0.92529296875,-0.0377197265625,0.0,0.88671875,0.84912109375
2676,796,0.17469508945941925,9.814437866210938,0.0863489955663681,-0.31396484375,0.935546875,0.160888671875,0.0,0.88671875,0.8447265625
2677,797,0.19912061095237732,9.793435096740723,0.08396394550800323,0.56103515625,0.041015625,-0.82666015625,0.0,0.87939453125,0.84033203125
2678,792,0.19464583694934845,9.793365478515625,0.07685470581054688,0.91552734375,0.03253173828125,-0.400390625,0.0,0.87939453125,0.8447265625
2679,794,0.1932346522808075,9.79289722442627,0.0610102079808712,0.89404296875,-0.0121917724609375,0.447265625,0.0,0.9091796875,0.8525390625
2680,798,0.17114874720573425,9.771283149719238,0.06627704203128815,-0.33544921875,-0.94140625,-0.037628173828125,0.0,0.90185546875,0.84912109375
2681,793,0.17577852308750153,9.772066116333008,0.049792006611824036,-0.33642578125,-0.91455078125,-0.2239990234375,0.0,0.90185546875,0.8525390625
2682,793,0.17577852308750153,9.772066116333008,0.049792006611824036,-0.33642578125,-0.91455078125,-0.2239990234375,0.0,0.90185546875,0.8525390625
2683,798,0.17114874720573425,9.771283149719238,0.06627704203128815,-0.33544921875,-0.94140625,-0.037628173828125,0.0,0.90185546875,0.84912109375
2684,795,0.1490417867898941,9.79232120513916,0.06618563830852509,-0.99951171875,-0.0157623291015625,-0.033447265625,0.0,0.89453125,0.84912109375
2685,794,0.1932346522808075,9.79289722442627,0.0610102079808712,0.89404296875,-0.0121917724609375,0.447265625,0.0,0.9091796875,0.8525390625
2686,799,0.19218650460243225,9.793390274047852,0.06633670628070831,0.99853515625,0.045745849609375,-0.03369140625,0.0,0.9091796875,0.84912109375
2687,798,0.17114874720573425,9.771283149719238,0.06627704203128815,-0.33544921875,-0.94140625,-0.037628173828125,0.0,0.90185546875,0.84912109375
2688,795,0.1490417867898941,9.79232120513916,0.06618563830852509,-0.99951171875,-0.0157623291015625,-0.033447265625,0.0,0.89453125,0.84912109375
2689,800,0.15566638112068176,9.792343139648438,0.09540307521820068,-0.9013671875,-0.0160980224609375,0.4326171875,0.0,0.89453125,0.8447265625
2690,796,0.17469508945941925,9.814437866210938,0.0863489955663681,-0.31396484375,0.935546875,0.160888671875,0.0,0.88671875,0.8447265625
2691,798,0.17114874720573425,9.771283149719238,0.06627704203128815,-0.33544921875,-0.94140625,-0.037628173828125,0.0,0.90185546875,0.84912109375
2692,800,0.15566638112068176,9.792343139648438,0.09540307521820068,-0.9013671875,-0.0160980224609375,0.4326171875,0.0,0.89453125,0.8447265625
2693,795,0.1490417867898941,9.79232120513916,0.06618563830852509,-0.99951171875,-0.0157623291015625,-0.033447265625,0.0,0.89453125,0.84912109375
2694,796,0.17469508945941925,9.814437866210938,0.0863489955663681,-0.31396484375,0.935546875,0.160888671875,0.0,0.88671875,0.8447265625
2695,801,0.18693862855434418,9.814424514770508,0.10245637595653534,-0.2171630859375,0.90380859375,0.36865234375,0.0,0.88671875,0.84033203125
2696,797,0.19912061095237732,9.793435096740723,0.08396394550800323,0.56103515625,0.041015625,-0.82666015625,0.0,0.87939453125,0.84033203125
2697,800,0.15566638112068176,9.792343139648438,0.09540307521820068,-0.9013671875,-0.0160980224609375,0.4326171875,0.0,0.89453125,0.8447265625
2698,801,0.18693862855434418,9.814424514770508,0.10245637595653534,-0.2171630859375,0.90380859375,0.36865234375,0.0,0.88671875,0.84033203125
2699,796,0.17469508945941925,9.814437866210938,0.0863489955663681,-0.31396484375,0.935546875,0.160888671875,0.0,0.88671875,0.8447265625
2700,801,0.18693862855434418,9.814424514770508,0.10245637595653534,-0.2171630859375,0.90380859375,0.36865234375,0.0,0.88671875,0.84033203125
2701,802,0.20609627664089203,9.793417930603027,0.08572377264499664,-0.10882568359375,0.0278472900390625,-0.99365234375,0.0,0.87939453125,0.83544921875
2702,797,0.19912061095237732,9.793435096740723,0.08396394550800323,0.56103515625,0.041015625,-0.82666015625,0.0,0.87939453125,0.84033203125
2703,799,0.19218650460243225,9.793390274047852,0.06633670628070831,0.99853515625,0.045745849609375,-0.03369140625,0.0,0.9091796875,0.84912109375
2704,803,0.17561714351177216,9.771270751953125,0.08590879291296005,-0.2744140625,-0.951171875,0.142578125,0.0,0.90185546875,0.8447265625
2705,798,0.17114874720573425,9.771283149719238,0.06627704203128815,-0.33544921875,-0.94140625,-0.037628173828125,0.0,0.90185546875,0.84912109375
2706,798,0.17114874720573425,9.771283149719238,0.06627704203128815,-0.33544921875,-0.94140625,-0.037628173828125,0.0,0.90185546875,0.84912109375
2707,803,0.17561714351177216,9.771270751953125,0.08590879291296005,-0.2744140625,-0.951171875,0.142578125,0.0,0.90185546875,0.8447265625
2708,800,0.15566638112068176,9.792343139648438,0.09540307521820068,-0.9013671875,-0.0160980224609375,0.4326171875,0.0,0.89453125,0.8447265625
2709,799,0.19218650460243225,9.793390274047852,0.06633670628070831,0.99853515625,0.045745849609375,-0.03369140625,0.0,0.9091796875,0.84912109375
2710,804,0.19464583694934845,9.793365478515625,0.07685470581054688,0.91552734375,0.03253173828125,-0.400390625,0.0,0.9091796875,0.8447265625
2711,803,0.17561714351177216,9.771270751953125,0.08590879291296005,-0.2744140625,-0.951171875,0.142578125,0.0,0.90185546875,0.8447265625
2712,800,0.15566638112068176,9.792343139648438,0.09540307521820068,-0.9013671875,-0.0160980224609375,0.4326171875,0.0,0.89453125,0.8447265625
2713,805,0.1754198670387268,9.792280197143555,0.1200028583407402,-0.52587890625,-0.018218994140625,0.8505859375,0.0,0.89453125,0.84033203125
2714,801,0.18693862855434418,9.814424514770508,0.10245637595653534,-0.2171630859375,0.90380859375,0.36865234375,0.0,0.88671875,0.84033203125
2715,803,0.17561714351177216,9.771270751953125,0.08590879291296005,-0.2744140625,-0.951171875,0.142578125,0.0,0.90185546875,0.8447265625
2716,805,0.1754198670387268,9.792280197143555,0.1200028583407402,-0.52587890625,-0.018218994140625,0.8505859375,0.0,0.89453125,0.84033203125
2717,800,0.15566638112068176,9.792343139648438,0.09540307521820068,-0.9013671875,-0.0160980224609375,0.4326171875,0.0,0.89453125,0.8447265625
2718,801,0.18693862855434418,9.814424514770508,0.10245637595653534,-0.2171630859375,0.90380859375,0.36865234375,0.0,0.88671875,0.84033203125
2719,806,0.20830181241035461,9.814506530761719,0.1076774001121521,0.002429962158203125,0.919921875,0.391845703125,0.0,0.88671875,0.83544921875
2720,802,0.20609627664089203,9.793417930603027,0.08572377264499664,-0.10882568359375,0.0278472900390625,-0.99365234375,0.0,0.87939453125,0.83544921875
2721,805,0.1754198670387268,9.792280197143555,0.1200028583407402,-0.52587890625,-0.018218994140625,0.8505859375,0.0,0.89453125,0.84033203125
2722,806,0.20830181241035461,9.814506530761719,0.1076774001121521,0.002429962158203125,0.919921875,0.391845703125,0.0,0.88671875,0.83544921875
2723,801,0.18693862855434418,9.814424514770508,0.10245637595653534,-0.2171630859375,0.90380859375,0.36865234375,0.0,0.88671875,0.84033203125
2724,806,0.20830181241035461,9.814506530761719,0.1076774001121521,0.002429962158203125,0.919921875,0.391845703125,0.0,0.88671875,0.83544921875
2725,807,0.2181919664144516,9.79360580444336,0.08057644963264465,-0.60107421875,0.048797607421875,-0.79736328125,0.0,0.87939453125,0.830078125
2726,802,0.20609627664089203,9.793417930603027,0.08572377264499664,-0.10882568359375,0.0278472900390625,-0.99365234375,0.0,0.87939453125,0.83544921875
2727,804,0.19464583694934845,9.793365478515625,0.07685470581054688,0.91552734375,0.03253173828125,-0.400390625,0.0,0.9091796875,0.8447265625
2728,808,0.18760184943675995,9.771291732788086,0.1015104278922081,-0.18994140625,-0.923828125,0.332275390625,0.0,0.90185546875,0.84033203125
2729,803,0.17561714351177216,9.771270751953125,0.08590879291296005,-0.2744140625,-0.951171875,0.142578125,0.0,0.90185546875,0.8447265625
2730,803,0.17561714351177216,9.771270751953125,0.08590879291296005,-0.2744140625,-0.951171875,0.142578125,0.0,0.90185546875,0.8447265625
2731,808,0.18760184943675995,9.771291732788086,0.1015104278922081,-0.18994140625,-0.923828125,0.332275390625,0.0,0.90185546875,0.84033203125
2732,805,0.1754198670387268,9.792280197143555,0.1200028583407402,-0.52587890625,-0.018218994140625,0.8505859375,0.0,0.89453125,0.84033203125
2733,804,0.19464583694934845,9.793365478515625,0.07685470581054688,0.91552734375,0.03253173828125,-0.400390625,0.0,0.9091796875,0.8447265625
2734,809,0.19912061095237732,9.793435096740723,0.08396394550800323,0.56103515625,0.041015625,-0.82666015625,0.0,0.9091796875,0.84033203125
2735,808,0.18760184943675995,9.771291732788086,0.1015104278922081,-0.18994140625,-0.923828125,0.332275390625,0.0,0.90185546875,0.84033203125
2736,805,0.1754198670387268,9.792280197143555,0.1200028583407402,-0.52587890625,-0.018218994140625,0.8505859375,0.0,0.89453125,0.84033203125
2737,810,0.21071992814540863,9.79244327545166,0.12862837314605713,0.073974609375,-0.0187225341796875,0.9970703125,0.0,0.89453125,0.83544921875
2738,806,0.20830181241035461,9.814506530761719,0.1076774001121521,0.002429962158203125,0.919921875,0.391845703125,0.0,0.88671875,0.83544921875
2739,808,0.18760184943675995,9.771291732788086,0.1015104278922081,-0.18994140625,-0.923828125,0.332275390625,0.0,0.90185546875,0.84033203125
2740,810,0.21071992814540863,9.79244327545166,0.12862837314605713,0.073974609375,-0.0187225341796875,0.9970703125,0.0,0.89453125,0.83544921875
2741,805,0.1754198670387268,9.792280197143555,0.1200028583407402,-0.52587890625,-0.018218994140625,0.8505859375,0.0,0.89453125,0.84033203125
2742,806,0.20830181241035461,9.814506530761719,0.1076774001121521,0.002429962158203125,0.919921875,0.391845703125,0.0,0.88671875,0.83544921875
2743,811,0.23041632771492004,9.814776420593262,0.09888660907745361,0.104248046875,0.97705078125,0.1849365234375,0.0,0.88671875,0.830078125
2744,807,0.2181919664144516,9.79360580444336,0.08057644963264465,-0.60107421875,0.048797607421875,-0.79736328125,0.0,0.87939453125,0.830078125
2745,810,0.21071992814540863,9.79244327545166,0.12862837314605713,0.073974609375,-0.0187225341796875,0.9970703125,0.0,0.89453125,0.83544921875
2746,811,0.23041632771492004,9.814776420593262,0.09888660907745361,0.104248046875,0.97705078125,0.1849365234375,0.0,0.88671875,0.830078125
2747,806,0.20830181241035461,9.814506530761719,0.1076774001121521,0.002429962158203125,0.919921875,0.391845703125,0.0,0.88671875,0.83544921875
2748,811,0.23041632771492004,9.814776420593262,0.09888660907745361,0.104248046875,0.97705078125,0.1849365234375,0.0,0.88671875,0.830078125
2749,812,0.242339089512825,9.792920112609863,0.056501686573028564,-0.748046875,0.07391357421875,-0.65966796875,0.0,0.87939453125,0.82177734375
2750,807,0.2181919664144516,9.79360580444336,0.08057644963264465,-0.60107421875,0.048797607421875,-0.79736328125,0.0,0.87939453125,0.830078125
2751,809,0.19912061095237732,9.793435096740723,0.08396394550800323,0.56103515625,0.041015625,-0.82666015625,0.0,0.9091796875,0.84033203125
2752,813,0.20851439237594604,9.771354675292969,0.10667475312948227,0.01314544677734375,-0.93701171875,0.348876953125,0.0,0.90185546875,0.83544921875
2753,808,0.18760184943675995,9.771291732788086,0.1015104278922081,-0.18994140625,-0.923828125,0.332275390625,0.0,0.90185546875,0.84033203125
2754,808,0.18760184943675995,9.771291732788086,0.1015104278922081,-0.18994140625,-0.923828125,0.332275390625,0.0,0.90185546875,0.84033203125
2755,813,0.20851439237594604,9.771354675292969,0.10667475312948227,0.01314544677734375,-0.93701171875,0.348876953125,0.0,0.90185546875,0.83544921875
2756,810,0.21071992814540863,9.79244327545166,0.12862837314605713,0.073974609375,-0.0187225341796875,0.9970703125,0.0,0.89453125,0.83544921875
2757,809,0.19912061095237732,9.793435096740723,0.08396394550800323,0.56103515625,0.041015625,-0.82666015625,0.0,0.9091796875,0.84033203125
2758,814,0.20609627664089203,9.793417930603027,0.08572377264499664,-0.10882568359375,0.0278472900390625,-0.99365234375,0.0,0.9091796875,0.83544921875
2759,813,0.20851439237594604,9.771354675292969,0.10667475312948227,0.01314544677734375,-0.93701171875,0.348876953125,0.0,0.90185546875,0.83544921875
2760,810,0.21071992814540863,9.79244327545166,0.12862837314605713,0.073974609375,-0.0187225341796875,0.9970703125,0.0,0.89453125,0.83544921875
2761,815,0.24266022443771362,9.792764663696289,0.11616276204586029,0.57470703125,0.01727294921875,0.81787109375,0.0,0.89453125,0.830078125
2762,811,0.23041632771492004,9.814776420593262,0.09888660907745361,0.104248046875,0.97705078125,0.1849365234375,0.0,0.88671875,0.830078125
2763,813,0.20851439237594604,9.771354675292969,0.10667475312948227,0.01314544677734375,-0.93701171875,0.348876953125,0.0,0.90185546875,0.83544921875
2764,815,0.24266022443771362,9.792764663696289,0.11616276204586029,0.57470703125,0.01727294921875,0.81787109375,0.0,0.89453125,0.830078125
2765,810,0.21071992814540863,9.79244327545166,0.12862837314605713,0.073974609375,-0.0187225341796875,0.9970703125,0.0,0.89453125,0.83544921875
2766,811,0.23041632771492004,9.814776420593262,0.09888660907745361,0.104248046875,0.97705078125,0.1849365234375,0.0,0.88671875,0.830078125
2767,816,0.2600005567073822,9.814577102661133,0.06880524754524231,0.0982666015625,0.9951171875,-0.0188446044921875,0.0,0.88671875,0.82177734375
2768,812,0.242339089512825,9.792920112609863,0.056501686573028564,-0.748046875,0.07391357421875,-0.65966796875,0.0,0.87939453125,0.82177734375
2769,815,0.24266022443771362,9.792764663696289,0.11616276204586029,0.57470703125,0.01727294921875,0.81787109375,0.0,0.89453125,0.830078125
2770,816,0.2600005567073822,9.814577102661133,0.06880524754524231,0.0982666015625,0.9951171875,-0.0188446044921875,0.0,0.88671875,0.82177734375
2771,811,0.23041632771492004,9.814776420593262,0.09888660907745361,0.104248046875,0.97705078125,0.1849365234375,0.0,0.88671875,0.830078125
2772,816,0.2600005567073822,9.814577102661133,0.06880524754524231,0.0982666015625,0.9951171875,-0.0188446044921875,0.0,0.88671875,0.82177734375
2773,817,0.26483041048049927,9.787008285522461,0.026519864797592163,-0.73291015625,0.09832763671875,-0.67333984375,0.0,0.87939453125,0.8134765625
2774,812,0.242339089512825,9.792920112609863,0.056501686573028564,-0.748046875,0.07391357421875,-0.65966796875,0.0,0.87939453125,0.82177734375
2775,814,0.20609627664089203,9.793417930603027,0.08572377264499664,-0.10882568359375,0.0278472900390625,-0.99365234375,0.0,0.9091796875,0.83544921875
2776,818,0.23043586313724518,9.771594047546387,0.09785260260105133,0.097412109375,-0.98193359375,0.1610107421875,0.0,0.90185546875,0.830078125
2777,813,0.20851439237594604,9.771354675292969,0.10667475312948227,0.01314544677734375,-0.93701171875,0.348876953125,0.0,0.90185546875,0.83544921875
2778,813,0.20851439237594604,9.771354675292969,0.10667475312948227,0.01314544677734375,-0.93701171875,0.348876953125,0.0,0.90185546875,0.83544921875
2779,818,0.23043586313724518,9.771594047546387,0.09785260260105133,0.097412109375,-0.98193359375,0.1610107421875,0.0,0.90185546875,0.830078125
2780,815,0.24266022443771362,9.792764663696289,0.11616276204586029,0.57470703125,0.01727294921875,0.81787109375,0.0,0.89453125,0.830078125
2781,814,0.20609627664089203,9.793417930603027,0.08572377264499664,-0.10882568359375,0.0278472900390625,-0.99365234375,0.0,0.9091796875,0.83544921875
2782,819,0.2181919664144516,9.79360580444336,0.08057644963264465,-0.60107421875,0.048797607421875,-0.79736328125,0.0,0.9091796875,0.830078125
2783,818,0.23043586313724518,9.771594047546387,0.09785260260105133,0.097412109375,-0.98193359375,0.1610107421875,0.0,0.90185546875,0.830078125
2784,815,0.24266022443771362,9.792764663696289,0.11616276204586029,0.57470703125,0.01727294921875,0.81787109375,0.0,0.89453125,0.830078125
2785,820,0.27396807074546814,9.793478012084961,0.08589517325162888,0.75146484375,0.07916259765625,0.6552734375,0.0,0.89453125,0.82177734375
2786,816,0.2600005567073822,9.814577102661133,0.06880524754524231,0.0982666015625,0.9951171875,-0.0188446044921875,0.0,0.88671875,0.82177734375
2787,818,0.23043586313724518,9.771594047546387,0.09785260260105133,0.097412109375,-0.98193359375,0.1610107421875,0.0,0.90185546875,0.830078125
2788,820,0.27396807074546814,9.793478012084961,0.08589517325162888,0.75146484375,0.07916259765625,0.6552734375,0.0,0.89453125,0.82177734375
2789,815,0.24266022443771362,9.792764663696289,0.11616276204586029,0.57470703125,0.01727294921875,0.81787109375,0.0,0.89453125,0.830078125
2790,816,0.2600005567073822,9.814577102661133,0.06880524754524231,0.0982666015625,0.9951171875,-0.0188446044921875,0.0,0.88671875,0.82177734375
2791,821,0.28522026538848877,9.80781364440918,0.03521236404776573,0.1492919921875,0.95361328125,-0.260986328125,0.0,0.88671875,0.8134765625
2792,817,0.26483041048049927,9.787008285522461,0.026519864797592163,-0.73291015625,0.09832763671875,-0.67333984375,0.0,0.87939453125,0.8134765625
2793,820,0.27396807074546814,9.793478012084961,0.08589517325162888,0.75146484375,0.07916259765625,0.6552734375,0.0,0.89453125,0.82177734375
2794,821,0.28522026538848877,9.80781364440918,0.03521236404776573,0.1492919921875,0.95361328125,-0.260986328125,0.0,0.88671875,0.8134765625
2795,816,0.2600005567073822,9.814577102661133,0.06880524754524231,0.0982666015625,0.9951171875,-0.0188446044921875,0.0,0.88671875,0.82177734375
2796,821,0.28522026538848877,9.80781364440918,0.03521236404776573,0.1492919921875,0.95361328125,-0.260986328125,0.0,0.88671875,0.8134765625
2797,822,0.2916361093521118,9.769109725952148,-0.0006892704986967146,-0.63330078125,0.039520263671875,-0.77294921875,0.0,0.87939453125,0.8046875
2798,817,0.26483041048049927,9.787008285522461,0.026519864797592163,-0.73291015625,0.09832763671875,-0.67333984375,0.0,0.87939453125,0.8134765625
2799,819,0.2181919664144516,9.79360580444336,0.08057644963264465,-0.60107421875,0.048797607421875,-0.79736328125,0.0,0.9091796875,0.830078125
2800,823,0.25630661845207214,9.771820068359375,0.07359161227941513,0.0140380859375,-0.994140625,0.108642578125,0.0,0.90185546875,0.82177734375
2801,818,0.23043586313724518,9.771594047546387,0.09785260260105133,0.097412109375,-0.98193359375,0.1610107421875,0.0,0.90185546875,0.830078125
2802,818,0.23043586313724518,9.771594047546387,0.09785260260105133,0.097412109375,-0.98193359375,0.1610107421875,0.0,0.90185546875,0.830078125
2803,823,0.25630661845207214,9.771820068359375,0.07359161227941513,0.0140380859375,-0.994140625,0.108642578125,0.0,0.90185546875,0.82177734375
2804,820,0.27396807074546814,9.793478012084961,0.08589517325162888,0.75146484375,0.07916259765625,0.6552734375,0.0,0.89453125,0.82177734375
2805,819,0.2181919664144516,9.79360580444336,0.08057644963264465,-0.60107421875,0.048797607421875,-0.79736328125,0.0,0.9091796875,0.830078125
2806,824,0.242339089512825,9.792920112609863,0.056501686573028564,-0.748046875,0.07391357421875,-0.65966796875,0.0,0.9091796875,0.82177734375
2807,823,0.25630661845207214,9.771820068359375,0.07359161227941513,0.0140380859375,-0.994140625,0.108642578125,0.0,0.90185546875,0.82177734375
2808,820,0.27396807074546814,9.793478012084961,0.08589517325162888,0.75146484375,0.07916259765625,0.6552734375,0.0,0.89453125,0.82177734375
2809,825,0.29784125089645386,9.78757095336914,0.05405688285827637,0.77978515625,0.13134765625,0.6123046875,0.0,0.89453125,0.8134765625
2810,821,0.28522026538848877,9.80781364440918,0.03521236404776573,0.1492919921875,0.95361328125,-0.260986328125,0.0,0.88671875,0.8134765625
2811,823,0.25630661845207214,9.771820068359375,0.07359161227941513,0.0140380859375,-0.994140625,0.108642578125,0.0,0.90185546875,0.82177734375
2812,825,0.29784125089645386,9.78757095336914,0.05405688285827637,0.77978515625,0.13134765625,0.6123046875,0.0,0.89453125,0.8134765625
2813,820,0.27396807074546814,9.793478012084961,0.08589517325162888,0.75146484375,0.07916259765625,0.6552734375,0.0,0.89453125,0.82177734375
2814,821,0.28522026538848877,9.80781364440918,0.03521236404776573,0.1492919921875,0.95361328125,-0.260986328125,0.0,0.88671875,0.8134765625
2815,826,0.31368494033813477,9.789040565490723,0.006430048029869795,0.30810546875,0.837890625,-0.4501953125,0.0,0.88671875,0.8046875
2816,822,0.2916361093521118,9.769109725952148,-0.0006892704986967146,-0.63330078125,0.039520263671875,-0.77294921875,0.0,0.87939453125,0.8046875
2817,825,0.29784125089645386,9.78757095336914,0.05405688285827637,0.77978515625,0.13134765625,0.6123046875,0.0,0.89453125,0.8134765625
2818,826,0.31368494033813477,9.789040565490723,0.006430048029869795,0.30810546875,0.837890625,-0.4501953125,0.0,0.88671875,0.8046875
2819,821,0.28522026538848877,9.80781364440918,0.03521236404776573,0.1492919921875,0.95361328125,-0.260986328125,0.0,0.88671875,0.8134765625
2820,826,0.31368494033813477,9.789040565490723,0.006430048029869795,0.30810546875,0.837890625,-0.4501953125,0.0,0.88671875,0.8046875
2821,827,0.3170275092124939,9.743393898010254,-0.01859702728688717,-0.53955078125,-0.05999755859375,-0.83984375,0.0,0.87939453125,0.79638671875
2822,822,0.2916361093521118,9.769109725952148,-0.0006892704986967146,-0.63330078125,0.039520263671875,-0.77294921875,0.0,0.87939453125,0.8046875
2823,824,0.242339089512825,9.792920112609863,0.056501686573028564,-0.748046875,0.07391357421875,-0.65966796875,0.0,0.9091796875,0.82177734375
2824,828,0.27745136618614197,9.766766548156738,0.0453643873333931,-0.206298828125,-0.95751953125,0.200927734375,0.0,0.90185546875,0.8134765625
2825,823,0.25630661845207214,9.771820068359375,0.07359161227941513,0.0140380859375,-0.994140625,0.108642578125,0.0,0.90185546875,0.82177734375
2826,823,0.25630661845207214,9.771820068359375,0.07359161227941513,0.0140380859375,-0.994140625,0.108642578125,0.0,0.90185546875,0.82177734375
2827,828,0.27745136618614197,9.766766548156738,0.0453643873333931,-0.206298828125,-0.95751953125,0.200927734375,0.0,0.90185546875,0.8134765625
2828,825,0.29784125089645386,9.78757095336914,0.05405688285827637,0.77978515625,0.13134765625,0.6123046875,0.0,0.89453125,0.8134765625
2829,824,0.242339089512825,9.792920112609863,0.056501686573028564,-0.748046875,0.07391357421875,-0.65966796875,0.0,0.9091796875,0.82177734375
2830,829,0.26483041048049927,9.787008285522461,0.026519864797592163,-0.73291015625,0.09832763671875,-0.67333984375,0.0,0.9091796875,0.8134765625
2831,828,0.27745136618614197,9.766766548156738,0.0453643873333931,-0.206298828125,-0.95751953125,0.200927734375,0.0,0.90185546875,0.8134765625
2832,825,0.29784125089645386,9.78757095336914,0.05405688285827637,0.77978515625,0.13134765625,0.6123046875,0.0,0.89453125,0.8134765625
2833,830,0.3208652436733246,9.77232551574707,0.030989179387688637,0.7197265625,0.18017578125,0.67041015625,0.0,0.89453125,0.8046875
2834,826,0.31368494033813477,9.789040565490723,0.006430048029869795,0.30810546875,0.837890625,-0.4501953125,0.0,0.88671875,0.8046875
2835,828,0.27745136618614197,9.766766548156738,0.0453643873333931,-0.206298828125,-0.95751953125,0.200927734375,0.0,0.90185546875,0.8134765625
2836,830,0.3208652436733246,9.77232551574707,0.030989179387688637,0.7197265625,0.18017578125,0.67041015625,0.0,0.89453125,0.8046875
2837,825,0.29784125089645386,9.78757095336914,0.05405688285827637,0.77978515625,0.13134765625,0.6123046875,0.0,0.89453125,0.8134765625
2838,826,0.31368494033813477,9.789040565490723,0.006430048029869795,0.30810546875,0.837890625,-0.4501953125,0.0,0.88671875,0.8046875
2839,831,0.34142524003982544,9.761151313781738,-0.013115624897181988,0.51806640625,0.64404296875,-0.56298828125,0.0,0.88671875,0.79638671875
2840,827,0.3170275092124939,9.743393898010254,-0.01859702728688717,-0.53955078125,-0.05999755859375,-0.83984375,0.0,0.87939453125,0.79638671875
2841,830,0.3208652436733246,9.77232551574707,0.030989179387688637,0.7197265625,0.18017578125,0.67041015625,0.0,0.89453125,0.8046875
2842,831,0.34142524003982544,9.761151313781738,-0.013115624897181988,0.51806640625,0.64404296875,-0.56298828125,0.0,0.88671875,0.79638671875
2843,826,0.31368494033813477,9.789040565490723,0.006430048029869795,0.30810546875,0.837890625,-0.4501953125,0.0,0.88671875,0.8046875
2844,831,0.34142524003982544,9.761151313781738,-0.013115624897181988,0.51806640625,0.64404296875,-0.56298828125,0.0,0.88671875,0.79638671875
2845,832,0.3506712317466736,9.693192481994629,-0.03326274827122688,-0.50634765625,-0.121826171875,-0.853515625,0.0,0.87939453125,0.783203125
2846,827,0.3170275092124939,9.743393898010254,-0.01859702728688717,-0.53955078125,-0.05999755859375,-0.83984375,0.0,0.87939453125,0.79638671875
2847,829,0.26483041048049927,9.787008285522461,0.026519864797592163,-0.73291015625,0.09832763671875,-0.67333984375,0.0,0.9091796875,0.8134765625
2848,833,0.29881638288497925,9.75239372253418,0.023869864642620087,-0.397216796875,-0.8408203125,0.367919921875,0.0,0.90185546875,0.8046875
2849,828,0.27745136618614197,9.766766548156738,0.0453643873333931,-0.206298828125,-0.95751953125,0.200927734375,0.0,0.90185546875,0.8134765625
2850,828,0.27745136618614197,9.766766548156738,0.0453643873333931,-0.206298828125,-0.95751953125,0.200927734375,0.0,0.90185546875,0.8134765625
2851,833,0.29881638288497925,9.75239372253418,0.023869864642620087,-0.397216796875,-0.8408203125,0.367919921875,0.0,0.90185546875,0.8046875
2852,830,0.3208652436733246,9.77232551574707,0.030989179387688637,0.7197265625,0.18017578125,0.67041015625,0.0,0.89453125,0.8046875
2853,829,0.26483041048049927,9.787008285522461,0.026519864797592163,-0.73291015625,0.09832763671875,-0.67333984375,0.0,0.9091796875,0.8134765625
2854,834,0.2916361093521118,9.769109725952148,-0.0006892704986967146,-0.63330078125,0.039520263671875,-0.77294921875,0.0,0.9091796875,0.8046875
2855,833,0.29881638288497925,9.75239372253418,0.023869864642620087,-0.397216796875,-0.8408203125,0.367919921875,0.0,0.90185546875,0.8046875
2856,830,0.3208652436733246,9.77232551574707,0.030989179387688637,0.7197265625,0.18017578125,0.67041015625,0.0,0.89453125,0.8046875
2857,835,0.34409648180007935,9.748847961425781,0.014850661158561707,0.671875,0.2215576171875,0.70654296875,0.0,0.89453125,0.79638671875
2858,831,0.34142524003982544,9.761151313781738,-0.013115624897181988,0.51806640625,0.64404296875,-0.56298828125,0.0,0.88671875,0.79638671875
2859,833,0.29881638288497925,9.75239372253418,0.023869864642620087,-0.397216796875,-0.8408203125,0.367919921875,0.0,0.90185546875,0.8046875
2860,835,0.34409648180007935,9.748847961425781,0.014850661158561707,0.671875,0.2215576171875,0.70654296875,0.0,0.89453125,0.79638671875
2861,830,0.3208652436733246,9.77232551574707,0.030989179387688637,0.7197265625,0.18017578125,0.67041015625,0.0,0.89453125,0.8046875
2862,831,0.34142524003982544,9.761151313781738,-0.013115624897181988,0.51806640625,0.64404296875,-0.56298828125,0.0,0.88671875,0.79638671875
2863,836,0.37814974784851074,9.705988883972168,-0.029145564883947372,0.66015625,0.447021484375,-0.603515625,0.0,0.88671875,0.783203125
2864,832,0.3506712317466736,9.693192481994629,-0.03326274827122688,-0.50634765625,-0.121826171875,-0.853515625,0.0,0.87939453125,0.783203125
2865,835,0.34409648180007935,9.748847961425781,0.014850661158561707,0.671875,0.2215576171875,0.70654296875,0.0,0.89453125,0.79638671875
2866,836,0.37814974784851074,9.705988883972168,-0.029145564883947372,0.66015625,0.447021484375,-0.603515625,0.0,0.88671875,0.783203125
2867,831,0.34142524003982544,9.761151313781738,-0.013115624897181988,0.51806640625,0.64404296875,-0.56298828125,0.0,0.88671875,0.79638671875
2868,836,0.37814974784851074,9.705988883972168,-0.029145564883947372,0.66015625,0.447021484375,-0.603515625,0.0,0.88671875,0.783203125
2869,837,0.3735654056072235,9.636262893676758,-0.03683077543973923,-0.50048828125,-0.1446533203125,-0.853515625,0.0,0.87939453125,0.77001953125
2870,832,0.3506712317466736,9.693192481994629,-0.03326274827122688,-0.50634765625,-0.121826171875,-0.853515625,0.0,0.87939453125,0.783203125
2871,834,0.2916361093521118,9.769109725952148,-0.0006892704986967146,-0.63330078125,0.039520263671875,-0.77294921875,0.0,0.9091796875,0.8046875
2872,838,0.3196987509727478,9.731091499328613,0.009369260631501675,-0.5625,-0.64599609375,0.51611328125,0.0,0.90185546875,0.79638671875
2873,833,0.29881638288497925,9.75239372253418,0.023869864642620087,-0.397216796875,-0.8408203125,0.367919921875,0.0,0.90185546875,0.8046875
2874,833,0.29881638288497925,9.75239372253418,0.023869864642620087,-0.397216796875,-0.8408203125,0.367919921875,0.0,0.90185546875,0.8046875
2875,838,0.3196987509727478,9.731091499328613,0.009369260631501675,-0.5625,-0.64599609375,0.51611328125,0.0,0.90185546875,0.79638671875
2876,835,0.34409648180007935,9.748847961425781,0.014850661158561707,0.671875,0.2215576171875,0.70654296875,0.0,0.89453125,0.79638671875
2877,834,0.2916361093521118,9.769109725952148,-0.0006892704986967146,-0.63330078125,0.039520263671875,-0.77294921875,0.0,0.9091796875,0.8046875
2878,839,0.3170275092124939,9.743393898010254,-0.01859702728688717,-0.53955078125,-0.05999755859375,-0.83984375,0.0,0.9091796875,0.79638671875
2879,838,0.3196987509727478,9.731091499328613,0.009369260631501675,-0.5625,-0.64599609375,0.51611328125,0.0,0.90185546875,0.79638671875
2880,836,0.37814974784851074,9.705988883972168,-0.029145564883947372,0.66015625,0.447021484375,-0.603515625,0.0,0.88671875,0.783203125
2881,840,0.40302035212516785,9.643390655517578,-0.03292156755924225,0.7822265625,0.1552734375,-0.603515625,0.0,0.88671875,0.77001953125
2882,837,0.3735654056072235,9.636262893676758,-0.03683077543973923,-0.50048828125,-0.1446533203125,-0.853515625,0.0,0.87939453125,0.77001953125
2883,840,0.40302035212516785,9.643390655517578,-0.03292156755924225,0.7822265625,0.1552734375,-0.603515625,0.0,0.88671875,0.77001953125
2884,841,0.3827536702156067,9.554550170898438,-0.028088726103305817,-0.54833984375,-0.10662841796875,-0.8291015625,0.0,0.87939453125,0.751953125
2885,837,0.3735654056072235,9.636262893676758,-0.03683077543973923,-0.50048828125,-0.1446533203125,-0.853515625,0.0,0.87939453125,0.77001953125
2886,835,0.34409648180007935,9.748847961425781,0.014850661158561707,0.671875,0.2215576171875,0.70654296875,0.0,0.89453125,0.79638671875
2887,842,0.3766952455043793,9.699504852294922,0.000714169698767364,0.65966796875,0.224365234375,0.71728515625,0.0,0.89453125,0.783203125
2888,836,0.37814974784851074,9.705988883972168,-0.029145564883947372,0.66015625,0.447021484375,-0.603515625,0.0,0.88671875,0.783203125
2889,838,0.3196987509727478,9.731091499328613,0.009369260631501675,-0.5625,-0.64599609375,0.51611328125,0.0,0.90185546875,0.79638671875
2890,842,0.3766952455043793,9.699504852294922,0.000714169698767364,0.65966796875,0.224365234375,0.71728515625,0.0,0.89453125,0.783203125
2891,835,0.34409648180007935,9.748847961425781,0.014850661158561707,0.671875,0.2215576171875,0.70654296875,0.0,0.89453125,0.79638671875
2892,842,0.3766952455043793,9.699504852294922,0.000714169698767364,0.65966796875,0.224365234375,0.71728515625,0.0,0.89453125,0.783203125
2893,840,0.40302035212516785,9.643390655517578,-0.03292156755924225,0.7822265625,0.1552734375,-0.603515625,0.0,0.88671875,0.77001953125
2894,836,0.37814974784851074,9.705988883972168,-0.029145564883947372,0.66015625,0.447021484375,-0.603515625,0.0,0.88671875,0.783203125
2895,839,0.3170275092124939,9.743393898010254,-0.01859702728688717,-0.53955078125,-0.05999755859375,-0.83984375,0.0,0.9091796875,0.79638671875
2896,843,0.34921666979789734,9.686708450317383,-0.00340301264077425,-0.67138671875,-0.45263671875,0.5869140625,0.0,0.90185546875,0.783203125
2897,838,0.3196987509727478,9.731091499328613,0.009369260631501675,-0.5625,-0.64599609375,0.51611328125,0.0,0.90185546875,0.79638671875
2898,838,0.3196987509727478,9.731091499328613,0.009369260631501675,-0.5625,-0.64599609375,0.51611328125,0.0,0.90185546875,0.79638671875
2899,843,0.34921666979789734,9.686708450317383,-0.00340301264077425,-0.67138671875,-0.45263671875,0.5869140625,0.0,0.90185546875,0.783203125
2900,842,0.3766952455043793,9.699504852294922,0.000714169698767364,0.65966796875,0.224365234375,0.71728515625,0.0,0.89453125,0.783203125
2901,839,0.3170275092124939,9.743393898010254,-0.01859702728688717,-0.53955078125,-0.05999755859375,-0.83984375,0.0,0.9091796875,0.79638671875
2902,844,0.3506712317466736,9.693192481994629,-0.03326274827122688,-0.50634765625,-0.121826171875,-0.853515625,0.0,0.9091796875,0.783203125
2903,843,0.34921666979789734,9.686708450317383,-0.00340301264077425,-0.67138671875,-0.45263671875,0.5869140625,0.0,0.90185546875,0.783203125
2904,840,0.40302035212516785,9.643390655517578,-0.03292156755924225,0.7822265625,0.1552734375,-0.603515625,0.0,0.88671875,0.77001953125
2905,845,0.41292890906333923,9.5557222366333,-0.023493314161896706,0.82666015625,-0.07647705078125,-0.55712890625,0.0,0.88671875,0.751953125
2906,841,0.3827536702156067,9.554550170898438,-0.028088726103305817,-0.54833984375,-0.10662841796875,-0.8291015625,0.0,0.87939453125,0.751953125
2907,845,0.41292890906333923,9.5557222366333,-0.023493314161896706,0.82666015625,-0.07647705078125,-0.55712890625,0.0,0.88671875,0.751953125
2908,846,0.3734741508960724,9.395931243896484,-0.005283386446535587,-0.54541015625,-0.028900146484375,-0.837890625,0.0,0.87939453125,0.7158203125
2909,841,0.3827536702156067,9.554550170898438,-0.028088726103305817,-0.54833984375,-0.10662841796875,-0.8291015625,0.0,0.87939453125,0.751953125
2910,842,0.3766952455043793,9.699504852294922,0.000714169698767364,0.65966796875,0.224365234375,0.71728515625,0.0,0.89453125,0.783203125
2911,847,0.3989086449146271,9.643776893615723,-0.002645667642354965,0.66796875,0.183837890625,0.72119140625,0.0,0.89453125,0.77001953125
2912,840,0.40302035212516785,9.643390655517578,-0.03292156755924225,0.7822265625,0.1552734375,-0.603515625,0.0,0.88671875,0.77001953125
2913,843,0.34921666979789734,9.686708450317383,-0.00340301264077425,-0.67138671875,-0.45263671875,0.5869140625,0.0,0.90185546875,0.783203125
2914,847,0.3989086449146271,9.643776893615723,-0.002645667642354965,0.66796875,0.183837890625,0.72119140625,0.0,0.89453125,0.77001953125
2915,842,0.3766952455043793,9.699504852294922,0.000714169698767364,0.65966796875,0.224365234375,0.71728515625,0.0,0.89453125,0.783203125
2916,847,0.3989086449146271,9.643776893615723,-0.002645667642354965,0.66796875,0.183837890625,0.72119140625,0.0,0.89453125,0.77001953125
2917,845,0.41292890906333923,9.5557222366333,-0.023493314161896706,0.82666015625,-0.07647705078125,-0.55712890625,0.0,0.88671875,0.751953125
2918,840,0.40302035212516785,9.643390655517578,-0.03292156755924225,0.7822265625,0.1552734375,-0.603515625,0.0,0.88671875,0.77001953125
2919,844,0.3506712317466736,9.693192481994629,-0.03326274827122688,-0.50634765625,-0.121826171875,-0.853515625,0.0,0.9091796875,0.783203125
2920,848,0.36945369839668274,9.636649131774902,-0.006554877385497093,-0.771484375,-0.1529541015625,0.6171875,0.0,0.90185546875,0.77001953125
2921,843,0.34921666979789734,9.686708450317383,-0.00340301264077425,-0.67138671875,-0.45263671875,0.5869140625,0.0,0.90185546875,0.783203125
2922,843,0.34921666979789734,9.686708450317383,-0.00340301264077425,-0.67138671875,-0.45263671875,0.5869140625,0.0,0.90185546875,0.783203125
2923,848,0.36945369839668274,9.636649131774902,-0.006554877385497093,-0.771484375,-0.1529541015625,0.6171875,0.0,0.90185546875,0.77001953125
2924,847,0.3989086449146271,9.643776893615723,-0.002645667642354965,0.66796875,0.183837890625,0.72119140625,0.0,0.89453125,0.77001953125
2925,844,0.3506712317466736,9.693192481994629,-0.03326274827122688,-0.50634765625,-0.121826171875,-0.853515625,0.0,0.9091796875,0.783203125
2926,849,0.3735654056072235,9.636262893676758,-0.03683077543973923,-0.50048828125,-0.1446533203125,-0.853515625,0.0,0.9091796875,0.77001953125
2927,848,0.36945369839668274,9.636649131774902,-0.006554877385497093,-0.771484375,-0.1529541015625,0.6171875,0.0,0.90185546875,0.77001953125
2928,845,0.41292890906333923,9.5557222366333,-0.023493314161896706,0.82666015625,-0.07647705078125,-0.55712890625,0.0,0.88671875,0.751953125
2929,850,0.40298429131507874,9.391484260559082,0.00048162220628000796,0.84423828125,-0.1697998046875,-0.5087890625,0.0,0.88671875,0.7158203125
2930,846,0.3734741508960724,9.395931243896484,-0.005283386446535587,-0.54541015625,-0.028900146484375,-0.837890625,0.0,0.87939453125,0.7158203125
2931,850,0.40298429131507874,9.391484260559082,0.00048162220628000796,0.84423828125,-0.1697998046875,-0.5087890625,0.0,0.88671875,0.7158203125
2932,851,0.3538411259651184,9.322847366333008,-0.0012169110123068094,-0.478759765625,0.19384765625,-0.8564453125,0.0,0.87939453125,0.6982421875
2933,846,0.3734741508960724,9.395931243896484,-0.005283386446535587,-0.54541015625,-0.028900146484375,-0.837890625,0.0,0.87939453125,0.7158203125
2934,847,0.3989086449146271,9.643776893615723,-0.002645667642354965,0.66796875,0.183837890625,0.72119140625,0.0,0.89453125,0.77001953125
2935,852,0.4082072377204895,9.560376167297363,0.006324091926217079,0.6240234375,0.10211181640625,0.7744140625,0.0,0.89453125,0.751953125
2936,845,0.41292890906333923,9.5557222366333,-0.023493314161896706,0.82666015625,-0.07647705078125,-0.55712890625,0.0,0.88671875,0.751953125
2937,848,0.36945369839668274,9.636649131774902,-0.006554877385497093,-0.771484375,-0.1529541015625,0.6171875,0.0,0.90185546875,0.77001953125
2938,852,0.4082072377204895,9.560376167297363,0.006324091926217079,0.6240234375,0.10211181640625,0.7744140625,0.0,0.89453125,0.751953125
2939,847,0.3989086449146271,9.643776893615723,-0.002645667642354965,0.66796875,0.183837890625,0.72119140625,0.0,0.89453125,0.77001953125
2940,852,0.4082072377204895,9.560376167297363,0.006324091926217079,0.6240234375,0.10211181640625,0.7744140625,0.0,0.89453125,0.751953125
2941,850,0.40298429131507874,9.391484260559082,0.00048162220628000796,0.84423828125,-0.1697998046875,-0.5087890625,0.0,0.88671875,0.7158203125
2942,845,0.41292890906333923,9.5557222366333,-0.023493314161896706,0.82666015625,-0.07647705078125,-0.55712890625,0.0,0.88671875,0.751953125
2943,849,0.3735654056072235,9.636262893676758,-0.03683077543973923,-0.50048828125,-0.1446533203125,-0.853515625,0.0,0.9091796875,0.77001953125
2944,853,0.37803199887275696,9.5592041015625,0.0017286789370700717,-0.79443359375,0.08056640625,0.60205078125,0.0,0.90185546875,0.751953125
2945,848,0.36945369839668274,9.636649131774902,-0.006554877385497093,-0.771484375,-0.1529541015625,0.6171875,0.0,0.90185546875,0.77001953125
2946,848,0.36945369839668274,9.636649131774902,-0.006554877385497093,-0.771484375,-0.1529541015625,0.6171875,0.0,0.90185546875,0.77001953125
2947,853,0.37803199887275696,9.5592041015625,0.0017286789370700717,-0.79443359375,0.08056640625,0.60205078125,0.0,0.90185546875,0.751953125
2948,852,0.4082072377204895,9.560376167297363,0.006324091926217079,0.6240234375,0.10211181640625,0.7744140625,0.0,0.89453125,0.751953125
2949,849,0.3735654056072235,9.636262893676758,-0.03683077543973923,-0.50048828125,-0.1446533203125,-0.853515625,0.0,0.9091796875,0.77001953125
2950,854,0.3827536702156067,9.554550170898438,-0.028088726103305817,-0.54833984375,-0.10662841796875,-0.8291015625,0.0,0.9091796875,0.751953125
2951,853,0.37803199887275696,9.5592041015625,0.0017286789370700717,-0.79443359375,0.08056640625,0.60205078125,0.0,0.90185546875,0.751953125
2952,850,0.40298429131507874,9.391484260559082,0.00048162220628000796,0.84423828125,-0.1697998046875,-0.5087890625,0.0,0.88671875,0.7158203125
2953,855,0.38114452362060547,9.311098098754883,0.00503158662468195,0.82373046875,-0.309814453125,-0.47509765625,0.0,0.88671875,0.6982421875
2954,851,0.3538411259651184,9.322847366333008,-0.0012169110123068094,-0.478759765625,0.19384765625,-0.8564453125,0.0,0.87939453125,0.6982421875
2955,855,0.38114452362060547,9.311098098754883,0.00503158662468195,0.82373046875,-0.309814453125,-0.47509765625,0.0,0.88671875,0.6982421875
2956,856,0.3199092745780945,9.255719184875488,-0.007209439296275377,-0.400146484375,0.367919921875,-0.83935546875,0.0,0.87939453125,0.68115234375
2957,851,0.3538411259651184,9.322847366333008,-0.0012169110123068094,-0.478759765625,0.19384765625,-0.8564453125,0.0,0.87939453125,0.6982421875
2958,852,0.4082072377204895,9.560376167297363,0.006324091926217079,0.6240234375,0.10211181640625,0.7744140625,0.0,0.89453125,0.751953125
2959,857,0.39768293499946594,9.394857406616211,0.030220121145248413,0.6015625,0.01131439208984375,0.798828125,0.0,0.89453125,0.7158203125
2960,850,0.40298429131507874,9.391484260559082,0.00048162220628000796,0.84423828125,-0.1697998046875,-0.5087890625,0.0,0.88671875,0.7158203125
2961,853,0.37803199887275696,9.5592041015625,0.0017286789370700717,-0.79443359375,0.08056640625,0.60205078125,0.0,0.90185546875,0.751953125
2962,857,0.39768293499946594,9.394857406616211,0.030220121145248413,0.6015625,0.01131439208984375,0.798828125,0.0,0.89453125,0.7158203125
2963,852,0.4082072377204895,9.560376167297363,0.006324091926217079,0.6240234375,0.10211181640625,0.7744140625,0.0,0.89453125,0.751953125
2964,857,0.39768293499946594,9.394857406616211,0.030220121145248413,0.6015625,0.01131439208984375,0.798828125,0.0,0.89453125,0.7158203125
2965,855,0.38114452362060547,9.311098098754883,0.00503158662468195,0.82373046875,-0.309814453125,-0.47509765625,0.0,0.88671875,0.6982421875
2966,850,0.40298429131507874,9.391484260559082,0.00048162220628000796,0.84423828125,-0.1697998046875,-0.5087890625,0.0,0.88671875,0.7158203125
2967,854,0.3827536702156067,9.554550170898438,-0.028088726103305817,-0.54833984375,-0.10662841796875,-0.8291015625,0.0,0.9091796875,0.751953125
2968,858,0.3681727945804596,9.399304389953613,0.0244551133364439,-0.7734375,0.1695556640625,0.61083984375,0.0,0.90185546875,0.7158203125
2969,853,0.37803199887275696,9.5592041015625,0.0017286789370700717,-0.79443359375,0.08056640625,0.60205078125,0.0,0.90185546875,0.751953125
2970,853,0.37803199887275696,9.5592041015625,0.0017286789370700717,-0.79443359375,0.08056640625,0.60205078125,0.0,0.90185546875,0.751953125
2971,858,0.3681727945804596,9.399304389953613,0.0244551133364439,-0.7734375,0.1695556640625,0.61083984375,0.0,0.90185546875,0.7158203125
2972,857,0.39768293499946594,9.394857406616211,0.030220121145248413,0.6015625,0.01131439208984375,0.798828125,0.0,0.89453125,0.7158203125
2973,854,0.3827536702156067,9.554550170898438,-0.028088726103305817,-0.54833984375,-0.10662841796875,-0.8291015625,0.0,0.9091796875,0.751953125
2974,859,0.3734741508960724,9.395931243896484,-0.005283386446535587,-0.54541015625,-0.028900146484375,-0.837890625,0.0,0.9091796875,0.7158203125
2975,858,0.3681727945804596,9.399304389953613,0.0244551133364439,-0.7734375,0.1695556640625,0.61083984375,0.0,0.90185546875,0.7158203125
2976,855,0.38114452362060547,9.311098098754883,0.00503158662468195,0.82373046875,-0.309814453125,-0.47509765625,0.0,0.88671875,0.6982421875
2977,860,0.34356096386909485,9.237299919128418,-0.0017764734802767634,0.79248046875,-0.39599609375,-0.463623046875,0.0,0.88671875,0.68115234375
2978,856,0.3199092745780945,9.255719184875488,-0.007209439296275377,-0.400146484375,0.367919921875,-0.83935546875,0.0,0.87939453125,0.68115234375
2979,860,0.34356096386909485,9.237299919128418,-0.0017764734802767634,0.79248046875,-0.39599609375,-0.463623046875,0.0,0.88671875,0.68115234375
2980,861,0.297879159450531,9.227850914001465,-0.016013093292713165,-0.291015625,0.61669921875,-0.7314453125,0.0,0.87939453125,0.671875
2981,856,0.3199092745780945,9.255719184875488,-0.007209439296275377,-0.400146484375,0.367919921875,-0.83935546875,0.0,0.87939453125,0.68115234375
2982,857,0.39768293499946594,9.394857406616211,0.030220121145248413,0.6015625,0.01131439208984375,0.798828125,0.0,0.89453125,0.7158203125
2983,862,0.3747723400592804,9.312076568603516,0.034713249653577805,0.53515625,-0.2225341796875,0.81494140625,0.0,0.89453125,0.6982421875
2984,855,0.38114452362060547,9.311098098754883,0.00503158662468195,0.82373046875,-0.309814453125,-0.47509765625,0.0,0.88671875,0.6982421875
2985,858,0.3681727945804596,9.399304389953613,0.0244551133364439,-0.7734375,0.1695556640625,0.61083984375,0.0,0.90185546875,0.7158203125
2986,862,0.3747723400592804,9.312076568603516,0.034713249653577805,0.53515625,-0.2225341796875,0.81494140625,0.0,0.89453125,0.6982421875
2987,857,0.39768293499946594,9.394857406616211,0.030220121145248413,0.6015625,0.01131439208984375,0.798828125,0.0,0.89453125,0.7158203125
2988,862,0.3747723400592804,9.312076568603516,0.034713249653577805,0.53515625,-0.2225341796875,0.81494140625,0.0,0.89453125,0.6982421875
2989,860,0.34356096386909485,9.237299919128418,-0.0017764734802767634,0.79248046875,-0.39599609375,-0.463623046875,0.0,0.88671875,0.68115234375
2990,855,0.38114452362060547,9.311098098754883,0.00503158662468195,0.82373046875,-0.309814453125,-0.47509765625,0.0,0.88671875,0.6982421875
2991,859,0.3734741508960724,9.395931243896484,-0.005283386446535587,-0.54541015625,-0.028900146484375,-0.837890625,0.0,0.9091796875,0.7158203125
2992,863,0.34746894240379333,9.323824882507324,0.028464753180742264,-0.740234375,0.27783203125,0.6123046875,0.0,0.90185546875,0.6982421875
2993,858,0.3681727945804596,9.399304389953613,0.0244551133364439,-0.7734375,0.1695556640625,0.61083984375,0.0,0.90185546875,0.7158203125
2994,858,0.3681727945804596,9.399304389953613,0.0244551133364439,-0.7734375,0.1695556640625,0.61083984375,0.0,0.90185546875,0.7158203125
2995,863,0.34746894240379333,9.323824882507324,0.028464753180742264,-0.740234375,0.27783203125,0.6123046875,0.0,0.90185546875,0.6982421875
2996,862,0.3747723400592804,9.312076568603516,0.034713249653577805,0.53515625,-0.2225341796875,0.81494140625,0.0,0.89453125,0.6982421875
2997,859,0.3734741508960724,9.395931243896484,-0.005283386446535587,-0.54541015625,-0.028900146484375,-0.837890625,0.0,0.9091796875,0.7158203125
2998,864,0.3538411259651184,9.322847366333008,-0.0012169110123068094,-0.478759765625,0.19384765625,-0.8564453125,0.0,0.9091796875,0.6982421875
2999,863,0.34746894240379333,9.323824882507324,0.028464753180742264,-0.740234375,0.27783203125,0.6123046875,0.0,0.90185546875,0.6982421875
3000,860,0.34356096386909485,9.237299919128418,-0.0017764734802767634,0.79248046875,-0.39599609375,-0.463623046875,0.0,0.88671875,0.68115234375
3001,865,0.3195432722568512,9.206823348999023,-0.011487076058983803,0.771484375,-0.45458984375,-0.445556640625,0.0,0.88671875,0.671875
3002,861,0.297879159450531,9.227850914001465,-0.016013093292713165,-0.291015625,0.61669921875,-0.7314453125,0.0,0.87939453125,0.671875
3003,865,0.3195432722568512,9.206823348999023,-0.011487076058983803,0.771484375,-0.45458984375,-0.445556640625,0.0,0.88671875,0.671875
3004,866,0.2790653109550476,9.208874702453613,-0.02990623004734516,-0.2467041015625,0.81689453125,-0.521484375,0.0,0.87939453125,0.66357421875
3005,861,0.297879159450531,9.227850914001465,-0.016013093292713165,-0.291015625,0.61669921875,-0.7314453125,0.0,0.87939453125,0.671875
3006,862,0.3747723400592804,9.312076568603516,0.034713249653577805,0.53515625,-0.2225341796875,0.81494140625,0.0,0.89453125,0.6982421875
3007,867,0.3358246684074402,9.236050605773926,0.027664704248309135,0.43896484375,-0.39404296875,0.8076171875,0.0,0.89453125,0.68115234375
3008,860,0.34356096386909485,9.237299919128418,-0.0017764734802767634,0.79248046875,-0.39599609375,-0.463623046875,0.0,0.88671875,0.68115234375
3009,863,0.34746894240379333,9.323824882507324,0.028464753180742264,-0.740234375,0.27783203125,0.6123046875,0.0,0.90185546875,0.6982421875
3010,867,0.3358246684074402,9.236050605773926,0.027664704248309135,0.43896484375,-0.39404296875,0.8076171875,0.0,0.89453125,0.68115234375
3011,862,0.3747723400592804,9.312076568603516,0.034713249653577805,0.53515625,-0.2225341796875,0.81494140625,0.0,0.89453125,0.6982421875
3012,867,0.3358246684074402,9.236050605773926,0.027664704248309135,0.43896484375,-0.39404296875,0.8076171875,0.0,0.89453125,0.68115234375
3013,865,0.3195432722568512,9.206823348999023,-0.011487076058983803,0.771484375,-0.45458984375,-0.445556640625,0.0,0.88671875,0.671875
3014,860,0.34356096386909485,9.237299919128418,-0.0017764734802767634,0.79248046875,-0.39599609375,-0.463623046875,0.0,0.88671875,0.68115234375
3015,864,0.3538411259651184,9.322847366333008,-0.0012169110123068094,-0.478759765625,0.19384765625,-0.8564453125,0.0,0.9091796875,0.6982421875
3016,868,0.31217294931411743,9.254469871520996,0.02223173715174198,-0.70849609375,0.320556640625,0.62890625,0.0,0.90185546875,0.68115234375
3017,863,0.34746894240379333,9.323824882507324,0.028464753180742264,-0.740234375,0.27783203125,0.6123046875,0.0,0.90185546875,0.6982421875
3018,863,0.34746894240379333,9.323824882507324,0.028464753180742264,-0.740234375,0.27783203125,0.6123046875,0.0,0.90185546875,0.6982421875
3019,868,0.31217294931411743,9.254469871520996,0.02223173715174198,-0.70849609375,0.320556640625,0.62890625,0.0,0.90185546875,0.68115234375
3020,867,0.3358246684074402,9.236050605773926,0.027664704248309135,0.43896484375,-0.39404296875,0.8076171875,0.0,0.89453125,0.68115234375
3021,864,0.3538411259651184,9.322847366333008,-0.0012169110123068094,-0.478759765625,0.19384765625,-0.8564453125,0.0,0.9091796875,0.6982421875
3022,869,0.3199092745780945,9.255719184875488,-0.007209439296275377,-0.400146484375,0.367919921875,-0.83935546875,0.0,0.9091796875,0.68115234375
3023,868,0.31217294931411743,9.254469871520996,0.02223173715174198,-0.70849609375,0.320556640625,0.62890625,0.0,0.90185546875,0.68115234375
3024,865,0.3195432722568512,9.206823348999023,-0.011487076058983803,0.771484375,-0.45458984375,-0.445556640625,0.0,0.88671875,0.671875
3025,870,0.2986566424369812,9.185460090637207,-0.027458015829324722,0.8271484375,-0.468505859375,-0.309814453125,0.0,0.88671875,0.66357421875
3026,866,0.2790653109550476,9.208874702453613,-0.02990623004734516,-0.2467041015625,0.81689453125,-0.521484375,0.0,0.87939453125,0.66357421875
3027,870,0.2986566424369812,9.185460090637207,-0.027458015829324722,0.8271484375,-0.468505859375,-0.309814453125,0.0,0.88671875,0.66357421875
3028,871,0.27499374747276306,9.204623222351074,-0.041457775980234146,-0.1004638671875,0.990234375,-0.09869384765625,0.0,0.87939453125,0.6591796875
3029,866,0.2790653109550476,9.208874702453613,-0.02990623004734516,-0.2467041015625,0.81689453125,-0.521484375,0.0,0.87939453125,0.66357421875
3030,867,0.3358246684074402,9.236050605773926,0.027664704248309135,0.43896484375,-0.39404296875,0.8076171875,0.0,0.89453125,0.68115234375
3031,872,0.3088916838169098,9.201915740966797,0.016698991879820824,0.20068359375,-0.59130859375,0.78076171875,0.0,0.89453125,0.671875
3032,865,0.3195432722568512,9.206823348999023,-0.011487076058983803,0.771484375,-0.45458984375,-0.445556640625,0.0,0.88671875,0.671875
3033,868,0.31217294931411743,9.254469871520996,0.02223173715174198,-0.70849609375,0.320556640625,0.62890625,0.0,0.90185546875,0.68115234375
3034,872,0.3088916838169098,9.201915740966797,0.016698991879820824,0.20068359375,-0.59130859375,0.78076171875,0.0,0.89453125,0.671875
3035,867,0.3358246684074402,9.236050605773926,0.027664704248309135,0.43896484375,-0.39404296875,0.8076171875,0.0,0.89453125,0.68115234375
3036,872,0.3088916838169098,9.201915740966797,0.016698991879820824,0.20068359375,-0.59130859375,0.78076171875,0.0,0.89453125,0.671875
3037,870,0.2986566424369812,9.185460090637207,-0.027458015829324722,0.8271484375,-0.468505859375,-0.309814453125,0.0,0.88671875,0.66357421875
3038,865,0.3195432722568512,9.206823348999023,-0.011487076058983803,0.771484375,-0.45458984375,-0.445556640625,0.0,0.88671875,0.671875
3039,869,0.3199092745780945,9.255719184875488,-0.007209439296275377,-0.400146484375,0.367919921875,-0.83935546875,0.0,0.9091796875,0.68115234375
3040,873,0.2872275710105896,9.222943305969238,0.012172977440059185,-0.71435546875,0.2705078125,0.6455078125,0.0,0.90185546875,0.671875
3041,868,0.31217294931411743,9.254469871520996,0.02223173715174198,-0.70849609375,0.320556640625,0.62890625,0.0,0.90185546875,0.68115234375
3042,868,0.31217294931411743,9.254469871520996,0.02223173715174198,-0.70849609375,0.320556640625,0.62890625,0.0,0.90185546875,0.68115234375
3043,873,0.2872275710105896,9.222943305969238,0.012172977440059185,-0.71435546875,0.2705078125,0.6455078125,0.0,0.90185546875,0.671875
3044,872,0.3088916838169098,9.201915740966797,0.016698991879820824,0.20068359375,-0.59130859375,0.78076171875,0.0,0.89453125,0.671875
3045,869,0.3199092745780945,9.255719184875488,-0.007209439296275377,-0.400146484375,0.367919921875,-0.83935546875,0.0,0.9091796875,0.68115234375
3046,874,0.297879159450531,9.227850914001465,-0.016013093292713165,-0.291015625,0.61669921875,-0.7314453125,0.0,0.9091796875,0.671875
3047,873,0.2872275710105896,9.222943305969238,0.012172977440059185,-0.71435546875,0.2705078125,0.6455078125,0.0,0.90185546875,0.671875
3048,870,0.2986566424369812,9.185460090637207,-0.027458015829324722,0.8271484375,-0.468505859375,-0.309814453125,0.0,0.88671875,0.66357421875
3049,875,0.2940570116043091,9.180790901184082,-0.040315933525562286,0.93310546875,-0.358154296875,-0.036895751953125,0.0,0.88671875,0.6591796875
3050,871,0.27499374747276306,9.204623222351074,-0.041457775980234146,-0.1004638671875,0.990234375,-0.09869384765625,0.0,0.87939453125,0.6591796875
3051,875,0.2940570116043091,9.180790901184082,-0.040315933525562286,0.93310546875,-0.358154296875,-0.036895751953125,0.0,0.88671875,0.6591796875
3052,876,0.2763391137123108,9.205349922180176,-0.06363390386104584,-0.0250091552734375,0.98583984375,0.1649169921875,0.0,0.87939453125,0.65283203125
3053,871,0.27499374747276306,9.204623222351074,-0.041457775980234146,-0.1004638671875,0.990234375,-0.09869384765625,0.0,0.87939453125,0.6591796875
3054,872,0.3088916838169098,9.201915740966797,0.016698991879820824,0.20068359375,-0.59130859375,0.78076171875,0.0,0.89453125,0.671875
3055,877,0.28016045689582825,9.17212200164795,-0.0070111011154949665,-0.06756591796875,-0.74853515625,0.65966796875,0.0,0.89453125,0.66357421875
3056,870,0.2986566424369812,9.185460090637207,-0.027458015829324722,0.8271484375,-0.468505859375,-0.309814453125,0.0,0.88671875,0.66357421875
3057,873,0.2872275710105896,9.222943305969238,0.012172977440059185,-0.71435546875,0.2705078125,0.6455078125,0.0,0.90185546875,0.671875
3058,877,0.28016045689582825,9.17212200164795,-0.0070111011154949665,-0.06756591796875,-0.74853515625,0.65966796875,0.0,0.89453125,0.66357421875
3059,872,0.3088916838169098,9.201915740966797,0.016698991879820824,0.20068359375,-0.59130859375,0.78076171875,0.0,0.89453125,0.671875
3060,877,0.28016045689582825,9.17212200164795,-0.0070111011154949665,-0.06756591796875,-0.74853515625,0.65966796875,0.0,0.89453125,0.66357421875
3061,875,0.2940570116043091,9.180790901184082,-0.040315933525562286,0.93310546875,-0.358154296875,-0.036895751953125,0.0,0.88671875,0.6591796875
3062,870,0.2986566424369812,9.185460090637207,-0.027458015829324722,0.8271484375,-0.468505859375,-0.309814453125,0.0,0.88671875,0.66357421875
3063,874,0.297879159450531,9.227850914001465,-0.016013093292713165,-0.291015625,0.61669921875,-0.7314453125,0.0,0.9091796875,0.671875
3064,878,0.26056909561157227,9.195536613464355,-0.009459312073886395,-0.8115234375,0.0772705078125,0.5791015625,0.0,0.90185546875,0.66357421875
3065,873,0.2872275710105896,9.222943305969238,0.012172977440059185,-0.71435546875,0.2705078125,0.6455078125,0.0,0.90185546875,0.671875
3066,873,0.2872275710105896,9.222943305969238,0.012172977440059185,-0.71435546875,0.2705078125,0.6455078125,0.0,0.90185546875,0.671875
3067,878,0.26056909561157227,9.195536613464355,-0.009459312073886395,-0.8115234375,0.0772705078125,0.5791015625,0.0,0.90185546875,0.66357421875
3068,877,0.28016045689582825,9.17212200164795,-0.0070111011154949665,-0.06756591796875,-0.74853515625,0.65966796875,0.0,0.89453125,0.66357421875
3069,874,0.297879159450531,9.227850914001465,-0.016013093292713165,-0.291015625,0.61669921875,-0.7314453125,0.0,0.9091796875,0.671875
3070,879,0.2790653109550476,9.208874702453613,-0.02990623004734516,-0.2467041015625,0.81689453125,-0.521484375,0.0,0.9091796875,0.66357421875
3071,878,0.26056909561157227,9.195536613464355,-0.009459312073886395,-0.8115234375,0.0772705078125,0.5791015625,0.0,0.90185546875,0.66357421875
3072,875,0.2940570116043091,9.180790901184082,-0.040315933525562286,0.93310546875,-0.358154296875,-0.036895751953125,0.0,0.88671875,0.6591796875
3073,880,0.2954708933830261,9.181167602539062,-0.06397049129009247,0.95361328125,-0.268798828125,0.1341552734375,0.0,0.88671875,0.65283203125
3074,876,0.2763391137123108,9.205349922180176,-0.06363390386104584,-0.0250091552734375,0.98583984375,0.1649169921875,0.0,0.87939453125,0.65283203125
3075,880,0.2954708933830261,9.181167602539062,-0.06397049129009247,0.95361328125,-0.268798828125,0.1341552734375,0.0,0.88671875,0.65283203125
3076,881,0.2841351330280304,9.213393211364746,-0.0907348170876503,-0.002811431884765625,0.9658203125,0.260009765625,0.0,0.87939453125,0.64599609375
3077,876,0.2763391137123108,9.205349922180176,-0.06363390386104584,-0.0250091552734375,0.98583984375,0.1649169921875,0.0,0.87939453125,0.65283203125
3078,877,0.28016045689582825,9.17212200164795,-0.0070111011154949665,-0.06756591796875,-0.74853515625,0.65966796875,0.0,0.89453125,0.66357421875
3079,882,0.2710423171520233,9.162809371948242,-0.03138911724090576,-0.27978515625,-0.94140625,0.187255859375,0.0,0.89453125,0.6591796875
3080,875,0.2940570116043091,9.180790901184082,-0.040315933525562286,0.93310546875,-0.358154296875,-0.036895751953125,0.0,0.88671875,0.6591796875
3081,878,0.26056909561157227,9.195536613464355,-0.009459312073886395,-0.8115234375,0.0772705078125,0.5791015625,0.0,0.90185546875,0.66357421875
3082,882,0.2710423171520233,9.162809371948242,-0.03138911724090576,-0.27978515625,-0.94140625,0.187255859375,0.0,0.89453125,0.6591796875
3083,877,0.28016045689582825,9.17212200164795,-0.0070111011154949665,-0.06756591796875,-0.74853515625,0.65966796875,0.0,0.89453125,0.66357421875
3084,882,0.2710423171520233,9.162809371948242,-0.03138911724090576,-0.27978515625,-0.94140625,0.187255859375,0.0,0.89453125,0.6591796875
3085,880,0.2954708933830261,9.181167602539062,-0.06397049129009247,0.95361328125,-0.268798828125,0.1341552734375,0.0,0.88671875,0.65283203125
3086,875,0.2940570116043091,9.180790901184082,-0.040315933525562286,0.93310546875,-0.358154296875,-0.036895751953125,0.0,0.88671875,0.6591796875
3087,879,0.2790653109550476,9.208874702453613,-0.02990623004734516,-0.2467041015625,0.81689453125,-0.521484375,0.0,0.9091796875,0.66357421875
3088,883,0.2519790232181549,9.186641693115234,-0.03253095969557762,-0.98388671875,-0.0946044921875,0.15283203125,0.0,0.90185546875,0.6591796875
3089,878,0.26056909561157227,9.195536613464355,-0.009459312073886395,-0.8115234375,0.0772705078125,0.5791015625,0.0,0.90185546875,0.66357421875
3090,878,0.26056909561157227,9.195536613464355,-0.009459312073886395,-0.8115234375,0.0772705078125,0.5791015625,0.0,0.90185546875,0.66357421875
3091,883,0.2519790232181549,9.186641693115234,-0.03253095969557762,-0.98388671875,-0.0946044921875,0.15283203125,0.0,0.90185546875,0.6591796875
3092,882,0.2710423171520233,9.162809371948242,-0.03138911724090576,-0.27978515625,-0.94140625,0.187255859375,0.0,0.89453125,0.6591796875
3093,879,0.2790653109550476,9.208874702453613,-0.02990623004734516,-0.2467041015625,0.81689453125,-0.521484375,0.0,0.9091796875,0.66357421875
3094,884,0.27499374747276306,9.204623222351074,-0.041457775980234146,-0.1004638671875,0.990234375,-0.09869384765625,0.0,0.9091796875,0.6591796875
3095,883,0.2519790232181549,9.186641693115234,-0.03253095969557762,-0.98388671875,-0.0946044921875,0.15283203125,0.0,0.90185546875,0.6591796875
3096,880,0.2954708933830261,9.181167602539062,-0.06397049129009247,0.95361328125,-0.268798828125,0.1341552734375,0.0,0.88671875,0.65283203125
3097,885,0.30306825041770935,9.189024925231934,-0.08984117209911346,0.9384765625,-0.1639404296875,0.3046875,0.0,0.88671875,0.64599609375
3098,881,0.2841351330280304,9.213393211364746,-0.0907348170876503,-0.002811431884765625,0.9658203125,0.260009765625,0.0,0.87939453125,0.64599609375
3099,885,0.30306825041770935,9.189024925231934,-0.08984117209911346,0.9384765625,-0.1639404296875,0.3046875,0.0,0.88671875,0.64599609375
3100,886,0.30006280541419983,9.222779273986816,-0.1279095858335495,0.03466796875,0.96826171875,0.247314453125,0.0,0.87939453125,0.63671875
3101,881,0.2841351330280304,9.213393211364746,-0.0907348170876503,-0.002811431884765625,0.9658203125,0.260009765625,0.0,0.87939453125,0.64599609375
3102,882,0.2710423171520233,9.162809371948242,-0.03138911724090576,-0.27978515625,-0.94140625,0.187255859375,0.0,0.89453125,0.6591796875
3103,887,0.27153220772743225,9.162293434143066,-0.06862019747495651,-0.229248046875,-0.96142578125,-0.1505126953125,0.0,0.89453125,0.65283203125
3104,880,0.2954708933830261,9.181167602539062,-0.06397049129009247,0.95361328125,-0.268798828125,0.1341552734375,0.0,0.88671875,0.65283203125
3105,883,0.2519790232181549,9.186641693115234,-0.03253095969557762,-0.98388671875,-0.0946044921875,0.15283203125,0.0,0.90185546875,0.6591796875
3106,887,0.27153220772743225,9.162293434143066,-0.06862019747495651,-0.229248046875,-0.96142578125,-0.1505126953125,0.0,0.89453125,0.65283203125
3107,882,0.2710423171520233,9.162809371948242,-0.03138911724090576,-0.27978515625,-0.94140625,0.187255859375,0.0,0.89453125,0.6591796875
3108,887,0.27153220772743225,9.162293434143066,-0.06862019747495651,-0.229248046875,-0.96142578125,-0.1505126953125,0.0,0.89453125,0.65283203125
3109,885,0.30306825041770935,9.189024925231934,-0.08984117209911346,0.9384765625,-0.1639404296875,0.3046875,0.0,0.88671875,0.64599609375
3110,880,0.2954708933830261,9.181167602539062,-0.06397049129009247,0.95361328125,-0.268798828125,0.1341552734375,0.0,0.88671875,0.65283203125
3111,884,0.27499374747276306,9.204623222351074,-0.041457775980234146,-0.1004638671875,0.990234375,-0.09869384765625,0.0,0.9091796875,0.6591796875
3112,888,0.25240039825439453,9.18647575378418,-0.06828361004590988,-0.990234375,-0.023162841796875,-0.1357421875,0.0,0.90185546875,0.65283203125
3113,883,0.2519790232181549,9.186641693115234,-0.03253095969557762,-0.98388671875,-0.0946044921875,0.15283203125,0.0,0.90185546875,0.6591796875
3114,883,0.2519790232181549,9.186641693115234,-0.03253095969557762,-0.98388671875,-0.0946044921875,0.15283203125,0.0,0.90185546875,0.6591796875
3115,888,0.25240039825439453,9.18647575378418,-0.06828361004590988,-0.990234375,-0.023162841796875,-0.1357421875,0.0,0.90185546875,0.65283203125
3116,887,0.27153220772743225,9.162293434143066,-0.06862019747495651,-0.229248046875,-0.96142578125,-0.1505126953125,0.0,0.89453125,0.65283203125
3117,884,0.27499374747276306,9.204623222351074,-0.041457775980234146,-0.1004638671875,0.990234375,-0.09869384765625,0.0,0.9091796875,0.6591796875
3118,889,0.2763391137123108,9.205349922180176,-0.06363390386104584,-0.0250091552734375,0.98583984375,0.1649169921875,0.0,0.9091796875,0.65283203125
3119,888,0.25240039825439453,9.18647575378418,-0.06828361004590988,-0.990234375,-0.023162841796875,-0.1357421875,0.0,0.90185546875,0.65283203125
3120,887,0.27153220772743225,9.162293434143066,-0.06862019747495651,-0.229248046875,-0.96142578125,-0.1505126953125,0.0,0.89453125,0.65283203125
3121,890,0.2804955542087555,9.17108154296875,-0.10086943209171295,-0.1422119140625,-0.94287109375,-0.301025390625,0.0,0.89453125,0.64599609375
3122,885,0.30306825041770935,9.189024925231934,-0.08984117209911346,0.9384765625,-0.1639404296875,0.3046875,0.0,0.88671875,0.64599609375
3123,888,0.25240039825439453,9.18647575378418,-0.06828361004590988,-0.990234375,-0.023162841796875,-0.1357421875,0.0,0.90185546875,0.65283203125
3124,890,0.2804955542087555,9.17108154296875,-0.10086943209171295,-0.1422119140625,-0.94287109375,-0.301025390625,0.0,0.89453125,0.64599609375
3125,887,0.27153220772743225,9.162293434143066,-0.06862019747495651,-0.229248046875,-0.96142578125,-0.1505126953125,0.0,0.89453125,0.65283203125
3126,889,0.2763391137123108,9.205349922180176,-0.06363390386104584,-0.0250091552734375,0.98583984375,0.1649169921875,0.0,0.9091796875,0.65283203125
3127,891,0.26156240701675415,9.195449829101562,-0.10176307708024979,-0.94287109375,0.1365966796875,-0.303466796875,0.0,0.90185546875,0.64599609375
3128,888,0.25240039825439453,9.18647575378418,-0.06828361004590988,-0.990234375,-0.023162841796875,-0.1357421875,0.0,0.90185546875,0.65283203125
3129,888,0.25240039825439453,9.18647575378418,-0.06828361004590988,-0.990234375,-0.023162841796875,-0.1357421875,0.0,0.90185546875,0.65283203125
3130,891,0.26156240701675415,9.195449829101562,-0.10176307708024979,-0.94287109375,0.1365966796875,-0.303466796875,0.0,0.90185546875,0.64599609375
3131,890,0.2804955542087555,9.17108154296875,-0.10086943209171295,-0.1422119140625,-0.94287109375,-0.301025390625,0.0,0.89453125,0.64599609375
3132,889,0.2763391137123108,9.205349922180176,-0.06363390386104584,-0.0250091552734375,0.98583984375,0.1649169921875,0.0,0.9091796875,0.65283203125
3133,892,0.2841351330280304,9.213393211364746,-0.0907348170876503,-0.002811431884765625,0.9658203125,0.260009765625,0.0,0.9091796875,0.64599609375
3134,891,0.26156240701675415,9.195449829101562,-0.10176307708024979,-0.94287109375,0.1365966796875,-0.303466796875,0.0,0.90185546875,0.64599609375
3135,885,0.30306825041770935,9.189024925231934,-0.08984117209911346,0.9384765625,-0.1639404296875,0.3046875,0.0,0.88671875,0.64599609375
3136,893,0.3178698718547821,9.19803524017334,-0.123935267329216,0.91552734375,-0.1409912109375,0.37646484375,0.0,0.88671875,0.63671875
3137,886,0.30006280541419983,9.222779273986816,-0.1279095858335495,0.03466796875,0.96826171875,0.247314453125,0.0,0.87939453125,0.63671875
3138,890,0.2804955542087555,9.17108154296875,-0.10086943209171295,-0.1422119140625,-0.94287109375,-0.301025390625,0.0,0.89453125,0.64599609375
3139,893,0.3178698718547821,9.19803524017334,-0.123935267329216,0.91552734375,-0.1409912109375,0.37646484375,0.0,0.88671875,0.63671875
3140,885,0.30306825041770935,9.189024925231934,-0.08984117209911346,0.9384765625,-0.1639404296875,0.3046875,0.0,0.88671875,0.64599609375
3141,892,0.2841351330280304,9.213393211364746,-0.0907348170876503,-0.002811431884765625,0.9658203125,0.260009765625,0.0,0.9091796875,0.64599609375
3142,894,0.27840477228164673,9.205132484436035,-0.14074216783046722,-0.91259765625,0.18115234375,-0.3671875,0.0,0.90185546875,0.63671875
3143,891,0.26156240701675415,9.195449829101562,-0.10176307708024979,-0.94287109375,0.1365966796875,-0.303466796875,0.0,0.90185546875,0.64599609375
3144,892,0.2841351330280304,9.213393211364746,-0.0907348170876503,-0.002811431884765625,0.9658203125,0.260009765625,0.0,0.9091796875,0.64599609375
3145,895,0.30006280541419983,9.222779273986816,-0.1279095858335495,0.03466796875,0.96826171875,0.247314453125,0.0,0.9091796875,0.63671875
3146,894,0.27840477228164673,9.205132484436035,-0.14074216783046722,-0.91259765625,0.18115234375,-0.3671875,0.0,0.90185546875,0.63671875
3147,896,0.3172645568847656,9.231087684631348,-0.16510051488876343,0.1239013671875,0.98681640625,0.1036376953125,0.0,0.9091796875,0.62841796875
3148,894,0.27840477228164673,9.205132484436035,-0.14074216783046722,-0.91259765625,0.18115234375,-0.3671875,0.0,0.90185546875,0.63671875
3149,895,0.30006280541419983,9.222779273986816,-0.1279095858335495,0.03466796875,0.96826171875,0.247314453125,0.0,0.9091796875,0.63671875
3150,891,0.26156240701675415,9.195449829101562,-0.10176307708024979,-0.94287109375,0.1365966796875,-0.303466796875,0.0,0.90185546875,0.64599609375
3151,897,0.2962118089199066,9.180388450622559,-0.13676784932613373,-0.0914306640625,-0.95751953125,-0.273193359375,0.0,0.89453125,0.63671875
3152,890,0.2804955542087555,9.17108154296875,-0.10086943209171295,-0.1422119140625,-0.94287109375,-0.301025390625,0.0,0.89453125,0.64599609375
3153,891,0.26156240701675415,9.195449829101562,-0.10176307708024979,-0.94287109375,0.1365966796875,-0.303466796875,0.0,0.90185546875,0.64599609375
3154,894,0.27840477228164673,9.205132484436035,-0.14074216783046722,-0.91259765625,0.18115234375,-0.3671875,0.0,0.90185546875,0.63671875
3155,897,0.2962118089199066,9.180388450622559,-0.13676784932613373,-0.0914306640625,-0.95751953125,-0.273193359375,0.0,0.89453125,0.63671875
3156,890,0.2804955542087555,9.17108154296875,-0.10086943209171295,-0.1422119140625,-0.94287109375,-0.301025390625,0.0,0.89453125,0.64599609375
3157,897,0.2962118089199066,9.180388450622559,-0.13676784932613373,-0.0914306640625,-0.95751953125,-0.273193359375,0.0,0.89453125,0.63671875
3158,893,0.3178698718547821,9.19803524017334,-0.123935267329216,0.91552734375,-0.1409912109375,0.37646484375,0.0,0.88671875,0.63671875
3159,898,0.3339778482913971,9.206056594848633,-0.1583017110824585,0.9248046875,-0.022735595703125,0.38037109375,0.0,0.88671875,0.62841796875
3160,886,0.30006280541419983,9.222779273986816,-0.1279095858335495,0.03466796875,0.96826171875,0.247314453125,0.0,0.87939453125,0.63671875
3161,893,0.3178698718547821,9.19803524017334,-0.123935267329216,0.91552734375,-0.1409912109375,0.37646484375,0.0,0.88671875,0.63671875
3162,898,0.3339778482913971,9.206056594848633,-0.1583017110824585,0.9248046875,-0.022735595703125,0.38037109375,0.0,0.88671875,0.62841796875
3163,899,0.3172645568847656,9.231087684631348,-0.16510051488876343,0.1239013671875,0.98681640625,0.1036376953125,0.0,0.87939453125,0.62841796875
3164,886,0.30006280541419983,9.222779273986816,-0.1279095858335495,0.03466796875,0.96826171875,0.247314453125,0.0,0.87939453125,0.63671875
3165,898,0.3339778482913971,9.206056594848633,-0.1583017110824585,0.9248046875,-0.022735595703125,0.38037109375,0.0,0.88671875,0.62841796875
3166,900,0.3351422846317291,9.22606086730957,-0.2120460867881775,0.255126953125,0.9296875,-0.265625,0.0,0.87939453125,0.619140625
3167,899,0.3172645568847656,9.231087684631348,-0.16510051488876343,0.1239013671875,0.98681640625,0.1036376953125,0.0,0.87939453125,0.62841796875
3168,896,0.3172645568847656,9.231087684631348,-0.16510051488876343,0.1239013671875,0.98681640625,0.1036376953125,0.0,0.9091796875,0.62841796875
3169,901,0.2954302132129669,9.213144302368164,-0.1774856597185135,-0.87939453125,0.28759765625,-0.379638671875,0.0,0.90185546875,0.62841796875
3170,894,0.27840477228164673,9.205132484436035,-0.14074216783046722,-0.91259765625,0.18115234375,-0.3671875,0.0,0.90185546875,0.63671875
3171,901,0.2954302132129669,9.213144302368164,-0.1774856597185135,-0.87939453125,0.28759765625,-0.379638671875,0.0,0.90185546875,0.62841796875
3172,897,0.2962118089199066,9.180388450622559,-0.13676784932613373,-0.0914306640625,-0.95751953125,-0.273193359375,0.0,0.89453125,0.63671875
3173,894,0.27840477228164673,9.205132484436035,-0.14074216783046722,-0.91259765625,0.18115234375,-0.3671875,0.0,0.90185546875,0.63671875
3174,902,0.3121435046195984,9.188114166259766,-0.17068685591220856,-0.11175537109375,-0.98486328125,-0.1329345703125,0.0,0.89453125,0.62841796875
3175,893,0.3178698718547821,9.19803524017334,-0.123935267329216,0.91552734375,-0.1409912109375,0.37646484375,0.0,0.88671875,0.63671875
3176,897,0.2962118089199066,9.180388450622559,-0.13676784932613373,-0.0914306640625,-0.95751953125,-0.273193359375,0.0,0.89453125,0.63671875
3177,902,0.3121435046195984,9.188114166259766,-0.17068685591220856,-0.11175537109375,-0.98486328125,-0.1329345703125,0.0,0.89453125,0.62841796875
3178,898,0.3339778482913971,9.206056594848633,-0.1583017110824585,0.9248046875,-0.022735595703125,0.38037109375,0.0,0.88671875,0.62841796875
3179,893,0.3178698718547821,9.19803524017334,-0.123935267329216,0.91552734375,-0.1409912109375,0.37646484375,0.0,0.88671875,0.63671875
3180,901,0.2954302132129669,9.213144302368164,-0.1774856597185135,-0.87939453125,0.28759765625,-0.379638671875,0.0,0.90185546875,0.62841796875
3181,902,0.3121435046195984,9.188114166259766,-0.17068685591220856,-0.11175537109375,-0.98486328125,-0.1329345703125,0.0,0.89453125,0.62841796875
3182,897,0.2962118089199066,9.180388450622559,-0.13676784932613373,-0.0914306640625,-0.95751953125,-0.273193359375,0.0,0.89453125,0.63671875
3183,898,0.3339778482913971,9.206056594848633,-0.1583017110824585,0.9248046875,-0.022735595703125,0.38037109375,0.0,0.88671875,0.62841796875
3184,903,0.34932276606559753,9.203798294067383,-0.19714027643203735,0.9521484375,0.0716552734375,0.2978515625,0.0,0.88671875,0.619140625
3185,900,0.3351422846317291,9.22606086730957,-0.2120460867881775,0.255126953125,0.9296875,-0.265625,0.0,0.87939453125,0.619140625
3186,902,0.3121435046195984,9.188114166259766,-0.17068685591220856,-0.11175537109375,-0.98486328125,-0.1329345703125,0.0,0.89453125,0.62841796875
3187,903,0.34932276606559753,9.203798294067383,-0.19714027643203735,0.9521484375,0.0716552734375,0.2978515625,0.0,0.88671875,0.619140625
3188,898,0.3339778482913971,9.206056594848633,-0.1583017110824585,0.9248046875,-0.022735595703125,0.38037109375,0.0,0.88671875,0.62841796875
3189,903,0.34932276606559753,9.203798294067383,-0.19714027643203735,0.9521484375,0.0716552734375,0.2978515625,0.0,0.88671875,0.619140625
3190,904,0.34602636098861694,9.199220657348633,-0.24862688779830933,0.371826171875,0.66015625,-0.65283203125,0.0,0.87939453125,0.61083984375
3191,900,0.3351422846317291,9.22606086730957,-0.2120460867881775,0.255126953125,0.9296875,-0.265625,0.0,0.87939453125,0.619140625
3192,896,0.3172645568847656,9.231087684631348,-0.16510051488876343,0.1239013671875,0.98681640625,0.1036376953125,0.0,0.9091796875,0.62841796875
3193,905,0.31021589040756226,9.208915710449219,-0.21393850445747375,-0.83837890625,0.333740234375,-0.43115234375,0.0,0.90185546875,0.619140625
3194,901,0.2954302132129669,9.213144302368164,-0.1774856597185135,-0.87939453125,0.28759765625,-0.379638671875,0.0,0.90185546875,0.62841796875
3195,896,0.3172645568847656,9.231087684631348,-0.16510051488876343,0.1239013671875,0.98681640625,0.1036376953125,0.0,0.9091796875,0.62841796875
3196,906,0.3351422846317291,9.22606086730957,-0.2120460867881775,0.255126953125,0.9296875,-0.265625,0.0,0.9091796875,0.619140625
3197,905,0.31021589040756226,9.208915710449219,-0.21393850445747375,-0.83837890625,0.333740234375,-0.43115234375,0.0,0.90185546875,0.619140625
3198,901,0.2954302132129669,9.213144302368164,-0.1774856597185135,-0.87939453125,0.28759765625,-0.379638671875,0.0,0.90185546875,0.62841796875
3199,907,0.32439640164375305,9.186654090881348,-0.19903267920017242,-0.2186279296875,-0.9482421875,0.2301025390625,0.0,0.89453125,0.619140625
3200,902,0.3121435046195984,9.188114166259766,-0.17068685591220856,-0.11175537109375,-0.98486328125,-0.1329345703125,0.0,0.89453125,0.62841796875
3201,902,0.3121435046195984,9.188114166259766,-0.17068685591220856,-0.11175537109375,-0.98486328125,-0.1329345703125,0.0,0.89453125,0.62841796875
3202,907,0.32439640164375305,9.186654090881348,-0.19903267920017242,-0.2186279296875,-0.9482421875,0.2301025390625,0.0,0.89453125,0.619140625
3203,903,0.34932276606559753,9.203798294067383,-0.19714027643203735,0.9521484375,0.0716552734375,0.2978515625,0.0,0.88671875,0.619140625
3204,901,0.2954302132129669,9.213144302368164,-0.1774856597185135,-0.87939453125,0.28759765625,-0.379638671875,0.0,0.90185546875,0.62841796875
3205,905,0.31021589040756226,9.208915710449219,-0.21393850445747375,-0.83837890625,0.333740234375,-0.43115234375,0.0,0.90185546875,0.619140625
3206,907,0.32439640164375305,9.186654090881348,-0.19903267920017242,-0.2186279296875,-0.9482421875,0.2301025390625,0.0,0.89453125,0.619140625
3207,903,0.34932276606559753,9.203798294067383,-0.19714027643203735,0.9521484375,0.0716552734375,0.2978515625,0.0,0.88671875,0.619140625
3208,908,0.3573085367679596,9.182426452636719,-0.22795748710632324,0.9677734375,0.001499176025390625,0.25244140625,0.0,0.88671875,0.61083984375
3209,904,0.34602636098861694,9.199220657348633,-0.24862688779830933,0.371826171875,0.66015625,-0.65283203125,0.0,0.87939453125,0.61083984375
3210,907,0.32439640164375305,9.186654090881348,-0.19903267920017242,-0.2186279296875,-0.9482421875,0.2301025390625,0.0,0.89453125,0.619140625
3211,908,0.3573085367679596,9.182426452636719,-0.22795748710632324,0.9677734375,0.001499176025390625,0.25244140625,0.0,0.88671875,0.61083984375
3212,903,0.34932276606559753,9.203798294067383,-0.19714027643203735,0.9521484375,0.0716552734375,0.2978515625,0.0,0.88671875,0.619140625
3213,908,0.3573085367679596,9.182426452636719,-0.22795748710632324,0.9677734375,0.001499176025390625,0.25244140625,0.0,0.88671875,0.61083984375
3214,909,0.35253122448921204,9.15532112121582,-0.27376994490623474,0.4501953125,0.33447265625,-0.828125,0.0,0.87939453125,0.6015625
3215,904,0.34602636098861694,9.199220657348633,-0.24862688779830933,0.371826171875,0.66015625,-0.65283203125,0.0,0.87939453125,0.61083984375
3216,906,0.3351422846317291,9.22606086730957,-0.2120460867881775,0.255126953125,0.9296875,-0.265625,0.0,0.9091796875,0.619140625
3217,910,0.32006415724754333,9.187281608581543,-0.24415670335292816,-0.81884765625,0.258056640625,-0.5126953125,0.0,0.90185546875,0.61083984375
3218,905,0.31021589040756226,9.208915710449219,-0.21393850445747375,-0.83837890625,0.333740234375,-0.43115234375,0.0,0.90185546875,0.619140625
3219,906,0.3351422846317291,9.22606086730957,-0.2120460867881775,0.255126953125,0.9296875,-0.265625,0.0,0.9091796875,0.619140625
3220,911,0.34602636098861694,9.199220657348633,-0.24862688779830933,0.371826171875,0.66015625,-0.65283203125,0.0,0.9091796875,0.61083984375
3221,910,0.32006415724754333,9.187281608581543,-0.24415670335292816,-0.81884765625,0.258056640625,-0.5126953125,0.0,0.90185546875,0.61083984375
3222,905,0.31021589040756226,9.208915710449219,-0.21393850445747375,-0.83837890625,0.333740234375,-0.43115234375,0.0,0.90185546875,0.619140625
3223,912,0.3313463032245636,9.170487403869629,-0.22348730266094208,-0.388427734375,-0.638671875,0.66455078125,0.0,0.89453125,0.61083984375
3224,907,0.32439640164375305,9.186654090881348,-0.19903267920017242,-0.2186279296875,-0.9482421875,0.2301025390625,0.0,0.89453125,0.619140625
3225,907,0.32439640164375305,9.186654090881348,-0.19903267920017242,-0.2186279296875,-0.9482421875,0.2301025390625,0.0,0.89453125,0.619140625
3226,912,0.3313463032245636,9.170487403869629,-0.22348730266094208,-0.388427734375,-0.638671875,0.66455078125,0.0,0.89453125,0.61083984375
3227,908,0.3573085367679596,9.182426452636719,-0.22795748710632324,0.9677734375,0.001499176025390625,0.25244140625,0.0,0.88671875,0.61083984375
3228,905,0.31021589040756226,9.208915710449219,-0.21393850445747375,-0.83837890625,0.333740234375,-0.43115234375,0.0,0.90185546875,0.619140625
3229,910,0.32006415724754333,9.187281608581543,-0.24415670335292816,-0.81884765625,0.258056640625,-0.5126953125,0.0,0.90185546875,0.61083984375
3230,912,0.3313463032245636,9.170487403869629,-0.22348730266094208,-0.388427734375,-0.638671875,0.66455078125,0.0,0.89453125,0.61083984375
3231,908,0.3573085367679596,9.182426452636719,-0.22795748710632324,0.9677734375,0.001499176025390625,0.25244140625,0.0,0.88671875,0.61083984375
3232,913,0.36191484332084656,9.14309310913086,-0.24796755611896515,0.9453125,-0.0977783203125,0.311279296875,0.0,0.88671875,0.6015625
3233,909,0.35253122448921204,9.15532112121582,-0.27376994490623474,0.4501953125,0.33447265625,-0.828125,0.0,0.87939453125,0.6015625
3234,912,0.3313463032245636,9.170487403869629,-0.22348730266094208,-0.388427734375,-0.638671875,0.66455078125,0.0,0.89453125,0.61083984375
3235,913,0.36191484332084656,9.14309310913086,-0.24796755611896515,0.9453125,-0.0977783203125,0.311279296875,0.0,0.88671875,0.6015625
3236,908,0.3573085367679596,9.182426452636719,-0.22795748710632324,0.9677734375,0.001499176025390625,0.25244140625,0.0,0.88671875,0.61083984375
3237,913,0.36191484332084656,9.14309310913086,-0.24796755611896515,0.9453125,-0.0977783203125,0.311279296875,0.0,0.88671875,0.6015625
3238,914,0.34852442145347595,9.090831756591797,-0.2917257249355316,0.43115234375,0.1446533203125,-0.890625,0.0,0.87939453125,0.58837890625
3239,909,0.35253122448921204,9.15532112121582,-0.27376994490623474,0.4501953125,0.33447265625,-0.828125,0.0,0.87939453125,0.6015625
3240,911,0.34602636098861694,9.199220657348633,-0.24862688779830933,0.371826171875,0.66015625,-0.65283203125,0.0,0.9091796875,0.61083984375
3241,915,0.324002206325531,9.150186538696289,-0.26582807302474976,-0.828125,0.2069091796875,-0.52099609375,0.0,0.90185546875,0.6015625
3242,910,0.32006415724754333,9.187281608581543,-0.24415670335292816,-0.81884765625,0.258056640625,-0.5126953125,0.0,0.90185546875,0.61083984375
3243,911,0.34602636098861694,9.199220657348633,-0.24862688779830933,0.371826171875,0.66015625,-0.65283203125,0.0,0.9091796875,0.61083984375
3244,916,0.35253122448921204,9.15532112121582,-0.27376994490623474,0.4501953125,0.33447265625,-0.828125,0.0,0.9091796875,0.6015625
3245,915,0.324002206325531,9.150186538696289,-0.26582807302474976,-0.828125,0.2069091796875,-0.52099609375,0.0,0.90185546875,0.6015625
3246,910,0.32006415724754333,9.187281608581543,-0.24415670335292816,-0.81884765625,0.258056640625,-0.5126953125,0.0,0.90185546875,0.61083984375
3247,917,0.3333858549594879,9.137958526611328,-0.24002566933631897,-0.439697265625,-0.2900390625,0.85009765625,0.0,0.89453125,0.6015625
3248,912,0.3313463032245636,9.170487403869629,-0.22348730266094208,-0.388427734375,-0.638671875,0.66455078125,0.0,0.89453125,0.61083984375
3249,912,0.3313463032245636,9.170487403869629,-0.22348730266094208,-0.388427734375,-0.638671875,0.66455078125,0.0,0.89453125,0.61083984375
3250,917,0.3333858549594879,9.137958526611328,-0.24002566933631897,-0.439697265625,-0.2900390625,0.85009765625,0.0,0.89453125,0.6015625
3251,913,0.36191484332084656,9.14309310913086,-0.24796755611896515,0.9453125,-0.0977783203125,0.311279296875,0.0,0.88671875,0.6015625
3252,910,0.32006415724754333,9.187281608581543,-0.24415670335292816,-0.81884765625,0.258056640625,-0.5126953125,0.0,0.90185546875,0.61083984375
3253,915,0.324002206325531,9.150186538696289,-0.26582807302474976,-0.828125,0.2069091796875,-0.52099609375,0.0,0.90185546875,0.6015625
3254,917,0.3333858549594879,9.137958526611328,-0.24002566933631897,-0.439697265625,-0.2900390625,0.85009765625,0.0,0.89453125,0.6015625
3255,913,0.36191484332084656,9.14309310913086,-0.24796755611896515,0.9453125,-0.0977783203125,0.311279296875,0.0,0.88671875,0.6015625
3256,918,0.35855087637901306,9.084660530090332,-0.2634778618812561,0.92236328125,-0.14599609375,0.357177734375,0.0,0.88671875,0.58837890625
3257,914,0.34852442145347595,9.090831756591797,-0.2917257249355316,0.43115234375,0.1446533203125,-0.890625,0.0,0.87939453125,0.58837890625
3258,917,0.3333858549594879,9.137958526611328,-0.24002566933631897,-0.439697265625,-0.2900390625,0.85009765625,0.0,0.89453125,0.6015625
3259,918,0.35855087637901306,9.084660530090332,-0.2634778618812561,0.92236328125,-0.14599609375,0.357177734375,0.0,0.88671875,0.58837890625
3260,913,0.36191484332084656,9.14309310913086,-0.24796755611896515,0.9453125,-0.0977783203125,0.311279296875,0.0,0.88671875,0.6015625
3261,918,0.35855087637901306,9.084660530090332,-0.2634778618812561,0.92236328125,-0.14599609375,0.357177734375,0.0,0.88671875,0.58837890625
3262,919,0.34173789620399475,9.028444290161133,-0.30005866289138794,0.416748046875,-0.0025005340576171875,-0.9091796875,0.0,0.87939453125,0.5751953125
3263,914,0.34852442145347595,9.090831756591797,-0.2917257249355316,0.43115234375,0.1446533203125,-0.890625,0.0,0.87939453125,0.58837890625
3264,916,0.35253122448921204,9.15532112121582,-0.27376994490623474,0.4501953125,0.33447265625,-0.828125,0.0,0.9091796875,0.6015625
3265,920,0.3196876645088196,9.090882301330566,-0.2814791202545166,-0.865234375,0.1746826171875,-0.469482421875,0.0,0.90185546875,0.58837890625
3266,915,0.324002206325531,9.150186538696289,-0.26582807302474976,-0.828125,0.2069091796875,-0.52099609375,0.0,0.90185546875,0.6015625
3267,916,0.35253122448921204,9.15532112121582,-0.27376994490623474,0.4501953125,0.33447265625,-0.828125,0.0,0.9091796875,0.6015625
3268,921,0.34852442145347595,9.090831756591797,-0.2917257249355316,0.43115234375,0.1446533203125,-0.890625,0.0,0.9091796875,0.58837890625
3269,920,0.3196876645088196,9.090882301330566,-0.2814791202545166,-0.865234375,0.1746826171875,-0.469482421875,0.0,0.90185546875,0.58837890625
3270,915,0.324002206325531,9.150186538696289,-0.26582807302474976,-0.828125,0.2069091796875,-0.52099609375,0.0,0.90185546875,0.6015625
3271,922,0.3297141194343567,9.084712028503418,-0.2532312870025635,-0.44091796875,-0.13134765625,0.8876953125,0.0,0.89453125,0.58837890625
3272,917,0.3333858549594879,9.137958526611328,-0.24002566933631897,-0.439697265625,-0.2900390625,0.85009765625,0.0,0.89453125,0.6015625
3273,917,0.3333858549594879,9.137958526611328,-0.24002566933631897,-0.439697265625,-0.2900390625,0.85009765625,0.0,0.89453125,0.6015625
3274,922,0.3297141194343567,9.084712028503418,-0.2532312870025635,-0.44091796875,-0.13134765625,0.8876953125,0.0,0.89453125,0.58837890625
3275,918,0.35855087637901306,9.084660530090332,-0.2634778618812561,0.92236328125,-0.14599609375,0.357177734375,0.0,0.88671875,0.58837890625
3276,915,0.324002206325531,9.150186538696289,-0.26582807302474976,-0.828125,0.2069091796875,-0.52099609375,0.0,0.90185546875,0.6015625
3277,920,0.3196876645088196,9.090882301330566,-0.2814791202545166,-0.865234375,0.1746826171875,-0.469482421875,0.0,0.90185546875,0.58837890625
3278,922,0.3297141194343567,9.084712028503418,-0.2532312870025635,-0.44091796875,-0.13134765625,0.8876953125,0.0,0.89453125,0.58837890625
3279,918,0.35855087637901306,9.084660530090332,-0.2634778618812561,0.92236328125,-0.14599609375,0.357177734375,0.0,0.88671875,0.58837890625
3280,923,0.3519791066646576,9.025053977966309,-0.2714957892894745,0.912109375,-0.1390380859375,0.385498046875,0.0,0.88671875,0.5751953125
3281,919,0.34173789620399475,9.028444290161133,-0.30005866289138794,0.416748046875,-0.0025005340576171875,-0.9091796875,0.0,0.87939453125,0.5751953125
3282,922,0.3297141194343567,9.084712028503418,-0.2532312870025635,-0.44091796875,-0.13134765625,0.8876953125,0.0,0.89453125,0.58837890625
3283,923,0.3519791066646576,9.025053977966309,-0.2714957892894745,0.912109375,-0.1390380859375,0.385498046875,0.0,0.88671875,0.5751953125
3284,918,0.35855087637901306,9.084660530090332,-0.2634778618812561,0.92236328125,-0.14599609375,0.357177734375,0.0,0.88671875,0.58837890625
3285,923,0.3519791066646576,9.025053977966309,-0.2714957892894745,0.912109375,-0.1390380859375,0.385498046875,0.0,0.88671875,0.5751953125
3286,924,0.3197161853313446,8.86646556854248,-0.30439552664756775,0.3974609375,-0.0460205078125,-0.91650390625,0.0,0.87939453125,0.5400390625
3287,919,0.34173789620399475,9.028444290161133,-0.30005866289138794,0.416748046875,-0.0025005340576171875,-0.9091796875,0.0,0.87939453125,0.5751953125
3288,921,0.34852442145347595,9.090831756591797,-0.2917257249355316,0.43115234375,0.1446533203125,-0.890625,0.0,0.9091796875,0.58837890625
3289,925,0.3131626546382904,9.030707359313965,-0.2895444333553314,-0.8828125,0.138916015625,-0.448974609375,0.0,0.90185546875,0.5751953125
3290,920,0.3196876645088196,9.090882301330566,-0.2814791202545166,-0.865234375,0.1746826171875,-0.469482421875,0.0,0.90185546875,0.58837890625
3291,921,0.34852442145347595,9.090831756591797,-0.2917257249355316,0.43115234375,0.1446533203125,-0.890625,0.0,0.9091796875,0.58837890625
3292,926,0.34173789620399475,9.028444290161133,-0.30005866289138794,0.416748046875,-0.0025005340576171875,-0.9091796875,0.0,0.9091796875,0.5751953125
3293,925,0.3131626546382904,9.030707359313965,-0.2895444333553314,-0.8828125,0.138916015625,-0.448974609375,0.0,0.90185546875,0.5751953125
3294,920,0.3196876645088196,9.090882301330566,-0.2814791202545166,-0.865234375,0.1746826171875,-0.469482421875,0.0,0.90185546875,0.58837890625
3295,927,0.32340383529663086,9.02731704711914,-0.2609815299510956,-0.425537109375,0.004627227783203125,0.90478515625,0.0,0.89453125,0.5751953125
3296,922,0.3297141194343567,9.084712028503418,-0.2532312870025635,-0.44091796875,-0.13134765625,0.8876953125,0.0,0.89453125,0.58837890625
3297,922,0.3297141194343567,9.084712028503418,-0.2532312870025635,-0.44091796875,-0.13134765625,0.8876953125,0.0,0.89453125,0.58837890625
3298,927,0.32340383529663086,9.02731704711914,-0.2609815299510956,-0.425537109375,0.004627227783203125,0.90478515625,0.0,0.89453125,0.5751953125
3299,923,0.3519791066646576,9.025053977966309,-0.2714957892894745,0.912109375,-0.1390380859375,0.385498046875,0.0,0.88671875,0.5751953125
3300,920,0.3196876645088196,9.090882301330566,-0.2814791202545166,-0.865234375,0.1746826171875,-0.469482421875,0.0,0.90185546875,0.58837890625
3301,925,0.3131626546382904,9.030707359313965,-0.2895444333553314,-0.8828125,0.138916015625,-0.448974609375,0.0,0.90185546875,0.5751953125
3302,927,0.32340383529663086,9.02731704711914,-0.2609815299510956,-0.425537109375,0.004627227783203125,0.90478515625,0.0,0.89453125,0.5751953125
3303,923,0.3519791066646576,9.025053977966309,-0.2714957892894745,0.912109375,-0.1390380859375,0.385498046875,0.0,0.88671875,0.5751953125
3304,928,0.33027851581573486,8.865870475769043,-0.27573469281196594,0.9072265625,-0.0953369140625,0.409423828125,0.0,0.88671875,0.5400390625
3305,924,0.3197161853313446,8.86646556854248,-0.30439552664756775,0.3974609375,-0.0460205078125,-0.91650390625,0.0,0.87939453125,0.5400390625
3306,927,0.32340383529663086,9.02731704711914,-0.2609815299510956,-0.425537109375,0.004627227783203125,0.90478515625,0.0,0.89453125,0.5751953125
3307,928,0.33027851581573486,8.865870475769043,-0.27573469281196594,0.9072265625,-0.0953369140625,0.409423828125,0.0,0.88671875,0.5400390625
3308,923,0.3519791066646576,9.025053977966309,-0.2714957892894745,0.912109375,-0.1390380859375,0.385498046875,0.0,0.88671875,0.5751953125
3309,928,0.33027851581573486,8.865870475769043,-0.27573469281196594,0.9072265625,-0.0953369140625,0.409423828125,0.0,0.88671875,0.5400390625
3310,929,0.30725327134132385,8.705805778503418,-0.2987794578075409,0.416259765625,-0.06268310546875,-0.9072265625,0.0,0.87939453125,0.5048828125
3311,924,0.3197161853313446,8.86646556854248,-0.30439552664756775,0.3974609375,-0.0460205078125,-0.91650390625,0.0,0.87939453125,0.5400390625
3312,926,0.34173789620399475,9.028444290161133,-0.30005866289138794,0.416748046875,-0.0025005340576171875,-0.9091796875,0.0,0.9091796875,0.5751953125
3313,930,0.29120275378227234,8.869405746459961,-0.2938264310359955,-0.89892578125,0.09423828125,-0.42822265625,0.0,0.90185546875,0.5400390625
3314,925,0.3131626546382904,9.030707359313965,-0.2895444333553314,-0.8828125,0.138916015625,-0.448974609375,0.0,0.90185546875,0.5751953125
3315,926,0.34173789620399475,9.028444290161133,-0.30005866289138794,0.416748046875,-0.0025005340576171875,-0.9091796875,0.0,0.9091796875,0.5751953125
3316,931,0.3197161853313446,8.86646556854248,-0.30439552664756775,0.3974609375,-0.0460205078125,-0.91650390625,0.0,0.9091796875,0.5400390625
3317,930,0.29120275378227234,8.869405746459961,-0.2938264310359955,-0.89892578125,0.09423828125,-0.42822265625,0.0,0.90185546875,0.5400390625
3318,925,0.3131626546382904,9.030707359313965,-0.2895444333553314,-0.8828125,0.138916015625,-0.448974609375,0.0,0.90185546875,0.5751953125
3319,932,0.301765114068985,8.868809700012207,-0.2651655972003937,-0.434814453125,0.050567626953125,0.89892578125,0.0,0.89453125,0.5400390625
3320,927,0.32340383529663086,9.02731704711914,-0.2609815299510956,-0.425537109375,0.004627227783203125,0.90478515625,0.0,0.89453125,0.5751953125
3321,927,0.32340383529663086,9.02731704711914,-0.2609815299510956,-0.425537109375,0.004627227783203125,0.90478515625,0.0,0.89453125,0.5751953125
3322,932,0.301765114068985,8.868809700012207,-0.2651655972003937,-0.434814453125,0.050567626953125,0.89892578125,0.0,0.89453125,0.5400390625
3323,928,0.33027851581573486,8.865870475769043,-0.27573469281196594,0.9072265625,-0.0953369140625,0.409423828125,0.0,0.88671875,0.5400390625
3324,925,0.3131626546382904,9.030707359313965,-0.2895444333553314,-0.8828125,0.138916015625,-0.448974609375,0.0,0.90185546875,0.5751953125
3325,930,0.29120275378227234,8.869405746459961,-0.2938264310359955,-0.89892578125,0.09423828125,-0.42822265625,0.0,0.90185546875,0.5400390625
3326,932,0.301765114068985,8.868809700012207,-0.2651655972003937,-0.434814453125,0.050567626953125,0.89892578125,0.0,0.89453125,0.5400390625
3327,928,0.33027851581573486,8.865870475769043,-0.27573469281196594,0.9072265625,-0.0953369140625,0.409423828125,0.0,0.88671875,0.5400390625
3328,933,0.3178994059562683,8.706511497497559,-0.27013736963272095,0.90576171875,-0.0587158203125,0.419677734375,0.0,0.88671875,0.5048828125
3329,929,0.30725327134132385,8.705805778503418,-0.2987794578075409,0.416259765625,-0.06268310546875,-0.9072265625,0.0,0.87939453125,0.5048828125
3330,932,0.301765114068985,8.868809700012207,-0.2651655972003937,-0.434814453125,0.050567626953125,0.89892578125,0.0,0.89453125,0.5400390625
3331,933,0.3178994059562683,8.706511497497559,-0.27013736963272095,0.90576171875,-0.0587158203125,0.419677734375,0.0,0.88671875,0.5048828125
3332,928,0.33027851581573486,8.865870475769043,-0.27573469281196594,0.9072265625,-0.0953369140625,0.409423828125,0.0,0.88671875,0.5400390625
3333,933,0.3178994059562683,8.706511497497559,-0.27013736963272095,0.90576171875,-0.0587158203125,0.419677734375,0.0,0.88671875,0.5048828125
3334,934,0.2942383587360382,8.547429084777832,-0.29403993487358093,0.4375,-0.0611572265625,-0.89697265625,0.0,0.87939453125,0.47021484375
3335,929,0.30725327134132385,8.705805778503418,-0.2987794578075409,0.416259765625,-0.06268310546875,-0.9072265625,0.0,0.87939453125,0.5048828125
3336,931,0.3197161853313446,8.86646556854248,-0.30439552664756775,0.3974609375,-0.0460205078125,-0.91650390625,0.0,0.9091796875,0.5400390625
3337,935,0.27867451310157776,8.708232879638672,-0.28821662068367004,-0.90625,0.058929443359375,-0.418212890625,0.0,0.90185546875,0.5048828125
3338,930,0.29120275378227234,8.869405746459961,-0.2938264310359955,-0.89892578125,0.09423828125,-0.42822265625,0.0,0.90185546875,0.5400390625
3339,931,0.3197161853313446,8.86646556854248,-0.30439552664756775,0.3974609375,-0.0460205078125,-0.91650390625,0.0,0.9091796875,0.5400390625
3340,936,0.30725327134132385,8.705805778503418,-0.2987794578075409,0.416259765625,-0.06268310546875,-0.9072265625,0.0,0.9091796875,0.5048828125
3341,935,0.27867451310157776,8.708232879638672,-0.28821662068367004,-0.90625,0.058929443359375,-0.418212890625,0.0,0.90185546875,0.5048828125
3342,930,0.29120275378227234,8.869405746459961,-0.2938264310359955,-0.89892578125,0.09423828125,-0.42822265625,0.0,0.90185546875,0.5400390625
3343,937,0.2893206477165222,8.708938598632812,-0.2595745027065277,-0.414306640625,0.0626220703125,0.908203125,0.0,0.89453125,0.5048828125
3344,932,0.301765114068985,8.868809700012207,-0.2651655972003937,-0.434814453125,0.050567626953125,0.89892578125,0.0,0.89453125,0.5400390625
3345,932,0.301765114068985,8.868809700012207,-0.2651655972003937,-0.434814453125,0.050567626953125,0.89892578125,0.0,0.89453125,0.5400390625
3346,937,0.2893206477165222,8.708938598632812,-0.2595745027065277,-0.414306640625,0.0626220703125,0.908203125,0.0,0.89453125,0.5048828125
3347,933,0.3178994059562683,8.706511497497559,-0.27013736963272095,0.90576171875,-0.0587158203125,0.419677734375,0.0,0.88671875,0.5048828125
3348,930,0.29120275378227234,8.869405746459961,-0.2938264310359955,-0.89892578125,0.09423828125,-0.42822265625,0.0,0.90185546875,0.5400390625
3349,935,0.27867451310157776,8.708232879638672,-0.28821662068367004,-0.90625,0.058929443359375,-0.418212890625,0.0,0.90185546875,0.5048828125
3350,937,0.2893206477165222,8.708938598632812,-0.2595745027065277,-0.414306640625,0.0626220703125,0.908203125,0.0,0.89453125,0.5048828125
3351,933,0.3178994059562683,8.706511497497559,-0.27013736963272095,0.90576171875,-0.0587158203125,0.419677734375,0.0,0.88671875,0.5048828125
3352,938,0.3047853112220764,8.546854019165039,-0.2653586268424988,0.9013671875,-0.10125732421875,0.420654296875,0.0,0.88671875,0.47021484375
3353,934,0.2942383587360382,8.547429084777832,-0.29403993487358093,0.4375,-0.0611572265625,-0.89697265625,0.0,0.87939453125,0.47021484375
3354,937,0.2893206477165222,8.708938598632812,-0.2595745027065277,-0.414306640625,0.0626220703125,0.908203125,0.0,0.89453125,0.5048828125
3355,938,0.3047853112220764,8.546854019165039,-0.2653586268424988,0.9013671875,-0.10125732421875,0.420654296875,0.0,0.88671875,0.47021484375
3356,933,0.3178994059562683,8.706511497497559,-0.27013736963272095,0.90576171875,-0.0587158203125,0.419677734375,0.0,0.88671875,0.5048828125
3357,938,0.3047853112220764,8.546854019165039,-0.2653586268424988,0.9013671875,-0.10125732421875,0.420654296875,0.0,0.88671875,0.47021484375
3358,939,0.2699713706970215,8.388833045959473,-0.2956151068210602,0.456298828125,-0.075927734375,-0.88671875,0.0,0.87939453125,0.435302734375
3359,934,0.2942383587360382,8.547429084777832,-0.29403993487358093,0.4375,-0.0611572265625,-0.89697265625,0.0,0.87939453125,0.47021484375
3360,936,0.30725327134132385,8.705805778503418,-0.2987794578075409,0.416259765625,-0.06268310546875,-0.9072265625,0.0,0.9091796875,0.5048828125
3361,940,0.2656695544719696,8.5499906539917,-0.28348296880722046,-0.90283203125,0.1021728515625,-0.41796875,0.0,0.90185546875,0.47021484375
3362,935,0.27867451310157776,8.708232879638672,-0.28821662068367004,-0.90625,0.058929443359375,-0.418212890625,0.0,0.90185546875,0.5048828125
3363,936,0.30725327134132385,8.705805778503418,-0.2987794578075409,0.416259765625,-0.06268310546875,-0.9072265625,0.0,0.9091796875,0.5048828125
3364,941,0.2942383587360382,8.547429084777832,-0.29403993487358093,0.4375,-0.0611572265625,-0.89697265625,0.0,0.9091796875,0.47021484375
3365,940,0.2656695544719696,8.5499906539917,-0.28348296880722046,-0.90283203125,0.1021728515625,-0.41796875,0.0,0.90185546875,0.47021484375
3366,935,0.27867451310157776,8.708232879638672,-0.28821662068367004,-0.90625,0.058929443359375,-0.418212890625,0.0,0.90185546875,0.5048828125
3367,942,0.2762165069580078,8.54941463470459,-0.2548016607761383,-0.39404296875,0.05474853515625,0.91748046875,0.0,0.89453125,0.47021484375
3368,937,0.2893206477165222,8.708938598632812,-0.2595745027065277,-0.414306640625,0.0626220703125,0.908203125,0.0,0.89453125,0.5048828125
3369,937,0.2893206477165222,8.708938598632812,-0.2595745027065277,-0.414306640625,0.0626220703125,0.908203125,0.0,0.89453125,0.5048828125
3370,942,0.2762165069580078,8.54941463470459,-0.2548016607761383,-0.39404296875,0.05474853515625,0.91748046875,0.0,0.89453125,0.47021484375
3371,938,0.3047853112220764,8.546854019165039,-0.2653586268424988,0.9013671875,-0.10125732421875,0.420654296875,0.0,0.88671875,0.47021484375
3372,935,0.27867451310157776,8.708232879638672,-0.28821662068367004,-0.90625,0.058929443359375,-0.418212890625,0.0,0.90185546875,0.5048828125
3373,940,0.2656695544719696,8.5499906539917,-0.28348296880722046,-0.90283203125,0.1021728515625,-0.41796875,0.0,0.90185546875,0.47021484375
3374,942,0.2762165069580078,8.54941463470459,-0.2548016607761383,-0.39404296875,0.05474853515625,0.91748046875,0.0,0.89453125,0.47021484375
3375,938,0.3047853112220764,8.546854019165039,-0.2653586268424988,0.9013671875,-0.10125732421875,0.420654296875,0.0,0.88671875,0.47021484375
3376,943,0.2800920307636261,8.385534286499023,-0.26696377992630005,0.8828125,-0.2244873046875,0.4130859375,0.0,0.88671875,0.435302734375
3377,939,0.2699713706970215,8.388833045959473,-0.2956151068210602,0.456298828125,-0.075927734375,-0.88671875,0.0,0.87939453125,0.435302734375
3378,942,0.2762165069580078,8.54941463470459,-0.2548016607761383,-0.39404296875,0.05474853515625,0.91748046875,0.0,0.89453125,0.47021484375
3379,943,0.2800920307636261,8.385534286499023,-0.26696377992630005,0.8828125,-0.2244873046875,0.4130859375,0.0,0.88671875,0.435302734375
3380,938,0.3047853112220764,8.546854019165039,-0.2653586268424988,0.9013671875,-0.10125732421875,0.420654296875,0.0,0.88671875,0.47021484375
3381,943,0.2800920307636261,8.385534286499023,-0.26696377992630005,0.8828125,-0.2244873046875,0.4130859375,0.0,0.88671875,0.435302734375
3382,944,0.22069305181503296,8.237083435058594,-0.3053605556488037,0.4482421875,-0.08197021484375,-0.89013671875,0.0,0.87939453125,0.400634765625
3383,939,0.2699713706970215,8.388833045959473,-0.2956151068210602,0.456298828125,-0.075927734375,-0.88671875,0.0,0.87939453125,0.435302734375
3384,941,0.2942383587360382,8.547429084777832,-0.29403993487358093,0.4375,-0.0611572265625,-0.89697265625,0.0,0.9091796875,0.47021484375
3385,945,0.24202348291873932,8.395208358764648,-0.2850087881088257,-0.87841796875,0.223876953125,-0.422607421875,0.0,0.90185546875,0.435302734375
3386,940,0.2656695544719696,8.5499906539917,-0.28348296880722046,-0.90283203125,0.1021728515625,-0.41796875,0.0,0.90185546875,0.47021484375
3387,941,0.2942383587360382,8.547429084777832,-0.29403993487358093,0.4375,-0.0611572265625,-0.89697265625,0.0,0.9091796875,0.47021484375
3388,946,0.2699713706970215,8.388833045959473,-0.2956151068210602,0.456298828125,-0.075927734375,-0.88671875,0.0,0.9091796875,0.435302734375
3389,945,0.24202348291873932,8.395208358764648,-0.2850087881088257,-0.87841796875,0.223876953125,-0.422607421875,0.0,0.90185546875,0.435302734375
3390,940,0.2656695544719696,8.5499906539917,-0.28348296880722046,-0.90283203125,0.1021728515625,-0.41796875,0.0,0.90185546875,0.47021484375
3391,947,0.2521441578865051,8.391908645629883,-0.25635746121406555,-0.370849609375,0.053955078125,0.92724609375,0.0,0.89453125,0.435302734375
3392,942,0.2762165069580078,8.54941463470459,-0.2548016607761383,-0.39404296875,0.05474853515625,0.91748046875,0.0,0.89453125,0.47021484375
3393,942,0.2762165069580078,8.54941463470459,-0.2548016607761383,-0.39404296875,0.05474853515625,0.91748046875,0.0,0.89453125,0.47021484375
3394,947,0.2521441578865051,8.391908645629883,-0.25635746121406555,-0.370849609375,0.053955078125,0.92724609375,0.0,0.89453125,0.435302734375
3395,943,0.2800920307636261,8.385534286499023,-0.26696377992630005,0.8828125,-0.2244873046875,0.4130859375,0.0,0.88671875,0.435302734375
3396,940,0.2656695544719696,8.5499906539917,-0.28348296880722046,-0.90283203125,0.1021728515625,-0.41796875,0.0,0.90185546875,0.47021484375
3397,945,0.24202348291873932,8.395208358764648,-0.2850087881088257,-0.87841796875,0.223876953125,-0.422607421875,0.0,0.90185546875,0.435302734375
3398,947,0.2521441578865051,8.391908645629883,-0.25635746121406555,-0.370849609375,0.053955078125,0.92724609375,0.0,0.89453125,0.435302734375
3399,943,0.2800920307636261,8.385534286499023,-0.26696377992630005,0.8828125,-0.2244873046875,0.4130859375,0.0,0.88671875,0.435302734375
3400,948,0.2296293079853058,8.230216979980469,-0.27694985270500183,0.83251953125,-0.370849609375,0.411865234375,0.0,0.88671875,0.400634765625
3401,944,0.22069305181503296,8.237083435058594,-0.3053605556488037,0.4482421875,-0.08197021484375,-0.89013671875,0.0,0.87939453125,0.400634765625
3402,947,0.2521441578865051,8.391908645629883,-0.25635746121406555,-0.370849609375,0.053955078125,0.92724609375,0.0,0.89453125,0.435302734375
3403,948,0.2296293079853058,8.230216979980469,-0.27694985270500183,0.83251953125,-0.370849609375,0.411865234375,0.0,0.88671875,0.400634765625
3404,943,0.2800920307636261,8.385534286499023,-0.26696377992630005,0.8828125,-0.2244873046875,0.4130859375,0.0,0.88671875,0.435302734375
3405,948,0.2296293079853058,8.230216979980469,-0.27694985270500183,0.83251953125,-0.370849609375,0.411865234375,0.0,0.88671875,0.400634765625
3406,949,0.15315556526184082,8.091822624206543,-0.3269360661506653,0.441162109375,-0.06829833984375,-0.89501953125,0.0,0.87939453125,0.365478515625
3407,944,0.22069305181503296,8.237083435058594,-0.3053605556488037,0.4482421875,-0.08197021484375,-0.89013671875,0.0,0.87939453125,0.400634765625
3408,946,0.2699713706970215,8.388833045959473,-0.2956151068210602,0.456298828125,-0.075927734375,-0.88671875,0.0,0.9091796875,0.435302734375
3409,950,0.19371891021728516,8.246587753295898,-0.2945791482925415,-0.8359375,0.371337890625,-0.404541015625,0.0,0.90185546875,0.400634765625
3410,945,0.24202348291873932,8.395208358764648,-0.2850087881088257,-0.87841796875,0.223876953125,-0.422607421875,0.0,0.90185546875,0.435302734375
3411,946,0.2699713706970215,8.388833045959473,-0.2956151068210602,0.456298828125,-0.075927734375,-0.88671875,0.0,0.9091796875,0.435302734375
3412,951,0.22069305181503296,8.237083435058594,-0.3053605556488037,0.4482421875,-0.08197021484375,-0.89013671875,0.0,0.9091796875,0.400634765625
3413,950,0.19371891021728516,8.246587753295898,-0.2945791482925415,-0.8359375,0.371337890625,-0.404541015625,0.0,0.90185546875,0.400634765625
3414,945,0.24202348291873932,8.395208358764648,-0.2850087881088257,-0.87841796875,0.223876953125,-0.422607421875,0.0,0.90185546875,0.435302734375
3415,952,0.2026551514863968,8.239721298217773,-0.2661684453487396,-0.380126953125,0.05255126953125,0.92333984375,0.0,0.89453125,0.400634765625
3416,947,0.2521441578865051,8.391908645629883,-0.25635746121406555,-0.370849609375,0.053955078125,0.92724609375,0.0,0.89453125,0.435302734375
3417,947,0.2521441578865051,8.391908645629883,-0.25635746121406555,-0.370849609375,0.053955078125,0.92724609375,0.0,0.89453125,0.435302734375
3418,952,0.2026551514863968,8.239721298217773,-0.2661684453487396,-0.380126953125,0.05255126953125,0.92333984375,0.0,0.89453125,0.400634765625
3419,948,0.2296293079853058,8.230216979980469,-0.27694985270500183,0.83251953125,-0.370849609375,0.411865234375,0.0,0.88671875,0.400634765625
3420,945,0.24202348291873932,8.395208358764648,-0.2850087881088257,-0.87841796875,0.223876953125,-0.422607421875,0.0,0.90185546875,0.435302734375
3421,950,0.19371891021728516,8.246587753295898,-0.2945791482925415,-0.8359375,0.371337890625,-0.404541015625,0.0,0.90185546875,0.400634765625
3422,952,0.2026551514863968,8.239721298217773,-0.2661684453487396,-0.380126953125,0.05255126953125,0.92333984375,0.0,0.89453125,0.400634765625
3423,948,0.2296293079853058,8.230216979980469,-0.27694985270500183,0.83251953125,-0.370849609375,0.411865234375,0.0,0.88671875,0.400634765625
3424,953,0.16111479699611664,8.082771301269531,-0.29884785413742065,0.78466796875,-0.47607421875,0.396728515625,0.0,0.88671875,0.365478515625
3425,949,0.15315556526184082,8.091822624206543,-0.3269360661506653,0.441162109375,-0.06829833984375,-0.89501953125,0.0,0.87939453125,0.365478515625
3426,952,0.2026551514863968,8.239721298217773,-0.2661684453487396,-0.380126953125,0.05255126953125,0.92333984375,0.0,0.89453125,0.400634765625
3427,953,0.16111479699611664,8.082771301269531,-0.29884785413742065,0.78466796875,-0.47607421875,0.396728515625,0.0,0.88671875,0.365478515625
3428,948,0.2296293079853058,8.230216979980469,-0.27694985270500183,0.83251953125,-0.370849609375,0.411865234375,0.0,0.88671875,0.400634765625
3429,953,0.16111479699611664,8.082771301269531,-0.29884785413742065,0.78466796875,-0.47607421875,0.396728515625,0.0,0.88671875,0.365478515625
3430,954,0.0747201219201088,7.95436954498291,-0.3556624948978424,0.4638671875,-0.0208892822265625,-0.8857421875,0.0,0.87939453125,0.330322265625
3431,949,0.15315556526184082,8.091822624206543,-0.3269360661506653,0.441162109375,-0.06829833984375,-0.89501953125,0.0,0.87939453125,0.365478515625
3432,951,0.22069305181503296,8.237083435058594,-0.3053605556488037,0.4482421875,-0.08197021484375,-0.89013671875,0.0,0.9091796875,0.400634765625
3433,955,0.12724603712558746,8.103605270385742,-0.3157973289489746,-0.78759765625,0.476318359375,-0.390625,0.0,0.90185546875,0.365478515625
3434,950,0.19371891021728516,8.246587753295898,-0.2945791482925415,-0.8359375,0.371337890625,-0.404541015625,0.0,0.90185546875,0.400634765625
3435,951,0.22069305181503296,8.237083435058594,-0.3053605556488037,0.4482421875,-0.08197021484375,-0.89013671875,0.0,0.9091796875,0.400634765625
3436,956,0.15315556526184082,8.091822624206543,-0.3269360661506653,0.441162109375,-0.06829833984375,-0.89501953125,0.0,0.9091796875,0.365478515625
3437,955,0.12724603712558746,8.103605270385742,-0.3157973289489746,-0.78759765625,0.476318359375,-0.390625,0.0,0.90185546875,0.365478515625
3438,950,0.19371891021728516,8.246587753295898,-0.2945791482925415,-0.8359375,0.371337890625,-0.404541015625,0.0,0.90185546875,0.400634765625
3439,957,0.13520526885986328,8.09455394744873,-0.2877090871334076,-0.397705078125,0.042449951171875,0.91650390625,0.0,0.89453125,0.365478515625
3440,952,0.2026551514863968,8.239721298217773,-0.2661684453487396,-0.380126953125,0.05255126953125,0.92333984375,0.0,0.89453125,0.400634765625
3441,952,0.2026551514863968,8.239721298217773,-0.2661684453487396,-0.380126953125,0.05255126953125,0.92333984375,0.0,0.89453125,0.400634765625
3442,957,0.13520526885986328,8.09455394744873,-0.2877090871334076,-0.397705078125,0.042449951171875,0.91650390625,0.0,0.89453125,0.365478515625
3443,953,0.16111479699611664,8.082771301269531,-0.29884785413742065,0.78466796875,-0.47607421875,0.396728515625,0.0,0.88671875,0.365478515625
3444,950,0.19371891021728516,8.246587753295898,-0.2945791482925415,-0.8359375,0.371337890625,-0.404541015625,0.0,0.90185546875,0.400634765625
3445,955,0.12724603712558746,8.103605270385742,-0.3157973289489746,-0.78759765625,0.476318359375,-0.390625,0.0,0.90185546875,0.365478515625
3446,957,0.13520526885986328,8.09455394744873,-0.2877090871334076,-0.397705078125,0.042449951171875,0.91650390625,0.0,0.89453125,0.365478515625
3447,953,0.16111479699611664,8.082771301269531,-0.29884785413742065,0.78466796875,-0.47607421875,0.396728515625,0.0,0.88671875,0.365478515625
3448,958,0.08139751851558685,7.943117618560791,-0.3280412256717682,0.73193359375,-0.548828125,0.40380859375,0.0,0.88671875,0.330322265625
3449,954,0.0747201219201088,7.95436954498291,-0.3556624948978424,0.4638671875,-0.0208892822265625,-0.8857421875,0.0,0.87939453125,0.330322265625
3450,957,0.13520526885986328,8.09455394744873,-0.2877090871334076,-0.397705078125,0.042449951171875,0.91650390625,0.0,0.89453125,0.365478515625
3451,958,0.08139751851558685,7.943117618560791,-0.3280412256717682,0.73193359375,-0.548828125,0.40380859375,0.0,0.88671875,0.330322265625
3452,953,0.16111479699611664,8.082771301269531,-0.29884785413742065,0.78466796875,-0.47607421875,0.396728515625,0.0,0.88671875,0.365478515625
3453,958,0.08139751851558685,7.943117618560791,-0.3280412256717682,0.73193359375,-0.548828125,0.40380859375,0.0,0.88671875,0.330322265625
3454,959,-0.004806394688785076,7.824641704559326,-0.40312114357948303,0.5078125,0.05438232421875,-0.85986328125,0.0,0.87939453125,0.294921875
3455,954,0.0747201219201088,7.95436954498291,-0.3556624948978424,0.4638671875,-0.0208892822265625,-0.8857421875,0.0,0.87939453125,0.330322265625
3456,956,0.15315556526184082,8.091822624206543,-0.3269360661506653,0.441162109375,-0.06829833984375,-0.89501953125,0.0,0.9091796875,0.365478515625
3457,960,0.04917029291391373,7.966813564300537,-0.34441661834716797,-0.7578125,0.54833984375,-0.35302734375,0.0,0.90185546875,0.330322265625
3458,955,0.12724603712558746,8.103605270385742,-0.3157973289489746,-0.78759765625,0.476318359375,-0.390625,0.0,0.90185546875,0.365478515625
3459,956,0.15315556526184082,8.091822624206543,-0.3269360661506653,0.441162109375,-0.06829833984375,-0.89501953125,0.0,0.9091796875,0.365478515625
3460,961,0.0747201219201088,7.95436954498291,-0.3556624948978424,0.4638671875,-0.0208892822265625,-0.8857421875,0.0,0.9091796875,0.330322265625
3461,960,0.04917029291391373,7.966813564300537,-0.34441661834716797,-0.7578125,0.54833984375,-0.35302734375,0.0,0.90185546875,0.330322265625
3462,955,0.12724603712558746,8.103605270385742,-0.3157973289489746,-0.78759765625,0.476318359375,-0.390625,0.0,0.90185546875,0.365478515625
3463,962,0.055847689509391785,7.955562114715576,-0.31679534912109375,-0.430419921875,-0.002758026123046875,0.90283203125,0.0,0.89453125,0.330322265625
3464,957,0.13520526885986328,8.09455394744873,-0.2877090871334076,-0.397705078125,0.042449951171875,0.91650390625,0.0,0.89453125,0.365478515625
3465,957,0.13520526885986328,8.09455394744873,-0.2877090871334076,-0.397705078125,0.042449951171875,0.91650390625,0.0,0.89453125,0.365478515625
3466,962,0.055847689509391785,7.955562114715576,-0.31679534912109375,-0.430419921875,-0.002758026123046875,0.90283203125,0.0,0.89453125,0.330322265625
3467,958,0.08139751851558685,7.943117618560791,-0.3280412256717682,0.73193359375,-0.548828125,0.40380859375,0.0,0.88671875,0.330322265625
3468,955,0.12724603712558746,8.103605270385742,-0.3157973289489746,-0.78759765625,0.476318359375,-0.390625,0.0,0.90185546875,0.365478515625
3469,960,0.04917029291391373,7.966813564300537,-0.34441661834716797,-0.7578125,0.54833984375,-0.35302734375,0.0,0.90185546875,0.330322265625
3470,962,0.055847689509391785,7.955562114715576,-0.31679534912109375,-0.430419921875,-0.002758026123046875,0.90283203125,0.0,0.89453125,0.330322265625
3471,958,0.08139751851558685,7.943117618560791,-0.3280412256717682,0.73193359375,-0.548828125,0.40380859375,0.0,0.88671875,0.330322265625
3472,963,-0.0003459763538558036,7.809762477874756,-0.3767987787723541,0.69677734375,-0.60888671875,0.379150390625,0.0,0.88671875,0.294921875
3473,959,-0.004806394688785076,7.824641704559326,-0.40312114357948303,0.5078125,0.05438232421875,-0.85986328125,0.0,0.87939453125,0.294921875
3474,962,0.055847689509391785,7.955562114715576,-0.31679534912109375,-0.430419921875,-0.002758026123046875,0.90283203125,0.0,0.89453125,0.330322265625
3475,963,-0.0003459763538558036,7.809762477874756,-0.3767987787723541,0.69677734375,-0.60888671875,0.379150390625,0.0,0.88671875,0.294921875
3476,958,0.08139751851558685,7.943117618560791,-0.3280412256717682,0.73193359375,-0.548828125,0.40380859375,0.0,0.88671875,0.330322265625
3477,963,-0.0003459763538558036,7.809762477874756,-0.3767987787723541,0.69677734375,-0.60888671875,0.379150390625,0.0,0.88671875,0.294921875
3478,964,-0.08641921728849411,7.700908660888672,-0.4670522212982178,0.53125,0.089599609375,-0.8427734375,0.0,0.87939453125,0.259765625
3479,959,-0.004806394688785076,7.824641704559326,-0.40312114357948303,0.5078125,0.05438232421875,-0.85986328125,0.0,0.87939453125,0.294921875
3480,961,0.0747201219201088,7.95436954498291,-0.3556624948978424,0.4638671875,-0.0208892822265625,-0.8857421875,0.0,0.9091796875,0.330322265625
3481,965,-0.03098323754966259,7.836058139801025,-0.39223185181617737,-0.720703125,0.60595703125,-0.3359375,0.0,0.90185546875,0.294921875
3482,960,0.04917029291391373,7.966813564300537,-0.34441661834716797,-0.7578125,0.54833984375,-0.35302734375,0.0,0.90185546875,0.330322265625
3483,961,0.0747201219201088,7.95436954498291,-0.3556624948978424,0.4638671875,-0.0208892822265625,-0.8857421875,0.0,0.9091796875,0.330322265625
3484,966,-0.004806394688785076,7.824641704559326,-0.40312114357948303,0.5078125,0.05438232421875,-0.85986328125,0.0,0.9091796875,0.294921875
3485,965,-0.03098323754966259,7.836058139801025,-0.39223185181617737,-0.720703125,0.60595703125,-0.3359375,0.0,0.90185546875,0.294921875
3486,960,0.04917029291391373,7.966813564300537,-0.34441661834716797,-0.7578125,0.54833984375,-0.35302734375,0.0,0.90185546875,0.330322265625
3487,967,-0.026522817090153694,7.8211798667907715,-0.36590948700904846,-0.479248046875,-0.07916259765625,0.8740234375,0.0,0.89453125,0.294921875
3488,962,0.055847689509391785,7.955562114715576,-0.31679534912109375,-0.430419921875,-0.002758026123046875,0.90283203125,0.0,0.89453125,0.330322265625
3489,962,0.055847689509391785,7.955562114715576,-0.31679534912109375,-0.430419921875,-0.002758026123046875,0.90283203125,0.0,0.89453125,0.330322265625
3490,967,-0.026522817090153694,7.8211798667907715,-0.36590948700904846,-0.479248046875,-0.07916259765625,0.8740234375,0.0,0.89453125,0.294921875
3491,963,-0.0003459763538558036,7.809762477874756,-0.3767987787723541,0.69677734375,-0.60888671875,0.379150390625,0.0,0.88671875,0.294921875
3492,960,0.04917029291391373,7.966813564300537,-0.34441661834716797,-0.7578125,0.54833984375,-0.35302734375,0.0,0.90185546875,0.330322265625
3493,965,-0.03098323754966259,7.836058139801025,-0.39223185181617737,-0.720703125,0.60595703125,-0.3359375,0.0,0.90185546875,0.294921875
3494,967,-0.026522817090153694,7.8211798667907715,-0.36590948700904846,-0.479248046875,-0.07916259765625,0.8740234375,0.0,0.89453125,0.294921875
3495,963,-0.0003459763538558036,7.809762477874756,-0.3767987787723541,0.69677734375,-0.60888671875,0.379150390625,0.0,0.88671875,0.294921875
3496,968,-0.08311298489570618,7.684261322021484,-0.4416327476501465,0.67138671875,-0.6630859375,0.331298828125,0.0,0.88671875,0.259765625
3497,964,-0.08641921728849411,7.700908660888672,-0.4670522212982178,0.53125,0.089599609375,-0.8427734375,0.0,0.87939453125,0.259765625
3498,967,-0.026522817090153694,7.8211798667907715,-0.36590948700904846,-0.479248046875,-0.07916259765625,0.8740234375,0.0,0.89453125,0.294921875
3499,968,-0.08311298489570618,7.684261322021484,-0.4416327476501465,0.67138671875,-0.6630859375,0.331298828125,0.0,0.88671875,0.259765625
3500,963,-0.0003459763538558036,7.809762477874756,-0.3767987787723541,0.69677734375,-0.60888671875,0.379150390625,0.0,0.88671875,0.294921875
3501,968,-0.08311298489570618,7.684261322021484,-0.4416327476501465,0.67138671875,-0.6630859375,0.331298828125,0.0,0.88671875,0.259765625
3502,969,-0.1758481115102768,7.58493709564209,-0.536411702632904,0.51708984375,0.08966064453125,-0.85107421875,0.0,0.87939453125,0.2244873046875
3503,964,-0.08641921728849411,7.700908660888672,-0.4670522212982178,0.53125,0.089599609375,-0.8427734375,0.0,0.87939453125,0.259765625
3504,966,-0.004806394688785076,7.824641704559326,-0.40312114357948303,0.5078125,0.05438232421875,-0.85986328125,0.0,0.9091796875,0.294921875
3505,970,-0.11223010718822479,7.712862491607666,-0.45586657524108887,-0.67529296875,0.66162109375,-0.32568359375,0.0,0.90185546875,0.259765625
3506,965,-0.03098323754966259,7.836058139801025,-0.39223185181617737,-0.720703125,0.60595703125,-0.3359375,0.0,0.90185546875,0.294921875
3507,966,-0.004806394688785076,7.824641704559326,-0.40312114357948303,0.5078125,0.05438232421875,-0.85986328125,0.0,0.9091796875,0.294921875
3508,971,-0.08641921728849411,7.700908660888672,-0.4670522212982178,0.53125,0.089599609375,-0.8427734375,0.0,0.9091796875,0.259765625
3509,970,-0.11223010718822479,7.712862491607666,-0.45586657524108887,-0.67529296875,0.66162109375,-0.32568359375,0.0,0.90185546875,0.259765625
3510,965,-0.03098323754966259,7.836058139801025,-0.39223185181617737,-0.720703125,0.60595703125,-0.3359375,0.0,0.90185546875,0.294921875
3511,972,-0.10892387479543686,7.6962151527404785,-0.43044716119766235,-0.50244140625,-0.11895751953125,0.8564453125,0.0,0.89453125,0.259765625
3512,967,-0.026522817090153694,7.8211798667907715,-0.36590948700904846,-0.479248046875,-0.07916259765625,0.8740234375,0.0,0.89453125,0.294921875
3513,967,-0.026522817090153694,7.8211798667907715,-0.36590948700904846,-0.479248046875,-0.07916259765625,0.8740234375,0.0,0.89453125,0.294921875
3514,972,-0.10892387479543686,7.6962151527404785,-0.43044716119766235,-0.50244140625,-0.11895751953125,0.8564453125,0.0,0.89453125,0.259765625
3515,968,-0.08311298489570618,7.684261322021484,-0.4416327476501465,0.67138671875,-0.6630859375,0.331298828125,0.0,0.88671875,0.259765625
3516,965,-0.03098323754966259,7.836058139801025,-0.39223185181617737,-0.720703125,0.60595703125,-0.3359375,0.0,0.90185546875,0.294921875
3517,970,-0.11223010718822479,7.712862491607666,-0.45586657524108887,-0.67529296875,0.66162109375,-0.32568359375,0.0,0.90185546875,0.259765625
3518,972,-0.10892387479543686,7.6962151527404785,-0.43044716119766235,-0.50244140625,-0.11895751953125,0.8564453125,0.0,0.89453125,0.259765625
3519,968,-0.08311298489570618,7.684261322021484,-0.4416327476501465,0.67138671875,-0.6630859375,0.331298828125,0.0,0.88671875,0.259765625
3520,973,-0.17341876029968262,7.567138671875,-0.5119153261184692,0.6435546875,-0.70849609375,0.289306640625,0.0,0.88671875,0.2244873046875
3521,969,-0.1758481115102768,7.58493709564209,-0.536411702632904,0.51708984375,0.08966064453125,-0.85107421875,0.0,0.87939453125,0.2244873046875
3522,972,-0.10892387479543686,7.6962151527404785,-0.43044716119766235,-0.50244140625,-0.11895751953125,0.8564453125,0.0,0.89453125,0.259765625
3523,973,-0.17341876029968262,7.567138671875,-0.5119153261184692,0.6435546875,-0.70849609375,0.289306640625,0.0,0.88671875,0.2244873046875
3524,968,-0.08311298489570618,7.684261322021484,-0.4416327476501465,0.67138671875,-0.6630859375,0.331298828125,0.0,0.88671875,0.259765625
3525,973,-0.17341876029968262,7.567138671875,-0.5119153261184692,0.6435546875,-0.70849609375,0.289306640625,0.0,0.88671875,0.2244873046875
3526,974,-0.2762664556503296,7.471673965454102,-0.6063737273216248,0.47607421875,0.05657958984375,-0.87744140625,0.0,0.87939453125,0.1883544921875
3527,969,-0.1758481115102768,7.58493709564209,-0.536411702632904,0.51708984375,0.08966064453125,-0.85107421875,0.0,0.87939453125,0.2244873046875
3528,971,-0.08641921728849411,7.700908660888672,-0.4670522212982178,0.53125,0.089599609375,-0.8427734375,0.0,0.9091796875,0.259765625
3529,975,-0.2006610482931137,7.5978522300720215,-0.524567186832428,-0.63818359375,0.70849609375,-0.30224609375,0.0,0.90185546875,0.2244873046875
3530,970,-0.11223010718822479,7.712862491607666,-0.45586657524108887,-0.67529296875,0.66162109375,-0.32568359375,0.0,0.90185546875,0.259765625
3531,971,-0.08641921728849411,7.700908660888672,-0.4670522212982178,0.53125,0.089599609375,-0.8427734375,0.0,0.9091796875,0.259765625
3532,976,-0.1758481115102768,7.58493709564209,-0.536411702632904,0.51708984375,0.08966064453125,-0.85107421875,0.0,0.9091796875,0.2244873046875
3533,975,-0.2006610482931137,7.5978522300720215,-0.524567186832428,-0.63818359375,0.70849609375,-0.30224609375,0.0,0.90185546875,0.2244873046875
3534,970,-0.11223010718822479,7.712862491607666,-0.45586657524108887,-0.67529296875,0.66162109375,-0.32568359375,0.0,0.90185546875,0.259765625
3535,977,-0.19823169708251953,7.580052852630615,-0.5000708699226379,-0.4970703125,-0.1141357421875,0.8603515625,0.0,0.89453125,0.2244873046875
3536,972,-0.10892387479543686,7.6962151527404785,-0.43044716119766235,-0.50244140625,-0.11895751953125,0.8564453125,0.0,0.89453125,0.259765625
3537,972,-0.10892387479543686,7.6962151527404785,-0.43044716119766235,-0.50244140625,-0.11895751953125,0.8564453125,0.0,0.89453125,0.259765625
3538,977,-0.19823169708251953,7.580052852630615,-0.5000708699226379,-0.4970703125,-0.1141357421875,0.8603515625,0.0,0.89453125,0.2244873046875
3539,973,-0.17341876029968262,7.567138671875,-0.5119153261184692,0.6435546875,-0.70849609375,0.289306640625,0.0,0.88671875,0.2244873046875
3540,970,-0.11223010718822479,7.712862491607666,-0.45586657524108887,-0.67529296875,0.66162109375,-0.32568359375,0.0,0.90185546875,0.259765625
3541,975,-0.2006610482931137,7.5978522300720215,-0.524567186832428,-0.63818359375,0.70849609375,-0.30224609375,0.0,0.90185546875,0.2244873046875
3542,977,-0.19823169708251953,7.580052852630615,-0.5000708699226379,-0.4970703125,-0.1141357421875,0.8603515625,0.0,0.89453125,0.2244873046875
3543,973,-0.17341876029968262,7.567138671875,-0.5119153261184692,0.6435546875,-0.70849609375,0.289306640625,0.0,0.88671875,0.2244873046875
3544,978,-0.2740674912929535,7.453160285949707,-0.5827808380126953,0.6171875,-0.75146484375,0.23388671875,0.0,0.88671875,0.1883544921875
3545,974,-0.2762664556503296,7.471673965454102,-0.6063737273216248,0.47607421875,0.05657958984375,-0.87744140625,0.0,0.87939453125,0.1883544921875
3546,977,-0.19823169708251953,7.580052852630615,-0.5000708699226379,-0.4970703125,-0.1141357421875,0.8603515625,0.0,0.89453125,0.2244873046875
3547,978,-0.2740674912929535,7.453160285949707,-0.5827808380126953,0.6171875,-0.75146484375,0.23388671875,0.0,0.88671875,0.1883544921875
3548,973,-0.17341876029968262,7.567138671875,-0.5119153261184692,0.6435546875,-0.70849609375,0.289306640625,0.0,0.88671875,0.2244873046875
3549,978,-0.2740674912929535,7.453160285949707,-0.5827808380126953,0.6171875,-0.75146484375,0.23388671875,0.0,0.88671875,0.1883544921875
3550,979,-0.3940735161304474,7.364529132843018,-0.6684035062789917,0.42333984375,0.00771331787109375,-0.90576171875,0.0,0.87939453125,0.151611328125
3551,974,-0.2762664556503296,7.471673965454102,-0.6063737273216248,0.47607421875,0.05657958984375,-0.87744140625,0.0,0.87939453125,0.1883544921875
3552,976,-0.1758481115102768,7.58493709564209,-0.536411702632904,0.51708984375,0.08966064453125,-0.85107421875,0.0,0.9091796875,0.2244873046875
3553,980,-0.29990100860595703,7.485166072845459,-0.5935832858085632,-0.59765625,0.75244140625,-0.27685546875,0.0,0.90185546875,0.1883544921875
3554,975,-0.2006610482931137,7.5978522300720215,-0.524567186832428,-0.63818359375,0.70849609375,-0.30224609375,0.0,0.90185546875,0.2244873046875
3555,976,-0.1758481115102768,7.58493709564209,-0.536411702632904,0.51708984375,0.08966064453125,-0.85107421875,0.0,0.9091796875,0.2244873046875
3556,981,-0.2762664556503296,7.471673965454102,-0.6063737273216248,0.47607421875,0.05657958984375,-0.87744140625,0.0,0.9091796875,0.1883544921875
3557,980,-0.29990100860595703,7.485166072845459,-0.5935832858085632,-0.59765625,0.75244140625,-0.27685546875,0.0,0.90185546875,0.1883544921875
3558,975,-0.2006610482931137,7.5978522300720215,-0.524567186832428,-0.63818359375,0.70849609375,-0.30224609375,0.0,0.90185546875,0.2244873046875
3559,982,-0.29770204424858093,7.466651916503906,-0.5699903964996338,-0.44677734375,-0.08978271484375,0.89013671875,0.0,0.89453125,0.1883544921875
3560,977,-0.19823169708251953,7.580052852630615,-0.5000708699226379,-0.4970703125,-0.1141357421875,0.8603515625,0.0,0.89453125,0.2244873046875
3561,977,-0.19823169708251953,7.580052852630615,-0.5000708699226379,-0.4970703125,-0.1141357421875,0.8603515625,0.0,0.89453125,0.2244873046875
3562,982,-0.29770204424858093,7.466651916503906,-0.5699903964996338,-0.44677734375,-0.08978271484375,0.89013671875,0.0,0.89453125,0.1883544921875
3563,978,-0.2740674912929535,7.453160285949707,-0.5827808380126953,0.6171875,-0.75146484375,0.23388671875,0.0,0.88671875,0.1883544921875
3564,975,-0.2006610482931137,7.5978522300720215,-0.524567186832428,-0.63818359375,0.70849609375,-0.30224609375,0.0,0.90185546875,0.2244873046875
3565,980,-0.29990100860595703,7.485166072845459,-0.5935832858085632,-0.59765625,0.75244140625,-0.27685546875,0.0,0.90185546875,0.1883544921875
3566,982,-0.29770204424858093,7.466651916503906,-0.5699903964996338,-0.44677734375,-0.08978271484375,0.89013671875,0.0,0.89453125,0.1883544921875
3567,978,-0.2740674912929535,7.453160285949707,-0.5827808380126953,0.6171875,-0.75146484375,0.23388671875,0.0,0.88671875,0.1883544921875
3568,983,-0.391715943813324,7.345731735229492,-0.6448513865470886,0.5732421875,-0.79541015625,0.197021484375,0.0,0.88671875,0.151611328125
3569,979,-0.3940735161304474,7.364529132843018,-0.6684035062789917,0.42333984375,0.00771331787109375,-0.90576171875,0.0,0.87939453125,0.151611328125
3570,982,-0.29770204424858093,7.466651916503906,-0.5699903964996338,-0.44677734375,-0.08978271484375,0.89013671875,0.0,0.89453125,0.1883544921875
3571,983,-0.391715943813324,7.345731735229492,-0.6448513865470886,0.5732421875,-0.79541015625,0.197021484375,0.0,0.88671875,0.151611328125
3572,978,-0.2740674912929535,7.453160285949707,-0.5827808380126953,0.6171875,-0.75146484375,0.23388671875,0.0,0.88671875,0.1883544921875
3573,983,-0.391715943813324,7.345731735229492,-0.6448513865470886,0.5732421875,-0.79541015625,0.197021484375,0.0,0.88671875,0.151611328125
3574,984,-0.46564775705337524,7.312755584716797,-0.6959585547447205,0.2978515625,-0.10943603515625,-0.9482421875,0.0,0.87939453125,0.13232421875
3575,979,-0.3940735161304474,7.364529132843018,-0.6684035062789917,0.42333984375,0.00771331787109375,-0.90576171875,0.0,0.87939453125,0.151611328125
3576,981,-0.2762664556503296,7.471673965454102,-0.6063737273216248,0.47607421875,0.05657958984375,-0.87744140625,0.0,0.9091796875,0.1883544921875
3577,985,-0.41510772705078125,7.380419731140137,-0.6536154747009277,-0.556640625,0.79541015625,-0.2396240234375,0.0,0.90185546875,0.151611328125
3578,980,-0.29990100860595703,7.485166072845459,-0.5935832858085632,-0.59765625,0.75244140625,-0.27685546875,0.0,0.90185546875,0.1883544921875
3579,981,-0.2762664556503296,7.471673965454102,-0.6063737273216248,0.47607421875,0.05657958984375,-0.87744140625,0.0,0.9091796875,0.1883544921875
3580,986,-0.3940735161304474,7.364529132843018,-0.6684035062789917,0.42333984375,0.00771331787109375,-0.90576171875,0.0,0.9091796875,0.151611328125
3581,985,-0.41510772705078125,7.380419731140137,-0.6536154747009277,-0.556640625,0.79541015625,-0.2396240234375,0.0,0.90185546875,0.151611328125
3582,980,-0.29990100860595703,7.485166072845459,-0.5935832858085632,-0.59765625,0.75244140625,-0.27685546875,0.0,0.90185546875,0.1883544921875
3583,987,-0.41275015473365784,7.361621379852295,-0.6300632953643799,-0.3837890625,-0.058319091796875,0.92138671875,0.0,0.89453125,0.151611328125
3584,982,-0.29770204424858093,7.466651916503906,-0.5699903964996338,-0.44677734375,-0.08978271484375,0.89013671875,0.0,0.89453125,0.1883544921875
3585,982,-0.29770204424858093,7.466651916503906,-0.5699903964996338,-0.44677734375,-0.08978271484375,0.89013671875,0.0,0.89453125,0.1883544921875
3586,987,-0.41275015473365784,7.361621379852295,-0.6300632953643799,-0.3837890625,-0.058319091796875,0.92138671875,0.0,0.89453125,0.151611328125
3587,983,-0.391715943813324,7.345731735229492,-0.6448513865470886,0.5732421875,-0.79541015625,0.197021484375,0.0,0.88671875,0.151611328125
3588,980,-0.29990100860595703,7.485166072845459,-0.5935832858085632,-0.59765625,0.75244140625,-0.27685546875,0.0,0.90185546875,0.1883544921875
3589,985,-0.41510772705078125,7.380419731140137,-0.6536154747009277,-0.556640625,0.79541015625,-0.2396240234375,0.0,0.90185546875,0.151611328125
3590,987,-0.41275015473365784,7.361621379852295,-0.6300632953643799,-0.3837890625,-0.058319091796875,0.92138671875,0.0,0.89453125,0.151611328125
3591,983,-0.391715943813324,7.345731735229492,-0.6448513865470886,0.5732421875,-0.79541015625,0.197021484375,0.0,0.88671875,0.151611328125
3592,988,-0.46323299407958984,7.29441499710083,-0.6719151735305786,0.46240234375,-0.88037109375,0.1072998046875,0.0,0.88671875,0.13232421875
3593,984,-0.46564775705337524,7.312755584716797,-0.6959585547447205,0.2978515625,-0.10943603515625,-0.9482421875,0.0,0.87939453125,0.13232421875
3594,987,-0.41275015473365784,7.361621379852295,-0.6300632953643799,-0.3837890625,-0.058319091796875,0.92138671875,0.0,0.89453125,0.151611328125
3595,988,-0.46323299407958984,7.29441499710083,-0.6719151735305786,0.46240234375,-0.88037109375,0.1072998046875,0.0,0.88671875,0.13232421875
3596,983,-0.391715943813324,7.345731735229492,-0.6448513865470886,0.5732421875,-0.79541015625,0.197021484375,0.0,0.88671875,0.151611328125
3597,988,-0.46323299407958984,7.29441499710083,-0.6719151735305786,0.46240234375,-0.88037109375,0.1072998046875,0.0,0.88671875,0.13232421875
3598,989,-0.5462568998336792,7.278741836547852,-0.7059266567230225,0.083251953125,-0.207763671875,-0.974609375,0.0,0.87939453125,0.114013671875
3599,984,-0.46564775705337524,7.312755584716797,-0.6959585547447205,0.2978515625,-0.10943603515625,-0.9482421875,0.0,0.87939453125,0.13232421875
3600,986,-0.3940735161304474,7.364529132843018,-0.6684035062789917,0.42333984375,0.00771331787109375,-0.90576171875,0.0,0.9091796875,0.151611328125
3601,990,-0.4809090197086334,7.332839012145996,-0.6791055202484131,-0.42919921875,0.8681640625,-0.248291015625,0.0,0.90185546875,0.13232421875
3602,985,-0.41510772705078125,7.380419731140137,-0.6536154747009277,-0.556640625,0.79541015625,-0.2396240234375,0.0,0.90185546875,0.151611328125
3603,986,-0.3940735161304474,7.364529132843018,-0.6684035062789917,0.42333984375,0.00771331787109375,-0.90576171875,0.0,0.9091796875,0.151611328125
3604,991,-0.46564775705337524,7.312755584716797,-0.6959585547447205,0.2978515625,-0.10943603515625,-0.9482421875,0.0,0.9091796875,0.13232421875
3605,990,-0.4809090197086334,7.332839012145996,-0.6791055202484131,-0.42919921875,0.8681640625,-0.248291015625,0.0,0.90185546875,0.13232421875
3606,985,-0.41510772705078125,7.380419731140137,-0.6536154747009277,-0.556640625,0.79541015625,-0.2396240234375,0.0,0.90185546875,0.151611328125
3607,992,-0.47849422693252563,7.3144989013671875,-0.6550621390342712,-0.2357177734375,0.004730224609375,0.9716796875,0.0,0.89453125,0.13232421875
3608,987,-0.41275015473365784,7.361621379852295,-0.6300632953643799,-0.3837890625,-0.058319091796875,0.92138671875,0.0,0.89453125,0.151611328125
3609,987,-0.41275015473365784,7.361621379852295,-0.6300632953643799,-0.3837890625,-0.058319091796875,0.92138671875,0.0,0.89453125,0.151611328125
3610,992,-0.47849422693252563,7.3144989013671875,-0.6550621390342712,-0.2357177734375,0.004730224609375,0.9716796875,0.0,0.89453125,0.13232421875
3611,988,-0.46323299407958984,7.29441499710083,-0.6719151735305786,0.46240234375,-0.88037109375,0.1072998046875,0.0,0.88671875,0.13232421875
3612,985,-0.41510772705078125,7.380419731140137,-0.6536154747009277,-0.556640625,0.79541015625,-0.2396240234375,0.0,0.90185546875,0.151611328125
3613,990,-0.4809090197086334,7.332839012145996,-0.6791055202484131,-0.42919921875,0.8681640625,-0.248291015625,0.0,0.90185546875,0.13232421875
3614,992,-0.47849422693252563,7.3144989013671875,-0.6550621390342712,-0.2357177734375,0.004730224609375,0.9716796875,0.0,0.89453125,0.13232421875
3615,988,-0.46323299407958984,7.29441499710083,-0.6719151735305786,0.46240234375,-0.88037109375,0.1072998046875,0.0,0.88671875,0.13232421875
3616,993,-0.5436686873435974,7.261048793792725,-0.6815270185470581,0.28076171875,-0.9560546875,0.08343505859375,0.0,0.88671875,0.114013671875
3617,989,-0.5462568998336792,7.278741836547852,-0.7059266567230225,0.083251953125,-0.207763671875,-0.974609375,0.0,0.87939453125,0.114013671875
3618,992,-0.47849422693252563,7.3144989013671875,-0.6550621390342712,-0.2357177734375,0.004730224609375,0.9716796875,0.0,0.89453125,0.13232421875
3619,993,-0.5436686873435974,7.261048793792725,-0.6815270185470581,0.28076171875,-0.9560546875,0.08343505859375,0.0,0.88671875,0.114013671875
3620,988,-0.46323299407958984,7.29441499710083,-0.6719151735305786,0.46240234375,-0.88037109375,0.1072998046875,0.0,0.88671875,0.13232421875
3621,993,-0.5436686873435974,7.261048793792725,-0.6815270185470581,0.28076171875,-0.9560546875,0.08343505859375,0.0,0.88671875,0.114013671875
3622,994,-0.6399512887001038,7.259599208831787,-0.698979377746582,-0.1722412109375,-0.28125,-0.94384765625,0.0,0.87939453125,0.094482421875
3623,989,-0.5462568998336792,7.278741836547852,-0.7059266567230225,0.083251953125,-0.207763671875,-0.974609375,0.0,0.87939453125,0.114013671875
3624,991,-0.46564775705337524,7.312755584716797,-0.6959585547447205,0.2978515625,-0.10943603515625,-0.9482421875,0.0,0.9091796875,0.13232421875
3625,995,-0.5550784468650818,7.3017144203186035,-0.6883332133293152,-0.28125,0.9296875,-0.23779296875,0.0,0.90185546875,0.114013671875
3626,990,-0.4809090197086334,7.332839012145996,-0.6791055202484131,-0.42919921875,0.8681640625,-0.248291015625,0.0,0.90185546875,0.13232421875
3627,991,-0.46564775705337524,7.312755584716797,-0.6959585547447205,0.2978515625,-0.10943603515625,-0.9482421875,0.0,0.9091796875,0.13232421875
3628,996,-0.5462568998336792,7.278741836547852,-0.7059266567230225,0.083251953125,-0.207763671875,-0.974609375,0.0,0.9091796875,0.114013671875
3629,995,-0.5550784468650818,7.3017144203186035,-0.6883332133293152,-0.28125,0.9296875,-0.23779296875,0.0,0.90185546875,0.114013671875
3630,990,-0.4809090197086334,7.332839012145996,-0.6791055202484131,-0.42919921875,0.8681640625,-0.248291015625,0.0,0.90185546875,0.13232421875
3631,997,-0.552490234375,7.284021377563477,-0.6639335751533508,-0.041168212890625,0.09765625,0.994140625,0.0,0.89453125,0.114013671875
3632,992,-0.47849422693252563,7.3144989013671875,-0.6550621390342712,-0.2357177734375,0.004730224609375,0.9716796875,0.0,0.89453125,0.13232421875
3633,992,-0.47849422693252563,7.3144989013671875,-0.6550621390342712,-0.2357177734375,0.004730224609375,0.9716796875,0.0,0.89453125,0.13232421875
3634,997,-0.552490234375,7.284021377563477,-0.6639335751533508,-0.041168212890625,0.09765625,0.994140625,0.0,0.89453125,0.114013671875
3635,993,-0.5436686873435974,7.261048793792725,-0.6815270185470581,0.28076171875,-0.9560546875,0.08343505859375,0.0,0.88671875,0.114013671875
3636,990,-0.4809090197086334,7.332839012145996,-0.6791055202484131,-0.42919921875,0.8681640625,-0.248291015625,0.0,0.90185546875,0.13232421875
3637,995,-0.5550784468650818,7.3017144203186035,-0.6883332133293152,-0.28125,0.9296875,-0.23779296875,0.0,0.90185546875,0.114013671875
3638,997,-0.552490234375,7.284021377563477,-0.6639335751533508,-0.041168212890625,0.09765625,0.994140625,0.0,0.89453125,0.114013671875
3639,993,-0.5436686873435974,7.261048793792725,-0.6815270185470581,0.28076171875,-0.9560546875,0.08343505859375,0.0,0.88671875,0.114013671875
3640,998,-0.6358832120895386,7.243075847625732,-0.6739566922187805,0.06817626953125,-0.99365234375,0.091796875,0.0,0.88671875,0.094482421875
3641,994,-0.6399512887001038,7.259599208831787,-0.698979377746582,-0.1722412109375,-0.28125,-0.94384765625,0.0,0.87939453125,0.094482421875
3642,997,-0.552490234375,7.284021377563477,-0.6639335751533508,-0.041168212890625,0.09765625,0.994140625,0.0,0.89453125,0.114013671875
3643,998,-0.6358832120895386,7.243075847625732,-0.6739566922187805,0.06817626953125,-0.99365234375,0.091796875,0.0,0.88671875,0.094482421875
3644,993,-0.5436686873435974,7.261048793792725,-0.6815270185470581,0.28076171875,-0.9560546875,0.08343505859375,0.0,0.88671875,0.114013671875
3645,998,-0.6358832120895386,7.243075847625732,-0.6739566922187805,0.06817626953125,-0.99365234375,0.091796875,0.0,0.88671875,0.094482421875
3646,999,-0.7252620458602905,7.26793909072876,-0.6695207953453064,-0.44970703125,-0.253173828125,-0.8564453125,0.0,0.87939453125,0.0760498046875
3647,994,-0.6399512887001038,7.259599208831787,-0.698979377746582,-0.1722412109375,-0.28125,-0.94384765625,0.0,0.87939453125,0.094482421875
3648,996,-0.5462568998336792,7.278741836547852,-0.7059266567230225,0.083251953125,-0.207763671875,-0.974609375,0.0,0.9091796875,0.114013671875
3649,1000,-0.6383082270622253,7.284936428070068,-0.6825157999992371,-0.1163330078125,0.95068359375,-0.288330078125,0.0,0.90185546875,0.094482421875
3650,995,-0.5550784468650818,7.3017144203186035,-0.6883332133293152,-0.28125,0.9296875,-0.23779296875,0.0,0.90185546875,0.114013671875
3651,996,-0.5462568998336792,7.278741836547852,-0.7059266567230225,0.083251953125,-0.207763671875,-0.974609375,0.0,0.9091796875,0.114013671875
3652,1001,-0.6399512887001038,7.259599208831787,-0.698979377746582,-0.1722412109375,-0.28125,-0.94384765625,0.0,0.9091796875,0.094482421875
3653,1000,-0.6383082270622253,7.284936428070068,-0.6825157999992371,-0.1163330078125,0.95068359375,-0.288330078125,0.0,0.90185546875,0.094482421875
3654,995,-0.5550784468650818,7.3017144203186035,-0.6883332133293152,-0.28125,0.9296875,-0.23779296875,0.0,0.90185546875,0.114013671875
3655,1002,-0.6342401504516602,7.268413066864014,-0.6574930548667908,0.2003173828125,0.1280517578125,0.97119140625,0.0,0.89453125,0.094482421875
3656,997,-0.552490234375,7.284021377563477,-0.6639335751533508,-0.041168212890625,0.09765625,0.994140625,0.0,0.89453125,0.114013671875
3657,997,-0.552490234375,7.284021377563477,-0.6639335751533508,-0.041168212890625,0.09765625,0.994140625,0.0,0.89453125,0.114013671875
3658,1002,-0.6342401504516602,7.268413066864014,-0.6574930548667908,0.2003173828125,0.1280517578125,0.97119140625,0.0,0.89453125,0.094482421875
3659,998,-0.6358832120895386,7.243075847625732,-0.6739566922187805,0.06817626953125,-0.99365234375,0.091796875,0.0,0.88671875,0.094482421875
3660,995,-0.5550784468650818,7.3017144203186035,-0.6883332133293152,-0.28125,0.9296875,-0.23779296875,0.0,0.90185546875,0.114013671875
3661,1000,-0.6383082270622253,7.284936428070068,-0.6825157999992371,-0.1163330078125,0.95068359375,-0.288330078125,0.0,0.90185546875,0.094482421875
3662,1002,-0.6342401504516602,7.268413066864014,-0.6574930548667908,0.2003173828125,0.1280517578125,0.97119140625,0.0,0.89453125,0.094482421875
3663,998,-0.6358832120895386,7.243075847625732,-0.6739566922187805,0.06817626953125,-0.99365234375,0.091796875,0.0,0.88671875,0.094482421875
3664,1003,-0.7197973728179932,7.251946449279785,-0.6445138454437256,-0.1651611328125,-0.97216796875,0.16552734375,0.0,0.88671875,0.0760498046875
3665,999,-0.7252620458602905,7.26793909072876,-0.6695207953453064,-0.44970703125,-0.253173828125,-0.8564453125,0.0,0.87939453125,0.0760498046875
3666,1002,-0.6342401504516602,7.268413066864014,-0.6574930548667908,0.2003173828125,0.1280517578125,0.97119140625,0.0,0.89453125,0.094482421875
3667,1003,-0.7197973728179932,7.251946449279785,-0.6445138454437256,-0.1651611328125,-0.97216796875,0.16552734375,0.0,0.88671875,0.0760498046875
3668,998,-0.6358832120895386,7.243075847625732,-0.6739566922187805,0.06817626953125,-0.99365234375,0.091796875,0.0,0.88671875,0.094482421875
3669,1003,-0.7197973728179932,7.251946449279785,-0.6445138454437256,-0.1651611328125,-0.97216796875,0.16552734375,0.0,0.88671875,0.0760498046875
3670,1004,-0.8044718503952026,7.3002142906188965,-0.6235665082931519,-0.71142578125,-0.09283447265625,-0.69677734375,0.0,0.87939453125,0.057403564453125
3671,999,-0.7252620458602905,7.26793909072876,-0.6695207953453064,-0.44970703125,-0.253173828125,-0.8564453125,0.0,0.87939453125,0.0760498046875
3672,1001,-0.6399512887001038,7.259599208831787,-0.698979377746582,-0.1722412109375,-0.28125,-0.94384765625,0.0,0.9091796875,0.094482421875
3673,1005,-0.7138931751251221,7.292555332183838,-0.6562623381614685,0.07684326171875,0.94580078125,-0.31591796875,0.0,0.90185546875,0.0760498046875
3674,1000,-0.6383082270622253,7.284936428070068,-0.6825157999992371,-0.1163330078125,0.95068359375,-0.288330078125,0.0,0.90185546875,0.094482421875
3675,1001,-0.6399512887001038,7.259599208831787,-0.698979377746582,-0.1722412109375,-0.28125,-0.94384765625,0.0,0.9091796875,0.094482421875
3676,1006,-0.7252620458602905,7.26793909072876,-0.6695207953453064,-0.44970703125,-0.253173828125,-0.8564453125,0.0,0.9091796875,0.0760498046875
3677,1005,-0.7138931751251221,7.292555332183838,-0.6562623381614685,0.07684326171875,0.94580078125,-0.31591796875,0.0,0.90185546875,0.0760498046875
3678,1000,-0.6383082270622253,7.284936428070068,-0.6825157999992371,-0.1163330078125,0.95068359375,-0.288330078125,0.0,0.90185546875,0.094482421875
3679,1007,-0.7084285020828247,7.276562213897705,-0.6312553882598877,0.44091796875,0.1309814453125,0.88818359375,0.0,0.89453125,0.0760498046875
3680,1002,-0.6342401504516602,7.268413066864014,-0.6574930548667908,0.2003173828125,0.1280517578125,0.97119140625,0.0,0.89453125,0.094482421875
3681,1002,-0.6342401504516602,7.268413066864014,-0.6574930548667908,0.2003173828125,0.1280517578125,0.97119140625,0.0,0.89453125,0.094482421875
3682,1007,-0.7084285020828247,7.276562213897705,-0.6312553882598877,0.44091796875,0.1309814453125,0.88818359375,0.0,0.89453125,0.0760498046875
3683,1003,-0.7197973728179932,7.251946449279785,-0.6445138454437256,-0.1651611328125,-0.97216796875,0.16552734375,0.0,0.88671875,0.0760498046875
3684,1000,-0.6383082270622253,7.284936428070068,-0.6825157999992371,-0.1163330078125,0.95068359375,-0.288330078125,0.0,0.90185546875,0.094482421875
3685,1005,-0.7138931751251221,7.292555332183838,-0.6562623381614685,0.07684326171875,0.94580078125,-0.31591796875,0.0,0.90185546875,0.0760498046875
3686,1007,-0.7084285020828247,7.276562213897705,-0.6312553882598877,0.44091796875,0.1309814453125,0.88818359375,0.0,0.89453125,0.0760498046875
3687,1003,-0.7197973728179932,7.251946449279785,-0.6445138454437256,-0.1651611328125,-0.97216796875,0.16552734375,0.0,0.88671875,0.0760498046875
3688,1008,-0.7969115972518921,7.281883239746094,-0.6001229882240295,-0.387451171875,-0.908203125,0.1590576171875,0.0,0.88671875,0.057403564453125
3689,1004,-0.8044718503952026,7.3002142906188965,-0.6235665082931519,-0.71142578125,-0.09283447265625,-0.69677734375,0.0,0.87939453125,0.057403564453125
3690,1007,-0.7084285020828247,7.276562213897705,-0.6312553882598877,0.44091796875,0.1309814453125,0.88818359375,0.0,0.89453125,0.0760498046875
3691,1008,-0.7969115972518921,7.281883239746094,-0.6001229882240295,-0.387451171875,-0.908203125,0.1590576171875,0.0,0.88671875,0.057403564453125
3692,1003,-0.7197973728179932,7.251946449279785,-0.6445138454437256,-0.1651611328125,-0.97216796875,0.16552734375,0.0,0.88671875,0.0760498046875
3693,1008,-0.7969115972518921,7.281883239746094,-0.6001229882240295,-0.387451171875,-0.908203125,0.1590576171875,0.0,0.88671875,0.057403564453125
3694,1009,-0.8538951873779297,7.344271183013916,-0.5458433628082275,-0.91455078125,0.1697998046875,-0.36669921875,0.0,0.87939453125,0.039215087890625
3695,1004,-0.8044718503952026,7.3002142906188965,-0.6235665082931519,-0.71142578125,-0.09283447265625,-0.69677734375,0.0,0.87939453125,0.057403564453125
3696,1006,-0.7252620458602905,7.26793909072876,-0.6695207953453064,-0.44970703125,-0.253173828125,-0.8564453125,0.0,0.9091796875,0.0760498046875
3697,1010,-0.7849945425987244,7.319844722747803,-0.6151746511459351,0.1688232421875,0.9150390625,-0.365966796875,0.0,0.90185546875,0.057403564453125
3698,1005,-0.7138931751251221,7.292555332183838,-0.6562623381614685,0.07684326171875,0.94580078125,-0.31591796875,0.0,0.90185546875,0.0760498046875
3699,1006,-0.7252620458602905,7.26793909072876,-0.6695207953453064,-0.44970703125,-0.253173828125,-0.8564453125,0.0,0.9091796875,0.0760498046875
3700,1011,-0.8044718503952026,7.3002142906188965,-0.6235665082931519,-0.71142578125,-0.09283447265625,-0.69677734375,0.0,0.9091796875,0.057403564453125
3701,1010,-0.7849945425987244,7.319844722747803,-0.6151746511459351,0.1688232421875,0.9150390625,-0.365966796875,0.0,0.90185546875,0.057403564453125
3702,1005,-0.7138931751251221,7.292555332183838,-0.6562623381614685,0.07684326171875,0.94580078125,-0.31591796875,0.0,0.90185546875,0.0760498046875
3703,1012,-0.7774964570999146,7.301021099090576,-0.591894268989563,0.7021484375,0.008544921875,0.71240234375,0.0,0.89453125,0.057403564453125
3704,1007,-0.7084285020828247,7.276562213897705,-0.6312553882598877,0.44091796875,0.1309814453125,0.88818359375,0.0,0.89453125,0.0760498046875
3705,1007,-0.7084285020828247,7.276562213897705,-0.6312553882598877,0.44091796875,0.1309814453125,0.88818359375,0.0,0.89453125,0.0760498046875
3706,1012,-0.7774964570999146,7.301021099090576,-0.591894268989563,0.7021484375,0.008544921875,0.71240234375,0.0,0.89453125,0.057403564453125
3707,1008,-0.7969115972518921,7.281883239746094,-0.6001229882240295,-0.387451171875,-0.908203125,0.1590576171875,0.0,0.88671875,0.057403564453125
3708,1005,-0.7138931751251221,7.292555332183838,-0.6562623381614685,0.07684326171875,0.94580078125,-0.31591796875,0.0,0.90185546875,0.0760498046875
3709,1010,-0.7849945425987244,7.319844722747803,-0.6151746511459351,0.1688232421875,0.9150390625,-0.365966796875,0.0,0.90185546875,0.057403564453125
3710,1012,-0.7774964570999146,7.301021099090576,-0.591894268989563,0.7021484375,0.008544921875,0.71240234375,0.0,0.89453125,0.057403564453125
3711,1008,-0.7969115972518921,7.281883239746094,-0.6001229882240295,-0.387451171875,-0.908203125,0.1590576171875,0.0,0.88671875,0.057403564453125
3712,1013,-0.8432405591011047,7.321532249450684,-0.5264703035354614,-0.52490234375,-0.82080078125,0.226318359375,0.0,0.88671875,0.039215087890625
3713,1009,-0.8538951873779297,7.344271183013916,-0.5458433628082275,-0.91455078125,0.1697998046875,-0.36669921875,0.0,0.87939453125,0.039215087890625
3714,1012,-0.7774964570999146,7.301021099090576,-0.591894268989563,0.7021484375,0.008544921875,0.71240234375,0.0,0.89453125,0.057403564453125
3715,1013,-0.8432405591011047,7.321532249450684,-0.5264703035354614,-0.52490234375,-0.82080078125,0.226318359375,0.0,0.88671875,0.039215087890625
3716,1008,-0.7969115972518921,7.281883239746094,-0.6001229882240295,-0.387451171875,-0.908203125,0.1590576171875,0.0,0.88671875,0.057403564453125
3717,1013,-0.8432405591011047,7.321532249450684,-0.5264703035354614,-0.52490234375,-0.82080078125,0.226318359375,0.0,0.88671875,0.039215087890625
3718,1014,-0.8530154228210449,7.373912334442139,-0.4655894339084625,-0.92041015625,0.390869140625,0.0037899017333984375,0.0,0.87939453125,0.02374267578125
3719,1009,-0.8538951873779297,7.344271183013916,-0.5458433628082275,-0.91455078125,0.1697998046875,-0.36669921875,0.0,0.87939453125,0.039215087890625
3720,1011,-0.8044718503952026,7.3002142906188965,-0.6235665082931519,-0.71142578125,-0.09283447265625,-0.69677734375,0.0,0.9091796875,0.057403564453125
3721,1015,-0.8267608284950256,7.356863975524902,-0.546574592590332,0.2259521484375,0.91064453125,-0.34619140625,0.0,0.90185546875,0.039215087890625
3722,1010,-0.7849945425987244,7.319844722747803,-0.6151746511459351,0.1688232421875,0.9150390625,-0.365966796875,0.0,0.90185546875,0.057403564453125
3723,1011,-0.8044718503952026,7.3002142906188965,-0.6235665082931519,-0.71142578125,-0.09283447265625,-0.69677734375,0.0,0.9091796875,0.057403564453125
3724,1016,-0.8538951873779297,7.344271183013916,-0.5458433628082275,-0.91455078125,0.1697998046875,-0.36669921875,0.0,0.9091796875,0.039215087890625
3725,1015,-0.8267608284950256,7.356863975524902,-0.546574592590332,0.2259521484375,0.91064453125,-0.34619140625,0.0,0.90185546875,0.039215087890625
3726,1010,-0.7849945425987244,7.319844722747803,-0.6151746511459351,0.1688232421875,0.9150390625,-0.365966796875,0.0,0.90185546875,0.057403564453125
3727,1017,-0.8163700699806213,7.33333158493042,-0.5269818902015686,0.9013671875,-0.252197265625,0.352783203125,0.0,0.89453125,0.039215087890625
3728,1012,-0.7774964570999146,7.301021099090576,-0.591894268989563,0.7021484375,0.008544921875,0.71240234375,0.0,0.89453125,0.057403564453125
3729,1012,-0.7774964570999146,7.301021099090576,-0.591894268989563,0.7021484375,0.008544921875,0.71240234375,0.0,0.89453125,0.057403564453125
3730,1017,-0.8163700699806213,7.33333158493042,-0.5269818902015686,0.9013671875,-0.252197265625,0.352783203125,0.0,0.89453125,0.039215087890625
3731,1013,-0.8432405591011047,7.321532249450684,-0.5264703035354614,-0.52490234375,-0.82080078125,0.226318359375,0.0,0.88671875,0.039215087890625
3732,1010,-0.7849945425987244,7.319844722747803,-0.6151746511459351,0.1688232421875,0.9150390625,-0.365966796875,0.0,0.90185546875,0.057403564453125
3733,1015,-0.8267608284950256,7.356863975524902,-0.546574592590332,0.2259521484375,0.91064453125,-0.34619140625,0.0,0.90185546875,0.039215087890625
3734,1017,-0.8163700699806213,7.33333158493042,-0.5269818902015686,0.9013671875,-0.252197265625,0.352783203125,0.0,0.89453125,0.039215087890625
3735,1013,-0.8432405591011047,7.321532249450684,-0.5264703035354614,-0.52490234375,-0.82080078125,0.226318359375,0.0,0.88671875,0.039215087890625
3736,1018,-0.841526448726654,7.347951412200928,-0.45277315378189087,-0.498779296875,-0.77099609375,0.39599609375,0.0,0.88671875,0.02374267578125
3737,1014,-0.8530154228210449,7.373912334442139,-0.4655894339084625,-0.92041015625,0.390869140625,0.0037899017333984375,0.0,0.87939453125,0.02374267578125
3738,1017,-0.8163700699806213,7.33333158493042,-0.5269818902015686,0.9013671875,-0.252197265625,0.352783203125,0.0,0.89453125,0.039215087890625
3739,1018,-0.841526448726654,7.347951412200928,-0.45277315378189087,-0.498779296875,-0.77099609375,0.39599609375,0.0,0.88671875,0.02374267578125
3740,1013,-0.8432405591011047,7.321532249450684,-0.5264703035354614,-0.52490234375,-0.82080078125,0.226318359375,0.0,0.88671875,0.039215087890625
3741,1018,-0.841526448726654,7.347951412200928,-0.45277315378189087,-0.498779296875,-0.77099609375,0.39599609375,0.0,0.88671875,0.02374267578125
3742,1019,-0.8271564841270447,7.4035258293151855,-0.39250093698501587,-0.87255859375,0.472900390625,0.123779296875,0.0,0.87939453125,0.00765228271484375
3743,1014,-0.8530154228210449,7.373912334442139,-0.4655894339084625,-0.92041015625,0.390869140625,0.0037899017333984375,0.0,0.87939453125,0.02374267578125
3744,1018,-0.841526448726654,7.347951412200928,-0.45277315378189087,-0.498779296875,-0.77099609375,0.39599609375,0.0,0.88671875,0.02374267578125
3745,1020,-0.8176661729812622,7.376450538635254,-0.38524094223976135,-0.4619140625,-0.74951171875,0.474609375,0.0,0.88671875,0.00765228271484375
3746,1019,-0.8271564841270447,7.4035258293151855,-0.39250093698501587,-0.87255859375,0.472900390625,0.123779296875,0.0,0.87939453125,0.00765228271484375
3747,1017,-0.8163700699806213,7.33333158493042,-0.5269818902015686,0.9013671875,-0.252197265625,0.352783203125,0.0,0.89453125,0.039215087890625
3748,1021,-0.8138731122016907,7.356473445892334,-0.4606579542160034,0.88623046875,-0.463623046875,0.006988525390625,0.0,0.89453125,0.02374267578125
3749,1018,-0.841526448726654,7.347951412200928,-0.45277315378189087,-0.498779296875,-0.77099609375,0.39599609375,0.0,0.88671875,0.02374267578125
3750,1021,-0.8138731122016907,7.356473445892334,-0.4606579542160034,0.88623046875,-0.463623046875,0.006988525390625,0.0,0.89453125,0.02374267578125
3751,1020,-0.8176661729812622,7.376450538635254,-0.38524094223976135,-0.4619140625,-0.74951171875,0.474609375,0.0,0.88671875,0.00765228271484375
3752,1018,-0.841526448726654,7.347951412200928,-0.45277315378189087,-0.498779296875,-0.77099609375,0.39599609375,0.0,0.88671875,0.02374267578125
3753,1015,-0.8267608284950256,7.356863975524902,-0.546574592590332,0.2259521484375,0.91064453125,-0.34619140625,0.0,0.90185546875,0.039215087890625
3754,1021,-0.8138731122016907,7.356473445892334,-0.4606579542160034,0.88623046875,-0.463623046875,0.006988525390625,0.0,0.89453125,0.02374267578125
3755,1017,-0.8163700699806213,7.33333158493042,-0.5269818902015686,0.9013671875,-0.252197265625,0.352783203125,0.0,0.89453125,0.039215087890625
3756,1021,-0.8138731122016907,7.356473445892334,-0.4606579542160034,0.88623046875,-0.463623046875,0.006988525390625,0.0,0.89453125,0.02374267578125
3757,1022,-0.7918544411659241,7.381901741027832,-0.3986533582210541,0.86279296875,-0.496337890625,-0.096923828125,0.0,0.89453125,0.00765228271484375
3758,1020,-0.8176661729812622,7.376450538635254,-0.38524094223976135,-0.4619140625,-0.74951171875,0.474609375,0.0,0.88671875,0.00765228271484375
3759,1016,-0.8538951873779297,7.344271183013916,-0.5458433628082275,-0.91455078125,0.1697998046875,-0.36669921875,0.0,0.9091796875,0.039215087890625
3760,1023,-0.8253879547119141,7.3828043937683105,-0.47361037135124207,0.3173828125,0.86865234375,-0.380859375,0.0,0.90185546875,0.02374267578125
3761,1015,-0.8267608284950256,7.356863975524902,-0.546574592590332,0.2259521484375,0.91064453125,-0.34619140625,0.0,0.90185546875,0.039215087890625
3762,1015,-0.8267608284950256,7.356863975524902,-0.546574592590332,0.2259521484375,0.91064453125,-0.34619140625,0.0,0.90185546875,0.039215087890625
3763,1023,-0.8253879547119141,7.3828043937683105,-0.47361037135124207,0.3173828125,0.86865234375,-0.380859375,0.0,0.90185546875,0.02374267578125
3764,1021,-0.8138731122016907,7.356473445892334,-0.4606579542160034,0.88623046875,-0.463623046875,0.006988525390625,0.0,0.89453125,0.02374267578125
3765,1023,-0.8253879547119141,7.3828043937683105,-0.47361037135124207,0.3173828125,0.86865234375,-0.380859375,0.0,0.90185546875,0.02374267578125
3766,1022,-0.7918544411659241,7.381901741027832,-0.3986533582210541,0.86279296875,-0.496337890625,-0.096923828125,0.0,0.89453125,0.00765228271484375
3767,1021,-0.8138731122016907,7.356473445892334,-0.4606579542160034,0.88623046875,-0.463623046875,0.006988525390625,0.0,0.89453125,0.02374267578125
3768,1016,-0.8538951873779297,7.344271183013916,-0.5458433628082275,-0.91455078125,0.1697998046875,-0.36669921875,0.0,0.9091796875,0.039215087890625
3769,1024,-0.8530154228210449,7.373912334442139,-0.4655894339084625,-0.92041015625,0.390869140625,0.0037899017333984375,0.0,0.9091796875,0.02374267578125
3770,1023,-0.8253879547119141,7.3828043937683105,-0.47361037135124207,0.3173828125,0.86865234375,-0.380859375,0.0,0.90185546875,0.02374267578125
3771,1023,-0.8253879547119141,7.3828043937683105,-0.47361037135124207,0.3173828125,0.86865234375,-0.380859375,0.0,0.90185546875,0.02374267578125
3772,1025,-0.8013448715209961,7.408977031707764,-0.40591347217559814,0.3544921875,0.8193359375,-0.450927734375,0.0,0.90185546875,0.00765228271484375
3773,1022,-0.7918544411659241,7.381901741027832,-0.3986533582210541,0.86279296875,-0.496337890625,-0.096923828125,0.0,0.89453125,0.00765228271484375
3774,1024,-0.8530154228210449,7.373912334442139,-0.4655894339084625,-0.92041015625,0.390869140625,0.0037899017333984375,0.0,0.9091796875,0.02374267578125
3775,1025,-0.8013448715209961,7.408977031707764,-0.40591347217559814,0.3544921875,0.8193359375,-0.450927734375,0.0,0.90185546875,0.00765228271484375
3776,1023,-0.8253879547119141,7.3828043937683105,-0.47361037135124207,0.3173828125,0.86865234375,-0.380859375,0.0,0.90185546875,0.02374267578125
3777,1024,-0.8530154228210449,7.373912334442139,-0.4655894339084625,-0.92041015625,0.390869140625,0.0037899017333984375,0.0,0.9091796875,0.02374267578125
3778,1026,-0.8271564841270447,7.4035258293151855,-0.39250093698501587,-0.87255859375,0.472900390625,0.123779296875,0.0,0.9091796875,0.00765228271484375
3779,1025,-0.8013448715209961,7.408977031707764,-0.40591347217559814,0.3544921875,0.8193359375,-0.450927734375,0.0,0.90185546875,0.00765228271484375
3780,1027,0.3000801205635071,9.196944236755371,-0.19811099767684937,-0.9970703125,-0.07342529296875,-0.019683837890625,0.0,0.96630859375,0.572265625
3781,1028,0.32821083068847656,9.118605613708496,-0.18935927748680115,0.09539794921875,-0.11865234375,0.98828125,0.0,0.95849609375,0.5546875
3782,1029,0.3215038478374481,9.196891784667969,-0.17727592587471008,0.1053466796875,-0.1424560546875,0.984375,0.0,0.95849609375,0.572265625
3783,1027,0.3000801205635071,9.196944236755371,-0.19811099767684937,-0.9970703125,-0.07342529296875,-0.019683837890625,0.0,0.96630859375,0.572265625
3784,1030,0.30587059259414673,9.120735168457031,-0.21054814755916595,-0.99951171875,0.0311126708984375,0.0005593299865722656,0.0,0.96630859375,0.5546875
3785,1028,0.32821083068847656,9.118605613708496,-0.18935927748680115,0.09539794921875,-0.11865234375,0.98828125,0.0,0.95849609375,0.5546875
3786,1031,0.3199910521507263,9.20579719543457,-0.2185622602701187,0.058319091796875,0.17431640625,-0.98291015625,0.0,0.9736328125,0.572265625
3787,1030,0.30587059259414673,9.120735168457031,-0.21054814755916595,-0.99951171875,0.0311126708984375,0.0005593299865722656,0.0,0.96630859375,0.5546875
3788,1027,0.3000801205635071,9.196944236755371,-0.19811099767684937,-0.9970703125,-0.07342529296875,-0.019683837890625,0.0,0.96630859375,0.572265625
3789,1030,0.30587059259414673,9.120735168457031,-0.21054814755916595,-0.99951171875,0.0311126708984375,0.0005593299865722656,0.0,0.96630859375,0.5546875
3790,1032,0.31766507029533386,9.038138389587402,-0.19598470628261566,0.07684326171875,-0.06414794921875,0.9951171875,0.0,0.95849609375,0.53662109375
3791,1028,0.32821083068847656,9.118605613708496,-0.18935927748680115,0.09539794921875,-0.11865234375,0.98828125,0.0,0.95849609375,0.5546875
3792,1031,0.3199910521507263,9.20579719543457,-0.2185622602701187,0.058319091796875,0.17431640625,-0.98291015625,0.0,0.9736328125,0.572265625
3793,1033,0.32716619968414307,9.122915267944336,-0.2327818125486374,0.047027587890625,0.12310791015625,-0.9912109375,0.0,0.9736328125,0.5546875
3794,1030,0.30587059259414673,9.120735168457031,-0.21054814755916595,-0.99951171875,0.0311126708984375,0.0005593299865722656,0.0,0.96630859375,0.5546875
3795,1034,0.34141483902931213,9.205744743347168,-0.19772717356681824,0.9931640625,0.1031494140625,-0.0543212890625,0.0,0.9814453125,0.572265625
3796,1033,0.32716619968414307,9.122915267944336,-0.2327818125486374,0.047027587890625,0.12310791015625,-0.9912109375,0.0,0.9736328125,0.5546875
3797,1031,0.3199910521507263,9.20579719543457,-0.2185622602701187,0.058319091796875,0.17431640625,-0.98291015625,0.0,0.9736328125,0.572265625
3798,1030,0.30587059259414673,9.120735168457031,-0.21054814755916595,-0.99951171875,0.0311126708984375,0.0005593299865722656,0.0,0.96630859375,0.5546875
3799,1035,0.2953789532184601,9.042020797729492,-0.21688437461853027,-0.97607421875,0.2152099609375,0.0273895263671875,0.0,0.96630859375,0.53662109375
3800,1032,0.31766507029533386,9.038138389587402,-0.19598470628261566,0.07684326171875,-0.06414794921875,0.9951171875,0.0,0.95849609375,0.53662109375
3801,1033,0.32716619968414307,9.122915267944336,-0.2327818125486374,0.047027587890625,0.12310791015625,-0.9912109375,0.0,0.9736328125,0.5546875
3802,1035,0.2953789532184601,9.042020797729492,-0.21688437461853027,-0.97607421875,0.2152099609375,0.0273895263671875,0.0,0.96630859375,0.53662109375
3803,1030,0.30587059259414673,9.120735168457031,-0.21054814755916595,-0.99951171875,0.0311126708984375,0.0005593299865722656,0.0,0.96630859375,0.5546875
3804,1035,0.2953789532184601,9.042020797729492,-0.21688437461853027,-0.97607421875,0.2152099609375,0.0273895263671875,0.0,0.96630859375,0.53662109375
3805,1036,0.275709331035614,8.880064964294434,-0.20058341324329376,0.0577392578125,-0.00958251953125,0.998046875,0.0,0.95849609375,0.5009765625
3806,1032,0.31766507029533386,9.038138389587402,-0.19598470628261566,0.07684326171875,-0.06414794921875,0.9951171875,0.0,0.95849609375,0.53662109375
3807,1034,0.34141483902931213,9.205744743347168,-0.19772717356681824,0.9931640625,0.1031494140625,-0.0543212890625,0.0,0.9814453125,0.572265625
3808,1037,0.3495064377784729,9.120784759521484,-0.21159294247627258,0.99853515625,-0.01116180419921875,-0.05462646484375,0.0,0.9814453125,0.5546875
3809,1033,0.32716619968414307,9.122915267944336,-0.2327818125486374,0.047027587890625,0.12310791015625,-0.9912109375,0.0,0.9736328125,0.5546875
3810,1038,0.3215038478374481,9.196891784667969,-0.17727592587471008,0.1053466796875,-0.1424560546875,0.984375,0.0,0.98876953125,0.572265625
3811,1037,0.3495064377784729,9.120784759521484,-0.21159294247627258,0.99853515625,-0.01116180419921875,-0.05462646484375,0.0,0.9814453125,0.5546875
3812,1034,0.34141483902931213,9.205744743347168,-0.19772717356681824,0.9931640625,0.1031494140625,-0.0543212890625,0.0,0.9814453125,0.572265625
3813,1038,0.3215038478374481,9.196891784667969,-0.17727592587471008,0.1053466796875,-0.1424560546875,0.984375,0.0,0.98876953125,0.572265625
3814,1039,0.32821083068847656,9.118605613708496,-0.18935927748680115,0.09539794921875,-0.11865234375,0.98828125,0.0,0.98876953125,0.5546875
3815,1037,0.3495064377784729,9.120784759521484,-0.21159294247627258,0.99853515625,-0.01116180419921875,-0.05462646484375,0.0,0.9814453125,0.5546875
3816,1033,0.32716619968414307,9.122915267944336,-0.2327818125486374,0.047027587890625,0.12310791015625,-0.9912109375,0.0,0.9736328125,0.5546875
3817,1040,0.31620004773139954,9.039905548095703,-0.23947957158088684,0.0187835693359375,0.04168701171875,-0.9990234375,0.0,0.9736328125,0.53662109375
3818,1035,0.2953789532184601,9.042020797729492,-0.21688437461853027,-0.97607421875,0.2152099609375,0.0273895263671875,0.0,0.96630859375,0.53662109375
3819,1037,0.3495064377784729,9.120784759521484,-0.21159294247627258,0.99853515625,-0.01116180419921875,-0.05462646484375,0.0,0.9814453125,0.5546875
3820,1040,0.31620004773139954,9.039905548095703,-0.23947957158088684,0.0187835693359375,0.04168701171875,-0.9990234375,0.0,0.9736328125,0.53662109375
3821,1033,0.32716619968414307,9.122915267944336,-0.2327818125486374,0.047027587890625,0.12310791015625,-0.9912109375,0.0,0.9736328125,0.5546875
3822,1035,0.2953789532184601,9.042020797729492,-0.21688437461853027,-0.97607421875,0.2152099609375,0.0273895263671875,0.0,0.96630859375,0.53662109375
3823,1041,0.25387343764305115,8.885700225830078,-0.22158154845237732,-0.95849609375,0.285400390625,0.0179595947265625,0.0,0.96630859375,0.5009765625
3824,1036,0.275709331035614,8.880064964294434,-0.20058341324329376,0.0577392578125,-0.00958251953125,0.998046875,0.0,0.95849609375,0.5009765625
3825,1040,0.31620004773139954,9.039905548095703,-0.23947957158088684,0.0187835693359375,0.04168701171875,-0.9990234375,0.0,0.9736328125,0.53662109375
3826,1041,0.25387343764305115,8.885700225830078,-0.22158154845237732,-0.95849609375,0.285400390625,0.0179595947265625,0.0,0.96630859375,0.5009765625
3827,1035,0.2953789532184601,9.042020797729492,-0.21688437461853027,-0.97607421875,0.2152099609375,0.0273895263671875,0.0,0.96630859375,0.53662109375
3828,1041,0.25387343764305115,8.885700225830078,-0.22158154845237732,-0.95849609375,0.285400390625,0.0179595947265625,0.0,0.96630859375,0.5009765625
3829,1042,0.22497013211250305,8.72644329071045,-0.1936316192150116,0.072021484375,0.032073974609375,0.9970703125,0.0,0.95849609375,0.465576171875
3830,1036,0.275709331035614,8.880064964294434,-0.20058341324329376,0.0577392578125,-0.00958251953125,0.998046875,0.0,0.95849609375,0.5009765625
3831,1039,0.32821083068847656,9.118605613708496,-0.18935927748680115,0.09539794921875,-0.11865234375,0.98828125,0.0,0.98876953125,0.5546875
3832,1043,0.3384861648082733,9.036023139953613,-0.21857990324497223,0.9765625,-0.209228515625,-0.0516357421875,0.0,0.9814453125,0.53662109375
3833,1037,0.3495064377784729,9.120784759521484,-0.21159294247627258,0.99853515625,-0.01116180419921875,-0.05462646484375,0.0,0.9814453125,0.5546875
3834,1037,0.3495064377784729,9.120784759521484,-0.21159294247627258,0.99853515625,-0.01116180419921875,-0.05462646484375,0.0,0.9814453125,0.5546875
3835,1043,0.3384861648082733,9.036023139953613,-0.21857990324497223,0.9765625,-0.209228515625,-0.0516357421875,0.0,0.9814453125,0.53662109375
3836,1040,0.31620004773139954,9.039905548095703,-0.23947957158088684,0.0187835693359375,0.04168701171875,-0.9990234375,0.0,0.9736328125,0.53662109375
3837,1039,0.32821083068847656,9.118605613708496,-0.18935927748680115,0.09539794921875,-0.11865234375,0.98828125,0.0,0.98876953125,0.5546875
3838,1044,0.31766507029533386,9.038138389587402,-0.19598470628261566,0.07684326171875,-0.06414794921875,0.9951171875,0.0,0.98876953125,0.53662109375
3839,1043,0.3384861648082733,9.036023139953613,-0.21857990324497223,0.9765625,-0.209228515625,-0.0516357421875,0.0,0.9814453125,0.53662109375
3840,1040,0.31620004773139954,9.039905548095703,-0.23947957158088684,0.0187835693359375,0.04168701171875,-0.9990234375,0.0,0.9736328125,0.53662109375
3841,1045,0.2740231156349182,8.879769325256348,-0.24412688612937927,-0.0164031982421875,-0.0027923583984375,-1.0,0.0,0.9736328125,0.5009765625
3842,1041,0.25387343764305115,8.885700225830078,-0.22158154845237732,-0.95849609375,0.285400390625,0.0179595947265625,0.0,0.96630859375,0.5009765625
3843,1043,0.3384861648082733,9.036023139953613,-0.21857990324497223,0.9765625,-0.209228515625,-0.0516357421875,0.0,0.9814453125,0.53662109375
3844,1045,0.2740231156349182,8.879769325256348,-0.24412688612937927,-0.0164031982421875,-0.0027923583984375,-1.0,0.0,0.9736328125,0.5009765625
3845,1040,0.31620004773139954,9.039905548095703,-0.23947957158088684,0.0187835693359375,0.04168701171875,-0.9990234375,0.0,0.9736328125,0.53662109375
3846,1041,0.25387343764305115,8.885700225830078,-0.22158154845237732,-0.95849609375,0.285400390625,0.0179595947265625,0.0,0.96630859375,0.5009765625
3847,1046,0.20343613624572754,8.73302936553955,-0.21473853290081024,-0.93408203125,0.356689453125,0.024200439453125,0.0,0.96630859375,0.465576171875
3848,1042,0.22497013211250305,8.72644329071045,-0.1936316192150116,0.072021484375,0.032073974609375,0.9970703125,0.0,0.95849609375,0.465576171875
3849,1045,0.2740231156349182,8.879769325256348,-0.24412688612937927,-0.0164031982421875,-0.0027923583984375,-1.0,0.0,0.9736328125,0.5009765625
3850,1046,0.20343613624572754,8.73302936553955,-0.21473853290081024,-0.93408203125,0.356689453125,0.024200439453125,0.0,0.96630859375,0.465576171875
3851,1041,0.25387343764305115,8.885700225830078,-0.22158154845237732,-0.95849609375,0.285400390625,0.0179595947265625,0.0,0.96630859375,0.5009765625
3852,1046,0.20343613624572754,8.73302936553955,-0.21473853290081024,-0.93408203125,0.356689453125,0.024200439453125,0.0,0.96630859375,0.465576171875
3853,1047,0.1604500710964203,8.577028274536133,-0.18249061703681946,0.0390625,0.01271820068359375,0.9990234375,0.0,0.95849609375,0.43017578125
3854,1042,0.22497013211250305,8.72644329071045,-0.1936316192150116,0.072021484375,0.032073974609375,0.9970703125,0.0,0.95849609375,0.465576171875
3855,1044,0.31766507029533386,9.038138389587402,-0.19598470628261566,0.07684326171875,-0.06414794921875,0.9951171875,0.0,0.98876953125,0.53662109375
3856,1048,0.2958590090274811,8.874134063720703,-0.22312875092029572,0.95751953125,-0.28369140625,-0.055206298828125,0.0,0.9814453125,0.5009765625
3857,1043,0.3384861648082733,9.036023139953613,-0.21857990324497223,0.9765625,-0.209228515625,-0.0516357421875,0.0,0.9814453125,0.53662109375
3858,1043,0.3384861648082733,9.036023139953613,-0.21857990324497223,0.9765625,-0.209228515625,-0.0516357421875,0.0,0.9814453125,0.53662109375
3859,1048,0.2958590090274811,8.874134063720703,-0.22312875092029572,0.95751953125,-0.28369140625,-0.055206298828125,0.0,0.9814453125,0.5009765625
3860,1045,0.2740231156349182,8.879769325256348,-0.24412688612937927,-0.0164031982421875,-0.0027923583984375,-1.0,0.0,0.9736328125,0.5009765625
3861,1044,0.31766507029533386,9.038138389587402,-0.19598470628261566,0.07684326171875,-0.06414794921875,0.9951171875,0.0,0.98876953125,0.53662109375
3862,1049,0.275709331035614,8.880064964294434,-0.20058341324329376,0.0577392578125,-0.00958251953125,0.998046875,0.0,0.98876953125,0.5009765625
3863,1048,0.2958590090274811,8.874134063720703,-0.22312875092029572,0.95751953125,-0.28369140625,-0.055206298828125,0.0,0.9814453125,0.5009765625
3864,1045,0.2740231156349182,8.879769325256348,-0.24412688612937927,-0.0164031982421875,-0.0027923583984375,-1.0,0.0,0.9736328125,0.5009765625
3865,1050,0.22269292175769806,8.724136352539062,-0.23715940117835999,-0.023895263671875,-0.05029296875,-0.99853515625,0.0,0.9736328125,0.465576171875
3866,1046,0.20343613624572754,8.73302936553955,-0.21473853290081024,-0.93408203125,0.356689453125,0.024200439453125,0.0,0.96630859375,0.465576171875
3867,1048,0.2958590090274811,8.874134063720703,-0.22312875092029572,0.95751953125,-0.28369140625,-0.055206298828125,0.0,0.9814453125,0.5009765625
3868,1050,0.22269292175769806,8.724136352539062,-0.23715940117835999,-0.023895263671875,-0.05029296875,-0.99853515625,0.0,0.9736328125,0.465576171875
3869,1045,0.2740231156349182,8.879769325256348,-0.24412688612937927,-0.0164031982421875,-0.0027923583984375,-1.0,0.0,0.9736328125,0.5009765625
3870,1046,0.20343613624572754,8.73302936553955,-0.21473853290081024,-0.93408203125,0.356689453125,0.024200439453125,0.0,0.96630859375,0.465576171875
3871,1051,0.13975514471530914,8.585556983947754,-0.20374076068401337,-0.9130859375,0.405029296875,0.049468994140625,0.0,0.96630859375,0.43017578125
3872,1047,0.1604500710964203,8.577028274536133,-0.18249061703681946,0.0390625,0.01271820068359375,0.9990234375,0.0,0.95849609375,0.43017578125
3873,1050,0.22269292175769806,8.724136352539062,-0.23715940117835999,-0.023895263671875,-0.05029296875,-0.99853515625,0.0,0.9736328125,0.465576171875
3874,1051,0.13975514471530914,8.585556983947754,-0.20374076068401337,-0.9130859375,0.405029296875,0.049468994140625,0.0,0.96630859375,0.43017578125
3875,1046,0.20343613624572754,8.73302936553955,-0.21473853290081024,-0.93408203125,0.356689453125,0.024200439453125,0.0,0.96630859375,0.465576171875
3876,1051,0.13975514471530914,8.585556983947754,-0.20374076068401337,-0.9130859375,0.405029296875,0.049468994140625,0.0,0.96630859375,0.43017578125
3877,1052,0.09199920296669006,8.426220893859863,-0.18482491374015808,-0.0133514404296875,-0.065185546875,0.99755859375,0.0,0.95849609375,0.39501953125
3878,1047,0.1604500710964203,8.577028274536133,-0.18249061703681946,0.0390625,0.01271820068359375,0.9990234375,0.0,0.95849609375,0.43017578125
3879,1049,0.275709331035614,8.880064964294434,-0.20058341324329376,0.0577392578125,-0.00958251953125,0.998046875,0.0,0.98876953125,0.5009765625
3880,1053,0.24422690272331238,8.717551231384277,-0.21605248749256134,0.93359375,-0.3564453125,-0.03631591796875,0.0,0.9814453125,0.465576171875
3881,1048,0.2958590090274811,8.874134063720703,-0.22312875092029572,0.95751953125,-0.28369140625,-0.055206298828125,0.0,0.9814453125,0.5009765625
3882,1048,0.2958590090274811,8.874134063720703,-0.22312875092029572,0.95751953125,-0.28369140625,-0.055206298828125,0.0,0.9814453125,0.5009765625
3883,1053,0.24422690272331238,8.717551231384277,-0.21605248749256134,0.93359375,-0.3564453125,-0.03631591796875,0.0,0.9814453125,0.465576171875
3884,1050,0.22269292175769806,8.724136352539062,-0.23715940117835999,-0.023895263671875,-0.05029296875,-0.99853515625,0.0,0.9736328125,0.465576171875
3885,1049,0.275709331035614,8.880064964294434,-0.20058341324329376,0.0577392578125,-0.00958251953125,0.998046875,0.0,0.98876953125,0.5009765625
3886,1054,0.22497013211250305,8.72644329071045,-0.1936316192150116,0.072021484375,0.032073974609375,0.9970703125,0.0,0.98876953125,0.465576171875
3887,1053,0.24422690272331238,8.717551231384277,-0.21605248749256134,0.93359375,-0.3564453125,-0.03631591796875,0.0,0.9814453125,0.465576171875
3888,1050,0.22269292175769806,8.724136352539062,-0.23715940117835999,-0.023895263671875,-0.05029296875,-0.99853515625,0.0,0.9736328125,0.465576171875
3889,1055,0.158583402633667,8.575594902038574,-0.22607526183128357,-0.0293121337890625,-0.016265869140625,-0.99951171875,0.0,0.9736328125,0.43017578125
3890,1051,0.13975514471530914,8.585556983947754,-0.20374076068401337,-0.9130859375,0.405029296875,0.049468994140625,0.0,0.96630859375,0.43017578125
3891,1053,0.24422690272331238,8.717551231384277,-0.21605248749256134,0.93359375,-0.3564453125,-0.03631591796875,0.0,0.9814453125,0.465576171875
3892,1055,0.158583402633667,8.575594902038574,-0.22607526183128357,-0.0293121337890625,-0.016265869140625,-0.99951171875,0.0,0.9736328125,0.43017578125
3893,1050,0.22269292175769806,8.724136352539062,-0.23715940117835999,-0.023895263671875,-0.05029296875,-0.99853515625,0.0,0.9736328125,0.465576171875
3894,1051,0.13975514471530914,8.585556983947754,-0.20374076068401337,-0.9130859375,0.405029296875,0.049468994140625,0.0,0.96630859375,0.43017578125
3895,1056,0.07213147729635239,8.43657112121582,-0.2060554474592209,-0.91748046875,0.393798828125,0.053192138671875,0.0,0.96630859375,0.39501953125
3896,1052,0.09199920296669006,8.426220893859863,-0.18482491374015808,-0.0133514404296875,-0.065185546875,0.99755859375,0.0,0.95849609375,0.39501953125
3897,1055,0.158583402633667,8.575594902038574,-0.22607526183128357,-0.0293121337890625,-0.016265869140625,-0.99951171875,0.0,0.9736328125,0.43017578125
3898,1056,0.07213147729635239,8.43657112121582,-0.2060554474592209,-0.91748046875,0.393798828125,0.053192138671875,0.0,0.96630859375,0.39501953125
3899,1051,0.13975514471530914,8.585556983947754,-0.20374076068401337,-0.9130859375,0.405029296875,0.049468994140625,0.0,0.96630859375,0.43017578125
3900,1056,0.07213147729635239,8.43657112121582,-0.2060554474592209,-0.91748046875,0.393798828125,0.053192138671875,0.0,0.96630859375,0.39501953125
3901,1057,0.029718508943915367,8.27493667602539,-0.20385423302650452,-0.034210205078125,-0.1363525390625,0.990234375,0.0,0.95849609375,0.359619140625
3902,1052,0.09199920296669006,8.426220893859863,-0.18482491374015808,-0.0133514404296875,-0.065185546875,0.99755859375,0.0,0.95849609375,0.39501953125
3903,1054,0.22497013211250305,8.72644329071045,-0.1936316192150116,0.072021484375,0.032073974609375,0.9970703125,0.0,0.98876953125,0.465576171875
3904,1058,0.17927832901477814,8.567066192626953,-0.20482510328292847,0.9140625,-0.405517578125,-0.0024204254150390625,0.0,0.9814453125,0.43017578125
3905,1053,0.24422690272331238,8.717551231384277,-0.21605248749256134,0.93359375,-0.3564453125,-0.03631591796875,0.0,0.9814453125,0.465576171875
3906,1053,0.24422690272331238,8.717551231384277,-0.21605248749256134,0.93359375,-0.3564453125,-0.03631591796875,0.0,0.9814453125,0.465576171875
3907,1058,0.17927832901477814,8.567066192626953,-0.20482510328292847,0.9140625,-0.405517578125,-0.0024204254150390625,0.0,0.9814453125,0.43017578125
3908,1055,0.158583402633667,8.575594902038574,-0.22607526183128357,-0.0293121337890625,-0.016265869140625,-0.99951171875,0.0,0.9736328125,0.43017578125
3909,1054,0.22497013211250305,8.72644329071045,-0.1936316192150116,0.072021484375,0.032073974609375,0.9970703125,0.0,0.98876953125,0.465576171875
3910,1059,0.1604500710964203,8.577028274536133,-0.18249061703681946,0.0390625,0.01271820068359375,0.9990234375,0.0,0.98876953125,0.43017578125
3911,1058,0.17927832901477814,8.567066192626953,-0.20482510328292847,0.9140625,-0.405517578125,-0.0024204254150390625,0.0,0.9814453125,0.43017578125
3912,1055,0.158583402633667,8.575594902038574,-0.22607526183128357,-0.0293121337890625,-0.016265869140625,-0.99951171875,0.0,0.9736328125,0.43017578125
3913,1060,0.09234565496444702,8.429672241210938,-0.22833530604839325,-0.00600433349609375,0.07318115234375,-0.9970703125,0.0,0.9736328125,0.39501953125
3914,1056,0.07213147729635239,8.43657112121582,-0.2060554474592209,-0.91748046875,0.393798828125,0.053192138671875,0.0,0.96630859375,0.39501953125
3915,1058,0.17927832901477814,8.567066192626953,-0.20482510328292847,0.9140625,-0.405517578125,-0.0024204254150390625,0.0,0.9814453125,0.43017578125
3916,1060,0.09234565496444702,8.429672241210938,-0.22833530604839325,-0.00600433349609375,0.07318115234375,-0.9970703125,0.0,0.9736328125,0.39501953125
3917,1055,0.158583402633667,8.575594902038574,-0.22607526183128357,-0.0293121337890625,-0.016265869140625,-0.99951171875,0.0,0.9736328125,0.43017578125
3918,1056,0.07213147729635239,8.43657112121582,-0.2060554474592209,-0.91748046875,0.393798828125,0.053192138671875,0.0,0.96630859375,0.39501953125
3919,1061,0.010200480930507183,8.2861328125,-0.2249796986579895,-0.9267578125,0.3740234375,0.0364990234375,0.0,0.96630859375,0.359619140625
3920,1057,0.029718508943915367,8.27493667602539,-0.20385423302650452,-0.034210205078125,-0.1363525390625,0.990234375,0.0,0.95849609375,0.359619140625
3921,1060,0.09234565496444702,8.429672241210938,-0.22833530604839325,-0.00600433349609375,0.07318115234375,-0.9970703125,0.0,0.9736328125,0.39501953125
3922,1061,0.010200480930507183,8.2861328125,-0.2249796986579895,-0.9267578125,0.3740234375,0.0364990234375,0.0,0.96630859375,0.359619140625
3923,1056,0.07213147729635239,8.43657112121582,-0.2060554474592209,-0.91748046875,0.393798828125,0.053192138671875,0.0,0.96630859375,0.39501953125
3924,1061,0.010200480930507183,8.2861328125,-0.2249796986579895,-0.9267578125,0.3740234375,0.0364990234375,0.0,0.96630859375,0.359619140625
3925,1062,-0.03139937296509743,8.124887466430664,-0.23055924475193024,-0.062469482421875,-0.1876220703125,0.98046875,0.0,0.95849609375,0.32421875
3926,1057,0.029718508943915367,8.27493667602539,-0.20385423302650452,-0.034210205078125,-0.1363525390625,0.990234375,0.0,0.95849609375,0.359619140625
3927,1059,0.1604500710964203,8.577028274536133,-0.18249061703681946,0.0390625,0.01271820068359375,0.9990234375,0.0,0.98876953125,0.43017578125
3928,1063,0.1122133806347847,8.41932201385498,-0.20710477232933044,0.91796875,-0.39697265625,0.004901885986328125,0.0,0.9814453125,0.39501953125
3929,1058,0.17927832901477814,8.567066192626953,-0.20482510328292847,0.9140625,-0.405517578125,-0.0024204254150390625,0.0,0.9814453125,0.43017578125
3930,1058,0.17927832901477814,8.567066192626953,-0.20482510328292847,0.9140625,-0.405517578125,-0.0024204254150390625,0.0,0.9814453125,0.43017578125
3931,1063,0.1122133806347847,8.41932201385498,-0.20710477232933044,0.91796875,-0.39697265625,0.004901885986328125,0.0,0.9814453125,0.39501953125
3932,1060,0.09234565496444702,8.429672241210938,-0.22833530604839325,-0.00600433349609375,0.07318115234375,-0.9970703125,0.0,0.9736328125,0.39501953125
3933,1059,0.1604500710964203,8.577028274536133,-0.18249061703681946,0.0390625,0.01271820068359375,0.9990234375,0.0,0.98876953125,0.43017578125
3934,1064,0.09199920296669006,8.426220893859863,-0.18482491374015808,-0.0133514404296875,-0.065185546875,0.99755859375,0.0,0.98876953125,0.39501953125
3935,1063,0.1122133806347847,8.41932201385498,-0.20710477232933044,0.91796875,-0.39697265625,0.004901885986328125,0.0,0.9814453125,0.39501953125
3936,1060,0.09234565496444702,8.429672241210938,-0.22833530604839325,-0.00600433349609375,0.07318115234375,-0.9970703125,0.0,0.9736328125,0.39501953125
3937,1065,0.031211478635668755,8.281150817871094,-0.247032031416893,0.0302581787109375,0.137939453125,-0.98974609375,0.0,0.9736328125,0.359619140625
3938,1061,0.010200480930507183,8.2861328125,-0.2249796986579895,-0.9267578125,0.3740234375,0.0364990234375,0.0,0.96630859375,0.359619140625
3939,1063,0.1122133806347847,8.41932201385498,-0.20710477232933044,0.91796875,-0.39697265625,0.004901885986328125,0.0,0.9814453125,0.39501953125
3940,1065,0.031211478635668755,8.281150817871094,-0.247032031416893,0.0302581787109375,0.137939453125,-0.98974609375,0.0,0.9736328125,0.359619140625
3941,1060,0.09234565496444702,8.429672241210938,-0.22833530604839325,-0.00600433349609375,0.07318115234375,-0.9970703125,0.0,0.9736328125,0.39501953125
3942,1061,0.010200480930507183,8.2861328125,-0.2249796986579895,-0.9267578125,0.3740234375,0.0364990234375,0.0,0.96630859375,0.359619140625
3943,1066,-0.050596024841070175,8.13687515258789,-0.25154396891593933,-0.9345703125,0.354248046875,0.038604736328125,0.0,0.96630859375,0.32421875
3944,1062,-0.03139937296509743,8.124887466430664,-0.23055924475193024,-0.062469482421875,-0.1876220703125,0.98046875,0.0,0.95849609375,0.32421875
3945,1065,0.031211478635668755,8.281150817871094,-0.247032031416893,0.0302581787109375,0.137939453125,-0.98974609375,0.0,0.9736328125,0.359619140625
3946,1066,-0.050596024841070175,8.13687515258789,-0.25154396891593933,-0.9345703125,0.354248046875,0.038604736328125,0.0,0.96630859375,0.32421875
3947,1061,0.010200480930507183,8.2861328125,-0.2249796986579895,-0.9267578125,0.3740234375,0.0364990234375,0.0,0.96630859375,0.359619140625
3948,1066,-0.050596024841070175,8.13687515258789,-0.25154396891593933,-0.9345703125,0.354248046875,0.038604736328125,0.0,0.96630859375,0.32421875
3949,1067,-0.08661258220672607,7.975165843963623,-0.2686987519264221,-0.083740234375,-0.264404296875,0.9609375,0.0,0.95849609375,0.2890625
3950,1062,-0.03139937296509743,8.124887466430664,-0.23055924475193024,-0.062469482421875,-0.1876220703125,0.98046875,0.0,0.95849609375,0.32421875
3951,1064,0.09199920296669006,8.426220893859863,-0.18482491374015808,-0.0133514404296875,-0.065185546875,0.99755859375,0.0,0.98876953125,0.39501953125
3952,1068,0.050729501992464066,8.2699556350708,-0.22590655088424683,0.92578125,-0.3779296875,-0.00783538818359375,0.0,0.9814453125,0.359619140625
3953,1063,0.1122133806347847,8.41932201385498,-0.20710477232933044,0.91796875,-0.39697265625,0.004901885986328125,0.0,0.9814453125,0.39501953125
3954,1063,0.1122133806347847,8.41932201385498,-0.20710477232933044,0.91796875,-0.39697265625,0.004901885986328125,0.0,0.9814453125,0.39501953125
3955,1068,0.050729501992464066,8.2699556350708,-0.22590655088424683,0.92578125,-0.3779296875,-0.00783538818359375,0.0,0.9814453125,0.359619140625
3956,1065,0.031211478635668755,8.281150817871094,-0.247032031416893,0.0302581787109375,0.137939453125,-0.98974609375,0.0,0.9736328125,0.359619140625
3957,1064,0.09199920296669006,8.426220893859863,-0.18482491374015808,-0.0133514404296875,-0.065185546875,0.99755859375,0.0,0.98876953125,0.39501953125
3958,1069,0.029718508943915367,8.27493667602539,-0.20385423302650452,-0.034210205078125,-0.1363525390625,0.990234375,0.0,0.98876953125,0.359619140625
3959,1068,0.050729501992464066,8.2699556350708,-0.22590655088424683,0.92578125,-0.3779296875,-0.00783538818359375,0.0,0.9814453125,0.359619140625
3960,1065,0.031211478635668755,8.281150817871094,-0.247032031416893,0.0302581787109375,0.137939453125,-0.98974609375,0.0,0.9736328125,0.359619140625
3961,1070,-0.02918258123099804,8.132887840270996,-0.273410439491272,0.045166015625,0.1943359375,-0.97998046875,0.0,0.9736328125,0.32421875
3962,1066,-0.050596024841070175,8.13687515258789,-0.25154396891593933,-0.9345703125,0.354248046875,0.038604736328125,0.0,0.96630859375,0.32421875
3963,1068,0.050729501992464066,8.2699556350708,-0.22590655088424683,0.92578125,-0.3779296875,-0.00783538818359375,0.0,0.9814453125,0.359619140625
3964,1070,-0.02918258123099804,8.132887840270996,-0.273410439491272,0.045166015625,0.1943359375,-0.97998046875,0.0,0.9736328125,0.32421875
3965,1065,0.031211478635668755,8.281150817871094,-0.247032031416893,0.0302581787109375,0.137939453125,-0.98974609375,0.0,0.9736328125,0.359619140625
3966,1066,-0.050596024841070175,8.13687515258789,-0.25154396891593933,-0.9345703125,0.354248046875,0.038604736328125,0.0,0.96630859375,0.32421875
3967,1071,-0.1054677665233612,7.988090515136719,-0.2894359230995178,-0.94287109375,0.331298828125,0.040008544921875,0.0,0.96630859375,0.2890625
3968,1067,-0.08661258220672607,7.975165843963623,-0.2686987519264221,-0.083740234375,-0.264404296875,0.9609375,0.0,0.95849609375,0.2890625
3969,1070,-0.02918258123099804,8.132887840270996,-0.273410439491272,0.045166015625,0.1943359375,-0.97998046875,0.0,0.9736328125,0.32421875
3970,1071,-0.1054677665233612,7.988090515136719,-0.2894359230995178,-0.94287109375,0.331298828125,0.040008544921875,0.0,0.96630859375,0.2890625
3971,1066,-0.050596024841070175,8.13687515258789,-0.25154396891593933,-0.9345703125,0.354248046875,0.038604736328125,0.0,0.96630859375,0.32421875
3972,1071,-0.1054677665233612,7.988090515136719,-0.2894359230995178,-0.94287109375,0.331298828125,0.040008544921875,0.0,0.96630859375,0.2890625
3973,1072,-0.1390935629606247,7.829370498657227,-0.32130512595176697,-0.1021728515625,-0.34228515625,0.93408203125,0.0,0.95849609375,0.25390625
3974,1067,-0.08661258220672607,7.975165843963623,-0.2686987519264221,-0.083740234375,-0.264404296875,0.9609375,0.0,0.95849609375,0.2890625
3975,1069,0.029718508943915367,8.27493667602539,-0.20385423302650452,-0.034210205078125,-0.1363525390625,0.990234375,0.0,0.98876953125,0.359619140625
3976,1073,-0.009985928423702717,8.12090015411377,-0.2524257302284241,0.93212890625,-0.3623046875,0.0012845993041992188,0.0,0.9814453125,0.32421875
3977,1068,0.050729501992464066,8.2699556350708,-0.22590655088424683,0.92578125,-0.3779296875,-0.00783538818359375,0.0,0.9814453125,0.359619140625
3978,1068,0.050729501992464066,8.2699556350708,-0.22590655088424683,0.92578125,-0.3779296875,-0.00783538818359375,0.0,0.9814453125,0.359619140625
3979,1073,-0.009985928423702717,8.12090015411377,-0.2524257302284241,0.93212890625,-0.3623046875,0.0012845993041992188,0.0,0.9814453125,0.32421875
3980,1070,-0.02918258123099804,8.132887840270996,-0.273410439491272,0.045166015625,0.1943359375,-0.97998046875,0.0,0.9736328125,0.32421875
3981,1069,0.029718508943915367,8.27493667602539,-0.20385423302650452,-0.034210205078125,-0.1363525390625,0.990234375,0.0,0.98876953125,0.359619140625
3982,1074,-0.03139937296509743,8.124887466430664,-0.23055924475193024,-0.062469482421875,-0.1876220703125,0.98046875,0.0,0.98876953125,0.32421875
3983,1073,-0.009985928423702717,8.12090015411377,-0.2524257302284241,0.93212890625,-0.3623046875,0.0012845993041992188,0.0,0.9814453125,0.32421875
3984,1070,-0.02918258123099804,8.132887840270996,-0.273410439491272,0.045166015625,0.1943359375,-0.97998046875,0.0,0.9736328125,0.32421875
3985,1075,-0.08308066427707672,7.986730575561523,-0.3106386363506317,0.07861328125,0.266357421875,-0.96044921875,0.0,0.9736328125,0.2890625
3986,1071,-0.1054677665233612,7.988090515136719,-0.2894359230995178,-0.94287109375,0.331298828125,0.040008544921875,0.0,0.96630859375,0.2890625
3987,1073,-0.009985928423702717,8.12090015411377,-0.2524257302284241,0.93212890625,-0.3623046875,0.0012845993041992188,0.0,0.9814453125,0.32421875
3988,1075,-0.08308066427707672,7.986730575561523,-0.3106386363506317,0.07861328125,0.266357421875,-0.96044921875,0.0,0.9736328125,0.2890625
3989,1070,-0.02918258123099804,8.132887840270996,-0.273410439491272,0.045166015625,0.1943359375,-0.97998046875,0.0,0.9736328125,0.32421875
3990,1071,-0.1054677665233612,7.988090515136719,-0.2894359230995178,-0.94287109375,0.331298828125,0.040008544921875,0.0,0.96630859375,0.2890625
3991,1076,-0.15717001259326935,7.844456195831299,-0.3412618041038513,-0.94091796875,0.3359375,0.03668212890625,0.0,0.96630859375,0.25390625
3992,1072,-0.1390935629606247,7.829370498657227,-0.32130512595176697,-0.1021728515625,-0.34228515625,0.93408203125,0.0,0.95849609375,0.25390625
3993,1075,-0.08308066427707672,7.986730575561523,-0.3106386363506317,0.07861328125,0.266357421875,-0.96044921875,0.0,0.9736328125,0.2890625
3994,1076,-0.15717001259326935,7.844456195831299,-0.3412618041038513,-0.94091796875,0.3359375,0.03668212890625,0.0,0.96630859375,0.25390625
3995,1071,-0.1054677665233612,7.988090515136719,-0.2894359230995178,-0.94287109375,0.331298828125,0.040008544921875,0.0,0.96630859375,0.2890625
3996,1076,-0.15717001259326935,7.844456195831299,-0.3412618041038513,-0.94091796875,0.3359375,0.03668212890625,0.0,0.96630859375,0.25390625
3997,1077,-0.1930346041917801,7.689598083496094,-0.38493481278419495,-0.10003662109375,-0.38525390625,0.91748046875,0.0,0.95849609375,0.2188720703125
3998,1072,-0.1390935629606247,7.829370498657227,-0.32130512595176697,-0.1021728515625,-0.34228515625,0.93408203125,0.0,0.95849609375,0.25390625
3999,1074,-0.03139937296509743,8.124887466430664,-0.23055924475193024,-0.062469482421875,-0.1876220703125,0.98046875,0.0,0.98876953125,0.32421875
4000,1078,-0.06422548741102219,7.973806381225586,-0.2899014353752136,0.9384765625,-0.345458984375,0.01169586181640625,0.0,0.9814453125,0.2890625
4001,1073,-0.009985928423702717,8.12090015411377,-0.2524257302284241,0.93212890625,-0.3623046875,0.0012845993041992188,0.0,0.9814453125,0.32421875
4002,1073,-0.009985928423702717,8.12090015411377,-0.2524257302284241,0.93212890625,-0.3623046875,0.0012845993041992188,0.0,0.9814453125,0.32421875
4003,1078,-0.06422548741102219,7.973806381225586,-0.2899014353752136,0.9384765625,-0.345458984375,0.01169586181640625,0.0,0.9814453125,0.2890625
4004,1075,-0.08308066427707672,7.986730575561523,-0.3106386363506317,0.07861328125,0.266357421875,-0.96044921875,0.0,0.9736328125,0.2890625
4005,1074,-0.03139937296509743,8.124887466430664,-0.23055924475193024,-0.062469482421875,-0.1876220703125,0.98046875,0.0,0.98876953125,0.32421875
4006,1079,-0.08661258220672607,7.975165843963623,-0.2686987519264221,-0.083740234375,-0.264404296875,0.9609375,0.0,0.98876953125,0.2890625
4007,1078,-0.06422548741102219,7.973806381225586,-0.2899014353752136,0.9384765625,-0.345458984375,0.01169586181640625,0.0,0.9814453125,0.2890625
4008,1075,-0.08308066427707672,7.986730575561523,-0.3106386363506317,0.07861328125,0.266357421875,-0.96044921875,0.0,0.9736328125,0.2890625
4009,1080,-0.1342841535806656,7.844483852386475,-0.3619701564311981,0.11346435546875,0.338134765625,-0.93408203125,0.0,0.9736328125,0.25390625
4010,1076,-0.15717001259326935,7.844456195831299,-0.3412618041038513,-0.94091796875,0.3359375,0.03668212890625,0.0,0.96630859375,0.25390625
4011,1078,-0.06422548741102219,7.973806381225586,-0.2899014353752136,0.9384765625,-0.345458984375,0.01169586181640625,0.0,0.9814453125,0.2890625
4012,1080,-0.1342841535806656,7.844483852386475,-0.3619701564311981,0.11346435546875,0.338134765625,-0.93408203125,0.0,0.9736328125,0.25390625
4013,1075,-0.08308066427707672,7.986730575561523,-0.3106386363506317,0.07861328125,0.266357421875,-0.96044921875,0.0,0.9736328125,0.2890625
4014,1076,-0.15717001259326935,7.844456195831299,-0.3412618041038513,-0.94091796875,0.3359375,0.03668212890625,0.0,0.96630859375,0.25390625
4015,1081,-0.21056708693504333,7.706089496612549,-0.4042539596557617,-0.92138671875,0.386474609375,0.03887939453125,0.0,0.96630859375,0.2188720703125
4016,1077,-0.1930346041917801,7.689598083496094,-0.38493481278419495,-0.10003662109375,-0.38525390625,0.91748046875,0.0,0.95849609375,0.2188720703125
4017,1080,-0.1342841535806656,7.844483852386475,-0.3619701564311981,0.11346435546875,0.338134765625,-0.93408203125,0.0,0.9736328125,0.25390625
4018,1081,-0.21056708693504333,7.706089496612549,-0.4042539596557617,-0.92138671875,0.386474609375,0.03887939453125,0.0,0.96630859375,0.2188720703125
4019,1076,-0.15717001259326935,7.844456195831299,-0.3412618041038513,-0.94091796875,0.3359375,0.03668212890625,0.0,0.96630859375,0.25390625
4020,1081,-0.21056708693504333,7.706089496612549,-0.4042539596557617,-0.92138671875,0.386474609375,0.03887939453125,0.0,0.96630859375,0.2188720703125
4021,1082,-0.25845637917518616,7.557034015655518,-0.448463499546051,-0.0777587890625,-0.3974609375,0.91455078125,0.0,0.95849609375,0.183837890625
4022,1077,-0.1930346041917801,7.689598083496094,-0.38493481278419495,-0.10003662109375,-0.38525390625,0.91748046875,0.0,0.95849609375,0.2188720703125
4023,1079,-0.08661258220672607,7.975165843963623,-0.2686987519264221,-0.083740234375,-0.264404296875,0.9609375,0.0,0.98876953125,0.2890625
4024,1083,-0.11620771139860153,7.8293986320495605,-0.34201347827911377,0.9365234375,-0.350341796875,0.0037326812744140625,0.0,0.9814453125,0.25390625
4025,1078,-0.06422548741102219,7.973806381225586,-0.2899014353752136,0.9384765625,-0.345458984375,0.01169586181640625,0.0,0.9814453125,0.2890625
4026,1078,-0.06422548741102219,7.973806381225586,-0.2899014353752136,0.9384765625,-0.345458984375,0.01169586181640625,0.0,0.9814453125,0.2890625
4027,1083,-0.11620771139860153,7.8293986320495605,-0.34201347827911377,0.9365234375,-0.350341796875,0.0037326812744140625,0.0,0.9814453125,0.25390625
4028,1080,-0.1342841535806656,7.844483852386475,-0.3619701564311981,0.11346435546875,0.338134765625,-0.93408203125,0.0,0.9736328125,0.25390625
4029,1079,-0.08661258220672607,7.975165843963623,-0.2686987519264221,-0.083740234375,-0.264404296875,0.9609375,0.0,0.98876953125,0.2890625
4030,1084,-0.1390935629606247,7.829370498657227,-0.32130512595176697,-0.1021728515625,-0.34228515625,0.93408203125,0.0,0.98876953125,0.25390625
4031,1083,-0.11620771139860153,7.8293986320495605,-0.34201347827911377,0.9365234375,-0.350341796875,0.0037326812744140625,0.0,0.9814453125,0.25390625
4032,1080,-0.1342841535806656,7.844483852386475,-0.3619701564311981,0.11346435546875,0.338134765625,-0.93408203125,0.0,0.9736328125,0.25390625
4033,1085,-0.18750807642936707,7.706578254699707,-0.424763023853302,0.144287109375,0.365966796875,-0.91943359375,0.0,0.9736328125,0.2188720703125
4034,1081,-0.21056708693504333,7.706089496612549,-0.4042539596557617,-0.92138671875,0.386474609375,0.03887939453125,0.0,0.96630859375,0.2188720703125
4035,1083,-0.11620771139860153,7.8293986320495605,-0.34201347827911377,0.9365234375,-0.350341796875,0.0037326812744140625,0.0,0.9814453125,0.25390625
4036,1085,-0.18750807642936707,7.706578254699707,-0.424763023853302,0.144287109375,0.365966796875,-0.91943359375,0.0,0.9736328125,0.2188720703125
4037,1080,-0.1342841535806656,7.844483852386475,-0.3619701564311981,0.11346435546875,0.338134765625,-0.93408203125,0.0,0.9736328125,0.25390625
4038,1081,-0.21056708693504333,7.706089496612549,-0.4042539596557617,-0.92138671875,0.386474609375,0.03887939453125,0.0,0.96630859375,0.2188720703125
4039,1086,-0.2749335467815399,7.575699329376221,-0.46695059537887573,-0.86328125,0.498046875,0.0814208984375,0.0,0.96630859375,0.183837890625
4040,1082,-0.25845637917518616,7.557034015655518,-0.448463499546051,-0.0777587890625,-0.3974609375,0.91455078125,0.0,0.95849609375,0.183837890625
4041,1085,-0.18750807642936707,7.706578254699707,-0.424763023853302,0.144287109375,0.365966796875,-0.91943359375,0.0,0.9736328125,0.2188720703125
4042,1086,-0.2749335467815399,7.575699329376221,-0.46695059537887573,-0.86328125,0.498046875,0.0814208984375,0.0,0.96630859375,0.183837890625
4043,1081,-0.21056708693504333,7.706089496612549,-0.4042539596557617,-0.92138671875,0.386474609375,0.03887939453125,0.0,0.96630859375,0.2188720703125
4044,1086,-0.2749335467815399,7.575699329376221,-0.46695059537887573,-0.86328125,0.498046875,0.0814208984375,0.0,0.96630859375,0.183837890625
4045,1087,-0.3497454822063446,7.437676429748535,-0.5075891613960266,-0.06793212890625,-0.4013671875,0.91357421875,0.0,0.95849609375,0.1488037109375
4046,1082,-0.25845637917518616,7.557034015655518,-0.448463499546051,-0.0777587890625,-0.3974609375,0.91455078125,0.0,0.95849609375,0.183837890625
4047,1084,-0.1390935629606247,7.829370498657227,-0.32130512595176697,-0.1021728515625,-0.34228515625,0.93408203125,0.0,0.98876953125,0.25390625
4048,1088,-0.16997560858726501,7.69008731842041,-0.40544387698173523,0.92138671875,-0.387451171875,-0.03350830078125,0.0,0.9814453125,0.2188720703125
4049,1083,-0.11620771139860153,7.8293986320495605,-0.34201347827911377,0.9365234375,-0.350341796875,0.0037326812744140625,0.0,0.9814453125,0.25390625
4050,1083,-0.11620771139860153,7.8293986320495605,-0.34201347827911377,0.9365234375,-0.350341796875,0.0037326812744140625,0.0,0.9814453125,0.25390625
4051,1088,-0.16997560858726501,7.69008731842041,-0.40544387698173523,0.92138671875,-0.387451171875,-0.03350830078125,0.0,0.9814453125,0.2188720703125
4052,1085,-0.18750807642936707,7.706578254699707,-0.424763023853302,0.144287109375,0.365966796875,-0.91943359375,0.0,0.9736328125,0.2188720703125
4053,1084,-0.1390935629606247,7.829370498657227,-0.32130512595176697,-0.1021728515625,-0.34228515625,0.93408203125,0.0,0.98876953125,0.25390625
4054,1089,-0.1930346041917801,7.689598083496094,-0.38493481278419495,-0.10003662109375,-0.38525390625,0.91748046875,0.0,0.98876953125,0.2188720703125
4055,1088,-0.16997560858726501,7.69008731842041,-0.40544387698173523,0.92138671875,-0.387451171875,-0.03350830078125,0.0,0.9814453125,0.2188720703125
4056,1085,-0.18750807642936707,7.706578254699707,-0.424763023853302,0.144287109375,0.365966796875,-0.91943359375,0.0,0.9736328125,0.2188720703125
4057,1090,-0.25321125984191895,7.573105812072754,-0.48892924189567566,0.1680908203125,0.345458984375,-0.92333984375,0.0,0.9736328125,0.183837890625
4058,1086,-0.2749335467815399,7.575699329376221,-0.46695059537887573,-0.86328125,0.498046875,0.0814208984375,0.0,0.96630859375,0.183837890625
4059,1088,-0.16997560858726501,7.69008731842041,-0.40544387698173523,0.92138671875,-0.387451171875,-0.03350830078125,0.0,0.9814453125,0.2188720703125
4060,1090,-0.25321125984191895,7.573105812072754,-0.48892924189567566,0.1680908203125,0.345458984375,-0.92333984375,0.0,0.9736328125,0.183837890625
4061,1085,-0.18750807642936707,7.706578254699707,-0.424763023853302,0.144287109375,0.365966796875,-0.91943359375,0.0,0.9736328125,0.2188720703125
4062,1086,-0.2749335467815399,7.575699329376221,-0.46695059537887573,-0.86328125,0.498046875,0.0814208984375,0.0,0.96630859375,0.183837890625
4063,1091,-0.3636890649795532,7.459723949432373,-0.5246155261993408,-0.74462890625,0.64990234375,0.1519775390625,0.0,0.96630859375,0.1488037109375
4064,1087,-0.3497454822063446,7.437676429748535,-0.5075891613960266,-0.06793212890625,-0.4013671875,0.91357421875,0.0,0.95849609375,0.1488037109375
4065,1090,-0.25321125984191895,7.573105812072754,-0.48892924189567566,0.1680908203125,0.345458984375,-0.92333984375,0.0,0.9736328125,0.183837890625
4066,1091,-0.3636890649795532,7.459723949432373,-0.5246155261993408,-0.74462890625,0.64990234375,0.1519775390625,0.0,0.96630859375,0.1488037109375
4067,1086,-0.2749335467815399,7.575699329376221,-0.46695059537887573,-0.86328125,0.498046875,0.0814208984375,0.0,0.96630859375,0.183837890625
4068,1091,-0.3636890649795532,7.459723949432373,-0.5246155261993408,-0.74462890625,0.64990234375,0.1519775390625,0.0,0.96630859375,0.1488037109375
4069,1092,-0.4679420292377472,7.341858386993408,-0.5582258105278015,-0.047271728515625,-0.4013671875,0.91455078125,0.0,0.95849609375,0.11383056640625
4070,1087,-0.3497454822063446,7.437676429748535,-0.5075891613960266,-0.06793212890625,-0.4013671875,0.91357421875,0.0,0.95849609375,0.1488037109375
4071,1089,-0.1930346041917801,7.689598083496094,-0.38493481278419495,-0.10003662109375,-0.38525390625,0.91748046875,0.0,0.98876953125,0.2188720703125
4072,1093,-0.23673409223556519,7.554441452026367,-0.47044214606285095,0.865234375,-0.493408203125,-0.087890625,0.0,0.9814453125,0.183837890625
4073,1088,-0.16997560858726501,7.69008731842041,-0.40544387698173523,0.92138671875,-0.387451171875,-0.03350830078125,0.0,0.9814453125,0.2188720703125
4074,1088,-0.16997560858726501,7.69008731842041,-0.40544387698173523,0.92138671875,-0.387451171875,-0.03350830078125,0.0,0.9814453125,0.2188720703125
4075,1093,-0.23673409223556519,7.554441452026367,-0.47044214606285095,0.865234375,-0.493408203125,-0.087890625,0.0,0.9814453125,0.183837890625
4076,1090,-0.25321125984191895,7.573105812072754,-0.48892924189567566,0.1680908203125,0.345458984375,-0.92333984375,0.0,0.9736328125,0.183837890625
4077,1089,-0.1930346041917801,7.689598083496094,-0.38493481278419495,-0.10003662109375,-0.38525390625,0.91748046875,0.0,0.98876953125,0.2188720703125
4078,1094,-0.25845637917518616,7.557034015655518,-0.448463499546051,-0.0777587890625,-0.3974609375,0.91455078125,0.0,0.98876953125,0.183837890625
4079,1093,-0.23673409223556519,7.554441452026367,-0.47044214606285095,0.865234375,-0.493408203125,-0.087890625,0.0,0.9814453125,0.183837890625
4080,1090,-0.25321125984191895,7.573105812072754,-0.48892924189567566,0.1680908203125,0.345458984375,-0.92333984375,0.0,0.9736328125,0.183837890625
4081,1095,-0.3441616892814636,7.45388126373291,-0.5481734871864319,0.1669921875,0.3134765625,-0.9345703125,0.0,0.9736328125,0.1488037109375
4082,1091,-0.3636890649795532,7.459723949432373,-0.5246155261993408,-0.74462890625,0.64990234375,0.1519775390625,0.0,0.96630859375,0.1488037109375
4083,1093,-0.23673409223556519,7.554441452026367,-0.47044214606285095,0.865234375,-0.493408203125,-0.087890625,0.0,0.9814453125,0.183837890625
4084,1095,-0.3441616892814636,7.45388126373291,-0.5481734871864319,0.1669921875,0.3134765625,-0.9345703125,0.0,0.9736328125,0.1488037109375
4085,1090,-0.25321125984191895,7.573105812072754,-0.48892924189567566,0.1680908203125,0.345458984375,-0.92333984375,0.0,0.9736328125,0.183837890625
4086,1091,-0.3636890649795532,7.459723949432373,-0.5246155261993408,-0.74462890625,0.64990234375,0.1519775390625,0.0,0.96630859375,0.1488037109375
4087,1096,-0.47842276096343994,7.366770267486572,-0.5738796591758728,-0.59765625,0.7763671875,0.2001953125,0.0,0.96630859375,0.11383056640625
4088,1092,-0.4679420292377472,7.341858386993408,-0.5582258105278015,-0.047271728515625,-0.4013671875,0.91455078125,0.0,0.95849609375,0.11383056640625
4089,1095,-0.3441616892814636,7.45388126373291,-0.5481734871864319,0.1669921875,0.3134765625,-0.9345703125,0.0,0.9736328125,0.1488037109375
4090,1096,-0.47842276096343994,7.366770267486572,-0.5738796591758728,-0.59765625,0.7763671875,0.2001953125,0.0,0.96630859375,0.11383056640625
4091,1091,-0.3636890649795532,7.459723949432373,-0.5246155261993408,-0.74462890625,0.64990234375,0.1519775390625,0.0,0.96630859375,0.1488037109375
4092,1096,-0.47842276096343994,7.366770267486572,-0.5738796591758728,-0.59765625,0.7763671875,0.2001953125,0.0,0.96630859375,0.11383056640625
4093,1097,-0.5392013192176819,7.309001445770264,-0.5737367868423462,0.0018596649169921875,-0.4013671875,0.916015625,0.0,0.95849609375,0.09619140625
4094,1092,-0.4679420292377472,7.341858386993408,-0.5582258105278015,-0.047271728515625,-0.4013671875,0.91455078125,0.0,0.95849609375,0.11383056640625
4095,1094,-0.25845637917518616,7.557034015655518,-0.448463499546051,-0.0777587890625,-0.3974609375,0.91455078125,0.0,0.98876953125,0.183837890625
4096,1098,-0.3302180767059326,7.431833267211914,-0.5311471223831177,0.74755859375,-0.64404296875,-0.1610107421875,0.0,0.9814453125,0.1488037109375
4097,1093,-0.23673409223556519,7.554441452026367,-0.47044214606285095,0.865234375,-0.493408203125,-0.087890625,0.0,0.9814453125,0.183837890625
4098,1093,-0.23673409223556519,7.554441452026367,-0.47044214606285095,0.865234375,-0.493408203125,-0.087890625,0.0,0.9814453125,0.183837890625
4099,1098,-0.3302180767059326,7.431833267211914,-0.5311471223831177,0.74755859375,-0.64404296875,-0.1610107421875,0.0,0.9814453125,0.1488037109375
4100,1095,-0.3441616892814636,7.45388126373291,-0.5481734871864319,0.1669921875,0.3134765625,-0.9345703125,0.0,0.9736328125,0.1488037109375
4101,1094,-0.25845637917518616,7.557034015655518,-0.448463499546051,-0.0777587890625,-0.3974609375,0.91455078125,0.0,0.98876953125,0.183837890625
4102,1099,-0.3497454822063446,7.437676429748535,-0.5075891613960266,-0.06793212890625,-0.4013671875,0.91357421875,0.0,0.98876953125,0.1488037109375
4103,1098,-0.3302180767059326,7.431833267211914,-0.5311471223831177,0.74755859375,-0.64404296875,-0.1610107421875,0.0,0.9814453125,0.1488037109375
4104,1095,-0.3441616892814636,7.45388126373291,-0.5481734871864319,0.1669921875,0.3134765625,-0.9345703125,0.0,0.9736328125,0.1488037109375
4105,1100,-0.4640144109725952,7.356627464294434,-0.5996677875518799,0.1444091796875,0.27490234375,-0.95068359375,0.0,0.9736328125,0.11383056640625
4106,1096,-0.47842276096343994,7.366770267486572,-0.5738796591758728,-0.59765625,0.7763671875,0.2001953125,0.0,0.96630859375,0.11383056640625
4107,1098,-0.3302180767059326,7.431833267211914,-0.5311471223831177,0.74755859375,-0.64404296875,-0.1610107421875,0.0,0.9814453125,0.1488037109375
4108,1100,-0.4640144109725952,7.356627464294434,-0.5996677875518799,0.1444091796875,0.27490234375,-0.95068359375,0.0,0.9736328125,0.11383056640625
4109,1095,-0.3441616892814636,7.45388126373291,-0.5481734871864319,0.1669921875,0.3134765625,-0.9345703125,0.0,0.9736328125,0.1488037109375
4110,1096,-0.47842276096343994,7.366770267486572,-0.5738796591758728,-0.59765625,0.7763671875,0.2001953125,0.0,0.96630859375,0.11383056640625
4111,1101,-0.546168327331543,7.335543632507324,-0.5886030197143555,-0.309814453125,0.91455078125,0.260498046875,0.0,0.96630859375,0.09619140625
4112,1097,-0.5392013192176819,7.309001445770264,-0.5737367868423462,0.0018596649169921875,-0.4013671875,0.916015625,0.0,0.95849609375,0.09619140625
4113,1100,-0.4640144109725952,7.356627464294434,-0.5996677875518799,0.1444091796875,0.27490234375,-0.95068359375,0.0,0.9736328125,0.11383056640625
4114,1101,-0.546168327331543,7.335543632507324,-0.5886030197143555,-0.309814453125,0.91455078125,0.260498046875,0.0,0.96630859375,0.09619140625
4115,1096,-0.47842276096343994,7.366770267486572,-0.5738796591758728,-0.59765625,0.7763671875,0.2001953125,0.0,0.96630859375,0.11383056640625
4116,1101,-0.546168327331543,7.335543632507324,-0.5886030197143555,-0.309814453125,0.91455078125,0.260498046875,0.0,0.96630859375,0.09619140625
4117,1102,-0.6182240843772888,7.296164512634277,-0.5773566961288452,0.03460693359375,-0.398681640625,0.91650390625,0.0,0.95849609375,0.0784912109375
4118,1097,-0.5392013192176819,7.309001445770264,-0.5737367868423462,0.0018596649169921875,-0.4013671875,0.916015625,0.0,0.95849609375,0.09619140625
4119,1099,-0.3497454822063446,7.437676429748535,-0.5075891613960266,-0.06793212890625,-0.4013671875,0.91357421875,0.0,0.98876953125,0.1488037109375
4120,1103,-0.45353370904922485,7.3317155838012695,-0.5840138792991638,0.6005859375,-0.763671875,-0.2373046875,0.0,0.9814453125,0.11383056640625
4121,1098,-0.3302180767059326,7.431833267211914,-0.5311471223831177,0.74755859375,-0.64404296875,-0.1610107421875,0.0,0.9814453125,0.1488037109375
4122,1098,-0.3302180767059326,7.431833267211914,-0.5311471223831177,0.74755859375,-0.64404296875,-0.1610107421875,0.0,0.9814453125,0.1488037109375
4123,1103,-0.45353370904922485,7.3317155838012695,-0.5840138792991638,0.6005859375,-0.763671875,-0.2373046875,0.0,0.9814453125,0.11383056640625
4124,1100,-0.4640144109725952,7.356627464294434,-0.5996677875518799,0.1444091796875,0.27490234375,-0.95068359375,0.0,0.9736328125,0.11383056640625
4125,1099,-0.3497454822063446,7.437676429748535,-0.5075891613960266,-0.06793212890625,-0.4013671875,0.91357421875,0.0,0.98876953125,0.1488037109375
4126,1104,-0.4679420292377472,7.341858386993408,-0.5582258105278015,-0.047271728515625,-0.4013671875,0.91455078125,0.0,0.98876953125,0.11383056640625
4127,1103,-0.45353370904922485,7.3317155838012695,-0.5840138792991638,0.6005859375,-0.763671875,-0.2373046875,0.0,0.9814453125,0.11383056640625
4128,1100,-0.4640144109725952,7.356627464294434,-0.5996677875518799,0.1444091796875,0.27490234375,-0.95068359375,0.0,0.9736328125,0.11383056640625
4129,1105,-0.5374675989151001,7.322668075561523,-0.6156690716743469,0.057159423828125,0.2066650390625,-0.9765625,0.0,0.9736328125,0.09619140625
4130,1101,-0.546168327331543,7.335543632507324,-0.5886030197143555,-0.309814453125,0.91455078125,0.260498046875,0.0,0.96630859375,0.09619140625
4131,1103,-0.45353370904922485,7.3317155838012695,-0.5840138792991638,0.6005859375,-0.763671875,-0.2373046875,0.0,0.9814453125,0.11383056640625
4132,1105,-0.5374675989151001,7.322668075561523,-0.6156690716743469,0.057159423828125,0.2066650390625,-0.9765625,0.0,0.9736328125,0.09619140625
4133,1100,-0.4640144109725952,7.356627464294434,-0.5996677875518799,0.1444091796875,0.27490234375,-0.95068359375,0.0,0.9736328125,0.11383056640625
4134,1101,-0.546168327331543,7.335543632507324,-0.5886030197143555,-0.309814453125,0.91455078125,0.260498046875,0.0,0.96630859375,0.09619140625
4135,1106,-0.6191572546958923,7.323694705963135,-0.5918007493019104,-0.020843505859375,0.9560546875,0.291748046875,0.0,0.96630859375,0.0784912109375
4136,1102,-0.6182240843772888,7.296164512634277,-0.5773566961288452,0.03460693359375,-0.398681640625,0.91650390625,0.0,0.95849609375,0.0784912109375
4137,1105,-0.5374675989151001,7.322668075561523,-0.6156690716743469,0.057159423828125,0.2066650390625,-0.9765625,0.0,0.9736328125,0.09619140625
4138,1106,-0.6191572546958923,7.323694705963135,-0.5918007493019104,-0.020843505859375,0.9560546875,0.291748046875,0.0,0.96630859375,0.0784912109375
4139,1101,-0.546168327331543,7.335543632507324,-0.5886030197143555,-0.309814453125,0.91455078125,0.260498046875,0.0,0.96630859375,0.09619140625
4140,1106,-0.6191572546958923,7.323694705963135,-0.5918007493019104,-0.020843505859375,0.9560546875,0.291748046875,0.0,0.96630859375,0.0784912109375
4141,1107,-0.7023128271102905,7.3035197257995605,-0.5692588090896606,0.1483154296875,-0.468505859375,0.87109375,0.0,0.95849609375,0.060394287109375
4142,1102,-0.6182240843772888,7.296164512634277,-0.5773566961288452,0.03460693359375,-0.398681640625,0.91650390625,0.0,0.95849609375,0.0784912109375
4143,1104,-0.4679420292377472,7.341858386993408,-0.5582258105278015,-0.047271728515625,-0.4013671875,0.91455078125,0.0,0.98876953125,0.11383056640625
4144,1108,-0.5305005311965942,7.296125888824463,-0.6008028388023376,0.314697265625,-0.8984375,-0.305908203125,0.0,0.9814453125,0.09619140625
4145,1103,-0.45353370904922485,7.3317155838012695,-0.5840138792991638,0.6005859375,-0.763671875,-0.2373046875,0.0,0.9814453125,0.11383056640625
4146,1103,-0.45353370904922485,7.3317155838012695,-0.5840138792991638,0.6005859375,-0.763671875,-0.2373046875,0.0,0.9814453125,0.11383056640625
4147,1108,-0.5305005311965942,7.296125888824463,-0.6008028388023376,0.314697265625,-0.8984375,-0.305908203125,0.0,0.9814453125,0.09619140625
4148,1105,-0.5374675989151001,7.322668075561523,-0.6156690716743469,0.057159423828125,0.2066650390625,-0.9765625,0.0,0.9736328125,0.09619140625
4149,1104,-0.4679420292377472,7.341858386993408,-0.5582258105278015,-0.047271728515625,-0.4013671875,0.91455078125,0.0,0.98876953125,0.11383056640625
4150,1109,-0.5392013192176819,7.309001445770264,-0.5737367868423462,0.0018596649169921875,-0.4013671875,0.916015625,0.0,0.98876953125,0.09619140625
4151,1108,-0.5305005311965942,7.296125888824463,-0.6008028388023376,0.314697265625,-0.8984375,-0.305908203125,0.0,0.9814453125,0.09619140625
4152,1105,-0.5374675989151001,7.322668075561523,-0.6156690716743469,0.057159423828125,0.2066650390625,-0.9765625,0.0,0.9736328125,0.09619140625
4153,1110,-0.6195275187492371,7.309235572814941,-0.6193366646766663,-0.038909912109375,0.1859130859375,-0.98193359375,0.0,0.9736328125,0.0784912109375
4154,1106,-0.6191572546958923,7.323694705963135,-0.5918007493019104,-0.020843505859375,0.9560546875,0.291748046875,0.0,0.96630859375,0.0784912109375
4155,1108,-0.5305005311965942,7.296125888824463,-0.6008028388023376,0.314697265625,-0.8984375,-0.305908203125,0.0,0.9814453125,0.09619140625
4156,1110,-0.6195275187492371,7.309235572814941,-0.6193366646766663,-0.038909912109375,0.1859130859375,-0.98193359375,0.0,0.9736328125,0.0784912109375
4157,1105,-0.5374675989151001,7.322668075561523,-0.6156690716743469,0.057159423828125,0.2066650390625,-0.9765625,0.0,0.9736328125,0.09619140625
4158,1106,-0.6191572546958923,7.323694705963135,-0.5918007493019104,-0.020843505859375,0.9560546875,0.291748046875,0.0,0.96630859375,0.0784912109375
4159,1111,-0.6978187561035156,7.330301284790039,-0.5839441418647766,0.282958984375,0.923828125,0.2578125,0.0,0.96630859375,0.060394287109375
4160,1107,-0.7023128271102905,7.3035197257995605,-0.5692588090896606,0.1483154296875,-0.468505859375,0.87109375,0.0,0.95849609375,0.060394287109375
4161,1110,-0.6195275187492371,7.309235572814941,-0.6193366646766663,-0.038909912109375,0.1859130859375,-0.98193359375,0.0,0.9736328125,0.0784912109375
4162,1111,-0.6978187561035156,7.330301284790039,-0.5839441418647766,0.282958984375,0.923828125,0.2578125,0.0,0.96630859375,0.060394287109375
4163,1106,-0.6191572546958923,7.323694705963135,-0.5918007493019104,-0.020843505859375,0.9560546875,0.291748046875,0.0,0.96630859375,0.0784912109375
4164,1111,-0.6978187561035156,7.330301284790039,-0.5839441418647766,0.282958984375,0.923828125,0.2578125,0.0,0.96630859375,0.060394287109375
4165,1112,-0.7743342518806458,7.32771110534668,-0.5314655303955078,0.33203125,-0.67236328125,0.66162109375,0.0,0.95849609375,0.042327880859375
4166,1107,-0.7023128271102905,7.3035197257995605,-0.5692588090896606,0.1483154296875,-0.468505859375,0.87109375,0.0,0.95849609375,0.060394287109375
4167,1109,-0.5392013192176819,7.309001445770264,-0.5737367868423462,0.0018596649169921875,-0.4013671875,0.916015625,0.0,0.98876953125,0.09619140625
4168,1113,-0.6185943484306335,7.281705379486084,-0.6048926115036011,0.00936126708984375,-0.94189453125,-0.336181640625,0.0,0.9814453125,0.0784912109375
4169,1108,-0.5305005311965942,7.296125888824463,-0.6008028388023376,0.314697265625,-0.8984375,-0.305908203125,0.0,0.9814453125,0.09619140625
4170,1108,-0.5305005311965942,7.296125888824463,-0.6008028388023376,0.314697265625,-0.8984375,-0.305908203125,0.0,0.9814453125,0.09619140625
4171,1113,-0.6185943484306335,7.281705379486084,-0.6048926115036011,0.00936126708984375,-0.94189453125,-0.336181640625,0.0,0.9814453125,0.0784912109375
4172,1110,-0.6195275187492371,7.309235572814941,-0.6193366646766663,-0.038909912109375,0.1859130859375,-0.98193359375,0.0,0.9736328125,0.0784912109375
4173,1109,-0.5392013192176819,7.309001445770264,-0.5737367868423462,0.0018596649169921875,-0.4013671875,0.916015625,0.0,0.98876953125,0.09619140625
4174,1114,-0.6182240843772888,7.296164512634277,-0.5773566961288452,0.03460693359375,-0.398681640625,0.91650390625,0.0,0.98876953125,0.0784912109375
4175,1113,-0.6185943484306335,7.281705379486084,-0.6048926115036011,0.00936126708984375,-0.94189453125,-0.336181640625,0.0,0.9814453125,0.0784912109375
4176,1110,-0.6195275187492371,7.309235572814941,-0.6193366646766663,-0.038909912109375,0.1859130859375,-0.98193359375,0.0,0.9736328125,0.0784912109375
4177,1115,-0.7067487239837646,7.319571495056152,-0.6098907589912415,-0.22021484375,0.2322998046875,-0.947265625,0.0,0.9736328125,0.060394287109375
4178,1111,-0.6978187561035156,7.330301284790039,-0.5839441418647766,0.282958984375,0.923828125,0.2578125,0.0,0.96630859375,0.060394287109375
4179,1113,-0.6185943484306335,7.281705379486084,-0.6048926115036011,0.00936126708984375,-0.94189453125,-0.336181640625,0.0,0.9814453125,0.0784912109375
4180,1115,-0.7067487239837646,7.319571495056152,-0.6098907589912415,-0.22021484375,0.2322998046875,-0.947265625,0.0,0.9736328125,0.060394287109375
4181,1110,-0.6195275187492371,7.309235572814941,-0.6193366646766663,-0.038909912109375,0.1859130859375,-0.98193359375,0.0,0.9736328125,0.0784912109375
4182,1111,-0.6978187561035156,7.330301284790039,-0.5839441418647766,0.282958984375,0.923828125,0.2578125,0.0,0.96630859375,0.060394287109375
4183,1116,-0.7658936977386475,7.354207515716553,-0.5473864078521729,0.576171875,0.80517578125,0.1395263671875,0.0,0.96630859375,0.042327880859375
4184,1112,-0.7743342518806458,7.32771110534668,-0.5314655303955078,0.33203125,-0.67236328125,0.66162109375,0.0,0.95849609375,0.042327880859375
4185,1115,-0.7067487239837646,7.319571495056152,-0.6098907589912415,-0.22021484375,0.2322998046875,-0.947265625,0.0,0.9736328125,0.060394287109375
4186,1116,-0.7658936977386475,7.354207515716553,-0.5473864078521729,0.576171875,0.80517578125,0.1395263671875,0.0,0.96630859375,0.042327880859375
4187,1111,-0.6978187561035156,7.330301284790039,-0.5839441418647766,0.282958984375,0.923828125,0.2578125,0.0,0.96630859375,0.060394287109375
4188,1116,-0.7658936977386475,7.354207515716553,-0.5473864078521729,0.576171875,0.80517578125,0.1395263671875,0.0,0.96630859375,0.042327880859375
4189,1117,-0.8045300245285034,7.356217861175537,-0.46565553545951843,0.473876953125,-0.8251953125,0.306884765625,0.0,0.95849609375,0.0243377685546875
4190,1112,-0.7743342518806458,7.32771110534668,-0.5314655303955078,0.33203125,-0.67236328125,0.66162109375,0.0,0.95849609375,0.042327880859375
4191,1114,-0.6182240843772888,7.296164512634277,-0.5773566961288452,0.03460693359375,-0.398681640625,0.91650390625,0.0,0.98876953125,0.0784912109375
4192,1118,-0.7114173173904419,7.292805194854736,-0.5950176119804382,-0.331787109375,-0.85888671875,-0.389892578125,0.0,0.9814453125,0.060394287109375
4193,1113,-0.6185943484306335,7.281705379486084,-0.6048926115036011,0.00936126708984375,-0.94189453125,-0.336181640625,0.0,0.9814453125,0.0784912109375
4194,1113,-0.6185943484306335,7.281705379486084,-0.6048926115036011,0.00936126708984375,-0.94189453125,-0.336181640625,0.0,0.9814453125,0.0784912109375
4195,1118,-0.7114173173904419,7.292805194854736,-0.5950176119804382,-0.331787109375,-0.85888671875,-0.389892578125,0.0,0.9814453125,0.060394287109375
4196,1115,-0.7067487239837646,7.319571495056152,-0.6098907589912415,-0.22021484375,0.2322998046875,-0.947265625,0.0,0.9736328125,0.060394287109375
4197,1114,-0.6182240843772888,7.296164512634277,-0.5773566961288452,0.03460693359375,-0.398681640625,0.91650390625,0.0,0.98876953125,0.0784912109375
4198,1119,-0.7023128271102905,7.3035197257995605,-0.5692588090896606,0.1483154296875,-0.468505859375,0.87109375,0.0,0.98876953125,0.060394287109375
4199,1118,-0.7114173173904419,7.292805194854736,-0.5950176119804382,-0.331787109375,-0.85888671875,-0.389892578125,0.0,0.9814453125,0.060394287109375
4200,1115,-0.7067487239837646,7.319571495056152,-0.6098907589912415,-0.22021484375,0.2322998046875,-0.947265625,0.0,0.9736328125,0.060394287109375
4201,1120,-0.7866690158843994,7.35141134262085,-0.5692569017410278,-0.48095703125,0.4140625,-0.77294921875,0.0,0.9736328125,0.042327880859375
4202,1116,-0.7658936977386475,7.354207515716553,-0.5473864078521729,0.576171875,0.80517578125,0.1395263671875,0.0,0.96630859375,0.042327880859375
4203,1118,-0.7114173173904419,7.292805194854736,-0.5950176119804382,-0.331787109375,-0.85888671875,-0.389892578125,0.0,0.9814453125,0.060394287109375
4204,1120,-0.7866690158843994,7.35141134262085,-0.5692569017410278,-0.48095703125,0.4140625,-0.77294921875,0.0,0.9736328125,0.042327880859375
4205,1115,-0.7067487239837646,7.319571495056152,-0.6098907589912415,-0.22021484375,0.2322998046875,-0.947265625,0.0,0.9736328125,0.060394287109375
4206,1116,-0.7658936977386475,7.354207515716553,-0.5473864078521729,0.576171875,0.80517578125,0.1395263671875,0.0,0.96630859375,0.042327880859375
4207,1121,-0.7974233627319336,7.384343147277832,-0.47880610823631287,0.72705078125,0.68603515625,-0.018951416015625,0.0,0.96630859375,0.0243377685546875
4208,1117,-0.8045300245285034,7.356217861175537,-0.46565553545951843,0.473876953125,-0.8251953125,0.306884765625,0.0,0.95849609375,0.0243377685546875
4209,1120,-0.7866690158843994,7.35141134262085,-0.5692569017410278,-0.48095703125,0.4140625,-0.77294921875,0.0,0.9736328125,0.042327880859375
4210,1121,-0.7974233627319336,7.384343147277832,-0.47880610823631287,0.72705078125,0.68603515625,-0.018951416015625,0.0,0.96630859375,0.0243377685546875
4211,1116,-0.7658936977386475,7.354207515716553,-0.5473864078521729,0.576171875,0.80517578125,0.1395263671875,0.0,0.96630859375,0.042327880859375
4212,1121,-0.7974233627319336,7.384343147277832,-0.47880610823631287,0.72705078125,0.68603515625,-0.018951416015625,0.0,0.96630859375,0.0243377685546875
4213,1122,-0.8031952381134033,7.365789413452148,-0.3942981958389282,0.51806640625,-0.84912109375,0.1019287109375,0.0,0.95849609375,0.00667572021484375
4214,1117,-0.8045300245285034,7.356217861175537,-0.46565553545951843,0.473876953125,-0.8251953125,0.306884765625,0.0,0.95849609375,0.0243377685546875
4215,1121,-0.7974233627319336,7.384343147277832,-0.47880610823631287,0.72705078125,0.68603515625,-0.018951416015625,0.0,0.96630859375,0.0243377685546875
4216,1123,-0.7957534790039062,7.394723892211914,-0.39371466636657715,0.74658203125,0.658203125,-0.096435546875,0.0,0.96630859375,0.00667572021484375
4217,1122,-0.8031952381134033,7.365789413452148,-0.3942981958389282,0.51806640625,-0.84912109375,0.1019287109375,0.0,0.95849609375,0.00667572021484375
4218,1119,-0.7023128271102905,7.3035197257995605,-0.5692588090896606,0.1483154296875,-0.468505859375,0.87109375,0.0,0.98876953125,0.060394287109375
4219,1124,-0.795509397983551,7.325109481811523,-0.5528743863105774,-0.7109375,-0.6337890625,-0.304931640625,0.0,0.9814453125,0.042327880859375
4220,1118,-0.7114173173904419,7.292805194854736,-0.5950176119804382,-0.331787109375,-0.85888671875,-0.389892578125,0.0,0.9814453125,0.060394287109375
4221,1118,-0.7114173173904419,7.292805194854736,-0.5950176119804382,-0.331787109375,-0.85888671875,-0.389892578125,0.0,0.9814453125,0.060394287109375
4222,1124,-0.795509397983551,7.325109481811523,-0.5528743863105774,-0.7109375,-0.6337890625,-0.304931640625,0.0,0.9814453125,0.042327880859375
4223,1120,-0.7866690158843994,7.35141134262085,-0.5692569017410278,-0.48095703125,0.4140625,-0.77294921875,0.0,0.9736328125,0.042327880859375
4224,1119,-0.7023128271102905,7.3035197257995605,-0.5692588090896606,0.1483154296875,-0.468505859375,0.87109375,0.0,0.98876953125,0.060394287109375
4225,1125,-0.7743342518806458,7.32771110534668,-0.5314655303955078,0.33203125,-0.67236328125,0.66162109375,0.0,0.98876953125,0.042327880859375
4226,1124,-0.795509397983551,7.325109481811523,-0.5528743863105774,-0.7109375,-0.6337890625,-0.304931640625,0.0,0.9814453125,0.042327880859375
4227,1120,-0.7866690158843994,7.35141134262085,-0.5692569017410278,-0.48095703125,0.4140625,-0.77294921875,0.0,0.9736328125,0.042327880859375
4228,1126,-0.8269376754760742,7.389443397521973,-0.4884670078754425,-0.5888671875,0.72314453125,-0.361572265625,0.0,0.9736328125,0.0243377685546875
4229,1121,-0.7974233627319336,7.384343147277832,-0.47880610823631287,0.72705078125,0.68603515625,-0.018951416015625,0.0,0.96630859375,0.0243377685546875
4230,1126,-0.8269376754760742,7.389443397521973,-0.4884670078754425,-0.5888671875,0.72314453125,-0.361572265625,0.0,0.9736328125,0.0243377685546875
4231,1123,-0.7957534790039062,7.394723892211914,-0.39371466636657715,0.74658203125,0.658203125,-0.096435546875,0.0,0.96630859375,0.00667572021484375
4232,1121,-0.7974233627319336,7.384343147277832,-0.47880610823631287,0.72705078125,0.68603515625,-0.018951416015625,0.0,0.96630859375,0.0243377685546875
4233,1124,-0.795509397983551,7.325109481811523,-0.5528743863105774,-0.7109375,-0.6337890625,-0.304931640625,0.0,0.9814453125,0.042327880859375
4234,1126,-0.8269376754760742,7.389443397521973,-0.4884670078754425,-0.5888671875,0.72314453125,-0.361572265625,0.0,0.9736328125,0.0243377685546875
4235,1120,-0.7866690158843994,7.35141134262085,-0.5692569017410278,-0.48095703125,0.4140625,-0.77294921875,0.0,0.9736328125,0.042327880859375
4236,1126,-0.8269376754760742,7.389443397521973,-0.4884670078754425,-0.5888671875,0.72314453125,-0.361572265625,0.0,0.9736328125,0.0243377685546875
4237,1127,-0.8243845701217651,7.401997089385986,-0.38921165466308594,-0.52685546875,0.84521484375,-0.091552734375,0.0,0.9736328125,0.00667572021484375
4238,1123,-0.7957534790039062,7.394723892211914,-0.39371466636657715,0.74658203125,0.658203125,-0.096435546875,0.0,0.96630859375,0.00667572021484375
4239,1125,-0.7743342518806458,7.32771110534668,-0.5314655303955078,0.33203125,-0.67236328125,0.66162109375,0.0,0.98876953125,0.042327880859375
4240,1128,-0.8340928554534912,7.361919403076172,-0.4754795432090759,-0.91064453125,-0.409912109375,-0.05120849609375,0.0,0.9814453125,0.0243377685546875
4241,1124,-0.795509397983551,7.325109481811523,-0.5528743863105774,-0.7109375,-0.6337890625,-0.304931640625,0.0,0.9814453125,0.042327880859375
4242,1124,-0.795509397983551,7.325109481811523,-0.5528743863105774,-0.7109375,-0.6337890625,-0.304931640625,0.0,0.9814453125,0.042327880859375
4243,1128,-0.8340928554534912,7.361919403076172,-0.4754795432090759,-0.91064453125,-0.409912109375,-0.05120849609375,0.0,0.9814453125,0.0243377685546875
4244,1126,-0.8269376754760742,7.389443397521973,-0.4884670078754425,-0.5888671875,0.72314453125,-0.361572265625,0.0,0.9736328125,0.0243377685546875
4245,1128,-0.8340928554534912,7.361919403076172,-0.4754795432090759,-0.91064453125,-0.409912109375,-0.05120849609375,0.0,0.9814453125,0.0243377685546875
4246,1127,-0.8243845701217651,7.401997089385986,-0.38921165466308594,-0.52685546875,0.84521484375,-0.091552734375,0.0,0.9736328125,0.00667572021484375
4247,1126,-0.8269376754760742,7.389443397521973,-0.4884670078754425,-0.5888671875,0.72314453125,-0.361572265625,0.0,0.9736328125,0.0243377685546875
4248,1125,-0.7743342518806458,7.32771110534668,-0.5314655303955078,0.33203125,-0.67236328125,0.66162109375,0.0,0.98876953125,0.042327880859375
4249,1129,-0.8045300245285034,7.356217861175537,-0.46565553545951843,0.473876953125,-0.8251953125,0.306884765625,0.0,0.98876953125,0.0243377685546875
4250,1128,-0.8340928554534912,7.361919403076172,-0.4754795432090759,-0.91064453125,-0.409912109375,-0.05120849609375,0.0,0.9814453125,0.0243377685546875
4251,1128,-0.8340928554534912,7.361919403076172,-0.4754795432090759,-0.91064453125,-0.409912109375,-0.05120849609375,0.0,0.9814453125,0.0243377685546875
4252,1130,-0.8318265080451965,7.3730621337890625,-0.38979533314704895,-0.9326171875,-0.35302734375,0.0712890625,0.0,0.9814453125,0.00667572021484375
4253,1127,-0.8243845701217651,7.401997089385986,-0.38921165466308594,-0.52685546875,0.84521484375,-0.091552734375,0.0,0.9736328125,0.00667572021484375
4254,1129,-0.8045300245285034,7.356217861175537,-0.46565553545951843,0.473876953125,-0.8251953125,0.306884765625,0.0,0.98876953125,0.0243377685546875
4255,1130,-0.8318265080451965,7.3730621337890625,-0.38979533314704895,-0.9326171875,-0.35302734375,0.0712890625,0.0,0.9814453125,0.00667572021484375
4256,1128,-0.8340928554534912,7.361919403076172,-0.4754795432090759,-0.91064453125,-0.409912109375,-0.05120849609375,0.0,0.9814453125,0.0243377685546875
4257,1129,-0.8045300245285034,7.356217861175537,-0.46565553545951843,0.473876953125,-0.8251953125,0.306884765625,0.0,0.98876953125,0.0243377685546875
4258,1131,-0.8031952381134033,7.365789413452148,-0.3942981958389282,0.51806640625,-0.84912109375,0.1019287109375,0.0,0.98876953125,0.00667572021484375
4259,1130,-0.8318265080451965,7.3730621337890625,-0.38979533314704895,-0.9326171875,-0.35302734375,0.0712890625,0.0,0.9814453125,0.00667572021484375
4260,1132,-0.43088123202323914,7.716849327087402,0.06743524223566055,-0.49951171875,0.04632568359375,-0.865234375,0.0,0.7109375,0.9228515625
4261,1133,-0.4295416474342346,7.774603843688965,0.069755420088768,-0.49951171875,0.04632568359375,-0.865234375,0.0,0.7109375,0.9375
4262,1134,-0.34937721490859985,7.774603843688965,0.06975539773702621,0.49951171875,0.04632568359375,-0.865234375,0.0,0.73095703125,0.9375
4263,1132,-0.43088123202323914,7.716849327087402,0.06743524223566055,-0.49951171875,0.04632568359375,-0.865234375,0.0,0.7109375,0.9228515625
4264,1134,-0.34937721490859985,7.774603843688965,0.06975539773702621,0.49951171875,0.04632568359375,-0.865234375,0.0,0.73095703125,0.9375
4265,1135,-0.3480376601219177,7.716849327087402,0.06743522733449936,0.49951171875,0.04632568359375,-0.865234375,0.0,0.73095703125,0.9228515625
4266,1135,-0.3480376601219177,7.716849327087402,0.06743522733449936,0.49951171875,0.04632568359375,-0.865234375,0.0,0.73095703125,0.9228515625
4267,1134,-0.34937721490859985,7.774603843688965,0.06975539773702621,0.49951171875,0.04632568359375,-0.865234375,0.0,0.73095703125,0.9375
4268,1136,-0.3092949390411377,7.774603843688965,0.13917987048625946,0.9990234375,0.04632568359375,-4.76837158203125e-07,0.0,0.7509765625,0.9375
4269,1135,-0.3480376601219177,7.716849327087402,0.06743522733449936,0.49951171875,0.04632568359375,-0.865234375,0.0,0.73095703125,0.9228515625
4270,1136,-0.3092949390411377,7.774603843688965,0.13917987048625946,0.9990234375,0.04632568359375,-4.76837158203125e-07,0.0,0.7509765625,0.9375
4271,1137,-0.30661582946777344,7.716849327087402,0.13917987048625946,0.9990234375,0.04632568359375,-4.76837158203125e-07,0.0,0.7509765625,0.9228515625
4272,1137,-0.30661582946777344,7.716849327087402,0.13917987048625946,0.9990234375,0.04632568359375,-4.76837158203125e-07,0.0,0.7509765625,0.9228515625
4273,1136,-0.3092949390411377,7.774603843688965,0.13917987048625946,0.9990234375,0.04632568359375,-4.76837158203125e-07,0.0,0.7509765625,0.9375
4274,1138,-0.34937721490859985,7.774603843688965,0.2086043506860733,0.49951171875,0.04632568359375,0.865234375,0.0,0.77099609375,0.9375
4275,1137,-0.30661582946777344,7.716849327087402,0.13917987048625946,0.9990234375,0.04632568359375,-4.76837158203125e-07,0.0,0.7509765625,0.9228515625
4276,1138,-0.34937721490859985,7.774603843688965,0.2086043506860733,0.49951171875,0.04632568359375,0.865234375,0.0,0.77099609375,0.9375
4277,1139,-0.34803763031959534,7.716849327087402,0.21092450618743896,0.49951171875,0.04632568359375,0.865234375,0.0,0.77099609375,0.9228515625
4278,1139,-0.34803763031959534,7.716849327087402,0.21092450618743896,0.49951171875,0.04632568359375,0.865234375,0.0,0.77099609375,0.9228515625
4279,1138,-0.34937721490859985,7.774603843688965,0.2086043506860733,0.49951171875,0.04632568359375,0.865234375,0.0,0.77099609375,0.9375
4280,1140,-0.4295416474342346,7.774603843688965,0.2086043655872345,-0.49951171875,0.04632568359375,0.865234375,0.0,0.791015625,0.9375
4281,1139,-0.34803763031959534,7.716849327087402,0.21092450618743896,0.49951171875,0.04632568359375,0.865234375,0.0,0.77099609375,0.9228515625
4282,1140,-0.4295416474342346,7.774603843688965,0.2086043655872345,-0.49951171875,0.04632568359375,0.865234375,0.0,0.791015625,0.9375
4283,1141,-0.43088117241859436,7.716849327087402,0.21092452108860016,-0.49951171875,0.04632568359375,0.865234375,0.0,0.791015625,0.9228515625
4284,1141,-0.43088117241859436,7.716849327087402,0.21092452108860016,-0.49951171875,0.04632568359375,0.865234375,0.0,0.791015625,0.9228515625
4285,1140,-0.4295416474342346,7.774603843688965,0.2086043655872345,-0.49951171875,0.04632568359375,0.865234375,0.0,0.791015625,0.9375
4286,1142,-0.4696238934993744,7.774603843688965,0.13917987048625946,-0.9990234375,0.04632568359375,4.76837158203125e-07,0.0,0.81103515625,0.9375
4287,1141,-0.43088117241859436,7.716849327087402,0.21092452108860016,-0.49951171875,0.04632568359375,0.865234375,0.0,0.791015625,0.9228515625
4288,1142,-0.4696238934993744,7.774603843688965,0.13917987048625946,-0.9990234375,0.04632568359375,4.76837158203125e-07,0.0,0.81103515625,0.9375
4289,1143,-0.47230300307273865,7.716849327087402,0.13917987048625946,-0.9990234375,0.04632568359375,4.76837158203125e-07,0.0,0.81103515625,0.9228515625
4290,1143,-0.47230300307273865,7.716849327087402,0.13917987048625946,-0.9990234375,0.04632568359375,4.76837158203125e-07,0.0,0.81103515625,0.9228515625
4291,1142,-0.4696238934993744,7.774603843688965,0.13917987048625946,-0.9990234375,0.04632568359375,4.76837158203125e-07,0.0,0.81103515625,0.9375
4292,1144,-0.4295416474342346,7.774603843688965,0.069755420088768,-0.49951171875,0.04632568359375,-0.865234375,0.0,0.8310546875,0.9375
4293,1143,-0.47230300307273865,7.716849327087402,0.13917987048625946,-0.9990234375,0.04632568359375,4.76837158203125e-07,0.0,0.81103515625,0.9228515625
4294,1144,-0.4295416474342346,7.774603843688965,0.069755420088768,-0.49951171875,0.04632568359375,-0.865234375,0.0,0.8310546875,0.9375
4295,1145,-0.43088123202323914,7.716849327087402,0.06743524223566055,-0.49951171875,0.04632568359375,-0.865234375,0.0,0.8310546875,0.9228515625
4296,1146,-0.4295416474342346,7.774603843688965,0.069755420088768,0.0,1.0,0.0,0.0,0.984375,0.83984375
4297,1147,-0.3092949390411377,7.774603843688965,0.13917987048625946,0.0,1.0,0.0,0.0,0.95458984375,0.822265625
4298,1148,-0.34937721490859985,7.774603843688965,0.06975539773702621,0.0,1.0,0.0,0.0,0.96435546875,0.83984375
4299,1146,-0.4295416474342346,7.774603843688965,0.069755420088768,0.0,1.0,0.0,0.0,0.984375,0.83984375
4300,1149,-0.34937721490859985,7.774603843688965,0.2086043506860733,0.0,1.0,0.0,0.0,0.96435546875,0.80517578125
4301,1147,-0.3092949390411377,7.774603843688965,0.13917987048625946,0.0,1.0,0.0,0.0,0.95458984375,0.822265625
4302,1146,-0.4295416474342346,7.774603843688965,0.069755420088768,0.0,1.0,0.0,0.0,0.984375,0.83984375
4303,1150,-0.4295416474342346,7.774603843688965,0.2086043655872345,0.0,1.0,0.0,0.0,0.984375,0.80517578125
4304,1149,-0.34937721490859985,7.774603843688965,0.2086043506860733,0.0,1.0,0.0,0.0,0.96435546875,0.80517578125
4305,1146,-0.4295416474342346,7.774603843688965,0.069755420088768,0.0,1.0,0.0,0.0,0.984375,0.83984375
4306,1151,-0.4696238934993744,7.774603843688965,0.13917987048625946,0.0,1.0,0.0,0.0,0.99462890625,0.82275390625
4307,1150,-0.4295416474342346,7.774603843688965,0.2086043655872345,0.0,1.0,0.0,0.0,0.984375,0.80517578125
4308,1152,-0.7299619913101196,7.724961280822754,0.3427059054374695,-0.0217437744140625,0.9990234375,0.03765869140625,0.0,0.01207733154296875,0.76318359375
4309,1153,-0.5335860848426819,7.742061138153076,0.0025726924650371075,0.0,1.0,2.384185791015625e-07,0.0,0.110595703125,0.73681640625
4310,1154,-0.8737192153930664,7.724961280822754,0.1989486962556839,-0.03765869140625,0.9990234375,0.0217437744140625,0.0,0.01207733154296875,0.71044921875
4311,1155,-0.5335860848426819,7.724961280822754,0.39532470703125,0.0,0.9990234375,0.043487548828125,0.0,0.038482666015625,0.80859375
4312,1153,-0.5335860848426819,7.742061138153076,0.0025726924650371075,0.0,1.0,2.384185791015625e-07,0.0,0.110595703125,0.73681640625
4313,1152,-0.7299619913101196,7.724961280822754,0.3427059054374695,-0.0217437744140625,0.9990234375,0.03765869140625,0.0,0.01207733154296875,0.76318359375
4314,1154,-0.8737192153930664,7.724961280822754,0.1989486962556839,-0.03765869140625,0.9990234375,0.0217437744140625,0.0,0.01207733154296875,0.71044921875
4315,1153,-0.5335860848426819,7.742061138153076,0.0025726924650371075,0.0,1.0,2.384185791015625e-07,0.0,0.110595703125,0.73681640625
4316,1156,-0.9263381958007812,7.724961280822754,0.0025726656895130873,-0.043487548828125,0.9990234375,-2.5033950805664062e-06,0.0,0.0384521484375,0.66455078125
4317,1157,-0.337210088968277,7.724961280822754,0.3427059054374695,0.0217437744140625,0.9990234375,0.03765869140625,0.0,0.084228515625,0.8349609375
4318,1153,-0.5335860848426819,7.742061138153076,0.0025726924650371075,0.0,1.0,2.384185791015625e-07,0.0,0.110595703125,0.73681640625
4319,1155,-0.5335860848426819,7.724961280822754,0.39532470703125,0.0,0.9990234375,0.043487548828125,0.0,0.038482666015625,0.80859375
4320,1156,-0.9263381958007812,7.724961280822754,0.0025726656895130873,-0.043487548828125,0.9990234375,-2.5033950805664062e-06,0.0,0.0384521484375,0.66455078125
4321,1153,-0.5335860848426819,7.742061138153076,0.0025726924650371075,0.0,1.0,2.384185791015625e-07,0.0,0.110595703125,0.73681640625
4322,1158,-0.8737189769744873,7.724961280822754,-0.19380325078964233,-0.03765869140625,0.9990234375,-0.0217437744140625,0.0,0.08416748046875,0.63818359375
4323,1159,-0.1934528648853302,7.724961280822754,0.19894862174987793,0.03765869140625,0.9990234375,0.0217437744140625,0.0,0.136962890625,0.8349609375
4324,1153,-0.5335860848426819,7.742061138153076,0.0025726924650371075,0.0,1.0,2.384185791015625e-07,0.0,0.110595703125,0.73681640625
4325,1157,-0.337210088968277,7.724961280822754,0.3427059054374695,0.0217437744140625,0.9990234375,0.03765869140625,0.0,0.084228515625,0.8349609375
4326,1158,-0.8737189769744873,7.724961280822754,-0.19380325078964233,-0.03765869140625,0.9990234375,-0.0217437744140625,0.0,0.08416748046875,0.63818359375
4327,1153,-0.5335860848426819,7.742061138153076,0.0025726924650371075,0.0,1.0,2.384185791015625e-07,0.0,0.110595703125,0.73681640625
4328,1160,-0.7299619913101196,7.724961280822754,-0.33756017684936523,-0.0217437744140625,0.9990234375,-0.03765869140625,0.0,0.136962890625,0.63818359375
4329,1161,-0.14083407819271088,7.724961280822754,0.0025726391468197107,0.043487548828125,0.9990234375,0.0,0.0,0.1827392578125,0.80859375
4330,1153,-0.5335860848426819,7.742061138153076,0.0025726924650371075,0.0,1.0,2.384185791015625e-07,0.0,0.110595703125,0.73681640625
4331,1159,-0.1934528648853302,7.724961280822754,0.19894862174987793,0.03765869140625,0.9990234375,0.0217437744140625,0.0,0.136962890625,0.8349609375
4332,1160,-0.7299619913101196,7.724961280822754,-0.33756017684936523,-0.0217437744140625,0.9990234375,-0.03765869140625,0.0,0.136962890625,0.63818359375
4333,1153,-0.5335860848426819,7.742061138153076,0.0025726924650371075,0.0,1.0,2.384185791015625e-07,0.0,0.110595703125,0.73681640625
4334,1162,-0.5335860848426819,7.724961280822754,-0.39017921686172485,0.0,0.9990234375,-0.043487548828125,0.0,0.1827392578125,0.66455078125
4335,1163,-0.1934528648853302,7.724961280822754,-0.1938033252954483,0.03765869140625,0.9990234375,-0.0217437744140625,0.0,0.2091064453125,0.76318359375
4336,1153,-0.5335860848426819,7.742061138153076,0.0025726924650371075,0.0,1.0,2.384185791015625e-07,0.0,0.110595703125,0.73681640625
4337,1161,-0.14083407819271088,7.724961280822754,0.0025726391468197107,0.043487548828125,0.9990234375,0.0,0.0,0.1827392578125,0.80859375
4338,1162,-0.5335860848426819,7.724961280822754,-0.39017921686172485,0.0,0.9990234375,-0.043487548828125,0.0,0.1827392578125,0.66455078125
4339,1153,-0.5335860848426819,7.742061138153076,0.0025726924650371075,0.0,1.0,2.384185791015625e-07,0.0,0.110595703125,0.73681640625
4340,1164,-0.337210088968277,7.724961280822754,-0.3375602960586548,0.0217437744140625,0.9990234375,-0.03765869140625,0.0,0.2091064453125,0.71044921875
4341,1164,-0.337210088968277,7.724961280822754,-0.3375602960586548,0.0217437744140625,0.9990234375,-0.03765869140625,0.0,0.2091064453125,0.71044921875
4342,1153,-0.5335860848426819,7.742061138153076,0.0025726924650371075,0.0,1.0,2.384185791015625e-07,0.0,0.110595703125,0.73681640625
4343,1163,-0.1934528648853302,7.724961280822754,-0.1938033252954483,0.03765869140625,0.9990234375,-0.0217437744140625,0.0,0.2091064453125,0.76318359375
4344,1165,0.10081369429826736,8.699028968811035,-1.102135419845581,6.42538070678711e-05,-0.1832275390625,0.98291015625,0.0,0.3193359375,0.86669921875
4345,1166,0.013121475465595722,8.700984954833984,-1.1017566919326782,0.0,0.79541015625,0.6064453125,0.0,0.319580078125,0.84619140625
4346,1167,0.013121470808982849,8.676383972167969,-1.1063493490219116,0.0,-0.1845703125,0.98291015625,0.0,0.31396484375,0.84619140625
4347,1165,0.10081369429826736,8.699028968811035,-1.102135419845581,6.42538070678711e-05,-0.1832275390625,0.98291015625,0.0,0.3193359375,0.86669921875
4348,1167,0.013121470808982849,8.676383972167969,-1.1063493490219116,0.0,-0.1845703125,0.98291015625,0.0,0.31396484375,0.84619140625
4349,1168,0.12589719891548157,8.676383972167969,-1.1063480377197266,-7.569789886474609e-06,-0.184814453125,0.98291015625,0.0,0.31396484375,0.87255859375
4350,1169,-0.07457075268030167,8.699028968811035,-1.102135419845581,-0.31494140625,0.7353515625,0.60009765625,0.0,0.3193359375,0.826171875
4351,1167,0.013121470808982849,8.676383972167969,-1.1063493490219116,0.0,-0.1845703125,0.98291015625,0.0,0.31396484375,0.84619140625
4352,1166,0.013121475465595722,8.700984954833984,-1.1017566919326782,0.0,0.79541015625,0.6064453125,0.0,0.319580078125,0.84619140625
4353,1170,0.1343161016702652,8.623079299926758,-1.1163849830627441,-1.9252300262451172e-05,-0.18505859375,0.98291015625,0.0,0.30126953125,0.87451171875
4354,1168,0.12589719891548157,8.676383972167969,-1.1063480377197266,-7.569789886474609e-06,-0.184814453125,0.98291015625,0.0,0.31396484375,0.87255859375
4355,1167,0.013121470808982849,8.676383972167969,-1.1063493490219116,0.0,-0.1845703125,0.98291015625,0.0,0.31396484375,0.84619140625
4356,1169,-0.07457075268030167,8.699028968811035,-1.102135419845581,-0.31494140625,0.7353515625,0.60009765625,0.0,0.3193359375,0.826171875
4357,1171,-0.09965429455041885,8.676383972167969,-1.1063480377197266,7.569789886474609e-06,-0.184814453125,0.98291015625,0.0,0.31396484375,0.8203125
4358,1167,0.013121470808982849,8.676383972167969,-1.1063493490219116,0.0,-0.1845703125,0.98291015625,0.0,0.31396484375,0.84619140625
4359,1170,0.1343161016702652,8.623079299926758,-1.1163849830627441,-1.9252300262451172e-05,-0.18505859375,0.98291015625,0.0,0.30126953125,0.87451171875
4360,1167,0.013121470808982849,8.676383972167969,-1.1063493490219116,0.0,-0.1845703125,0.98291015625,0.0,0.31396484375,0.84619140625
4361,1172,0.01312147919088602,8.623079299926758,-1.116387963294983,0.0,-0.18505859375,0.98291015625,0.0,0.30126953125,0.84619140625
4362,1167,0.013121470808982849,8.676383972167969,-1.1063493490219116,0.0,-0.1845703125,0.98291015625,0.0,0.31396484375,0.84619140625
4363,1171,-0.09965429455041885,8.676383972167969,-1.1063480377197266,7.569789886474609e-06,-0.184814453125,0.98291015625,0.0,0.31396484375,0.8203125
4364,1173,-0.10807319730520248,8.623079299926758,-1.1163849830627441,1.9252300262451172e-05,-0.18505859375,0.98291015625,0.0,0.30126953125,0.818359375
4365,1167,0.013121470808982849,8.676383972167969,-1.1063493490219116,0.0,-0.1845703125,0.98291015625,0.0,0.31396484375,0.84619140625
4366,1173,-0.10807319730520248,8.623079299926758,-1.1163849830627441,1.9252300262451172e-05,-0.18505859375,0.98291015625,0.0,0.30126953125,0.818359375
4367,1172,0.01312147919088602,8.623079299926758,-1.116387963294983,0.0,-0.18505859375,0.98291015625,0.0,0.30126953125,0.84619140625
4368,1174,-0.11918149888515472,8.924055099487305,-1.8132948875427246,-0.261962890625,0.89697265625,-0.356201171875,0.0,0.324462890625,0.931640625
4369,1175,-0.1371661275625229,8.928841590881348,-1.7478713989257812,-0.52783203125,0.84228515625,0.10711669921875,0.0,0.316650390625,0.94482421875
4370,1176,0.01312148105353117,8.95633316040039,-1.7614458799362183,-1.1920928955078125e-07,0.99755859375,0.06683349609375,0.0,0.354248046875,0.94873046875
4371,1177,-0.17981143295764923,8.879926681518555,-1.790871262550354,-0.9638671875,0.245849609375,-0.10174560546875,0.0,0.306884765625,0.92724609375
4372,1175,-0.1371661275625229,8.928841590881348,-1.7478713989257812,-0.52783203125,0.84228515625,0.10711669921875,0.0,0.316650390625,0.94482421875
4373,1174,-0.11918149888515472,8.924055099487305,-1.8132948875427246,-0.261962890625,0.89697265625,-0.356201171875,0.0,0.324462890625,0.931640625
4374,1177,-0.17981143295764923,8.879926681518555,-1.790871262550354,-0.9638671875,0.245849609375,-0.10174560546875,0.0,0.306884765625,0.92724609375
4375,1174,-0.11918149888515472,8.924055099487305,-1.8132948875427246,-0.261962890625,0.89697265625,-0.356201171875,0.0,0.324462890625,0.931640625
4376,1178,-0.0973813533782959,8.88901138305664,-1.8490804433822632,-0.375244140625,0.28173828125,-0.8828125,0.0,0.329345703125,0.92041015625
4377,1179,-0.18895159661769867,8.757948875427246,-1.8136253356933594,-0.98388671875,0.08648681640625,-0.1561279296875,0.0,0.2998046875,0.8984375
4378,1177,-0.17981143295764923,8.879926681518555,-1.790871262550354,-0.9638671875,0.245849609375,-0.10174560546875,0.0,0.306884765625,0.92724609375
4379,1178,-0.0973813533782959,8.88901138305664,-1.8490804433822632,-0.375244140625,0.28173828125,-0.8828125,0.0,0.329345703125,0.92041015625
4380,1179,-0.18895159661769867,8.757948875427246,-1.8136253356933594,-0.98388671875,0.08648681640625,-0.1561279296875,0.0,0.2998046875,0.8984375
4381,1178,-0.0973813533782959,8.88901138305664,-1.8490804433822632,-0.375244140625,0.28173828125,-0.8828125,0.0,0.329345703125,0.92041015625
4382,1180,-0.0985458716750145,8.76884651184082,-1.8768439292907715,-0.385986328125,0.2174072265625,-0.896484375,0.0,0.325439453125,0.89208984375
4383,1174,-0.11918149888515472,8.924055099487305,-1.8132948875427246,-0.261962890625,0.89697265625,-0.356201171875,0.0,0.324462890625,0.931640625
4384,1176,0.01312148105353117,8.95633316040039,-1.7614458799362183,-1.1920928955078125e-07,0.99755859375,0.06683349609375,0.0,0.354248046875,0.94873046875
4385,1181,0.01312148105353117,8.932780265808105,-1.8388408422470093,-2.980232238769531e-07,0.9287109375,-0.370849609375,0.0,0.354248046875,0.9296875
4386,1178,-0.0973813533782959,8.88901138305664,-1.8490804433822632,-0.375244140625,0.28173828125,-0.8828125,0.0,0.329345703125,0.92041015625
4387,1174,-0.11918149888515472,8.924055099487305,-1.8132948875427246,-0.261962890625,0.89697265625,-0.356201171875,0.0,0.324462890625,0.931640625
4388,1181,0.01312148105353117,8.932780265808105,-1.8388408422470093,-2.980232238769531e-07,0.9287109375,-0.370849609375,0.0,0.354248046875,0.9296875
4389,1182,0.01312147919088602,8.892849922180176,-1.869367003440857,0.0,0.299560546875,-0.9541015625,0.0,0.35400390625,0.91796875
4390,1180,-0.0985458716750145,8.76884651184082,-1.8768439292907715,-0.385986328125,0.2174072265625,-0.896484375,0.0,0.325439453125,0.89208984375
4391,1178,-0.0973813533782959,8.88901138305664,-1.8490804433822632,-0.375244140625,0.28173828125,-0.8828125,0.0,0.329345703125,0.92041015625
4392,1182,0.01312147919088602,8.892849922180176,-1.869367003440857,0.0,0.299560546875,-0.9541015625,0.0,0.35400390625,0.91796875
4393,1178,-0.0973813533782959,8.88901138305664,-1.8490804433822632,-0.375244140625,0.28173828125,-0.8828125,0.0,0.329345703125,0.92041015625
4394,1181,0.01312148105353117,8.932780265808105,-1.8388408422470093,-2.980232238769531e-07,0.9287109375,-0.370849609375,0.0,0.354248046875,0.9296875
4395,1182,0.01312147919088602,8.892849922180176,-1.869367003440857,0.0,0.299560546875,-0.9541015625,0.0,0.35400390625,0.91796875
4396,1183,0.01312147919088602,8.771060943603516,-1.9005320072174072,0.0,0.237548828125,-0.97119140625,0.0,0.353759765625,0.8896484375
4397,1180,-0.0985458716750145,8.76884651184082,-1.8768439292907715,-0.385986328125,0.2174072265625,-0.896484375,0.0,0.325439453125,0.89208984375
4398,1182,0.01312147919088602,8.892849922180176,-1.869367003440857,0.0,0.299560546875,-0.9541015625,0.0,0.35400390625,0.91796875
4399,1184,0.124788798391819,8.76884651184082,-1.8768439292907715,0.385986328125,0.2174072265625,-0.896484375,0.0,0.382080078125,0.8916015625
4400,1183,0.01312147919088602,8.771060943603516,-1.9005320072174072,0.0,0.237548828125,-0.97119140625,0.0,0.353759765625,0.8896484375
4401,1182,0.01312147919088602,8.892849922180176,-1.869367003440857,0.0,0.299560546875,-0.9541015625,0.0,0.35400390625,0.91796875
4402,1185,0.12362432479858398,8.88901138305664,-1.8490804433822632,0.375244140625,0.28173828125,-0.8828125,0.0,0.37890625,0.919921875
4403,1184,0.124788798391819,8.76884651184082,-1.8768439292907715,0.385986328125,0.2174072265625,-0.896484375,0.0,0.382080078125,0.8916015625
4404,1182,0.01312147919088602,8.892849922180176,-1.869367003440857,0.0,0.299560546875,-0.9541015625,0.0,0.35400390625,0.91796875
4405,1181,0.01312148105353117,8.932780265808105,-1.8388408422470093,-2.980232238769531e-07,0.9287109375,-0.370849609375,0.0,0.354248046875,0.9296875
4406,1185,0.12362432479858398,8.88901138305664,-1.8490804433822632,0.375244140625,0.28173828125,-0.8828125,0.0,0.37890625,0.919921875
4407,1186,0.21519453823566437,8.757948875427246,-1.8136250972747803,0.98388671875,0.08648681640625,-0.1561279296875,0.0,0.407958984375,0.8974609375
4408,1184,0.124788798391819,8.76884651184082,-1.8768439292907715,0.385986328125,0.2174072265625,-0.896484375,0.0,0.382080078125,0.8916015625
4409,1185,0.12362432479858398,8.88901138305664,-1.8490804433822632,0.375244140625,0.28173828125,-0.8828125,0.0,0.37890625,0.919921875
4410,1186,0.21519453823566437,8.757948875427246,-1.8136250972747803,0.98388671875,0.08648681640625,-0.1561279296875,0.0,0.407958984375,0.8974609375
4411,1185,0.12362432479858398,8.88901138305664,-1.8490804433822632,0.375244140625,0.28173828125,-0.8828125,0.0,0.37890625,0.919921875
4412,1187,0.20605438947677612,8.879926681518555,-1.790871262550354,0.9638671875,0.245849609375,-0.10174560546875,0.0,0.4013671875,0.92626953125
4413,1188,0.14542439579963684,8.924055099487305,-1.8132948875427246,0.261962890625,0.89697265625,-0.356201171875,0.0,0.3837890625,0.93115234375
4414,1181,0.01312148105353117,8.932780265808105,-1.8388408422470093,-2.980232238769531e-07,0.9287109375,-0.370849609375,0.0,0.354248046875,0.9296875
4415,1176,0.01312148105353117,8.95633316040039,-1.7614458799362183,-1.1920928955078125e-07,0.99755859375,0.06683349609375,0.0,0.354248046875,0.94873046875
4416,1185,0.12362432479858398,8.88901138305664,-1.8490804433822632,0.375244140625,0.28173828125,-0.8828125,0.0,0.37890625,0.919921875
4417,1181,0.01312148105353117,8.932780265808105,-1.8388408422470093,-2.980232238769531e-07,0.9287109375,-0.370849609375,0.0,0.354248046875,0.9296875
4418,1188,0.14542439579963684,8.924055099487305,-1.8132948875427246,0.261962890625,0.89697265625,-0.356201171875,0.0,0.3837890625,0.93115234375
4419,1187,0.20605438947677612,8.879926681518555,-1.790871262550354,0.9638671875,0.245849609375,-0.10174560546875,0.0,0.4013671875,0.92626953125
4420,1185,0.12362432479858398,8.88901138305664,-1.8490804433822632,0.375244140625,0.28173828125,-0.8828125,0.0,0.37890625,0.919921875
4421,1188,0.14542439579963684,8.924055099487305,-1.8132948875427246,0.261962890625,0.89697265625,-0.356201171875,0.0,0.3837890625,0.93115234375
4422,1188,0.14542439579963684,8.924055099487305,-1.8132948875427246,0.261962890625,0.89697265625,-0.356201171875,0.0,0.3837890625,0.93115234375
4423,1176,0.01312148105353117,8.95633316040039,-1.7614458799362183,-1.1920928955078125e-07,0.99755859375,0.06683349609375,0.0,0.354248046875,0.94873046875
4424,1189,0.1634090542793274,8.928841590881348,-1.7478713989257812,0.52783203125,0.84228515625,0.10711669921875,0.0,0.39208984375,0.9443359375
4425,1187,0.20605438947677612,8.879926681518555,-1.790871262550354,0.9638671875,0.245849609375,-0.10174560546875,0.0,0.4013671875,0.92626953125
4426,1188,0.14542439579963684,8.924055099487305,-1.8132948875427246,0.261962890625,0.89697265625,-0.356201171875,0.0,0.3837890625,0.93115234375
4427,1189,0.1634090542793274,8.928841590881348,-1.7478713989257812,0.52783203125,0.84228515625,0.10711669921875,0.0,0.39208984375,0.9443359375
4428,1190,-0.10744849592447281,9.290924072265625,-0.28859269618988037,-0.95556640625,0.0697021484375,-0.2861328125,0.0,0.5673828125,0.7646484375
4429,1191,-0.09948885440826416,9.185853004455566,-0.3407926857471466,-0.94677734375,0.0,-0.3212890625,0.0,0.5390625,0.76806640625
4430,1192,-0.12183794379234314,9.246516227722168,-0.24658013880252838,-0.9658203125,0.0416259765625,-0.255859375,0.0,0.56494140625,0.779296875
4431,1193,-0.08779216557741165,9.307178497314453,-0.3459828197956085,-0.94287109375,0.0770263671875,-0.32421875,0.0,0.5615234375,0.75146484375
4432,1191,-0.09948885440826416,9.185853004455566,-0.3407926857471466,-0.94677734375,0.0,-0.3212890625,0.0,0.5390625,0.76806640625
4433,1190,-0.10744849592447281,9.290924072265625,-0.28859269618988037,-0.95556640625,0.0697021484375,-0.2861328125,0.0,0.5673828125,0.7646484375
4434,1192,-0.12183794379234314,9.246516227722168,-0.24658013880252838,-0.9658203125,0.0416259765625,-0.255859375,0.0,0.56494140625,0.779296875
4435,1191,-0.09948885440826416,9.185853004455566,-0.3407926857471466,-0.94677734375,0.0,-0.3212890625,0.0,0.5390625,0.76806640625
4436,1194,-0.12710484862327576,9.185853004455566,-0.23120254278182983,-0.9697265625,0.0,-0.244384765625,0.0,0.55615234375,0.79052734375
4437,1195,-0.06813588738441467,9.290924072265625,-0.40337270498275757,-0.93115234375,0.06396484375,-0.359130859375,0.0,0.55029296875,0.7421875
4438,1191,-0.09948885440826416,9.185853004455566,-0.3407926857471466,-0.94677734375,0.0,-0.3212890625,0.0,0.5390625,0.76806640625
4439,1193,-0.08779216557741165,9.307178497314453,-0.3459828197956085,-0.94287109375,0.0770263671875,-0.32421875,0.0,0.5615234375,0.75146484375
4440,1194,-0.12710484862327576,9.185853004455566,-0.23120254278182983,-0.9697265625,0.0,-0.244384765625,0.0,0.55615234375,0.79052734375
4441,1191,-0.09948885440826416,9.185853004455566,-0.3407926857471466,-0.94677734375,0.0,-0.3212890625,0.0,0.5390625,0.76806640625
4442,1196,-0.12183794379234314,9.125189781188965,-0.24658013880252838,-0.9658203125,-0.0416259765625,-0.255859375,0.0,0.54296875,0.79638671875
4443,1197,-0.05374646186828613,9.246516227722168,-0.44538527727127075,-0.9228515625,0.035888671875,-0.3828125,0.0,0.53564453125,0.740234375
4444,1191,-0.09948885440826416,9.185853004455566,-0.3407926857471466,-0.94677734375,0.0,-0.3212890625,0.0,0.5390625,0.76806640625
4445,1195,-0.06813588738441467,9.290924072265625,-0.40337270498275757,-0.93115234375,0.06396484375,-0.359130859375,0.0,0.55029296875,0.7421875
4446,1196,-0.12183794379234314,9.125189781188965,-0.24658013880252838,-0.9658203125,-0.0416259765625,-0.255859375,0.0,0.54296875,0.79638671875
4447,1191,-0.09948885440826416,9.185853004455566,-0.3407926857471466,-0.94677734375,0.0,-0.3212890625,0.0,0.5390625,0.76806640625
4448,1198,-0.10744849592447281,9.080781936645508,-0.28859269618988037,-0.95556640625,-0.0697021484375,-0.2861328125,0.0,0.5283203125,0.7939453125
4449,1199,-0.0484795980155468,9.185853004455566,-0.4607628583908081,-0.92041015625,0.0,-0.391357421875,0.0,0.5224609375,0.74609375
4450,1191,-0.09948885440826416,9.185853004455566,-0.3407926857471466,-0.94677734375,0.0,-0.3212890625,0.0,0.5390625,0.76806640625
4451,1197,-0.05374646186828613,9.246516227722168,-0.44538527727127075,-0.9228515625,0.035888671875,-0.3828125,0.0,0.53564453125,0.740234375
4452,1198,-0.10744849592447281,9.080781936645508,-0.28859269618988037,-0.95556640625,-0.0697021484375,-0.2861328125,0.0,0.5283203125,0.7939453125
4453,1191,-0.09948885440826416,9.185853004455566,-0.3407926857471466,-0.94677734375,0.0,-0.3212890625,0.0,0.5390625,0.76806640625
4454,1200,-0.08779216557741165,9.06452751159668,-0.3459828197956085,-0.94287109375,-0.0770263671875,-0.32421875,0.0,0.51708984375,0.78515625
4455,1201,-0.05374646186828613,9.125189781188965,-0.44538527727127075,-0.9228515625,-0.035888671875,-0.3828125,0.0,0.51318359375,0.75732421875
4456,1191,-0.09948885440826416,9.185853004455566,-0.3407926857471466,-0.94677734375,0.0,-0.3212890625,0.0,0.5390625,0.76806640625
4457,1199,-0.0484795980155468,9.185853004455566,-0.4607628583908081,-0.92041015625,0.0,-0.391357421875,0.0,0.5224609375,0.74609375
4458,1200,-0.08779216557741165,9.06452751159668,-0.3459828197956085,-0.94287109375,-0.0770263671875,-0.32421875,0.0,0.51708984375,0.78515625
4459,1191,-0.09948885440826416,9.185853004455566,-0.3407926857471466,-0.94677734375,0.0,-0.3212890625,0.0,0.5390625,0.76806640625
4460,1202,-0.06813585013151169,9.080781936645508,-0.4033728837966919,-0.93115234375,-0.06396484375,-0.359130859375,0.0,0.51123046875,0.77197265625
4461,1202,-0.06813585013151169,9.080781936645508,-0.4033728837966919,-0.93115234375,-0.06396484375,-0.359130859375,0.0,0.51123046875,0.77197265625
4462,1191,-0.09948885440826416,9.185853004455566,-0.3407926857471466,-0.94677734375,0.0,-0.3212890625,0.0,0.5390625,0.76806640625
4463,1201,-0.05374646186828613,9.125189781188965,-0.44538527727127075,-0.9228515625,-0.035888671875,-0.3828125,0.0,0.51318359375,0.75732421875
4464,1203,-0.8466205596923828,7.032190322875977,-0.3639187812805176,-0.80908203125,0.203125,-0.55126953125,0.0,0.95751953125,0.8701171875
4465,1204,-0.8195251822471619,7.002690315246582,-0.41456079483032227,-0.56884765625,2.0265579223632812e-06,-0.822265625,0.0,0.9736328125,0.8701171875
4466,1205,-0.8466205596923828,6.973189353942871,-0.36391890048980713,-0.80908203125,-0.203125,-0.55126953125,0.0,0.96533203125,0.85595703125
4467,1206,-0.8046019673347473,7.061690330505371,-0.3929932713508606,-0.52001953125,0.40625,-0.75146484375,0.0,0.96533203125,0.88427734375
4468,1204,-0.8195251822471619,7.002690315246582,-0.41456079483032227,-0.56884765625,2.0265579223632812e-06,-0.822265625,0.0,0.9736328125,0.8701171875
4469,1203,-0.8466205596923828,7.032190322875977,-0.3639187812805176,-0.80908203125,0.203125,-0.55126953125,0.0,0.95751953125,0.8701171875
4470,1205,-0.8466205596923828,6.973189353942871,-0.36391890048980713,-0.80908203125,-0.203125,-0.55126953125,0.0,0.96533203125,0.85595703125
4471,1204,-0.8195251822471619,7.002690315246582,-0.41456079483032227,-0.56884765625,2.0265579223632812e-06,-0.822265625,0.0,0.9736328125,0.8701171875
4472,1207,-0.8046019673347473,6.943688869476318,-0.3929932713508606,-0.52001953125,-0.40625,-0.75146484375,0.0,0.98193359375,0.85595703125
4473,1208,-0.7625833749771118,7.032190322875977,-0.42206770181655884,-0.230712890625,0.203125,-0.95166015625,0.0,0.98193359375,0.88427734375
4474,1204,-0.8195251822471619,7.002690315246582,-0.41456079483032227,-0.56884765625,2.0265579223632812e-06,-0.822265625,0.0,0.9736328125,0.8701171875
4475,1206,-0.8046019673347473,7.061690330505371,-0.3929932713508606,-0.52001953125,0.40625,-0.75146484375,0.0,0.96533203125,0.88427734375
4476,1207,-0.8046019673347473,6.943688869476318,-0.3929932713508606,-0.52001953125,-0.40625,-0.75146484375,0.0,0.98193359375,0.85595703125
4477,1204,-0.8195251822471619,7.002690315246582,-0.41456079483032227,-0.56884765625,2.0265579223632812e-06,-0.822265625,0.0,0.9736328125,0.8701171875
4478,1209,-0.7625833749771118,6.973189353942871,-0.42206770181655884,-0.230712890625,-0.203125,-0.95166015625,0.0,0.98974609375,0.8701171875
4479,1209,-0.7625833749771118,6.973189353942871,-0.42206770181655884,-0.230712890625,-0.203125,-0.95166015625,0.0,0.98974609375,0.8701171875
4480,1204,-0.8195251822471619,7.002690315246582,-0.41456079483032227,-0.56884765625,2.0265579223632812e-06,-0.822265625,0.0,0.9736328125,0.8701171875
4481,1208,-0.7625833749771118,7.032190322875977,-0.42206770181655884,-0.230712890625,0.203125,-0.95166015625,0.0,0.98193359375,0.88427734375
4482,1210,-0.8466205596923828,7.416790008544922,-0.3639187812805176,-0.80908203125,0.203125,-0.55126953125,0.0,0.21435546875,0.69580078125
4483,1211,-0.8195251822471619,7.3872904777526855,-0.41456079483032227,-0.56884765625,2.682209014892578e-06,-0.822265625,0.0,0.2305908203125,0.69580078125
4484,1212,-0.8466205596923828,7.357789516448975,-0.36391890048980713,-0.80908203125,-0.203125,-0.55126953125,0.0,0.222412109375,0.681640625
4485,1213,-0.8046019673347473,7.446291446685791,-0.3929932713508606,-0.52001953125,0.40625,-0.75146484375,0.0,0.222412109375,0.7099609375
4486,1211,-0.8195251822471619,7.3872904777526855,-0.41456079483032227,-0.56884765625,2.682209014892578e-06,-0.822265625,0.0,0.2305908203125,0.69580078125
4487,1210,-0.8466205596923828,7.416790008544922,-0.3639187812805176,-0.80908203125,0.203125,-0.55126953125,0.0,0.21435546875,0.69580078125
4488,1212,-0.8466205596923828,7.357789516448975,-0.36391890048980713,-0.80908203125,-0.203125,-0.55126953125,0.0,0.222412109375,0.681640625
4489,1211,-0.8195251822471619,7.3872904777526855,-0.41456079483032227,-0.56884765625,2.682209014892578e-06,-0.822265625,0.0,0.2305908203125,0.69580078125
4490,1214,-0.8046019673347473,7.328288555145264,-0.3929932713508606,-0.52001953125,-0.40625,-0.75146484375,0.0,0.2386474609375,0.681640625
4491,1215,-0.7625833749771118,7.416790008544922,-0.42206770181655884,-0.230712890625,0.203125,-0.95166015625,0.0,0.2386474609375,0.7099609375
4492,1211,-0.8195251822471619,7.3872904777526855,-0.41456079483032227,-0.56884765625,2.682209014892578e-06,-0.822265625,0.0,0.2305908203125,0.69580078125
4493,1213,-0.8046019673347473,7.446291446685791,-0.3929932713508606,-0.52001953125,0.40625,-0.75146484375,0.0,0.222412109375,0.7099609375
4494,1214,-0.8046019673347473,7.328288555145264,-0.3929932713508606,-0.52001953125,-0.40625,-0.75146484375,0.0,0.2386474609375,0.681640625
4495,1211,-0.8195251822471619,7.3872904777526855,-0.41456079483032227,-0.56884765625,2.682209014892578e-06,-0.822265625,0.0,0.2305908203125,0.69580078125
4496,1216,-0.7625833749771118,7.357789516448975,-0.42206770181655884,-0.230712890625,-0.203125,-0.95166015625,0.0,0.246826171875,0.69580078125
4497,1216,-0.7625833749771118,7.357789516448975,-0.42206770181655884,-0.230712890625,-0.203125,-0.95166015625,0.0,0.246826171875,0.69580078125
4498,1211,-0.8195251822471619,7.3872904777526855,-0.41456079483032227,-0.56884765625,2.682209014892578e-06,-0.822265625,0.0,0.2305908203125,0.69580078125
4499,1215,-0.7625833749771118,7.416790008544922,-0.42206770181655884,-0.230712890625,0.203125,-0.95166015625,0.0,0.2386474609375,0.7099609375
4500,1217,0.2110612988471985,9.840980529785156,0.06785014271736145,0.0,1.0,0.0,0.0,0.2275390625,0.7578125
4501,1218,0.19322539865970612,9.840161323547363,0.09874255955219269,-0.011474609375,0.99951171875,0.0198822021484375,0.0,0.2347412109375,0.76220703125
4502,1219,0.22889699041843414,9.840161323547363,0.09874255955219269,0.011474609375,0.99951171875,0.0198822021484375,0.0,0.2347412109375,0.75390625
4503,1217,0.2110612988471985,9.840980529785156,0.06785014271736145,0.0,1.0,0.0,0.0,0.2275390625,0.7578125
4504,1219,0.22889699041843414,9.840161323547363,0.09874255955219269,0.011474609375,0.99951171875,0.0198822021484375,0.0,0.2347412109375,0.75390625
4505,1220,0.2467326819896698,9.840161323547363,0.06785014271736145,0.02294921875,0.99951171875,1.1086463928222656e-05,0.0,0.2275390625,0.74951171875
4506,1217,0.2110612988471985,9.840980529785156,0.06785014271736145,0.0,1.0,0.0,0.0,0.2275390625,0.7578125
4507,1221,0.17538979649543762,9.840161323547363,0.06785014271736145,-0.02294921875,0.99951171875,-1.1086463928222656e-05,0.0,0.2275390625,0.76611328125
4508,1218,0.19322539865970612,9.840161323547363,0.09874255955219269,-0.011474609375,0.99951171875,0.0198822021484375,0.0,0.2347412109375,0.76220703125
4509,1217,0.2110612988471985,9.840980529785156,0.06785014271736145,0.0,1.0,0.0,0.0,0.2275390625,0.7578125
4510,1220,0.2467326819896698,9.840161323547363,0.06785014271736145,0.02294921875,0.99951171875,1.1086463928222656e-05,0.0,0.2275390625,0.74951171875
4511,1222,0.22889699041843414,9.840161323547363,0.03695770725607872,0.011474609375,0.99951171875,-0.0198822021484375,0.0,0.220458984375,0.75390625
4512,1223,0.19322539865970612,9.840161323547363,0.03695770725607872,-0.011474609375,0.99951171875,-0.0198822021484375,0.0,0.220458984375,0.76220703125
4513,1221,0.17538979649543762,9.840161323547363,0.06785014271736145,-0.02294921875,0.99951171875,-1.1086463928222656e-05,0.0,0.2275390625,0.76611328125
4514,1217,0.2110612988471985,9.840980529785156,0.06785014271736145,0.0,1.0,0.0,0.0,0.2275390625,0.7578125
4515,1217,0.2110612988471985,9.840980529785156,0.06785014271736145,0.0,1.0,0.0,0.0,0.2275390625,0.7578125
4516,1222,0.22889699041843414,9.840161323547363,0.03695770725607872,0.011474609375,0.99951171875,-0.0198822021484375,0.0,0.220458984375,0.75390625
4517,1223,0.19322539865970612,9.840161323547363,0.03695770725607872,-0.011474609375,0.99951171875,-0.0198822021484375,0.0,0.220458984375,0.76220703125
4518,1224,0.2930116057395935,9.286322593688965,-0.21555598080158234,0.2027587890625,0.9765625,0.06939697265625,0.0,0.857421875,0.98779296875
4519,1225,0.3563466966152191,9.263043403625488,-0.24097129702568054,0.70361328125,0.6875,-0.178466796875,0.0,0.8603515625,0.970703125
4520,1226,0.3092890977859497,9.272863388061523,-0.26308080554008484,0.361083984375,0.845703125,-0.392578125,0.0,0.84814453125,0.97412109375
4521,1225,0.3563466966152191,9.263043403625488,-0.24097129702568054,0.70361328125,0.6875,-0.178466796875,0.0,0.8603515625,0.970703125
4522,1227,0.3212049901485443,9.236088752746582,-0.2978713810443878,0.476806640625,0.48828125,-0.73095703125,0.0,0.8486328125,0.95751953125
4523,1226,0.3092890977859497,9.272863388061523,-0.26308080554008484,0.361083984375,0.845703125,-0.392578125,0.0,0.84814453125,0.97412109375
4524,1225,0.3563466966152191,9.263043403625488,-0.24097129702568054,0.70361328125,0.6875,-0.178466796875,0.0,0.8603515625,0.970703125
4525,1228,0.3669179081916809,9.230420112609863,-0.27183589339256287,0.7978515625,0.39697265625,-0.453369140625,0.0,0.85986328125,0.9609375
4526,1227,0.3212049901485443,9.236088752746582,-0.2978713810443878,0.476806640625,0.48828125,-0.73095703125,0.0,0.8486328125,0.95751953125
4527,1228,0.3669179081916809,9.230420112609863,-0.27183589339256287,0.7978515625,0.39697265625,-0.453369140625,0.0,0.85986328125,0.9609375
4528,1229,0.32556647062301636,9.185853004455566,-0.3106057047843933,0.51904296875,-2.3245811462402344e-06,-0.8544921875,0.0,0.85693359375,0.943359375
4529,1227,0.3212049901485443,9.236088752746582,-0.2978713810443878,0.476806640625,0.48828125,-0.73095703125,0.0,0.8486328125,0.95751953125
4530,1228,0.3669179081916809,9.230420112609863,-0.27183589339256287,0.7978515625,0.39697265625,-0.453369140625,0.0,0.85986328125,0.9609375
4531,1230,0.37078720331192017,9.185853004455566,-0.2831330895423889,0.83251953125,-1.6689300537109375e-06,-0.55419921875,0.0,0.86474609375,0.95166015625
4532,1229,0.32556647062301636,9.185853004455566,-0.3106057047843933,0.51904296875,-2.3245811462402344e-06,-0.8544921875,0.0,0.85693359375,0.943359375
4533,1230,0.37078720331192017,9.185853004455566,-0.2831330895423889,0.83251953125,-1.6689300537109375e-06,-0.55419921875,0.0,0.86474609375,0.95166015625
4534,1231,0.3212049901485443,9.135618209838867,-0.2978713810443878,0.476806640625,-0.48828125,-0.73095703125,0.0,0.87109375,0.93505859375
4535,1229,0.32556647062301636,9.185853004455566,-0.3106057047843933,0.51904296875,-2.3245811462402344e-06,-0.8544921875,0.0,0.85693359375,0.943359375
4536,1232,0.360231876373291,9.185853004455566,-0.19253289699554443,0.9462890625,1.1920928955078125e-07,0.323974609375,0.0,0.87890625,0.96533203125
4537,1228,0.3669179081916809,9.230420112609863,-0.27183589339256287,0.7978515625,0.39697265625,-0.453369140625,0.0,0.85986328125,0.9609375
4538,1225,0.3563466966152191,9.263043403625488,-0.24097129702568054,0.70361328125,0.6875,-0.178466796875,0.0,0.8603515625,0.970703125
4539,1232,0.360231876373291,9.185853004455566,-0.19253289699554443,0.9462890625,1.1920928955078125e-07,0.323974609375,0.0,0.87890625,0.96533203125
4540,1230,0.37078720331192017,9.185853004455566,-0.2831330895423889,0.83251953125,-1.6689300537109375e-06,-0.55419921875,0.0,0.86474609375,0.95166015625
4541,1228,0.3669179081916809,9.230420112609863,-0.27183589339256287,0.7978515625,0.39697265625,-0.453369140625,0.0,0.85986328125,0.9609375
4542,1230,0.37078720331192017,9.185853004455566,-0.2831330895423889,0.83251953125,-1.6689300537109375e-06,-0.55419921875,0.0,0.86474609375,0.95166015625
4543,1233,0.3669179081916809,9.141286849975586,-0.27183589339256287,0.7978515625,-0.39697265625,-0.453369140625,0.0,0.87353515625,0.9462890625
4544,1231,0.3212049901485443,9.135618209838867,-0.2978713810443878,0.476806640625,-0.48828125,-0.73095703125,0.0,0.87109375,0.93505859375
4545,1232,0.360231876373291,9.185853004455566,-0.19253289699554443,0.9462890625,1.1920928955078125e-07,0.323974609375,0.0,0.87890625,0.96533203125
4546,1233,0.3669179081916809,9.141286849975586,-0.27183589339256287,0.7978515625,-0.39697265625,-0.453369140625,0.0,0.87353515625,0.9462890625
4547,1230,0.37078720331192017,9.185853004455566,-0.2831330895423889,0.83251953125,-1.6689300537109375e-06,-0.55419921875,0.0,0.86474609375,0.95166015625
4548,1232,0.360231876373291,9.185853004455566,-0.19253289699554443,0.9462890625,1.1920928955078125e-07,0.323974609375,0.0,0.87890625,0.96533203125
4549,1225,0.3563466966152191,9.263043403625488,-0.24097129702568054,0.70361328125,0.6875,-0.178466796875,0.0,0.8603515625,0.970703125
4550,1234,0.34190601110458374,9.274984359741211,-0.19880950450897217,0.5751953125,0.7939453125,0.197021484375,0.0,0.865234375,0.97998046875
4551,1224,0.2930116057395935,9.286322593688965,-0.21555598080158234,0.2027587890625,0.9765625,0.06939697265625,0.0,0.857421875,0.98779296875
4552,1234,0.34190601110458374,9.274984359741211,-0.19880950450897217,0.5751953125,0.7939453125,0.197021484375,0.0,0.865234375,0.97998046875
4553,1225,0.3563466966152191,9.263043403625488,-0.24097129702568054,0.70361328125,0.6875,-0.178466796875,0.0,0.8603515625,0.970703125
4554,1232,0.360231876373291,9.185853004455566,-0.19253289699554443,0.9462890625,1.1920928955078125e-07,0.323974609375,0.0,0.87890625,0.96533203125
4555,1234,0.34190601110458374,9.274984359741211,-0.19880950450897217,0.5751953125,0.7939453125,0.197021484375,0.0,0.865234375,0.97998046875
4556,1235,0.3274655044078827,9.263043403625488,-0.1566476970911026,0.446533203125,0.6875,0.57275390625,0.0,0.87451171875,0.98486328125
4557,1235,0.3274655044078827,9.263043403625488,-0.1566476970911026,0.446533203125,0.6875,0.57275390625,0.0,0.87451171875,0.98486328125
4558,1234,0.34190601110458374,9.274984359741211,-0.19880950450897217,0.5751953125,0.7939453125,0.197021484375,0.0,0.865234375,0.97998046875
4559,1224,0.2930116057395935,9.286322593688965,-0.21555598080158234,0.2027587890625,0.9765625,0.06939697265625,0.0,0.857421875,0.98779296875
4560,1233,0.3669179081916809,9.141286849975586,-0.27183589339256287,0.7978515625,-0.39697265625,-0.453369140625,0.0,0.87353515625,0.9462890625
4561,1236,0.3092890977859497,9.09884262084961,-0.26308080554008484,0.361083984375,-0.845703125,-0.392578125,0.0,0.88720703125,0.93505859375
4562,1231,0.3212049901485443,9.135618209838867,-0.2978713810443878,0.476806640625,-0.48828125,-0.73095703125,0.0,0.87109375,0.93505859375
4563,1235,0.3274655044078827,9.263043403625488,-0.1566476970911026,0.446533203125,0.6875,0.57275390625,0.0,0.87451171875,0.98486328125
4564,1224,0.2930116057395935,9.286322593688965,-0.21555598080158234,0.2027587890625,0.9765625,0.06939697265625,0.0,0.857421875,0.98779296875
4565,1237,0.27673429250717163,9.272863388061523,-0.16803118586540222,0.044464111328125,0.845703125,0.53125,0.0,0.87158203125,0.99560546875
4566,1233,0.3669179081916809,9.141286849975586,-0.27183589339256287,0.7978515625,-0.39697265625,-0.453369140625,0.0,0.87353515625,0.9462890625
4567,1238,0.3563466966152191,9.108661651611328,-0.24097129702568054,0.70361328125,-0.6875,-0.178466796875,0.0,0.8837890625,0.9462890625
4568,1236,0.3092890977859497,9.09884262084961,-0.26308080554008484,0.361083984375,-0.845703125,-0.392578125,0.0,0.88720703125,0.93505859375
4569,1232,0.360231876373291,9.185853004455566,-0.19253289699554443,0.9462890625,1.1920928955078125e-07,0.323974609375,0.0,0.87890625,0.96533203125
4570,1238,0.3563466966152191,9.108661651611328,-0.24097129702568054,0.70361328125,-0.6875,-0.178466796875,0.0,0.8837890625,0.9462890625
4571,1233,0.3669179081916809,9.141286849975586,-0.27183589339256287,0.7978515625,-0.39697265625,-0.453369140625,0.0,0.87353515625,0.9462890625
4572,1238,0.3563466966152191,9.108661651611328,-0.24097129702568054,0.70361328125,-0.6875,-0.178466796875,0.0,0.8837890625,0.9462890625
4573,1239,0.2930116057395935,9.085383415222168,-0.21555598080158234,0.2027587890625,-0.9765625,0.0694580078125,0.0,0.9013671875,0.943359375
4574,1236,0.3092890977859497,9.09884262084961,-0.26308080554008484,0.361083984375,-0.845703125,-0.392578125,0.0,0.88720703125,0.93505859375
4575,1240,0.3168942928314209,9.230420112609863,-0.12578310072422028,0.3525390625,0.39697265625,0.84765625,0.0,0.884765625,0.984375
4576,1235,0.3274655044078827,9.263043403625488,-0.1566476970911026,0.446533203125,0.6875,0.57275390625,0.0,0.87451171875,0.98486328125
4577,1237,0.27673429250717163,9.272863388061523,-0.16803118586540222,0.044464111328125,0.845703125,0.53125,0.0,0.87158203125,0.99560546875
4578,1232,0.360231876373291,9.185853004455566,-0.19253289699554443,0.9462890625,1.1920928955078125e-07,0.323974609375,0.0,0.87890625,0.96533203125
4579,1235,0.3274655044078827,9.263043403625488,-0.1566476970911026,0.446533203125,0.6875,0.57275390625,0.0,0.87451171875,0.98486328125
4580,1240,0.3168942928314209,9.230420112609863,-0.12578310072422028,0.3525390625,0.39697265625,0.84765625,0.0,0.884765625,0.984375
4581,1240,0.3168942928314209,9.230420112609863,-0.12578310072422028,0.3525390625,0.39697265625,0.84765625,0.0,0.884765625,0.984375
4582,1237,0.27673429250717163,9.272863388061523,-0.16803118586540222,0.044464111328125,0.845703125,0.53125,0.0,0.87158203125,0.99560546875
4583,1241,0.26481831073760986,9.236088752746582,-0.1332406997680664,-0.07135009765625,0.48828125,0.86962890625,0.0,0.8876953125,0.99560546875
4584,1238,0.3563466966152191,9.108661651611328,-0.24097129702568054,0.70361328125,-0.6875,-0.178466796875,0.0,0.8837890625,0.9462890625
4585,1242,0.34190601110458374,9.096719741821289,-0.19880950450897217,0.5751953125,-0.7939453125,0.197021484375,0.0,0.89306640625,0.951171875
4586,1239,0.2930116057395935,9.085383415222168,-0.21555598080158234,0.2027587890625,-0.9765625,0.0694580078125,0.0,0.9013671875,0.943359375
4587,1232,0.360231876373291,9.185853004455566,-0.19253289699554443,0.9462890625,1.1920928955078125e-07,0.323974609375,0.0,0.87890625,0.96533203125
4588,1242,0.34190601110458374,9.096719741821289,-0.19880950450897217,0.5751953125,-0.7939453125,0.197021484375,0.0,0.89306640625,0.951171875
4589,1238,0.3563466966152191,9.108661651611328,-0.24097129702568054,0.70361328125,-0.6875,-0.178466796875,0.0,0.8837890625,0.9462890625
4590,1242,0.34190601110458374,9.096719741821289,-0.19880950450897217,0.5751953125,-0.7939453125,0.197021484375,0.0,0.89306640625,0.951171875
4591,1243,0.27673420310020447,9.09884262084961,-0.16803118586540222,0.044464111328125,-0.845703125,0.53125,0.0,0.90966796875,0.95703125
4592,1239,0.2930116057395935,9.085383415222168,-0.21555598080158234,0.2027587890625,-0.9765625,0.0694580078125,0.0,0.9013671875,0.943359375
4593,1244,0.31302499771118164,9.185853004455566,-0.11448579281568527,0.31787109375,0.0,0.9482421875,0.0,0.8935546875,0.97900390625
4594,1240,0.3168942928314209,9.230420112609863,-0.12578310072422028,0.3525390625,0.39697265625,0.84765625,0.0,0.884765625,0.984375
4595,1241,0.26481831073760986,9.236088752746582,-0.1332406997680664,-0.07135009765625,0.48828125,0.86962890625,0.0,0.8876953125,0.99560546875
4596,1232,0.360231876373291,9.185853004455566,-0.19253289699554443,0.9462890625,1.1920928955078125e-07,0.323974609375,0.0,0.87890625,0.96533203125
4597,1240,0.3168942928314209,9.230420112609863,-0.12578310072422028,0.3525390625,0.39697265625,0.84765625,0.0,0.884765625,0.984375
4598,1244,0.31302499771118164,9.185853004455566,-0.11448579281568527,0.31787109375,0.0,0.9482421875,0.0,0.8935546875,0.97900390625
4599,1244,0.31302499771118164,9.185853004455566,-0.11448579281568527,0.31787109375,0.0,0.9482421875,0.0,0.8935546875,0.97900390625
4600,1241,0.26481831073760986,9.236088752746582,-0.1332406997680664,-0.07135009765625,0.48828125,0.86962890625,0.0,0.8876953125,0.99560546875
4601,1245,0.26045677065849304,9.185853004455566,-0.12050629407167435,-0.11376953125,-2.980232238769531e-07,0.99365234375,0.0,0.9013671875,0.9873046875
4602,1242,0.34190601110458374,9.096719741821289,-0.19880950450897217,0.5751953125,-0.7939453125,0.197021484375,0.0,0.89306640625,0.951171875
4603,1246,0.3274655044078827,9.108661651611328,-0.1566476970911026,0.446533203125,-0.6875,0.57275390625,0.0,0.8984375,0.9599609375
4604,1243,0.27673420310020447,9.09884262084961,-0.16803118586540222,0.044464111328125,-0.845703125,0.53125,0.0,0.90966796875,0.95703125
4605,1232,0.360231876373291,9.185853004455566,-0.19253289699554443,0.9462890625,1.1920928955078125e-07,0.323974609375,0.0,0.87890625,0.96533203125
4606,1246,0.3274655044078827,9.108661651611328,-0.1566476970911026,0.446533203125,-0.6875,0.57275390625,0.0,0.8984375,0.9599609375
4607,1242,0.34190601110458374,9.096719741821289,-0.19880950450897217,0.5751953125,-0.7939453125,0.197021484375,0.0,0.89306640625,0.951171875
4608,1246,0.3274655044078827,9.108661651611328,-0.1566476970911026,0.446533203125,-0.6875,0.57275390625,0.0,0.8984375,0.9599609375
4609,1247,0.26481831073760986,9.135618209838867,-0.1332406997680664,-0.07135009765625,-0.48828125,0.86962890625,0.0,0.90966796875,0.9736328125
4610,1243,0.27673420310020447,9.09884262084961,-0.16803118586540222,0.044464111328125,-0.845703125,0.53125,0.0,0.90966796875,0.95703125
4611,1232,0.360231876373291,9.185853004455566,-0.19253289699554443,0.9462890625,1.1920928955078125e-07,0.323974609375,0.0,0.87890625,0.96533203125
4612,1244,0.31302499771118164,9.185853004455566,-0.11448579281568527,0.31787109375,0.0,0.9482421875,0.0,0.8935546875,0.97900390625
4613,1248,0.3168942928314209,9.141286849975586,-0.12578310072422028,0.3525390625,-0.39697265625,0.84765625,0.0,0.8984375,0.97021484375
4614,1248,0.3168942928314209,9.141286849975586,-0.12578310072422028,0.3525390625,-0.39697265625,0.84765625,0.0,0.8984375,0.97021484375
4615,1244,0.31302499771118164,9.185853004455566,-0.11448579281568527,0.31787109375,0.0,0.9482421875,0.0,0.8935546875,0.97900390625
4616,1245,0.26045677065849304,9.185853004455566,-0.12050629407167435,-0.11376953125,-2.980232238769531e-07,0.99365234375,0.0,0.9013671875,0.9873046875
4617,1232,0.360231876373291,9.185853004455566,-0.19253289699554443,0.9462890625,1.1920928955078125e-07,0.323974609375,0.0,0.87890625,0.96533203125
4618,1248,0.3168942928314209,9.141286849975586,-0.12578310072422028,0.3525390625,-0.39697265625,0.84765625,0.0,0.8984375,0.97021484375
4619,1246,0.3274655044078827,9.108661651611328,-0.1566476970911026,0.446533203125,-0.6875,0.57275390625,0.0,0.8984375,0.9599609375
4620,1246,0.3274655044078827,9.108661651611328,-0.1566476970911026,0.446533203125,-0.6875,0.57275390625,0.0,0.8984375,0.9599609375
4621,1248,0.3168942928314209,9.141286849975586,-0.12578310072422028,0.3525390625,-0.39697265625,0.84765625,0.0,0.8984375,0.97021484375
4622,1247,0.26481831073760986,9.135618209838867,-0.1332406997680664,-0.07135009765625,-0.48828125,0.86962890625,0.0,0.90966796875,0.9736328125
4623,1248,0.3168942928314209,9.141286849975586,-0.12578310072422028,0.3525390625,-0.39697265625,0.84765625,0.0,0.8984375,0.97021484375
4624,1245,0.26045677065849304,9.185853004455566,-0.12050629407167435,-0.11376953125,-2.980232238769531e-07,0.99365234375,0.0,0.9013671875,0.9873046875
4625,1247,0.26481831073760986,9.135618209838867,-0.1332406997680664,-0.07135009765625,-0.48828125,0.86962890625,0.0,0.90966796875,0.9736328125
4626,1249,-0.19186709821224213,9.841325759887695,-0.0709223598241806,0.0,1.0,0.0,0.0,0.22705078125,0.78466796875
4627,1250,-0.20970289409160614,9.840506553649902,-0.04002993926405907,-0.011474609375,0.99951171875,0.0198974609375,0.0,0.2342529296875,0.78857421875
4628,1251,-0.17403139173984528,9.840506553649902,-0.04002993926405907,0.011474609375,0.99951171875,0.0198822021484375,0.0,0.2342529296875,0.7802734375
4629,1249,-0.19186709821224213,9.841325759887695,-0.0709223598241806,0.0,1.0,0.0,0.0,0.22705078125,0.78466796875
4630,1251,-0.17403139173984528,9.840506553649902,-0.04002993926405907,0.011474609375,0.99951171875,0.0198822021484375,0.0,0.2342529296875,0.7802734375
4631,1252,-0.15619570016860962,9.840506553649902,-0.0709223598241806,0.02294921875,0.99951171875,0.0,0.0,0.22705078125,0.7763671875
4632,1249,-0.19186709821224213,9.841325759887695,-0.0709223598241806,0.0,1.0,0.0,0.0,0.22705078125,0.78466796875
4633,1253,-0.227538600564003,9.840506553649902,-0.0709223598241806,-0.02294921875,0.99951171875,0.0,0.0,0.22705078125,0.79296875
4634,1250,-0.20970289409160614,9.840506553649902,-0.04002993926405907,-0.011474609375,0.99951171875,0.0198974609375,0.0,0.2342529296875,0.78857421875
4635,1249,-0.19186709821224213,9.841325759887695,-0.0709223598241806,0.0,1.0,0.0,0.0,0.22705078125,0.78466796875
4636,1252,-0.15619570016860962,9.840506553649902,-0.0709223598241806,0.02294921875,0.99951171875,0.0,0.0,0.22705078125,0.7763671875
4637,1254,-0.17403139173984528,9.840506553649902,-0.10181479901075363,0.011474609375,0.99951171875,-0.0198822021484375,0.0,0.219970703125,0.7802734375
4638,1255,-0.20970289409160614,9.840506553649902,-0.10181479901075363,-0.011474609375,0.99951171875,-0.0198974609375,0.0,0.219970703125,0.78857421875
4639,1253,-0.227538600564003,9.840506553649902,-0.0709223598241806,-0.02294921875,0.99951171875,0.0,0.0,0.22705078125,0.79296875
4640,1249,-0.19186709821224213,9.841325759887695,-0.0709223598241806,0.0,1.0,0.0,0.0,0.22705078125,0.78466796875
4641,1249,-0.19186709821224213,9.841325759887695,-0.0709223598241806,0.0,1.0,0.0,0.0,0.22705078125,0.78466796875
4642,1254,-0.17403139173984528,9.840506553649902,-0.10181479901075363,0.011474609375,0.99951171875,-0.0198822021484375,0.0,0.219970703125,0.7802734375
4643,1255,-0.20970289409160614,9.840506553649902,-0.10181479901075363,-0.011474609375,0.99951171875,-0.0198974609375,0.0,0.219970703125,0.78857421875
